# Created by FreeCAD <https://www.freecad.org>
v 10.986263 -0.549572 0.000000
v 10.986263 0.549572 0.000000
v 10.986263 -0.549572 2.000000
v 10.986263 0.549572 2.000000
v 10.789998 0.622562 1.894737
v 10.487701 0.712826 2.000000
v 10.612617 0.678964 1.894737
v 10.789998 0.622562 1.684211
v 10.455214 0.720786 1.894737
v 10.612617 0.678964 1.684211
v 10.789998 0.622562 1.473684
v 10.318727 0.750099 1.894737
v 10.201478 0.769372 2.000000
v 10.455214 0.720786 1.684211
v 10.203945 0.769030 1.894737
v 10.612617 0.678964 1.473684
v 10.789998 0.622562 1.263158
v 10.111499 0.779747 1.894737
v 9.969173 0.784591 2.000000
v 10.318727 0.750099 1.684211
v 10.041859 0.784456 1.894737
v 10.455214 0.720786 1.473684
v 10.203945 0.769030 1.684211
v 10.612617 0.678964 1.263158
v 10.789998 0.622562 1.052632
v 10.111499 0.779747 1.684211
v 10.318727 0.750099 1.473684
v 10.041859 0.784456 1.684211
v 10.455214 0.720786 1.263158
v 10.203945 0.769030 1.473684
v 10.612617 0.678964 1.052632
v 10.789998 0.622562 0.842105
v 10.111499 0.779747 1.473684
v 10.318727 0.750099 1.263158
v 10.041859 0.784456 1.473684
v 10.455214 0.720786 1.052632
v 10.203945 0.769030 1.263158
v 10.612617 0.678964 0.842105
v 10.789998 0.622562 0.631579
v 10.111499 0.779747 1.263158
v 10.318727 0.750099 1.052632
v 10.041859 0.784456 1.263158
v 10.455214 0.720786 0.842105
v 10.203945 0.769030 1.052632
v 10.612617 0.678964 0.631579
v 10.789998 0.622562 0.421053
v 10.111499 0.779747 1.052632
v 10.318727 0.750099 0.842105
v 10.041859 0.784456 1.052632
v 9.969173 0.784591 0.000000
v 10.455214 0.720786 0.631579
v 10.203945 0.769030 0.842105
v 10.612617 0.678964 0.421053
v 10.789998 0.622562 0.210526
v 10.111499 0.779747 0.842105
v 10.318727 0.750099 0.631579
v 10.487701 0.712826 0.000000
v 10.789998 0.622562 0.105263
v 10.041859 0.784456 0.842105
v 10.455214 0.720786 0.421053
v 10.203945 0.769030 0.631579
v 10.612617 0.678964 0.210526
v 10.111499 0.779747 0.631579
v 10.318727 0.750099 0.421053
v 10.612617 0.678964 0.105263
v 10.041859 0.784456 0.631579
v 10.455214 0.720786 0.210526
v 10.203945 0.769030 0.421053
v 10.455214 0.720786 0.105263
v 10.111499 0.779747 0.421053
v 10.318727 0.750099 0.210526
v 10.041859 0.784456 0.421053
v 10.201478 0.769372 0.000000
v 10.318727 0.750099 0.105263
v 10.203945 0.769030 0.210526
v 10.111499 0.779747 0.210526
v 10.203945 0.769030 0.105263
v 10.041859 0.784456 0.210526
v 10.111499 0.779747 0.105263
v 10.041859 0.784456 0.105263
v 8.723026 0.686517 0.000000
v 8.723026 0.686517 2.000000
v 8.508237 2.042647 0.000000
v 8.508237 2.042647 2.000000
v 9.723700 2.334454 0.000000
v 9.723700 2.334454 2.000000
v 9.822630 2.368572 1.894737
v 9.940159 2.420824 2.000000
v 9.768147 2.348200 1.894737
v 9.897455 2.400703 1.894737
v 9.768147 2.348200 1.684211
v 9.991568 2.446581 1.894737
v 9.822630 2.368572 1.684211
v 9.897455 2.400703 1.684211
v 10.103765 2.508116 1.894737
v 10.194673 2.562940 2.000000
v 9.768147 2.348200 1.473684
v 9.991568 2.446581 1.684211
v 9.822630 2.368572 1.473684
v 10.232712 2.587136 1.894737
v 9.897455 2.400703 1.473684
v 10.103765 2.508116 1.684211
v 9.768147 2.348200 1.263158
v 9.991568 2.446581 1.473684
v 9.822630 2.368572 1.263158
v 10.376934 2.685367 1.894737
v 10.618384 2.872268 2.000000
v 10.232712 2.587136 1.684211
v 9.897455 2.400703 1.263158
v 10.103765 2.508116 1.473684
v 9.768147 2.348200 1.052632
v 9.991568 2.446581 1.263158
v 10.534836 2.804439 1.894737
v 9.822630 2.368572 1.052632
v 10.376934 2.685367 1.684211
v 10.232712 2.587136 1.473684
v 9.897455 2.400703 1.052632
v 10.103765 2.508116 1.263158
v 9.768147 2.348200 0.842105
v 9.991568 2.446581 1.052632
v 10.534836 2.804439 1.684211
v 9.822630 2.368572 0.842105
v 10.376934 2.685367 1.473684
v 10.232712 2.587136 1.263158
v 9.897455 2.400703 0.842105
v 10.103765 2.508116 1.052632
v 9.768147 2.348200 0.631579
v 9.991568 2.446581 0.842105
v 10.534836 2.804439 1.473684
v 9.822630 2.368572 0.631579
v 10.376934 2.685367 1.263158
v 10.232712 2.587136 1.052632
v 9.897455 2.400703 0.631579
v 10.103765 2.508116 0.842105
v 9.768147 2.348200 0.421053
v 9.991568 2.446581 0.631579
v 10.534836 2.804439 1.263158
v 9.822630 2.368572 0.421053
v 10.376934 2.685367 1.052632
v 10.232712 2.587136 0.842105
v 9.897455 2.400703 0.421053
v 10.103765 2.508116 0.631579
v 9.768147 2.348200 0.210526
v 9.991568 2.446581 0.421053
v 10.534836 2.804439 1.052632
v 10.618384 2.872268 0.000000
v 9.822630 2.368572 0.210526
v 10.376934 2.685367 0.842105
v 10.232712 2.587136 0.631579
v 9.768147 2.348200 0.105263
v 9.897455 2.400703 0.210526
v 10.103765 2.508116 0.421053
v 9.940159 2.420824 0.000000
v 9.822630 2.368572 0.105263
v 9.991568 2.446581 0.210526
v 9.897455 2.400703 0.105263
v 10.534836 2.804439 0.842105
v 10.376934 2.685367 0.631579
v 10.232712 2.587136 0.421053
v 9.991568 2.446581 0.105263
v 10.103765 2.508116 0.210526
v 10.534836 2.804439 0.631579
v 10.194673 2.562940 0.000000
v 10.103765 2.508116 0.105263
v 10.376934 2.685367 0.421053
v 10.232712 2.587136 0.210526
v 10.232712 2.587136 0.105263
v 10.534836 2.804439 0.421053
v 10.376934 2.685367 0.210526
v 10.376934 2.685367 0.105263
v 10.534836 2.804439 0.210526
v 10.534836 2.804439 0.105263
v 10.278729 3.917616 0.000000
v 10.278729 3.917616 2.000000
v 10.069515 3.926384 1.894737
v 9.754121 3.918816 2.000000
v 9.883388 3.925213 1.894737
v 10.069515 3.926384 1.684211
v 9.720764 3.916347 1.894737
v 9.883388 3.925213 1.684211
v 10.069515 3.926384 1.473684
v 9.581900 3.902049 1.894737
v 9.464434 3.884147 2.000000
v 9.720764 3.916347 1.684211
v 9.466886 3.884583 1.894737
v 9.883388 3.925213 1.473684
v 10.069515 3.926384 1.263158
v 9.375651 3.866209 1.894737
v 9.238795 3.826834 2.000000
v 9.581900 3.902049 1.684211
v 9.307964 3.849167 1.894737
v 9.720764 3.916347 1.473684
v 9.466886 3.884583 1.684211
v 9.883388 3.925213 1.263158
v 10.069515 3.926384 1.052632
v 9.375651 3.866209 1.684211
v 9.581900 3.902049 1.473684
v 9.307964 3.849167 1.684211
v 9.720764 3.916347 1.263158
v 9.466886 3.884583 1.473684
v 9.883388 3.925213 1.052632
v 10.069515 3.926384 0.842105
v 9.375651 3.866209 1.473684
v 9.581900 3.902049 1.263158
v 9.307964 3.849167 1.473684
v 9.720764 3.916347 1.052632
v 9.466886 3.884583 1.263158
v 9.883388 3.925213 0.842105
v 10.069515 3.926384 0.631579
v 9.375651 3.866209 1.263158
v 9.581900 3.902049 1.052632
v 9.307964 3.849167 1.263158
v 9.720764 3.916347 0.842105
v 9.466886 3.884583 1.052632
v 9.883388 3.925213 0.631579
v 10.069515 3.926384 0.421053
v 9.375651 3.866209 1.052632
v 9.581900 3.902049 0.842105
v 9.307964 3.849167 1.052632
v 9.238795 3.826834 0.000000
v 9.720764 3.916347 0.631579
v 9.466886 3.884583 0.842105
v 9.883388 3.925213 0.421053
v 10.069515 3.926384 0.210526
v 9.375651 3.866209 0.842105
v 9.581900 3.902049 0.631579
v 9.754121 3.918816 0.000000
v 10.069515 3.926384 0.105263
v 9.307964 3.849167 0.842105
v 9.720764 3.916347 0.421053
v 9.466886 3.884583 0.631579
v 9.883388 3.925213 0.210526
v 9.375651 3.866209 0.631579
v 9.581900 3.902049 0.421053
v 9.883388 3.925213 0.105263
v 9.307964 3.849167 0.631579
v 9.720764 3.916347 0.210526
v 9.466886 3.884583 0.421053
v 9.720764 3.916347 0.105263
v 9.375651 3.866209 0.421053
v 9.581900 3.902049 0.210526
v 9.307964 3.849167 0.421053
v 9.464434 3.884147 0.000000
v 9.581900 3.902049 0.105263
v 9.466886 3.884583 0.210526
v 9.375651 3.866209 0.210526
v 9.466886 3.884583 0.105263
v 9.307964 3.849167 0.210526
v 9.375651 3.866209 0.105263
v 9.307964 3.849167 0.105263
v 8.083946 3.348480 0.000000
v 8.083946 3.348480 2.000000
v 7.460601 4.571862 0.000000
v 7.460601 4.571862 2.000000
v 8.526402 5.224986 0.000000
v 8.526402 5.224986 2.000000
v 8.609947 5.288005 1.894737
v 8.705577 5.374018 2.000000
v 8.564426 5.251794 1.894737
v 8.671182 5.341686 1.894737
v 8.564426 5.251794 1.684211
v 8.746511 5.414401 1.894737
v 8.609947 5.288005 1.684211
v 8.671182 5.341686 1.684211
v 8.834202 5.507596 1.894737
v 8.903717 5.587827 2.000000
v 8.564426 5.251794 1.473684
v 8.746511 5.414401 1.684211
v 8.609947 5.288005 1.473684
v 8.932419 5.622594 1.894737
v 8.671182 5.341686 1.473684
v 8.834202 5.507596 1.684211
v 8.564426 5.251794 1.263158
v 8.746511 5.414401 1.473684
v 8.609947 5.288005 1.263158
v 9.039227 5.760585 1.894737
v 9.211103 6.012950 2.000000
v 8.932419 5.622594 1.684211
v 8.671182 5.341686 1.263158
v 8.834202 5.507596 1.473684
v 8.564426 5.251794 1.052632
v 8.746511 5.414401 1.263158
v 9.152605 5.922623 1.894737
v 8.609947 5.288005 1.052632
v 9.039227 5.760585 1.684211
v 8.932419 5.622594 1.473684
v 8.671182 5.341686 1.052632
v 8.834202 5.507596 1.263158
v 8.564426 5.251794 0.842105
v 8.746511 5.414401 1.052632
v 9.152605 5.922623 1.684211
v 8.609947 5.288005 0.842105
v 9.039227 5.760585 1.473684
v 8.932419 5.622594 1.263158
v 8.671182 5.341686 0.842105
v 8.834202 5.507596 1.052632
v 8.564426 5.251794 0.631579
v 8.746511 5.414401 0.842105
v 9.152605 5.922623 1.473684
v 8.609947 5.288005 0.631579
v 9.039227 5.760585 1.263158
v 8.932419 5.622594 1.052632
v 8.671182 5.341686 0.631579
v 8.834202 5.507596 0.842105
v 8.564426 5.251794 0.421053
v 8.746511 5.414401 0.631579
v 9.152605 5.922623 1.263158
v 8.609947 5.288005 0.421053
v 9.039227 5.760585 1.052632
v 8.932419 5.622594 0.842105
v 8.671182 5.341686 0.421053
v 8.834202 5.507596 0.631579
v 8.564426 5.251794 0.210526
v 8.746511 5.414401 0.421053
v 9.152605 5.922623 1.052632
v 9.211103 6.012950 0.000000
v 8.609947 5.288005 0.210526
v 9.039227 5.760585 0.842105
v 8.932419 5.622594 0.631579
v 8.564426 5.251794 0.105263
v 8.671182 5.341686 0.210526
v 8.834202 5.507596 0.421053
v 8.705577 5.374018 0.000000
v 8.609947 5.288005 0.105263
v 8.746511 5.414401 0.210526
v 8.671182 5.341686 0.105263
v 9.152605 5.922623 0.842105
v 9.039227 5.760585 0.631579
v 8.932419 5.622594 0.421053
v 8.746511 5.414401 0.105263
v 8.834202 5.507596 0.210526
v 9.152605 5.922623 0.631579
v 8.903717 5.587827 0.000000
v 8.834202 5.507596 0.105263
v 9.039227 5.760585 0.421053
v 8.932419 5.622594 0.210526
v 8.932419 5.622594 0.105263
v 9.152605 5.922623 0.421053
v 9.039227 5.760585 0.210526
v 9.039227 5.760585 0.105263
v 9.152605 5.922623 0.210526
v 9.152605 5.922623 0.105263
v 8.565042 6.902176 0.000000
v 8.565042 6.902176 2.000000
v 8.363358 6.845865 1.894737
v 8.065740 6.741205 2.000000
v 8.186703 6.787234 1.894737
v 8.363358 6.845865 1.684211
v 8.034778 6.728549 1.894737
v 8.186703 6.787234 1.684211
v 8.363358 6.845865 1.473684
v 7.907128 6.672039 1.894737
v 7.800944 6.618714 2.000000
v 8.034778 6.728549 1.684211
v 7.803141 6.619887 1.894737
v 8.186703 6.787234 1.473684
v 8.363358 6.845865 1.263158
v 7.722051 6.574219 1.894737
v 7.604060 6.494481 2.000000
v 7.907128 6.672039 1.684211
v 7.662942 6.537095 1.894737
v 8.034778 6.728549 1.473684
v 7.803141 6.619887 1.684211
v 8.186703 6.787234 1.263158
v 8.363358 6.845865 1.052632
v 7.722051 6.574219 1.684211
v 7.907128 6.672039 1.473684
v 7.662942 6.537095 1.684211
v 8.034778 6.728549 1.263158
v 7.803141 6.619887 1.473684
v 8.186703 6.787234 1.052632
v 8.363358 6.845865 0.842105
v 7.722051 6.574219 1.473684
v 7.907128 6.672039 1.263158
v 7.662942 6.537095 1.473684
v 8.034778 6.728549 1.052632
v 7.803141 6.619887 1.263158
v 8.186703 6.787234 0.842105
v 8.363358 6.845865 0.631579
v 7.722051 6.574219 1.263158
v 7.907128 6.672039 1.052632
v 7.662942 6.537095 1.263158
v 8.034778 6.728549 0.842105
v 7.803141 6.619887 1.052632
v 8.186703 6.787234 0.631579
v 8.363358 6.845865 0.421053
v 7.722051 6.574219 1.052632
v 7.907128 6.672039 0.842105
v 7.662942 6.537095 1.052632
v 7.604060 6.494481 0.000000
v 8.034778 6.728549 0.631579
v 7.803141 6.619887 0.842105
v 8.186703 6.787234 0.421053
v 8.363358 6.845865 0.210526
v 7.722051 6.574219 0.842105
v 7.907128 6.672039 0.631579
v 8.065740 6.741205 0.000000
v 8.363358 6.845865 0.105263
v 7.662942 6.537095 0.842105
v 8.034778 6.728549 0.421053
v 7.803141 6.619887 0.631579
v 8.186703 6.787234 0.210526
v 7.722051 6.574219 0.631579
v 7.907128 6.672039 0.421053
v 8.186703 6.787234 0.105263
v 7.662942 6.537095 0.631579
v 8.034778 6.728549 0.210526
v 7.803141 6.619887 0.421053
v 8.034778 6.728549 0.105263
v 7.722051 6.574219 0.421053
v 7.907128 6.672039 0.210526
v 7.662942 6.537095 0.421053
v 7.800944 6.618714 0.000000
v 7.907128 6.672039 0.105263
v 7.803141 6.619887 0.210526
v 7.722051 6.574219 0.210526
v 7.803141 6.619887 0.105263
v 7.662942 6.537095 0.210526
v 7.722051 6.574219 0.105263
v 7.662942 6.537095 0.105263
v 6.653552 5.682671 0.000000
v 6.653552 5.682671 2.000000
v 5.682671 6.653552 0.000000
v 5.682671 6.653552 2.000000
v 6.494481 7.604060 0.000000
v 6.494481 7.604060 2.000000
v 6.554462 7.689812 1.894737
v 6.618833 7.801166 2.000000
v 6.522360 7.641307 1.894737
v 6.596112 7.759788 1.894737
v 6.522360 7.641307 1.684211
v 6.645284 7.852221 1.894737
v 6.554462 7.689812 1.684211
v 6.596112 7.759788 1.684211
v 6.699884 7.967953 1.894737
v 6.741205 8.065740 2.000000
v 6.522360 7.641307 1.473684
v 6.645284 7.852221 1.684211
v 6.554462 7.689812 1.473684
v 6.757758 8.107674 1.894737
v 6.596112 7.759788 1.473684
v 6.699884 7.967953 1.684211
v 6.522360 7.641307 1.263158
v 6.645284 7.852221 1.473684
v 6.554462 7.689812 1.263158
v 6.816697 8.271917 1.894737
v 6.902176 8.565042 2.000000
v 6.757758 8.107674 1.684211
v 6.596112 7.759788 1.263158
v 6.699884 7.967953 1.473684
v 6.522360 7.641307 1.052632
v 6.645284 7.852221 1.263158
v 6.874454 8.461060 1.894737
v 6.554462 7.689812 1.052632
v 6.816697 8.271917 1.684211
v 6.757758 8.107674 1.473684
v 6.596112 7.759788 1.052632
v 6.699884 7.967953 1.263158
v 6.522360 7.641307 0.842105
v 6.645284 7.852221 1.052632
v 6.874454 8.461060 1.684211
v 6.554462 7.689812 0.842105
v 6.816697 8.271917 1.473684
v 6.757758 8.107674 1.263158
v 6.596112 7.759788 0.842105
v 6.699884 7.967953 1.052632
v 6.522360 7.641307 0.631579
v 6.645284 7.852221 0.842105
v 6.874454 8.461060 1.473684
v 6.554462 7.689812 0.631579
v 6.816697 8.271917 1.263158
v 6.757758 8.107674 1.052632
v 6.596112 7.759788 0.631579
v 6.699884 7.967953 0.842105
v 6.522360 7.641307 0.421053
v 6.645284 7.852221 0.631579
v 6.874454 8.461060 1.263158
v 6.554462 7.689812 0.421053
v 6.816697 8.271917 1.052632
v 6.757758 8.107674 0.842105
v 6.596112 7.759788 0.421053
v 6.699884 7.967953 0.631579
v 6.522360 7.641307 0.210526
v 6.645284 7.852221 0.421053
v 6.874454 8.461060 1.052632
v 6.902176 8.565042 0.000000
v 6.554462 7.689812 0.210526
v 6.816697 8.271917 0.842105
v 6.757758 8.107674 0.631579
v 6.522360 7.641307 0.105263
v 6.596112 7.759788 0.210526
v 6.699884 7.967953 0.421053
v 6.618833 7.801166 0.000000
v 6.554462 7.689812 0.105263
v 6.645284 7.852221 0.210526
v 6.596112 7.759788 0.105263
v 6.874454 8.461060 0.842105
v 6.816697 8.271917 0.631579
v 6.757758 8.107674 0.421053
v 6.645284 7.852221 0.105263
v 6.699884 7.967953 0.210526
v 6.874454 8.461060 0.631579
v 6.741205 8.065740 0.000000
v 6.699884 7.967953 0.105263
v 6.816697 8.271917 0.421053
v 6.757758 8.107674 0.210526
v 6.757758 8.107674 0.105263
v 6.874454 8.461060 0.421053
v 6.816697 8.271917 0.210526
v 6.816697 8.271917 0.105263
v 6.874454 8.461060 0.210526
v 6.874454 8.461060 0.105263
v 6.012950 9.211103 0.000000
v 6.012950 9.211103 2.000000
v 5.838538 9.095224 1.894737
v 5.587827 8.903717 2.000000
v 5.688646 8.984873 1.894737
v 5.838538 9.095224 1.684211
v 5.562292 8.882113 1.894737
v 5.688646 8.984873 1.684211
v 5.838538 9.095224 1.473684
v 5.458353 8.788923 1.894737
v 5.373843 8.705395 2.000000
v 5.562292 8.882113 1.684211
v 5.375571 8.707190 1.894737
v 5.688646 8.984873 1.473684
v 5.838538 9.095224 1.263158
v 5.312562 8.638699 1.894737
v 5.224986 8.526402 2.000000
v 5.458353 8.788923 1.684211
v 5.267818 8.585126 1.894737
v 5.562292 8.882113 1.473684
v 5.375571 8.707190 1.684211
v 5.688646 8.984873 1.263158
v 5.838538 9.095224 1.052632
v 5.312562 8.638699 1.684211
v 5.458353 8.788923 1.473684
v 5.267818 8.585126 1.684211
v 5.562292 8.882113 1.263158
v 5.375571 8.707190 1.473684
v 5.688646 8.984873 1.052632
v 5.838538 9.095224 0.842105
v 5.312562 8.638699 1.473684
v 5.458353 8.788923 1.263158
v 5.267818 8.585126 1.473684
v 5.562292 8.882113 1.052632
v 5.375571 8.707190 1.263158
v 5.688646 8.984873 0.842105
v 5.838538 9.095224 0.631579
v 5.312562 8.638699 1.263158
v 5.458353 8.788923 1.052632
v 5.267818 8.585126 1.263158
v 5.562292 8.882113 0.842105
v 5.375571 8.707190 1.052632
v 5.688646 8.984873 0.631579
v 5.838538 9.095224 0.421053
v 5.312562 8.638699 1.052632
v 5.458353 8.788923 0.842105
v 5.267818 8.585126 1.052632
v 5.224986 8.526402 0.000000
v 5.562292 8.882113 0.631579
v 5.375571 8.707190 0.842105
v 5.688646 8.984873 0.421053
v 5.838538 9.095224 0.210526
v 5.312562 8.638699 0.842105
v 5.458353 8.788923 0.631579
v 5.587827 8.903717 0.000000
v 5.838538 9.095224 0.105263
v 5.267818 8.585126 0.842105
v 5.562292 8.882113 0.421053
v 5.375571 8.707190 0.631579
v 5.688646 8.984873 0.210526
v 5.312562 8.638699 0.631579
v 5.458353 8.788923 0.421053
v 5.688646 8.984873 0.105263
v 5.267818 8.585126 0.631579
v 5.562292 8.882113 0.210526
v 5.375571 8.707190 0.421053
v 5.562292 8.882113 0.105263
v 5.312562 8.638699 0.421053
v 5.458353 8.788923 0.210526
v 5.267818 8.585126 0.421053
v 5.373843 8.705395 0.000000
v 5.458353 8.788923 0.105263
v 5.375571 8.707190 0.210526
v 5.312562 8.638699 0.210526
v 5.375571 8.707190 0.105263
v 5.267818 8.585126 0.210526
v 5.312562 8.638699 0.105263
v 5.267818 8.585126 0.105263
v 4.571862 7.460601 0.000000
v 4.571862 7.460601 2.000000
v 3.348480 8.083946 0.000000
v 3.348480 8.083946 2.000000
v 3.826834 9.238795 0.000000
v 3.826834 9.238795 2.000000
v 3.866209 9.375651 1.894737
v 3.884191 9.464682 2.000000
v 3.849167 9.307964 1.894737
v 3.884583 9.466886 1.894737
v 3.849167 9.307964 1.684211
v 3.902049 9.581900 1.894737
v 3.918816 9.754121 2.000000
v 3.866209 9.375651 1.684211
v 3.884583 9.466886 1.684211
v 3.916347 9.720764 1.894737
v 3.849167 9.307964 1.473684
v 3.902049 9.581900 1.684211
v 3.866209 9.375651 1.473684
v 3.925213 9.883388 1.894737
v 3.884583 9.466886 1.473684
v 3.916347 9.720764 1.684211
v 3.849167 9.307964 1.263158
v 3.902049 9.581900 1.473684
v 3.866209 9.375651 1.263158
v 3.926384 10.069515 1.894737
v 3.917616 10.278729 2.000000
v 3.925213 9.883388 1.684211
v 3.884583 9.466886 1.263158
v 3.916347 9.720764 1.473684
v 3.849167 9.307964 1.052632
v 3.902049 9.581900 1.263158
v 3.866209 9.375651 1.052632
v 3.926384 10.069515 1.684211
v 3.925213 9.883388 1.473684
v 3.884583 9.466886 1.052632
v 3.916347 9.720764 1.263158
v 3.849167 9.307964 0.842105
v 3.902049 9.581900 1.052632
v 3.866209 9.375651 0.842105
v 3.926384 10.069515 1.473684
v 3.925213 9.883388 1.263158
v 3.884583 9.466886 0.842105
v 3.916347 9.720764 1.052632
v 3.849167 9.307964 0.631579
v 3.902049 9.581900 0.842105
v 3.866209 9.375651 0.631579
v 3.926384 10.069515 1.263158
v 3.925213 9.883388 1.052632
v 3.884583 9.466886 0.631579
v 3.916347 9.720764 0.842105
v 3.849167 9.307964 0.421053
v 3.902049 9.581900 0.631579
v 3.866209 9.375651 0.421053
v 3.926384 10.069515 1.052632
v 3.917616 10.278729 0.000000
v 3.925213 9.883388 0.842105
v 3.884583 9.466886 0.421053
v 3.916347 9.720764 0.631579
v 3.849167 9.307964 0.210526
v 3.902049 9.581900 0.421053
v 3.866209 9.375651 0.210526
v 3.849167 9.307964 0.105263
v 3.926384 10.069515 0.842105
v 3.925213 9.883388 0.631579
v 3.884583 9.466886 0.210526
v 3.884191 9.464682 0.000000
v 3.866209 9.375651 0.105263
v 3.916347 9.720764 0.421053
v 3.884583 9.466886 0.105263
v 3.902049 9.581900 0.210526
v 3.926384 10.069515 0.631579
v 3.925213 9.883388 0.421053
v 3.918816 9.754121 0.000000
v 3.902049 9.581900 0.105263
v 3.916347 9.720764 0.210526
v 3.916347 9.720764 0.105263
v 3.926384 10.069515 0.421053
v 3.925213 9.883388 0.210526
v 3.925213 9.883388 0.105263
v 3.926384 10.069515 0.210526
v 3.926384 10.069515 0.105263
v 2.872268 10.618384 0.000000
v 2.872268 10.618384 2.000000
v 2.742201 10.454280 1.894737
v 2.562940 10.194673 2.000000
v 2.633746 10.303011 1.894737
v 2.742201 10.454280 1.684211
v 2.545330 10.166234 1.894737
v 2.633746 10.303011 1.684211
v 2.742201 10.454280 1.473684
v 2.475275 10.045486 1.894737
v 2.420714 9.939932 2.000000
v 2.545330 10.166234 1.684211
v 2.421802 9.942172 1.894737
v 2.633746 10.303011 1.473684
v 2.742201 10.454280 1.263158
v 2.383041 9.857562 1.894737
v 2.334454 9.723700 2.000000
v 2.475275 10.045486 1.684211
v 2.357043 9.792786 1.894737
v 2.545330 10.166234 1.473684
v 2.421802 9.942172 1.684211
v 2.633746 10.303011 1.263158
v 2.742201 10.454280 1.052632
v 2.383041 9.857562 1.684211
v 2.475275 10.045486 1.473684
v 2.357043 9.792786 1.684211
v 2.545330 10.166234 1.263158
v 2.421802 9.942172 1.473684
v 2.633746 10.303011 1.052632
v 2.742201 10.454280 0.842105
v 2.383041 9.857562 1.473684
v 2.475275 10.045486 1.263158
v 2.357043 9.792786 1.473684
v 2.545330 10.166234 1.052632
v 2.421802 9.942172 1.263158
v 2.633746 10.303011 0.842105
v 2.742201 10.454280 0.631579
v 2.383041 9.857562 1.263158
v 2.475275 10.045486 1.052632
v 2.357043 9.792786 1.263158
v 2.545330 10.166234 0.842105
v 2.421802 9.942172 1.052632
v 2.633746 10.303011 0.631579
v 2.742201 10.454280 0.421053
v 2.383041 9.857562 1.052632
v 2.475275 10.045486 0.842105
v 2.357043 9.792786 1.052632
v 2.334454 9.723700 0.000000
v 2.545330 10.166234 0.631579
v 2.421802 9.942172 0.842105
v 2.633746 10.303011 0.421053
v 2.742201 10.454280 0.210526
v 2.383041 9.857562 0.842105
v 2.475275 10.045486 0.631579
v 2.562940 10.194673 0.000000
v 2.742201 10.454280 0.105263
v 2.357043 9.792786 0.842105
v 2.545330 10.166234 0.421053
v 2.421802 9.942172 0.631579
v 2.633746 10.303011 0.210526
v 2.383041 9.857562 0.631579
v 2.475275 10.045486 0.421053
v 2.633746 10.303011 0.105263
v 2.357043 9.792786 0.631579
v 2.545330 10.166234 0.210526
v 2.421802 9.942172 0.421053
v 2.545330 10.166234 0.105263
v 2.383041 9.857562 0.421053
v 2.475275 10.045486 0.210526
v 2.357043 9.792786 0.421053
v 2.420714 9.939932 0.000000
v 2.475275 10.045486 0.105263
v 2.421802 9.942172 0.210526
v 2.383041 9.857562 0.210526
v 2.421802 9.942172 0.105263
v 2.357043 9.792786 0.210526
v 2.383041 9.857562 0.105263
v 2.357043 9.792786 0.105263
v 2.042647 8.508237 0.000000
v 2.042647 8.508237 2.000000
v 0.686517 8.723026 0.000000
v 0.686517 8.723026 2.000000
v 0.784591 9.969173 0.000000
v 0.784591 9.969173 2.000000
v 0.779747 10.111499 1.894737
v 0.769338 10.201728 2.000000
v 0.784456 10.041859 1.894737
v 0.769030 10.203945 1.894737
v 0.784456 10.041859 1.684211
v 0.750099 10.318727 1.894737
v 0.712826 10.487701 2.000000
v 0.779747 10.111499 1.684211
v 0.769030 10.203945 1.684211
v 0.720786 10.455214 1.894737
v 0.784456 10.041859 1.473684
v 0.750099 10.318727 1.684211
v 0.779747 10.111499 1.473684
v 0.678964 10.612617 1.894737
v 0.769030 10.203945 1.473684
v 0.720786 10.455214 1.684211
v 0.784456 10.041859 1.263158
v 0.750099 10.318727 1.473684
v 0.779747 10.111499 1.263158
v 0.622562 10.789998 1.894737
v 0.549572 10.986263 2.000000
v 0.678964 10.612617 1.684211
v 0.769030 10.203945 1.263158
v 0.720786 10.455214 1.473684
v 0.784456 10.041859 1.052632
v 0.750099 10.318727 1.263158
v 0.779747 10.111499 1.052632
v 0.622562 10.789998 1.684211
v 0.678964 10.612617 1.473684
v 0.769030 10.203945 1.052632
v 0.720786 10.455214 1.263158
v 0.784456 10.041859 0.842105
v 0.750099 10.318727 1.052632
v 0.779747 10.111499 0.842105
v 0.622562 10.789998 1.473684
v 0.678964 10.612617 1.263158
v 0.769030 10.203945 0.842105
v 0.720786 10.455214 1.052632
v 0.784456 10.041859 0.631579
v 0.750099 10.318727 0.842105
v 0.779747 10.111499 0.631579
v 0.622562 10.789998 1.263158
v 0.678964 10.612617 1.052632
v 0.769030 10.203945 0.631579
v 0.720786 10.455214 0.842105
v 0.784456 10.041859 0.421053
v 0.750099 10.318727 0.631579
v 0.779747 10.111499 0.421053
v 0.622562 10.789998 1.052632
v 0.549572 10.986263 0.000000
v 0.678964 10.612617 0.842105
v 0.769030 10.203945 0.421053
v 0.720786 10.455214 0.631579
v 0.784456 10.041859 0.210526
v 0.750099 10.318727 0.421053
v 0.779747 10.111499 0.210526
v 0.784456 10.041859 0.105263
v 0.622562 10.789998 0.842105
v 0.678964 10.612617 0.631579
v 0.769030 10.203945 0.210526
v 0.769338 10.201728 0.000000
v 0.779747 10.111499 0.105263
v 0.720786 10.455214 0.421053
v 0.769030 10.203945 0.105263
v 0.750099 10.318727 0.210526
v 0.622562 10.789998 0.631579
v 0.678964 10.612617 0.421053
v 0.712826 10.487701 0.000000
v 0.750099 10.318727 0.105263
v 0.720786 10.455214 0.210526
v 0.720786 10.455214 0.105263
v 0.622562 10.789998 0.421053
v 0.678964 10.612617 0.210526
v 0.678964 10.612617 0.105263
v 0.622562 10.789998 0.210526
v 0.622562 10.789998 0.105263
v -0.549572 10.986263 0.000000
v -0.549572 10.986263 2.000000
v -0.622562 10.789998 1.894737
v -0.712826 10.487701 2.000000
v -0.678964 10.612617 1.894737
v -0.622562 10.789998 1.684211
v -0.720786 10.455214 1.894737
v -0.678964 10.612617 1.684211
v -0.622562 10.789998 1.473684
v -0.750099 10.318727 1.894737
v -0.769372 10.201478 2.000000
v -0.720786 10.455214 1.684211
v -0.769030 10.203945 1.894737
v -0.678964 10.612617 1.473684
v -0.622562 10.789998 1.263158
v -0.779747 10.111499 1.894737
v -0.784591 9.969173 2.000000
v -0.750099 10.318727 1.684211
v -0.784456 10.041859 1.894737
v -0.720786 10.455214 1.473684
v -0.769030 10.203945 1.684211
v -0.678964 10.612617 1.263158
v -0.622562 10.789998 1.052632
v -0.779747 10.111499 1.684211
v -0.750099 10.318727 1.473684
v -0.784456 10.041859 1.684211
v -0.720786 10.455214 1.263158
v -0.769030 10.203945 1.473684
v -0.678964 10.612617 1.052632
v -0.622562 10.789998 0.842105
v -0.779747 10.111499 1.473684
v -0.750099 10.318727 1.263158
v -0.784456 10.041859 1.473684
v -0.720786 10.455214 1.052632
v -0.769030 10.203945 1.263158
v -0.678964 10.612617 0.842105
v -0.622562 10.789998 0.631579
v -0.779747 10.111499 1.263158
v -0.750099 10.318727 1.052632
v -0.784456 10.041859 1.263158
v -0.720786 10.455214 0.842105
v -0.769030 10.203945 1.052632
v -0.678964 10.612617 0.631579
v -0.622562 10.789998 0.421053
v -0.779747 10.111499 1.052632
v -0.750099 10.318727 0.842105
v -0.784456 10.041859 1.052632
v -0.784591 9.969173 0.000000
v -0.720786 10.455214 0.631579
v -0.769030 10.203945 0.842105
v -0.678964 10.612617 0.421053
v -0.622562 10.789998 0.210526
v -0.779747 10.111499 0.842105
v -0.750099 10.318727 0.631579
v -0.712826 10.487701 0.000000
v -0.622562 10.789998 0.105263
v -0.784456 10.041859 0.842105
v -0.720786 10.455214 0.421053
v -0.769030 10.203945 0.631579
v -0.678964 10.612617 0.210526
v -0.779747 10.111499 0.631579
v -0.750099 10.318727 0.421053
v -0.678964 10.612617 0.105263
v -0.784456 10.041859 0.631579
v -0.720786 10.455214 0.210526
v -0.769030 10.203945 0.421053
v -0.720786 10.455214 0.105263
v -0.779747 10.111499 0.421053
v -0.750099 10.318727 0.210526
v -0.784456 10.041859 0.421053
v -0.769372 10.201478 0.000000
v -0.750099 10.318727 0.105263
v -0.769030 10.203945 0.210526
v -0.779747 10.111499 0.210526
v -0.769030 10.203945 0.105263
v -0.784456 10.041859 0.210526
v -0.779747 10.111499 0.105263
v -0.784456 10.041859 0.105263
v -0.686517 8.723026 0.000000
v -0.686517 8.723026 2.000000
v -2.042647 8.508237 0.000000
v -2.042647 8.508237 2.000000
v -2.334454 9.723700 0.000000
v -2.334454 9.723700 2.000000
v -2.368572 9.822630 1.894737
v -2.420824 9.940159 2.000000
v -2.348200 9.768147 1.894737
v -2.400703 9.897455 1.894737
v -2.348200 9.768147 1.684211
v -2.446581 9.991568 1.894737
v -2.368572 9.822630 1.684211
v -2.400703 9.897455 1.684211
v -2.508116 10.103765 1.894737
v -2.562940 10.194673 2.000000
v -2.348200 9.768147 1.473684
v -2.446581 9.991568 1.684211
v -2.368572 9.822630 1.473684
v -2.587136 10.232712 1.894737
v -2.400703 9.897455 1.473684
v -2.508116 10.103765 1.684211
v -2.348200 9.768147 1.263158
v -2.446581 9.991568 1.473684
v -2.368572 9.822630 1.263158
v -2.685367 10.376934 1.894737
v -2.872268 10.618384 2.000000
v -2.587136 10.232712 1.684211
v -2.400703 9.897455 1.263158
v -2.508116 10.103765 1.473684
v -2.348200 9.768147 1.052632
v -2.446581 9.991568 1.263158
v -2.804439 10.534836 1.894737
v -2.368572 9.822630 1.052632
v -2.685367 10.376934 1.684211
v -2.587136 10.232712 1.473684
v -2.400703 9.897455 1.052632
v -2.508116 10.103765 1.263158
v -2.348200 9.768147 0.842105
v -2.446581 9.991568 1.052632
v -2.804439 10.534836 1.684211
v -2.368572 9.822630 0.842105
v -2.685367 10.376934 1.473684
v -2.587136 10.232712 1.263158
v -2.400703 9.897455 0.842105
v -2.508116 10.103765 1.052632
v -2.348200 9.768147 0.631579
v -2.446581 9.991568 0.842105
v -2.804439 10.534836 1.473684
v -2.368572 9.822630 0.631579
v -2.685367 10.376934 1.263158
v -2.587136 10.232712 1.052632
v -2.400703 9.897455 0.631579
v -2.508116 10.103765 0.842105
v -2.348200 9.768147 0.421053
v -2.446581 9.991568 0.631579
v -2.804439 10.534836 1.263158
v -2.368572 9.822630 0.421053
v -2.685367 10.376934 1.052632
v -2.587136 10.232712 0.842105
v -2.400703 9.897455 0.421053
v -2.508116 10.103765 0.631579
v -2.348200 9.768147 0.210526
v -2.446581 9.991568 0.421053
v -2.804439 10.534836 1.052632
v -2.872268 10.618384 0.000000
v -2.368572 9.822630 0.210526
v -2.685367 10.376934 0.842105
v -2.587136 10.232712 0.631579
v -2.348200 9.768147 0.105263
v -2.400703 9.897455 0.210526
v -2.508116 10.103765 0.421053
v -2.420824 9.940159 0.000000
v -2.368572 9.822630 0.105263
v -2.446581 9.991568 0.210526
v -2.400703 9.897455 0.105263
v -2.804439 10.534836 0.842105
v -2.685367 10.376934 0.631579
v -2.587136 10.232712 0.421053
v -2.446581 9.991568 0.105263
v -2.508116 10.103765 0.210526
v -2.804439 10.534836 0.631579
v -2.562940 10.194673 0.000000
v -2.508116 10.103765 0.105263
v -2.685367 10.376934 0.421053
v -2.587136 10.232712 0.210526
v -2.587136 10.232712 0.105263
v -2.804439 10.534836 0.421053
v -2.685367 10.376934 0.210526
v -2.685367 10.376934 0.105263
v -2.804439 10.534836 0.210526
v -2.804439 10.534836 0.105263
v -3.917616 10.278729 0.000000
v -3.917616 10.278729 2.000000
v -3.926384 10.069515 1.894737
v -3.918816 9.754121 2.000000
v -3.925213 9.883388 1.894737
v -3.926384 10.069515 1.684211
v -3.916347 9.720764 1.894737
v -3.925213 9.883388 1.684211
v -3.926384 10.069515 1.473684
v -3.902049 9.581900 1.894737
v -3.884147 9.464434 2.000000
v -3.916347 9.720764 1.684211
v -3.884583 9.466886 1.894737
v -3.925213 9.883388 1.473684
v -3.926384 10.069515 1.263158
v -3.866209 9.375651 1.894737
v -3.826834 9.238795 2.000000
v -3.902049 9.581900 1.684211
v -3.849167 9.307964 1.894737
v -3.916347 9.720764 1.473684
v -3.884583 9.466886 1.684211
v -3.925213 9.883388 1.263158
v -3.926384 10.069515 1.052632
v -3.866209 9.375651 1.684211
v -3.902049 9.581900 1.473684
v -3.849167 9.307964 1.684211
v -3.916347 9.720764 1.263158
v -3.884583 9.466886 1.473684
v -3.925213 9.883388 1.052632
v -3.926384 10.069515 0.842105
v -3.866209 9.375651 1.473684
v -3.902049 9.581900 1.263158
v -3.849167 9.307964 1.473684
v -3.916347 9.720764 1.052632
v -3.884583 9.466886 1.263158
v -3.925213 9.883388 0.842105
v -3.926384 10.069515 0.631579
v -3.866209 9.375651 1.263158
v -3.902049 9.581900 1.052632
v -3.849167 9.307964 1.263158
v -3.916347 9.720764 0.842105
v -3.884583 9.466886 1.052632
v -3.925213 9.883388 0.631579
v -3.926384 10.069515 0.421053
v -3.866209 9.375651 1.052632
v -3.902049 9.581900 0.842105
v -3.849167 9.307964 1.052632
v -3.826834 9.238795 0.000000
v -3.916347 9.720764 0.631579
v -3.884583 9.466886 0.842105
v -3.925213 9.883388 0.421053
v -3.926384 10.069515 0.210526
v -3.866209 9.375651 0.842105
v -3.902049 9.581900 0.631579
v -3.918816 9.754121 0.000000
v -3.926384 10.069515 0.105263
v -3.849167 9.307964 0.842105
v -3.916347 9.720764 0.421053
v -3.884583 9.466886 0.631579
v -3.925213 9.883388 0.210526
v -3.866209 9.375651 0.631579
v -3.902049 9.581900 0.421053
v -3.925213 9.883388 0.105263
v -3.849167 9.307964 0.631579
v -3.916347 9.720764 0.210526
v -3.884583 9.466886 0.421053
v -3.916347 9.720764 0.105263
v -3.866209 9.375651 0.421053
v -3.902049 9.581900 0.210526
v -3.849167 9.307964 0.421053
v -3.884147 9.464434 0.000000
v -3.902049 9.581900 0.105263
v -3.884583 9.466886 0.210526
v -3.866209 9.375651 0.210526
v -3.884583 9.466886 0.105263
v -3.849167 9.307964 0.210526
v -3.866209 9.375651 0.105263
v -3.849167 9.307964 0.105263
v -3.348480 8.083946 0.000000
v -3.348480 8.083946 2.000000
v -4.571862 7.460601 0.000000
v -4.571862 7.460601 2.000000
v -5.224986 8.526402 0.000000
v -5.224986 8.526402 2.000000
v -5.288005 8.609947 1.894737
v -5.374018 8.705577 2.000000
v -5.251794 8.564426 1.894737
v -5.341686 8.671182 1.894737
v -5.251794 8.564426 1.684211
v -5.414401 8.746511 1.894737
v -5.288005 8.609947 1.684211
v -5.341686 8.671182 1.684211
v -5.507596 8.834202 1.894737
v -5.587827 8.903717 2.000000
v -5.251794 8.564426 1.473684
v -5.414401 8.746511 1.684211
v -5.288005 8.609947 1.473684
v -5.622594 8.932419 1.894737
v -5.341686 8.671182 1.473684
v -5.507596 8.834202 1.684211
v -5.251794 8.564426 1.263158
v -5.414401 8.746511 1.473684
v -5.288005 8.609947 1.263158
v -5.760585 9.039227 1.894737
v -6.012950 9.211103 2.000000
v -5.622594 8.932419 1.684211
v -5.341686 8.671182 1.263158
v -5.507596 8.834202 1.473684
v -5.251794 8.564426 1.052632
v -5.414401 8.746511 1.263158
v -5.922623 9.152605 1.894737
v -5.288005 8.609947 1.052632
v -5.760585 9.039227 1.684211
v -5.622594 8.932419 1.473684
v -5.341686 8.671182 1.052632
v -5.507596 8.834202 1.263158
v -5.251794 8.564426 0.842105
v -5.414401 8.746511 1.052632
v -5.922623 9.152605 1.684211
v -5.288005 8.609947 0.842105
v -5.760585 9.039227 1.473684
v -5.622594 8.932419 1.263158
v -5.341686 8.671182 0.842105
v -5.507596 8.834202 1.052632
v -5.251794 8.564426 0.631579
v -5.414401 8.746511 0.842105
v -5.922623 9.152605 1.473684
v -5.288005 8.609947 0.631579
v -5.760585 9.039227 1.263158
v -5.622594 8.932419 1.052632
v -5.341686 8.671182 0.631579
v -5.507596 8.834202 0.842105
v -5.251794 8.564426 0.421053
v -5.414401 8.746511 0.631579
v -5.922623 9.152605 1.263158
v -5.288005 8.609947 0.421053
v -5.760585 9.039227 1.052632
v -5.622594 8.932419 0.842105
v -5.341686 8.671182 0.421053
v -5.507596 8.834202 0.631579
v -5.251794 8.564426 0.210526
v -5.414401 8.746511 0.421053
v -5.922623 9.152605 1.052632
v -6.012950 9.211103 0.000000
v -5.288005 8.609947 0.210526
v -5.760585 9.039227 0.842105
v -5.622594 8.932419 0.631579
v -5.251794 8.564426 0.105263
v -5.341686 8.671182 0.210526
v -5.507596 8.834202 0.421053
v -5.374018 8.705577 0.000000
v -5.288005 8.609947 0.105263
v -5.414401 8.746511 0.210526
v -5.341686 8.671182 0.105263
v -5.922623 9.152605 0.842105
v -5.760585 9.039227 0.631579
v -5.622594 8.932419 0.421053
v -5.414401 8.746511 0.105263
v -5.507596 8.834202 0.210526
v -5.922623 9.152605 0.631579
v -5.507596 8.834202 0.105263
v -5.587827 8.903717 0.000000
v -5.760585 9.039227 0.421053
v -5.622594 8.932419 0.210526
v -5.622594 8.932419 0.105263
v -5.922623 9.152605 0.421053
v -5.760585 9.039227 0.210526
v -5.760585 9.039227 0.105263
v -5.922623 9.152605 0.210526
v -5.922623 9.152605 0.105263
v -6.902176 8.565042 0.000000
v -6.902176 8.565042 2.000000
v -6.845865 8.363358 1.894737
v -6.741205 8.065740 2.000000
v -6.787234 8.186703 1.894737
v -6.845865 8.363358 1.684211
v -6.728549 8.034778 1.894737
v -6.787234 8.186703 1.684211
v -6.845865 8.363358 1.473684
v -6.672039 7.907128 1.894737
v -6.618714 7.800944 2.000000
v -6.728549 8.034778 1.684211
v -6.619887 7.803141 1.894737
v -6.787234 8.186703 1.473684
v -6.845865 8.363358 1.263158
v -6.574219 7.722051 1.894737
v -6.494481 7.604060 2.000000
v -6.672039 7.907128 1.684211
v -6.537095 7.662942 1.894737
v -6.728549 8.034778 1.473684
v -6.619887 7.803141 1.684211
v -6.787234 8.186703 1.263158
v -6.845865 8.363358 1.052632
v -6.574219 7.722051 1.684211
v -6.672039 7.907128 1.473684
v -6.537095 7.662942 1.684211
v -6.728549 8.034778 1.263158
v -6.619887 7.803141 1.473684
v -6.787234 8.186703 1.052632
v -6.845865 8.363358 0.842105
v -6.574219 7.722051 1.473684
v -6.672039 7.907128 1.263158
v -6.537095 7.662942 1.473684
v -6.728549 8.034778 1.052632
v -6.619887 7.803141 1.263158
v -6.787234 8.186703 0.842105
v -6.845865 8.363358 0.631579
v -6.574219 7.722051 1.263158
v -6.672039 7.907128 1.052632
v -6.537095 7.662942 1.263158
v -6.728549 8.034778 0.842105
v -6.619887 7.803141 1.052632
v -6.787234 8.186703 0.631579
v -6.845865 8.363358 0.421053
v -6.574219 7.722051 1.052632
v -6.672039 7.907128 0.842105
v -6.537095 7.662942 1.052632
v -6.494481 7.604060 0.000000
v -6.728549 8.034778 0.631579
v -6.619887 7.803141 0.842105
v -6.787234 8.186703 0.421053
v -6.845865 8.363358 0.210526
v -6.574219 7.722051 0.842105
v -6.672039 7.907128 0.631579
v -6.741205 8.065740 0.000000
v -6.845865 8.363358 0.105263
v -6.537095 7.662942 0.842105
v -6.728549 8.034778 0.421053
v -6.619887 7.803141 0.631579
v -6.787234 8.186703 0.210526
v -6.574219 7.722051 0.631579
v -6.672039 7.907128 0.421053
v -6.787234 8.186703 0.105263
v -6.537095 7.662942 0.631579
v -6.728549 8.034778 0.210526
v -6.619887 7.803141 0.421053
v -6.728549 8.034778 0.105263
v -6.574219 7.722051 0.421053
v -6.672039 7.907128 0.210526
v -6.537095 7.662942 0.421053
v -6.618714 7.800944 0.000000
v -6.672039 7.907128 0.105263
v -6.619887 7.803141 0.210526
v -6.574219 7.722051 0.210526
v -6.619887 7.803141 0.105263
v -6.537095 7.662942 0.210526
v -6.574219 7.722051 0.105263
v -6.537095 7.662942 0.105263
v -5.682671 6.653552 0.000000
v -5.682671 6.653552 2.000000
v -6.653552 5.682671 0.000000
v -6.653552 5.682671 2.000000
v -7.604060 6.494481 0.000000
v -7.604060 6.494481 2.000000
v -7.689812 6.554462 1.894737
v -7.801166 6.618833 2.000000
v -7.641307 6.522360 1.894737
v -7.759788 6.596112 1.894737
v -7.641307 6.522360 1.684211
v -7.852221 6.645284 1.894737
v -7.689812 6.554462 1.684211
v -7.759788 6.596112 1.684211
v -7.967953 6.699884 1.894737
v -8.065740 6.741205 2.000000
v -7.641307 6.522360 1.473684
v -7.852221 6.645284 1.684211
v -7.689812 6.554462 1.473684
v -8.107674 6.757758 1.894737
v -7.759788 6.596112 1.473684
v -7.967953 6.699884 1.684211
v -7.641307 6.522360 1.263158
v -7.852221 6.645284 1.473684
v -7.689812 6.554462 1.263158
v -8.271917 6.816697 1.894737
v -8.565042 6.902176 2.000000
v -8.107674 6.757758 1.684211
v -7.759788 6.596112 1.263158
v -7.967953 6.699884 1.473684
v -7.641307 6.522360 1.052632
v -7.852221 6.645284 1.263158
v -8.461060 6.874454 1.894737
v -7.689812 6.554462 1.052632
v -8.271917 6.816697 1.684211
v -8.107674 6.757758 1.473684
v -7.759788 6.596112 1.052632
v -7.967953 6.699884 1.263158
v -7.641307 6.522360 0.842105
v -7.852221 6.645284 1.052632
v -8.461060 6.874454 1.684211
v -7.689812 6.554462 0.842105
v -8.271917 6.816697 1.473684
v -8.107674 6.757758 1.263158
v -7.759788 6.596112 0.842105
v -7.967953 6.699884 1.052632
v -7.641307 6.522360 0.631579
v -7.852221 6.645284 0.842105
v -8.461060 6.874454 1.473684
v -7.689812 6.554462 0.631579
v -8.271917 6.816697 1.263158
v -8.107674 6.757758 1.052632
v -7.759788 6.596112 0.631579
v -7.967953 6.699884 0.842105
v -7.641307 6.522360 0.421053
v -7.852221 6.645284 0.631579
v -8.461060 6.874454 1.263158
v -7.689812 6.554462 0.421053
v -8.271917 6.816697 1.052632
v -8.107674 6.757758 0.842105
v -7.759788 6.596112 0.421053
v -7.967953 6.699884 0.631579
v -7.641307 6.522360 0.210526
v -7.852221 6.645284 0.421053
v -8.461060 6.874454 1.052632
v -8.565042 6.902176 0.000000
v -7.689812 6.554462 0.210526
v -8.271917 6.816697 0.842105
v -8.107674 6.757758 0.631579
v -7.641307 6.522360 0.105263
v -7.759788 6.596112 0.210526
v -7.967953 6.699884 0.421053
v -7.801166 6.618833 0.000000
v -7.689812 6.554462 0.105263
v -7.852221 6.645284 0.210526
v -7.759788 6.596112 0.105263
v -8.461060 6.874454 0.842105
v -8.271917 6.816697 0.631579
v -8.107674 6.757758 0.421053
v -7.852221 6.645284 0.105263
v -7.967953 6.699884 0.210526
v -8.461060 6.874454 0.631579
v -7.967953 6.699884 0.105263
v -8.065740 6.741205 0.000000
v -8.271917 6.816697 0.421053
v -8.107674 6.757758 0.210526
v -8.107674 6.757758 0.105263
v -8.461060 6.874454 0.421053
v -8.271917 6.816697 0.210526
v -8.271917 6.816697 0.105263
v -8.461060 6.874454 0.210526
v -8.461060 6.874454 0.105263
v -9.211103 6.012950 0.000000
v -9.211103 6.012950 2.000000
v -9.095224 5.838538 1.894737
v -8.903717 5.587827 2.000000
v -8.984873 5.688646 1.894737
v -9.095224 5.838538 1.684211
v -8.882113 5.562292 1.894737
v -8.984873 5.688646 1.684211
v -9.095224 5.838538 1.473684
v -8.788923 5.458353 1.894737
v -8.705395 5.373843 2.000000
v -8.882113 5.562292 1.684211
v -8.707190 5.375571 1.894737
v -8.984873 5.688646 1.473684
v -9.095224 5.838538 1.263158
v -8.638699 5.312562 1.894737
v -8.526402 5.224986 2.000000
v -8.788923 5.458353 1.684211
v -8.585126 5.267818 1.894737
v -8.882113 5.562292 1.473684
v -8.707190 5.375571 1.684211
v -8.984873 5.688646 1.263158
v -9.095224 5.838538 1.052632
v -8.638699 5.312562 1.684211
v -8.788923 5.458353 1.473684
v -8.585126 5.267818 1.684211
v -8.882113 5.562292 1.263158
v -8.707190 5.375571 1.473684
v -8.984873 5.688646 1.052632
v -9.095224 5.838538 0.842105
v -8.638699 5.312562 1.473684
v -8.788923 5.458353 1.263158
v -8.585126 5.267818 1.473684
v -8.882113 5.562292 1.052632
v -8.707190 5.375571 1.263158
v -8.984873 5.688646 0.842105
v -9.095224 5.838538 0.631579
v -8.638699 5.312562 1.263158
v -8.788923 5.458353 1.052632
v -8.585126 5.267818 1.263158
v -8.882113 5.562292 0.842105
v -8.707190 5.375571 1.052632
v -8.984873 5.688646 0.631579
v -9.095224 5.838538 0.421053
v -8.638699 5.312562 1.052632
v -8.788923 5.458353 0.842105
v -8.585126 5.267818 1.052632
v -8.526402 5.224986 0.000000
v -8.882113 5.562292 0.631579
v -8.707190 5.375571 0.842105
v -8.984873 5.688646 0.421053
v -9.095224 5.838538 0.210526
v -8.638699 5.312562 0.842105
v -8.788923 5.458353 0.631579
v -8.903717 5.587827 0.000000
v -9.095224 5.838538 0.105263
v -8.585126 5.267818 0.842105
v -8.882113 5.562292 0.421053
v -8.707190 5.375571 0.631579
v -8.984873 5.688646 0.210526
v -8.638699 5.312562 0.631579
v -8.788923 5.458353 0.421053
v -8.984873 5.688646 0.105263
v -8.585126 5.267818 0.631579
v -8.882113 5.562292 0.210526
v -8.707190 5.375571 0.421053
v -8.882113 5.562292 0.105263
v -8.638699 5.312562 0.421053
v -8.788923 5.458353 0.210526
v -8.585126 5.267818 0.421053
v -8.705395 5.373843 0.000000
v -8.788923 5.458353 0.105263
v -8.707190 5.375571 0.210526
v -8.638699 5.312562 0.210526
v -8.707190 5.375571 0.105263
v -8.585126 5.267818 0.210526
v -8.638699 5.312562 0.105263
v -8.585126 5.267818 0.105263
v -7.460601 4.571862 0.000000
v -7.460601 4.571862 2.000000
v -8.083946 3.348480 0.000000
v -8.083946 3.348480 2.000000
v -9.238795 3.826834 0.000000
v -9.238795 3.826834 2.000000
v -9.375651 3.866209 1.894737
v -9.464682 3.884191 2.000000
v -9.307964 3.849167 1.894737
v -9.466886 3.884583 1.894737
v -9.307964 3.849167 1.684211
v -9.581900 3.902049 1.894737
v -9.754121 3.918816 2.000000
v -9.375651 3.866209 1.684211
v -9.466886 3.884583 1.684211
v -9.720764 3.916347 1.894737
v -9.307964 3.849167 1.473684
v -9.581900 3.902049 1.684211
v -9.375651 3.866209 1.473684
v -9.883388 3.925213 1.894737
v -9.466886 3.884583 1.473684
v -9.720764 3.916347 1.684211
v -9.307964 3.849167 1.263158
v -9.581900 3.902049 1.473684
v -9.375651 3.866209 1.263158
v -10.069515 3.926384 1.894737
v -10.278729 3.917616 2.000000
v -9.883388 3.925213 1.684211
v -9.466886 3.884583 1.263158
v -9.720764 3.916347 1.473684
v -9.307964 3.849167 1.052632
v -9.581900 3.902049 1.263158
v -9.375651 3.866209 1.052632
v -10.069515 3.926384 1.684211
v -9.883388 3.925213 1.473684
v -9.466886 3.884583 1.052632
v -9.720764 3.916347 1.263158
v -9.307964 3.849167 0.842105
v -9.581900 3.902049 1.052632
v -9.375651 3.866209 0.842105
v -10.069515 3.926384 1.473684
v -9.883388 3.925213 1.263158
v -9.466886 3.884583 0.842105
v -9.720764 3.916347 1.052632
v -9.307964 3.849167 0.631579
v -9.581900 3.902049 0.842105
v -9.375651 3.866209 0.631579
v -10.069515 3.926384 1.263158
v -9.883388 3.925213 1.052632
v -9.466886 3.884583 0.631579
v -9.720764 3.916347 0.842105
v -9.307964 3.849167 0.421053
v -9.581900 3.902049 0.631579
v -9.375651 3.866209 0.421053
v -10.069515 3.926384 1.052632
v -10.278729 3.917616 0.000000
v -9.883388 3.925213 0.842105
v -9.466886 3.884583 0.421053
v -9.720764 3.916347 0.631579
v -9.307964 3.849167 0.210526
v -9.581900 3.902049 0.421053
v -9.375651 3.866209 0.210526
v -9.307964 3.849167 0.105263
v -10.069515 3.926384 0.842105
v -9.883388 3.925213 0.631579
v -9.466886 3.884583 0.210526
v -9.464682 3.884191 0.000000
v -9.375651 3.866209 0.105263
v -9.720764 3.916347 0.421053
v -9.466886 3.884583 0.105263
v -9.581900 3.902049 0.210526
v -10.069515 3.926384 0.631579
v -9.883388 3.925213 0.421053
v -9.754121 3.918816 0.000000
v -9.581900 3.902049 0.105263
v -9.720764 3.916347 0.210526
v -9.720764 3.916347 0.105263
v -10.069515 3.926384 0.421053
v -9.883388 3.925213 0.210526
v -9.883388 3.925213 0.105263
v -10.069515 3.926384 0.210526
v -10.069515 3.926384 0.105263
v -10.618384 2.872268 0.000000
v -10.618384 2.872268 2.000000
v -10.454280 2.742201 1.894737
v -10.194673 2.562940 2.000000
v -10.303011 2.633746 1.894737
v -10.454280 2.742201 1.684211
v -10.166234 2.545330 1.894737
v -10.303011 2.633746 1.684211
v -10.454280 2.742201 1.473684
v -10.045486 2.475275 1.894737
v -9.939932 2.420714 2.000000
v -10.166234 2.545330 1.684211
v -9.942172 2.421802 1.894737
v -10.303011 2.633746 1.473684
v -10.454280 2.742201 1.263158
v -9.857562 2.383041 1.894737
v -9.723700 2.334454 2.000000
v -10.045486 2.475275 1.684211
v -9.792786 2.357043 1.894737
v -10.166234 2.545330 1.473684
v -9.942172 2.421802 1.684211
v -10.303011 2.633746 1.263158
v -10.454280 2.742201 1.052632
v -9.857562 2.383041 1.684211
v -10.045486 2.475275 1.473684
v -9.792786 2.357043 1.684211
v -10.166234 2.545330 1.263158
v -9.942172 2.421802 1.473684
v -10.303011 2.633746 1.052632
v -10.454280 2.742201 0.842105
v -9.857562 2.383041 1.473684
v -10.045486 2.475275 1.263158
v -9.792786 2.357043 1.473684
v -10.166234 2.545330 1.052632
v -9.942172 2.421802 1.263158
v -10.303011 2.633746 0.842105
v -10.454280 2.742201 0.631579
v -9.857562 2.383041 1.263158
v -10.045486 2.475275 1.052632
v -9.792786 2.357043 1.263158
v -10.166234 2.545330 0.842105
v -9.942172 2.421802 1.052632
v -10.303011 2.633746 0.631579
v -10.454280 2.742201 0.421053
v -9.857562 2.383041 1.052632
v -10.045486 2.475275 0.842105
v -9.792786 2.357043 1.052632
v -9.723700 2.334454 0.000000
v -10.166234 2.545330 0.631579
v -9.942172 2.421802 0.842105
v -10.303011 2.633746 0.421053
v -10.454280 2.742201 0.210526
v -9.857562 2.383041 0.842105
v -10.045486 2.475275 0.631579
v -10.194673 2.562940 0.000000
v -10.454280 2.742201 0.105263
v -9.792786 2.357043 0.842105
v -10.166234 2.545330 0.421053
v -9.942172 2.421802 0.631579
v -10.303011 2.633746 0.210526
v -9.857562 2.383041 0.631579
v -10.045486 2.475275 0.421053
v -10.303011 2.633746 0.105263
v -9.792786 2.357043 0.631579
v -10.166234 2.545330 0.210526
v -9.942172 2.421802 0.421053
v -10.166234 2.545330 0.105263
v -9.857562 2.383041 0.421053
v -10.045486 2.475275 0.210526
v -9.792786 2.357043 0.421053
v -9.939932 2.420714 0.000000
v -10.045486 2.475275 0.105263
v -9.942172 2.421802 0.210526
v -9.857562 2.383041 0.210526
v -9.942172 2.421802 0.105263
v -9.792786 2.357043 0.210526
v -9.857562 2.383041 0.105263
v -9.792786 2.357043 0.105263
v -8.508237 2.042647 0.000000
v -8.508237 2.042647 2.000000
v -8.723026 0.686517 0.000000
v -8.723026 0.686517 2.000000
v -9.969173 0.784591 0.000000
v -9.969173 0.784591 2.000000
v -10.111499 0.779747 1.894737
v -10.201728 0.769338 2.000000
v -10.041859 0.784456 1.894737
v -10.203945 0.769030 1.894737
v -10.041859 0.784456 1.684211
v -10.318727 0.750099 1.894737
v -10.487701 0.712826 2.000000
v -10.111499 0.779747 1.684211
v -10.203945 0.769030 1.684211
v -10.455214 0.720786 1.894737
v -10.041859 0.784456 1.473684
v -10.318727 0.750099 1.684211
v -10.111499 0.779747 1.473684
v -10.612617 0.678964 1.894737
v -10.203945 0.769030 1.473684
v -10.455214 0.720786 1.684211
v -10.041859 0.784456 1.263158
v -10.318727 0.750099 1.473684
v -10.111499 0.779747 1.263158
v -10.789998 0.622562 1.894737
v -10.986263 0.549572 2.000000
v -10.612617 0.678964 1.684211
v -10.203945 0.769030 1.263158
v -10.455214 0.720786 1.473684
v -10.041859 0.784456 1.052632
v -10.318727 0.750099 1.263158
v -10.111499 0.779747 1.052632
v -10.789998 0.622562 1.684211
v -10.612617 0.678964 1.473684
v -10.203945 0.769030 1.052632
v -10.455214 0.720786 1.263158
v -10.041859 0.784456 0.842105
v -10.318727 0.750099 1.052632
v -10.111499 0.779747 0.842105
v -10.789998 0.622562 1.473684
v -10.612617 0.678964 1.263158
v -10.203945 0.769030 0.842105
v -10.455214 0.720786 1.052632
v -10.041859 0.784456 0.631579
v -10.318727 0.750099 0.842105
v -10.111499 0.779747 0.631579
v -10.789998 0.622562 1.263158
v -10.612617 0.678964 1.052632
v -10.203945 0.769030 0.631579
v -10.455214 0.720786 0.842105
v -10.041859 0.784456 0.421053
v -10.318727 0.750099 0.631579
v -10.111499 0.779747 0.421053
v -10.789998 0.622562 1.052632
v -10.986263 0.549572 0.000000
v -10.612617 0.678964 0.842105
v -10.203945 0.769030 0.421053
v -10.455214 0.720786 0.631579
v -10.041859 0.784456 0.210526
v -10.318727 0.750099 0.421053
v -10.111499 0.779747 0.210526
v -10.041859 0.784456 0.105263
v -10.789998 0.622562 0.842105
v -10.612617 0.678964 0.631579
v -10.203945 0.769030 0.210526
v -10.201728 0.769338 0.000000
v -10.111499 0.779747 0.105263
v -10.455214 0.720786 0.421053
v -10.203945 0.769030 0.105263
v -10.318727 0.750099 0.210526
v -10.789998 0.622562 0.631579
v -10.612617 0.678964 0.421053
v -10.487701 0.712826 0.000000
v -10.318727 0.750099 0.105263
v -10.455214 0.720786 0.210526
v -10.455214 0.720786 0.105263
v -10.789998 0.622562 0.421053
v -10.612617 0.678964 0.210526
v -10.612617 0.678964 0.105263
v -10.789998 0.622562 0.210526
v -10.789998 0.622562 0.105263
v -10.986263 -0.549572 0.000000
v -10.986263 -0.549572 2.000000
v -10.789998 -0.622562 1.894737
v -10.487701 -0.712826 2.000000
v -10.612617 -0.678964 1.894737
v -10.789998 -0.622562 1.684211
v -10.455214 -0.720786 1.894737
v -10.612617 -0.678964 1.684211
v -10.789998 -0.622562 1.473684
v -10.318727 -0.750099 1.894737
v -10.201478 -0.769372 2.000000
v -10.455214 -0.720786 1.684211
v -10.203945 -0.769030 1.894737
v -10.612617 -0.678964 1.473684
v -10.789998 -0.622562 1.263158
v -10.111499 -0.779747 1.894737
v -9.969173 -0.784591 2.000000
v -10.318727 -0.750099 1.684211
v -10.041859 -0.784456 1.894737
v -10.455214 -0.720786 1.473684
v -10.203945 -0.769030 1.684211
v -10.612617 -0.678964 1.263158
v -10.789998 -0.622562 1.052632
v -10.111499 -0.779747 1.684211
v -10.318727 -0.750099 1.473684
v -10.041859 -0.784456 1.684211
v -10.455214 -0.720786 1.263158
v -10.203945 -0.769030 1.473684
v -10.612617 -0.678964 1.052632
v -10.789998 -0.622562 0.842105
v -10.111499 -0.779747 1.473684
v -10.318727 -0.750099 1.263158
v -10.041859 -0.784456 1.473684
v -10.455214 -0.720786 1.052632
v -10.203945 -0.769030 1.263158
v -10.612617 -0.678964 0.842105
v -10.789998 -0.622562 0.631579
v -10.111499 -0.779747 1.263158
v -10.318727 -0.750099 1.052632
v -10.041859 -0.784456 1.263158
v -10.455214 -0.720786 0.842105
v -10.203945 -0.769030 1.052632
v -10.612617 -0.678964 0.631579
v -10.789998 -0.622562 0.421053
v -10.111499 -0.779747 1.052632
v -10.318727 -0.750099 0.842105
v -10.041859 -0.784456 1.052632
v -9.969173 -0.784591 0.000000
v -10.455214 -0.720786 0.631579
v -10.203945 -0.769030 0.842105
v -10.612617 -0.678964 0.421053
v -10.789998 -0.622562 0.210526
v -10.111499 -0.779747 0.842105
v -10.318727 -0.750099 0.631579
v -10.487701 -0.712826 0.000000
v -10.789998 -0.622562 0.105263
v -10.041859 -0.784456 0.842105
v -10.455214 -0.720786 0.421053
v -10.203945 -0.769030 0.631579
v -10.612617 -0.678964 0.210526
v -10.111499 -0.779747 0.631579
v -10.318727 -0.750099 0.421053
v -10.612617 -0.678964 0.105263
v -10.041859 -0.784456 0.631579
v -10.455214 -0.720786 0.210526
v -10.203945 -0.769030 0.421053
v -10.455214 -0.720786 0.105263
v -10.111499 -0.779747 0.421053
v -10.318727 -0.750099 0.210526
v -10.041859 -0.784456 0.421053
v -10.201478 -0.769372 0.000000
v -10.318727 -0.750099 0.105263
v -10.203945 -0.769030 0.210526
v -10.111499 -0.779747 0.210526
v -10.203945 -0.769030 0.105263
v -10.041859 -0.784456 0.210526
v -10.111499 -0.779747 0.105263
v -10.041859 -0.784456 0.105263
v -8.723026 -0.686517 0.000000
v -8.723026 -0.686517 2.000000
v -8.508237 -2.042647 0.000000
v -8.508237 -2.042647 2.000000
v -9.723700 -2.334454 0.000000
v -9.723700 -2.334454 2.000000
v -9.822630 -2.368572 1.894737
v -9.940159 -2.420824 2.000000
v -9.768147 -2.348200 1.894737
v -9.897455 -2.400703 1.894737
v -9.768147 -2.348200 1.684211
v -9.991568 -2.446581 1.894737
v -9.822630 -2.368572 1.684211
v -9.897455 -2.400703 1.684211
v -10.103765 -2.508116 1.894737
v -10.194673 -2.562940 2.000000
v -9.768147 -2.348200 1.473684
v -9.991568 -2.446581 1.684211
v -9.822630 -2.368572 1.473684
v -10.232712 -2.587136 1.894737
v -9.897455 -2.400703 1.473684
v -10.103765 -2.508116 1.684211
v -9.768147 -2.348200 1.263158
v -9.991568 -2.446581 1.473684
v -9.822630 -2.368572 1.263158
v -10.376934 -2.685367 1.894737
v -10.618384 -2.872268 2.000000
v -10.232712 -2.587136 1.684211
v -9.897455 -2.400703 1.263158
v -10.103765 -2.508116 1.473684
v -9.768147 -2.348200 1.052632
v -9.991568 -2.446581 1.263158
v -10.534836 -2.804439 1.894737
v -9.822630 -2.368572 1.052632
v -10.376934 -2.685367 1.684211
v -10.232712 -2.587136 1.473684
v -9.897455 -2.400703 1.052632
v -10.103765 -2.508116 1.263158
v -9.768147 -2.348200 0.842105
v -9.991568 -2.446581 1.052632
v -10.534836 -2.804439 1.684211
v -9.822630 -2.368572 0.842105
v -10.376934 -2.685367 1.473684
v -10.232712 -2.587136 1.263158
v -9.897455 -2.400703 0.842105
v -10.103765 -2.508116 1.052632
v -9.768147 -2.348200 0.631579
v -9.991568 -2.446581 0.842105
v -10.534836 -2.804439 1.473684
v -9.822630 -2.368572 0.631579
v -10.376934 -2.685367 1.263158
v -10.232712 -2.587136 1.052632
v -9.897455 -2.400703 0.631579
v -10.103765 -2.508116 0.842105
v -9.768147 -2.348200 0.421053
v -9.991568 -2.446581 0.631579
v -10.534836 -2.804439 1.263158
v -9.822630 -2.368572 0.421053
v -10.376934 -2.685367 1.052632
v -10.232712 -2.587136 0.842105
v -9.897455 -2.400703 0.421053
v -10.103765 -2.508116 0.631579
v -9.768147 -2.348200 0.210526
v -9.991568 -2.446581 0.421053
v -10.534836 -2.804439 1.052632
v -10.618384 -2.872268 0.000000
v -9.822630 -2.368572 0.210526
v -10.376934 -2.685367 0.842105
v -10.232712 -2.587136 0.631579
v -9.768147 -2.348200 0.105263
v -9.897455 -2.400703 0.210526
v -10.103765 -2.508116 0.421053
v -9.940159 -2.420824 0.000000
v -9.822630 -2.368572 0.105263
v -9.991568 -2.446581 0.210526
v -9.897455 -2.400703 0.105263
v -10.534836 -2.804439 0.842105
v -10.376934 -2.685367 0.631579
v -10.232712 -2.587136 0.421053
v -9.991568 -2.446581 0.105263
v -10.103765 -2.508116 0.210526
v -10.534836 -2.804439 0.631579
v -10.194673 -2.562940 0.000000
v -10.103765 -2.508116 0.105263
v -10.376934 -2.685367 0.421053
v -10.232712 -2.587136 0.210526
v -10.232712 -2.587136 0.105263
v -10.534836 -2.804439 0.421053
v -10.376934 -2.685367 0.210526
v -10.376934 -2.685367 0.105263
v -10.534836 -2.804439 0.210526
v -10.534836 -2.804439 0.105263
v -10.278729 -3.917616 0.000000
v -10.278729 -3.917616 2.000000
v -10.069515 -3.926384 1.894737
v -9.754121 -3.918816 2.000000
v -9.883388 -3.925213 1.894737
v -10.069515 -3.926384 1.684211
v -9.720764 -3.916347 1.894737
v -9.883388 -3.925213 1.684211
v -10.069515 -3.926384 1.473684
v -9.581900 -3.902049 1.894737
v -9.464434 -3.884147 2.000000
v -9.720764 -3.916347 1.684211
v -9.466886 -3.884583 1.894737
v -9.883388 -3.925213 1.473684
v -10.069515 -3.926384 1.263158
v -9.375651 -3.866209 1.894737
v -9.238795 -3.826834 2.000000
v -9.581900 -3.902049 1.684211
v -9.307964 -3.849167 1.894737
v -9.720764 -3.916347 1.473684
v -9.466886 -3.884583 1.684211
v -9.883388 -3.925213 1.263158
v -10.069515 -3.926384 1.052632
v -9.375651 -3.866209 1.684211
v -9.581900 -3.902049 1.473684
v -9.307964 -3.849167 1.684211
v -9.720764 -3.916347 1.263158
v -9.466886 -3.884583 1.473684
v -9.883388 -3.925213 1.052632
v -10.069515 -3.926384 0.842105
v -9.375651 -3.866209 1.473684
v -9.581900 -3.902049 1.263158
v -9.307964 -3.849167 1.473684
v -9.720764 -3.916347 1.052632
v -9.466886 -3.884583 1.263158
v -9.883388 -3.925213 0.842105
v -10.069515 -3.926384 0.631579
v -9.375651 -3.866209 1.263158
v -9.581900 -3.902049 1.052632
v -9.307964 -3.849167 1.263158
v -9.720764 -3.916347 0.842105
v -9.466886 -3.884583 1.052632
v -9.883388 -3.925213 0.631579
v -10.069515 -3.926384 0.421053
v -9.375651 -3.866209 1.052632
v -9.581900 -3.902049 0.842105
v -9.307964 -3.849167 1.052632
v -9.238795 -3.826834 0.000000
v -9.720764 -3.916347 0.631579
v -9.466886 -3.884583 0.842105
v -9.883388 -3.925213 0.421053
v -10.069515 -3.926384 0.210526
v -9.375651 -3.866209 0.842105
v -9.581900 -3.902049 0.631579
v -9.754121 -3.918816 0.000000
v -10.069515 -3.926384 0.105263
v -9.307964 -3.849167 0.842105
v -9.720764 -3.916347 0.421053
v -9.466886 -3.884583 0.631579
v -9.883388 -3.925213 0.210526
v -9.375651 -3.866209 0.631579
v -9.581900 -3.902049 0.421053
v -9.883388 -3.925213 0.105263
v -9.307964 -3.849167 0.631579
v -9.720764 -3.916347 0.210526
v -9.466886 -3.884583 0.421053
v -9.720764 -3.916347 0.105263
v -9.375651 -3.866209 0.421053
v -9.581900 -3.902049 0.210526
v -9.307964 -3.849167 0.421053
v -9.464434 -3.884147 0.000000
v -9.581900 -3.902049 0.105263
v -9.466886 -3.884583 0.210526
v -9.375651 -3.866209 0.210526
v -9.466886 -3.884583 0.105263
v -9.307964 -3.849167 0.210526
v -9.375651 -3.866209 0.105263
v -9.307964 -3.849167 0.105263
v -8.083946 -3.348480 0.000000
v -8.083946 -3.348480 2.000000
v -7.460601 -4.571862 0.000000
v -7.460601 -4.571862 2.000000
v -8.526402 -5.224986 0.000000
v -8.526402 -5.224986 2.000000
v -8.609947 -5.288005 1.894737
v -8.705577 -5.374018 2.000000
v -8.564426 -5.251794 1.894737
v -8.671182 -5.341686 1.894737
v -8.564426 -5.251794 1.684211
v -8.746511 -5.414401 1.894737
v -8.609947 -5.288005 1.684211
v -8.671182 -5.341686 1.684211
v -8.834202 -5.507596 1.894737
v -8.903717 -5.587827 2.000000
v -8.564426 -5.251794 1.473684
v -8.746511 -5.414401 1.684211
v -8.609947 -5.288005 1.473684
v -8.932419 -5.622594 1.894737
v -8.671182 -5.341686 1.473684
v -8.834202 -5.507596 1.684211
v -8.564426 -5.251794 1.263158
v -8.746511 -5.414401 1.473684
v -8.609947 -5.288005 1.263158
v -9.039227 -5.760585 1.894737
v -9.211103 -6.012950 2.000000
v -8.932419 -5.622594 1.684211
v -8.671182 -5.341686 1.263158
v -8.834202 -5.507596 1.473684
v -8.564426 -5.251794 1.052632
v -8.746511 -5.414401 1.263158
v -9.152605 -5.922623 1.894737
v -8.609947 -5.288005 1.052632
v -9.039227 -5.760585 1.684211
v -8.932419 -5.622594 1.473684
v -8.671182 -5.341686 1.052632
v -8.834202 -5.507596 1.263158
v -8.564426 -5.251794 0.842105
v -8.746511 -5.414401 1.052632
v -9.152605 -5.922623 1.684211
v -8.609947 -5.288005 0.842105
v -9.039227 -5.760585 1.473684
v -8.932419 -5.622594 1.263158
v -8.671182 -5.341686 0.842105
v -8.834202 -5.507596 1.052632
v -8.564426 -5.251794 0.631579
v -8.746511 -5.414401 0.842105
v -9.152605 -5.922623 1.473684
v -8.609947 -5.288005 0.631579
v -9.039227 -5.760585 1.263158
v -8.932419 -5.622594 1.052632
v -8.671182 -5.341686 0.631579
v -8.834202 -5.507596 0.842105
v -8.564426 -5.251794 0.421053
v -8.746511 -5.414401 0.631579
v -9.152605 -5.922623 1.263158
v -8.609947 -5.288005 0.421053
v -9.039227 -5.760585 1.052632
v -8.932419 -5.622594 0.842105
v -8.671182 -5.341686 0.421053
v -8.834202 -5.507596 0.631579
v -8.564426 -5.251794 0.210526
v -8.746511 -5.414401 0.421053
v -9.152605 -5.922623 1.052632
v -9.211103 -6.012950 0.000000
v -8.609947 -5.288005 0.210526
v -9.039227 -5.760585 0.842105
v -8.932419 -5.622594 0.631579
v -8.564426 -5.251794 0.105263
v -8.671182 -5.341686 0.210526
v -8.834202 -5.507596 0.421053
v -8.705577 -5.374018 0.000000
v -8.609947 -5.288005 0.105263
v -8.746511 -5.414401 0.210526
v -8.671182 -5.341686 0.105263
v -9.152605 -5.922623 0.842105
v -9.039227 -5.760585 0.631579
v -8.932419 -5.622594 0.421053
v -8.746511 -5.414401 0.105263
v -8.834202 -5.507596 0.210526
v -9.152605 -5.922623 0.631579
v -8.903717 -5.587827 0.000000
v -8.834202 -5.507596 0.105263
v -9.039227 -5.760585 0.421053
v -8.932419 -5.622594 0.210526
v -8.932419 -5.622594 0.105263
v -9.152605 -5.922623 0.421053
v -9.039227 -5.760585 0.210526
v -9.039227 -5.760585 0.105263
v -9.152605 -5.922623 0.210526
v -9.152605 -5.922623 0.105263
v -8.565042 -6.902176 0.000000
v -8.565042 -6.902176 2.000000
v -8.363358 -6.845865 1.894737
v -8.065740 -6.741205 2.000000
v -8.186703 -6.787234 1.894737
v -8.363358 -6.845865 1.684211
v -8.034778 -6.728549 1.894737
v -8.186703 -6.787234 1.684211
v -8.363358 -6.845865 1.473684
v -7.907128 -6.672039 1.894737
v -7.800944 -6.618714 2.000000
v -8.034778 -6.728549 1.684211
v -7.803141 -6.619887 1.894737
v -8.186703 -6.787234 1.473684
v -8.363358 -6.845865 1.263158
v -7.722051 -6.574219 1.894737
v -7.604060 -6.494481 2.000000
v -7.907128 -6.672039 1.684211
v -7.662942 -6.537095 1.894737
v -8.034778 -6.728549 1.473684
v -7.803141 -6.619887 1.684211
v -8.186703 -6.787234 1.263158
v -8.363358 -6.845865 1.052632
v -7.722051 -6.574219 1.684211
v -7.907128 -6.672039 1.473684
v -7.662942 -6.537095 1.684211
v -8.034778 -6.728549 1.263158
v -7.803141 -6.619887 1.473684
v -8.186703 -6.787234 1.052632
v -8.363358 -6.845865 0.842105
v -7.722051 -6.574219 1.473684
v -7.907128 -6.672039 1.263158
v -7.662942 -6.537095 1.473684
v -8.034778 -6.728549 1.052632
v -7.803141 -6.619887 1.263158
v -8.186703 -6.787234 0.842105
v -8.363358 -6.845865 0.631579
v -7.722051 -6.574219 1.263158
v -7.907128 -6.672039 1.052632
v -7.662942 -6.537095 1.263158
v -8.034778 -6.728549 0.842105
v -7.803141 -6.619887 1.052632
v -8.186703 -6.787234 0.631579
v -8.363358 -6.845865 0.421053
v -7.722051 -6.574219 1.052632
v -7.907128 -6.672039 0.842105
v -7.662942 -6.537095 1.052632
v -7.604060 -6.494481 0.000000
v -8.034778 -6.728549 0.631579
v -7.803141 -6.619887 0.842105
v -8.186703 -6.787234 0.421053
v -8.363358 -6.845865 0.210526
v -7.722051 -6.574219 0.842105
v -7.907128 -6.672039 0.631579
v -8.065740 -6.741205 0.000000
v -8.363358 -6.845865 0.105263
v -7.662942 -6.537095 0.842105
v -8.034778 -6.728549 0.421053
v -7.803141 -6.619887 0.631579
v -8.186703 -6.787234 0.210526
v -7.722051 -6.574219 0.631579
v -7.907128 -6.672039 0.421053
v -8.186703 -6.787234 0.105263
v -7.662942 -6.537095 0.631579
v -8.034778 -6.728549 0.210526
v -7.803141 -6.619887 0.421053
v -8.034778 -6.728549 0.105263
v -7.722051 -6.574219 0.421053
v -7.907128 -6.672039 0.210526
v -7.662942 -6.537095 0.421053
v -7.800944 -6.618714 0.000000
v -7.907128 -6.672039 0.105263
v -7.803141 -6.619887 0.210526
v -7.722051 -6.574219 0.210526
v -7.803141 -6.619887 0.105263
v -7.662942 -6.537095 0.210526
v -7.722051 -6.574219 0.105263
v -7.662942 -6.537095 0.105263
v -6.653552 -5.682671 0.000000
v -6.653552 -5.682671 2.000000
v -5.682671 -6.653552 0.000000
v -5.682671 -6.653552 2.000000
v -6.494481 -7.604060 0.000000
v -6.494481 -7.604060 2.000000
v -6.554462 -7.689812 1.894737
v -6.618833 -7.801166 2.000000
v -6.522360 -7.641307 1.894737
v -6.596112 -7.759788 1.894737
v -6.522360 -7.641307 1.684211
v -6.645284 -7.852221 1.894737
v -6.554462 -7.689812 1.684211
v -6.596112 -7.759788 1.684211
v -6.699884 -7.967953 1.894737
v -6.741205 -8.065740 2.000000
v -6.522360 -7.641307 1.473684
v -6.645284 -7.852221 1.684211
v -6.554462 -7.689812 1.473684
v -6.757758 -8.107674 1.894737
v -6.596112 -7.759788 1.473684
v -6.699884 -7.967953 1.684211
v -6.522360 -7.641307 1.263158
v -6.645284 -7.852221 1.473684
v -6.554462 -7.689812 1.263158
v -6.816697 -8.271917 1.894737
v -6.902176 -8.565042 2.000000
v -6.757758 -8.107674 1.684211
v -6.596112 -7.759788 1.263158
v -6.699884 -7.967953 1.473684
v -6.522360 -7.641307 1.052632
v -6.645284 -7.852221 1.263158
v -6.874454 -8.461060 1.894737
v -6.554462 -7.689812 1.052632
v -6.816697 -8.271917 1.684211
v -6.757758 -8.107674 1.473684
v -6.596112 -7.759788 1.052632
v -6.699884 -7.967953 1.263158
v -6.522360 -7.641307 0.842105
v -6.645284 -7.852221 1.052632
v -6.874454 -8.461060 1.684211
v -6.554462 -7.689812 0.842105
v -6.816697 -8.271917 1.473684
v -6.757758 -8.107674 1.263158
v -6.596112 -7.759788 0.842105
v -6.699884 -7.967953 1.052632
v -6.522360 -7.641307 0.631579
v -6.645284 -7.852221 0.842105
v -6.874454 -8.461060 1.473684
v -6.554462 -7.689812 0.631579
v -6.816697 -8.271917 1.263158
v -6.757758 -8.107674 1.052632
v -6.596112 -7.759788 0.631579
v -6.699884 -7.967953 0.842105
v -6.522360 -7.641307 0.421053
v -6.645284 -7.852221 0.631579
v -6.874454 -8.461060 1.263158
v -6.554462 -7.689812 0.421053
v -6.816697 -8.271917 1.052632
v -6.757758 -8.107674 0.842105
v -6.596112 -7.759788 0.421053
v -6.699884 -7.967953 0.631579
v -6.522360 -7.641307 0.210526
v -6.645284 -7.852221 0.421053
v -6.874454 -8.461060 1.052632
v -6.902176 -8.565042 0.000000
v -6.554462 -7.689812 0.210526
v -6.816697 -8.271917 0.842105
v -6.757758 -8.107674 0.631579
v -6.522360 -7.641307 0.105263
v -6.596112 -7.759788 0.210526
v -6.699884 -7.967953 0.421053
v -6.618833 -7.801166 0.000000
v -6.554462 -7.689812 0.105263
v -6.645284 -7.852221 0.210526
v -6.596112 -7.759788 0.105263
v -6.874454 -8.461060 0.842105
v -6.816697 -8.271917 0.631579
v -6.757758 -8.107674 0.421053
v -6.645284 -7.852221 0.105263
v -6.699884 -7.967953 0.210526
v -6.874454 -8.461060 0.631579
v -6.741205 -8.065740 0.000000
v -6.699884 -7.967953 0.105263
v -6.816697 -8.271917 0.421053
v -6.757758 -8.107674 0.210526
v -6.757758 -8.107674 0.105263
v -6.874454 -8.461060 0.421053
v -6.816697 -8.271917 0.210526
v -6.816697 -8.271917 0.105263
v -6.874454 -8.461060 0.210526
v -6.874454 -8.461060 0.105263
v -6.012950 -9.211103 0.000000
v -6.012950 -9.211103 2.000000
v -5.838538 -9.095224 1.894737
v -5.587827 -8.903717 2.000000
v -5.688646 -8.984873 1.894737
v -5.838538 -9.095224 1.684211
v -5.562292 -8.882113 1.894737
v -5.688646 -8.984873 1.684211
v -5.838538 -9.095224 1.473684
v -5.458353 -8.788923 1.894737
v -5.373843 -8.705395 2.000000
v -5.562292 -8.882113 1.684211
v -5.375571 -8.707190 1.894737
v -5.688646 -8.984873 1.473684
v -5.838538 -9.095224 1.263158
v -5.312562 -8.638699 1.894737
v -5.224986 -8.526402 2.000000
v -5.458353 -8.788923 1.684211
v -5.267818 -8.585126 1.894737
v -5.562292 -8.882113 1.473684
v -5.375571 -8.707190 1.684211
v -5.688646 -8.984873 1.263158
v -5.838538 -9.095224 1.052632
v -5.312562 -8.638699 1.684211
v -5.458353 -8.788923 1.473684
v -5.267818 -8.585126 1.684211
v -5.562292 -8.882113 1.263158
v -5.375571 -8.707190 1.473684
v -5.688646 -8.984873 1.052632
v -5.838538 -9.095224 0.842105
v -5.312562 -8.638699 1.473684
v -5.458353 -8.788923 1.263158
v -5.267818 -8.585126 1.473684
v -5.562292 -8.882113 1.052632
v -5.375571 -8.707190 1.263158
v -5.688646 -8.984873 0.842105
v -5.838538 -9.095224 0.631579
v -5.312562 -8.638699 1.263158
v -5.458353 -8.788923 1.052632
v -5.267818 -8.585126 1.263158
v -5.562292 -8.882113 0.842105
v -5.375571 -8.707190 1.052632
v -5.688646 -8.984873 0.631579
v -5.838538 -9.095224 0.421053
v -5.312562 -8.638699 1.052632
v -5.458353 -8.788923 0.842105
v -5.267818 -8.585126 1.052632
v -5.224986 -8.526402 0.000000
v -5.562292 -8.882113 0.631579
v -5.375571 -8.707190 0.842105
v -5.688646 -8.984873 0.421053
v -5.838538 -9.095224 0.210526
v -5.312562 -8.638699 0.842105
v -5.458353 -8.788923 0.631579
v -5.587827 -8.903717 0.000000
v -5.838538 -9.095224 0.105263
v -5.267818 -8.585126 0.842105
v -5.562292 -8.882113 0.421053
v -5.375571 -8.707190 0.631579
v -5.688646 -8.984873 0.210526
v -5.312562 -8.638699 0.631579
v -5.458353 -8.788923 0.421053
v -5.688646 -8.984873 0.105263
v -5.267818 -8.585126 0.631579
v -5.562292 -8.882113 0.210526
v -5.375571 -8.707190 0.421053
v -5.562292 -8.882113 0.105263
v -5.312562 -8.638699 0.421053
v -5.458353 -8.788923 0.210526
v -5.267818 -8.585126 0.421053
v -5.373843 -8.705395 0.000000
v -5.458353 -8.788923 0.105263
v -5.375571 -8.707190 0.210526
v -5.312562 -8.638699 0.210526
v -5.375571 -8.707190 0.105263
v -5.267818 -8.585126 0.210526
v -5.312562 -8.638699 0.105263
v -5.267818 -8.585126 0.105263
v -4.571862 -7.460601 0.000000
v -4.571862 -7.460601 2.000000
v -3.348480 -8.083946 0.000000
v -3.348480 -8.083946 2.000000
v -3.826834 -9.238795 0.000000
v -3.826834 -9.238795 2.000000
v -3.866209 -9.375651 1.894737
v -3.884191 -9.464682 2.000000
v -3.849167 -9.307964 1.894737
v -3.884583 -9.466886 1.894737
v -3.849167 -9.307964 1.684211
v -3.902049 -9.581900 1.894737
v -3.918816 -9.754121 2.000000
v -3.866209 -9.375651 1.684211
v -3.884583 -9.466886 1.684211
v -3.916347 -9.720764 1.894737
v -3.849167 -9.307964 1.473684
v -3.902049 -9.581900 1.684211
v -3.866209 -9.375651 1.473684
v -3.925213 -9.883388 1.894737
v -3.884583 -9.466886 1.473684
v -3.916347 -9.720764 1.684211
v -3.849167 -9.307964 1.263158
v -3.902049 -9.581900 1.473684
v -3.866209 -9.375651 1.263158
v -3.926384 -10.069515 1.894737
v -3.917616 -10.278729 2.000000
v -3.925213 -9.883388 1.684211
v -3.884583 -9.466886 1.263158
v -3.916347 -9.720764 1.473684
v -3.849167 -9.307964 1.052632
v -3.902049 -9.581900 1.263158
v -3.866209 -9.375651 1.052632
v -3.926384 -10.069515 1.684211
v -3.925213 -9.883388 1.473684
v -3.884583 -9.466886 1.052632
v -3.916347 -9.720764 1.263158
v -3.849167 -9.307964 0.842105
v -3.902049 -9.581900 1.052632
v -3.866209 -9.375651 0.842105
v -3.926384 -10.069515 1.473684
v -3.925213 -9.883388 1.263158
v -3.884583 -9.466886 0.842105
v -3.916347 -9.720764 1.052632
v -3.849167 -9.307964 0.631579
v -3.902049 -9.581900 0.842105
v -3.866209 -9.375651 0.631579
v -3.926384 -10.069515 1.263158
v -3.925213 -9.883388 1.052632
v -3.884583 -9.466886 0.631579
v -3.916347 -9.720764 0.842105
v -3.849167 -9.307964 0.421053
v -3.902049 -9.581900 0.631579
v -3.866209 -9.375651 0.421053
v -3.926384 -10.069515 1.052632
v -3.917616 -10.278729 0.000000
v -3.925213 -9.883388 0.842105
v -3.884583 -9.466886 0.421053
v -3.916347 -9.720764 0.631579
v -3.849167 -9.307964 0.210526
v -3.902049 -9.581900 0.421053
v -3.866209 -9.375651 0.210526
v -3.849167 -9.307964 0.105263
v -3.926384 -10.069515 0.842105
v -3.925213 -9.883388 0.631579
v -3.884583 -9.466886 0.210526
v -3.884191 -9.464682 0.000000
v -3.866209 -9.375651 0.105263
v -3.916347 -9.720764 0.421053
v -3.884583 -9.466886 0.105263
v -3.902049 -9.581900 0.210526
v -3.926384 -10.069515 0.631579
v -3.925213 -9.883388 0.421053
v -3.918816 -9.754121 0.000000
v -3.902049 -9.581900 0.105263
v -3.916347 -9.720764 0.210526
v -3.916347 -9.720764 0.105263
v -3.926384 -10.069515 0.421053
v -3.925213 -9.883388 0.210526
v -3.925213 -9.883388 0.105263
v -3.926384 -10.069515 0.210526
v -3.926384 -10.069515 0.105263
v -2.872268 -10.618384 0.000000
v -2.872268 -10.618384 2.000000
v -2.742201 -10.454280 1.894737
v -2.562940 -10.194673 2.000000
v -2.633746 -10.303011 1.894737
v -2.742201 -10.454280 1.684211
v -2.545330 -10.166234 1.894737
v -2.633746 -10.303011 1.684211
v -2.742201 -10.454280 1.473684
v -2.475275 -10.045486 1.894737
v -2.420714 -9.939932 2.000000
v -2.545330 -10.166234 1.684211
v -2.421802 -9.942172 1.894737
v -2.633746 -10.303011 1.473684
v -2.742201 -10.454280 1.263158
v -2.383041 -9.857562 1.894737
v -2.334454 -9.723700 2.000000
v -2.475275 -10.045486 1.684211
v -2.357043 -9.792786 1.894737
v -2.545330 -10.166234 1.473684
v -2.421802 -9.942172 1.684211
v -2.633746 -10.303011 1.263158
v -2.742201 -10.454280 1.052632
v -2.383041 -9.857562 1.684211
v -2.475275 -10.045486 1.473684
v -2.357043 -9.792786 1.684211
v -2.545330 -10.166234 1.263158
v -2.421802 -9.942172 1.473684
v -2.633746 -10.303011 1.052632
v -2.742201 -10.454280 0.842105
v -2.383041 -9.857562 1.473684
v -2.475275 -10.045486 1.263158
v -2.357043 -9.792786 1.473684
v -2.545330 -10.166234 1.052632
v -2.421802 -9.942172 1.263158
v -2.633746 -10.303011 0.842105
v -2.742201 -10.454280 0.631579
v -2.383041 -9.857562 1.263158
v -2.475275 -10.045486 1.052632
v -2.357043 -9.792786 1.263158
v -2.545330 -10.166234 0.842105
v -2.421802 -9.942172 1.052632
v -2.633746 -10.303011 0.631579
v -2.742201 -10.454280 0.421053
v -2.383041 -9.857562 1.052632
v -2.475275 -10.045486 0.842105
v -2.357043 -9.792786 1.052632
v -2.334454 -9.723700 0.000000
v -2.545330 -10.166234 0.631579
v -2.421802 -9.942172 0.842105
v -2.633746 -10.303011 0.421053
v -2.742201 -10.454280 0.210526
v -2.383041 -9.857562 0.842105
v -2.475275 -10.045486 0.631579
v -2.562940 -10.194673 0.000000
v -2.742201 -10.454280 0.105263
v -2.357043 -9.792786 0.842105
v -2.545330 -10.166234 0.421053
v -2.421802 -9.942172 0.631579
v -2.633746 -10.303011 0.210526
v -2.383041 -9.857562 0.631579
v -2.475275 -10.045486 0.421053
v -2.633746 -10.303011 0.105263
v -2.357043 -9.792786 0.631579
v -2.545330 -10.166234 0.210526
v -2.421802 -9.942172 0.421053
v -2.545330 -10.166234 0.105263
v -2.383041 -9.857562 0.421053
v -2.475275 -10.045486 0.210526
v -2.357043 -9.792786 0.421053
v -2.420714 -9.939932 0.000000
v -2.475275 -10.045486 0.105263
v -2.421802 -9.942172 0.210526
v -2.383041 -9.857562 0.210526
v -2.421802 -9.942172 0.105263
v -2.357043 -9.792786 0.210526
v -2.383041 -9.857562 0.105263
v -2.357043 -9.792786 0.105263
v -2.042647 -8.508237 0.000000
v -2.042647 -8.508237 2.000000
v -0.686517 -8.723026 0.000000
v -0.686517 -8.723026 2.000000
v -0.784591 -9.969173 0.000000
v -0.784591 -9.969173 2.000000
v -0.779747 -10.111499 1.894737
v -0.769338 -10.201728 2.000000
v -0.784456 -10.041859 1.894737
v -0.769030 -10.203945 1.894737
v -0.784456 -10.041859 1.684211
v -0.750099 -10.318727 1.894737
v -0.712826 -10.487701 2.000000
v -0.779747 -10.111499 1.684211
v -0.769030 -10.203945 1.684211
v -0.720786 -10.455214 1.894737
v -0.784456 -10.041859 1.473684
v -0.750099 -10.318727 1.684211
v -0.779747 -10.111499 1.473684
v -0.678964 -10.612617 1.894737
v -0.769030 -10.203945 1.473684
v -0.720786 -10.455214 1.684211
v -0.784456 -10.041859 1.263158
v -0.750099 -10.318727 1.473684
v -0.779747 -10.111499 1.263158
v -0.622562 -10.789998 1.894737
v -0.549572 -10.986263 2.000000
v -0.678964 -10.612617 1.684211
v -0.769030 -10.203945 1.263158
v -0.720786 -10.455214 1.473684
v -0.784456 -10.041859 1.052632
v -0.750099 -10.318727 1.263158
v -0.779747 -10.111499 1.052632
v -0.622562 -10.789998 1.684211
v -0.678964 -10.612617 1.473684
v -0.769030 -10.203945 1.052632
v -0.720786 -10.455214 1.263158
v -0.784456 -10.041859 0.842105
v -0.750099 -10.318727 1.052632
v -0.779747 -10.111499 0.842105
v -0.622562 -10.789998 1.473684
v -0.678964 -10.612617 1.263158
v -0.769030 -10.203945 0.842105
v -0.720786 -10.455214 1.052632
v -0.784456 -10.041859 0.631579
v -0.750099 -10.318727 0.842105
v -0.779747 -10.111499 0.631579
v -0.622562 -10.789998 1.263158
v -0.678964 -10.612617 1.052632
v -0.769030 -10.203945 0.631579
v -0.720786 -10.455214 0.842105
v -0.784456 -10.041859 0.421053
v -0.750099 -10.318727 0.631579
v -0.779747 -10.111499 0.421053
v -0.622562 -10.789998 1.052632
v -0.549572 -10.986263 0.000000
v -0.678964 -10.612617 0.842105
v -0.769030 -10.203945 0.421053
v -0.720786 -10.455214 0.631579
v -0.784456 -10.041859 0.210526
v -0.750099 -10.318727 0.421053
v -0.779747 -10.111499 0.210526
v -0.784456 -10.041859 0.105263
v -0.622562 -10.789998 0.842105
v -0.678964 -10.612617 0.631579
v -0.769030 -10.203945 0.210526
v -0.769338 -10.201728 0.000000
v -0.779747 -10.111499 0.105263
v -0.720786 -10.455214 0.421053
v -0.769030 -10.203945 0.105263
v -0.750099 -10.318727 0.210526
v -0.622562 -10.789998 0.631579
v -0.678964 -10.612617 0.421053
v -0.712826 -10.487701 0.000000
v -0.750099 -10.318727 0.105263
v -0.720786 -10.455214 0.210526
v -0.720786 -10.455214 0.105263
v -0.622562 -10.789998 0.421053
v -0.678964 -10.612617 0.210526
v -0.678964 -10.612617 0.105263
v -0.622562 -10.789998 0.210526
v -0.622562 -10.789998 0.105263
v 0.549572 -10.986263 0.000000
v 0.549572 -10.986263 2.000000
v 0.622562 -10.789998 1.894737
v 0.712826 -10.487701 2.000000
v 0.678964 -10.612617 1.894737
v 0.622562 -10.789998 1.684211
v 0.720786 -10.455214 1.894737
v 0.678964 -10.612617 1.684211
v 0.622562 -10.789998 1.473684
v 0.750099 -10.318727 1.894737
v 0.769372 -10.201478 2.000000
v 0.720786 -10.455214 1.684211
v 0.769030 -10.203945 1.894737
v 0.678964 -10.612617 1.473684
v 0.622562 -10.789998 1.263158
v 0.779747 -10.111499 1.894737
v 0.784591 -9.969173 2.000000
v 0.750099 -10.318727 1.684211
v 0.784456 -10.041859 1.894737
v 0.720786 -10.455214 1.473684
v 0.769030 -10.203945 1.684211
v 0.678964 -10.612617 1.263158
v 0.622562 -10.789998 1.052632
v 0.779747 -10.111499 1.684211
v 0.750099 -10.318727 1.473684
v 0.784456 -10.041859 1.684211
v 0.720786 -10.455214 1.263158
v 0.769030 -10.203945 1.473684
v 0.678964 -10.612617 1.052632
v 0.622562 -10.789998 0.842105
v 0.779747 -10.111499 1.473684
v 0.750099 -10.318727 1.263158
v 0.784456 -10.041859 1.473684
v 0.720786 -10.455214 1.052632
v 0.769030 -10.203945 1.263158
v 0.678964 -10.612617 0.842105
v 0.622562 -10.789998 0.631579
v 0.779747 -10.111499 1.263158
v 0.750099 -10.318727 1.052632
v 0.784456 -10.041859 1.263158
v 0.720786 -10.455214 0.842105
v 0.769030 -10.203945 1.052632
v 0.678964 -10.612617 0.631579
v 0.622562 -10.789998 0.421053
v 0.779747 -10.111499 1.052632
v 0.750099 -10.318727 0.842105
v 0.784456 -10.041859 1.052632
v 0.784591 -9.969173 0.000000
v 0.720786 -10.455214 0.631579
v 0.769030 -10.203945 0.842105
v 0.678964 -10.612617 0.421053
v 0.622562 -10.789998 0.210526
v 0.779747 -10.111499 0.842105
v 0.750099 -10.318727 0.631579
v 0.712826 -10.487701 0.000000
v 0.622562 -10.789998 0.105263
v 0.784456 -10.041859 0.842105
v 0.720786 -10.455214 0.421053
v 0.769030 -10.203945 0.631579
v 0.678964 -10.612617 0.210526
v 0.779747 -10.111499 0.631579
v 0.750099 -10.318727 0.421053
v 0.678964 -10.612617 0.105263
v 0.784456 -10.041859 0.631579
v 0.720786 -10.455214 0.210526
v 0.769030 -10.203945 0.421053
v 0.720786 -10.455214 0.105263
v 0.779747 -10.111499 0.421053
v 0.750099 -10.318727 0.210526
v 0.784456 -10.041859 0.421053
v 0.769372 -10.201478 0.000000
v 0.750099 -10.318727 0.105263
v 0.769030 -10.203945 0.210526
v 0.779747 -10.111499 0.210526
v 0.769030 -10.203945 0.105263
v 0.784456 -10.041859 0.210526
v 0.779747 -10.111499 0.105263
v 0.784456 -10.041859 0.105263
v 0.686517 -8.723026 0.000000
v 0.686517 -8.723026 2.000000
v 2.042647 -8.508237 0.000000
v 2.042647 -8.508237 2.000000
v 2.334454 -9.723700 0.000000
v 2.334454 -9.723700 2.000000
v 2.368572 -9.822630 1.894737
v 2.420824 -9.940159 2.000000
v 2.348200 -9.768147 1.894737
v 2.400703 -9.897455 1.894737
v 2.348200 -9.768147 1.684211
v 2.446581 -9.991568 1.894737
v 2.368572 -9.822630 1.684211
v 2.400703 -9.897455 1.684211
v 2.508116 -10.103765 1.894737
v 2.562940 -10.194673 2.000000
v 2.348200 -9.768147 1.473684
v 2.446581 -9.991568 1.684211
v 2.368572 -9.822630 1.473684
v 2.587136 -10.232712 1.894737
v 2.400703 -9.897455 1.473684
v 2.508116 -10.103765 1.684211
v 2.348200 -9.768147 1.263158
v 2.446581 -9.991568 1.473684
v 2.368572 -9.822630 1.263158
v 2.685367 -10.376934 1.894737
v 2.872268 -10.618384 2.000000
v 2.587136 -10.232712 1.684211
v 2.400703 -9.897455 1.263158
v 2.508116 -10.103765 1.473684
v 2.348200 -9.768147 1.052632
v 2.446581 -9.991568 1.263158
v 2.804439 -10.534836 1.894737
v 2.368572 -9.822630 1.052632
v 2.685367 -10.376934 1.684211
v 2.587136 -10.232712 1.473684
v 2.400703 -9.897455 1.052632
v 2.508116 -10.103765 1.263158
v 2.348200 -9.768147 0.842105
v 2.446581 -9.991568 1.052632
v 2.804439 -10.534836 1.684211
v 2.368572 -9.822630 0.842105
v 2.685367 -10.376934 1.473684
v 2.587136 -10.232712 1.263158
v 2.400703 -9.897455 0.842105
v 2.508116 -10.103765 1.052632
v 2.348200 -9.768147 0.631579
v 2.446581 -9.991568 0.842105
v 2.804439 -10.534836 1.473684
v 2.368572 -9.822630 0.631579
v 2.685367 -10.376934 1.263158
v 2.587136 -10.232712 1.052632
v 2.400703 -9.897455 0.631579
v 2.508116 -10.103765 0.842105
v 2.348200 -9.768147 0.421053
v 2.446581 -9.991568 0.631579
v 2.804439 -10.534836 1.263158
v 2.368572 -9.822630 0.421053
v 2.685367 -10.376934 1.052632
v 2.587136 -10.232712 0.842105
v 2.400703 -9.897455 0.421053
v 2.508116 -10.103765 0.631579
v 2.348200 -9.768147 0.210526
v 2.446581 -9.991568 0.421053
v 2.804439 -10.534836 1.052632
v 2.872268 -10.618384 0.000000
v 2.368572 -9.822630 0.210526
v 2.685367 -10.376934 0.842105
v 2.587136 -10.232712 0.631579
v 2.348200 -9.768147 0.105263
v 2.400703 -9.897455 0.210526
v 2.508116 -10.103765 0.421053
v 2.420824 -9.940159 0.000000
v 2.368572 -9.822630 0.105263
v 2.446581 -9.991568 0.210526
v 2.400703 -9.897455 0.105263
v 2.804439 -10.534836 0.842105
v 2.685367 -10.376934 0.631579
v 2.587136 -10.232712 0.421053
v 2.446581 -9.991568 0.105263
v 2.508116 -10.103765 0.210526
v 2.804439 -10.534836 0.631579
v 2.562940 -10.194673 0.000000
v 2.508116 -10.103765 0.105263
v 2.685367 -10.376934 0.421053
v 2.587136 -10.232712 0.210526
v 2.587136 -10.232712 0.105263
v 2.804439 -10.534836 0.421053
v 2.685367 -10.376934 0.210526
v 2.685367 -10.376934 0.105263
v 2.804439 -10.534836 0.210526
v 2.804439 -10.534836 0.105263
v 3.917616 -10.278729 0.000000
v 3.917616 -10.278729 2.000000
v 3.926384 -10.069515 1.894737
v 3.918816 -9.754121 2.000000
v 3.925213 -9.883388 1.894737
v 3.926384 -10.069515 1.684211
v 3.916347 -9.720764 1.894737
v 3.925213 -9.883388 1.684211
v 3.926384 -10.069515 1.473684
v 3.902049 -9.581900 1.894737
v 3.884147 -9.464434 2.000000
v 3.916347 -9.720764 1.684211
v 3.884583 -9.466886 1.894737
v 3.925213 -9.883388 1.473684
v 3.926384 -10.069515 1.263158
v 3.866209 -9.375651 1.894737
v 3.826834 -9.238795 2.000000
v 3.902049 -9.581900 1.684211
v 3.849167 -9.307964 1.894737
v 3.916347 -9.720764 1.473684
v 3.884583 -9.466886 1.684211
v 3.925213 -9.883388 1.263158
v 3.926384 -10.069515 1.052632
v 3.866209 -9.375651 1.684211
v 3.902049 -9.581900 1.473684
v 3.849167 -9.307964 1.684211
v 3.916347 -9.720764 1.263158
v 3.884583 -9.466886 1.473684
v 3.925213 -9.883388 1.052632
v 3.926384 -10.069515 0.842105
v 3.866209 -9.375651 1.473684
v 3.902049 -9.581900 1.263158
v 3.849167 -9.307964 1.473684
v 3.916347 -9.720764 1.052632
v 3.884583 -9.466886 1.263158
v 3.925213 -9.883388 0.842105
v 3.926384 -10.069515 0.631579
v 3.866209 -9.375651 1.263158
v 3.902049 -9.581900 1.052632
v 3.849167 -9.307964 1.263158
v 3.916347 -9.720764 0.842105
v 3.884583 -9.466886 1.052632
v 3.925213 -9.883388 0.631579
v 3.926384 -10.069515 0.421053
v 3.866209 -9.375651 1.052632
v 3.902049 -9.581900 0.842105
v 3.849167 -9.307964 1.052632
v 3.826834 -9.238795 0.000000
v 3.916347 -9.720764 0.631579
v 3.884583 -9.466886 0.842105
v 3.925213 -9.883388 0.421053
v 3.926384 -10.069515 0.210526
v 3.866209 -9.375651 0.842105
v 3.902049 -9.581900 0.631579
v 3.918816 -9.754121 0.000000
v 3.926384 -10.069515 0.105263
v 3.849167 -9.307964 0.842105
v 3.916347 -9.720764 0.421053
v 3.884583 -9.466886 0.631579
v 3.925213 -9.883388 0.210526
v 3.866209 -9.375651 0.631579
v 3.902049 -9.581900 0.421053
v 3.925213 -9.883388 0.105263
v 3.849167 -9.307964 0.631579
v 3.916347 -9.720764 0.210526
v 3.884583 -9.466886 0.421053
v 3.916347 -9.720764 0.105263
v 3.866209 -9.375651 0.421053
v 3.902049 -9.581900 0.210526
v 3.849167 -9.307964 0.421053
v 3.884147 -9.464434 0.000000
v 3.902049 -9.581900 0.105263
v 3.884583 -9.466886 0.210526
v 3.866209 -9.375651 0.210526
v 3.884583 -9.466886 0.105263
v 3.849167 -9.307964 0.210526
v 3.866209 -9.375651 0.105263
v 3.849167 -9.307964 0.105263
v 3.348480 -8.083946 0.000000
v 3.348480 -8.083946 2.000000
v 4.571862 -7.460601 0.000000
v 4.571862 -7.460601 2.000000
v 5.224986 -8.526402 0.000000
v 5.224986 -8.526402 2.000000
v 5.288005 -8.609947 1.894737
v 5.374018 -8.705577 2.000000
v 5.251794 -8.564426 1.894737
v 5.341686 -8.671182 1.894737
v 5.251794 -8.564426 1.684211
v 5.414401 -8.746511 1.894737
v 5.288005 -8.609947 1.684211
v 5.341686 -8.671182 1.684211
v 5.507596 -8.834202 1.894737
v 5.587827 -8.903717 2.000000
v 5.251794 -8.564426 1.473684
v 5.414401 -8.746511 1.684211
v 5.288005 -8.609947 1.473684
v 5.622594 -8.932419 1.894737
v 5.341686 -8.671182 1.473684
v 5.507596 -8.834202 1.684211
v 5.251794 -8.564426 1.263158
v 5.414401 -8.746511 1.473684
v 5.288005 -8.609947 1.263158
v 5.760585 -9.039227 1.894737
v 6.012950 -9.211103 2.000000
v 5.622594 -8.932419 1.684211
v 5.341686 -8.671182 1.263158
v 5.507596 -8.834202 1.473684
v 5.251794 -8.564426 1.052632
v 5.414401 -8.746511 1.263158
v 5.922623 -9.152605 1.894737
v 5.288005 -8.609947 1.052632
v 5.760585 -9.039227 1.684211
v 5.622594 -8.932419 1.473684
v 5.341686 -8.671182 1.052632
v 5.507596 -8.834202 1.263158
v 5.251794 -8.564426 0.842105
v 5.414401 -8.746511 1.052632
v 5.922623 -9.152605 1.684211
v 5.288005 -8.609947 0.842105
v 5.760585 -9.039227 1.473684
v 5.622594 -8.932419 1.263158
v 5.341686 -8.671182 0.842105
v 5.507596 -8.834202 1.052632
v 5.251794 -8.564426 0.631579
v 5.414401 -8.746511 0.842105
v 5.922623 -9.152605 1.473684
v 5.288005 -8.609947 0.631579
v 5.760585 -9.039227 1.263158
v 5.622594 -8.932419 1.052632
v 5.341686 -8.671182 0.631579
v 5.507596 -8.834202 0.842105
v 5.251794 -8.564426 0.421053
v 5.414401 -8.746511 0.631579
v 5.922623 -9.152605 1.263158
v 5.288005 -8.609947 0.421053
v 5.760585 -9.039227 1.052632
v 5.622594 -8.932419 0.842105
v 5.341686 -8.671182 0.421053
v 5.507596 -8.834202 0.631579
v 5.251794 -8.564426 0.210526
v 5.414401 -8.746511 0.421053
v 5.922623 -9.152605 1.052632
v 6.012950 -9.211103 0.000000
v 5.288005 -8.609947 0.210526
v 5.760585 -9.039227 0.842105
v 5.622594 -8.932419 0.631579
v 5.251794 -8.564426 0.105263
v 5.341686 -8.671182 0.210526
v 5.507596 -8.834202 0.421053
v 5.374018 -8.705577 0.000000
v 5.288005 -8.609947 0.105263
v 5.414401 -8.746511 0.210526
v 5.341686 -8.671182 0.105263
v 5.922623 -9.152605 0.842105
v 5.760585 -9.039227 0.631579
v 5.622594 -8.932419 0.421053
v 5.414401 -8.746511 0.105263
v 5.507596 -8.834202 0.210526
v 5.922623 -9.152605 0.631579
v 5.587827 -8.903717 0.000000
v 5.507596 -8.834202 0.105263
v 5.760585 -9.039227 0.421053
v 5.622594 -8.932419 0.210526
v 5.622594 -8.932419 0.105263
v 5.922623 -9.152605 0.421053
v 5.760585 -9.039227 0.210526
v 5.760585 -9.039227 0.105263
v 5.922623 -9.152605 0.210526
v 5.922623 -9.152605 0.105263
v 6.902176 -8.565042 0.000000
v 6.902176 -8.565042 2.000000
v 6.845865 -8.363358 1.894737
v 6.741205 -8.065740 2.000000
v 6.787234 -8.186703 1.894737
v 6.845865 -8.363358 1.684211
v 6.728549 -8.034778 1.894737
v 6.787234 -8.186703 1.684211
v 6.845865 -8.363358 1.473684
v 6.672039 -7.907128 1.894737
v 6.618714 -7.800944 2.000000
v 6.728549 -8.034778 1.684211
v 6.619887 -7.803141 1.894737
v 6.787234 -8.186703 1.473684
v 6.845865 -8.363358 1.263158
v 6.574219 -7.722051 1.894737
v 6.494481 -7.604060 2.000000
v 6.672039 -7.907128 1.684211
v 6.537095 -7.662942 1.894737
v 6.728549 -8.034778 1.473684
v 6.619887 -7.803141 1.684211
v 6.787234 -8.186703 1.263158
v 6.845865 -8.363358 1.052632
v 6.574219 -7.722051 1.684211
v 6.672039 -7.907128 1.473684
v 6.537095 -7.662942 1.684211
v 6.728549 -8.034778 1.263158
v 6.619887 -7.803141 1.473684
v 6.787234 -8.186703 1.052632
v 6.845865 -8.363358 0.842105
v 6.574219 -7.722051 1.473684
v 6.672039 -7.907128 1.263158
v 6.537095 -7.662942 1.473684
v 6.728549 -8.034778 1.052632
v 6.619887 -7.803141 1.263158
v 6.787234 -8.186703 0.842105
v 6.845865 -8.363358 0.631579
v 6.574219 -7.722051 1.263158
v 6.672039 -7.907128 1.052632
v 6.537095 -7.662942 1.263158
v 6.728549 -8.034778 0.842105
v 6.619887 -7.803141 1.052632
v 6.787234 -8.186703 0.631579
v 6.845865 -8.363358 0.421053
v 6.574219 -7.722051 1.052632
v 6.672039 -7.907128 0.842105
v 6.537095 -7.662942 1.052632
v 6.494481 -7.604060 0.000000
v 6.728549 -8.034778 0.631579
v 6.619887 -7.803141 0.842105
v 6.787234 -8.186703 0.421053
v 6.845865 -8.363358 0.210526
v 6.574219 -7.722051 0.842105
v 6.672039 -7.907128 0.631579
v 6.741205 -8.065740 0.000000
v 6.845865 -8.363358 0.105263
v 6.537095 -7.662942 0.842105
v 6.728549 -8.034778 0.421053
v 6.619887 -7.803141 0.631579
v 6.787234 -8.186703 0.210526
v 6.574219 -7.722051 0.631579
v 6.672039 -7.907128 0.421053
v 6.787234 -8.186703 0.105263
v 6.537095 -7.662942 0.631579
v 6.728549 -8.034778 0.210526
v 6.619887 -7.803141 0.421053
v 6.728549 -8.034778 0.105263
v 6.574219 -7.722051 0.421053
v 6.672039 -7.907128 0.210526
v 6.537095 -7.662942 0.421053
v 6.618714 -7.800944 0.000000
v 6.672039 -7.907128 0.105263
v 6.619887 -7.803141 0.210526
v 6.574219 -7.722051 0.210526
v 6.619887 -7.803141 0.105263
v 6.537095 -7.662942 0.210526
v 6.574219 -7.722051 0.105263
v 6.537095 -7.662942 0.105263
v 5.682671 -6.653552 0.000000
v 5.682671 -6.653552 2.000000
v 6.653552 -5.682671 0.000000
v 6.653552 -5.682671 2.000000
v 7.604060 -6.494481 0.000000
v 7.604060 -6.494481 2.000000
v 7.689812 -6.554462 1.894737
v 7.801166 -6.618833 2.000000
v 7.641307 -6.522360 1.894737
v 7.759788 -6.596112 1.894737
v 7.641307 -6.522360 1.684211
v 7.852221 -6.645284 1.894737
v 7.689812 -6.554462 1.684211
v 7.759788 -6.596112 1.684211
v 7.967953 -6.699884 1.894737
v 8.065740 -6.741205 2.000000
v 7.641307 -6.522360 1.473684
v 7.852221 -6.645284 1.684211
v 7.689812 -6.554462 1.473684
v 8.107674 -6.757758 1.894737
v 7.759788 -6.596112 1.473684
v 7.967953 -6.699884 1.684211
v 7.641307 -6.522360 1.263158
v 7.852221 -6.645284 1.473684
v 7.689812 -6.554462 1.263158
v 8.271917 -6.816697 1.894737
v 8.565042 -6.902176 2.000000
v 8.107674 -6.757758 1.684211
v 7.759788 -6.596112 1.263158
v 7.967953 -6.699884 1.473684
v 7.641307 -6.522360 1.052632
v 7.852221 -6.645284 1.263158
v 8.461060 -6.874454 1.894737
v 7.689812 -6.554462 1.052632
v 8.271917 -6.816697 1.684211
v 8.107674 -6.757758 1.473684
v 7.759788 -6.596112 1.052632
v 7.967953 -6.699884 1.263158
v 7.641307 -6.522360 0.842105
v 7.852221 -6.645284 1.052632
v 8.461060 -6.874454 1.684211
v 7.689812 -6.554462 0.842105
v 8.271917 -6.816697 1.473684
v 8.107674 -6.757758 1.263158
v 7.759788 -6.596112 0.842105
v 7.967953 -6.699884 1.052632
v 7.641307 -6.522360 0.631579
v 7.852221 -6.645284 0.842105
v 8.461060 -6.874454 1.473684
v 7.689812 -6.554462 0.631579
v 8.271917 -6.816697 1.263158
v 8.107674 -6.757758 1.052632
v 7.759788 -6.596112 0.631579
v 7.967953 -6.699884 0.842105
v 7.641307 -6.522360 0.421053
v 7.852221 -6.645284 0.631579
v 8.461060 -6.874454 1.263158
v 7.689812 -6.554462 0.421053
v 8.271917 -6.816697 1.052632
v 8.107674 -6.757758 0.842105
v 7.759788 -6.596112 0.421053
v 7.967953 -6.699884 0.631579
v 7.641307 -6.522360 0.210526
v 7.852221 -6.645284 0.421053
v 8.461060 -6.874454 1.052632
v 8.565042 -6.902176 0.000000
v 7.689812 -6.554462 0.210526
v 8.271917 -6.816697 0.842105
v 8.107674 -6.757758 0.631579
v 7.641307 -6.522360 0.105263
v 7.759788 -6.596112 0.210526
v 7.967953 -6.699884 0.421053
v 7.801166 -6.618833 0.000000
v 7.689812 -6.554462 0.105263
v 7.852221 -6.645284 0.210526
v 7.759788 -6.596112 0.105263
v 8.461060 -6.874454 0.842105
v 8.271917 -6.816697 0.631579
v 8.107674 -6.757758 0.421053
v 7.852221 -6.645284 0.105263
v 7.967953 -6.699884 0.210526
v 8.461060 -6.874454 0.631579
v 8.065740 -6.741205 0.000000
v 7.967953 -6.699884 0.105263
v 8.271917 -6.816697 0.421053
v 8.107674 -6.757758 0.210526
v 8.107674 -6.757758 0.105263
v 8.461060 -6.874454 0.421053
v 8.271917 -6.816697 0.210526
v 8.271917 -6.816697 0.105263
v 8.461060 -6.874454 0.210526
v 8.461060 -6.874454 0.105263
v 9.211103 -6.012950 0.000000
v 9.211103 -6.012950 2.000000
v 9.095224 -5.838538 1.894737
v 8.903717 -5.587827 2.000000
v 8.984873 -5.688646 1.894737
v 9.095224 -5.838538 1.684211
v 8.882113 -5.562292 1.894737
v 8.984873 -5.688646 1.684211
v 9.095224 -5.838538 1.473684
v 8.788923 -5.458353 1.894737
v 8.705395 -5.373843 2.000000
v 8.882113 -5.562292 1.684211
v 8.707190 -5.375571 1.894737
v 8.984873 -5.688646 1.473684
v 9.095224 -5.838538 1.263158
v 8.638699 -5.312562 1.894737
v 8.526402 -5.224986 2.000000
v 8.788923 -5.458353 1.684211
v 8.585126 -5.267818 1.894737
v 8.882113 -5.562292 1.473684
v 8.707190 -5.375571 1.684211
v 8.984873 -5.688646 1.263158
v 9.095224 -5.838538 1.052632
v 8.638699 -5.312562 1.684211
v 8.788923 -5.458353 1.473684
v 8.585126 -5.267818 1.684211
v 8.882113 -5.562292 1.263158
v 8.707190 -5.375571 1.473684
v 8.984873 -5.688646 1.052632
v 9.095224 -5.838538 0.842105
v 8.638699 -5.312562 1.473684
v 8.788923 -5.458353 1.263158
v 8.585126 -5.267818 1.473684
v 8.882113 -5.562292 1.052632
v 8.707190 -5.375571 1.263158
v 8.984873 -5.688646 0.842105
v 9.095224 -5.838538 0.631579
v 8.638699 -5.312562 1.263158
v 8.788923 -5.458353 1.052632
v 8.585126 -5.267818 1.263158
v 8.882113 -5.562292 0.842105
v 8.707190 -5.375571 1.052632
v 8.984873 -5.688646 0.631579
v 9.095224 -5.838538 0.421053
v 8.638699 -5.312562 1.052632
v 8.788923 -5.458353 0.842105
v 8.585126 -5.267818 1.052632
v 8.526402 -5.224986 0.000000
v 8.882113 -5.562292 0.631579
v 8.707190 -5.375571 0.842105
v 8.984873 -5.688646 0.421053
v 9.095224 -5.838538 0.210526
v 8.638699 -5.312562 0.842105
v 8.788923 -5.458353 0.631579
v 8.903717 -5.587827 0.000000
v 9.095224 -5.838538 0.105263
v 8.585126 -5.267818 0.842105
v 8.882113 -5.562292 0.421053
v 8.707190 -5.375571 0.631579
v 8.984873 -5.688646 0.210526
v 8.638699 -5.312562 0.631579
v 8.788923 -5.458353 0.421053
v 8.984873 -5.688646 0.105263
v 8.585126 -5.267818 0.631579
v 8.882113 -5.562292 0.210526
v 8.707190 -5.375571 0.421053
v 8.882113 -5.562292 0.105263
v 8.638699 -5.312562 0.421053
v 8.788923 -5.458353 0.210526
v 8.585126 -5.267818 0.421053
v 8.705395 -5.373843 0.000000
v 8.788923 -5.458353 0.105263
v 8.707190 -5.375571 0.210526
v 8.638699 -5.312562 0.210526
v 8.707190 -5.375571 0.105263
v 8.585126 -5.267818 0.210526
v 8.638699 -5.312562 0.105263
v 8.585126 -5.267818 0.105263
v 7.460601 -4.571862 0.000000
v 7.460601 -4.571862 2.000000
v 8.083946 -3.348480 0.000000
v 8.083946 -3.348480 2.000000
v 9.238795 -3.826834 0.000000
v 9.238795 -3.826834 2.000000
v 9.375651 -3.866209 1.894737
v 9.464682 -3.884191 2.000000
v 9.307964 -3.849167 1.894737
v 9.466886 -3.884583 1.894737
v 9.307964 -3.849167 1.684211
v 9.581900 -3.902049 1.894737
v 9.754121 -3.918816 2.000000
v 9.375651 -3.866209 1.684211
v 9.466886 -3.884583 1.684211
v 9.720764 -3.916347 1.894737
v 9.307964 -3.849167 1.473684
v 9.581900 -3.902049 1.684211
v 9.375651 -3.866209 1.473684
v 9.883388 -3.925213 1.894737
v 9.466886 -3.884583 1.473684
v 9.720764 -3.916347 1.684211
v 9.307964 -3.849167 1.263158
v 9.581900 -3.902049 1.473684
v 9.375651 -3.866209 1.263158
v 10.069515 -3.926384 1.894737
v 10.278729 -3.917616 2.000000
v 9.883388 -3.925213 1.684211
v 9.466886 -3.884583 1.263158
v 9.720764 -3.916347 1.473684
v 9.307964 -3.849167 1.052632
v 9.581900 -3.902049 1.263158
v 9.375651 -3.866209 1.052632
v 10.069515 -3.926384 1.684211
v 9.883388 -3.925213 1.473684
v 9.466886 -3.884583 1.052632
v 9.720764 -3.916347 1.263158
v 9.307964 -3.849167 0.842105
v 9.581900 -3.902049 1.052632
v 9.375651 -3.866209 0.842105
v 10.069515 -3.926384 1.473684
v 9.883388 -3.925213 1.263158
v 9.466886 -3.884583 0.842105
v 9.720764 -3.916347 1.052632
v 9.307964 -3.849167 0.631579
v 9.581900 -3.902049 0.842105
v 9.375651 -3.866209 0.631579
v 10.069515 -3.926384 1.263158
v 9.883388 -3.925213 1.052632
v 9.466886 -3.884583 0.631579
v 9.720764 -3.916347 0.842105
v 9.307964 -3.849167 0.421053
v 9.581900 -3.902049 0.631579
v 9.375651 -3.866209 0.421053
v 10.069515 -3.926384 1.052632
v 10.278729 -3.917616 0.000000
v 9.883388 -3.925213 0.842105
v 9.466886 -3.884583 0.421053
v 9.720764 -3.916347 0.631579
v 9.307964 -3.849167 0.210526
v 9.581900 -3.902049 0.421053
v 9.375651 -3.866209 0.210526
v 9.307964 -3.849167 0.105263
v 10.069515 -3.926384 0.842105
v 9.883388 -3.925213 0.631579
v 9.466886 -3.884583 0.210526
v 9.464682 -3.884191 0.000000
v 9.375651 -3.866209 0.105263
v 9.720764 -3.916347 0.421053
v 9.466886 -3.884583 0.105263
v 9.581900 -3.902049 0.210526
v 10.069515 -3.926384 0.631579
v 9.883388 -3.925213 0.421053
v 9.754121 -3.918816 0.000000
v 9.581900 -3.902049 0.105263
v 9.720764 -3.916347 0.210526
v 9.720764 -3.916347 0.105263
v 10.069515 -3.926384 0.421053
v 9.883388 -3.925213 0.210526
v 9.883388 -3.925213 0.105263
v 10.069515 -3.926384 0.210526
v 10.069515 -3.926384 0.105263
v 10.618384 -2.872268 0.000000
v 10.618384 -2.872268 2.000000
v 10.454280 -2.742201 1.894737
v 10.194673 -2.562940 2.000000
v 10.303011 -2.633746 1.894737
v 10.454280 -2.742201 1.684211
v 10.166234 -2.545330 1.894737
v 10.303011 -2.633746 1.684211
v 10.454280 -2.742201 1.473684
v 10.045486 -2.475275 1.894737
v 9.939932 -2.420714 2.000000
v 10.166234 -2.545330 1.684211
v 9.942172 -2.421802 1.894737
v 10.303011 -2.633746 1.473684
v 10.454280 -2.742201 1.263158
v 9.857562 -2.383041 1.894737
v 9.723700 -2.334454 2.000000
v 10.045486 -2.475275 1.684211
v 9.792786 -2.357043 1.894737
v 10.166234 -2.545330 1.473684
v 9.942172 -2.421802 1.684211
v 10.303011 -2.633746 1.263158
v 10.454280 -2.742201 1.052632
v 9.857562 -2.383041 1.684211
v 10.045486 -2.475275 1.473684
v 9.792786 -2.357043 1.684211
v 10.166234 -2.545330 1.263158
v 9.942172 -2.421802 1.473684
v 10.303011 -2.633746 1.052632
v 10.454280 -2.742201 0.842105
v 9.857562 -2.383041 1.473684
v 10.045486 -2.475275 1.263158
v 9.792786 -2.357043 1.473684
v 10.166234 -2.545330 1.052632
v 9.942172 -2.421802 1.263158
v 10.303011 -2.633746 0.842105
v 10.454280 -2.742201 0.631579
v 9.857562 -2.383041 1.263158
v 10.045486 -2.475275 1.052632
v 9.792786 -2.357043 1.263158
v 10.166234 -2.545330 0.842105
v 9.942172 -2.421802 1.052632
v 10.303011 -2.633746 0.631579
v 10.454280 -2.742201 0.421053
v 9.857562 -2.383041 1.052632
v 10.045486 -2.475275 0.842105
v 9.792786 -2.357043 1.052632
v 9.723700 -2.334454 0.000000
v 10.166234 -2.545330 0.631579
v 9.942172 -2.421802 0.842105
v 10.303011 -2.633746 0.421053
v 10.454280 -2.742201 0.210526
v 9.857562 -2.383041 0.842105
v 10.045486 -2.475275 0.631579
v 10.194673 -2.562940 0.000000
v 10.454280 -2.742201 0.105263
v 9.792786 -2.357043 0.842105
v 10.166234 -2.545330 0.421053
v 9.942172 -2.421802 0.631579
v 10.303011 -2.633746 0.210526
v 9.857562 -2.383041 0.631579
v 10.045486 -2.475275 0.421053
v 10.303011 -2.633746 0.105263
v 9.792786 -2.357043 0.631579
v 10.166234 -2.545330 0.210526
v 9.942172 -2.421802 0.421053
v 10.166234 -2.545330 0.105263
v 9.857562 -2.383041 0.421053
v 10.045486 -2.475275 0.210526
v 9.792786 -2.357043 0.421053
v 9.939932 -2.420714 0.000000
v 10.045486 -2.475275 0.105263
v 9.942172 -2.421802 0.210526
v 9.857562 -2.383041 0.210526
v 9.942172 -2.421802 0.105263
v 9.792786 -2.357043 0.210526
v 9.857562 -2.383041 0.105263
v 9.792786 -2.357043 0.105263
v 8.508237 -2.042647 0.000000
v 8.508237 -2.042647 2.000000
v 8.723026 -0.686517 0.000000
v 8.723026 -0.686517 2.000000
v 9.969173 -0.784591 0.000000
v 9.969173 -0.784591 2.000000
v 10.111499 -0.779747 1.894737
v 10.201728 -0.769338 2.000000
v 10.041859 -0.784456 1.894737
v 10.203945 -0.769030 1.894737
v 10.041859 -0.784456 1.684211
v 10.318727 -0.750099 1.894737
v 10.487701 -0.712826 2.000000
v 10.111499 -0.779747 1.684211
v 10.203945 -0.769030 1.684211
v 10.455214 -0.720786 1.894737
v 10.041859 -0.784456 1.473684
v 10.318727 -0.750099 1.684211
v 10.111499 -0.779747 1.473684
v 10.612617 -0.678964 1.894737
v 10.203945 -0.769030 1.473684
v 10.455214 -0.720786 1.684211
v 10.041859 -0.784456 1.263158
v 10.318727 -0.750099 1.473684
v 10.111499 -0.779747 1.263158
v 10.789998 -0.622562 1.894737
v 10.612617 -0.678964 1.684211
v 10.203945 -0.769030 1.263158
v 10.455214 -0.720786 1.473684
v 10.041859 -0.784456 1.052632
v 10.318727 -0.750099 1.263158
v 10.111499 -0.779747 1.052632
v 10.789998 -0.622562 1.684211
v 10.612617 -0.678964 1.473684
v 10.203945 -0.769030 1.052632
v 10.455214 -0.720786 1.263158
v 10.041859 -0.784456 0.842105
v 10.318727 -0.750099 1.052632
v 10.111499 -0.779747 0.842105
v 10.789998 -0.622562 1.473684
v 10.612617 -0.678964 1.263158
v 10.203945 -0.769030 0.842105
v 10.455214 -0.720786 1.052632
v 10.041859 -0.784456 0.631579
v 10.318727 -0.750099 0.842105
v 10.111499 -0.779747 0.631579
v 10.789998 -0.622562 1.263158
v 10.612617 -0.678964 1.052632
v 10.203945 -0.769030 0.631579
v 10.455214 -0.720786 0.842105
v 10.041859 -0.784456 0.421053
v 10.318727 -0.750099 0.631579
v 10.111499 -0.779747 0.421053
v 10.789998 -0.622562 1.052632
v 10.612617 -0.678964 0.842105
v 10.203945 -0.769030 0.421053
v 10.455214 -0.720786 0.631579
v 10.041859 -0.784456 0.210526
v 10.318727 -0.750099 0.421053
v 10.111499 -0.779747 0.210526
v 10.041859 -0.784456 0.105263
v 10.789998 -0.622562 0.842105
v 10.612617 -0.678964 0.631579
v 10.203945 -0.769030 0.210526
v 10.201728 -0.769338 0.000000
v 10.111499 -0.779747 0.105263
v 10.455214 -0.720786 0.421053
v 10.203945 -0.769030 0.105263
v 10.318727 -0.750099 0.210526
v 10.789998 -0.622562 0.631579
v 10.612617 -0.678964 0.421053
v 10.487701 -0.712826 0.000000
v 10.318727 -0.750099 0.105263
v 10.455214 -0.720786 0.210526
v 10.455214 -0.720786 0.105263
v 10.789998 -0.622562 0.421053
v 10.612617 -0.678964 0.210526
v 10.612617 -0.678964 0.105263
v 10.789998 -0.622562 0.210526
v 10.789998 -0.622562 0.105263
vn 1.000000 0.000000 0.000000
vn 1.000000 -0.000000 0.000000
vn 0.310231 0.947414 0.078509
vn 0.302598 0.951646 0.052959
vn 0.348570 0.937283 0.000000
vn 0.256784 0.966449 -0.006171
vn 0.303023 0.952983 0.000000
vn 0.303023 0.952983 -0.000000
vn 0.348570 0.937283 0.000000
vn 0.193685 0.980394 0.036238
vn 0.209973 0.977665 0.009124
vn 0.256788 0.966468 -0.000000
vn 0.256788 0.966468 0.000000
vn 0.162725 0.986671 0.000604
vn 0.303023 0.952983 0.000000
vn 0.303023 0.952983 -0.000000
vn 0.348570 0.937283 0.000000
vn 0.065313 0.996962 0.042432
vn 0.115160 0.993347 -0.000533
vn 0.209982 0.977705 0.000000
vn 0.209982 0.977705 -0.000000
vn 0.067393 0.996700 0.045257
vn 0.256788 0.966468 0.000000
vn 0.256788 0.966468 -0.000000
vn 0.162725 0.986671 0.000000
vn 0.162725 0.986671 -0.000000
vn 0.303023 0.952983 0.000000
vn 0.303023 0.952983 -0.000000
vn 0.348570 0.937283 -0.000000
vn 0.348570 0.937283 0.000000
vn 0.115160 0.993347 0.000000
vn 0.115160 0.993347 -0.000000
vn 0.209982 0.977705 -0.000000
vn 0.209982 0.977705 0.000000
vn 0.001858 0.999998 0.000000
vn 0.067462 0.997722 0.000000
vn 0.067462 0.997722 -0.000000
vn 0.256788 0.966468 0.000000
vn 0.256788 0.966468 -0.000000
vn 0.162725 0.986671 0.000000
vn 0.162725 0.986671 -0.000000
vn 0.303023 0.952983 0.000000
vn 0.303023 0.952983 -0.000000
vn 0.348570 0.937283 0.000000
vn 0.115160 0.993347 0.000000
vn 0.115160 0.993347 -0.000000
vn 0.209982 0.977705 -0.000000
vn 0.209982 0.977705 0.000000
vn 0.001858 0.999998 0.000000
vn 0.067462 0.997722 0.000000
vn 0.067462 0.997722 -0.000000
vn 0.256788 0.966468 0.000000
vn 0.256788 0.966468 -0.000000
vn 0.162725 0.986671 -0.000000
vn 0.162725 0.986671 0.000000
vn 0.303023 0.952983 0.000000
vn 0.303023 0.952983 -0.000000
vn 0.348570 0.937283 0.000000
vn 0.115160 0.993347 -0.000000
vn 0.115160 0.993347 0.000000
vn 0.209982 0.977705 0.000000
vn 0.209982 0.977705 -0.000000
vn 0.067462 0.997722 -0.000000
vn 0.001858 0.999998 0.000000
vn 0.067462 0.997722 0.000000
vn 0.256788 0.966468 -0.000000
vn 0.256788 0.966468 0.000000
vn 0.162725 0.986672 -0.000000
vn 0.162725 0.986672 0.000000
vn 0.303023 0.952983 -0.000000
vn 0.303023 0.952983 0.000000
vn 0.256788 0.966468 0.000000
vn 0.348570 0.937283 0.000000
vn 0.115160 0.993347 -0.000000
vn 0.115160 0.993347 0.000000
vn 0.209982 0.977705 -0.000000
vn 0.209982 0.977705 0.000000
vn 0.001858 0.999998 0.000000
vn 0.001858 0.999998 0.000000
vn 0.067463 0.997722 -0.000000
vn 0.067463 0.997722 0.000000
vn 0.256788 0.966468 0.000000
vn 0.115160 0.993347 0.000000
vn 0.162725 0.986671 -0.000000
vn 0.162725 0.986671 0.000000
vn 0.303023 0.952983 0.000000
vn 0.303023 0.952983 -0.000000
vn 0.348570 0.937283 0.000000
vn 0.115160 0.993347 0.000000
vn 0.067462 0.997722 0.000000
vn 0.209982 0.977705 0.000000
vn 0.209982 0.977705 -0.000000
vn 0.310231 0.947414 -0.078509
vn 0.348570 0.937283 0.000000
vn 0.001858 0.999998 0.000000
vn 0.067462 0.997722 0.000000
vn 0.256788 0.966468 0.000000
vn 0.256788 0.966468 -0.000000
vn 0.162725 0.986671 -0.000000
vn 0.162725 0.986671 0.000000
vn 0.115160 0.993347 0.000000
vn 0.303023 0.952983 0.000000
vn 0.303023 0.952983 -0.000000
vn 0.115160 0.993347 0.000000
vn 0.209982 0.977705 0.000000
vn 0.209982 0.977705 -0.000000
vn 0.302598 0.951646 -0.052959
vn 0.303023 0.952983 -0.000000
vn 0.303023 0.952983 0.000000
vn 0.001858 0.999998 0.000000
vn 0.067462 0.997722 0.000000
vn 0.067462 0.997722 -0.000000
vn 0.256788 0.966468 -0.000000
vn 0.256788 0.966468 0.000000
vn 0.256788 0.966468 -0.000000
vn 0.162725 0.986672 0.000000
vn 0.115160 0.993347 0.000000
vn 0.162725 0.986672 -0.000000
vn 0.256784 0.966449 0.006171
vn 0.256788 0.966468 0.000000
vn 0.115160 0.993347 0.000000
vn 0.209982 0.977705 0.000000
vn 0.209982 0.977705 -0.000000
vn 0.001858 0.999998 0.000000
vn 0.067462 0.997722 0.000000
vn 0.067462 0.997722 -0.000000
vn 0.193685 0.980394 -0.036238
vn 0.209973 0.977665 -0.009124
vn 0.209982 0.977705 -0.000000
vn 0.209982 0.977705 0.000000
vn 0.162725 0.986672 -0.000000
vn 0.162725 0.986672 0.000000
vn 0.115160 0.993347 -0.000000
vn 0.115160 0.993347 0.000000
vn 0.162725 0.986672 -0.000000
vn 0.162725 0.986671 -0.000604
vn 0.162725 0.986672 0.000000
vn 0.067462 0.997722 0.000000
vn 0.067462 0.997722 -0.000000
vn 0.001858 0.999998 0.000000
vn 0.115160 0.993347 0.000000
vn 0.065313 0.996962 -0.042432
vn 0.115160 0.993347 0.000533
vn 0.067462 0.997722 0.000000
vn 0.115160 0.993347 -0.000000
vn 0.067393 0.996700 -0.045257
vn 0.001858 0.999998 0.000000
vn 0.067462 0.997722 0.000000
vn -0.078459 0.996917 0.000000
vn -0.078459 0.996917 0.000000
vn 0.987688 0.156434 -0.000000
vn 0.987688 0.156434 0.000000
vn 0.233445 -0.972370 0.000000
vn 0.233445 -0.972370 0.000000
vn 0.370188 -0.927757 0.047210
vn 0.350116 -0.936358 0.025558
vn 0.394525 -0.918754 0.015568
vn 0.295464 -0.955354 0.000000
vn 0.438180 -0.898867 -0.005944
vn 0.350230 -0.936664 0.000000
vn 0.350230 -0.936664 0.000000
vn 0.394573 -0.918865 0.000000
vn 0.394573 -0.918865 0.000000
vn 0.487251 -0.872612 0.033676
vn 0.480781 -0.876605 0.020309
vn 0.295464 -0.955354 0.000000
vn 0.438188 -0.898883 0.000000
vn 0.438188 -0.898883 0.000000
vn 0.350230 -0.936664 0.000000
vn 0.350230 -0.936664 0.000000
vn 0.522488 -0.852616 -0.007170
vn 0.394573 -0.918865 0.000000
vn 0.394573 -0.918865 0.000000
vn 0.480880 -0.876786 0.000000
vn 0.480880 -0.876786 0.000000
vn 0.295464 -0.955354 0.000000
vn 0.438188 -0.898883 0.000000
vn 0.438188 -0.898883 0.000000
vn 0.350230 -0.936664 0.000000
vn 0.350230 -0.936664 0.000000
vn 0.587683 -0.804996 0.081301
vn 0.562888 -0.826423 0.013450
vn 0.522502 -0.852638 0.000000
vn 0.522502 -0.852638 0.000000
vn 0.394573 -0.918865 0.000000
vn 0.394573 -0.918865 0.000000
vn 0.480880 -0.876786 0.000000
vn 0.480880 -0.876786 0.000000
vn 0.295464 -0.955354 0.000000
vn 0.295464 -0.955354 0.000000
vn 0.438188 -0.898883 0.000000
vn 0.438188 -0.898883 0.000000
vn 0.601684 -0.797896 0.036579
vn 0.350230 -0.936664 0.000000
vn 0.350230 -0.936664 0.000000
vn 0.562939 -0.826498 0.000000
vn 0.562939 -0.826498 0.000000
vn 0.522502 -0.852638 0.000000
vn 0.522502 -0.852638 0.000000
vn 0.394573 -0.918865 0.000000
vn 0.394573 -0.918865 0.000000
vn 0.480880 -0.876786 0.000000
vn 0.480880 -0.876786 0.000000
vn 0.295464 -0.955354 0.000000
vn 0.438188 -0.898883 0.000000
vn 0.438188 -0.898883 0.000000
vn 0.630287 -0.776362 0.000000
vn 0.602087 -0.798431 0.000000
vn 0.602087 -0.798431 0.000000
vn 0.350230 -0.936664 0.000000
vn 0.394573 -0.918865 0.000000
vn 0.350230 -0.936664 0.000000
vn 0.562939 -0.826498 0.000000
vn 0.562939 -0.826498 0.000000
vn 0.522502 -0.852638 0.000000
vn 0.522502 -0.852638 0.000000
vn 0.394573 -0.918865 0.000000
vn 0.480880 -0.876786 0.000000
vn 0.480880 -0.876786 0.000000
vn 0.295464 -0.955354 0.000000
vn 0.438188 -0.898883 0.000000
vn 0.438188 -0.898883 0.000000
vn 0.602087 -0.798431 0.000000
vn 0.630287 -0.776362 0.000000
vn 0.602087 -0.798431 0.000000
vn 0.350230 -0.936664 0.000000
vn 0.350230 -0.936664 0.000000
vn 0.562939 -0.826498 0.000000
vn 0.562939 -0.826498 0.000000
vn 0.522502 -0.852638 0.000000
vn 0.522502 -0.852638 0.000000
vn 0.438188 -0.898883 0.000000
vn 0.394573 -0.918865 0.000000
vn 0.394573 -0.918865 0.000000
vn 0.480880 -0.876786 0.000000
vn 0.480880 -0.876786 0.000000
vn 0.522502 -0.852638 0.000000
vn 0.295464 -0.955354 0.000000
vn 0.438188 -0.898883 0.000000
vn 0.630287 -0.776362 0.000000
vn 0.602087 -0.798431 0.000000
vn 0.602087 -0.798431 0.000000
vn 0.350230 -0.936664 0.000000
vn 0.350230 -0.936664 0.000000
vn 0.562939 -0.826498 0.000000
vn 0.562939 -0.826498 0.000000
vn 0.522502 -0.852638 0.000000
vn 0.394573 -0.918865 0.000000
vn 0.394573 -0.918865 0.000000
vn 0.480880 -0.876786 0.000000
vn 0.480880 -0.876786 0.000000
vn 0.295464 -0.955354 0.000000
vn 0.438188 -0.898883 0.000000
vn 0.438188 -0.898883 0.000000
vn 0.630287 -0.776362 0.000000
vn 0.602087 -0.798431 0.000000
vn 0.630287 -0.776362 0.000000
vn 0.602087 -0.798431 0.000000
vn 0.350230 -0.936664 0.000000
vn 0.350230 -0.936664 0.000000
vn 0.602087 -0.798431 0.000000
vn 0.562939 -0.826498 0.000000
vn 0.562939 -0.826498 0.000000
vn 0.522502 -0.852638 0.000000
vn 0.522502 -0.852638 0.000000
vn 0.295464 -0.955354 0.000000
vn 0.394573 -0.918865 0.000000
vn 0.394573 -0.918865 0.000000
vn 0.438188 -0.898883 0.000000
vn 0.480880 -0.876786 0.000000
vn 0.480880 -0.876786 0.000000
vn 0.370188 -0.927757 -0.047210
vn 0.350230 -0.936664 0.000000
vn 0.350116 -0.936358 -0.025558
vn 0.350230 -0.936664 0.000000
vn 0.438188 -0.898883 0.000000
vn 0.394573 -0.918865 0.000000
vn 0.394525 -0.918753 -0.015568
vn 0.394573 -0.918865 0.000000
vn 0.602087 -0.798431 0.000000
vn 0.630287 -0.776362 0.000000
vn 0.562939 -0.826498 0.000000
vn 0.562939 -0.826498 0.000000
vn 0.522502 -0.852638 0.000000
vn 0.522502 -0.852638 0.000000
vn 0.438188 -0.898883 0.000000
vn 0.438180 -0.898868 0.005944
vn 0.438188 -0.898883 0.000000
vn 0.480880 -0.876786 0.000000
vn 0.480880 -0.876786 0.000000
vn 0.630287 -0.776362 0.000000
vn 0.602087 -0.798431 0.000000
vn 0.602087 -0.798431 0.000000
vn 0.487251 -0.872612 -0.033676
vn 0.480781 -0.876605 -0.020309
vn 0.480880 -0.876786 0.000000
vn 0.480880 -0.876786 0.000000
vn 0.562939 -0.826498 0.000000
vn 0.602087 -0.798431 0.000000
vn 0.562939 -0.826498 0.000000
vn 0.522502 -0.852638 0.000000
vn 0.522502 -0.852638 0.000000
vn 0.522488 -0.852616 0.007170
vn 0.522502 -0.852638 0.000000
vn 0.522502 -0.852638 0.000000
vn 0.602087 -0.798431 0.000000
vn 0.630287 -0.776362 0.000000
vn 0.562939 -0.826498 0.000000
vn 0.562939 -0.826498 0.000000
vn 0.562889 -0.826423 -0.013450
vn 0.587683 -0.804996 -0.081301
vn 0.562939 -0.826498 0.000000
vn 0.562939 -0.826498 0.000000
vn 0.602087 -0.798431 0.000000
vn 0.630287 -0.776362 0.000000
vn 0.602087 -0.798431 0.000000
vn 0.601684 -0.797896 -0.036579
vn 0.602087 -0.798431 0.000000
vn 0.630287 -0.776362 0.000000
vn 0.602087 -0.798431 0.000000
vn 0.951056 0.309018 -0.000000
vn 0.951056 0.309018 0.000000
vn 0.002280 0.996911 0.078510
vn -0.006287 0.998577 0.052960
vn 0.041874 0.999123 0.000000
vn -0.054433 0.998498 -0.006169
vn -0.006296 0.999980 0.000000
vn -0.006296 0.999980 0.000000
vn 0.041874 0.999123 0.000000
vn -0.118753 0.992262 0.036237
vn -0.102419 0.994699 0.009126
vn -0.054434 0.998517 0.000000
vn -0.054434 0.998517 0.000000
vn -0.150137 0.988665 0.000603
vn -0.006296 0.999980 0.000000
vn -0.006296 0.999980 0.000000
vn 0.041874 0.999123 0.000000
vn -0.245961 0.968350 0.042433
vn -0.197437 0.980316 -0.000533
vn -0.102424 0.994741 0.000000
vn -0.102424 0.994741 0.000000
vn -0.243902 0.968743 0.045257
vn -0.054434 0.998517 0.000000
vn -0.054434 0.998517 0.000000
vn -0.150137 0.988665 0.000000
vn -0.150137 0.988665 0.000000
vn -0.006296 0.999980 0.000000
vn -0.006296 0.999980 0.000000
vn 0.041874 0.999123 -0.000000
vn 0.041874 0.999123 0.000000
vn -0.197437 0.980316 0.000000
vn -0.197437 0.980316 0.000000
vn -0.102424 0.994741 0.000000
vn -0.102424 0.994741 0.000000
vn -0.307250 0.951629 0.000000
vn -0.244152 0.969737 0.000000
vn -0.244152 0.969737 0.000000
vn -0.054434 0.998517 0.000000
vn -0.054434 0.998517 0.000000
vn -0.150137 0.988665 0.000000
vn -0.150137 0.988665 0.000000
vn -0.006296 0.999980 0.000000
vn -0.006296 0.999980 0.000000
vn 0.041874 0.999123 0.000000
vn -0.197437 0.980316 0.000000
vn -0.197437 0.980316 0.000000
vn -0.102424 0.994741 0.000000
vn -0.102424 0.994741 0.000000
vn -0.307250 0.951629 0.000000
vn -0.244152 0.969737 0.000000
vn -0.244152 0.969737 0.000000
vn -0.054434 0.998517 0.000000
vn -0.054434 0.998517 0.000000
vn -0.150137 0.988665 0.000000
vn -0.150137 0.988665 0.000000
vn -0.197437 0.980316 0.000000
vn -0.006296 0.999980 0.000000
vn -0.006296 0.999980 0.000000
vn 0.041874 0.999123 0.000000
vn -0.197437 0.980316 0.000000
vn -0.102424 0.994741 0.000000
vn -0.102424 0.994741 0.000000
vn -0.307250 0.951629 0.000000
vn -0.244152 0.969737 0.000000
vn -0.244152 0.969737 0.000000
vn -0.054434 0.998517 0.000000
vn -0.054434 0.998517 0.000000
vn -0.150137 0.988665 0.000000
vn -0.150137 0.988665 0.000000
vn -0.006296 0.999980 0.000000
vn -0.006296 0.999980 0.000000
vn 0.041874 0.999123 0.000000
vn -0.197437 0.980316 0.000000
vn -0.197437 0.980316 0.000000
vn -0.102424 0.994741 0.000000
vn -0.102424 0.994741 0.000000
vn -0.307250 0.951629 0.000000
vn -0.307250 0.951629 0.000000
vn -0.244152 0.969737 0.000000
vn -0.244152 0.969737 0.000000
vn -0.054434 0.998517 0.000000
vn -0.054434 0.998517 0.000000
vn -0.197437 0.980316 0.000000
vn -0.150137 0.988665 0.000000
vn -0.150137 0.988665 0.000000
vn -0.006296 0.999980 0.000000
vn -0.006296 0.999980 0.000000
vn 0.041874 0.999123 0.000000
vn -0.244152 0.969737 0.000000
vn -0.197437 0.980316 0.000000
vn -0.102424 0.994741 0.000000
vn -0.102424 0.994741 0.000000
vn 0.002280 0.996911 -0.078510
vn 0.041874 0.999123 0.000000
vn -0.307250 0.951629 0.000000
vn -0.244152 0.969737 0.000000
vn -0.054434 0.998517 0.000000
vn -0.054434 0.998517 0.000000
vn -0.150137 0.988665 0.000000
vn -0.150137 0.988665 0.000000
vn -0.006296 0.999980 0.000000
vn -0.006296 0.999980 0.000000
vn -0.197437 0.980316 0.000000
vn -0.197437 0.980316 0.000000
vn -0.150137 0.988665 0.000000
vn -0.102424 0.994741 0.000000
vn -0.102424 0.994741 0.000000
vn -0.006287 0.998577 -0.052960
vn -0.006296 0.999980 0.000000
vn -0.006296 0.999980 0.000000
vn -0.307250 0.951629 0.000000
vn -0.244152 0.969737 0.000000
vn -0.244152 0.969737 0.000000
vn -0.054434 0.998517 0.000000
vn -0.054434 0.998517 0.000000
vn -0.150137 0.988665 0.000000
vn -0.054434 0.998517 0.000000
vn -0.054433 0.998498 0.006170
vn -0.054434 0.998517 0.000000
vn -0.197437 0.980316 0.000000
vn -0.197437 0.980316 0.000000
vn -0.102424 0.994741 0.000000
vn -0.102424 0.994741 0.000000
vn -0.102424 0.994741 0.000000
vn -0.307250 0.951629 0.000000
vn -0.244152 0.969737 0.000000
vn -0.244152 0.969737 0.000000
vn -0.118753 0.992262 -0.036237
vn -0.102419 0.994699 -0.009126
vn -0.102424 0.994741 0.000000
vn -0.150137 0.988665 0.000000
vn -0.150137 0.988665 0.000000
vn -0.197437 0.980316 0.000000
vn -0.197437 0.980316 0.000000
vn -0.150137 0.988665 0.000000
vn -0.150137 0.988665 0.000000
vn -0.150137 0.988665 -0.000603
vn -0.244152 0.969737 0.000000
vn -0.244152 0.969737 0.000000
vn -0.307250 0.951629 0.000000
vn -0.197437 0.980316 0.000000
vn -0.245961 0.968350 -0.042433
vn -0.197437 0.980315 0.000533
vn -0.197437 0.980316 0.000000
vn -0.243902 0.968743 -0.045257
vn -0.244152 0.969737 0.000000
vn -0.244152 0.969737 0.000000
vn -0.307250 0.951629 0.000000
vn -0.382684 0.923879 0.000000
vn -0.382684 0.923879 0.000000
vn 0.891006 0.453991 -0.000000
vn 0.891006 0.453991 0.000000
vn 0.522499 -0.852640 0.000000
vn 0.522499 -0.852640 0.000000
vn 0.638762 -0.767955 0.047210
vn 0.622334 -0.782334 0.025562
vn 0.659122 -0.751875 0.015573
vn 0.576219 -0.817296 0.000000
vn 0.694501 -0.719467 -0.005941
vn 0.622537 -0.782590 0.000000
vn 0.622537 -0.782590 0.000000
vn 0.659202 -0.751966 0.000000
vn 0.659202 -0.751966 0.000000
vn 0.733056 -0.679334 0.033680
vn 0.728136 -0.685132 0.020311
vn 0.576219 -0.817295 0.000000
vn 0.694513 -0.719480 0.000000
vn 0.694513 -0.719480 0.000000
vn 0.622537 -0.782590 0.000000
vn 0.622537 -0.782590 0.000000
vn 0.760388 -0.649430 -0.007163
vn 0.659202 -0.751966 0.000000
vn 0.659202 -0.751966 0.000000
vn 0.728286 -0.685273 0.000000
vn 0.728286 -0.685273 0.000000
vn 0.576219 -0.817296 0.000000
vn 0.694513 -0.719480 0.000000
vn 0.694513 -0.719480 0.000000
vn 0.622537 -0.782590 0.000000
vn 0.622537 -0.782590 0.000000
vn 0.807677 -0.583993 0.081304
vn 0.790720 -0.612030 0.013460
vn 0.760407 -0.649446 0.000000
vn 0.760407 -0.649446 0.000000
vn 0.659202 -0.751966 0.000000
vn 0.659202 -0.751966 0.000000
vn 0.728286 -0.685273 0.000000
vn 0.728286 -0.685273 0.000000
vn 0.576219 -0.817295 0.000000
vn 0.576219 -0.817295 0.000000
vn 0.694513 -0.719480 0.000000
vn 0.694513 -0.719480 0.000000
vn 0.818797 -0.572916 0.036587
vn 0.622537 -0.782590 0.000000
vn 0.622537 -0.782590 0.000000
vn 0.790791 -0.612086 0.000000
vn 0.790791 -0.612086 0.000000
vn 0.760407 -0.649446 0.000000
vn 0.760407 -0.649446 0.000000
vn 0.659202 -0.751966 0.000000
vn 0.659202 -0.751966 0.000000
vn 0.728286 -0.685273 0.000000
vn 0.728286 -0.685273 0.000000
vn 0.576219 -0.817295 0.000000
vn 0.694513 -0.719480 0.000000
vn 0.694513 -0.719480 0.000000
vn 0.839351 -0.543589 0.000000
vn 0.819346 -0.573300 0.000000
vn 0.819346 -0.573300 0.000000
vn 0.622537 -0.782590 0.000000
vn 0.622537 -0.782590 0.000000
vn 0.790791 -0.612086 0.000000
vn 0.790791 -0.612086 0.000000
vn 0.760407 -0.649446 0.000000
vn 0.760407 -0.649446 0.000000
vn 0.659202 -0.751966 0.000000
vn 0.659202 -0.751966 0.000000
vn 0.728286 -0.685273 0.000000
vn 0.728286 -0.685273 0.000000
vn 0.576219 -0.817295 0.000000
vn 0.694513 -0.719480 0.000000
vn 0.694513 -0.719480 0.000000
vn 0.819346 -0.573300 0.000000
vn 0.839351 -0.543589 0.000000
vn 0.819346 -0.573300 0.000000
vn 0.622537 -0.782590 0.000000
vn 0.622537 -0.782590 0.000000
vn 0.790791 -0.612086 0.000000
vn 0.790791 -0.612086 0.000000
vn 0.760407 -0.649446 0.000000
vn 0.760407 -0.649446 0.000000
vn 0.659202 -0.751966 0.000000
vn 0.659202 -0.751966 0.000000
vn 0.728286 -0.685273 0.000000
vn 0.728286 -0.685273 0.000000
vn 0.576219 -0.817295 0.000000
vn 0.694513 -0.719480 0.000000
vn 0.694513 -0.719480 0.000000
vn 0.839351 -0.543589 0.000000
vn 0.819346 -0.573300 0.000000
vn 0.819346 -0.573300 0.000000
vn 0.622537 -0.782590 0.000000
vn 0.622537 -0.782590 0.000000
vn 0.790791 -0.612086 0.000000
vn 0.790791 -0.612086 0.000000
vn 0.760407 -0.649446 0.000000
vn 0.760407 -0.649446 0.000000
vn 0.659202 -0.751966 0.000000
vn 0.659202 -0.751966 0.000000
vn 0.728286 -0.685273 0.000000
vn 0.728286 -0.685273 0.000000
vn 0.576219 -0.817295 0.000000
vn 0.694513 -0.719480 0.000000
vn 0.694513 -0.719480 0.000000
vn 0.839351 -0.543589 0.000000
vn 0.819346 -0.573300 0.000000
vn 0.839351 -0.543589 0.000000
vn 0.819346 -0.573300 0.000000
vn 0.622537 -0.782590 0.000000
vn 0.622537 -0.782590 0.000000
vn 0.790791 -0.612086 0.000000
vn 0.790791 -0.612086 0.000000
vn 0.760407 -0.649446 0.000000
vn 0.760407 -0.649446 0.000000
vn 0.576219 -0.817295 0.000000
vn 0.659202 -0.751966 0.000000
vn 0.659202 -0.751966 0.000000
vn 0.728286 -0.685273 0.000000
vn 0.728286 -0.685273 0.000000
vn 0.638762 -0.767955 -0.047210
vn 0.622537 -0.782590 0.000000
vn 0.622334 -0.782334 -0.025562
vn 0.622537 -0.782590 0.000000
vn 0.694513 -0.719480 0.000000
vn 0.694513 -0.719480 0.000000
vn 0.659202 -0.751966 0.000000
vn 0.659122 -0.751875 -0.015573
vn 0.659202 -0.751966 0.000000
vn 0.819346 -0.573300 0.000000
vn 0.839351 -0.543589 0.000000
vn 0.819346 -0.573300 0.000000
vn 0.790791 -0.612086 0.000000
vn 0.790791 -0.612086 0.000000
vn 0.760407 -0.649446 0.000000
vn 0.760407 -0.649446 0.000000
vn 0.694513 -0.719480 0.000000
vn 0.694501 -0.719467 0.005941
vn 0.694513 -0.719480 0.000000
vn 0.728286 -0.685273 0.000000
vn 0.728286 -0.685273 0.000000
vn 0.728286 -0.685273 0.000000
vn 0.839351 -0.543589 0.000000
vn 0.819346 -0.573300 0.000000
vn 0.819346 -0.573300 0.000000
vn 0.733056 -0.679334 -0.033680
vn 0.728136 -0.685132 -0.020311
vn 0.728286 -0.685273 0.000000
vn 0.790791 -0.612086 0.000000
vn 0.790791 -0.612086 0.000000
vn 0.760407 -0.649446 0.000000
vn 0.790791 -0.612086 0.000000
vn 0.760407 -0.649446 0.000000
vn 0.760388 -0.649430 0.007163
vn 0.760407 -0.649446 0.000000
vn 0.760407 -0.649446 0.000000
vn 0.839351 -0.543589 0.000000
vn 0.819346 -0.573300 0.000000
vn 0.819346 -0.573300 0.000000
vn 0.790791 -0.612086 0.000000
vn 0.790791 -0.612086 0.000000
vn 0.807677 -0.583993 -0.081304
vn 0.790720 -0.612030 -0.013460
vn 0.790791 -0.612086 0.000000
vn 0.839351 -0.543589 0.000000
vn 0.819346 -0.573300 0.000000
vn 0.819346 -0.573300 0.000000
vn 0.839351 -0.543589 0.000000
vn 0.818797 -0.572916 -0.036588
vn 0.819346 -0.573300 0.000000
vn 0.819346 -0.573300 0.000000
vn 0.809017 0.587785 -0.000000
vn 0.809017 0.587785 0.000000
vn -0.305894 0.948823 0.078509
vn -0.314556 0.947760 0.052962
vn -0.268922 0.963162 0.000000
vn -0.360323 0.932807 -0.006170
vn -0.314998 0.949092 0.000000
vn -0.314998 0.949092 0.000000
vn -0.268922 0.963162 0.000000
vn -0.419566 0.907001 0.036238
vn -0.404784 0.914367 0.009125
vn -0.360330 0.932825 0.000000
vn -0.360330 0.932825 0.000000
vn -0.448303 0.893881 0.000603
vn -0.314998 0.949092 0.000000
vn -0.314998 0.949092 0.000000
vn -0.268922 0.963162 0.000000
vn -0.533160 0.844949 0.042433
vn -0.490708 0.871324 -0.000533
vn -0.404801 0.914405 0.000000
vn -0.404801 0.914405 0.000000
vn -0.531322 0.845960 0.045258
vn -0.360330 0.932825 0.000000
vn -0.360330 0.932825 0.000000
vn -0.448304 0.893881 0.000000
vn -0.448304 0.893881 0.000000
vn -0.314998 0.949092 0.000000
vn -0.314998 0.949092 0.000000
vn -0.268922 0.963162 0.000000
vn -0.268922 0.963162 0.000000
vn -0.490708 0.871324 0.000000
vn -0.531868 0.846828 0.000000
vn -0.490708 0.871324 0.000000
vn -0.404801 0.914405 0.000000
vn -0.404801 0.914405 0.000000
vn -0.586282 0.810107 0.000000
vn -0.531868 0.846828 0.000000
vn -0.360330 0.932825 0.000000
vn -0.360330 0.932825 0.000000
vn -0.448304 0.893881 0.000000
vn -0.448304 0.893881 0.000000
vn -0.314998 0.949092 0.000000
vn -0.314998 0.949092 0.000000
vn -0.268922 0.963162 0.000000
vn -0.490708 0.871324 0.000000
vn -0.490708 0.871324 0.000000
vn -0.404801 0.914405 0.000000
vn -0.404801 0.914405 0.000000
vn -0.586282 0.810107 0.000000
vn -0.531868 0.846828 0.000000
vn -0.531868 0.846828 0.000000
vn -0.360330 0.932825 0.000000
vn -0.360330 0.932825 0.000000
vn -0.448304 0.893881 0.000000
vn -0.448304 0.893881 0.000000
vn -0.314998 0.949092 0.000000
vn -0.314998 0.949092 0.000000
vn -0.268922 0.963162 0.000000
vn -0.490708 0.871324 0.000000
vn -0.490708 0.871324 0.000000
vn -0.404801 0.914405 0.000000
vn -0.404801 0.914405 0.000000
vn -0.531868 0.846828 0.000000
vn -0.586282 0.810107 0.000000
vn -0.531868 0.846828 0.000000
vn -0.360330 0.932825 0.000000
vn -0.360330 0.932825 0.000000
vn -0.448304 0.893881 0.000000
vn -0.448304 0.893881 0.000000
vn -0.314998 0.949092 0.000000
vn -0.314998 0.949092 0.000000
vn -0.268922 0.963162 0.000000
vn -0.490708 0.871324 0.000000
vn -0.490708 0.871324 0.000000
vn -0.404801 0.914405 0.000000
vn -0.404801 0.914405 0.000000
vn -0.586282 0.810107 0.000000
vn -0.586282 0.810107 0.000000
vn -0.531868 0.846828 0.000000
vn -0.531868 0.846828 0.000000
vn -0.360330 0.932825 0.000000
vn -0.360330 0.932825 0.000000
vn -0.448304 0.893881 0.000000
vn -0.448304 0.893881 0.000000
vn -0.314998 0.949092 0.000000
vn -0.314998 0.949092 0.000000
vn -0.268922 0.963162 0.000000
vn -0.490708 0.871324 0.000000
vn -0.490708 0.871324 0.000000
vn -0.531868 0.846828 0.000000
vn -0.404801 0.914405 0.000000
vn -0.404801 0.914405 0.000000
vn -0.305894 0.948823 -0.078509
vn -0.268922 0.963162 0.000000
vn -0.586282 0.810107 0.000000
vn -0.531868 0.846828 0.000000
vn -0.360330 0.932825 0.000000
vn -0.360330 0.932825 0.000000
vn -0.448304 0.893881 0.000000
vn -0.448304 0.893881 0.000000
vn -0.314998 0.949092 0.000000
vn -0.314998 0.949092 0.000000
vn -0.490708 0.871324 0.000000
vn -0.490708 0.871324 0.000000
vn -0.404801 0.914405 0.000000
vn -0.404801 0.914405 0.000000
vn -0.314556 0.947760 -0.052962
vn -0.314998 0.949092 0.000000
vn -0.314998 0.949092 0.000000
vn -0.586282 0.810107 0.000000
vn -0.531868 0.846828 0.000000
vn -0.531868 0.846828 0.000000
vn -0.360330 0.932825 0.000000
vn -0.360330 0.932825 0.000000
vn -0.360330 0.932825 0.000000
vn -0.490708 0.871324 0.000000
vn -0.448304 0.893881 0.000000
vn -0.448304 0.893881 0.000000
vn -0.360323 0.932807 0.006170
vn -0.360330 0.932825 0.000000
vn -0.490708 0.871324 0.000000
vn -0.404801 0.914405 0.000000
vn -0.404801 0.914405 0.000000
vn -0.531867 0.846828 0.000000
vn -0.586282 0.810107 0.000000
vn -0.531867 0.846828 0.000000
vn -0.419566 0.907001 -0.036238
vn -0.404784 0.914367 -0.009125
vn -0.404801 0.914405 0.000000
vn -0.404801 0.914405 0.000000
vn -0.448304 0.893881 0.000000
vn -0.448304 0.893881 0.000000
vn -0.490708 0.871324 0.000000
vn -0.490708 0.871324 0.000000
vn -0.448304 0.893881 0.000000
vn -0.448303 0.893881 -0.000603
vn -0.448304 0.893881 0.000000
vn -0.531868 0.846828 0.000000
vn -0.531868 0.846828 0.000000
vn -0.586282 0.810107 0.000000
vn -0.490708 0.871324 0.000000
vn -0.533160 0.844949 -0.042433
vn -0.490708 0.871324 0.000533
vn -0.531868 0.846828 0.000000
vn -0.490708 0.871324 0.000000
vn -0.531323 0.845960 -0.045258
vn -0.586282 0.810107 0.000000
vn -0.531868 0.846828 0.000000
vn -0.649448 0.760406 0.000000
vn -0.649448 0.760406 0.000000
vn 0.707107 0.707107 -0.000000
vn 0.707107 0.707107 0.000000
vn 0.760406 -0.649448 0.000000
vn 0.760406 -0.649448 0.000000
vn 0.844810 -0.532980 0.047207
vn 0.833630 -0.551732 0.025560
vn 0.859205 -0.511395 0.015570
vn 0.800579 -0.599227 0.000000
vn 0.882836 -0.469643 -0.005943
vn 0.833902 -0.551912 0.000000
vn 0.833902 -0.551912 0.000000
vn 0.859309 -0.511457 0.000000
vn 0.859309 -0.511457 0.000000
vn 0.907103 -0.419559 0.033681
vn 0.904215 -0.426595 0.020308
vn 0.800579 -0.599227 0.000000
vn 0.882852 -0.469652 0.000000
vn 0.882852 -0.469652 0.000000
vn 0.833902 -0.551912 0.000000
vn 0.833902 -0.551912 0.000000
vn 0.923858 -0.382669 -0.007166
vn 0.859309 -0.511457 0.000000
vn 0.859309 -0.511457 0.000000
vn 0.904401 -0.426683 0.000000
vn 0.904401 -0.426683 0.000000
vn 0.800579 -0.599227 0.000000
vn 0.882852 -0.469652 0.000000
vn 0.882852 -0.469652 0.000000
vn 0.833902 -0.551912 0.000000
vn 0.833902 -0.551912 0.000000
vn 0.948610 -0.305825 0.081306
vn 0.941146 -0.337734 0.013454
vn 0.923882 -0.382679 0.000000
vn 0.923882 -0.382679 0.000000
vn 0.859309 -0.511457 0.000000
vn 0.859309 -0.511457 0.000000
vn 0.904401 -0.426683 0.000000
vn 0.904401 -0.426683 0.000000
vn 0.800579 -0.599227 0.000000
vn 0.800579 -0.599227 0.000000
vn 0.882852 -0.469652 0.000000
vn 0.882852 -0.469652 0.000000
vn 0.955764 -0.291852 0.036586
vn 0.833902 -0.551912 0.000000
vn 0.833902 -0.551912 0.000000
vn 0.941231 -0.337764 0.000000
vn 0.941231 -0.337764 0.000000
vn 0.923882 -0.382679 0.000000
vn 0.923882 -0.382679 0.000000
vn 0.859309 -0.511457 0.000000
vn 0.859309 -0.511457 0.000000
vn 0.904401 -0.426683 0.000000
vn 0.904401 -0.426683 0.000000
vn 0.800579 -0.599227 0.000000
vn 0.882852 -0.469652 0.000000
vn 0.882852 -0.469652 0.000000
vn 0.966249 -0.257611 0.000000
vn 0.956404 -0.292047 0.000000
vn 0.956404 -0.292047 0.000000
vn 0.833902 -0.551912 0.000000
vn 0.833902 -0.551912 0.000000
vn 0.941231 -0.337764 0.000000
vn 0.941231 -0.337764 0.000000
vn 0.923882 -0.382679 0.000000
vn 0.923882 -0.382679 0.000000
vn 0.859309 -0.511457 0.000000
vn 0.859309 -0.511457 0.000000
vn 0.904401 -0.426683 0.000000
vn 0.904401 -0.426683 0.000000
vn 0.800579 -0.599227 0.000000
vn 0.882852 -0.469652 0.000000
vn 0.882852 -0.469652 0.000000
vn 0.956404 -0.292047 0.000000
vn 0.966249 -0.257611 0.000000
vn 0.956404 -0.292047 0.000000
vn 0.833902 -0.551912 0.000000
vn 0.833902 -0.551912 0.000000
vn 0.941231 -0.337764 0.000000
vn 0.941231 -0.337764 0.000000
vn 0.923881 -0.382679 0.000000
vn 0.923881 -0.382679 0.000000
vn 0.859309 -0.511457 0.000000
vn 0.859309 -0.511457 0.000000
vn 0.904401 -0.426683 0.000000
vn 0.904401 -0.426683 0.000000
vn 0.800579 -0.599227 0.000000
vn 0.882852 -0.469652 0.000000
vn 0.882852 -0.469652 0.000000
vn 0.966249 -0.257611 0.000000
vn 0.956404 -0.292047 0.000000
vn 0.956404 -0.292047 0.000000
vn 0.833902 -0.551912 0.000000
vn 0.833902 -0.551912 0.000000
vn 0.941231 -0.337764 0.000000
vn 0.941231 -0.337764 0.000000
vn 0.923882 -0.382679 0.000000
vn 0.923882 -0.382679 0.000000
vn 0.859309 -0.511457 0.000000
vn 0.859309 -0.511457 0.000000
vn 0.904401 -0.426683 0.000000
vn 0.904401 -0.426683 0.000000
vn 0.800579 -0.599227 0.000000
vn 0.882852 -0.469652 0.000000
vn 0.882852 -0.469652 0.000000
vn 0.966249 -0.257611 0.000000
vn 0.956404 -0.292047 0.000000
vn 0.966249 -0.257611 0.000000
vn 0.956404 -0.292047 0.000000
vn 0.833902 -0.551912 0.000000
vn 0.833902 -0.551912 0.000000
vn 0.941231 -0.337764 0.000000
vn 0.956404 -0.292047 0.000000
vn 0.941231 -0.337764 0.000000
vn 0.923882 -0.382679 0.000000
vn 0.923882 -0.382679 0.000000
vn 0.800579 -0.599227 0.000000
vn 0.859309 -0.511457 0.000000
vn 0.859309 -0.511457 0.000000
vn 0.904401 -0.426683 0.000000
vn 0.904401 -0.426683 0.000000
vn 0.844810 -0.532980 -0.047207
vn 0.833902 -0.551912 0.000000
vn 0.833630 -0.551732 -0.025560
vn 0.833902 -0.551912 0.000000
vn 0.882852 -0.469652 0.000000
vn 0.882852 -0.469652 0.000000
vn 0.859309 -0.511457 0.000000
vn 0.859205 -0.511395 -0.015570
vn 0.859309 -0.511457 0.000000
vn 0.966249 -0.257611 0.000000
vn 0.956404 -0.292047 0.000000
vn 0.941231 -0.337764 0.000000
vn 0.941231 -0.337764 0.000000
vn 0.923882 -0.382679 0.000000
vn 0.923882 -0.382679 0.000000
vn 0.882852 -0.469652 0.000000
vn 0.882836 -0.469643 0.005943
vn 0.882852 -0.469652 0.000000
vn 0.904401 -0.426683 0.000000
vn 0.904401 -0.426683 0.000000
vn 0.904401 -0.426683 0.000000
vn 0.966249 -0.257611 0.000000
vn 0.956404 -0.292047 0.000000
vn 0.956404 -0.292047 0.000000
vn 0.907103 -0.419559 -0.033681
vn 0.904215 -0.426595 -0.020308
vn 0.904401 -0.426683 0.000000
vn 0.941231 -0.337764 0.000000
vn 0.941231 -0.337764 0.000000
vn 0.923882 -0.382679 0.000000
vn 0.923882 -0.382679 0.000000
vn 0.923882 -0.382679 0.000000
vn 0.923858 -0.382669 0.007166
vn 0.923882 -0.382679 0.000000
vn 0.966249 -0.257611 0.000000
vn 0.956404 -0.292047 0.000000
vn 0.956404 -0.292047 0.000000
vn 0.941231 -0.337764 0.000000
vn 0.941231 -0.337764 0.000000
vn 0.956404 -0.292047 0.000000
vn 0.948610 -0.305825 -0.081306
vn 0.941146 -0.337734 -0.013454
vn 0.941231 -0.337764 0.000000
vn 0.941231 -0.337764 0.000000
vn 0.966249 -0.257611 0.000000
vn 0.956404 -0.292047 0.000000
vn 0.966249 -0.257611 0.000000
vn 0.955764 -0.291852 -0.036586
vn 0.956404 -0.292047 0.000000
vn 0.956404 -0.292047 0.000000
vn 0.587785 0.809017 -0.000000
vn 0.587785 0.809017 0.000000
vn -0.584124 0.807858 0.078511
vn -0.592036 0.804170 0.052957
vn -0.553392 0.832921 0.000000
vn -0.630938 0.775809 -0.006167
vn -0.592868 0.805300 0.000000
vn -0.592868 0.805300 0.000000
vn -0.553392 0.832921 0.000000
vn -0.679310 0.732956 0.036239
vn -0.667529 0.744528 0.009129
vn -0.630950 0.775824 0.000000
vn -0.630950 0.775824 0.000000
vn -0.702588 0.711597 0.000602
vn -0.592868 0.805300 0.000000
vn -0.592868 0.805300 0.000000
vn -0.553392 0.832921 0.000000
vn -0.768169 0.638839 0.042433
vn -0.735944 0.677042 -0.000534
vn -0.667557 0.744559 0.000000
vn -0.667557 0.744559 0.000000
vn -0.766732 0.640370 0.045262
vn -0.630950 0.775824 0.000000
vn -0.630950 0.775824 0.000000
vn -0.702588 0.711597 0.000000
vn -0.702588 0.711597 0.000000
vn -0.592868 0.805300 0.000000
vn -0.592868 0.805300 0.000000
vn -0.553392 0.832921 0.000000
vn -0.553392 0.832921 0.000000
vn -0.735944 0.677042 0.000000
vn -0.735944 0.677042 0.000000
vn -0.667557 0.744559 0.000000
vn -0.667557 0.744559 0.000000
vn -0.807926 0.589284 0.000000
vn -0.767519 0.641027 0.000000
vn -0.767519 0.641027 0.000000
vn -0.630950 0.775824 0.000000
vn -0.630950 0.775824 0.000000
vn -0.702588 0.711597 0.000000
vn -0.702588 0.711597 0.000000
vn -0.592868 0.805300 0.000000
vn -0.592868 0.805300 0.000000
vn -0.553392 0.832921 0.000000
vn -0.735944 0.677042 0.000000
vn -0.735944 0.677042 0.000000
vn -0.667557 0.744559 0.000000
vn -0.667557 0.744559 0.000000
vn -0.807926 0.589284 0.000000
vn -0.767519 0.641027 0.000000
vn -0.767519 0.641027 0.000000
vn -0.630950 0.775824 0.000000
vn -0.630950 0.775824 0.000000
vn -0.702588 0.711597 0.000000
vn -0.702588 0.711597 0.000000
vn -0.592868 0.805300 0.000000
vn -0.592868 0.805300 0.000000
vn -0.553392 0.832921 0.000000
vn -0.735944 0.677042 0.000000
vn -0.735944 0.677042 0.000000
vn -0.667557 0.744559 0.000000
vn -0.667557 0.744559 0.000000
vn -0.767519 0.641027 0.000000
vn -0.807926 0.589284 0.000000
vn -0.767519 0.641027 0.000000
vn -0.630950 0.775824 0.000000
vn -0.630950 0.775824 0.000000
vn -0.702588 0.711597 0.000000
vn -0.702588 0.711597 0.000000
vn -0.592868 0.805300 0.000000
vn -0.592868 0.805300 0.000000
vn -0.630950 0.775824 0.000000
vn -0.553392 0.832921 0.000000
vn -0.735944 0.677042 0.000000
vn -0.735944 0.677042 0.000000
vn -0.667557 0.744559 0.000000
vn -0.667557 0.744559 0.000000
vn -0.807926 0.589284 0.000000
vn -0.807926 0.589284 0.000000
vn -0.767519 0.641027 0.000000
vn -0.767519 0.641027 0.000000
vn -0.630950 0.775824 0.000000
vn -0.735944 0.677042 0.000000
vn -0.702588 0.711597 0.000000
vn -0.702588 0.711597 0.000000
vn -0.592868 0.805300 0.000000
vn -0.592868 0.805300 0.000000
vn -0.553392 0.832921 0.000000
vn -0.735944 0.677042 0.000000
vn -0.767519 0.641027 0.000000
vn -0.667557 0.744559 0.000000
vn -0.667557 0.744559 0.000000
vn -0.584124 0.807858 -0.078511
vn -0.553392 0.832921 0.000000
vn -0.807926 0.589284 0.000000
vn -0.767519 0.641027 0.000000
vn -0.630950 0.775824 0.000000
vn -0.630950 0.775824 0.000000
vn -0.702588 0.711597 0.000000
vn -0.702588 0.711597 0.000000
vn -0.735944 0.677042 0.000000
vn -0.592868 0.805300 0.000000
vn -0.592868 0.805300 0.000000
vn -0.735944 0.677042 0.000000
vn -0.667557 0.744559 0.000000
vn -0.667557 0.744559 0.000000
vn -0.592036 0.804170 -0.052957
vn -0.592868 0.805300 0.000000
vn -0.592868 0.805300 0.000000
vn -0.807926 0.589284 0.000000
vn -0.767519 0.641027 0.000000
vn -0.767519 0.641027 0.000000
vn -0.630950 0.775824 0.000000
vn -0.630950 0.775824 0.000000
vn -0.630950 0.775824 0.000000
vn -0.702588 0.711597 0.000000
vn -0.735944 0.677042 0.000000
vn -0.702588 0.711597 0.000000
vn -0.630938 0.775809 0.006167
vn -0.630950 0.775824 0.000000
vn -0.735944 0.677042 0.000000
vn -0.667557 0.744559 0.000000
vn -0.667557 0.744559 0.000000
vn -0.807926 0.589284 0.000000
vn -0.767519 0.641027 0.000000
vn -0.767519 0.641027 0.000000
vn -0.679310 0.732956 -0.036239
vn -0.667529 0.744528 -0.009129
vn -0.667557 0.744559 0.000000
vn -0.667557 0.744559 0.000000
vn -0.702588 0.711597 0.000000
vn -0.702588 0.711597 0.000000
vn -0.735944 0.677042 0.000000
vn -0.735944 0.677042 0.000000
vn -0.702588 0.711597 0.000000
vn -0.702588 0.711597 -0.000602
vn -0.702588 0.711597 0.000000
vn -0.767519 0.641027 0.000000
vn -0.767519 0.641027 0.000000
vn -0.807926 0.589284 0.000000
vn -0.735944 0.677042 0.000000
vn -0.768169 0.638839 -0.042433
vn -0.735944 0.677042 0.000534
vn -0.767519 0.641027 0.000000
vn -0.735944 0.677042 0.000000
vn -0.766732 0.640370 -0.045262
vn -0.807926 0.589284 0.000000
vn -0.767519 0.641027 0.000000
vn -0.852640 0.522499 0.000000
vn -0.852640 0.522499 0.000000
vn 0.453991 0.891006 -0.000000
vn 0.453991 0.891006 0.000000
vn 0.923879 -0.382684 0.000000
vn 0.923879 -0.382684 0.000000
vn 0.968365 -0.245885 0.042537
vn 0.968743 -0.243902 0.045257
vn 0.980316 -0.197437 -0.000481
vn 0.951629 -0.307250 0.000000
vn 0.992271 -0.118703 0.036155
vn 0.988665 -0.150137 0.000540
vn 0.969737 -0.244152 0.000000
vn 0.969737 -0.244152 0.000000
vn 0.980316 -0.197437 0.000000
vn 0.980316 -0.197437 0.000000
vn 0.994699 -0.102419 0.009126
vn 0.951629 -0.307250 0.000000
vn 0.988665 -0.150137 0.000000
vn 0.988665 -0.150137 0.000000
vn 0.969737 -0.244152 0.000000
vn 0.969737 -0.244152 0.000000
vn 0.998498 -0.054433 -0.006170
vn 0.980316 -0.197437 0.000000
vn 0.980316 -0.197437 0.000000
vn 0.994741 -0.102424 0.000000
vn 0.994741 -0.102424 0.000000
vn 0.951629 -0.307250 0.000000
vn 0.988665 -0.150137 0.000000
vn 0.988665 -0.150137 0.000000
vn 0.969737 -0.244152 0.000000
vn 0.969737 -0.244152 0.000000
vn 0.996911 0.002280 0.078510
vn 0.998577 -0.006287 0.052960
vn 0.998517 -0.054434 0.000000
vn 0.998517 -0.054434 0.000000
vn 0.980316 -0.197437 0.000000
vn 0.980316 -0.197437 0.000000
vn 0.994741 -0.102424 0.000000
vn 0.994741 -0.102424 0.000000
vn 0.951629 -0.307250 0.000000
vn 0.951629 -0.307250 0.000000
vn 0.988665 -0.150137 0.000000
vn 0.988665 -0.150137 0.000000
vn 0.969737 -0.244152 0.000000
vn 0.969737 -0.244152 0.000000
vn 0.999123 0.041874 0.000000
vn 0.999980 -0.006296 0.000000
vn 0.999980 -0.006296 0.000000
vn 0.998517 -0.054434 0.000000
vn 0.998517 -0.054434 0.000000
vn 0.980316 -0.197437 0.000000
vn 0.980316 -0.197437 0.000000
vn 0.994741 -0.102424 0.000000
vn 0.994741 -0.102424 0.000000
vn 0.951629 -0.307250 0.000000
vn 0.988665 -0.150137 0.000000
vn 0.988665 -0.150137 0.000000
vn 0.994741 -0.102424 0.000000
vn 0.969737 -0.244152 0.000000
vn 0.969737 -0.244152 0.000000
vn 0.999123 0.041874 0.000000
vn 0.999980 -0.006296 0.000000
vn 0.999980 -0.006296 0.000000
vn 0.998517 -0.054434 0.000000
vn 0.998517 -0.054434 0.000000
vn 0.980316 -0.197437 0.000000
vn 0.980316 -0.197437 0.000000
vn 0.994741 -0.102424 0.000000
vn 0.951629 -0.307250 0.000000
vn 0.988665 -0.150137 0.000000
vn 0.988665 -0.150137 0.000000
vn 0.969737 -0.244152 0.000000
vn 0.969737 -0.244152 0.000000
vn 0.999980 -0.006296 0.000000
vn 0.999123 0.041874 0.000000
vn 0.999980 -0.006296 0.000000
vn 0.998517 -0.054434 0.000000
vn 0.998517 -0.054434 0.000000
vn 0.980316 -0.197437 0.000000
vn 0.980316 -0.197437 0.000000
vn 0.994741 -0.102424 0.000000
vn 0.994741 -0.102424 0.000000
vn 0.951629 -0.307250 0.000000
vn 0.969737 -0.244152 0.000000
vn 0.988665 -0.150137 0.000000
vn 0.988665 -0.150137 0.000000
vn 0.969737 -0.244152 0.000000
vn 0.999123 0.041874 0.000000
vn 0.999123 0.041874 0.000000
vn 0.999980 -0.006296 0.000000
vn 0.999980 -0.006296 0.000000
vn 0.998517 -0.054434 0.000000
vn 0.998517 -0.054434 0.000000
vn 0.980316 -0.197437 0.000000
vn 0.988665 -0.150137 0.000000
vn 0.980316 -0.197437 0.000000
vn 0.994741 -0.102424 0.000000
vn 0.994741 -0.102424 0.000000
vn 0.951629 -0.307250 0.000000
vn 0.988665 -0.150137 0.000000
vn 0.969737 -0.244152 0.000000
vn 0.969737 -0.244152 0.000000
vn 0.951629 -0.307250 0.000000
vn 0.999980 -0.006296 0.000000
vn 0.999980 -0.006296 0.000000
vn 0.999123 0.041874 0.000000
vn 0.998517 -0.054434 0.000000
vn 0.998517 -0.054434 0.000000
vn 0.980316 -0.197437 0.000000
vn 0.980316 -0.197437 0.000000
vn 0.968365 -0.245885 -0.042537
vn 0.980316 -0.197437 0.000000
vn 0.969737 -0.244152 0.000000
vn 0.968743 -0.243902 -0.045257
vn 0.969737 -0.244152 0.000000
vn 0.994741 -0.102424 0.000000
vn 0.994741 -0.102424 0.000000
vn 0.980316 -0.197437 0.000481
vn 0.980316 -0.197437 0.000000
vn 0.988665 -0.150137 0.000000
vn 0.988665 -0.150137 0.000000
vn 0.999980 -0.006296 0.000000
vn 0.999980 -0.006296 0.000000
vn 0.999123 0.041874 0.000000
vn 0.998517 -0.054434 0.000000
vn 0.998517 -0.054434 0.000000
vn 0.992271 -0.118703 -0.036155
vn 0.988665 -0.150137 -0.000540
vn 0.988665 -0.150137 0.000000
vn 0.988665 -0.150137 0.000000
vn 0.994741 -0.102424 0.000000
vn 0.994741 -0.102424 0.000000
vn 0.998517 -0.054434 0.000000
vn 0.994741 -0.102424 0.000000
vn 0.994699 -0.102419 -0.009126
vn 0.994741 -0.102424 0.000000
vn 0.999980 -0.006296 0.000000
vn 0.999980 -0.006296 0.000000
vn 0.999123 0.041874 0.000000
vn 0.998517 -0.054434 0.000000
vn 0.998517 -0.054434 0.000000
vn 0.998498 -0.054433 0.006170
vn 0.998517 -0.054434 0.000000
vn 0.999123 0.041874 0.000000
vn 0.999980 -0.006296 0.000000
vn 0.999980 -0.006296 0.000000
vn 0.996911 0.002280 -0.078510
vn 0.999123 0.041874 0.000000
vn 0.998577 -0.006287 -0.052960
vn 0.999980 -0.006296 0.000000
vn 0.999980 -0.006296 0.000000
vn 0.309018 0.951056 -0.000000
vn 0.309018 0.951056 0.000000
vn -0.805177 0.587815 0.078507
vn -0.811560 0.581864 0.052961
vn -0.783695 0.621146 0.000000
vn -0.839799 0.542863 -0.006174
vn -0.812701 0.582681 0.000000
vn -0.812701 0.582681 0.000000
vn -0.783695 0.621146 0.000000
vn -0.872558 0.487164 0.036237
vn -0.864928 0.501813 0.009120
vn -0.839815 0.542873 0.000000
vn -0.839815 0.542873 0.000000
vn -0.888096 0.459659 0.000602
vn -0.812701 0.582681 0.000000
vn -0.812701 0.582681 0.000000
vn -0.783695 0.621146 0.000000
vn -0.927985 0.370195 0.042431
vn -0.909143 0.416485 -0.000535
vn -0.864964 0.501834 0.000000
vn -0.864964 0.501834 0.000000
vn -0.927091 0.372093 0.045258
vn -0.839815 0.542873 0.000000
vn -0.839815 0.542873 0.000000
vn -0.888096 0.459659 0.000000
vn -0.888096 0.459659 0.000000
vn -0.812701 0.582681 0.000000
vn -0.812701 0.582681 0.000000
vn -0.783695 0.621146 0.000000
vn -0.783695 0.621146 0.000000
vn -0.909143 0.416485 0.000000
vn -0.909143 0.416485 0.000000
vn -0.864964 0.501834 0.000000
vn -0.864964 0.501834 0.000000
vn -0.950481 0.310784 0.000000
vn -0.928042 0.372475 0.000000
vn -0.928042 0.372475 0.000000
vn -0.839815 0.542873 0.000000
vn -0.839815 0.542873 0.000000
vn -0.888096 0.459659 0.000000
vn -0.888096 0.459659 0.000000
vn -0.812701 0.582681 0.000000
vn -0.812701 0.582681 0.000000
vn -0.783695 0.621146 0.000000
vn -0.909143 0.416485 0.000000
vn -0.909143 0.416485 0.000000
vn -0.864964 0.501834 0.000000
vn -0.864964 0.501834 0.000000
vn -0.950481 0.310784 0.000000
vn -0.928042 0.372475 0.000000
vn -0.928042 0.372475 0.000000
vn -0.839815 0.542873 0.000000
vn -0.839815 0.542873 0.000000
vn -0.888096 0.459659 0.000000
vn -0.888096 0.459659 0.000000
vn -0.812701 0.582681 0.000000
vn -0.812701 0.582681 0.000000
vn -0.783695 0.621146 0.000000
vn -0.909143 0.416485 0.000000
vn -0.909143 0.416485 0.000000
vn -0.864964 0.501834 0.000000
vn -0.864964 0.501834 0.000000
vn -0.888096 0.459659 0.000000
vn -0.928042 0.372475 0.000000
vn -0.950481 0.310784 0.000000
vn -0.928042 0.372475 0.000000
vn -0.839815 0.542873 0.000000
vn -0.864964 0.501834 0.000000
vn -0.839815 0.542873 0.000000
vn -0.888096 0.459659 0.000000
vn -0.812701 0.582681 0.000000
vn -0.812701 0.582681 0.000000
vn -0.783695 0.621146 0.000000
vn -0.909143 0.416485 0.000000
vn -0.928042 0.372475 0.000000
vn -0.909143 0.416485 0.000000
vn -0.864964 0.501834 0.000000
vn -0.950481 0.310784 0.000000
vn -0.950481 0.310784 0.000000
vn -0.928042 0.372475 0.000000
vn -0.839815 0.542873 0.000000
vn -0.839815 0.542873 0.000000
vn -0.888096 0.459659 0.000000
vn -0.888096 0.459659 0.000000
vn -0.812701 0.582681 0.000000
vn -0.812701 0.582681 0.000000
vn -0.783695 0.621146 0.000000
vn -0.909143 0.416485 0.000000
vn -0.909143 0.416485 0.000000
vn -0.928042 0.372475 0.000000
vn -0.864964 0.501834 0.000000
vn -0.864964 0.501834 0.000000
vn -0.805177 0.587815 -0.078507
vn -0.783695 0.621146 0.000000
vn -0.928042 0.372475 0.000000
vn -0.950481 0.310784 0.000000
vn -0.839815 0.542873 0.000000
vn -0.839815 0.542873 0.000000
vn -0.888096 0.459659 0.000000
vn -0.888096 0.459659 0.000000
vn -0.909143 0.416485 0.000000
vn -0.812701 0.582681 0.000000
vn -0.812701 0.582681 0.000000
vn -0.909143 0.416485 0.000000
vn -0.864964 0.501834 0.000000
vn -0.864964 0.501834 0.000000
vn -0.811560 0.581864 -0.052961
vn -0.812701 0.582681 0.000000
vn -0.812701 0.582681 0.000000
vn -0.950481 0.310784 0.000000
vn -0.928042 0.372475 0.000000
vn -0.928042 0.372475 0.000000
vn -0.839815 0.542873 0.000000
vn -0.839815 0.542873 0.000000
vn -0.888096 0.459659 0.000000
vn -0.888096 0.459659 0.000000
vn -0.839815 0.542873 0.000000
vn -0.839799 0.542863 0.006174
vn -0.839815 0.542873 0.000000
vn -0.909143 0.416485 0.000000
vn -0.909143 0.416485 0.000000
vn -0.864964 0.501834 0.000000
vn -0.864964 0.501834 0.000000
vn -0.950481 0.310784 0.000000
vn -0.928042 0.372475 0.000000
vn -0.928042 0.372475 0.000000
vn -0.872558 0.487164 -0.036237
vn -0.864928 0.501813 -0.009120
vn -0.864964 0.501834 0.000000
vn -0.864964 0.501834 0.000000
vn -0.888096 0.459659 0.000000
vn -0.909143 0.416485 0.000000
vn -0.888096 0.459659 0.000000
vn -0.888096 0.459659 0.000000
vn -0.909143 0.416485 0.000000
vn -0.888096 0.459658 -0.000602
vn -0.888096 0.459659 0.000000
vn -0.928042 0.372475 0.000000
vn -0.928042 0.372475 0.000000
vn -0.950481 0.310784 0.000000
vn -0.909143 0.416485 0.000535
vn -0.927985 0.370195 -0.042431
vn -0.909143 0.416485 0.000000
vn -0.909143 0.416485 0.000000
vn -0.927092 0.372093 -0.045258
vn -0.950481 0.310784 0.000000
vn -0.928042 0.372475 0.000000
vn -0.928042 0.372475 0.000000
vn -0.972370 0.233445 0.000000
vn -0.972370 0.233445 0.000000
vn 0.156434 0.987688 -0.000000
vn 0.156434 0.987688 0.000000
vn 0.996917 -0.078459 0.000000
vn 0.996917 -0.078459 0.000000
vn 0.996953 0.065390 0.042537
vn 0.996700 0.067393 0.045257
vn 0.993347 0.115160 -0.000481
vn 0.999998 0.001858 0.000000
vn 0.980388 0.193734 0.036156
vn 0.986671 0.162725 0.000541
vn 0.997722 0.067462 -0.000000
vn 0.997722 0.067462 0.000000
vn 0.993347 0.115160 0.000000
vn 0.993347 0.115160 -0.000000
vn 0.977665 0.209973 0.009124
vn 0.999998 0.001858 0.000000
vn 0.986671 0.162725 0.000000
vn 0.986671 0.162725 -0.000000
vn 0.997722 0.067462 0.000000
vn 0.997722 0.067462 -0.000000
vn 0.966449 0.256784 -0.006171
vn 0.993347 0.115160 0.000000
vn 0.993347 0.115160 -0.000000
vn 0.977705 0.209982 0.000000
vn 0.977705 0.209982 -0.000000
vn 0.999998 0.001858 0.000000
vn 0.986671 0.162725 -0.000000
vn 0.986671 0.162725 0.000000
vn 0.997722 0.067462 0.000000
vn 0.997722 0.067462 -0.000000
vn 0.947414 0.310231 0.078509
vn 0.951646 0.302598 0.052959
vn 0.966468 0.256788 0.000000
vn 0.966468 0.256788 -0.000000
vn 0.993347 0.115160 0.000000
vn 0.993347 0.115160 -0.000000
vn 0.977705 0.209982 0.000000
vn 0.977705 0.209982 -0.000000
vn 0.999998 0.001858 -0.000000
vn 0.999998 0.001858 0.000000
vn 0.986671 0.162725 0.000000
vn 0.986671 0.162725 -0.000000
vn 0.997722 0.067463 0.000000
vn 0.997722 0.067463 -0.000000
vn 0.937283 0.348570 0.000000
vn 0.952983 0.303023 0.000000
vn 0.952983 0.303023 -0.000000
vn 0.966468 0.256788 -0.000000
vn 0.966468 0.256788 0.000000
vn 0.993347 0.115160 -0.000000
vn 0.993347 0.115160 0.000000
vn 0.977705 0.209982 0.000000
vn 0.977705 0.209982 -0.000000
vn 0.999998 0.001858 0.000000
vn 0.986672 0.162725 0.000000
vn 0.986672 0.162725 -0.000000
vn 0.997722 0.067462 0.000000
vn 0.997722 0.067462 -0.000000
vn 0.937283 0.348570 0.000000
vn 0.952983 0.303023 0.000000
vn 0.952983 0.303023 -0.000000
vn 0.966468 0.256788 0.000000
vn 0.966468 0.256788 -0.000000
vn 0.986671 0.162725 0.000000
vn 0.993347 0.115160 -0.000000
vn 0.993347 0.115160 0.000000
vn 0.977705 0.209982 -0.000000
vn 0.977705 0.209982 0.000000
vn 0.999998 0.001858 0.000000
vn 0.986671 0.162725 0.000000
vn 0.997722 0.067462 0.000000
vn 0.997722 0.067462 -0.000000
vn 0.952983 0.303023 0.000000
vn 0.937283 0.348570 0.000000
vn 0.952983 0.303023 -0.000000
vn 0.966468 0.256788 -0.000000
vn 0.966468 0.256788 0.000000
vn 0.993347 0.115160 0.000000
vn 0.993347 0.115160 -0.000000
vn 0.977705 0.209982 -0.000000
vn 0.977705 0.209982 0.000000
vn 0.999998 0.001858 0.000000
vn 0.977705 0.209982 0.000000
vn 0.986671 0.162725 0.000000
vn 0.986671 0.162725 -0.000000
vn 0.997722 0.067462 0.000000
vn 0.997722 0.067462 -0.000000
vn 0.937283 0.348570 0.000000
vn 0.937283 0.348570 0.000000
vn 0.952983 0.303023 0.000000
vn 0.952983 0.303023 -0.000000
vn 0.966468 0.256788 0.000000
vn 0.966468 0.256788 -0.000000
vn 0.993347 0.115160 0.000000
vn 0.993347 0.115160 -0.000000
vn 0.977705 0.209982 0.000000
vn 0.999998 0.001858 0.000000
vn 0.986672 0.162725 0.000000
vn 0.986672 0.162725 -0.000000
vn 0.997722 0.067462 0.000000
vn 0.997722 0.067462 -0.000000
vn 0.999998 0.001858 0.000000
vn 0.952983 0.303023 0.000000
vn 0.952983 0.303023 -0.000000
vn 0.937283 0.348570 0.000000
vn 0.966468 0.256788 0.000000
vn 0.966468 0.256788 -0.000000
vn 0.993347 0.115160 -0.000000
vn 0.993347 0.115160 0.000000
vn 0.996953 0.065390 -0.042537
vn 0.997722 0.067462 0.000000
vn 0.996700 0.067393 -0.045257
vn 0.997722 0.067462 -0.000000
vn 0.977705 0.209982 0.000000
vn 0.977705 0.209982 -0.000000
vn 0.993347 0.115160 0.000000
vn 0.993347 0.115160 0.000481
vn 0.993347 0.115160 -0.000000
vn 0.986672 0.162725 0.000000
vn 0.986672 0.162725 -0.000000
vn 0.952983 0.303023 0.000000
vn 0.937283 0.348570 0.000000
vn 0.952983 0.303023 -0.000000
vn 0.966468 0.256788 -0.000000
vn 0.966468 0.256788 0.000000
vn 0.980388 0.193734 -0.036156
vn 0.986671 0.162725 -0.000541
vn 0.986672 0.162725 -0.000000
vn 0.986672 0.162725 0.000000
vn 0.977705 0.209982 0.000000
vn 0.977705 0.209982 -0.000000
vn 0.977705 0.209982 -0.000000
vn 0.977705 0.209982 0.000000
vn 0.977665 0.209973 -0.009124
vn 0.952983 0.303023 0.000000
vn 0.937283 0.348570 0.000000
vn 0.952983 0.303023 -0.000000
vn 0.966468 0.256788 0.000000
vn 0.966468 0.256788 -0.000000
vn 0.966468 0.256788 -0.000000
vn 0.966449 0.256784 0.006171
vn 0.966468 0.256788 0.000000
vn 0.937283 0.348570 0.000000
vn 0.952983 0.303023 -0.000000
vn 0.952983 0.303023 0.000000
vn 0.937283 0.348570 0.000000
vn 0.951646 0.302598 -0.052959
vn 0.947414 0.310231 -0.078509
vn 0.952983 0.303023 -0.000000
vn 0.952983 0.303023 0.000000
vn 0.000000 1.000000 -0.000000
vn 0.000000 1.000000 0.000000
vn -0.947414 0.310231 0.078509
vn -0.951646 0.302598 0.052959
vn -0.937283 0.348570 0.000000
vn -0.966449 0.256784 -0.006171
vn -0.952983 0.303023 0.000000
vn -0.952983 0.303023 0.000000
vn -0.937283 0.348570 0.000000
vn -0.980394 0.193685 0.036238
vn -0.977665 0.209973 0.009124
vn -0.966468 0.256788 0.000000
vn -0.966468 0.256788 0.000000
vn -0.986671 0.162725 0.000604
vn -0.952983 0.303023 0.000000
vn -0.952983 0.303023 0.000000
vn -0.937283 0.348570 0.000000
vn -0.996962 0.065313 0.042432
vn -0.993347 0.115160 -0.000533
vn -0.977705 0.209982 0.000000
vn -0.977705 0.209982 0.000000
vn -0.996700 0.067393 0.045257
vn -0.966468 0.256788 0.000000
vn -0.966468 0.256788 0.000000
vn -0.986671 0.162725 0.000000
vn -0.986671 0.162725 0.000000
vn -0.952983 0.303023 0.000000
vn -0.952983 0.303023 0.000000
vn -0.937283 0.348570 0.000000
vn -0.937283 0.348570 0.000000
vn -0.993347 0.115160 0.000000
vn -0.993347 0.115160 0.000000
vn -0.977705 0.209982 0.000000
vn -0.977705 0.209982 0.000000
vn -0.999998 0.001858 0.000000
vn -0.997722 0.067462 0.000000
vn -0.997722 0.067462 0.000000
vn -0.966468 0.256788 0.000000
vn -0.966468 0.256788 0.000000
vn -0.986671 0.162725 0.000000
vn -0.986671 0.162725 0.000000
vn -0.952983 0.303023 0.000000
vn -0.952983 0.303023 0.000000
vn -0.937283 0.348570 0.000000
vn -0.993347 0.115160 0.000000
vn -0.993347 0.115160 0.000000
vn -0.977705 0.209982 0.000000
vn -0.977705 0.209982 0.000000
vn -0.999998 0.001858 0.000000
vn -0.997722 0.067462 0.000000
vn -0.997722 0.067462 0.000000
vn -0.966468 0.256788 0.000000
vn -0.966468 0.256788 0.000000
vn -0.986671 0.162725 0.000000
vn -0.986671 0.162725 0.000000
vn -0.952983 0.303023 0.000000
vn -0.952983 0.303023 0.000000
vn -0.937283 0.348570 0.000000
vn -0.993347 0.115160 0.000000
vn -0.993347 0.115160 0.000000
vn -0.977705 0.209982 0.000000
vn -0.977705 0.209982 0.000000
vn -0.997722 0.067462 0.000000
vn -0.999998 0.001858 0.000000
vn -0.997722 0.067462 0.000000
vn -0.966468 0.256788 0.000000
vn -0.966468 0.256788 0.000000
vn -0.986672 0.162725 0.000000
vn -0.986672 0.162725 0.000000
vn -0.952983 0.303023 0.000000
vn -0.952983 0.303023 0.000000
vn -0.937283 0.348570 0.000000
vn -0.993347 0.115160 0.000000
vn -0.997722 0.067463 0.000000
vn -0.993347 0.115160 0.000000
vn -0.977705 0.209982 0.000000
vn -0.977705 0.209982 0.000000
vn -0.999998 0.001858 0.000000
vn -0.999998 0.001858 0.000000
vn -0.997722 0.067463 0.000000
vn -0.977705 0.209982 0.000000
vn -0.966468 0.256788 0.000000
vn -0.966468 0.256788 0.000000
vn -0.993347 0.115160 0.000000
vn -0.986671 0.162725 0.000000
vn -0.986671 0.162725 0.000000
vn -0.952983 0.303023 0.000000
vn -0.952983 0.303023 0.000000
vn -0.966468 0.256788 0.000000
vn -0.937283 0.348570 0.000000
vn -0.993347 0.115160 0.000000
vn -0.977705 0.209982 0.000000
vn -0.947414 0.310231 -0.078509
vn -0.937283 0.348570 0.000000
vn -0.997722 0.067462 0.000000
vn -0.997722 0.067462 0.000000
vn -0.999998 0.001858 0.000000
vn -0.966468 0.256788 0.000000
vn -0.986671 0.162725 0.000000
vn -0.986671 0.162725 0.000000
vn -0.952983 0.303023 0.000000
vn -0.952983 0.303023 0.000000
vn -0.993347 0.115160 0.000000
vn -0.993347 0.115160 0.000000
vn -0.997722 0.067462 0.000000
vn -0.977705 0.209982 0.000000
vn -0.977705 0.209982 0.000000
vn -0.951646 0.302598 -0.052959
vn -0.952983 0.303023 0.000000
vn -0.952983 0.303023 0.000000
vn -0.999998 0.001858 0.000000
vn -0.997722 0.067462 0.000000
vn -0.966468 0.256788 0.000000
vn -0.966468 0.256788 0.000000
vn -0.986672 0.162725 0.000000
vn -0.986672 0.162725 0.000000
vn -0.966468 0.256788 0.000000
vn -0.966449 0.256784 0.006171
vn -0.966468 0.256788 0.000000
vn -0.993347 0.115160 0.000000
vn -0.993347 0.115160 0.000000
vn -0.977705 0.209982 0.000000
vn -0.977705 0.209982 0.000000
vn -0.999998 0.001858 0.000000
vn -0.997722 0.067462 0.000000
vn -0.997722 0.067462 0.000000
vn -0.980394 0.193685 -0.036238
vn -0.977665 0.209973 -0.009124
vn -0.977705 0.209982 0.000000
vn -0.977705 0.209982 0.000000
vn -0.986672 0.162725 0.000000
vn -0.986672 0.162725 0.000000
vn -0.986672 0.162725 0.000000
vn -0.997722 0.067462 0.000000
vn -0.993347 0.115160 0.000000
vn -0.993347 0.115160 0.000000
vn -0.986672 0.162725 0.000000
vn -0.986671 0.162725 -0.000604
vn -0.997722 0.067462 0.000000
vn -0.999998 0.001858 0.000000
vn -0.993347 0.115160 0.000000
vn -0.993347 0.115160 0.000000
vn -0.996962 0.065313 -0.042432
vn -0.993347 0.115160 0.000533
vn -0.999998 0.001858 0.000000
vn -0.997722 0.067462 0.000000
vn -0.996700 0.067393 -0.045257
vn -0.997722 0.067462 0.000000
vn -0.996917 -0.078459 0.000000
vn -0.996917 -0.078459 0.000000
vn -0.156434 0.987688 0.000000
vn -0.156434 0.987688 0.000000
vn 0.972370 0.233445 -0.000000
vn 0.972370 0.233445 0.000000
vn 0.927757 0.370188 0.047210
vn 0.936358 0.350116 0.025558
vn 0.918754 0.394525 0.015568
vn 0.955354 0.295464 0.000000
vn 0.898867 0.438180 -0.005944
vn 0.936664 0.350230 -0.000000
vn 0.936664 0.350230 0.000000
vn 0.918865 0.394573 0.000000
vn 0.918865 0.394573 -0.000000
vn 0.872612 0.487251 0.033676
vn 0.876605 0.480781 0.020309
vn 0.955354 0.295464 0.000000
vn 0.898883 0.438188 0.000000
vn 0.898883 0.438188 -0.000000
vn 0.936664 0.350230 0.000000
vn 0.936664 0.350230 -0.000000
vn 0.852616 0.522488 -0.007170
vn 0.918865 0.394573 0.000000
vn 0.918865 0.394573 -0.000000
vn 0.876786 0.480880 0.000000
vn 0.876786 0.480880 -0.000000
vn 0.955354 0.295464 0.000000
vn 0.898883 0.438188 -0.000000
vn 0.898883 0.438188 0.000000
vn 0.936664 0.350230 0.000000
vn 0.936664 0.350230 -0.000000
vn 0.804996 0.587683 0.081301
vn 0.826423 0.562888 0.013450
vn 0.852638 0.522502 -0.000000
vn 0.852638 0.522502 0.000000
vn 0.918865 0.394573 0.000000
vn 0.918865 0.394573 -0.000000
vn 0.876786 0.480880 0.000000
vn 0.876786 0.480880 -0.000000
vn 0.955354 0.295464 -0.000000
vn 0.955354 0.295464 0.000000
vn 0.898883 0.438188 0.000000
vn 0.898883 0.438188 -0.000000
vn 0.797896 0.601684 0.036579
vn 0.936664 0.350230 0.000000
vn 0.936664 0.350230 -0.000000
vn 0.826498 0.562939 0.000000
vn 0.826498 0.562939 -0.000000
vn 0.852638 0.522502 0.000000
vn 0.852638 0.522502 -0.000000
vn 0.918865 0.394573 -0.000000
vn 0.918865 0.394573 0.000000
vn 0.876786 0.480880 0.000000
vn 0.876786 0.480880 -0.000000
vn 0.955354 0.295464 0.000000
vn 0.898883 0.438188 0.000000
vn 0.898883 0.438188 -0.000000
vn 0.776362 0.630287 0.000000
vn 0.798431 0.602087 0.000000
vn 0.798431 0.602087 -0.000000
vn 0.936664 0.350230 -0.000000
vn 0.936664 0.350230 0.000000
vn 0.826498 0.562939 0.000000
vn 0.826498 0.562939 -0.000000
vn 0.852638 0.522502 -0.000000
vn 0.852638 0.522502 0.000000
vn 0.918865 0.394573 -0.000000
vn 0.918865 0.394573 0.000000
vn 0.876786 0.480880 -0.000000
vn 0.876786 0.480880 0.000000
vn 0.955354 0.295464 0.000000
vn 0.898883 0.438188 -0.000000
vn 0.898883 0.438188 0.000000
vn 0.798431 0.602087 0.000000
vn 0.776362 0.630287 0.000000
vn 0.798431 0.602087 -0.000000
vn 0.936664 0.350230 -0.000000
vn 0.936664 0.350230 0.000000
vn 0.826498 0.562939 0.000000
vn 0.826498 0.562939 -0.000000
vn 0.852638 0.522502 0.000000
vn 0.852638 0.522502 -0.000000
vn 0.918865 0.394573 0.000000
vn 0.918865 0.394573 -0.000000
vn 0.876786 0.480880 0.000000
vn 0.852638 0.522502 0.000000
vn 0.876786 0.480880 -0.000000
vn 0.955354 0.295464 0.000000
vn 0.898883 0.438188 0.000000
vn 0.898883 0.438188 -0.000000
vn 0.776362 0.630287 0.000000
vn 0.798431 0.602087 0.000000
vn 0.798431 0.602087 -0.000000
vn 0.936664 0.350230 -0.000000
vn 0.936664 0.350230 0.000000
vn 0.826498 0.562939 0.000000
vn 0.826498 0.562939 -0.000000
vn 0.852638 0.522502 0.000000
vn 0.918865 0.394573 0.000000
vn 0.898883 0.438188 0.000000
vn 0.918865 0.394573 -0.000000
vn 0.876786 0.480880 -0.000000
vn 0.876786 0.480880 0.000000
vn 0.955354 0.295464 0.000000
vn 0.898883 0.438188 0.000000
vn 0.776362 0.630287 0.000000
vn 0.798431 0.602087 -0.000000
vn 0.776362 0.630287 0.000000
vn 0.798431 0.602087 0.000000
vn 0.936664 0.350230 0.000000
vn 0.936664 0.350230 -0.000000
vn 0.798431 0.602087 0.000000
vn 0.826498 0.562939 0.000000
vn 0.826498 0.562939 -0.000000
vn 0.852638 0.522502 0.000000
vn 0.852638 0.522502 -0.000000
vn 0.955354 0.295464 0.000000
vn 0.936664 0.350230 0.000000
vn 0.918865 0.394573 -0.000000
vn 0.918865 0.394573 0.000000
vn 0.876786 0.480880 0.000000
vn 0.876786 0.480880 -0.000000
vn 0.852638 0.522502 0.000000
vn 0.927757 0.370188 -0.047210
vn 0.936358 0.350116 -0.025558
vn 0.936664 0.350230 0.000000
vn 0.898883 0.438188 0.000000
vn 0.898883 0.438188 -0.000000
vn 0.918865 0.394573 0.000000
vn 0.918753 0.394525 -0.015568
vn 0.918865 0.394573 -0.000000
vn 0.776362 0.630287 0.000000
vn 0.798431 0.602087 0.000000
vn 0.826498 0.562939 -0.000000
vn 0.826498 0.562939 0.000000
vn 0.852638 0.522502 0.000000
vn 0.898883 0.438188 0.000000
vn 0.898868 0.438180 0.005944
vn 0.898883 0.438188 -0.000000
vn 0.876786 0.480880 -0.000000
vn 0.876786 0.480880 0.000000
vn 0.798431 0.602087 0.000000
vn 0.798431 0.602087 -0.000000
vn 0.776362 0.630287 0.000000
vn 0.872612 0.487251 -0.033676
vn 0.876605 0.480781 -0.020309
vn 0.876786 0.480880 0.000000
vn 0.876786 0.480880 -0.000000
vn 0.826498 0.562939 0.000000
vn 0.826498 0.562939 -0.000000
vn 0.852638 0.522502 -0.000000
vn 0.852638 0.522502 0.000000
vn 0.852616 0.522488 0.007170
vn 0.852638 0.522502 -0.000000
vn 0.852638 0.522502 0.000000
vn 0.776362 0.630287 0.000000
vn 0.798431 0.602087 0.000000
vn 0.798431 0.602087 -0.000000
vn 0.826498 0.562939 -0.000000
vn 0.826498 0.562939 0.000000
vn 0.826423 0.562889 -0.013450
vn 0.804996 0.587683 -0.081301
vn 0.826498 0.562939 -0.000000
vn 0.826498 0.562939 0.000000
vn 0.776362 0.630287 0.000000
vn 0.798431 0.602087 0.000000
vn 0.798431 0.602087 -0.000000
vn 0.798431 0.602087 -0.000000
vn 0.776362 0.630287 0.000000
vn 0.797896 0.601684 -0.036579
vn 0.798431 0.602087 0.000000
vn -0.309018 0.951056 0.000000
vn -0.309018 0.951056 0.000000
vn -0.996911 0.002280 0.078510
vn -0.998577 -0.006287 0.052960
vn -0.999123 0.041874 0.000000
vn -0.998498 -0.054433 -0.006169
vn -0.999980 -0.006296 0.000000
vn -0.999980 -0.006296 0.000000
vn -0.999123 0.041874 0.000000
vn -0.992262 -0.118753 0.036237
vn -0.994699 -0.102419 0.009126
vn -0.998517 -0.054434 0.000000
vn -0.998517 -0.054434 0.000000
vn -0.988665 -0.150137 0.000603
vn -0.999980 -0.006296 0.000000
vn -0.999980 -0.006296 0.000000
vn -0.999123 0.041874 0.000000
vn -0.968350 -0.245961 0.042433
vn -0.980316 -0.197437 -0.000533
vn -0.994741 -0.102424 0.000000
vn -0.994741 -0.102424 0.000000
vn -0.968743 -0.243902 0.045257
vn -0.998517 -0.054434 0.000000
vn -0.998517 -0.054434 0.000000
vn -0.988665 -0.150137 0.000000
vn -0.988665 -0.150137 0.000000
vn -0.999980 -0.006296 0.000000
vn -0.999980 -0.006296 0.000000
vn -0.999123 0.041874 0.000000
vn -0.999123 0.041874 0.000000
vn -0.980316 -0.197437 0.000000
vn -0.980316 -0.197437 0.000000
vn -0.994741 -0.102424 0.000000
vn -0.994741 -0.102424 0.000000
vn -0.951629 -0.307250 -0.000000
vn -0.969737 -0.244152 0.000000
vn -0.969737 -0.244152 0.000000
vn -0.998517 -0.054434 0.000000
vn -0.998517 -0.054434 0.000000
vn -0.994741 -0.102424 -0.000000
vn -0.988665 -0.150137 0.000000
vn -0.988665 -0.150137 0.000000
vn -0.999980 -0.006296 0.000000
vn -0.999980 -0.006296 0.000000
vn -0.999123 0.041874 0.000000
vn -0.980316 -0.197437 0.000000
vn -0.980316 -0.197437 0.000000
vn -0.994741 -0.102424 0.000000
vn -0.951629 -0.307250 -0.000000
vn -0.969737 -0.244152 0.000000
vn -0.969737 -0.244152 0.000000
vn -0.998517 -0.054434 0.000000
vn -0.998517 -0.054434 0.000000
vn -0.988665 -0.150137 0.000000
vn -0.988665 -0.150137 0.000000
vn -0.999980 -0.006296 0.000000
vn -0.999980 -0.006296 0.000000
vn -0.999123 0.041874 0.000000
vn -0.980316 -0.197437 0.000000
vn -0.980316 -0.197437 0.000000
vn -0.994741 -0.102424 0.000000
vn -0.994741 -0.102424 0.000000
vn -0.969737 -0.244152 0.000000
vn -0.951629 -0.307250 -0.000000
vn -0.969737 -0.244152 0.000000
vn -0.998517 -0.054434 0.000000
vn -0.998517 -0.054434 0.000000
vn -0.988665 -0.150137 0.000000
vn -0.988665 -0.150137 0.000000
vn -0.999980 -0.006296 0.000000
vn -0.999980 -0.006296 0.000000
vn -0.999123 0.041874 0.000000
vn -0.980316 -0.197437 0.000000
vn -0.980316 -0.197437 0.000000
vn -0.994741 -0.102424 0.000000
vn -0.994741 -0.102424 0.000000
vn -0.951629 -0.307250 -0.000000
vn -0.951629 -0.307250 -0.000000
vn -0.969737 -0.244152 0.000000
vn -0.969737 -0.244152 0.000000
vn -0.998517 -0.054434 0.000000
vn -0.998517 -0.054434 0.000000
vn -0.988665 -0.150137 0.000000
vn -0.988665 -0.150137 0.000000
vn -0.999980 -0.006296 0.000000
vn -0.999980 -0.006296 0.000000
vn -0.999123 0.041874 0.000000
vn -0.980316 -0.197437 0.000000
vn -0.980316 -0.197437 0.000000
vn -0.969737 -0.244152 -0.000000
vn -0.994741 -0.102424 0.000000
vn -0.994741 -0.102424 0.000000
vn -0.996911 0.002280 -0.078510
vn -0.999123 0.041874 0.000000
vn -0.951629 -0.307250 -0.000000
vn -0.969737 -0.244152 0.000000
vn -0.998517 -0.054434 0.000000
vn -0.998517 -0.054434 0.000000
vn -0.994741 -0.102424 -0.000000
vn -0.988665 -0.150137 0.000000
vn -0.988665 -0.150137 0.000000
vn -0.999980 -0.006296 0.000000
vn -0.999980 -0.006296 0.000000
vn -0.980316 -0.197437 0.000000
vn -0.980316 -0.197437 0.000000
vn -0.994741 -0.102424 0.000000
vn -0.998577 -0.006287 -0.052960
vn -0.999980 -0.006296 0.000000
vn -0.999980 -0.006296 0.000000
vn -0.951629 -0.307250 -0.000000
vn -0.969737 -0.244152 0.000000
vn -0.969737 -0.244152 0.000000
vn -0.998517 -0.054434 0.000000
vn -0.998517 -0.054434 0.000000
vn -0.998517 -0.054434 0.000000
vn -0.988665 -0.150137 0.000000
vn -0.988665 -0.150137 0.000000
vn -0.998498 -0.054433 0.006170
vn -0.998517 -0.054434 0.000000
vn -0.980316 -0.197437 0.000000
vn -0.980316 -0.197437 0.000000
vn -0.994741 -0.102424 0.000000
vn -0.994741 -0.102424 0.000000
vn -0.951629 -0.307250 -0.000000
vn -0.969737 -0.244152 0.000000
vn -0.969737 -0.244152 0.000000
vn -0.992262 -0.118753 -0.036237
vn -0.994699 -0.102419 -0.009126
vn -0.994741 -0.102424 0.000000
vn -0.994741 -0.102424 0.000000
vn -0.988665 -0.150137 0.000000
vn -0.988665 -0.150137 0.000000
vn -0.980316 -0.197437 0.000000
vn -0.980316 -0.197437 0.000000
vn -0.988665 -0.150137 0.000000
vn -0.988665 -0.150137 0.000000
vn -0.988665 -0.150137 -0.000603
vn -0.969737 -0.244152 0.000000
vn -0.969737 -0.244152 0.000000
vn -0.951629 -0.307250 -0.000000
vn -0.980316 -0.197437 0.000000
vn -0.968350 -0.245961 -0.042433
vn -0.980315 -0.197437 0.000533
vn -0.980316 -0.197437 0.000000
vn -0.968743 -0.243902 -0.045257
vn -0.969737 -0.244152 0.000000
vn -0.969737 -0.244152 0.000000
vn -0.951629 -0.307250 -0.000000
vn -0.923879 -0.382684 0.000000
vn -0.923879 -0.382684 0.000000
vn -0.453991 0.891006 0.000000
vn -0.453991 0.891006 0.000000
vn 0.852640 0.522499 -0.000000
vn 0.852640 0.522499 0.000000
vn 0.767955 0.638762 0.047210
vn 0.782334 0.622334 0.025562
vn 0.751875 0.659122 0.015573
vn 0.817296 0.576219 0.000000
vn 0.719467 0.694501 -0.005941
vn 0.782590 0.622537 -0.000000
vn 0.782590 0.622537 0.000000
vn 0.751966 0.659202 0.000000
vn 0.751966 0.659202 -0.000000
vn 0.679334 0.733056 0.033680
vn 0.685132 0.728136 0.020311
vn 0.817295 0.576219 0.000000
vn 0.719480 0.694513 0.000000
vn 0.719480 0.694513 -0.000000
vn 0.782590 0.622537 0.000000
vn 0.782590 0.622537 -0.000000
vn 0.649430 0.760388 -0.007163
vn 0.751966 0.659202 0.000000
vn 0.751966 0.659202 -0.000000
vn 0.685273 0.728286 0.000000
vn 0.685273 0.728286 -0.000000
vn 0.817296 0.576219 0.000000
vn 0.719480 0.694513 -0.000000
vn 0.719480 0.694513 0.000000
vn 0.782590 0.622537 0.000000
vn 0.782590 0.622537 -0.000000
vn 0.583993 0.807677 0.081304
vn 0.612030 0.790720 0.013460
vn 0.649446 0.760407 -0.000000
vn 0.649446 0.760407 0.000000
vn 0.751966 0.659202 0.000000
vn 0.751966 0.659202 -0.000000
vn 0.685273 0.728286 0.000000
vn 0.685273 0.728286 -0.000000
vn 0.817295 0.576219 -0.000000
vn 0.817295 0.576219 0.000000
vn 0.719480 0.694513 0.000000
vn 0.719480 0.694513 -0.000000
vn 0.572916 0.818797 0.036587
vn 0.782590 0.622537 0.000000
vn 0.782590 0.622537 -0.000000
vn 0.612086 0.790791 0.000000
vn 0.612086 0.790791 -0.000000
vn 0.649446 0.760407 0.000000
vn 0.649446 0.760407 -0.000000
vn 0.751966 0.659202 -0.000000
vn 0.751966 0.659202 0.000000
vn 0.685273 0.728286 0.000000
vn 0.685273 0.728286 -0.000000
vn 0.817295 0.576219 0.000000
vn 0.719480 0.694513 0.000000
vn 0.719480 0.694513 -0.000000
vn 0.543589 0.839351 0.000000
vn 0.573300 0.819346 0.000000
vn 0.573300 0.819346 -0.000000
vn 0.782590 0.622537 -0.000000
vn 0.782590 0.622537 0.000000
vn 0.612086 0.790791 0.000000
vn 0.612086 0.790791 -0.000000
vn 0.649446 0.760407 -0.000000
vn 0.649446 0.760407 0.000000
vn 0.751966 0.659202 -0.000000
vn 0.751966 0.659202 0.000000
vn 0.685273 0.728286 -0.000000
vn 0.685273 0.728286 0.000000
vn 0.817295 0.576219 0.000000
vn 0.719480 0.694513 -0.000000
vn 0.719480 0.694513 0.000000
vn 0.573300 0.819346 0.000000
vn 0.543589 0.839351 0.000000
vn 0.573300 0.819346 -0.000000
vn 0.782590 0.622537 -0.000000
vn 0.782590 0.622537 0.000000
vn 0.612086 0.790791 0.000000
vn 0.612086 0.790791 -0.000000
vn 0.573300 0.819346 0.000000
vn 0.649446 0.760407 0.000000
vn 0.649446 0.760407 -0.000000
vn 0.751966 0.659202 0.000000
vn 0.751966 0.659202 -0.000000
vn 0.685273 0.728286 0.000000
vn 0.685273 0.728286 -0.000000
vn 0.817295 0.576219 0.000000
vn 0.719480 0.694513 0.000000
vn 0.719480 0.694513 -0.000000
vn 0.543589 0.839351 0.000000
vn 0.573300 0.819346 0.000000
vn 0.782590 0.622537 -0.000000
vn 0.782590 0.622537 0.000000
vn 0.751966 0.659202 0.000000
vn 0.612086 0.790791 0.000000
vn 0.612086 0.790791 -0.000000
vn 0.649446 0.760407 -0.000000
vn 0.649446 0.760407 0.000000
vn 0.751966 0.659202 0.000000
vn 0.685273 0.728286 -0.000000
vn 0.685273 0.728286 0.000000
vn 0.817295 0.576219 0.000000
vn 0.782590 0.622537 0.000000
vn 0.685273 0.728286 0.000000
vn 0.719480 0.694513 0.000000
vn 0.719480 0.694513 -0.000000
vn 0.543589 0.839351 0.000000
vn 0.573300 0.819346 -0.000000
vn 0.543589 0.839351 0.000000
vn 0.573300 0.819346 0.000000
vn 0.782590 0.622537 0.000000
vn 0.612086 0.790791 -0.000000
vn 0.612086 0.790791 0.000000
vn 0.573300 0.819346 0.000000
vn 0.649446 0.760407 0.000000
vn 0.649446 0.760407 -0.000000
vn 0.782590 0.622537 0.000000
vn 0.817295 0.576219 0.000000
vn 0.751966 0.659202 0.000000
vn 0.751966 0.659202 -0.000000
vn 0.685273 0.728286 0.000000
vn 0.767955 0.638762 -0.047210
vn 0.782334 0.622334 -0.025562
vn 0.782590 0.622537 0.000000
vn 0.719480 0.694513 -0.000000
vn 0.719480 0.694513 0.000000
vn 0.751966 0.659202 -0.000000
vn 0.751875 0.659122 -0.015573
vn 0.751966 0.659202 0.000000
vn 0.543589 0.839351 0.000000
vn 0.573300 0.819346 0.000000
vn 0.612086 0.790791 0.000000
vn 0.612086 0.790791 -0.000000
vn 0.649446 0.760407 0.000000
vn 0.649446 0.760407 -0.000000
vn 0.719480 0.694513 0.000000
vn 0.719480 0.694513 -0.000000
vn 0.719467 0.694501 0.005941
vn 0.685273 0.728286 -0.000000
vn 0.685273 0.728286 0.000000
vn 0.543589 0.839351 0.000000
vn 0.573300 0.819346 0.000000
vn 0.573300 0.819346 -0.000000
vn 0.685273 0.728286 -0.000000
vn 0.679334 0.733056 -0.033680
vn 0.685132 0.728136 -0.020311
vn 0.685273 0.728286 0.000000
vn 0.612086 0.790791 0.000000
vn 0.612086 0.790791 -0.000000
vn 0.649446 0.760407 0.000000
vn 0.649446 0.760407 -0.000000
vn 0.649430 0.760388 0.007163
vn 0.649446 0.760407 -0.000000
vn 0.649446 0.760407 0.000000
vn 0.543589 0.839351 0.000000
vn 0.573300 0.819346 0.000000
vn 0.573300 0.819346 -0.000000
vn 0.612086 0.790791 -0.000000
vn 0.612086 0.790791 0.000000
vn 0.583993 0.807677 -0.081304
vn 0.612030 0.790720 -0.013460
vn 0.612086 0.790791 -0.000000
vn 0.612086 0.790791 0.000000
vn 0.543589 0.839351 0.000000
vn 0.573300 0.819346 0.000000
vn 0.573300 0.819346 -0.000000
vn 0.543589 0.839351 0.000000
vn 0.572916 0.818797 -0.036588
vn 0.573300 0.819346 -0.000000
vn 0.573300 0.819346 0.000000
vn -0.587785 0.809017 0.000000
vn -0.587785 0.809017 0.000000
vn -0.948823 -0.305894 0.078509
vn -0.947760 -0.314556 0.052962
vn -0.963162 -0.268922 0.000000
vn -0.932807 -0.360323 -0.006170
vn -0.949092 -0.314998 0.000000
vn -0.949092 -0.314998 0.000000
vn -0.963162 -0.268922 0.000000
vn -0.907001 -0.419566 0.036238
vn -0.914367 -0.404784 0.009125
vn -0.932825 -0.360330 0.000000
vn -0.932825 -0.360330 0.000000
vn -0.893881 -0.448303 0.000603
vn -0.949092 -0.314998 0.000000
vn -0.949092 -0.314998 0.000000
vn -0.963162 -0.268922 0.000000
vn -0.844949 -0.533160 0.042433
vn -0.871324 -0.490708 -0.000533
vn -0.914405 -0.404801 0.000000
vn -0.914405 -0.404801 0.000000
vn -0.845960 -0.531322 0.045258
vn -0.932825 -0.360330 0.000000
vn -0.932825 -0.360330 0.000000
vn -0.893881 -0.448304 0.000000
vn -0.893881 -0.448304 0.000000
vn -0.949092 -0.314998 0.000000
vn -0.949092 -0.314998 0.000000
vn -0.963162 -0.268922 0.000000
vn -0.963162 -0.268922 0.000000
vn -0.871324 -0.490708 0.000000
vn -0.871324 -0.490708 0.000000
vn -0.914405 -0.404801 0.000000
vn -0.914405 -0.404801 0.000000
vn -0.810107 -0.586282 -0.000000
vn -0.846828 -0.531868 0.000000
vn -0.846828 -0.531868 0.000000
vn -0.932825 -0.360330 0.000000
vn -0.932825 -0.360330 0.000000
vn -0.914405 -0.404801 -0.000000
vn -0.893881 -0.448304 0.000000
vn -0.893881 -0.448304 0.000000
vn -0.949092 -0.314998 0.000000
vn -0.949092 -0.314998 0.000000
vn -0.963162 -0.268922 0.000000
vn -0.871324 -0.490708 0.000000
vn -0.871324 -0.490708 0.000000
vn -0.914405 -0.404801 0.000000
vn -0.810107 -0.586282 -0.000000
vn -0.846828 -0.531868 0.000000
vn -0.846828 -0.531868 0.000000
vn -0.932825 -0.360330 0.000000
vn -0.932825 -0.360330 0.000000
vn -0.893881 -0.448304 0.000000
vn -0.893881 -0.448304 0.000000
vn -0.949092 -0.314998 0.000000
vn -0.949092 -0.314998 0.000000
vn -0.963162 -0.268922 0.000000
vn -0.871324 -0.490708 0.000000
vn -0.871324 -0.490708 0.000000
vn -0.914405 -0.404801 0.000000
vn -0.914405 -0.404801 0.000000
vn -0.846828 -0.531868 0.000000
vn -0.810107 -0.586282 -0.000000
vn -0.846828 -0.531868 0.000000
vn -0.932825 -0.360330 0.000000
vn -0.932825 -0.360330 0.000000
vn -0.893881 -0.448304 0.000000
vn -0.893881 -0.448304 0.000000
vn -0.949092 -0.314998 0.000000
vn -0.949092 -0.314998 0.000000
vn -0.963162 -0.268922 0.000000
vn -0.871324 -0.490708 0.000000
vn -0.871324 -0.490708 0.000000
vn -0.914405 -0.404801 0.000000
vn -0.914405 -0.404801 0.000000
vn -0.810107 -0.586282 -0.000000
vn -0.810107 -0.586282 -0.000000
vn -0.846828 -0.531868 0.000000
vn -0.846828 -0.531868 0.000000
vn -0.932825 -0.360330 0.000000
vn -0.932825 -0.360330 0.000000
vn -0.893881 -0.448304 0.000000
vn -0.893881 -0.448304 0.000000
vn -0.949092 -0.314998 0.000000
vn -0.949092 -0.314998 0.000000
vn -0.963162 -0.268922 0.000000
vn -0.871324 -0.490708 0.000000
vn -0.871324 -0.490708 0.000000
vn -0.846828 -0.531868 -0.000000
vn -0.914405 -0.404801 0.000000
vn -0.914405 -0.404801 0.000000
vn -0.948823 -0.305894 -0.078509
vn -0.963162 -0.268922 0.000000
vn -0.810107 -0.586282 -0.000000
vn -0.846828 -0.531868 0.000000
vn -0.932825 -0.360330 0.000000
vn -0.932825 -0.360330 0.000000
vn -0.914405 -0.404801 -0.000000
vn -0.893881 -0.448304 0.000000
vn -0.893881 -0.448304 0.000000
vn -0.949092 -0.314998 0.000000
vn -0.949092 -0.314998 0.000000
vn -0.871324 -0.490708 0.000000
vn -0.871324 -0.490708 0.000000
vn -0.914405 -0.404801 0.000000
vn -0.947760 -0.314556 -0.052962
vn -0.949092 -0.314998 0.000000
vn -0.949092 -0.314998 0.000000
vn -0.810107 -0.586282 -0.000000
vn -0.846828 -0.531868 0.000000
vn -0.846828 -0.531868 0.000000
vn -0.932825 -0.360330 0.000000
vn -0.932825 -0.360330 0.000000
vn -0.932825 -0.360330 0.000000
vn -0.893881 -0.448304 0.000000
vn -0.893881 -0.448304 0.000000
vn -0.932807 -0.360323 0.006170
vn -0.932825 -0.360330 0.000000
vn -0.871324 -0.490708 0.000000
vn -0.871324 -0.490708 0.000000
vn -0.914405 -0.404801 0.000000
vn -0.914405 -0.404801 0.000000
vn -0.810107 -0.586282 -0.000000
vn -0.846828 -0.531867 0.000000
vn -0.846828 -0.531867 0.000000
vn -0.907001 -0.419566 -0.036238
vn -0.914367 -0.404784 -0.009125
vn -0.914405 -0.404801 0.000000
vn -0.914405 -0.404801 0.000000
vn -0.893881 -0.448304 0.000000
vn -0.893881 -0.448304 0.000000
vn -0.871324 -0.490708 0.000000
vn -0.871324 -0.490708 0.000000
vn -0.893881 -0.448304 0.000000
vn -0.893881 -0.448304 0.000000
vn -0.893881 -0.448303 -0.000603
vn -0.846828 -0.531868 0.000000
vn -0.846828 -0.531868 0.000000
vn -0.810107 -0.586282 -0.000000
vn -0.871324 -0.490708 0.000000
vn -0.844949 -0.533160 -0.042433
vn -0.871324 -0.490708 0.000533
vn -0.871324 -0.490708 0.000000
vn -0.845960 -0.531323 -0.045258
vn -0.846828 -0.531868 0.000000
vn -0.846828 -0.531868 0.000000
vn -0.810107 -0.586282 -0.000000
vn -0.760406 -0.649448 0.000000
vn -0.760406 -0.649448 0.000000
vn -0.707107 0.707107 0.000000
vn -0.707107 0.707107 0.000000
vn 0.649448 0.760406 -0.000000
vn 0.649448 0.760406 0.000000
vn 0.532980 0.844810 0.047207
vn 0.551732 0.833630 0.025560
vn 0.511395 0.859205 0.015570
vn 0.599227 0.800579 0.000000
vn 0.469643 0.882836 -0.005943
vn 0.551912 0.833902 -0.000000
vn 0.551912 0.833902 0.000000
vn 0.511457 0.859309 0.000000
vn 0.511457 0.859309 -0.000000
vn 0.419559 0.907103 0.033681
vn 0.426595 0.904215 0.020308
vn 0.599227 0.800579 0.000000
vn 0.469652 0.882852 0.000000
vn 0.469652 0.882852 -0.000000
vn 0.551912 0.833902 0.000000
vn 0.551912 0.833902 -0.000000
vn 0.382669 0.923858 -0.007166
vn 0.511457 0.859309 0.000000
vn 0.511457 0.859309 -0.000000
vn 0.426683 0.904401 0.000000
vn 0.426683 0.904401 -0.000000
vn 0.599227 0.800579 0.000000
vn 0.469652 0.882852 -0.000000
vn 0.469652 0.882852 0.000000
vn 0.551912 0.833902 0.000000
vn 0.551912 0.833902 -0.000000
vn 0.305825 0.948610 0.081306
vn 0.337734 0.941146 0.013454
vn 0.382679 0.923882 -0.000000
vn 0.382679 0.923882 0.000000
vn 0.511457 0.859309 0.000000
vn 0.511457 0.859309 -0.000000
vn 0.426683 0.904401 0.000000
vn 0.426683 0.904401 -0.000000
vn 0.599227 0.800579 -0.000000
vn 0.599227 0.800579 0.000000
vn 0.469652 0.882852 0.000000
vn 0.469652 0.882852 -0.000000
vn 0.291852 0.955764 0.036586
vn 0.551912 0.833902 0.000000
vn 0.551912 0.833902 -0.000000
vn 0.337764 0.941231 0.000000
vn 0.337764 0.941231 -0.000000
vn 0.382679 0.923882 0.000000
vn 0.382679 0.923882 -0.000000
vn 0.511457 0.859309 -0.000000
vn 0.511457 0.859309 0.000000
vn 0.426683 0.904401 0.000000
vn 0.426683 0.904401 -0.000000
vn 0.599227 0.800579 0.000000
vn 0.469652 0.882852 0.000000
vn 0.469652 0.882852 -0.000000
vn 0.257611 0.966249 0.000000
vn 0.292047 0.956404 0.000000
vn 0.292047 0.956404 -0.000000
vn 0.551912 0.833902 -0.000000
vn 0.551912 0.833902 0.000000
vn 0.337764 0.941231 0.000000
vn 0.337764 0.941231 -0.000000
vn 0.382679 0.923882 -0.000000
vn 0.382679 0.923882 0.000000
vn 0.511457 0.859309 -0.000000
vn 0.511457 0.859309 0.000000
vn 0.426683 0.904401 -0.000000
vn 0.426683 0.904401 0.000000
vn 0.599227 0.800579 0.000000
vn 0.469652 0.882852 -0.000000
vn 0.469652 0.882852 0.000000
vn 0.292047 0.956404 0.000000
vn 0.257611 0.966249 0.000000
vn 0.292047 0.956404 -0.000000
vn 0.551912 0.833902 -0.000000
vn 0.551912 0.833902 0.000000
vn 0.337764 0.941231 0.000000
vn 0.337764 0.941231 -0.000000
vn 0.382679 0.923881 0.000000
vn 0.382679 0.923881 -0.000000
vn 0.511457 0.859309 0.000000
vn 0.511457 0.859309 -0.000000
vn 0.426683 0.904401 0.000000
vn 0.426683 0.904401 -0.000000
vn 0.599227 0.800579 0.000000
vn 0.469652 0.882852 0.000000
vn 0.469652 0.882852 -0.000000
vn 0.257611 0.966249 0.000000
vn 0.292047 0.956404 0.000000
vn 0.292047 0.956404 -0.000000
vn 0.551912 0.833902 -0.000000
vn 0.551912 0.833902 0.000000
vn 0.337764 0.941231 0.000000
vn 0.337764 0.941231 -0.000000
vn 0.382679 0.923882 -0.000000
vn 0.382679 0.923882 0.000000
vn 0.511457 0.859309 0.000000
vn 0.511457 0.859309 -0.000000
vn 0.426683 0.904401 -0.000000
vn 0.426683 0.904401 0.000000
vn 0.599227 0.800579 0.000000
vn 0.469652 0.882852 0.000000
vn 0.469652 0.882852 -0.000000
vn 0.257611 0.966249 0.000000
vn 0.292047 0.956404 -0.000000
vn 0.257611 0.966249 0.000000
vn 0.292047 0.956404 0.000000
vn 0.551912 0.833902 0.000000
vn 0.551912 0.833902 -0.000000
vn 0.337764 0.941231 -0.000000
vn 0.337764 0.941231 0.000000
vn 0.382679 0.923882 0.000000
vn 0.382679 0.923882 -0.000000
vn 0.599227 0.800579 0.000000
vn 0.511457 0.859309 -0.000000
vn 0.511457 0.859309 0.000000
vn 0.426683 0.904401 0.000000
vn 0.426683 0.904401 -0.000000
vn 0.532980 0.844810 -0.047207
vn 0.551912 0.833902 0.000000
vn 0.511457 0.859309 0.000000
vn 0.551732 0.833630 -0.025560
vn 0.551912 0.833902 -0.000000
vn 0.469652 0.882852 0.000000
vn 0.469652 0.882852 -0.000000
vn 0.511457 0.859309 0.000000
vn 0.511395 0.859205 -0.015570
vn 0.292047 0.956404 0.000000
vn 0.257611 0.966249 0.000000
vn 0.292047 0.956404 -0.000000
vn 0.337764 0.941231 0.000000
vn 0.337764 0.941231 -0.000000
vn 0.382679 0.923882 0.000000
vn 0.382679 0.923882 -0.000000
vn 0.469652 0.882852 0.000000
vn 0.469643 0.882836 0.005943
vn 0.469652 0.882852 -0.000000
vn 0.426683 0.904401 -0.000000
vn 0.426683 0.904401 0.000000
vn 0.257611 0.966249 0.000000
vn 0.292047 0.956404 0.000000
vn 0.292047 0.956404 -0.000000
vn 0.426683 0.904401 -0.000000
vn 0.419559 0.907103 -0.033681
vn 0.426595 0.904215 -0.020308
vn 0.426683 0.904401 0.000000
vn 0.337764 0.941231 0.000000
vn 0.337764 0.941231 -0.000000
vn 0.382679 0.923882 0.000000
vn 0.382679 0.923882 -0.000000
vn 0.382669 0.923858 0.007166
vn 0.382679 0.923882 -0.000000
vn 0.382679 0.923882 0.000000
vn 0.257611 0.966249 0.000000
vn 0.292047 0.956404 0.000000
vn 0.292047 0.956404 -0.000000
vn 0.337764 0.941231 -0.000000
vn 0.337764 0.941231 0.000000
vn 0.337764 0.941231 -0.000000
vn 0.305825 0.948610 -0.081306
vn 0.337734 0.941146 -0.013454
vn 0.337764 0.941231 0.000000
vn 0.257611 0.966249 0.000000
vn 0.292047 0.956404 0.000000
vn 0.292047 0.956404 -0.000000
vn 0.257611 0.966249 0.000000
vn 0.291852 0.955764 -0.036586
vn 0.292047 0.956404 -0.000000
vn 0.292047 0.956404 0.000000
vn -0.809017 0.587785 0.000000
vn -0.809017 0.587785 0.000000
vn -0.807858 -0.584124 0.078511
vn -0.804170 -0.592036 0.052957
vn -0.832921 -0.553392 0.000000
vn -0.775809 -0.630938 -0.006167
vn -0.805300 -0.592868 0.000000
vn -0.805300 -0.592868 0.000000
vn -0.832921 -0.553392 0.000000
vn -0.732956 -0.679310 0.036239
vn -0.744528 -0.667529 0.009129
vn -0.775824 -0.630950 0.000000
vn -0.775824 -0.630950 0.000000
vn -0.711597 -0.702588 0.000602
vn -0.805300 -0.592868 0.000000
vn -0.805300 -0.592868 0.000000
vn -0.832921 -0.553392 0.000000
vn -0.638839 -0.768169 0.042433
vn -0.677042 -0.735944 -0.000534
vn -0.744559 -0.667557 0.000000
vn -0.744559 -0.667557 0.000000
vn -0.640370 -0.766732 0.045262
vn -0.775824 -0.630950 0.000000
vn -0.775824 -0.630950 0.000000
vn -0.711597 -0.702588 0.000000
vn -0.711597 -0.702588 0.000000
vn -0.805300 -0.592868 0.000000
vn -0.805300 -0.592868 0.000000
vn -0.832921 -0.553392 0.000000
vn -0.832921 -0.553392 0.000000
vn -0.677042 -0.735944 0.000000
vn -0.677042 -0.735944 0.000000
vn -0.744559 -0.667557 0.000000
vn -0.744559 -0.667557 0.000000
vn -0.589284 -0.807926 -0.000000
vn -0.641027 -0.767519 0.000000
vn -0.641027 -0.767519 0.000000
vn -0.775824 -0.630950 0.000000
vn -0.775824 -0.630950 0.000000
vn -0.711597 -0.702588 0.000000
vn -0.711597 -0.702588 0.000000
vn -0.805300 -0.592868 0.000000
vn -0.805300 -0.592868 0.000000
vn -0.832921 -0.553392 0.000000
vn -0.677042 -0.735944 0.000000
vn -0.677042 -0.735944 0.000000
vn -0.744559 -0.667557 0.000000
vn -0.744559 -0.667557 0.000000
vn -0.589284 -0.807926 -0.000000
vn -0.641027 -0.767519 0.000000
vn -0.641027 -0.767519 0.000000
vn -0.775824 -0.630950 0.000000
vn -0.775824 -0.630950 0.000000
vn -0.711597 -0.702588 0.000000
vn -0.711597 -0.702588 0.000000
vn -0.805300 -0.592868 0.000000
vn -0.805300 -0.592868 0.000000
vn -0.832921 -0.553392 0.000000
vn -0.677042 -0.735944 0.000000
vn -0.677042 -0.735944 0.000000
vn -0.744559 -0.667557 0.000000
vn -0.744559 -0.667557 0.000000
vn -0.641027 -0.767519 0.000000
vn -0.589284 -0.807926 -0.000000
vn -0.641027 -0.767519 0.000000
vn -0.775824 -0.630950 0.000000
vn -0.775824 -0.630950 0.000000
vn -0.711597 -0.702588 0.000000
vn -0.711597 -0.702588 0.000000
vn -0.805300 -0.592868 0.000000
vn -0.805300 -0.592868 0.000000
vn -0.832921 -0.553392 0.000000
vn -0.677042 -0.735944 0.000000
vn -0.641027 -0.767519 -0.000000
vn -0.677042 -0.735944 0.000000
vn -0.744559 -0.667557 0.000000
vn -0.744559 -0.667557 0.000000
vn -0.711597 -0.702588 -0.000000
vn -0.589284 -0.807926 -0.000000
vn -0.589284 -0.807926 -0.000000
vn -0.641027 -0.767519 0.000000
vn -0.775824 -0.630950 0.000000
vn -0.775824 -0.630950 0.000000
vn -0.711597 -0.702588 0.000000
vn -0.805300 -0.592868 0.000000
vn -0.805300 -0.592868 0.000000
vn -0.832921 -0.553392 0.000000
vn -0.677042 -0.735944 0.000000
vn -0.677042 -0.735944 0.000000
vn -0.641027 -0.767519 -0.000000
vn -0.744559 -0.667557 0.000000
vn -0.744559 -0.667557 0.000000
vn -0.807858 -0.584124 -0.078511
vn -0.832921 -0.553392 0.000000
vn -0.641027 -0.767519 0.000000
vn -0.589284 -0.807926 -0.000000
vn -0.775824 -0.630950 0.000000
vn -0.775824 -0.630950 0.000000
vn -0.711597 -0.702588 0.000000
vn -0.711597 -0.702588 0.000000
vn -0.805300 -0.592868 0.000000
vn -0.805300 -0.592868 0.000000
vn -0.677042 -0.735944 0.000000
vn -0.677042 -0.735944 0.000000
vn -0.744559 -0.667557 0.000000
vn -0.744559 -0.667557 0.000000
vn -0.804170 -0.592036 -0.052957
vn -0.805300 -0.592868 0.000000
vn -0.805300 -0.592868 0.000000
vn -0.589284 -0.807926 -0.000000
vn -0.641027 -0.767519 0.000000
vn -0.641027 -0.767519 0.000000
vn -0.775824 -0.630950 0.000000
vn -0.775824 -0.630950 0.000000
vn -0.711597 -0.702588 0.000000
vn -0.711597 -0.702588 0.000000
vn -0.775824 -0.630950 0.000000
vn -0.775809 -0.630938 0.006167
vn -0.775824 -0.630950 0.000000
vn -0.677042 -0.735944 0.000000
vn -0.677042 -0.735944 0.000000
vn -0.744559 -0.667557 0.000000
vn -0.744559 -0.667557 0.000000
vn -0.589284 -0.807926 -0.000000
vn -0.641027 -0.767519 0.000000
vn -0.641027 -0.767519 0.000000
vn -0.732956 -0.679310 -0.036239
vn -0.744528 -0.667529 -0.009129
vn -0.744559 -0.667557 0.000000
vn -0.744559 -0.667557 0.000000
vn -0.711597 -0.702588 0.000000
vn -0.711597 -0.702588 0.000000
vn -0.677042 -0.735944 0.000000
vn -0.677042 -0.735944 0.000000
vn -0.711597 -0.702588 0.000000
vn -0.711597 -0.702588 -0.000602
vn -0.711597 -0.702588 0.000000
vn -0.641027 -0.767519 0.000000
vn -0.589284 -0.807926 -0.000000
vn -0.641027 -0.767519 0.000000
vn -0.638839 -0.768169 -0.042433
vn -0.677042 -0.735944 0.000534
vn -0.677042 -0.735944 0.000000
vn -0.677042 -0.735944 0.000000
vn -0.641027 -0.767519 -0.000000
vn -0.640370 -0.766732 -0.045262
vn -0.589284 -0.807926 -0.000000
vn -0.641027 -0.767519 0.000000
vn -0.522499 -0.852640 0.000000
vn -0.522499 -0.852640 0.000000
vn -0.891006 0.453991 0.000000
vn -0.891006 0.453991 0.000000
vn 0.382684 0.923879 -0.000000
vn 0.382684 0.923879 0.000000
vn 0.245885 0.968365 0.042537
vn 0.243902 0.968743 0.045257
vn 0.197437 0.980316 -0.000481
vn 0.307250 0.951629 0.000000
vn 0.118703 0.992271 0.036155
vn 0.150137 0.988665 0.000540
vn 0.244152 0.969737 -0.000000
vn 0.244152 0.969737 0.000000
vn 0.197437 0.980316 0.000000
vn 0.197437 0.980316 -0.000000
vn 0.102419 0.994699 0.009126
vn 0.307250 0.951629 0.000000
vn 0.150137 0.988665 0.000000
vn 0.150137 0.988665 -0.000000
vn 0.244152 0.969737 0.000000
vn 0.244152 0.969737 -0.000000
vn 0.054433 0.998498 -0.006170
vn 0.197437 0.980316 0.000000
vn 0.197437 0.980316 -0.000000
vn 0.102424 0.994741 0.000000
vn 0.102424 0.994741 -0.000000
vn 0.307250 0.951629 0.000000
vn 0.150137 0.988665 -0.000000
vn 0.150137 0.988665 0.000000
vn 0.244152 0.969737 0.000000
vn 0.244152 0.969737 -0.000000
vn -0.002280 0.996911 0.078510
vn 0.006287 0.998577 0.052960
vn 0.054434 0.998517 0.000000
vn 0.054434 0.998517 -0.000000
vn 0.197437 0.980316 0.000000
vn 0.197437 0.980316 -0.000000
vn 0.102424 0.994741 0.000000
vn 0.102424 0.994741 -0.000000
vn 0.307250 0.951629 -0.000000
vn 0.307250 0.951629 0.000000
vn 0.150137 0.988665 0.000000
vn 0.150137 0.988665 -0.000000
vn 0.244152 0.969737 0.000000
vn 0.244152 0.969737 -0.000000
vn -0.041874 0.999123 0.000000
vn 0.006296 0.999980 0.000000
vn 0.006296 0.999980 -0.000000
vn 0.054434 0.998517 -0.000000
vn 0.054434 0.998517 0.000000
vn 0.006296 0.999980 0.000000
vn 0.197437 0.980316 -0.000000
vn 0.197437 0.980316 0.000000
vn 0.054434 0.998517 0.000000
vn 0.102424 0.994741 0.000000
vn 0.102424 0.994741 -0.000000
vn 0.307250 0.951629 0.000000
vn 0.150137 0.988665 0.000000
vn 0.150137 0.988665 -0.000000
vn 0.244152 0.969737 0.000000
vn 0.244152 0.969737 -0.000000
vn -0.041874 0.999123 0.000000
vn 0.006296 0.999980 0.000000
vn 0.054434 0.998517 0.000000
vn 0.150137 0.988665 0.000000
vn 0.197437 0.980316 -0.000000
vn 0.197437 0.980316 0.000000
vn 0.102424 0.994741 -0.000000
vn 0.102424 0.994741 0.000000
vn 0.307250 0.951629 0.000000
vn 0.150137 0.988665 0.000000
vn 0.244152 0.969737 0.000000
vn 0.244152 0.969737 -0.000000
vn 0.006296 0.999980 0.000000
vn 0.006296 0.999980 -0.000000
vn -0.041874 0.999123 0.000000
vn 0.054434 0.998517 -0.000000
vn 0.054434 0.998517 0.000000
vn 0.197437 0.980316 0.000000
vn 0.197437 0.980316 -0.000000
vn 0.102424 0.994741 -0.000000
vn 0.102424 0.994741 0.000000
vn 0.054434 0.998517 0.000000
vn 0.307250 0.951629 0.000000
vn 0.150137 0.988665 0.000000
vn 0.150137 0.988665 -0.000000
vn 0.244152 0.969737 0.000000
vn 0.244152 0.969737 -0.000000
vn -0.041874 0.999123 0.000000
vn -0.041874 0.999123 0.000000
vn 0.006296 0.999980 0.000000
vn 0.006296 0.999980 -0.000000
vn 0.054434 0.998517 0.000000
vn 0.197437 0.980316 0.000000
vn 0.197437 0.980316 -0.000000
vn 0.102424 0.994741 0.000000
vn 0.102424 0.994741 -0.000000
vn 0.307250 0.951629 0.000000
vn 0.150137 0.988665 0.000000
vn 0.150137 0.988665 -0.000000
vn 0.244152 0.969737 0.000000
vn 0.244152 0.969737 -0.000000
vn 0.307250 0.951629 0.000000
vn 0.006296 0.999980 0.000000
vn 0.006296 0.999980 -0.000000
vn -0.041874 0.999123 0.000000
vn 0.054434 0.998517 0.000000
vn 0.054434 0.998517 -0.000000
vn 0.197437 0.980316 -0.000000
vn 0.197437 0.980316 0.000000
vn 0.245885 0.968365 -0.042537
vn 0.197437 0.980316 0.000000
vn 0.244152 0.969737 0.000000
vn 0.243902 0.968743 -0.045257
vn 0.244152 0.969737 -0.000000
vn 0.102424 0.994741 0.000000
vn 0.102424 0.994741 -0.000000
vn 0.197437 0.980316 0.000481
vn 0.197437 0.980316 0.000000
vn 0.150137 0.988665 0.000000
vn 0.150137 0.988665 -0.000000
vn 0.006296 0.999980 0.000000
vn -0.041874 0.999123 0.000000
vn 0.006296 0.999980 -0.000000
vn 0.054434 0.998517 -0.000000
vn 0.054434 0.998517 0.000000
vn 0.118703 0.992271 -0.036155
vn 0.150137 0.988665 -0.000540
vn 0.150137 0.988665 -0.000000
vn 0.150137 0.988665 0.000000
vn 0.102424 0.994741 0.000000
vn 0.102424 0.994741 -0.000000
vn 0.102424 0.994741 0.000000
vn 0.102419 0.994699 -0.009126
vn 0.102424 0.994741 -0.000000
vn 0.006296 0.999980 0.000000
vn -0.041874 0.999123 0.000000
vn 0.006296 0.999980 -0.000000
vn 0.054434 0.998517 0.000000
vn 0.054434 0.998517 -0.000000
vn 0.054433 0.998498 0.006170
vn 0.054434 0.998517 0.000000
vn 0.054434 0.998517 -0.000000
vn -0.041874 0.999123 0.000000
vn 0.006296 0.999980 -0.000000
vn 0.006296 0.999980 0.000000
vn 0.006287 0.998577 -0.052960
vn -0.002280 0.996911 -0.078510
vn 0.006296 0.999980 -0.000000
vn 0.006296 0.999980 0.000000
vn -0.041874 0.999123 0.000000
vn -0.951056 0.309018 0.000000
vn -0.951056 0.309018 0.000000
vn -0.587815 -0.805177 0.078507
vn -0.581864 -0.811560 0.052961
vn -0.621146 -0.783695 0.000000
vn -0.542863 -0.839799 -0.006174
vn -0.582681 -0.812701 0.000000
vn -0.582681 -0.812701 0.000000
vn -0.621146 -0.783695 0.000000
vn -0.487164 -0.872558 0.036237
vn -0.501813 -0.864928 0.009120
vn -0.542873 -0.839815 0.000000
vn -0.542873 -0.839815 0.000000
vn -0.459659 -0.888096 0.000602
vn -0.582681 -0.812701 0.000000
vn -0.582681 -0.812701 0.000000
vn -0.621146 -0.783695 0.000000
vn -0.370195 -0.927985 0.042431
vn -0.416485 -0.909143 -0.000535
vn -0.501834 -0.864964 0.000000
vn -0.501834 -0.864964 0.000000
vn -0.372093 -0.927091 0.045258
vn -0.542873 -0.839815 0.000000
vn -0.542873 -0.839815 0.000000
vn -0.459659 -0.888096 0.000000
vn -0.459659 -0.888096 0.000000
vn -0.582681 -0.812701 0.000000
vn -0.582681 -0.812701 0.000000
vn -0.621146 -0.783695 0.000000
vn -0.621146 -0.783695 0.000000
vn -0.416485 -0.909143 0.000000
vn -0.372475 -0.928042 -0.000000
vn -0.416485 -0.909143 0.000000
vn -0.501834 -0.864964 0.000000
vn -0.501834 -0.864964 0.000000
vn -0.310784 -0.950481 -0.000000
vn -0.372475 -0.928042 0.000000
vn -0.542873 -0.839815 0.000000
vn -0.542873 -0.839815 0.000000
vn -0.459659 -0.888096 0.000000
vn -0.459659 -0.888096 0.000000
vn -0.582681 -0.812701 0.000000
vn -0.582681 -0.812701 0.000000
vn -0.621146 -0.783695 0.000000
vn -0.416485 -0.909143 0.000000
vn -0.416485 -0.909143 0.000000
vn -0.501834 -0.864964 0.000000
vn -0.501834 -0.864964 0.000000
vn -0.310784 -0.950481 -0.000000
vn -0.372475 -0.928042 0.000000
vn -0.372475 -0.928042 0.000000
vn -0.542873 -0.839815 0.000000
vn -0.542873 -0.839815 0.000000
vn -0.459659 -0.888096 0.000000
vn -0.459659 -0.888096 0.000000
vn -0.416485 -0.909143 -0.000000
vn -0.582681 -0.812701 0.000000
vn -0.582681 -0.812701 0.000000
vn -0.621146 -0.783695 0.000000
vn -0.416485 -0.909143 0.000000
vn -0.501834 -0.864964 0.000000
vn -0.501834 -0.864964 0.000000
vn -0.310784 -0.950481 -0.000000
vn -0.372475 -0.928042 0.000000
vn -0.372475 -0.928042 0.000000
vn -0.542873 -0.839815 0.000000
vn -0.542873 -0.839815 0.000000
vn -0.459659 -0.888096 0.000000
vn -0.459659 -0.888096 0.000000
vn -0.582681 -0.812701 0.000000
vn -0.582681 -0.812701 0.000000
vn -0.621146 -0.783695 0.000000
vn -0.416485 -0.909143 0.000000
vn -0.416485 -0.909143 0.000000
vn -0.501834 -0.864964 0.000000
vn -0.501834 -0.864964 0.000000
vn -0.310784 -0.950481 -0.000000
vn -0.310784 -0.950481 -0.000000
vn -0.372475 -0.928042 0.000000
vn -0.372475 -0.928042 0.000000
vn -0.542873 -0.839815 0.000000
vn -0.542873 -0.839815 0.000000
vn -0.459659 -0.888096 0.000000
vn -0.459659 -0.888096 0.000000
vn -0.582681 -0.812701 0.000000
vn -0.582681 -0.812701 0.000000
vn -0.621146 -0.783695 0.000000
vn -0.416485 -0.909143 0.000000
vn -0.416485 -0.909143 0.000000
vn -0.501834 -0.864964 0.000000
vn -0.501834 -0.864964 0.000000
vn -0.587815 -0.805177 -0.078507
vn -0.621146 -0.783695 0.000000
vn -0.310784 -0.950481 -0.000000
vn -0.372475 -0.928042 0.000000
vn -0.372475 -0.928042 0.000000
vn -0.542873 -0.839815 0.000000
vn -0.542873 -0.839815 0.000000
vn -0.501834 -0.864964 -0.000000
vn -0.459659 -0.888096 0.000000
vn -0.459659 -0.888096 0.000000
vn -0.582681 -0.812701 0.000000
vn -0.582681 -0.812701 0.000000
vn -0.416485 -0.909143 0.000000
vn -0.416485 -0.909143 0.000000
vn -0.501834 -0.864964 0.000000
vn -0.581864 -0.811560 -0.052961
vn -0.582681 -0.812701 0.000000
vn -0.582681 -0.812701 0.000000
vn -0.310784 -0.950481 -0.000000
vn -0.372475 -0.928042 0.000000
vn -0.372475 -0.928042 0.000000
vn -0.542873 -0.839815 0.000000
vn -0.542873 -0.839815 0.000000
vn -0.416485 -0.909143 -0.000000
vn -0.459659 -0.888096 0.000000
vn -0.459659 -0.888096 0.000000
vn -0.542873 -0.839815 0.000000
vn -0.542863 -0.839799 0.006174
vn -0.542873 -0.839815 0.000000
vn -0.416485 -0.909143 0.000000
vn -0.501834 -0.864964 0.000000
vn -0.501834 -0.864964 0.000000
vn -0.459659 -0.888096 -0.000000
vn -0.310784 -0.950481 -0.000000
vn -0.372475 -0.928042 0.000000
vn -0.372475 -0.928042 0.000000
vn -0.487164 -0.872558 -0.036237
vn -0.501813 -0.864928 -0.009120
vn -0.501834 -0.864964 0.000000
vn -0.501834 -0.864964 0.000000
vn -0.459659 -0.888096 0.000000
vn -0.459659 -0.888096 0.000000
vn -0.416485 -0.909143 0.000000
vn -0.416485 -0.909143 0.000000
vn -0.459658 -0.888096 -0.000602
vn -0.459659 -0.888096 0.000000
vn -0.372475 -0.928042 0.000000
vn -0.372475 -0.928042 0.000000
vn -0.310784 -0.950481 -0.000000
vn -0.416485 -0.909143 0.000000
vn -0.416485 -0.909143 0.000000
vn -0.370195 -0.927985 -0.042431
vn -0.416485 -0.909143 0.000535
vn -0.372475 -0.928042 -0.000000
vn -0.310784 -0.950481 -0.000000
vn -0.372093 -0.927092 -0.045258
vn -0.372475 -0.928042 0.000000
vn -0.233445 -0.972370 0.000000
vn -0.233445 -0.972370 0.000000
vn -0.987688 0.156434 0.000000
vn -0.987688 0.156434 0.000000
vn 0.078459 0.996917 -0.000000
vn 0.078459 0.996917 0.000000
vn -0.065390 0.996953 0.042537
vn -0.067393 0.996700 0.045257
vn -0.115160 0.993347 -0.000481
vn -0.001858 0.999998 0.000000
vn -0.193734 0.980388 0.036156
vn -0.162725 0.986671 0.000541
vn -0.067462 0.997722 0.000000
vn -0.067462 0.997722 0.000000
vn -0.115160 0.993347 0.000000
vn -0.115160 0.993347 0.000000
vn -0.209973 0.977665 0.009124
vn -0.001858 0.999998 0.000000
vn -0.162725 0.986671 0.000000
vn -0.162725 0.986671 0.000000
vn -0.067462 0.997722 0.000000
vn -0.067462 0.997722 0.000000
vn -0.256784 0.966449 -0.006171
vn -0.115160 0.993347 0.000000
vn -0.115160 0.993347 0.000000
vn -0.209982 0.977705 0.000000
vn -0.209982 0.977705 0.000000
vn -0.001858 0.999998 0.000000
vn -0.162725 0.986671 0.000000
vn -0.162725 0.986671 0.000000
vn -0.067462 0.997722 0.000000
vn -0.067462 0.997722 0.000000
vn -0.310231 0.947414 0.078509
vn -0.302598 0.951646 0.052959
vn -0.256788 0.966468 0.000000
vn -0.256788 0.966468 0.000000
vn -0.115160 0.993347 0.000000
vn -0.115160 0.993347 0.000000
vn -0.209982 0.977705 0.000000
vn -0.209982 0.977705 0.000000
vn -0.001858 0.999998 0.000000
vn -0.001858 0.999998 0.000000
vn -0.162725 0.986671 0.000000
vn -0.162725 0.986671 0.000000
vn -0.067463 0.997722 0.000000
vn -0.067463 0.997722 0.000000
vn -0.348570 0.937283 0.000000
vn -0.303023 0.952983 0.000000
vn -0.303023 0.952983 0.000000
vn -0.256788 0.966468 0.000000
vn -0.256788 0.966468 0.000000
vn -0.115160 0.993347 0.000000
vn -0.115160 0.993347 0.000000
vn -0.209982 0.977705 0.000000
vn -0.209982 0.977705 0.000000
vn -0.001858 0.999998 0.000000
vn -0.162725 0.986672 0.000000
vn -0.162725 0.986672 0.000000
vn -0.067462 0.997722 0.000000
vn -0.067462 0.997722 0.000000
vn -0.348570 0.937283 0.000000
vn -0.303023 0.952983 0.000000
vn -0.303023 0.952983 0.000000
vn -0.256788 0.966468 0.000000
vn -0.256788 0.966468 0.000000
vn -0.115160 0.993347 0.000000
vn -0.115160 0.993347 0.000000
vn -0.209982 0.977705 0.000000
vn -0.209982 0.977705 0.000000
vn -0.001858 0.999998 0.000000
vn -0.162725 0.986671 0.000000
vn -0.162725 0.986671 0.000000
vn -0.067462 0.997722 0.000000
vn -0.067462 0.997722 0.000000
vn -0.303023 0.952983 0.000000
vn -0.348570 0.937283 0.000000
vn -0.303023 0.952983 0.000000
vn -0.256788 0.966468 0.000000
vn -0.303023 0.952983 0.000000
vn -0.256788 0.966468 0.000000
vn -0.115160 0.993347 0.000000
vn -0.115160 0.993347 0.000000
vn -0.209982 0.977705 0.000000
vn -0.209982 0.977705 0.000000
vn -0.001858 0.999998 0.000000
vn -0.162725 0.986671 0.000000
vn -0.162725 0.986671 0.000000
vn -0.067462 0.997722 0.000000
vn -0.067462 0.997722 0.000000
vn -0.348570 0.937283 0.000000
vn -0.348570 0.937283 0.000000
vn -0.303023 0.952983 0.000000
vn -0.256788 0.966468 0.000000
vn -0.256788 0.966468 0.000000
vn -0.115160 0.993347 0.000000
vn -0.115160 0.993347 0.000000
vn -0.209982 0.977705 0.000000
vn -0.209982 0.977705 0.000000
vn -0.001858 0.999998 0.000000
vn -0.162725 0.986672 0.000000
vn -0.162725 0.986672 0.000000
vn -0.067462 0.997722 0.000000
vn -0.067462 0.997722 0.000000
vn -0.001858 0.999998 0.000000
vn -0.348570 0.937283 0.000000
vn -0.303023 0.952983 0.000000
vn -0.303023 0.952983 0.000000
vn -0.256788 0.966468 0.000000
vn -0.256788 0.966468 0.000000
vn -0.115160 0.993347 0.000000
vn -0.115160 0.993347 0.000000
vn -0.065390 0.996953 -0.042537
vn -0.115160 0.993347 0.000000
vn -0.067462 0.997722 0.000000
vn -0.067393 0.996700 -0.045257
vn -0.067462 0.997722 0.000000
vn -0.209982 0.977705 0.000000
vn -0.209982 0.977705 0.000000
vn -0.115160 0.993347 0.000481
vn -0.115160 0.993347 0.000000
vn -0.162725 0.986672 0.000000
vn -0.162725 0.986672 0.000000
vn -0.303023 0.952983 0.000000
vn -0.303023 0.952983 0.000000
vn -0.348570 0.937283 0.000000
vn -0.256788 0.966468 0.000000
vn -0.256788 0.966468 0.000000
vn -0.193734 0.980388 -0.036156
vn -0.162725 0.986671 -0.000541
vn -0.162725 0.986672 0.000000
vn -0.162725 0.986672 0.000000
vn -0.209982 0.977705 0.000000
vn -0.209982 0.977705 0.000000
vn -0.209982 0.977705 0.000000
vn -0.209982 0.977705 0.000000
vn -0.209973 0.977665 -0.009124
vn -0.303023 0.952983 0.000000
vn -0.348570 0.937283 0.000000
vn -0.303023 0.952983 0.000000
vn -0.303023 0.952983 0.000000
vn -0.256788 0.966468 0.000000
vn -0.256788 0.966468 0.000000
vn -0.256784 0.966449 0.006171
vn -0.256788 0.966468 0.000000
vn -0.256788 0.966468 0.000000
vn -0.348570 0.937283 0.000000
vn -0.303023 0.952983 0.000000
vn -0.310231 0.947414 -0.078509
vn -0.303023 0.952983 0.000000
vn -0.348570 0.937283 0.000000
vn -0.303023 0.952983 0.000000
vn -0.302598 0.951646 -0.052959
vn -1.000000 0.000000 0.000000
vn -1.000000 -0.000000 0.000000
vn -0.310231 -0.947414 0.078509
vn -0.302598 -0.951646 0.052959
vn -0.348570 -0.937283 0.000000
vn -0.256784 -0.966449 -0.006171
vn -0.303023 -0.952983 0.000000
vn -0.303023 -0.952983 0.000000
vn -0.348570 -0.937283 0.000000
vn -0.193685 -0.980394 0.036238
vn -0.209973 -0.977665 0.009124
vn -0.256788 -0.966468 0.000000
vn -0.256788 -0.966468 0.000000
vn -0.162725 -0.986671 0.000604
vn -0.303023 -0.952983 0.000000
vn -0.303023 -0.952983 0.000000
vn -0.348570 -0.937283 0.000000
vn -0.065313 -0.996962 0.042432
vn -0.115160 -0.993347 -0.000533
vn -0.209982 -0.977705 0.000000
vn -0.209982 -0.977705 0.000000
vn -0.067393 -0.996700 0.045257
vn -0.256788 -0.966468 0.000000
vn -0.256788 -0.966468 0.000000
vn -0.162725 -0.986671 0.000000
vn -0.162725 -0.986671 0.000000
vn -0.303023 -0.952983 0.000000
vn -0.303023 -0.952983 0.000000
vn -0.348570 -0.937283 0.000000
vn -0.348570 -0.937283 0.000000
vn -0.115160 -0.993347 0.000000
vn -0.115160 -0.993347 0.000000
vn -0.209982 -0.977705 0.000000
vn -0.209982 -0.977705 0.000000
vn -0.001858 -0.999998 -0.000000
vn -0.067462 -0.997722 0.000000
vn -0.067462 -0.997722 0.000000
vn -0.256788 -0.966468 0.000000
vn -0.256788 -0.966468 0.000000
vn -0.162725 -0.986671 0.000000
vn -0.162725 -0.986671 0.000000
vn -0.303023 -0.952983 0.000000
vn -0.303023 -0.952983 0.000000
vn -0.348570 -0.937283 0.000000
vn -0.115160 -0.993347 0.000000
vn -0.115160 -0.993347 0.000000
vn -0.209982 -0.977705 0.000000
vn -0.209982 -0.977705 0.000000
vn -0.001858 -0.999998 -0.000000
vn -0.067462 -0.997722 0.000000
vn -0.067462 -0.997722 0.000000
vn -0.256788 -0.966468 0.000000
vn -0.256788 -0.966468 0.000000
vn -0.162725 -0.986671 0.000000
vn -0.162725 -0.986671 0.000000
vn -0.115160 -0.993347 -0.000000
vn -0.303023 -0.952983 0.000000
vn -0.303023 -0.952983 0.000000
vn -0.348570 -0.937283 0.000000
vn -0.115160 -0.993347 0.000000
vn -0.209982 -0.977705 0.000000
vn -0.209982 -0.977705 0.000000
vn -0.001858 -0.999998 -0.000000
vn -0.067462 -0.997722 0.000000
vn -0.067462 -0.997722 0.000000
vn -0.256788 -0.966468 0.000000
vn -0.256788 -0.966468 0.000000
vn -0.162725 -0.986672 0.000000
vn -0.162725 -0.986672 0.000000
vn -0.303023 -0.952983 0.000000
vn -0.303023 -0.952983 0.000000
vn -0.348570 -0.937283 0.000000
vn -0.115160 -0.993347 0.000000
vn -0.115160 -0.993347 0.000000
vn -0.209982 -0.977705 0.000000
vn -0.209982 -0.977705 0.000000
vn -0.001858 -0.999998 -0.000000
vn -0.001858 -0.999998 -0.000000
vn -0.067463 -0.997722 0.000000
vn -0.067463 -0.997722 0.000000
vn -0.256788 -0.966468 0.000000
vn -0.256788 -0.966468 0.000000
vn -0.115160 -0.993347 -0.000000
vn -0.162725 -0.986671 0.000000
vn -0.162725 -0.986671 0.000000
vn -0.303023 -0.952983 0.000000
vn -0.303023 -0.952983 0.000000
vn -0.348570 -0.937283 0.000000
vn -0.067462 -0.997722 -0.000000
vn -0.115160 -0.993347 0.000000
vn -0.209982 -0.977705 0.000000
vn -0.209982 -0.977705 0.000000
vn -0.310231 -0.947414 -0.078509
vn -0.348570 -0.937283 0.000000
vn -0.001858 -0.999998 -0.000000
vn -0.067462 -0.997722 0.000000
vn -0.256788 -0.966468 0.000000
vn -0.256788 -0.966468 0.000000
vn -0.162725 -0.986671 0.000000
vn -0.162725 -0.986671 0.000000
vn -0.303023 -0.952983 0.000000
vn -0.303023 -0.952983 0.000000
vn -0.115160 -0.993347 0.000000
vn -0.115160 -0.993347 0.000000
vn -0.162725 -0.986672 -0.000000
vn -0.209982 -0.977705 0.000000
vn -0.209982 -0.977705 0.000000
vn -0.302598 -0.951646 -0.052959
vn -0.303023 -0.952983 0.000000
vn -0.303023 -0.952983 0.000000
vn -0.001858 -0.999998 -0.000000
vn -0.067462 -0.997722 0.000000
vn -0.067462 -0.997722 0.000000
vn -0.256788 -0.966468 0.000000
vn -0.256788 -0.966468 0.000000
vn -0.162725 -0.986672 0.000000
vn -0.256788 -0.966468 0.000000
vn -0.256784 -0.966449 0.006171
vn -0.256788 -0.966468 0.000000
vn -0.115160 -0.993347 0.000000
vn -0.115160 -0.993347 0.000000
vn -0.209982 -0.977705 0.000000
vn -0.209982 -0.977705 0.000000
vn -0.209982 -0.977705 0.000000
vn -0.001858 -0.999998 -0.000000
vn -0.067462 -0.997722 0.000000
vn -0.067462 -0.997722 0.000000
vn -0.193685 -0.980394 -0.036238
vn -0.209973 -0.977665 -0.009124
vn -0.209982 -0.977705 0.000000
vn -0.162725 -0.986672 0.000000
vn -0.162725 -0.986672 0.000000
vn -0.115160 -0.993347 0.000000
vn -0.115160 -0.993347 0.000000
vn -0.162725 -0.986672 0.000000
vn -0.162725 -0.986672 0.000000
vn -0.162725 -0.986671 -0.000604
vn -0.067462 -0.997722 0.000000
vn -0.067462 -0.997722 0.000000
vn -0.001858 -0.999998 -0.000000
vn -0.115160 -0.993347 0.000000
vn -0.065313 -0.996962 -0.042432
vn -0.115160 -0.993347 0.000533
vn -0.115160 -0.993347 0.000000
vn -0.067393 -0.996700 -0.045257
vn -0.067462 -0.997722 0.000000
vn -0.067462 -0.997722 0.000000
vn -0.001858 -0.999998 -0.000000
vn 0.078459 -0.996917 0.000000
vn 0.078459 -0.996917 0.000000
vn -0.987688 -0.156434 0.000000
vn -0.987688 -0.156434 0.000000
vn -0.233445 0.972370 0.000000
vn -0.233445 0.972370 0.000000
vn -0.370188 0.927757 0.047210
vn -0.350116 0.936358 0.025558
vn -0.394525 0.918754 0.015568
vn -0.295464 0.955354 0.000000
vn -0.438180 0.898867 -0.005944
vn -0.350230 0.936664 0.000000
vn -0.350230 0.936664 0.000000
vn -0.394573 0.918865 0.000000
vn -0.394573 0.918865 0.000000
vn -0.487251 0.872612 0.033676
vn -0.480781 0.876605 0.020309
vn -0.295464 0.955354 0.000000
vn -0.438188 0.898883 0.000000
vn -0.438188 0.898883 0.000000
vn -0.350230 0.936664 0.000000
vn -0.350230 0.936664 0.000000
vn -0.522488 0.852616 -0.007170
vn -0.394573 0.918865 0.000000
vn -0.394573 0.918865 0.000000
vn -0.480880 0.876786 0.000000
vn -0.480880 0.876786 0.000000
vn -0.295464 0.955354 0.000000
vn -0.438188 0.898883 0.000000
vn -0.438188 0.898883 0.000000
vn -0.350230 0.936664 0.000000
vn -0.350230 0.936664 0.000000
vn -0.587683 0.804996 0.081301
vn -0.562888 0.826423 0.013450
vn -0.522502 0.852638 0.000000
vn -0.522502 0.852638 0.000000
vn -0.394573 0.918865 0.000000
vn -0.394573 0.918865 0.000000
vn -0.480880 0.876786 0.000000
vn -0.480880 0.876786 0.000000
vn -0.295464 0.955354 0.000000
vn -0.295464 0.955354 0.000000
vn -0.438188 0.898883 0.000000
vn -0.438188 0.898883 0.000000
vn -0.601684 0.797896 0.036579
vn -0.350230 0.936664 0.000000
vn -0.350230 0.936664 0.000000
vn -0.562939 0.826498 0.000000
vn -0.562939 0.826498 0.000000
vn -0.522502 0.852638 0.000000
vn -0.522502 0.852638 0.000000
vn -0.394573 0.918865 0.000000
vn -0.394573 0.918865 0.000000
vn -0.480880 0.876786 0.000000
vn -0.480880 0.876786 0.000000
vn -0.295464 0.955354 0.000000
vn -0.438188 0.898883 0.000000
vn -0.438188 0.898883 0.000000
vn -0.630287 0.776362 0.000000
vn -0.602087 0.798431 0.000000
vn -0.602087 0.798431 0.000000
vn -0.350230 0.936664 0.000000
vn -0.350230 0.936664 0.000000
vn -0.562939 0.826498 0.000000
vn -0.562939 0.826498 0.000000
vn -0.522502 0.852638 0.000000
vn -0.522502 0.852638 0.000000
vn -0.394573 0.918865 0.000000
vn -0.394573 0.918865 0.000000
vn -0.480880 0.876786 0.000000
vn -0.480880 0.876786 0.000000
vn -0.295464 0.955354 0.000000
vn -0.438188 0.898883 0.000000
vn -0.438188 0.898883 0.000000
vn -0.602087 0.798431 0.000000
vn -0.630287 0.776362 0.000000
vn -0.602087 0.798431 0.000000
vn -0.350230 0.936664 0.000000
vn -0.350230 0.936664 0.000000
vn -0.562939 0.826498 0.000000
vn -0.562939 0.826498 0.000000
vn -0.522502 0.852638 0.000000
vn -0.522502 0.852638 0.000000
vn -0.394573 0.918865 0.000000
vn -0.394573 0.918865 0.000000
vn -0.480880 0.876786 0.000000
vn -0.522502 0.852638 0.000000
vn -0.480880 0.876786 0.000000
vn -0.295464 0.955354 0.000000
vn -0.438188 0.898883 0.000000
vn -0.438188 0.898883 0.000000
vn -0.630287 0.776362 0.000000
vn -0.602087 0.798431 0.000000
vn -0.602087 0.798431 0.000000
vn -0.350230 0.936664 0.000000
vn -0.350230 0.936664 0.000000
vn -0.562939 0.826498 0.000000
vn -0.562939 0.826498 0.000000
vn -0.522502 0.852638 0.000000
vn -0.394573 0.918865 0.000000
vn -0.394573 0.918865 0.000000
vn -0.480880 0.876786 0.000000
vn -0.480880 0.876786 0.000000
vn -0.295464 0.955354 0.000000
vn -0.438188 0.898883 0.000000
vn -0.438188 0.898883 0.000000
vn -0.630287 0.776362 0.000000
vn -0.602087 0.798431 0.000000
vn -0.630287 0.776362 0.000000
vn -0.602087 0.798431 0.000000
vn -0.350230 0.936664 0.000000
vn -0.350230 0.936664 0.000000
vn -0.562939 0.826498 0.000000
vn -0.562939 0.826498 0.000000
vn -0.522502 0.852638 0.000000
vn -0.522502 0.852638 0.000000
vn -0.562939 0.826498 0.000000
vn -0.295464 0.955354 0.000000
vn -0.350230 0.936664 0.000000
vn -0.394573 0.918865 0.000000
vn -0.394573 0.918865 0.000000
vn -0.480880 0.876786 0.000000
vn -0.480880 0.876786 0.000000
vn -0.522502 0.852638 0.000000
vn -0.370188 0.927757 -0.047210
vn -0.350116 0.936358 -0.025558
vn -0.350230 0.936664 0.000000
vn -0.438188 0.898883 0.000000
vn -0.438188 0.898883 0.000000
vn -0.394573 0.918865 0.000000
vn -0.394525 0.918753 -0.015568
vn -0.394573 0.918865 0.000000
vn -0.602087 0.798431 0.000000
vn -0.630287 0.776362 0.000000
vn -0.602087 0.798431 0.000000
vn -0.562939 0.826498 0.000000
vn -0.522502 0.852638 0.000000
vn -0.438188 0.898883 0.000000
vn -0.438180 0.898868 0.005944
vn -0.438188 0.898883 0.000000
vn -0.480880 0.876786 0.000000
vn -0.480880 0.876786 0.000000
vn -0.630287 0.776362 0.000000
vn -0.602087 0.798431 0.000000
vn -0.602087 0.798431 0.000000
vn -0.487251 0.872612 -0.033676
vn -0.480781 0.876605 -0.020309
vn -0.480880 0.876786 0.000000
vn -0.480880 0.876786 0.000000
vn -0.562939 0.826498 0.000000
vn -0.562939 0.826498 0.000000
vn -0.522502 0.852638 0.000000
vn -0.522502 0.852638 0.000000
vn -0.522488 0.852616 0.007170
vn -0.522502 0.852638 0.000000
vn -0.522502 0.852638 0.000000
vn -0.630287 0.776362 0.000000
vn -0.602087 0.798431 0.000000
vn -0.602087 0.798431 0.000000
vn -0.562939 0.826498 0.000000
vn -0.562939 0.826498 0.000000
vn -0.587683 0.804996 -0.081301
vn -0.562889 0.826423 -0.013450
vn -0.562939 0.826498 0.000000
vn -0.562939 0.826498 0.000000
vn -0.602087 0.798431 0.000000
vn -0.630287 0.776362 0.000000
vn -0.602087 0.798431 0.000000
vn -0.601684 0.797896 -0.036579
vn -0.602087 0.798431 0.000000
vn -0.630287 0.776362 0.000000
vn -0.602087 0.798431 0.000000
vn -0.951056 -0.309018 0.000000
vn -0.951056 -0.309018 0.000000
vn -0.002280 -0.996911 0.078510
vn 0.006287 -0.998577 0.052960
vn -0.041874 -0.999123 0.000000
vn 0.054433 -0.998498 -0.006169
vn 0.006296 -0.999980 0.000000
vn 0.006296 -0.999980 0.000000
vn -0.041874 -0.999123 0.000000
vn 0.118753 -0.992262 0.036237
vn 0.102419 -0.994699 0.009126
vn 0.054434 -0.998517 0.000000
vn 0.054434 -0.998517 0.000000
vn 0.150137 -0.988665 0.000603
vn 0.006296 -0.999980 0.000000
vn 0.006296 -0.999980 0.000000
vn -0.041874 -0.999123 0.000000
vn 0.245961 -0.968350 0.042433
vn 0.197437 -0.980316 -0.000533
vn 0.102424 -0.994741 0.000000
vn 0.102424 -0.994741 0.000000
vn 0.243902 -0.968743 0.045257
vn 0.054434 -0.998517 0.000000
vn 0.054434 -0.998517 0.000000
vn 0.150137 -0.988665 0.000000
vn 0.150137 -0.988665 0.000000
vn 0.006296 -0.999980 0.000000
vn 0.006296 -0.999980 0.000000
vn -0.041874 -0.999123 0.000000
vn -0.041874 -0.999123 0.000000
vn 0.197437 -0.980316 0.000000
vn 0.244152 -0.969737 0.000000
vn 0.197437 -0.980316 0.000000
vn 0.102424 -0.994741 0.000000
vn 0.102424 -0.994741 0.000000
vn 0.307250 -0.951629 0.000000
vn 0.244152 -0.969737 0.000000
vn 0.054434 -0.998517 0.000000
vn 0.054434 -0.998517 0.000000
vn 0.150137 -0.988665 0.000000
vn 0.150137 -0.988665 0.000000
vn 0.006296 -0.999980 0.000000
vn 0.006296 -0.999980 0.000000
vn -0.041874 -0.999123 0.000000
vn 0.197437 -0.980316 0.000000
vn 0.197437 -0.980316 0.000000
vn 0.102424 -0.994741 0.000000
vn 0.102424 -0.994741 0.000000
vn 0.307250 -0.951629 0.000000
vn 0.244152 -0.969737 0.000000
vn 0.244152 -0.969737 0.000000
vn 0.054434 -0.998517 0.000000
vn 0.054434 -0.998517 0.000000
vn 0.150137 -0.988665 0.000000
vn 0.150137 -0.988665 0.000000
vn 0.006296 -0.999980 0.000000
vn 0.006296 -0.999980 0.000000
vn -0.041874 -0.999123 0.000000
vn 0.197437 -0.980316 0.000000
vn 0.197437 -0.980316 0.000000
vn 0.102424 -0.994741 0.000000
vn 0.102424 -0.994741 0.000000
vn 0.244152 -0.969737 0.000000
vn 0.307250 -0.951629 0.000000
vn 0.244152 -0.969737 0.000000
vn 0.054434 -0.998517 0.000000
vn 0.054434 -0.998517 0.000000
vn 0.150137 -0.988665 0.000000
vn 0.150137 -0.988665 0.000000
vn 0.006296 -0.999980 0.000000
vn 0.006296 -0.999980 0.000000
vn -0.041874 -0.999123 0.000000
vn 0.197437 -0.980316 0.000000
vn 0.197437 -0.980316 0.000000
vn 0.102424 -0.994741 0.000000
vn 0.102424 -0.994741 0.000000
vn 0.307250 -0.951629 0.000000
vn 0.307250 -0.951629 0.000000
vn 0.244152 -0.969737 0.000000
vn 0.244152 -0.969737 0.000000
vn 0.054434 -0.998517 0.000000
vn 0.054434 -0.998517 0.000000
vn 0.150137 -0.988665 0.000000
vn 0.150137 -0.988665 0.000000
vn 0.006296 -0.999980 0.000000
vn 0.006296 -0.999980 0.000000
vn -0.041874 -0.999123 0.000000
vn 0.197437 -0.980316 0.000000
vn 0.197437 -0.980316 0.000000
vn 0.244152 -0.969737 0.000000
vn 0.102424 -0.994741 0.000000
vn 0.102424 -0.994741 0.000000
vn -0.002280 -0.996911 -0.078510
vn -0.041874 -0.999123 0.000000
vn 0.307250 -0.951629 0.000000
vn 0.244152 -0.969737 0.000000
vn 0.054434 -0.998517 0.000000
vn 0.054434 -0.998517 0.000000
vn 0.150137 -0.988665 0.000000
vn 0.150137 -0.988665 0.000000
vn 0.006296 -0.999980 0.000000
vn 0.006296 -0.999980 0.000000
vn 0.197437 -0.980316 0.000000
vn 0.197437 -0.980316 0.000000
vn 0.102424 -0.994741 0.000000
vn 0.102424 -0.994741 0.000000
vn 0.006287 -0.998577 -0.052960
vn 0.006296 -0.999980 0.000000
vn 0.006296 -0.999980 0.000000
vn 0.307250 -0.951629 0.000000
vn 0.244152 -0.969737 0.000000
vn 0.244152 -0.969737 0.000000
vn 0.054434 -0.998517 0.000000
vn 0.054434 -0.998517 0.000000
vn 0.054434 -0.998517 0.000000
vn 0.197437 -0.980316 0.000000
vn 0.150137 -0.988665 0.000000
vn 0.150137 -0.988665 0.000000
vn 0.054433 -0.998498 0.006170
vn 0.054434 -0.998517 0.000000
vn 0.197437 -0.980316 0.000000
vn 0.102424 -0.994741 0.000000
vn 0.102424 -0.994741 0.000000
vn 0.244152 -0.969737 0.000000
vn 0.307250 -0.951629 0.000000
vn 0.244152 -0.969737 0.000000
vn 0.118753 -0.992262 -0.036237
vn 0.102419 -0.994699 -0.009126
vn 0.102424 -0.994741 0.000000
vn 0.102424 -0.994741 0.000000
vn 0.150137 -0.988665 0.000000
vn 0.150137 -0.988665 0.000000
vn 0.197437 -0.980316 0.000000
vn 0.197437 -0.980316 0.000000
vn 0.150137 -0.988665 0.000000
vn 0.150137 -0.988665 -0.000603
vn 0.150137 -0.988665 0.000000
vn 0.244152 -0.969737 0.000000
vn 0.244152 -0.969737 0.000000
vn 0.307250 -0.951629 0.000000
vn 0.197437 -0.980316 0.000000
vn 0.245961 -0.968350 -0.042433
vn 0.197437 -0.980315 0.000533
vn 0.244152 -0.969737 0.000000
vn 0.197437 -0.980316 0.000000
vn 0.243902 -0.968743 -0.045257
vn 0.307250 -0.951629 0.000000
vn 0.244152 -0.969737 0.000000
vn 0.382684 -0.923879 0.000000
vn 0.382684 -0.923879 0.000000
vn -0.891006 -0.453991 0.000000
vn -0.891006 -0.453991 0.000000
vn -0.522499 0.852640 0.000000
vn -0.522499 0.852640 0.000000
vn -0.638762 0.767955 0.047210
vn -0.622334 0.782334 0.025562
vn -0.659122 0.751875 0.015573
vn -0.576219 0.817296 0.000000
vn -0.694501 0.719467 -0.005941
vn -0.622537 0.782590 0.000000
vn -0.622537 0.782590 0.000000
vn -0.659202 0.751966 0.000000
vn -0.659202 0.751966 0.000000
vn -0.733056 0.679334 0.033680
vn -0.728136 0.685132 0.020311
vn -0.576219 0.817295 0.000000
vn -0.694513 0.719480 0.000000
vn -0.694513 0.719480 0.000000
vn -0.622537 0.782590 0.000000
vn -0.622537 0.782590 0.000000
vn -0.760388 0.649430 -0.007163
vn -0.659202 0.751966 0.000000
vn -0.659202 0.751966 0.000000
vn -0.728286 0.685273 0.000000
vn -0.728286 0.685273 0.000000
vn -0.576219 0.817296 0.000000
vn -0.694513 0.719480 0.000000
vn -0.694513 0.719480 0.000000
vn -0.622537 0.782590 0.000000
vn -0.622537 0.782590 0.000000
vn -0.807677 0.583993 0.081304
vn -0.790720 0.612030 0.013460
vn -0.760407 0.649446 0.000000
vn -0.760407 0.649446 0.000000
vn -0.659202 0.751966 0.000000
vn -0.659202 0.751966 0.000000
vn -0.728286 0.685273 0.000000
vn -0.728286 0.685273 0.000000
vn -0.576219 0.817295 0.000000
vn -0.576219 0.817295 0.000000
vn -0.694513 0.719480 0.000000
vn -0.694513 0.719480 0.000000
vn -0.818797 0.572916 0.036587
vn -0.622537 0.782590 0.000000
vn -0.622537 0.782590 0.000000
vn -0.790791 0.612086 0.000000
vn -0.790791 0.612086 0.000000
vn -0.760407 0.649446 0.000000
vn -0.760407 0.649446 0.000000
vn -0.659202 0.751966 0.000000
vn -0.659202 0.751966 0.000000
vn -0.728286 0.685273 0.000000
vn -0.728286 0.685273 0.000000
vn -0.576219 0.817295 0.000000
vn -0.694513 0.719480 0.000000
vn -0.694513 0.719480 0.000000
vn -0.839351 0.543589 0.000000
vn -0.819346 0.573300 0.000000
vn -0.819346 0.573300 0.000000
vn -0.622537 0.782590 0.000000
vn -0.622537 0.782590 0.000000
vn -0.790791 0.612086 0.000000
vn -0.790791 0.612086 0.000000
vn -0.760407 0.649446 0.000000
vn -0.760407 0.649446 0.000000
vn -0.659202 0.751966 0.000000
vn -0.659202 0.751966 0.000000
vn -0.728286 0.685273 0.000000
vn -0.728286 0.685273 0.000000
vn -0.576219 0.817295 0.000000
vn -0.694513 0.719480 0.000000
vn -0.694513 0.719480 0.000000
vn -0.819346 0.573300 0.000000
vn -0.839351 0.543589 0.000000
vn -0.819346 0.573300 0.000000
vn -0.622537 0.782590 0.000000
vn -0.622537 0.782590 0.000000
vn -0.790791 0.612086 0.000000
vn -0.790791 0.612086 0.000000
vn -0.760407 0.649446 0.000000
vn -0.760407 0.649446 0.000000
vn -0.659202 0.751966 0.000000
vn -0.659202 0.751966 0.000000
vn -0.728286 0.685273 0.000000
vn -0.728286 0.685273 0.000000
vn -0.576219 0.817295 0.000000
vn -0.694513 0.719480 0.000000
vn -0.694513 0.719480 0.000000
vn -0.839351 0.543589 0.000000
vn -0.819346 0.573300 0.000000
vn -0.819346 0.573300 0.000000
vn -0.622537 0.782590 0.000000
vn -0.622537 0.782590 0.000000
vn -0.790791 0.612086 0.000000
vn -0.790791 0.612086 0.000000
vn -0.760407 0.649446 0.000000
vn -0.760407 0.649446 0.000000
vn -0.659202 0.751966 0.000000
vn -0.659202 0.751966 0.000000
vn -0.728286 0.685273 0.000000
vn -0.728286 0.685273 0.000000
vn -0.576219 0.817295 0.000000
vn -0.694513 0.719480 0.000000
vn -0.694513 0.719480 0.000000
vn -0.839351 0.543589 0.000000
vn -0.819346 0.573300 0.000000
vn -0.839351 0.543589 0.000000
vn -0.819346 0.573300 0.000000
vn -0.622537 0.782590 0.000000
vn -0.622537 0.782590 0.000000
vn -0.790791 0.612086 0.000000
vn -0.790791 0.612086 0.000000
vn -0.760407 0.649446 0.000000
vn -0.760407 0.649446 0.000000
vn -0.576219 0.817295 0.000000
vn -0.659202 0.751966 0.000000
vn -0.659202 0.751966 0.000000
vn -0.728286 0.685273 0.000000
vn -0.728286 0.685273 0.000000
vn -0.638762 0.767955 -0.047210
vn -0.622537 0.782590 0.000000
vn -0.622334 0.782334 -0.025562
vn -0.622537 0.782590 0.000000
vn -0.694513 0.719480 0.000000
vn -0.694513 0.719480 0.000000
vn -0.659202 0.751966 0.000000
vn -0.659122 0.751875 -0.015573
vn -0.659202 0.751966 0.000000
vn -0.819346 0.573300 0.000000
vn -0.839351 0.543589 0.000000
vn -0.819346 0.573300 0.000000
vn -0.790791 0.612086 0.000000
vn -0.790791 0.612086 0.000000
vn -0.760407 0.649446 0.000000
vn -0.760407 0.649446 0.000000
vn -0.694513 0.719480 0.000000
vn -0.694501 0.719467 0.005941
vn -0.694513 0.719480 0.000000
vn -0.728286 0.685273 0.000000
vn -0.728286 0.685273 0.000000
vn -0.728286 0.685273 0.000000
vn -0.839351 0.543589 0.000000
vn -0.819346 0.573300 0.000000
vn -0.819346 0.573300 0.000000
vn -0.733056 0.679334 -0.033680
vn -0.728136 0.685132 -0.020311
vn -0.728286 0.685273 0.000000
vn -0.790791 0.612086 0.000000
vn -0.790791 0.612086 0.000000
vn -0.760407 0.649446 0.000000
vn -0.760407 0.649446 0.000000
vn -0.760388 0.649430 0.007163
vn -0.760407 0.649446 0.000000
vn -0.760407 0.649446 0.000000
vn -0.839351 0.543589 0.000000
vn -0.819346 0.573300 0.000000
vn -0.819346 0.573300 0.000000
vn -0.790791 0.612086 0.000000
vn -0.790791 0.612086 0.000000
vn -0.807677 0.583993 -0.081304
vn -0.790720 0.612030 -0.013460
vn -0.790791 0.612086 0.000000
vn -0.790791 0.612086 0.000000
vn -0.839351 0.543589 0.000000
vn -0.819346 0.573300 0.000000
vn -0.819346 0.573300 0.000000
vn -0.839351 0.543589 0.000000
vn -0.818797 0.572916 -0.036588
vn -0.819346 0.573300 0.000000
vn -0.819346 0.573300 0.000000
vn -0.809017 -0.587785 0.000000
vn -0.809017 -0.587785 0.000000
vn 0.305894 -0.948823 0.078509
vn 0.314556 -0.947760 0.052962
vn 0.268922 -0.963162 0.000000
vn 0.360323 -0.932807 -0.006170
vn 0.314998 -0.949092 0.000000
vn 0.314998 -0.949092 0.000000
vn 0.268922 -0.963162 0.000000
vn 0.419566 -0.907001 0.036238
vn 0.404784 -0.914367 0.009125
vn 0.360330 -0.932825 0.000000
vn 0.360330 -0.932825 0.000000
vn 0.448303 -0.893881 0.000603
vn 0.314998 -0.949092 0.000000
vn 0.314998 -0.949092 0.000000
vn 0.268922 -0.963162 0.000000
vn 0.533160 -0.844949 0.042433
vn 0.490708 -0.871324 -0.000533
vn 0.404801 -0.914405 0.000000
vn 0.404801 -0.914405 0.000000
vn 0.531322 -0.845960 0.045258
vn 0.360330 -0.932825 0.000000
vn 0.360330 -0.932825 0.000000
vn 0.448304 -0.893881 0.000000
vn 0.448304 -0.893881 0.000000
vn 0.314998 -0.949092 0.000000
vn 0.314998 -0.949092 0.000000
vn 0.268922 -0.963162 0.000000
vn 0.268922 -0.963162 0.000000
vn 0.490708 -0.871324 0.000000
vn 0.490708 -0.871324 0.000000
vn 0.404801 -0.914405 0.000000
vn 0.404801 -0.914405 0.000000
vn 0.586282 -0.810107 0.000000
vn 0.531868 -0.846828 0.000000
vn 0.531868 -0.846828 0.000000
vn 0.360330 -0.932825 0.000000
vn 0.360330 -0.932825 0.000000
vn 0.448304 -0.893881 0.000000
vn 0.448304 -0.893881 0.000000
vn 0.314998 -0.949092 0.000000
vn 0.314998 -0.949092 0.000000
vn 0.268922 -0.963162 0.000000
vn 0.490708 -0.871324 0.000000
vn 0.490708 -0.871324 0.000000
vn 0.404801 -0.914405 0.000000
vn 0.404801 -0.914405 0.000000
vn 0.586282 -0.810107 0.000000
vn 0.531868 -0.846828 0.000000
vn 0.531868 -0.846828 0.000000
vn 0.360330 -0.932825 0.000000
vn 0.360330 -0.932825 0.000000
vn 0.448304 -0.893881 0.000000
vn 0.448304 -0.893881 0.000000
vn 0.314998 -0.949092 0.000000
vn 0.314998 -0.949092 0.000000
vn 0.268922 -0.963162 0.000000
vn 0.490708 -0.871324 0.000000
vn 0.490708 -0.871324 0.000000
vn 0.404801 -0.914405 0.000000
vn 0.404801 -0.914405 0.000000
vn 0.531868 -0.846828 0.000000
vn 0.586282 -0.810107 0.000000
vn 0.531868 -0.846828 0.000000
vn 0.360330 -0.932825 0.000000
vn 0.360330 -0.932825 0.000000
vn 0.448304 -0.893881 0.000000
vn 0.448304 -0.893881 0.000000
vn 0.314998 -0.949092 0.000000
vn 0.314998 -0.949092 0.000000
vn 0.268922 -0.963162 0.000000
vn 0.490708 -0.871324 0.000000
vn 0.531868 -0.846828 0.000000
vn 0.490708 -0.871324 0.000000
vn 0.404801 -0.914405 0.000000
vn 0.404801 -0.914405 0.000000
vn 0.586282 -0.810107 0.000000
vn 0.586282 -0.810107 0.000000
vn 0.531868 -0.846828 0.000000
vn 0.360330 -0.932825 0.000000
vn 0.360330 -0.932825 0.000000
vn 0.490708 -0.871324 0.000000
vn 0.448304 -0.893881 0.000000
vn 0.448304 -0.893881 0.000000
vn 0.314998 -0.949092 0.000000
vn 0.314998 -0.949092 0.000000
vn 0.360330 -0.932825 0.000000
vn 0.268922 -0.963162 0.000000
vn 0.490708 -0.871324 0.000000
vn 0.404801 -0.914405 0.000000
vn 0.404801 -0.914405 0.000000
vn 0.305894 -0.948823 -0.078509
vn 0.268922 -0.963162 0.000000
vn 0.531868 -0.846828 0.000000
vn 0.531868 -0.846828 0.000000
vn 0.586282 -0.810107 0.000000
vn 0.360330 -0.932825 0.000000
vn 0.448304 -0.893881 0.000000
vn 0.448304 -0.893881 0.000000
vn 0.314998 -0.949092 0.000000
vn 0.314998 -0.949092 0.000000
vn 0.490708 -0.871324 0.000000
vn 0.490708 -0.871324 0.000000
vn 0.531868 -0.846828 0.000000
vn 0.404801 -0.914405 0.000000
vn 0.404801 -0.914405 0.000000
vn 0.448304 -0.893881 0.000000
vn 0.314556 -0.947760 -0.052962
vn 0.314998 -0.949092 0.000000
vn 0.314998 -0.949092 0.000000
vn 0.586282 -0.810107 0.000000
vn 0.531868 -0.846828 0.000000
vn 0.360330 -0.932825 0.000000
vn 0.360330 -0.932825 0.000000
vn 0.448304 -0.893881 0.000000
vn 0.360330 -0.932825 0.000000
vn 0.360323 -0.932807 0.006170
vn 0.360330 -0.932825 0.000000
vn 0.490708 -0.871324 0.000000
vn 0.490708 -0.871324 0.000000
vn 0.448304 -0.893881 0.000000
vn 0.404801 -0.914405 0.000000
vn 0.404801 -0.914405 0.000000
vn 0.404801 -0.914405 0.000000
vn 0.586282 -0.810107 0.000000
vn 0.531867 -0.846828 0.000000
vn 0.531867 -0.846828 0.000000
vn 0.419566 -0.907001 -0.036238
vn 0.404801 -0.914405 0.000000
vn 0.404784 -0.914367 -0.009125
vn 0.448304 -0.893881 0.000000
vn 0.531868 -0.846828 0.000000
vn 0.490708 -0.871324 0.000000
vn 0.490708 -0.871324 0.000000
vn 0.448304 -0.893881 0.000000
vn 0.490708 -0.871324 0.000000
vn 0.448303 -0.893881 -0.000603
vn 0.448304 -0.893881 0.000000
vn 0.531868 -0.846828 0.000000
vn 0.586282 -0.810107 0.000000
vn 0.533160 -0.844949 -0.042433
vn 0.490708 -0.871324 0.000000
vn 0.490708 -0.871324 0.000533
vn 0.531323 -0.845960 -0.045258
vn 0.531868 -0.846828 0.000000
vn 0.586282 -0.810107 0.000000
vn 0.531868 -0.846828 0.000000
vn 0.649448 -0.760406 0.000000
vn 0.649448 -0.760406 0.000000
vn -0.707107 -0.707107 0.000000
vn -0.707107 -0.707107 0.000000
vn -0.760406 0.649448 0.000000
vn -0.760406 0.649448 0.000000
vn -0.844810 0.532980 0.047207
vn -0.833630 0.551732 0.025560
vn -0.859205 0.511395 0.015570
vn -0.800579 0.599227 0.000000
vn -0.882836 0.469643 -0.005943
vn -0.833902 0.551912 0.000000
vn -0.833902 0.551912 0.000000
vn -0.859309 0.511457 0.000000
vn -0.859309 0.511457 0.000000
vn -0.907103 0.419559 0.033681
vn -0.904215 0.426595 0.020308
vn -0.800579 0.599227 0.000000
vn -0.882852 0.469652 0.000000
vn -0.882852 0.469652 0.000000
vn -0.833902 0.551912 0.000000
vn -0.833902 0.551912 0.000000
vn -0.923858 0.382669 -0.007166
vn -0.859309 0.511457 0.000000
vn -0.859309 0.511457 0.000000
vn -0.904401 0.426683 0.000000
vn -0.904401 0.426683 0.000000
vn -0.800579 0.599227 0.000000
vn -0.882852 0.469652 0.000000
vn -0.882852 0.469652 0.000000
vn -0.833902 0.551912 0.000000
vn -0.833902 0.551912 0.000000
vn -0.948610 0.305825 0.081306
vn -0.941146 0.337734 0.013454
vn -0.923882 0.382679 0.000000
vn -0.923882 0.382679 0.000000
vn -0.859309 0.511457 0.000000
vn -0.859309 0.511457 0.000000
vn -0.904401 0.426683 0.000000
vn -0.904401 0.426683 0.000000
vn -0.800579 0.599227 0.000000
vn -0.800579 0.599227 0.000000
vn -0.882852 0.469652 0.000000
vn -0.882852 0.469652 0.000000
vn -0.955764 0.291852 0.036586
vn -0.833902 0.551912 0.000000
vn -0.833902 0.551912 0.000000
vn -0.941231 0.337764 0.000000
vn -0.941231 0.337764 0.000000
vn -0.923882 0.382679 0.000000
vn -0.923882 0.382679 0.000000
vn -0.859309 0.511457 0.000000
vn -0.859309 0.511457 0.000000
vn -0.904401 0.426683 0.000000
vn -0.904401 0.426683 0.000000
vn -0.800579 0.599227 0.000000
vn -0.882852 0.469652 0.000000
vn -0.882852 0.469652 0.000000
vn -0.966249 0.257611 0.000000
vn -0.956404 0.292047 0.000000
vn -0.956404 0.292047 0.000000
vn -0.833902 0.551912 0.000000
vn -0.833902 0.551912 0.000000
vn -0.941231 0.337764 0.000000
vn -0.941231 0.337764 0.000000
vn -0.923882 0.382679 0.000000
vn -0.923882 0.382679 0.000000
vn -0.859309 0.511457 0.000000
vn -0.859309 0.511457 0.000000
vn -0.904401 0.426683 0.000000
vn -0.904401 0.426683 0.000000
vn -0.800579 0.599227 0.000000
vn -0.882852 0.469652 0.000000
vn -0.882852 0.469652 0.000000
vn -0.956404 0.292047 0.000000
vn -0.966249 0.257611 0.000000
vn -0.956404 0.292047 0.000000
vn -0.833902 0.551912 0.000000
vn -0.833902 0.551912 0.000000
vn -0.941231 0.337764 0.000000
vn -0.941231 0.337764 0.000000
vn -0.923881 0.382679 0.000000
vn -0.923881 0.382679 0.000000
vn -0.941231 0.337764 0.000000
vn -0.859309 0.511457 0.000000
vn -0.859309 0.511457 0.000000
vn -0.904401 0.426683 0.000000
vn -0.904401 0.426683 0.000000
vn -0.800579 0.599227 0.000000
vn -0.882852 0.469652 0.000000
vn -0.882852 0.469652 0.000000
vn -0.966249 0.257611 0.000000
vn -0.956404 0.292047 0.000000
vn -0.956404 0.292047 0.000000
vn -0.833902 0.551912 0.000000
vn -0.833902 0.551912 0.000000
vn -0.941231 0.337764 0.000000
vn -0.923882 0.382679 0.000000
vn -0.923882 0.382679 0.000000
vn -0.859309 0.511457 0.000000
vn -0.859309 0.511457 0.000000
vn -0.904401 0.426683 0.000000
vn -0.904401 0.426683 0.000000
vn -0.800579 0.599227 0.000000
vn -0.882852 0.469652 0.000000
vn -0.882852 0.469652 0.000000
vn -0.966249 0.257611 0.000000
vn -0.966249 0.257611 0.000000
vn -0.956404 0.292047 0.000000
vn -0.956404 0.292047 0.000000
vn -0.833902 0.551912 0.000000
vn -0.833902 0.551912 0.000000
vn -0.941231 0.337764 0.000000
vn -0.941231 0.337764 0.000000
vn -0.923882 0.382679 0.000000
vn -0.923882 0.382679 0.000000
vn -0.800579 0.599227 0.000000
vn -0.833902 0.551912 0.000000
vn -0.859309 0.511457 0.000000
vn -0.859309 0.511457 0.000000
vn -0.904401 0.426683 0.000000
vn -0.904401 0.426683 0.000000
vn -0.844810 0.532980 -0.047207
vn -0.833630 0.551732 -0.025560
vn -0.833902 0.551912 0.000000
vn -0.882852 0.469652 0.000000
vn -0.882852 0.469652 0.000000
vn -0.859309 0.511457 0.000000
vn -0.859205 0.511395 -0.015570
vn -0.859309 0.511457 0.000000
vn -0.956404 0.292047 0.000000
vn -0.966249 0.257611 0.000000
vn -0.956404 0.292047 0.000000
vn -0.941231 0.337764 0.000000
vn -0.941231 0.337764 0.000000
vn -0.923882 0.382679 0.000000
vn -0.923882 0.382679 0.000000
vn -0.882852 0.469652 0.000000
vn -0.882836 0.469643 0.005943
vn -0.882852 0.469652 0.000000
vn -0.904401 0.426683 0.000000
vn -0.904401 0.426683 0.000000
vn -0.904401 0.426683 0.000000
vn -0.966249 0.257611 0.000000
vn -0.956404 0.292047 0.000000
vn -0.956404 0.292047 0.000000
vn -0.907103 0.419559 -0.033681
vn -0.904215 0.426595 -0.020308
vn -0.904401 0.426683 0.000000
vn -0.941231 0.337764 0.000000
vn -0.956404 0.292047 0.000000
vn -0.941231 0.337764 0.000000
vn -0.923882 0.382679 0.000000
vn -0.923882 0.382679 0.000000
vn -0.923882 0.382679 0.000000
vn -0.923858 0.382669 0.007166
vn -0.923882 0.382679 0.000000
vn -0.956404 0.292047 0.000000
vn -0.966249 0.257611 0.000000
vn -0.941231 0.337764 0.000000
vn -0.941231 0.337764 0.000000
vn -0.948610 0.305825 -0.081306
vn -0.941146 0.337734 -0.013454
vn -0.941231 0.337764 0.000000
vn -0.941231 0.337764 0.000000
vn -0.966249 0.257611 0.000000
vn -0.956404 0.292047 0.000000
vn -0.956404 0.292047 0.000000
vn -0.966249 0.257611 0.000000
vn -0.955764 0.291852 -0.036586
vn -0.956404 0.292047 0.000000
vn -0.956404 0.292047 0.000000
vn -0.587785 -0.809017 0.000000
vn -0.587785 -0.809017 0.000000
vn 0.584124 -0.807858 0.078511
vn 0.592036 -0.804170 0.052957
vn 0.553392 -0.832921 0.000000
vn 0.630938 -0.775809 -0.006167
vn 0.592868 -0.805300 0.000000
vn 0.592868 -0.805300 0.000000
vn 0.553392 -0.832921 0.000000
vn 0.679310 -0.732956 0.036239
vn 0.667529 -0.744528 0.009129
vn 0.630950 -0.775824 0.000000
vn 0.630950 -0.775824 0.000000
vn 0.702588 -0.711597 0.000602
vn 0.592868 -0.805300 0.000000
vn 0.592868 -0.805300 0.000000
vn 0.553392 -0.832921 0.000000
vn 0.768169 -0.638839 0.042433
vn 0.735944 -0.677042 -0.000534
vn 0.667557 -0.744559 0.000000
vn 0.667557 -0.744559 0.000000
vn 0.766732 -0.640370 0.045262
vn 0.630950 -0.775824 0.000000
vn 0.630950 -0.775824 0.000000
vn 0.702588 -0.711597 0.000000
vn 0.702588 -0.711597 0.000000
vn 0.592868 -0.805300 0.000000
vn 0.592868 -0.805300 0.000000
vn 0.553392 -0.832921 0.000000
vn 0.553392 -0.832921 0.000000
vn 0.735944 -0.677042 0.000000
vn 0.735944 -0.677042 0.000000
vn 0.667557 -0.744559 0.000000
vn 0.667557 -0.744559 0.000000
vn 0.807926 -0.589284 0.000000
vn 0.767519 -0.641027 0.000000
vn 0.767519 -0.641027 0.000000
vn 0.630950 -0.775824 0.000000
vn 0.630950 -0.775824 0.000000
vn 0.702588 -0.711597 0.000000
vn 0.702588 -0.711597 0.000000
vn 0.592868 -0.805300 0.000000
vn 0.592868 -0.805300 0.000000
vn 0.553392 -0.832921 0.000000
vn 0.735944 -0.677042 0.000000
vn 0.735944 -0.677042 0.000000
vn 0.667557 -0.744559 0.000000
vn 0.667557 -0.744559 0.000000
vn 0.807926 -0.589284 0.000000
vn 0.767519 -0.641027 0.000000
vn 0.767519 -0.641027 0.000000
vn 0.630950 -0.775824 0.000000
vn 0.630950 -0.775824 0.000000
vn 0.702588 -0.711597 0.000000
vn 0.702588 -0.711597 0.000000
vn 0.592868 -0.805300 0.000000
vn 0.592868 -0.805300 0.000000
vn 0.553392 -0.832921 0.000000
vn 0.735944 -0.677042 0.000000
vn 0.735944 -0.677042 0.000000
vn 0.667557 -0.744559 0.000000
vn 0.667557 -0.744559 0.000000
vn 0.767519 -0.641027 0.000000
vn 0.807926 -0.589284 0.000000
vn 0.767519 -0.641027 0.000000
vn 0.630950 -0.775824 0.000000
vn 0.630950 -0.775824 0.000000
vn 0.702588 -0.711597 0.000000
vn 0.735944 -0.677042 0.000000
vn 0.702588 -0.711597 0.000000
vn 0.592868 -0.805300 0.000000
vn 0.592868 -0.805300 0.000000
vn 0.553392 -0.832921 0.000000
vn 0.735944 -0.677042 0.000000
vn 0.667557 -0.744559 0.000000
vn 0.667557 -0.744559 0.000000
vn 0.807926 -0.589284 0.000000
vn 0.807926 -0.589284 0.000000
vn 0.767519 -0.641027 0.000000
vn 0.767519 -0.641027 0.000000
vn 0.667557 -0.744559 0.000000
vn 0.630950 -0.775824 0.000000
vn 0.630950 -0.775824 0.000000
vn 0.702588 -0.711597 0.000000
vn 0.702588 -0.711597 0.000000
vn 0.592868 -0.805300 0.000000
vn 0.592868 -0.805300 0.000000
vn 0.630950 -0.775824 0.000000
vn 0.553392 -0.832921 0.000000
vn 0.735944 -0.677042 0.000000
vn 0.735944 -0.677042 0.000000
vn 0.667557 -0.744559 0.000000
vn 0.584124 -0.807858 -0.078511
vn 0.553392 -0.832921 0.000000
vn 0.807926 -0.589284 0.000000
vn 0.767519 -0.641027 0.000000
vn 0.767519 -0.641027 0.000000
vn 0.630950 -0.775824 0.000000
vn 0.702588 -0.711597 0.000000
vn 0.702588 -0.711597 0.000000
vn 0.592868 -0.805300 0.000000
vn 0.592868 -0.805300 0.000000
vn 0.735944 -0.677042 0.000000
vn 0.735944 -0.677042 0.000000
vn 0.667557 -0.744559 0.000000
vn 0.667557 -0.744559 0.000000
vn 0.592868 -0.805300 0.000000
vn 0.592036 -0.804170 -0.052957
vn 0.592868 -0.805300 0.000000
vn 0.807926 -0.589284 0.000000
vn 0.767519 -0.641027 0.000000
vn 0.767519 -0.641027 0.000000
vn 0.630950 -0.775824 0.000000
vn 0.630950 -0.775824 0.000000
vn 0.702588 -0.711597 0.000000
vn 0.702588 -0.711597 0.000000
vn 0.630950 -0.775824 0.000000
vn 0.630950 -0.775824 0.000000
vn 0.630938 -0.775809 0.006167
vn 0.735944 -0.677042 0.000000
vn 0.735944 -0.677042 0.000000
vn 0.667557 -0.744559 0.000000
vn 0.667557 -0.744559 0.000000
vn 0.807926 -0.589284 0.000000
vn 0.767519 -0.641027 0.000000
vn 0.767519 -0.641027 0.000000
vn 0.679310 -0.732956 -0.036239
vn 0.667529 -0.744528 -0.009129
vn 0.667557 -0.744559 0.000000
vn 0.667557 -0.744559 0.000000
vn 0.702588 -0.711597 0.000000
vn 0.702588 -0.711597 0.000000
vn 0.735944 -0.677042 0.000000
vn 0.735944 -0.677042 0.000000
vn 0.702588 -0.711597 0.000000
vn 0.735944 -0.677042 0.000000
vn 0.702588 -0.711597 -0.000602
vn 0.702588 -0.711597 0.000000
vn 0.767519 -0.641027 0.000000
vn 0.767519 -0.641027 0.000000
vn 0.807926 -0.589284 0.000000
vn 0.768169 -0.638839 -0.042433
vn 0.735944 -0.677042 0.000000
vn 0.735944 -0.677042 0.000534
vn 0.767519 -0.641027 0.000000
vn 0.766732 -0.640370 -0.045262
vn 0.807926 -0.589284 0.000000
vn 0.767519 -0.641027 0.000000
vn 0.852640 -0.522499 0.000000
vn 0.852640 -0.522499 0.000000
vn -0.453991 -0.891006 0.000000
vn -0.453991 -0.891006 0.000000
vn -0.923879 0.382684 0.000000
vn -0.923879 0.382684 0.000000
vn -0.968365 0.245885 0.042537
vn -0.968743 0.243902 0.045257
vn -0.980316 0.197437 -0.000481
vn -0.951629 0.307250 0.000000
vn -0.992271 0.118703 0.036155
vn -0.988665 0.150137 0.000540
vn -0.969737 0.244152 0.000000
vn -0.969737 0.244152 0.000000
vn -0.980316 0.197437 0.000000
vn -0.980316 0.197437 0.000000
vn -0.994699 0.102419 0.009126
vn -0.951629 0.307250 0.000000
vn -0.988665 0.150137 0.000000
vn -0.988665 0.150137 0.000000
vn -0.969737 0.244152 0.000000
vn -0.969737 0.244152 0.000000
vn -0.998498 0.054433 -0.006170
vn -0.980316 0.197437 0.000000
vn -0.980316 0.197437 0.000000
vn -0.994741 0.102424 0.000000
vn -0.994741 0.102424 0.000000
vn -0.951629 0.307250 0.000000
vn -0.988665 0.150137 0.000000
vn -0.988665 0.150137 0.000000
vn -0.969737 0.244152 0.000000
vn -0.969737 0.244152 0.000000
vn -0.996911 -0.002280 0.078510
vn -0.998577 0.006287 0.052960
vn -0.998517 0.054434 0.000000
vn -0.998517 0.054434 0.000000
vn -0.980316 0.197437 0.000000
vn -0.980316 0.197437 0.000000
vn -0.994741 0.102424 0.000000
vn -0.994741 0.102424 0.000000
vn -0.951629 0.307250 0.000000
vn -0.951629 0.307250 0.000000
vn -0.988665 0.150137 0.000000
vn -0.988665 0.150137 0.000000
vn -0.969737 0.244152 0.000000
vn -0.969737 0.244152 0.000000
vn -0.999123 -0.041874 -0.000000
vn -0.999980 0.006296 0.000000
vn -0.999980 0.006296 0.000000
vn -0.998517 0.054434 0.000000
vn -0.998517 0.054434 0.000000
vn -0.999980 0.006296 0.000000
vn -0.980316 0.197437 0.000000
vn -0.980316 0.197437 0.000000
vn -0.998517 0.054434 0.000000
vn -0.994741 0.102424 0.000000
vn -0.994741 0.102424 0.000000
vn -0.951629 0.307250 0.000000
vn -0.988665 0.150137 0.000000
vn -0.988665 0.150137 0.000000
vn -0.969737 0.244152 0.000000
vn -0.969737 0.244152 0.000000
vn -0.999123 -0.041874 -0.000000
vn -0.999980 0.006296 0.000000
vn -0.998517 0.054434 0.000000
vn -0.988665 0.150137 0.000000
vn -0.980316 0.197437 0.000000
vn -0.980316 0.197437 0.000000
vn -0.994741 0.102424 0.000000
vn -0.994741 0.102424 0.000000
vn -0.951629 0.307250 0.000000
vn -0.988665 0.150137 0.000000
vn -0.969737 0.244152 0.000000
vn -0.969737 0.244152 0.000000
vn -0.999980 0.006296 0.000000
vn -0.999980 0.006296 0.000000
vn -0.999123 -0.041874 -0.000000
vn -0.998517 0.054434 0.000000
vn -0.998517 0.054434 0.000000
vn -0.980316 0.197437 0.000000
vn -0.980316 0.197437 0.000000
vn -0.994741 0.102424 0.000000
vn -0.994741 0.102424 0.000000
vn -0.998517 0.054434 0.000000
vn -0.951629 0.307250 0.000000
vn -0.988665 0.150137 0.000000
vn -0.988665 0.150137 0.000000
vn -0.969737 0.244152 0.000000
vn -0.969737 0.244152 0.000000
vn -0.999123 -0.041874 -0.000000
vn -0.999123 -0.041874 -0.000000
vn -0.999980 0.006296 0.000000
vn -0.999980 0.006296 0.000000
vn -0.998517 0.054434 0.000000
vn -0.980316 0.197437 0.000000
vn -0.980316 0.197437 0.000000
vn -0.994741 0.102424 0.000000
vn -0.994741 0.102424 0.000000
vn -0.951629 0.307250 0.000000
vn -0.988665 0.150137 0.000000
vn -0.988665 0.150137 0.000000
vn -0.969737 0.244152 0.000000
vn -0.969737 0.244152 0.000000
vn -0.951629 0.307250 0.000000
vn -0.999980 0.006296 0.000000
vn -0.999980 0.006296 0.000000
vn -0.999123 -0.041874 -0.000000
vn -0.998517 0.054434 0.000000
vn -0.998517 0.054434 0.000000
vn -0.980316 0.197437 0.000000
vn -0.980316 0.197437 0.000000
vn -0.968365 0.245885 -0.042537
vn -0.980316 0.197437 0.000000
vn -0.969737 0.244152 0.000000
vn -0.968743 0.243902 -0.045257
vn -0.969737 0.244152 0.000000
vn -0.994741 0.102424 0.000000
vn -0.994741 0.102424 0.000000
vn -0.980316 0.197437 0.000481
vn -0.980316 0.197437 0.000000
vn -0.988665 0.150137 0.000000
vn -0.988665 0.150137 0.000000
vn -0.999980 0.006296 0.000000
vn -0.999123 -0.041874 -0.000000
vn -0.999980 0.006296 0.000000
vn -0.998517 0.054434 0.000000
vn -0.998517 0.054434 0.000000
vn -0.992271 0.118703 -0.036155
vn -0.988665 0.150137 -0.000540
vn -0.988665 0.150137 0.000000
vn -0.988665 0.150137 0.000000
vn -0.994741 0.102424 0.000000
vn -0.994741 0.102424 0.000000
vn -0.994741 0.102424 0.000000
vn -0.994699 0.102419 -0.009126
vn -0.994741 0.102424 0.000000
vn -0.999980 0.006296 0.000000
vn -0.999123 -0.041874 -0.000000
vn -0.999980 0.006296 0.000000
vn -0.998517 0.054434 0.000000
vn -0.998517 0.054434 0.000000
vn -0.998498 0.054433 0.006170
vn -0.998517 0.054434 0.000000
vn -0.998517 0.054434 0.000000
vn -0.999123 -0.041874 -0.000000
vn -0.999980 0.006296 0.000000
vn -0.999980 0.006296 0.000000
vn -0.998577 0.006287 -0.052960
vn -0.996911 -0.002280 -0.078510
vn -0.999980 0.006296 0.000000
vn -0.999980 0.006296 0.000000
vn -0.999123 -0.041874 -0.000000
vn -0.309018 -0.951056 0.000000
vn -0.309018 -0.951056 0.000000
vn 0.805177 -0.587815 0.078507
vn 0.811560 -0.581864 0.052961
vn 0.783695 -0.621146 0.000000
vn 0.839799 -0.542863 -0.006174
vn 0.812701 -0.582681 0.000000
vn 0.812701 -0.582681 0.000000
vn 0.783695 -0.621146 0.000000
vn 0.872558 -0.487164 0.036237
vn 0.864928 -0.501813 0.009120
vn 0.839815 -0.542873 0.000000
vn 0.839815 -0.542873 0.000000
vn 0.888096 -0.459659 0.000602
vn 0.812701 -0.582681 0.000000
vn 0.812701 -0.582681 0.000000
vn 0.783695 -0.621146 0.000000
vn 0.927985 -0.370195 0.042431
vn 0.909143 -0.416485 -0.000535
vn 0.864964 -0.501834 0.000000
vn 0.864964 -0.501834 0.000000
vn 0.927091 -0.372093 0.045258
vn 0.839815 -0.542873 0.000000
vn 0.839815 -0.542873 0.000000
vn 0.888096 -0.459659 0.000000
vn 0.888096 -0.459659 0.000000
vn 0.812701 -0.582681 0.000000
vn 0.812701 -0.582681 0.000000
vn 0.783695 -0.621146 0.000000
vn 0.783695 -0.621146 0.000000
vn 0.909143 -0.416485 0.000000
vn 0.909143 -0.416485 0.000000
vn 0.864964 -0.501834 0.000000
vn 0.864964 -0.501834 0.000000
vn 0.950481 -0.310784 0.000000
vn 0.928042 -0.372475 0.000000
vn 0.928042 -0.372475 0.000000
vn 0.839815 -0.542873 0.000000
vn 0.839815 -0.542873 0.000000
vn 0.888096 -0.459659 0.000000
vn 0.888096 -0.459659 0.000000
vn 0.812701 -0.582681 0.000000
vn 0.812701 -0.582681 0.000000
vn 0.783695 -0.621146 0.000000
vn 0.909143 -0.416485 0.000000
vn 0.909143 -0.416485 0.000000
vn 0.928042 -0.372475 0.000000
vn 0.864964 -0.501834 0.000000
vn 0.864964 -0.501834 0.000000
vn 0.888096 -0.459659 0.000000
vn 0.950481 -0.310784 0.000000
vn 0.928042 -0.372475 0.000000
vn 0.839815 -0.542873 0.000000
vn 0.839815 -0.542873 0.000000
vn 0.888096 -0.459659 0.000000
vn 0.812701 -0.582681 0.000000
vn 0.812701 -0.582681 0.000000
vn 0.839815 -0.542873 0.000000
vn 0.783695 -0.621146 0.000000
vn 0.909143 -0.416485 0.000000
vn 0.909143 -0.416485 0.000000
vn 0.864964 -0.501834 0.000000
vn 0.864964 -0.501834 0.000000
vn 0.928042 -0.372475 0.000000
vn 0.950481 -0.310784 0.000000
vn 0.928042 -0.372475 0.000000
vn 0.839815 -0.542873 0.000000
vn 0.888096 -0.459659 0.000000
vn 0.888096 -0.459659 0.000000
vn 0.812701 -0.582681 0.000000
vn 0.812701 -0.582681 0.000000
vn 0.783695 -0.621146 0.000000
vn 0.909143 -0.416485 0.000000
vn 0.928042 -0.372475 0.000000
vn 0.909143 -0.416485 0.000000
vn 0.888096 -0.459659 0.000000
vn 0.864964 -0.501834 0.000000
vn 0.864964 -0.501834 0.000000
vn 0.950481 -0.310784 0.000000
vn 0.950481 -0.310784 0.000000
vn 0.928042 -0.372475 0.000000
vn 0.839815 -0.542873 0.000000
vn 0.839815 -0.542873 0.000000
vn 0.888096 -0.459659 0.000000
vn 0.812701 -0.582681 0.000000
vn 0.812701 -0.582681 0.000000
vn 0.783695 -0.621146 0.000000
vn 0.909143 -0.416485 0.000000
vn 0.909143 -0.416485 0.000000
vn 0.864964 -0.501834 0.000000
vn 0.864964 -0.501834 0.000000
vn 0.805177 -0.587815 -0.078507
vn 0.783695 -0.621146 0.000000
vn 0.928042 -0.372475 0.000000
vn 0.928042 -0.372475 0.000000
vn 0.950481 -0.310784 0.000000
vn 0.839815 -0.542873 0.000000
vn 0.839815 -0.542873 0.000000
vn 0.888096 -0.459659 0.000000
vn 0.888096 -0.459659 0.000000
vn 0.812701 -0.582681 0.000000
vn 0.812701 -0.582681 0.000000
vn 0.909143 -0.416485 0.000000
vn 0.909143 -0.416485 0.000000
vn 0.928042 -0.372475 0.000000
vn 0.864964 -0.501834 0.000000
vn 0.864964 -0.501834 0.000000
vn 0.811560 -0.581864 -0.052961
vn 0.812701 -0.582681 0.000000
vn 0.812701 -0.582681 0.000000
vn 0.950481 -0.310784 0.000000
vn 0.928042 -0.372475 0.000000
vn 0.839815 -0.542873 0.000000
vn 0.839815 -0.542873 0.000000
vn 0.839815 -0.542873 0.000000
vn 0.888096 -0.459659 0.000000
vn 0.888096 -0.459659 0.000000
vn 0.839799 -0.542863 0.006174
vn 0.839815 -0.542873 0.000000
vn 0.909143 -0.416485 0.000000
vn 0.909143 -0.416485 0.000000
vn 0.888096 -0.459659 0.000000
vn 0.864964 -0.501834 0.000000
vn 0.864964 -0.501834 0.000000
vn 0.950481 -0.310784 0.000000
vn 0.928042 -0.372475 0.000000
vn 0.928042 -0.372475 0.000000
vn 0.872558 -0.487164 -0.036237
vn 0.864928 -0.501813 -0.009120
vn 0.864964 -0.501834 0.000000
vn 0.864964 -0.501834 0.000000
vn 0.888096 -0.459659 0.000000
vn 0.928042 -0.372475 0.000000
vn 0.909143 -0.416485 0.000000
vn 0.909143 -0.416485 0.000000
vn 0.888096 -0.459659 0.000000
vn 0.888096 -0.459658 -0.000602
vn 0.888096 -0.459659 0.000000
vn 0.928042 -0.372475 0.000000
vn 0.950481 -0.310784 0.000000
vn 0.909143 -0.416485 0.000000
vn 0.927985 -0.370195 -0.042431
vn 0.909143 -0.416485 0.000535
vn 0.928042 -0.372475 0.000000
vn 0.909143 -0.416485 0.000000
vn 0.927092 -0.372093 -0.045258
vn 0.950481 -0.310784 0.000000
vn 0.928042 -0.372475 0.000000
vn 0.972370 -0.233445 0.000000
vn 0.972370 -0.233445 0.000000
vn -0.156434 -0.987688 0.000000
vn -0.156434 -0.987688 0.000000
vn -0.996917 0.078459 0.000000
vn -0.996917 0.078459 0.000000
vn -0.996953 -0.065390 0.042537
vn -0.996700 -0.067393 0.045257
vn -0.993347 -0.115160 -0.000481
vn -0.999998 -0.001858 0.000000
vn -0.980388 -0.193734 0.036156
vn -0.986671 -0.162725 0.000541
vn -0.997722 -0.067462 0.000000
vn -0.997722 -0.067462 0.000000
vn -0.993347 -0.115160 0.000000
vn -0.993347 -0.115160 0.000000
vn -0.977665 -0.209973 0.009124
vn -0.999998 -0.001858 0.000000
vn -0.986671 -0.162725 0.000000
vn -0.986671 -0.162725 0.000000
vn -0.997722 -0.067462 0.000000
vn -0.997722 -0.067462 0.000000
vn -0.966449 -0.256784 -0.006171
vn -0.993347 -0.115160 0.000000
vn -0.993347 -0.115160 0.000000
vn -0.977705 -0.209982 0.000000
vn -0.977705 -0.209982 0.000000
vn -0.999998 -0.001858 0.000000
vn -0.986671 -0.162725 0.000000
vn -0.986671 -0.162725 0.000000
vn -0.997722 -0.067462 0.000000
vn -0.997722 -0.067462 0.000000
vn -0.947414 -0.310231 0.078509
vn -0.951646 -0.302598 0.052959
vn -0.966468 -0.256788 0.000000
vn -0.966468 -0.256788 0.000000
vn -0.993347 -0.115160 0.000000
vn -0.993347 -0.115160 0.000000
vn -0.977705 -0.209982 0.000000
vn -0.977705 -0.209982 0.000000
vn -0.999998 -0.001858 0.000000
vn -0.999998 -0.001858 0.000000
vn -0.986671 -0.162725 0.000000
vn -0.986671 -0.162725 0.000000
vn -0.997722 -0.067463 0.000000
vn -0.997722 -0.067463 0.000000
vn -0.937283 -0.348570 -0.000000
vn -0.952983 -0.303023 0.000000
vn -0.952983 -0.303023 0.000000
vn -0.966468 -0.256788 0.000000
vn -0.966468 -0.256788 0.000000
vn -0.993347 -0.115160 0.000000
vn -0.993347 -0.115160 0.000000
vn -0.977705 -0.209982 0.000000
vn -0.977705 -0.209982 0.000000
vn -0.999998 -0.001858 0.000000
vn -0.986672 -0.162725 0.000000
vn -0.986672 -0.162725 0.000000
vn -0.997722 -0.067462 0.000000
vn -0.997722 -0.067462 0.000000
vn -0.937283 -0.348570 -0.000000
vn -0.952983 -0.303023 0.000000
vn -0.952983 -0.303023 0.000000
vn -0.966468 -0.256788 0.000000
vn -0.966468 -0.256788 0.000000
vn -0.993347 -0.115160 0.000000
vn -0.993347 -0.115160 0.000000
vn -0.977705 -0.209982 0.000000
vn -0.977705 -0.209982 0.000000
vn -0.999998 -0.001858 0.000000
vn -0.986671 -0.162725 0.000000
vn -0.986671 -0.162725 0.000000
vn -0.997722 -0.067462 0.000000
vn -0.997722 -0.067462 0.000000
vn -0.952983 -0.303023 0.000000
vn -0.937283 -0.348570 -0.000000
vn -0.952983 -0.303023 0.000000
vn -0.966468 -0.256788 0.000000
vn -0.966468 -0.256788 0.000000
vn -0.993347 -0.115160 0.000000
vn -0.993347 -0.115160 0.000000
vn -0.977705 -0.209982 0.000000
vn -0.977705 -0.209982 0.000000
vn -0.999998 -0.001858 0.000000
vn -0.986671 -0.162725 0.000000
vn -0.986671 -0.162725 0.000000
vn -0.997722 -0.067462 0.000000
vn -0.993347 -0.115160 -0.000000
vn -0.997722 -0.067462 0.000000
vn -0.937283 -0.348570 -0.000000
vn -0.937283 -0.348570 -0.000000
vn -0.952983 -0.303023 0.000000
vn -0.952983 -0.303023 0.000000
vn -0.966468 -0.256788 0.000000
vn -0.966468 -0.256788 0.000000
vn -0.993347 -0.115160 0.000000
vn -0.977705 -0.209982 0.000000
vn -0.977705 -0.209982 0.000000
vn -0.999998 -0.001858 0.000000
vn -0.986672 -0.162725 0.000000
vn -0.986672 -0.162725 0.000000
vn -0.997722 -0.067462 0.000000
vn -0.997722 -0.067462 0.000000
vn -0.999998 -0.001858 0.000000
vn -0.952983 -0.303023 0.000000
vn -0.952983 -0.303023 0.000000
vn -0.937283 -0.348570 -0.000000
vn -0.966468 -0.256788 0.000000
vn -0.966468 -0.256788 0.000000
vn -0.993347 -0.115160 0.000000
vn -0.993347 -0.115160 0.000000
vn -0.996953 -0.065390 -0.042537
vn -0.997722 -0.067462 0.000000
vn -0.996700 -0.067393 -0.045257
vn -0.997722 -0.067462 0.000000
vn -0.977705 -0.209982 0.000000
vn -0.977705 -0.209982 0.000000
vn -0.993347 -0.115160 0.000481
vn -0.993347 -0.115160 0.000000
vn -0.993347 -0.115160 0.000000
vn -0.986672 -0.162725 0.000000
vn -0.986672 -0.162725 0.000000
vn -0.937283 -0.348570 -0.000000
vn -0.952983 -0.303023 0.000000
vn -0.952983 -0.303023 0.000000
vn -0.966468 -0.256788 0.000000
vn -0.966468 -0.256788 0.000000
vn -0.980388 -0.193734 -0.036156
vn -0.986671 -0.162725 -0.000541
vn -0.986672 -0.162725 0.000000
vn -0.986672 -0.162725 0.000000
vn -0.977705 -0.209982 0.000000
vn -0.977705 -0.209982 0.000000
vn -0.977705 -0.209982 0.000000
vn -0.977665 -0.209973 -0.009124
vn -0.977705 -0.209982 0.000000
vn -0.952983 -0.303023 0.000000
vn -0.937283 -0.348570 -0.000000
vn -0.952983 -0.303023 0.000000
vn -0.966468 -0.256788 0.000000
vn -0.966468 -0.256788 0.000000
vn -0.966449 -0.256784 0.006171
vn -0.966468 -0.256788 0.000000
vn -0.966468 -0.256788 0.000000
vn -0.952983 -0.303023 0.000000
vn -0.952983 -0.303023 0.000000
vn -0.937283 -0.348570 -0.000000
vn -0.951646 -0.302598 -0.052959
vn -0.947414 -0.310231 -0.078509
vn -0.952983 -0.303023 0.000000
vn -0.937283 -0.348570 -0.000000
vn -0.952983 -0.303023 0.000000
vn 0.000000 -1.000000 0.000000
vn 0.000000 -1.000000 0.000000
vn 0.947414 -0.310231 0.078509
vn 0.951646 -0.302598 0.052959
vn 0.937283 -0.348570 0.000000
vn 0.966449 -0.256784 -0.006171
vn 0.952983 -0.303023 0.000000
vn 0.952983 -0.303023 0.000000
vn 0.937283 -0.348570 0.000000
vn 0.980394 -0.193685 0.036238
vn 0.977665 -0.209973 0.009124
vn 0.966468 -0.256788 0.000000
vn 0.966468 -0.256788 0.000000
vn 0.986671 -0.162725 0.000604
vn 0.952983 -0.303023 0.000000
vn 0.952983 -0.303023 0.000000
vn 0.937283 -0.348570 0.000000
vn 0.996962 -0.065313 0.042432
vn 0.993347 -0.115160 -0.000533
vn 0.977705 -0.209982 0.000000
vn 0.977705 -0.209982 0.000000
vn 0.996700 -0.067393 0.045257
vn 0.966468 -0.256788 0.000000
vn 0.966468 -0.256788 0.000000
vn 0.986671 -0.162725 0.000000
vn 0.986671 -0.162725 0.000000
vn 0.952983 -0.303023 0.000000
vn 0.952983 -0.303023 0.000000
vn 0.937283 -0.348570 0.000000
vn 0.937283 -0.348570 0.000000
vn 0.993347 -0.115160 0.000000
vn 0.993347 -0.115160 0.000000
vn 0.977705 -0.209982 0.000000
vn 0.977705 -0.209982 0.000000
vn 0.999998 -0.001858 0.000000
vn 0.997722 -0.067462 0.000000
vn 0.997722 -0.067462 0.000000
vn 0.966468 -0.256788 0.000000
vn 0.966468 -0.256788 0.000000
vn 0.986671 -0.162725 0.000000
vn 0.986671 -0.162725 0.000000
vn 0.952983 -0.303023 0.000000
vn 0.952983 -0.303023 0.000000
vn 0.937283 -0.348570 0.000000
vn 0.993347 -0.115160 0.000000
vn 0.993347 -0.115160 0.000000
vn 0.977705 -0.209982 0.000000
vn 0.977705 -0.209982 0.000000
vn 0.999998 -0.001858 0.000000
vn 0.997722 -0.067462 0.000000
vn 0.997722 -0.067462 0.000000
vn 0.966468 -0.256788 0.000000
vn 0.966468 -0.256788 0.000000
vn 0.986671 -0.162725 0.000000
vn 0.986671 -0.162725 0.000000
vn 0.993347 -0.115160 0.000000
vn 0.952983 -0.303023 0.000000
vn 0.952983 -0.303023 0.000000
vn 0.937283 -0.348570 0.000000
vn 0.993347 -0.115160 0.000000
vn 0.977705 -0.209982 0.000000
vn 0.977705 -0.209982 0.000000
vn 0.999998 -0.001858 0.000000
vn 0.997722 -0.067462 0.000000
vn 0.997722 -0.067462 0.000000
vn 0.966468 -0.256788 0.000000
vn 0.966468 -0.256788 0.000000
vn 0.986672 -0.162725 0.000000
vn 0.986672 -0.162725 0.000000
vn 0.952983 -0.303023 0.000000
vn 0.952983 -0.303023 0.000000
vn 0.937283 -0.348570 0.000000
vn 0.993347 -0.115160 0.000000
vn 0.993347 -0.115160 0.000000
vn 0.977705 -0.209982 0.000000
vn 0.977705 -0.209982 0.000000
vn 0.999998 -0.001858 0.000000
vn 0.999998 -0.001858 0.000000
vn 0.997722 -0.067463 0.000000
vn 0.997722 -0.067463 0.000000
vn 0.966468 -0.256788 0.000000
vn 0.966468 -0.256788 0.000000
vn 0.993347 -0.115160 0.000000
vn 0.986671 -0.162725 0.000000
vn 0.986671 -0.162725 0.000000
vn 0.952983 -0.303023 0.000000
vn 0.952983 -0.303023 0.000000
vn 0.937283 -0.348570 0.000000
vn 0.997722 -0.067462 0.000000
vn 0.993347 -0.115160 0.000000
vn 0.977705 -0.209982 0.000000
vn 0.977705 -0.209982 0.000000
vn 0.947414 -0.310231 -0.078509
vn 0.937283 -0.348570 0.000000
vn 0.999998 -0.001858 0.000000
vn 0.997722 -0.067462 0.000000
vn 0.966468 -0.256788 0.000000
vn 0.966468 -0.256788 0.000000
vn 0.986671 -0.162725 0.000000
vn 0.986671 -0.162725 0.000000
vn 0.952983 -0.303023 0.000000
vn 0.952983 -0.303023 0.000000
vn 0.993347 -0.115160 0.000000
vn 0.993347 -0.115160 0.000000
vn 0.986672 -0.162725 0.000000
vn 0.977705 -0.209982 0.000000
vn 0.977705 -0.209982 0.000000
vn 0.951646 -0.302598 -0.052959
vn 0.952983 -0.303023 0.000000
vn 0.952983 -0.303023 0.000000
vn 0.999998 -0.001858 0.000000
vn 0.997722 -0.067462 0.000000
vn 0.997722 -0.067462 0.000000
vn 0.966468 -0.256788 0.000000
vn 0.966468 -0.256788 0.000000
vn 0.986672 -0.162725 0.000000
vn 0.966468 -0.256788 0.000000
vn 0.966449 -0.256784 0.006171
vn 0.966468 -0.256788 0.000000
vn 0.993347 -0.115160 0.000000
vn 0.993347 -0.115160 0.000000
vn 0.977705 -0.209982 0.000000
vn 0.977705 -0.209982 0.000000
vn 0.977705 -0.209982 0.000000
vn 0.999998 -0.001858 0.000000
vn 0.997722 -0.067462 0.000000
vn 0.997722 -0.067462 0.000000
vn 0.980394 -0.193685 -0.036238
vn 0.977665 -0.209973 -0.009124
vn 0.977705 -0.209982 0.000000
vn 0.986672 -0.162725 0.000000
vn 0.986672 -0.162725 0.000000
vn 0.993347 -0.115160 0.000000
vn 0.993347 -0.115160 0.000000
vn 0.986672 -0.162725 0.000000
vn 0.986672 -0.162725 0.000000
vn 0.986671 -0.162725 -0.000604
vn 0.997722 -0.067462 0.000000
vn 0.997722 -0.067462 0.000000
vn 0.999998 -0.001858 0.000000
vn 0.993347 -0.115160 0.000000
vn 0.996962 -0.065313 -0.042432
vn 0.993347 -0.115160 0.000533
vn 0.993347 -0.115160 0.000000
vn 0.996700 -0.067393 -0.045257
vn 0.997722 -0.067462 0.000000
vn 0.997722 -0.067462 0.000000
vn 0.999998 -0.001858 0.000000
vn 0.996917 0.078459 -0.000000
vn 0.996917 0.078459 0.000000
vn 0.156434 -0.987688 0.000000
vn 0.156434 -0.987688 0.000000
vn -0.972370 -0.233445 0.000000
vn -0.972370 -0.233445 0.000000
vn -0.927757 -0.370188 0.047210
vn -0.936358 -0.350116 0.025558
vn -0.918754 -0.394525 0.015568
vn -0.955354 -0.295464 0.000000
vn -0.898867 -0.438180 -0.005944
vn -0.936664 -0.350230 0.000000
vn -0.936664 -0.350230 0.000000
vn -0.918865 -0.394573 0.000000
vn -0.918865 -0.394573 0.000000
vn -0.872612 -0.487251 0.033676
vn -0.876605 -0.480781 0.020309
vn -0.955354 -0.295464 0.000000
vn -0.898883 -0.438188 0.000000
vn -0.898883 -0.438188 0.000000
vn -0.936664 -0.350230 0.000000
vn -0.936664 -0.350230 0.000000
vn -0.852616 -0.522488 -0.007170
vn -0.918865 -0.394573 0.000000
vn -0.918865 -0.394573 0.000000
vn -0.876786 -0.480880 0.000000
vn -0.876786 -0.480880 0.000000
vn -0.955354 -0.295464 0.000000
vn -0.898883 -0.438188 0.000000
vn -0.898883 -0.438188 0.000000
vn -0.936664 -0.350230 0.000000
vn -0.936664 -0.350230 0.000000
vn -0.804996 -0.587683 0.081301
vn -0.826423 -0.562888 0.013450
vn -0.852638 -0.522502 0.000000
vn -0.852638 -0.522502 0.000000
vn -0.918865 -0.394573 0.000000
vn -0.918865 -0.394573 0.000000
vn -0.876786 -0.480880 0.000000
vn -0.876786 -0.480880 0.000000
vn -0.955354 -0.295464 0.000000
vn -0.955354 -0.295464 0.000000
vn -0.898883 -0.438188 0.000000
vn -0.898883 -0.438188 0.000000
vn -0.797896 -0.601684 0.036579
vn -0.936664 -0.350230 0.000000
vn -0.936664 -0.350230 0.000000
vn -0.826498 -0.562939 0.000000
vn -0.826498 -0.562939 0.000000
vn -0.852638 -0.522502 0.000000
vn -0.852638 -0.522502 0.000000
vn -0.918865 -0.394573 0.000000
vn -0.918865 -0.394573 0.000000
vn -0.876786 -0.480880 0.000000
vn -0.876786 -0.480880 0.000000
vn -0.955354 -0.295464 0.000000
vn -0.898883 -0.438188 0.000000
vn -0.898883 -0.438188 0.000000
vn -0.876786 -0.480880 -0.000000
vn -0.776362 -0.630287 -0.000000
vn -0.798431 -0.602087 0.000000
vn -0.798431 -0.602087 0.000000
vn -0.936664 -0.350230 0.000000
vn -0.936664 -0.350230 0.000000
vn -0.826498 -0.562939 0.000000
vn -0.826498 -0.562939 0.000000
vn -0.852638 -0.522502 0.000000
vn -0.852638 -0.522502 0.000000
vn -0.918865 -0.394573 0.000000
vn -0.918865 -0.394573 0.000000
vn -0.876786 -0.480880 0.000000
vn -0.955354 -0.295464 0.000000
vn -0.898883 -0.438188 0.000000
vn -0.898883 -0.438188 0.000000
vn -0.798431 -0.602087 0.000000
vn -0.776362 -0.630287 -0.000000
vn -0.798431 -0.602087 0.000000
vn -0.936664 -0.350230 0.000000
vn -0.936664 -0.350230 0.000000
vn -0.826498 -0.562939 0.000000
vn -0.826498 -0.562939 0.000000
vn -0.852638 -0.522502 0.000000
vn -0.852638 -0.522502 0.000000
vn -0.918865 -0.394573 0.000000
vn -0.918865 -0.394573 0.000000
vn -0.876786 -0.480880 0.000000
vn -0.876786 -0.480880 0.000000
vn -0.955354 -0.295464 0.000000
vn -0.898883 -0.438188 0.000000
vn -0.898883 -0.438188 0.000000
vn -0.776362 -0.630287 -0.000000
vn -0.798431 -0.602087 0.000000
vn -0.798431 -0.602087 0.000000
vn -0.936664 -0.350230 0.000000
vn -0.936664 -0.350230 0.000000
vn -0.826498 -0.562939 0.000000
vn -0.826498 -0.562939 0.000000
vn -0.852638 -0.522502 0.000000
vn -0.852638 -0.522502 0.000000
vn -0.918865 -0.394573 0.000000
vn -0.918865 -0.394573 0.000000
vn -0.876786 -0.480880 0.000000
vn -0.876786 -0.480880 0.000000
vn -0.955354 -0.295464 0.000000
vn -0.898883 -0.438188 0.000000
vn -0.898883 -0.438188 0.000000
vn -0.776362 -0.630287 -0.000000
vn -0.776362 -0.630287 -0.000000
vn -0.798431 -0.602087 0.000000
vn -0.798431 -0.602087 0.000000
vn -0.936664 -0.350230 0.000000
vn -0.936664 -0.350230 0.000000
vn -0.826498 -0.562939 0.000000
vn -0.826498 -0.562939 0.000000
vn -0.798431 -0.602087 -0.000000
vn -0.852638 -0.522502 0.000000
vn -0.852638 -0.522502 0.000000
vn -0.955354 -0.295464 0.000000
vn -0.936664 -0.350230 -0.000000
vn -0.918865 -0.394573 0.000000
vn -0.918865 -0.394573 0.000000
vn -0.852638 -0.522502 -0.000000
vn -0.876786 -0.480880 0.000000
vn -0.876786 -0.480880 0.000000
vn -0.927757 -0.370188 -0.047210
vn -0.936358 -0.350116 -0.025558
vn -0.936664 -0.350230 0.000000
vn -0.898883 -0.438188 0.000000
vn -0.898883 -0.438188 0.000000
vn -0.918865 -0.394573 0.000000
vn -0.918753 -0.394525 -0.015568
vn -0.918865 -0.394573 0.000000
vn -0.776362 -0.630287 -0.000000
vn -0.798431 -0.602087 0.000000
vn -0.826498 -0.562939 0.000000
vn -0.826498 -0.562939 0.000000
vn -0.852638 -0.522502 0.000000
vn -0.898883 -0.438188 0.000000
vn -0.898868 -0.438180 0.005944
vn -0.898883 -0.438188 0.000000
vn -0.876786 -0.480880 0.000000
vn -0.876786 -0.480880 0.000000
vn -0.798431 -0.602087 0.000000
vn -0.798431 -0.602087 0.000000
vn -0.776362 -0.630287 -0.000000
vn -0.872612 -0.487251 -0.033676
vn -0.876605 -0.480781 -0.020309
vn -0.876786 -0.480880 0.000000
vn -0.876786 -0.480880 0.000000
vn -0.826498 -0.562939 0.000000
vn -0.826498 -0.562939 0.000000
vn -0.852638 -0.522502 0.000000
vn -0.852638 -0.522502 0.000000
vn -0.852616 -0.522488 0.007170
vn -0.852638 -0.522502 0.000000
vn -0.852638 -0.522502 0.000000
vn -0.776362 -0.630287 -0.000000
vn -0.798431 -0.602087 0.000000
vn -0.798431 -0.602087 0.000000
vn -0.826498 -0.562939 0.000000
vn -0.826498 -0.562939 0.000000
vn -0.826423 -0.562889 -0.013450
vn -0.804996 -0.587683 -0.081301
vn -0.826498 -0.562939 0.000000
vn -0.826498 -0.562939 0.000000
vn -0.776362 -0.630287 -0.000000
vn -0.798431 -0.602087 0.000000
vn -0.798431 -0.602087 0.000000
vn -0.798431 -0.602087 0.000000
vn -0.776362 -0.630287 -0.000000
vn -0.797896 -0.601684 -0.036579
vn -0.798431 -0.602087 0.000000
vn 0.309018 -0.951056 0.000000
vn 0.309018 -0.951056 0.000000
vn 0.996911 -0.002280 0.078510
vn 0.998577 0.006287 0.052960
vn 0.999123 -0.041874 0.000000
vn 0.998498 0.054433 -0.006169
vn 0.999980 0.006296 0.000000
vn 0.999980 0.006296 -0.000000
vn 0.999123 -0.041874 0.000000
vn 0.992262 0.118753 0.036237
vn 0.994699 0.102419 0.009126
vn 0.998517 0.054434 -0.000000
vn 0.998517 0.054434 0.000000
vn 0.988665 0.150137 0.000603
vn 0.999980 0.006296 0.000000
vn 0.999980 0.006296 -0.000000
vn 0.999123 -0.041874 0.000000
vn 0.968350 0.245961 0.042433
vn 0.980316 0.197437 -0.000533
vn 0.994741 0.102424 0.000000
vn 0.994741 0.102424 -0.000000
vn 0.968743 0.243902 0.045257
vn 0.998517 0.054434 0.000000
vn 0.998517 0.054434 -0.000000
vn 0.988665 0.150137 0.000000
vn 0.988665 0.150137 -0.000000
vn 0.999980 0.006296 0.000000
vn 0.999980 0.006296 -0.000000
vn 0.999123 -0.041874 0.000000
vn 0.999123 -0.041874 0.000000
vn 0.980316 0.197437 0.000000
vn 0.980316 0.197437 -0.000000
vn 0.994741 0.102424 -0.000000
vn 0.994741 0.102424 0.000000
vn 0.951629 0.307250 0.000000
vn 0.969737 0.244152 0.000000
vn 0.969737 0.244152 -0.000000
vn 0.998517 0.054434 0.000000
vn 0.998517 0.054434 -0.000000
vn 0.988665 0.150137 0.000000
vn 0.988665 0.150137 -0.000000
vn 0.999980 0.006296 0.000000
vn 0.999980 0.006296 -0.000000
vn 0.999123 -0.041874 0.000000
vn 0.980316 0.197437 0.000000
vn 0.980316 0.197437 -0.000000
vn 0.994741 0.102424 -0.000000
vn 0.994741 0.102424 0.000000
vn 0.951629 0.307250 0.000000
vn 0.969737 0.244152 0.000000
vn 0.969737 0.244152 -0.000000
vn 0.998517 0.054434 0.000000
vn 0.998517 0.054434 -0.000000
vn 0.988665 0.150137 -0.000000
vn 0.988665 0.150137 0.000000
vn 0.999980 0.006296 0.000000
vn 0.999980 0.006296 -0.000000
vn 0.999123 -0.041874 0.000000
vn 0.980316 0.197437 -0.000000
vn 0.980316 0.197437 0.000000
vn 0.994741 0.102424 0.000000
vn 0.994741 0.102424 -0.000000
vn 0.969737 0.244152 -0.000000
vn 0.951629 0.307250 0.000000
vn 0.969737 0.244152 0.000000
vn 0.998517 0.054434 -0.000000
vn 0.998517 0.054434 0.000000
vn 0.988665 0.150137 -0.000000
vn 0.988665 0.150137 0.000000
vn 0.999980 0.006296 -0.000000
vn 0.999980 0.006296 0.000000
vn 0.999123 -0.041874 0.000000
vn 0.980316 0.197437 -0.000000
vn 0.969737 0.244152 0.000000
vn 0.980316 0.197437 0.000000
vn 0.994741 0.102424 -0.000000
vn 0.994741 0.102424 0.000000
vn 0.951629 0.307250 0.000000
vn 0.951629 0.307250 0.000000
vn 0.969737 0.244152 0.000000
vn 0.994741 0.102424 0.000000
vn 0.998517 0.054434 -0.000000
vn 0.998517 0.054434 0.000000
vn 0.980316 0.197437 0.000000
vn 0.988665 0.150137 -0.000000
vn 0.988665 0.150137 0.000000
vn 0.999980 0.006296 0.000000
vn 0.999980 0.006296 -0.000000
vn 0.998517 0.054434 0.000000
vn 0.999123 -0.041874 0.000000
vn 0.980316 0.197437 0.000000
vn 0.994741 0.102424 0.000000
vn 0.996911 -0.002280 -0.078510
vn 0.999123 -0.041874 0.000000
vn 0.969737 0.244152 0.000000
vn 0.969737 0.244152 -0.000000
vn 0.951629 0.307250 0.000000
vn 0.998517 0.054434 0.000000
vn 0.988665 0.150137 0.000000
vn 0.988665 0.150137 -0.000000
vn 0.999980 0.006296 0.000000
vn 0.999980 0.006296 -0.000000
vn 0.980316 0.197437 0.000000
vn 0.980316 0.197437 -0.000000
vn 0.969737 0.244152 0.000000
vn 0.994741 0.102424 0.000000
vn 0.994741 0.102424 -0.000000
vn 0.998577 0.006287 -0.052960
vn 0.999980 0.006296 -0.000000
vn 0.999980 0.006296 0.000000
vn 0.951629 0.307250 0.000000
vn 0.969737 0.244152 0.000000
vn 0.998517 0.054434 0.000000
vn 0.998517 0.054434 -0.000000
vn 0.988665 0.150137 0.000000
vn 0.988665 0.150137 -0.000000
vn 0.998517 0.054434 -0.000000
vn 0.998498 0.054433 0.006170
vn 0.998517 0.054434 0.000000
vn 0.980316 0.197437 -0.000000
vn 0.980316 0.197437 0.000000
vn 0.994741 0.102424 0.000000
vn 0.994741 0.102424 -0.000000
vn 0.951629 0.307250 0.000000
vn 0.969737 0.244152 0.000000
vn 0.969737 0.244152 -0.000000
vn 0.992262 0.118753 -0.036237
vn 0.994699 0.102419 -0.009126
vn 0.994741 0.102424 -0.000000
vn 0.994741 0.102424 0.000000
vn 0.988665 0.150137 -0.000000
vn 0.988665 0.150137 -0.000000
vn 0.988665 0.150137 0.000000
vn 0.969737 0.244152 0.000000
vn 0.980316 0.197437 -0.000000
vn 0.980316 0.197437 0.000000
vn 0.988665 0.150137 0.000000
vn 0.988665 0.150137 -0.000603
vn 0.969737 0.244152 0.000000
vn 0.951629 0.307250 0.000000
vn 0.980316 0.197437 -0.000000
vn 0.980316 0.197437 0.000000
vn 0.968350 0.245961 -0.042433
vn 0.980315 0.197437 0.000533
vn 0.951629 0.307250 0.000000
vn 0.969737 0.244152 0.000000
vn 0.968743 0.243902 -0.045257
vn 0.969737 0.244152 -0.000000
vn 0.923879 0.382684 -0.000000
vn 0.923879 0.382684 0.000000
vn 0.453991 -0.891006 0.000000
vn 0.453991 -0.891006 0.000000
vn -0.852640 -0.522499 0.000000
vn -0.852640 -0.522499 0.000000
vn -0.767955 -0.638762 0.047210
vn -0.782334 -0.622334 0.025562
vn -0.751875 -0.659122 0.015573
vn -0.817296 -0.576219 0.000000
vn -0.719467 -0.694501 -0.005941
vn -0.782590 -0.622537 0.000000
vn -0.782590 -0.622537 0.000000
vn -0.751966 -0.659202 0.000000
vn -0.751966 -0.659202 0.000000
vn -0.679334 -0.733056 0.033680
vn -0.685132 -0.728136 0.020311
vn -0.817295 -0.576219 0.000000
vn -0.719480 -0.694513 0.000000
vn -0.719480 -0.694513 0.000000
vn -0.782590 -0.622537 0.000000
vn -0.782590 -0.622537 0.000000
vn -0.649430 -0.760388 -0.007163
vn -0.751966 -0.659202 0.000000
vn -0.751966 -0.659202 0.000000
vn -0.685273 -0.728286 0.000000
vn -0.685273 -0.728286 0.000000
vn -0.817296 -0.576219 0.000000
vn -0.719480 -0.694513 0.000000
vn -0.719480 -0.694513 0.000000
vn -0.782590 -0.622537 0.000000
vn -0.782590 -0.622537 0.000000
vn -0.583993 -0.807677 0.081304
vn -0.612030 -0.790720 0.013460
vn -0.649446 -0.760407 0.000000
vn -0.649446 -0.760407 0.000000
vn -0.751966 -0.659202 0.000000
vn -0.751966 -0.659202 0.000000
vn -0.685273 -0.728286 0.000000
vn -0.685273 -0.728286 0.000000
vn -0.817295 -0.576219 0.000000
vn -0.817295 -0.576219 0.000000
vn -0.719480 -0.694513 0.000000
vn -0.719480 -0.694513 0.000000
vn -0.572916 -0.818797 0.036587
vn -0.782590 -0.622537 0.000000
vn -0.782590 -0.622537 0.000000
vn -0.612086 -0.790791 0.000000
vn -0.612086 -0.790791 0.000000
vn -0.649446 -0.760407 0.000000
vn -0.649446 -0.760407 0.000000
vn -0.751966 -0.659202 0.000000
vn -0.751966 -0.659202 0.000000
vn -0.685273 -0.728286 0.000000
vn -0.685273 -0.728286 0.000000
vn -0.817295 -0.576219 0.000000
vn -0.719480 -0.694513 0.000000
vn -0.719480 -0.694513 0.000000
vn -0.543589 -0.839351 -0.000000
vn -0.573300 -0.819346 0.000000
vn -0.573300 -0.819346 0.000000
vn -0.782590 -0.622537 0.000000
vn -0.782590 -0.622537 0.000000
vn -0.612086 -0.790791 0.000000
vn -0.612086 -0.790791 0.000000
vn -0.649446 -0.760407 0.000000
vn -0.649446 -0.760407 0.000000
vn -0.751966 -0.659202 0.000000
vn -0.751966 -0.659202 0.000000
vn -0.685273 -0.728286 0.000000
vn -0.685273 -0.728286 0.000000
vn -0.817295 -0.576219 0.000000
vn -0.719480 -0.694513 0.000000
vn -0.719480 -0.694513 0.000000
vn -0.573300 -0.819346 0.000000
vn -0.543589 -0.839351 -0.000000
vn -0.573300 -0.819346 0.000000
vn -0.782590 -0.622537 0.000000
vn -0.782590 -0.622537 0.000000
vn -0.612086 -0.790791 0.000000
vn -0.612086 -0.790791 0.000000
vn -0.649446 -0.760407 0.000000
vn -0.649446 -0.760407 0.000000
vn -0.751966 -0.659202 0.000000
vn -0.751966 -0.659202 0.000000
vn -0.685273 -0.728286 0.000000
vn -0.685273 -0.728286 0.000000
vn -0.817295 -0.576219 0.000000
vn -0.719480 -0.694513 0.000000
vn -0.719480 -0.694513 0.000000
vn -0.543589 -0.839351 -0.000000
vn -0.573300 -0.819346 0.000000
vn -0.573300 -0.819346 0.000000
vn -0.782590 -0.622537 0.000000
vn -0.782590 -0.622537 0.000000
vn -0.612086 -0.790791 0.000000
vn -0.612086 -0.790791 0.000000
vn -0.649446 -0.760407 0.000000
vn -0.649446 -0.760407 0.000000
vn -0.751966 -0.659202 0.000000
vn -0.751966 -0.659202 0.000000
vn -0.685273 -0.728286 0.000000
vn -0.685273 -0.728286 0.000000
vn -0.817295 -0.576219 0.000000
vn -0.719480 -0.694513 0.000000
vn -0.719480 -0.694513 0.000000
vn -0.543589 -0.839351 -0.000000
vn -0.573300 -0.819346 0.000000
vn -0.543589 -0.839351 -0.000000
vn -0.573300 -0.819346 0.000000
vn -0.782590 -0.622537 0.000000
vn -0.782590 -0.622537 0.000000
vn -0.612086 -0.790791 0.000000
vn -0.573300 -0.819346 -0.000000
vn -0.612086 -0.790791 0.000000
vn -0.649446 -0.760407 0.000000
vn -0.649446 -0.760407 0.000000
vn -0.817295 -0.576219 0.000000
vn -0.782590 -0.622537 -0.000000
vn -0.751966 -0.659202 0.000000
vn -0.751966 -0.659202 0.000000
vn -0.685273 -0.728286 0.000000
vn -0.685273 -0.728286 0.000000
vn -0.767955 -0.638762 -0.047210
vn -0.782334 -0.622334 -0.025562
vn -0.782590 -0.622537 0.000000
vn -0.719480 -0.694513 0.000000
vn -0.719480 -0.694513 0.000000
vn -0.751966 -0.659202 0.000000
vn -0.751875 -0.659122 -0.015573
vn -0.751966 -0.659202 0.000000
vn -0.543589 -0.839351 -0.000000
vn -0.573300 -0.819346 0.000000
vn -0.612086 -0.790791 0.000000
vn -0.612086 -0.790791 0.000000
vn -0.649446 -0.760407 0.000000
vn -0.649446 -0.760407 0.000000
vn -0.719480 -0.694513 0.000000
vn -0.719467 -0.694501 0.005941
vn -0.719480 -0.694513 0.000000
vn -0.685273 -0.728286 0.000000
vn -0.685273 -0.728286 0.000000
vn -0.543589 -0.839351 -0.000000
vn -0.573300 -0.819346 0.000000
vn -0.573300 -0.819346 0.000000
vn -0.679334 -0.733056 -0.033680
vn -0.685132 -0.728136 -0.020311
vn -0.685273 -0.728286 0.000000
vn -0.685273 -0.728286 0.000000
vn -0.612086 -0.790791 0.000000
vn -0.573300 -0.819346 -0.000000
vn -0.612086 -0.790791 0.000000
vn -0.649446 -0.760407 0.000000
vn -0.649446 -0.760407 0.000000
vn -0.649446 -0.760407 0.000000
vn -0.649430 -0.760388 0.007163
vn -0.649446 -0.760407 0.000000
vn -0.543589 -0.839351 -0.000000
vn -0.573300 -0.819346 0.000000
vn -0.612086 -0.790791 0.000000
vn -0.612086 -0.790791 0.000000
vn -0.583993 -0.807677 -0.081304
vn -0.612030 -0.790720 -0.013460
vn -0.612086 -0.790791 0.000000
vn -0.612086 -0.790791 0.000000
vn -0.543589 -0.839351 -0.000000
vn -0.573300 -0.819346 0.000000
vn -0.573300 -0.819346 0.000000
vn -0.543589 -0.839351 -0.000000
vn -0.572916 -0.818797 -0.036588
vn -0.573300 -0.819346 0.000000
vn -0.573300 -0.819346 0.000000
vn 0.587785 -0.809017 0.000000
vn 0.587785 -0.809017 0.000000
vn 0.948823 0.305894 0.078509
vn 0.947760 0.314556 0.052962
vn 0.963162 0.268922 0.000000
vn 0.932807 0.360323 -0.006170
vn 0.949092 0.314998 0.000000
vn 0.949092 0.314998 -0.000000
vn 0.963162 0.268922 0.000000
vn 0.907001 0.419566 0.036238
vn 0.914367 0.404784 0.009125
vn 0.932825 0.360330 -0.000000
vn 0.932825 0.360330 0.000000
vn 0.893881 0.448303 0.000603
vn 0.949092 0.314998 0.000000
vn 0.949092 0.314998 -0.000000
vn 0.963162 0.268922 0.000000
vn 0.844949 0.533160 0.042433
vn 0.871324 0.490708 -0.000533
vn 0.914405 0.404801 0.000000
vn 0.914405 0.404801 -0.000000
vn 0.845960 0.531322 0.045258
vn 0.932825 0.360330 0.000000
vn 0.932825 0.360330 -0.000000
vn 0.893881 0.448304 0.000000
vn 0.893881 0.448304 -0.000000
vn 0.949092 0.314998 0.000000
vn 0.949092 0.314998 -0.000000
vn 0.963162 0.268922 -0.000000
vn 0.963162 0.268922 0.000000
vn 0.871324 0.490708 0.000000
vn 0.871324 0.490708 -0.000000
vn 0.914405 0.404801 -0.000000
vn 0.914405 0.404801 0.000000
vn 0.810107 0.586282 0.000000
vn 0.846828 0.531868 0.000000
vn 0.846828 0.531868 -0.000000
vn 0.932825 0.360330 0.000000
vn 0.932825 0.360330 -0.000000
vn 0.893881 0.448304 0.000000
vn 0.893881 0.448304 -0.000000
vn 0.949092 0.314998 0.000000
vn 0.949092 0.314998 -0.000000
vn 0.963162 0.268922 0.000000
vn 0.871324 0.490708 0.000000
vn 0.871324 0.490708 -0.000000
vn 0.914405 0.404801 -0.000000
vn 0.914405 0.404801 0.000000
vn 0.810107 0.586282 0.000000
vn 0.846828 0.531868 0.000000
vn 0.846828 0.531868 -0.000000
vn 0.932825 0.360330 0.000000
vn 0.932825 0.360330 -0.000000
vn 0.893881 0.448304 -0.000000
vn 0.893881 0.448304 0.000000
vn 0.949092 0.314998 0.000000
vn 0.949092 0.314998 -0.000000
vn 0.963162 0.268922 0.000000
vn 0.871324 0.490708 -0.000000
vn 0.871324 0.490708 0.000000
vn 0.914405 0.404801 0.000000
vn 0.914405 0.404801 -0.000000
vn 0.846828 0.531868 -0.000000
vn 0.810107 0.586282 0.000000
vn 0.846828 0.531868 0.000000
vn 0.932825 0.360330 -0.000000
vn 0.932825 0.360330 0.000000
vn 0.893881 0.448304 -0.000000
vn 0.893881 0.448304 0.000000
vn 0.949092 0.314998 -0.000000
vn 0.949092 0.314998 0.000000
vn 0.932825 0.360330 0.000000
vn 0.963162 0.268922 0.000000
vn 0.871324 0.490708 -0.000000
vn 0.871324 0.490708 0.000000
vn 0.914405 0.404801 -0.000000
vn 0.914405 0.404801 0.000000
vn 0.810107 0.586282 0.000000
vn 0.810107 0.586282 0.000000
vn 0.846828 0.531868 -0.000000
vn 0.846828 0.531868 0.000000
vn 0.932825 0.360330 0.000000
vn 0.871324 0.490708 0.000000
vn 0.893881 0.448304 -0.000000
vn 0.893881 0.448304 0.000000
vn 0.949092 0.314998 0.000000
vn 0.949092 0.314998 -0.000000
vn 0.963162 0.268922 0.000000
vn 0.871324 0.490708 0.000000
vn 0.846828 0.531868 0.000000
vn 0.914405 0.404801 0.000000
vn 0.914405 0.404801 -0.000000
vn 0.948823 0.305894 -0.078509
vn 0.963162 0.268922 0.000000
vn 0.810107 0.586282 0.000000
vn 0.846828 0.531868 0.000000
vn 0.932825 0.360330 0.000000
vn 0.932825 0.360330 -0.000000
vn 0.893881 0.448304 -0.000000
vn 0.893881 0.448304 0.000000
vn 0.871324 0.490708 0.000000
vn 0.949092 0.314998 0.000000
vn 0.949092 0.314998 -0.000000
vn 0.871324 0.490708 0.000000
vn 0.914405 0.404801 0.000000
vn 0.914405 0.404801 -0.000000
vn 0.947760 0.314556 -0.052962
vn 0.949092 0.314998 -0.000000
vn 0.949092 0.314998 0.000000
vn 0.810107 0.586282 0.000000
vn 0.846828 0.531868 0.000000
vn 0.846828 0.531868 -0.000000
vn 0.932825 0.360330 -0.000000
vn 0.932825 0.360330 0.000000
vn 0.932825 0.360330 -0.000000
vn 0.893881 0.448304 0.000000
vn 0.871324 0.490708 0.000000
vn 0.893881 0.448304 -0.000000
vn 0.932807 0.360323 0.006170
vn 0.932825 0.360330 0.000000
vn 0.871324 0.490708 0.000000
vn 0.914405 0.404801 0.000000
vn 0.914405 0.404801 -0.000000
vn 0.810107 0.586282 0.000000
vn 0.846828 0.531867 0.000000
vn 0.846828 0.531867 -0.000000
vn 0.907001 0.419566 -0.036238
vn 0.914367 0.404784 -0.009125
vn 0.914405 0.404801 -0.000000
vn 0.914405 0.404801 0.000000
vn 0.893881 0.448304 -0.000000
vn 0.893881 0.448304 0.000000
vn 0.871324 0.490708 -0.000000
vn 0.871324 0.490708 0.000000
vn 0.893881 0.448304 -0.000000
vn 0.893881 0.448303 -0.000603
vn 0.893881 0.448304 0.000000
vn 0.846828 0.531868 0.000000
vn 0.846828 0.531868 -0.000000
vn 0.810107 0.586282 0.000000
vn 0.871324 0.490708 0.000000
vn 0.844949 0.533160 -0.042433
vn 0.871324 0.490708 0.000533
vn 0.846828 0.531868 0.000000
vn 0.871324 0.490708 -0.000000
vn 0.845960 0.531323 -0.045258
vn 0.810107 0.586282 0.000000
vn 0.846828 0.531868 0.000000
vn 0.760406 0.649448 -0.000000
vn 0.760406 0.649448 0.000000
vn 0.707107 -0.707107 0.000000
vn 0.707107 -0.707107 0.000000
vn -0.649448 -0.760406 0.000000
vn -0.649448 -0.760406 0.000000
vn -0.532980 -0.844810 0.047207
vn -0.551732 -0.833630 0.025560
vn -0.511395 -0.859205 0.015570
vn -0.599227 -0.800579 0.000000
vn -0.469643 -0.882836 -0.005943
vn -0.551912 -0.833902 0.000000
vn -0.551912 -0.833902 0.000000
vn -0.511457 -0.859309 0.000000
vn -0.511457 -0.859309 0.000000
vn -0.419559 -0.907103 0.033681
vn -0.426595 -0.904215 0.020308
vn -0.599227 -0.800579 0.000000
vn -0.469652 -0.882852 0.000000
vn -0.469652 -0.882852 0.000000
vn -0.551912 -0.833902 0.000000
vn -0.551912 -0.833902 0.000000
vn -0.382669 -0.923858 -0.007166
vn -0.511457 -0.859309 0.000000
vn -0.511457 -0.859309 0.000000
vn -0.426683 -0.904401 0.000000
vn -0.426683 -0.904401 0.000000
vn -0.599227 -0.800579 0.000000
vn -0.469652 -0.882852 0.000000
vn -0.469652 -0.882852 0.000000
vn -0.551912 -0.833902 0.000000
vn -0.551912 -0.833902 0.000000
vn -0.305825 -0.948610 0.081306
vn -0.337734 -0.941146 0.013454
vn -0.382679 -0.923882 0.000000
vn -0.382679 -0.923882 0.000000
vn -0.511457 -0.859309 0.000000
vn -0.511457 -0.859309 0.000000
vn -0.426683 -0.904401 0.000000
vn -0.426683 -0.904401 0.000000
vn -0.599227 -0.800579 0.000000
vn -0.599227 -0.800579 0.000000
vn -0.469652 -0.882852 0.000000
vn -0.469652 -0.882852 0.000000
vn -0.291852 -0.955764 0.036586
vn -0.551912 -0.833902 0.000000
vn -0.551912 -0.833902 0.000000
vn -0.337764 -0.941231 0.000000
vn -0.337764 -0.941231 0.000000
vn -0.382679 -0.923882 0.000000
vn -0.382679 -0.923882 0.000000
vn -0.511457 -0.859309 0.000000
vn -0.511457 -0.859309 0.000000
vn -0.426683 -0.904401 0.000000
vn -0.426683 -0.904401 0.000000
vn -0.599227 -0.800579 0.000000
vn -0.469652 -0.882852 0.000000
vn -0.469652 -0.882852 0.000000
vn -0.426683 -0.904401 -0.000000
vn -0.257611 -0.966249 -0.000000
vn -0.292047 -0.956404 0.000000
vn -0.292047 -0.956404 0.000000
vn -0.551912 -0.833902 0.000000
vn -0.551912 -0.833902 0.000000
vn -0.337764 -0.941231 0.000000
vn -0.337764 -0.941231 0.000000
vn -0.382679 -0.923882 0.000000
vn -0.382679 -0.923882 0.000000
vn -0.511457 -0.859309 0.000000
vn -0.511457 -0.859309 0.000000
vn -0.426683 -0.904401 0.000000
vn -0.599227 -0.800579 0.000000
vn -0.469652 -0.882852 0.000000
vn -0.469652 -0.882852 0.000000
vn -0.292047 -0.956404 0.000000
vn -0.257611 -0.966249 -0.000000
vn -0.292047 -0.956404 0.000000
vn -0.551912 -0.833902 0.000000
vn -0.551912 -0.833902 0.000000
vn -0.337764 -0.941231 0.000000
vn -0.337764 -0.941231 0.000000
vn -0.382679 -0.923881 0.000000
vn -0.382679 -0.923881 0.000000
vn -0.511457 -0.859309 0.000000
vn -0.511457 -0.859309 0.000000
vn -0.426683 -0.904401 0.000000
vn -0.426683 -0.904401 0.000000
vn -0.599227 -0.800579 0.000000
vn -0.469652 -0.882852 0.000000
vn -0.469652 -0.882852 0.000000
vn -0.257611 -0.966249 -0.000000
vn -0.292047 -0.956404 0.000000
vn -0.292047 -0.956404 0.000000
vn -0.551912 -0.833902 0.000000
vn -0.551912 -0.833902 0.000000
vn -0.337764 -0.941231 0.000000
vn -0.337764 -0.941231 0.000000
vn -0.382679 -0.923882 0.000000
vn -0.382679 -0.923882 0.000000
vn -0.511457 -0.859309 0.000000
vn -0.511457 -0.859309 0.000000
vn -0.426683 -0.904401 0.000000
vn -0.426683 -0.904401 0.000000
vn -0.599227 -0.800579 0.000000
vn -0.469652 -0.882852 0.000000
vn -0.469652 -0.882852 0.000000
vn -0.257611 -0.966249 -0.000000
vn -0.257611 -0.966249 -0.000000
vn -0.292047 -0.956404 0.000000
vn -0.292047 -0.956404 0.000000
vn -0.551912 -0.833902 0.000000
vn -0.551912 -0.833902 0.000000
vn -0.337764 -0.941231 0.000000
vn -0.337764 -0.941231 0.000000
vn -0.292047 -0.956404 -0.000000
vn -0.382679 -0.923882 0.000000
vn -0.382679 -0.923882 0.000000
vn -0.599227 -0.800579 0.000000
vn -0.551912 -0.833902 -0.000000
vn -0.511457 -0.859309 0.000000
vn -0.511457 -0.859309 0.000000
vn -0.382679 -0.923882 -0.000000
vn -0.426683 -0.904401 0.000000
vn -0.426683 -0.904401 0.000000
vn -0.532980 -0.844810 -0.047207
vn -0.551732 -0.833630 -0.025560
vn -0.551912 -0.833902 0.000000
vn -0.469652 -0.882852 0.000000
vn -0.469652 -0.882852 0.000000
vn -0.511457 -0.859309 0.000000
vn -0.511395 -0.859205 -0.015570
vn -0.511457 -0.859309 0.000000
vn -0.257611 -0.966249 -0.000000
vn -0.292047 -0.956404 0.000000
vn -0.337764 -0.941231 0.000000
vn -0.337764 -0.941231 0.000000
vn -0.382679 -0.923882 0.000000
vn -0.469652 -0.882852 0.000000
vn -0.469643 -0.882836 0.005943
vn -0.469652 -0.882852 0.000000
vn -0.426683 -0.904401 0.000000
vn -0.426683 -0.904401 0.000000
vn -0.292047 -0.956404 0.000000
vn -0.292047 -0.956404 0.000000
vn -0.257611 -0.966249 -0.000000
vn -0.419559 -0.907103 -0.033681
vn -0.426595 -0.904215 -0.020308
vn -0.426683 -0.904401 0.000000
vn -0.426683 -0.904401 0.000000
vn -0.337764 -0.941231 0.000000
vn -0.337764 -0.941231 0.000000
vn -0.382679 -0.923882 0.000000
vn -0.382679 -0.923882 0.000000
vn -0.382669 -0.923858 0.007166
vn -0.382679 -0.923882 0.000000
vn -0.382679 -0.923882 0.000000
vn -0.257611 -0.966249 -0.000000
vn -0.292047 -0.956404 0.000000
vn -0.292047 -0.956404 0.000000
vn -0.337764 -0.941231 0.000000
vn -0.337764 -0.941231 0.000000
vn -0.337734 -0.941146 -0.013454
vn -0.305825 -0.948610 -0.081306
vn -0.337764 -0.941231 0.000000
vn -0.337764 -0.941231 0.000000
vn -0.257611 -0.966249 -0.000000
vn -0.292047 -0.956404 0.000000
vn -0.292047 -0.956404 0.000000
vn -0.292047 -0.956404 0.000000
vn -0.257611 -0.966249 -0.000000
vn -0.291852 -0.955764 -0.036586
vn -0.292047 -0.956404 0.000000
vn 0.809017 -0.587785 0.000000
vn 0.809017 -0.587785 0.000000
vn 0.807858 0.584124 0.078511
vn 0.804170 0.592036 0.052957
vn 0.832921 0.553392 0.000000
vn 0.775809 0.630938 -0.006167
vn 0.805300 0.592868 0.000000
vn 0.805300 0.592868 -0.000000
vn 0.832921 0.553392 0.000000
vn 0.732956 0.679310 0.036239
vn 0.744528 0.667529 0.009129
vn 0.775824 0.630950 -0.000000
vn 0.775824 0.630950 0.000000
vn 0.711597 0.702588 0.000602
vn 0.805300 0.592868 0.000000
vn 0.805300 0.592868 -0.000000
vn 0.832921 0.553392 0.000000
vn 0.638839 0.768169 0.042433
vn 0.677042 0.735944 -0.000534
vn 0.744559 0.667557 0.000000
vn 0.744559 0.667557 -0.000000
vn 0.640370 0.766732 0.045262
vn 0.775824 0.630950 0.000000
vn 0.775824 0.630950 -0.000000
vn 0.711597 0.702588 0.000000
vn 0.711597 0.702588 -0.000000
vn 0.805300 0.592868 0.000000
vn 0.805300 0.592868 -0.000000
vn 0.832921 0.553392 -0.000000
vn 0.832921 0.553392 0.000000
vn 0.677042 0.735944 0.000000
vn 0.641027 0.767519 0.000000
vn 0.677042 0.735944 -0.000000
vn 0.744559 0.667557 -0.000000
vn 0.744559 0.667557 0.000000
vn 0.589284 0.807926 0.000000
vn 0.641027 0.767519 0.000000
vn 0.775824 0.630950 0.000000
vn 0.775824 0.630950 -0.000000
vn 0.711597 0.702588 0.000000
vn 0.711597 0.702588 -0.000000
vn 0.805300 0.592868 0.000000
vn 0.805300 0.592868 -0.000000
vn 0.832921 0.553392 0.000000
vn 0.677042 0.735944 0.000000
vn 0.677042 0.735944 -0.000000
vn 0.744559 0.667557 -0.000000
vn 0.744559 0.667557 0.000000
vn 0.589284 0.807926 0.000000
vn 0.641027 0.767519 0.000000
vn 0.641027 0.767519 -0.000000
vn 0.775824 0.630950 0.000000
vn 0.775824 0.630950 -0.000000
vn 0.711597 0.702588 -0.000000
vn 0.711597 0.702588 0.000000
vn 0.677042 0.735944 0.000000
vn 0.805300 0.592868 0.000000
vn 0.805300 0.592868 -0.000000
vn 0.832921 0.553392 0.000000
vn 0.677042 0.735944 0.000000
vn 0.744559 0.667557 0.000000
vn 0.744559 0.667557 -0.000000
vn 0.589284 0.807926 0.000000
vn 0.641027 0.767519 -0.000000
vn 0.641027 0.767519 0.000000
vn 0.775824 0.630950 -0.000000
vn 0.775824 0.630950 0.000000
vn 0.711597 0.702588 -0.000000
vn 0.711597 0.702588 0.000000
vn 0.805300 0.592868 -0.000000
vn 0.805300 0.592868 0.000000
vn 0.832921 0.553392 0.000000
vn 0.677042 0.735944 -0.000000
vn 0.677042 0.735944 0.000000
vn 0.744559 0.667557 -0.000000
vn 0.744559 0.667557 0.000000
vn 0.589284 0.807926 0.000000
vn 0.589284 0.807926 0.000000
vn 0.641027 0.767519 0.000000
vn 0.641027 0.767519 -0.000000
vn 0.775824 0.630950 -0.000000
vn 0.775824 0.630950 0.000000
vn 0.711597 0.702588 -0.000000
vn 0.711597 0.702588 0.000000
vn 0.805300 0.592868 0.000000
vn 0.805300 0.592868 -0.000000
vn 0.832921 0.553392 0.000000
vn 0.677042 0.735944 0.000000
vn 0.677042 0.735944 -0.000000
vn 0.744559 0.667557 0.000000
vn 0.744559 0.667557 -0.000000
vn 0.807858 0.584124 -0.078511
vn 0.832921 0.553392 0.000000
vn 0.589284 0.807926 0.000000
vn 0.641027 0.767519 0.000000
vn 0.641027 0.767519 -0.000000
vn 0.775824 0.630950 0.000000
vn 0.775824 0.630950 -0.000000
vn 0.744559 0.667557 0.000000
vn 0.711597 0.702588 0.000000
vn 0.711597 0.702588 -0.000000
vn 0.805300 0.592868 0.000000
vn 0.805300 0.592868 -0.000000
vn 0.677042 0.735944 0.000000
vn 0.677042 0.735944 -0.000000
vn 0.744559 0.667557 0.000000
vn 0.804170 0.592036 -0.052957
vn 0.805300 0.592868 -0.000000
vn 0.805300 0.592868 0.000000
vn 0.589284 0.807926 0.000000
vn 0.641027 0.767519 0.000000
vn 0.641027 0.767519 -0.000000
vn 0.775824 0.630950 -0.000000
vn 0.775824 0.630950 0.000000
vn 0.677042 0.735944 0.000000
vn 0.711597 0.702588 0.000000
vn 0.711597 0.702588 -0.000000
vn 0.775824 0.630950 0.000000
vn 0.775809 0.630938 0.006167
vn 0.775824 0.630950 -0.000000
vn 0.677042 0.735944 0.000000
vn 0.744559 0.667557 0.000000
vn 0.744559 0.667557 -0.000000
vn 0.711597 0.702588 0.000000
vn 0.589284 0.807926 0.000000
vn 0.641027 0.767519 0.000000
vn 0.641027 0.767519 -0.000000
vn 0.732956 0.679310 -0.036239
vn 0.744528 0.667529 -0.009129
vn 0.744559 0.667557 -0.000000
vn 0.744559 0.667557 0.000000
vn 0.711597 0.702588 -0.000000
vn 0.711597 0.702588 0.000000
vn 0.677042 0.735944 -0.000000
vn 0.677042 0.735944 0.000000
vn 0.711597 0.702588 -0.000602
vn 0.711597 0.702588 0.000000
vn 0.641027 0.767519 0.000000
vn 0.641027 0.767519 -0.000000
vn 0.589284 0.807926 0.000000
vn 0.677042 0.735944 -0.000000
vn 0.677042 0.735944 0.000000
vn 0.638839 0.768169 -0.042433
vn 0.677042 0.735944 0.000534
vn 0.641027 0.767519 0.000000
vn 0.589284 0.807926 0.000000
vn 0.640370 0.766732 -0.045262
vn 0.641027 0.767519 0.000000
vn 0.522499 0.852640 -0.000000
vn 0.522499 0.852640 0.000000
vn 0.891006 -0.453991 0.000000
vn 0.891006 -0.453991 0.000000
vn -0.382684 -0.923879 0.000000
vn -0.382684 -0.923879 0.000000
vn -0.245885 -0.968365 0.042537
vn -0.243902 -0.968743 0.045257
vn -0.197437 -0.980316 -0.000481
vn -0.307250 -0.951629 0.000000
vn -0.118703 -0.992271 0.036155
vn -0.150137 -0.988665 0.000540
vn -0.244152 -0.969737 0.000000
vn -0.244152 -0.969737 0.000000
vn -0.197437 -0.980316 0.000000
vn -0.197437 -0.980316 0.000000
vn -0.102419 -0.994699 0.009126
vn -0.307250 -0.951629 0.000000
vn -0.150137 -0.988665 0.000000
vn -0.150137 -0.988665 0.000000
vn -0.244152 -0.969737 0.000000
vn -0.244152 -0.969737 0.000000
vn -0.054433 -0.998498 -0.006170
vn -0.197437 -0.980316 0.000000
vn -0.197437 -0.980316 0.000000
vn -0.102424 -0.994741 0.000000
vn -0.102424 -0.994741 0.000000
vn -0.307250 -0.951629 0.000000
vn -0.150137 -0.988665 0.000000
vn -0.150137 -0.988665 0.000000
vn -0.244152 -0.969737 0.000000
vn -0.244152 -0.969737 0.000000
vn 0.002280 -0.996911 0.078510
vn -0.006287 -0.998577 0.052960
vn -0.054434 -0.998517 0.000000
vn -0.054434 -0.998517 0.000000
vn -0.197437 -0.980316 0.000000
vn -0.197437 -0.980316 0.000000
vn -0.102424 -0.994741 0.000000
vn -0.102424 -0.994741 0.000000
vn -0.307250 -0.951629 0.000000
vn -0.307250 -0.951629 0.000000
vn -0.244152 -0.969737 -0.000000
vn -0.150137 -0.988665 0.000000
vn -0.150137 -0.988665 0.000000
vn -0.244152 -0.969737 0.000000
vn 0.041874 -0.999123 0.000000
vn -0.006296 -0.999980 0.000000
vn -0.006296 -0.999980 0.000000
vn -0.054434 -0.998517 0.000000
vn -0.054434 -0.998517 0.000000
vn -0.197437 -0.980316 0.000000
vn -0.197437 -0.980316 0.000000
vn -0.054434 -0.998517 -0.000000
vn -0.102424 -0.994741 0.000000
vn -0.102424 -0.994741 0.000000
vn -0.307250 -0.951629 0.000000
vn -0.150137 -0.988665 0.000000
vn -0.150137 -0.988665 0.000000
vn -0.244152 -0.969737 0.000000
vn -0.244152 -0.969737 0.000000
vn 0.041874 -0.999123 0.000000
vn -0.006296 -0.999980 0.000000
vn -0.006296 -0.999980 0.000000
vn -0.054434 -0.998517 0.000000
vn -0.197437 -0.980316 0.000000
vn -0.197437 -0.980316 0.000000
vn -0.102424 -0.994741 0.000000
vn -0.102424 -0.994741 0.000000
vn -0.307250 -0.951629 0.000000
vn -0.150137 -0.988665 0.000000
vn -0.150137 -0.988665 0.000000
vn -0.244152 -0.969737 0.000000
vn -0.244152 -0.969737 0.000000
vn -0.006296 -0.999980 0.000000
vn -0.006296 -0.999980 0.000000
vn 0.041874 -0.999123 0.000000
vn -0.054434 -0.998517 0.000000
vn -0.054434 -0.998517 0.000000
vn -0.197437 -0.980316 0.000000
vn -0.197437 -0.980316 0.000000
vn -0.102424 -0.994741 0.000000
vn -0.102424 -0.994741 0.000000
vn -0.307250 -0.951629 0.000000
vn -0.150137 -0.988665 0.000000
vn -0.150137 -0.988665 0.000000
vn -0.244152 -0.969737 0.000000
vn -0.244152 -0.969737 0.000000
vn 0.041874 -0.999123 0.000000
vn 0.041874 -0.999123 0.000000
vn -0.006296 -0.999980 0.000000
vn -0.006296 -0.999980 0.000000
vn -0.054434 -0.998517 0.000000
vn -0.054434 -0.998517 0.000000
vn -0.197437 -0.980316 0.000000
vn -0.197437 -0.980316 0.000000
vn -0.102424 -0.994741 0.000000
vn -0.102424 -0.994741 0.000000
vn -0.307250 -0.951629 0.000000
vn -0.150137 -0.988665 0.000000
vn -0.150137 -0.988665 0.000000
vn -0.244152 -0.969737 0.000000
vn -0.244152 -0.969737 0.000000
vn -0.307250 -0.951629 0.000000
vn 0.041874 -0.999123 0.000000
vn -0.006296 -0.999980 0.000000
vn -0.006296 -0.999980 0.000000
vn -0.054434 -0.998517 0.000000
vn -0.054434 -0.998517 0.000000
vn -0.197437 -0.980316 0.000000
vn -0.197437 -0.980316 0.000000
vn -0.245885 -0.968365 -0.042537
vn -0.244152 -0.969737 0.000000
vn -0.243902 -0.968743 -0.045257
vn -0.244152 -0.969737 0.000000
vn -0.102424 -0.994741 0.000000
vn -0.102424 -0.994741 0.000000
vn -0.197437 -0.980316 0.000481
vn -0.197437 -0.980316 0.000000
vn -0.197437 -0.980316 0.000000
vn -0.150137 -0.988665 0.000000
vn -0.150137 -0.988665 0.000000
vn 0.041874 -0.999123 0.000000
vn -0.006296 -0.999980 0.000000
vn -0.006296 -0.999980 0.000000
vn -0.054434 -0.998517 0.000000
vn -0.054434 -0.998517 0.000000
vn -0.118703 -0.992271 -0.036155
vn -0.150137 -0.988665 -0.000540
vn -0.150137 -0.988665 0.000000
vn -0.150137 -0.988665 0.000000
vn -0.102424 -0.994741 0.000000
vn -0.102424 -0.994741 0.000000
vn -0.102419 -0.994699 -0.009126
vn -0.102424 -0.994741 0.000000
vn -0.102424 -0.994741 0.000000
vn 0.041874 -0.999123 0.000000
vn -0.006296 -0.999980 0.000000
vn -0.006296 -0.999980 0.000000
vn -0.054434 -0.998517 0.000000
vn -0.054434 -0.998517 0.000000
vn -0.054434 -0.998517 0.000000
vn -0.054433 -0.998498 0.006170
vn -0.054434 -0.998517 0.000000
vn -0.006296 -0.999980 0.000000
vn -0.006296 -0.999980 0.000000
vn 0.041874 -0.999123 0.000000
vn 0.002280 -0.996911 -0.078510
vn -0.006287 -0.998577 -0.052960
vn -0.006296 -0.999980 0.000000
vn 0.041874 -0.999123 0.000000
vn -0.006296 -0.999980 0.000000
vn 0.951056 -0.309018 0.000000
vn 0.951056 -0.309018 0.000000
vn 0.587815 0.805177 0.078507
vn 0.581864 0.811560 0.052961
vn 0.621146 0.783695 0.000000
vn 0.542863 0.839799 -0.006174
vn 0.582681 0.812701 0.000000
vn 0.582681 0.812701 -0.000000
vn 0.621146 0.783695 0.000000
vn 0.487164 0.872558 0.036237
vn 0.501813 0.864928 0.009120
vn 0.542873 0.839815 -0.000000
vn 0.542873 0.839815 0.000000
vn 0.459659 0.888096 0.000602
vn 0.582681 0.812701 0.000000
vn 0.582681 0.812701 -0.000000
vn 0.621146 0.783695 0.000000
vn 0.370195 0.927985 0.042431
vn 0.416485 0.909143 -0.000535
vn 0.501834 0.864964 0.000000
vn 0.501834 0.864964 -0.000000
vn 0.372093 0.927091 0.045258
vn 0.542873 0.839815 0.000000
vn 0.542873 0.839815 -0.000000
vn 0.459659 0.888096 0.000000
vn 0.416485 0.909143 0.000000
vn 0.459659 0.888096 -0.000000
vn 0.582681 0.812701 0.000000
vn 0.582681 0.812701 -0.000000
vn 0.621146 0.783695 -0.000000
vn 0.621146 0.783695 0.000000
vn 0.416485 0.909143 0.000000
vn 0.501834 0.864964 -0.000000
vn 0.501834 0.864964 0.000000
vn 0.310784 0.950481 0.000000
vn 0.372475 0.928042 0.000000
vn 0.372475 0.928042 -0.000000
vn 0.542873 0.839815 0.000000
vn 0.542873 0.839815 -0.000000
vn 0.459659 0.888096 0.000000
vn 0.459659 0.888096 -0.000000
vn 0.582681 0.812701 0.000000
vn 0.582681 0.812701 -0.000000
vn 0.621146 0.783695 0.000000
vn 0.582681 0.812701 0.000000
vn 0.416485 0.909143 0.000000
vn 0.416485 0.909143 -0.000000
vn 0.501834 0.864964 -0.000000
vn 0.501834 0.864964 0.000000
vn 0.310784 0.950481 0.000000
vn 0.372475 0.928042 0.000000
vn 0.372475 0.928042 -0.000000
vn 0.542873 0.839815 0.000000
vn 0.542873 0.839815 -0.000000
vn 0.459659 0.888096 -0.000000
vn 0.459659 0.888096 0.000000
vn 0.416485 0.909143 0.000000
vn 0.582681 0.812701 0.000000
vn 0.621146 0.783695 0.000000
vn 0.416485 0.909143 0.000000
vn 0.501834 0.864964 0.000000
vn 0.501834 0.864964 -0.000000
vn 0.310784 0.950481 0.000000
vn 0.372475 0.928042 -0.000000
vn 0.372475 0.928042 0.000000
vn 0.542873 0.839815 -0.000000
vn 0.542873 0.839815 0.000000
vn 0.459659 0.888096 -0.000000
vn 0.459659 0.888096 0.000000
vn 0.582681 0.812701 0.000000
vn 0.582681 0.812701 -0.000000
vn 0.621146 0.783695 0.000000
vn 0.416485 0.909143 -0.000000
vn 0.416485 0.909143 0.000000
vn 0.501834 0.864964 -0.000000
vn 0.501834 0.864964 0.000000
vn 0.310784 0.950481 0.000000
vn 0.310784 0.950481 0.000000
vn 0.372475 0.928042 0.000000
vn 0.372475 0.928042 -0.000000
vn 0.542873 0.839815 -0.000000
vn 0.542873 0.839815 0.000000
vn 0.416485 0.909143 0.000000
vn 0.459659 0.888096 -0.000000
vn 0.459659 0.888096 0.000000
vn 0.582681 0.812701 0.000000
vn 0.582681 0.812701 -0.000000
vn 0.621146 0.783695 0.000000
vn 0.416485 0.909143 0.000000
vn 0.501834 0.864964 0.000000
vn 0.501834 0.864964 -0.000000
vn 0.587815 0.805177 -0.078507
vn 0.621146 0.783695 0.000000
vn 0.310784 0.950481 0.000000
vn 0.372475 0.928042 0.000000
vn 0.372475 0.928042 -0.000000
vn 0.542873 0.839815 0.000000
vn 0.542873 0.839815 -0.000000
vn 0.459659 0.888096 -0.000000
vn 0.459659 0.888096 0.000000
vn 0.416485 0.909143 0.000000
vn 0.582681 0.812701 0.000000
vn 0.582681 0.812701 -0.000000
vn 0.416485 0.909143 0.000000
vn 0.501834 0.864964 0.000000
vn 0.501834 0.864964 -0.000000
vn 0.581864 0.811560 -0.052961
vn 0.582681 0.812701 -0.000000
vn 0.582681 0.812701 0.000000
vn 0.310784 0.950481 0.000000
vn 0.372475 0.928042 0.000000
vn 0.372475 0.928042 -0.000000
vn 0.542873 0.839815 -0.000000
vn 0.542873 0.839815 0.000000
vn 0.542873 0.839815 -0.000000
vn 0.459659 0.888096 0.000000
vn 0.459659 0.888096 -0.000000
vn 0.542863 0.839799 0.006174
vn 0.542873 0.839815 0.000000
vn 0.416485 0.909143 -0.000000
vn 0.416485 0.909143 0.000000
vn 0.501834 0.864964 0.000000
vn 0.501834 0.864964 -0.000000
vn 0.310784 0.950481 0.000000
vn 0.372475 0.928042 0.000000
vn 0.372475 0.928042 -0.000000
vn 0.487164 0.872558 -0.036237
vn 0.501813 0.864928 -0.009120
vn 0.501834 0.864964 -0.000000
vn 0.501834 0.864964 0.000000
vn 0.459659 0.888096 -0.000000
vn 0.459659 0.888096 0.000000
vn 0.416485 0.909143 -0.000000
vn 0.416485 0.909143 0.000000
vn 0.459659 0.888096 -0.000000
vn 0.416485 0.909143 0.000000
vn 0.459658 0.888096 -0.000602
vn 0.459659 0.888096 0.000000
vn 0.372475 0.928042 0.000000
vn 0.372475 0.928042 -0.000000
vn 0.310784 0.950481 0.000000
vn 0.370195 0.927985 -0.042431
vn 0.416485 0.909143 0.000000
vn 0.416485 0.909143 0.000535
vn 0.372093 0.927092 -0.045258
vn 0.372475 0.928042 0.000000
vn 0.310784 0.950481 0.000000
vn 0.372475 0.928042 -0.000000
vn 0.233445 0.972370 -0.000000
vn 0.233445 0.972370 0.000000
vn 0.987688 -0.156434 0.000000
vn 0.987688 -0.156434 0.000000
vn -0.078459 -0.996917 0.000000
vn -0.078459 -0.996917 0.000000
vn 0.065390 -0.996953 0.042537
vn 0.067393 -0.996700 0.045257
vn 0.115160 -0.993347 -0.000481
vn 0.001858 -0.999998 0.000000
vn 0.193734 -0.980388 0.036156
vn 0.162725 -0.986671 0.000541
vn 0.067462 -0.997722 0.000000
vn 0.067462 -0.997722 0.000000
vn 0.115160 -0.993347 0.000000
vn 0.115160 -0.993347 0.000000
vn 0.209973 -0.977665 0.009124
vn 0.001858 -0.999998 0.000000
vn 0.162725 -0.986671 0.000000
vn 0.162725 -0.986671 0.000000
vn 0.067462 -0.997722 0.000000
vn 0.067462 -0.997722 0.000000
vn 0.256784 -0.966449 -0.006171
vn 0.115160 -0.993347 0.000000
vn 0.115160 -0.993347 0.000000
vn 0.209982 -0.977705 0.000000
vn 0.209982 -0.977705 0.000000
vn 0.001858 -0.999998 0.000000
vn 0.162725 -0.986671 0.000000
vn 0.162725 -0.986671 0.000000
vn 0.067462 -0.997722 0.000000
vn 0.067462 -0.997722 0.000000
vn 0.310231 -0.947414 0.078509
vn 0.302598 -0.951646 0.052959
vn 0.256788 -0.966468 0.000000
vn 0.256788 -0.966468 0.000000
vn 0.115160 -0.993347 0.000000
vn 0.115160 -0.993347 0.000000
vn 0.209982 -0.977705 0.000000
vn 0.209982 -0.977705 0.000000
vn 0.001858 -0.999998 0.000000
vn 0.001858 -0.999998 0.000000
vn 0.162725 -0.986671 0.000000
vn 0.162725 -0.986671 0.000000
vn 0.067463 -0.997722 0.000000
vn 0.067463 -0.997722 0.000000
vn 0.348570 -0.937283 0.000000
vn 0.303023 -0.952983 0.000000
vn 0.303023 -0.952983 0.000000
vn 0.256788 -0.966468 0.000000
vn 0.256788 -0.966468 0.000000
vn 0.115160 -0.993347 0.000000
vn 0.115160 -0.993347 0.000000
vn 0.209982 -0.977705 0.000000
vn 0.209982 -0.977705 0.000000
vn 0.001858 -0.999998 0.000000
vn 0.162725 -0.986672 0.000000
vn 0.162725 -0.986672 0.000000
vn 0.067462 -0.997722 0.000000
vn 0.067462 -0.997722 0.000000
vn 0.348570 -0.937283 0.000000
vn 0.303023 -0.952983 0.000000
vn 0.303023 -0.952983 0.000000
vn 0.256788 -0.966468 0.000000
vn 0.256788 -0.966468 0.000000
vn 0.115160 -0.993347 0.000000
vn 0.115160 -0.993347 0.000000
vn 0.209982 -0.977705 0.000000
vn 0.209982 -0.977705 0.000000
vn 0.001858 -0.999998 0.000000
vn 0.162725 -0.986671 0.000000
vn 0.162725 -0.986671 0.000000
vn 0.067462 -0.997722 0.000000
vn 0.067462 -0.997722 0.000000
vn 0.303023 -0.952983 0.000000
vn 0.348570 -0.937283 0.000000
vn 0.303023 -0.952983 0.000000
vn 0.256788 -0.966468 0.000000
vn 0.256788 -0.966468 0.000000
vn 0.115160 -0.993347 0.000000
vn 0.115160 -0.993347 0.000000
vn 0.209982 -0.977705 0.000000
vn 0.209982 -0.977705 0.000000
vn 0.001858 -0.999998 0.000000
vn 0.162725 -0.986671 0.000000
vn 0.162725 -0.986671 0.000000
vn 0.067462 -0.997722 0.000000
vn 0.067462 -0.997722 0.000000
vn 0.348570 -0.937283 0.000000
vn 0.348570 -0.937283 0.000000
vn 0.303023 -0.952983 0.000000
vn 0.303023 -0.952983 0.000000
vn 0.256788 -0.966468 0.000000
vn 0.256788 -0.966468 0.000000
vn 0.115160 -0.993347 0.000000
vn 0.115160 -0.993347 0.000000
vn 0.209982 -0.977705 0.000000
vn 0.209982 -0.977705 0.000000
vn 0.001858 -0.999998 0.000000
vn 0.162725 -0.986672 0.000000
vn 0.162725 -0.986672 0.000000
vn 0.067462 -0.997722 0.000000
vn 0.067462 -0.997722 0.000000
vn 0.001858 -0.999998 0.000000
vn 0.303023 -0.952983 0.000000
vn 0.303023 -0.952983 0.000000
vn 0.348570 -0.937283 0.000000
vn 0.256788 -0.966468 0.000000
vn 0.256788 -0.966468 0.000000
vn 0.115160 -0.993347 0.000000
vn 0.115160 -0.993347 0.000000
vn 0.065390 -0.996953 -0.042537
vn 0.067462 -0.997722 0.000000
vn 0.067393 -0.996700 -0.045257
vn 0.067462 -0.997722 0.000000
vn 0.209982 -0.977705 0.000000
vn 0.209982 -0.977705 0.000000
vn 0.115160 -0.993347 0.000481
vn 0.115160 -0.993347 0.000000
vn 0.115160 -0.993347 0.000000
vn 0.162725 -0.986672 0.000000
vn 0.162725 -0.986672 0.000000
vn 0.348570 -0.937283 0.000000
vn 0.303023 -0.952983 0.000000
vn 0.303023 -0.952983 0.000000
vn 0.256788 -0.966468 0.000000
vn 0.256788 -0.966468 0.000000
vn 0.193734 -0.980388 -0.036156
vn 0.162725 -0.986671 -0.000541
vn 0.162725 -0.986672 0.000000
vn 0.162725 -0.986672 0.000000
vn 0.209982 -0.977705 0.000000
vn 0.209982 -0.977705 0.000000
vn 0.209982 -0.977705 0.000000
vn 0.209973 -0.977665 -0.009124
vn 0.209982 -0.977705 0.000000
vn 0.303023 -0.952983 0.000000
vn 0.348570 -0.937283 0.000000
vn 0.303023 -0.952983 0.000000
vn 0.256788 -0.966468 0.000000
vn 0.256788 -0.966468 0.000000
vn 0.256784 -0.966449 0.006171
vn 0.256788 -0.966468 0.000000
vn 0.256788 -0.966468 0.000000
vn 0.303023 -0.952983 0.000000
vn 0.303023 -0.952983 0.000000
vn 0.348570 -0.937283 0.000000
vn 0.302598 -0.951646 -0.052959
vn 0.310231 -0.947414 -0.078509
vn 0.303023 -0.952983 0.000000
vn 0.348570 -0.937283 0.000000
vn 0.303023 -0.952983 0.000000
vn 0.000000 0.000000 -1.000000
vn 0.000000 0.000000 -1.000000
vn 0.000000 0.000000 -1.000000
vn 0.000000 0.000000 -1.000000
vn 0.000000 0.000000 -1.000000
vn 0.000000 0.000000 -1.000000
vn 0.000000 0.000000 -1.000000
vn 0.000000 0.000000 -1.000000
vn 0.000000 -0.000000 -1.000000
vn 0.000000 0.000000 -1.000000
vn 0.000000 0.000000 -1.000000
vn 0.000000 0.000000 -1.000000
vn 0.000000 0.000000 -1.000000
vn 0.000000 0.000000 -1.000000
vn 0.000000 0.000000 -1.000000
vn 0.000000 -0.000000 -1.000000
vn 0.000000 0.000000 -1.000000
vn 0.000000 0.000000 -1.000000
vn 0.000000 0.000000 -1.000000
vn 0.000000 -0.000000 -1.000000
vn 0.000000 0.000000 -1.000000
vn 0.000000 0.000000 -1.000000
vn 0.000000 0.000000 -1.000000
vn 0.000000 0.000000 -1.000000
vn 0.000000 -0.000000 -1.000000
vn 0.000000 0.000000 -1.000000
vn 0.000000 0.000000 -1.000000
vn 0.000000 0.000000 -1.000000
vn 0.000000 0.000000 -1.000000
vn 0.000000 0.000000 -1.000000
vn 0.000000 0.000000 -1.000000
vn 0.000000 -0.000000 -1.000000
vn 0.000000 0.000000 -1.000000
vn 0.000000 0.000000 -1.000000
vn 0.000000 0.000000 -1.000000
vn 0.000000 0.000000 -1.000000
vn 0.000000 0.000000 -1.000000
vn 0.000000 0.000000 -1.000000
vn 0.000000 0.000000 -1.000000
vn 0.000000 0.000000 -1.000000
vn 0.000000 0.000000 -1.000000
vn 0.000000 0.000000 -1.000000
vn 0.000000 0.000000 -1.000000
vn 0.000000 0.000000 -1.000000
vn 0.000000 0.000000 -1.000000
vn 0.000000 0.000000 -1.000000
vn 0.000000 0.000000 -1.000000
vn 0.000000 0.000000 -1.000000
vn 0.000000 0.000000 -1.000000
vn 0.000000 0.000000 -1.000000
vn 0.000000 -0.000000 -1.000000
vn 0.000000 0.000000 -1.000000
vn 0.000000 0.000000 -1.000000
vn 0.000000 0.000000 -1.000000
vn 0.000000 0.000000 -1.000000
vn 0.000000 0.000000 -1.000000
vn 0.000000 0.000000 -1.000000
vn 0.000000 0.000000 -1.000000
vn 0.000000 0.000000 -1.000000
vn 0.000000 0.000000 -1.000000
vn 0.000000 0.000000 -1.000000
vn 0.000000 -0.000000 -1.000000
vn 0.000000 0.000000 -1.000000
vn 0.000000 -0.000000 -1.000000
vn 0.000000 0.000000 -1.000000
vn 0.000000 0.000000 -1.000000
vn 0.000000 0.000000 -1.000000
vn 0.000000 0.000000 -1.000000
vn 0.000000 0.000000 -1.000000
vn 0.000000 -0.000000 -1.000000
vn 0.000000 0.000000 -1.000000
vn 0.000000 0.000000 -1.000000
vn 0.000000 0.000000 -1.000000
vn 0.000000 -0.000000 -1.000000
vn 0.000000 0.000000 -1.000000
vn 0.000000 -0.000000 -1.000000
vn 0.000000 0.000000 -1.000000
vn 0.000000 0.000000 -1.000000
vn 0.000000 0.000000 -1.000000
vn 0.000000 0.000000 -1.000000
vn 0.000000 0.000000 -1.000000
vn 0.000000 -0.000000 -1.000000
vn 0.000000 0.000000 -1.000000
vn 0.000000 -0.000000 -1.000000
vn 0.000000 0.000000 -1.000000
vn 0.000000 0.000000 -1.000000
vn 0.000000 0.000000 -1.000000
vn 0.000000 0.000000 -1.000000
vn 0.000000 -0.000000 -1.000000
vn 0.000000 0.000000 -1.000000
vn 0.000000 0.000000 -1.000000
vn 0.000000 -0.000000 -1.000000
vn 0.000000 0.000000 -1.000000
vn 0.000000 -0.000000 -1.000000
vn 0.000000 0.000000 -1.000000
vn 0.000000 0.000000 -1.000000
vn 0.000000 0.000000 -1.000000
vn 0.000000 0.000000 -1.000000
vn 0.000000 0.000000 -1.000000
vn 0.000000 -0.000000 -1.000000
vn 0.000000 0.000000 -1.000000
vn 0.000000 0.000000 -1.000000
vn 0.000000 0.000000 -1.000000
vn 0.000000 0.000000 -1.000000
vn 0.000000 0.000000 -1.000000
vn 0.000000 -0.000000 -1.000000
vn 0.000000 0.000000 -1.000000
vn 0.000000 0.000000 -1.000000
vn 0.000000 -0.000000 -1.000000
vn 0.000000 0.000000 -1.000000
vn 0.000000 0.000000 -1.000000
vn 0.000000 -0.000000 -1.000000
vn 0.000000 0.000000 -1.000000
vn 0.000000 -0.000000 -1.000000
vn 0.000000 -0.000000 -1.000000
vn 0.000000 0.000000 -1.000000
vn 0.000000 0.000000 -1.000000
vn 0.000000 -0.000000 -1.000000
vn 0.000000 0.000000 -1.000000
vn 0.000000 0.000000 -1.000000
vn 0.000000 0.000000 -1.000000
vn 0.000000 0.000000 -1.000000
vn 0.000000 -0.000000 -1.000000
vn 0.000000 0.000000 -1.000000
vn 0.000000 0.000000 -1.000000
vn 0.000000 0.000000 -1.000000
vn 0.000000 -0.000000 -1.000000
vn 0.000000 0.000000 -1.000000
vn 0.000000 0.000000 -1.000000
vn 0.000000 -0.000000 -1.000000
vn 0.000000 0.000000 -1.000000
vn 0.000000 0.000000 -1.000000
vn 0.000000 0.000000 -1.000000
vn 0.000000 0.000000 -1.000000
vn 0.000000 0.000000 -1.000000
vn 0.000000 -0.000000 -1.000000
vn 0.000000 0.000000 -1.000000
vn 0.000000 0.000000 -1.000000
vn 0.000000 0.000000 -1.000000
vn 0.000000 0.000000 -1.000000
vn 0.000000 -0.000000 -1.000000
vn 0.000000 0.000000 -1.000000
vn 0.000000 0.000000 -1.000000
vn 0.000000 0.000000 -1.000000
vn 0.000000 0.000000 -1.000000
vn 0.000000 -0.000000 -1.000000
vn 0.000000 0.000000 -1.000000
vn 0.000000 0.000000 -1.000000
vn 0.000000 -0.000000 -1.000000
vn 0.000000 0.000000 -1.000000
vn 0.000000 0.000000 -1.000000
vn 0.000000 0.000000 -1.000000
vn -0.000000 -0.000000 -1.000000
vn 0.000000 -0.000000 -1.000000
vn -0.000000 -0.000000 -1.000000
vn 0.000000 -0.000000 -1.000000
vn 0.000000 -0.000000 -1.000000
vn 0.000000 0.000000 -1.000000
vn 0.000000 0.000000 -1.000000
vn 0.000000 0.000000 -1.000000
vn 0.000000 0.000000 -1.000000
vn 0.000000 0.000000 -1.000000
vn 0.000000 0.000000 -1.000000
vn 0.000000 0.000000 -1.000000
vn 0.000000 0.000000 -1.000000
vn 0.000000 0.000000 -1.000000
vn 0.000000 0.000000 -1.000000
vn 0.000000 0.000000 -1.000000
vn 0.000000 0.000000 -1.000000
vn 0.000000 -0.000000 -1.000000
vn 0.000000 -0.000000 -1.000000
vn 0.000000 0.000000 -1.000000
vn 0.000000 0.000000 -1.000000
vn 0.000000 0.000000 -1.000000
vn 0.000000 -0.000000 -1.000000
vn 0.000000 0.000000 -1.000000
vn 0.000000 0.000000 -1.000000
vn 0.000000 0.000000 -1.000000
vn 0.000000 0.000000 -1.000000
vn 0.000000 0.000000 -1.000000
vn 0.000000 0.000000 -1.000000
vn 0.000000 -0.000000 -1.000000
vn 0.000000 -0.000000 -1.000000
vn 0.000000 0.000000 -1.000000
vn 0.000000 -0.000000 -1.000000
vn 0.000000 0.000000 -1.000000
vn 0.000000 0.000000 -1.000000
vn 0.000000 0.000000 -1.000000
vn 0.000000 0.000000 -1.000000
vn 0.000000 0.000000 -1.000000
vn 0.000000 0.000000 -1.000000
vn 0.000000 0.000000 -1.000000
vn 0.000000 0.000000 -1.000000
vn 0.000000 0.000000 -1.000000
vn 0.000000 0.000000 -1.000000
vn 0.000000 0.000000 -1.000000
vn 0.000000 -0.000000 -1.000000
vn 0.000000 0.000000 -1.000000
vn 0.000000 0.000000 1.000000
vn 0.000000 0.000000 1.000000
vn 0.000000 0.000000 1.000000
vn 0.000000 0.000000 1.000000
vn 0.000000 0.000000 1.000000
vn 0.000000 0.000000 1.000000
vn 0.000000 0.000000 1.000000
vn 0.000000 0.000000 1.000000
vn 0.000000 0.000000 1.000000
vn 0.000000 0.000000 1.000000
vn 0.000000 0.000000 1.000000
vn 0.000000 0.000000 1.000000
vn 0.000000 0.000000 1.000000
vn 0.000000 0.000000 1.000000
vn 0.000000 0.000000 1.000000
vn 0.000000 0.000000 1.000000
vn 0.000000 0.000000 1.000000
vn 0.000000 0.000000 1.000000
vn 0.000000 0.000000 1.000000
vn 0.000000 0.000000 1.000000
vn 0.000000 0.000000 1.000000
vn 0.000000 0.000000 1.000000
vn 0.000000 0.000000 1.000000
vn 0.000000 0.000000 1.000000
vn 0.000000 0.000000 1.000000
vn 0.000000 0.000000 1.000000
vn 0.000000 0.000000 1.000000
vn 0.000000 0.000000 1.000000
vn 0.000000 0.000000 1.000000
vn 0.000000 0.000000 1.000000
vn 0.000000 0.000000 1.000000
vn 0.000000 0.000000 1.000000
vn 0.000000 0.000000 1.000000
vn 0.000000 0.000000 1.000000
vn 0.000000 0.000000 1.000000
vn 0.000000 0.000000 1.000000
vn 0.000000 0.000000 1.000000
vn 0.000000 0.000000 1.000000
vn 0.000000 0.000000 1.000000
vn 0.000000 0.000000 1.000000
vn 0.000000 0.000000 1.000000
vn 0.000000 0.000000 1.000000
vn 0.000000 0.000000 1.000000
vn 0.000000 0.000000 1.000000
vn 0.000000 0.000000 1.000000
vn 0.000000 0.000000 1.000000
vn 0.000000 0.000000 1.000000
vn 0.000000 0.000000 1.000000
vn 0.000000 0.000000 1.000000
vn 0.000000 0.000000 1.000000
vn 0.000000 0.000000 1.000000
vn 0.000000 0.000000 1.000000
vn 0.000000 0.000000 1.000000
vn 0.000000 0.000000 1.000000
vn 0.000000 0.000000 1.000000
vn 0.000000 0.000000 1.000000
vn 0.000000 0.000000 1.000000
vn 0.000000 0.000000 1.000000
vn 0.000000 0.000000 1.000000
vn 0.000000 0.000000 1.000000
vn 0.000000 0.000000 1.000000
vn 0.000000 0.000000 1.000000
vn 0.000000 0.000000 1.000000
vn 0.000000 0.000000 1.000000
vn 0.000000 0.000000 1.000000
vn 0.000000 0.000000 1.000000
vn 0.000000 0.000000 1.000000
vn 0.000000 0.000000 1.000000
vn 0.000000 0.000000 1.000000
vn 0.000000 0.000000 1.000000
vn 0.000000 0.000000 1.000000
vn 0.000000 0.000000 1.000000
vn 0.000000 0.000000 1.000000
vn 0.000000 0.000000 1.000000
vn 0.000000 0.000000 1.000000
vn 0.000000 0.000000 1.000000
vn 0.000000 0.000000 1.000000
vn 0.000000 0.000000 1.000000
vn 0.000000 0.000000 1.000000
vn 0.000000 0.000000 1.000000
vn 0.000000 0.000000 1.000000
vn 0.000000 0.000000 1.000000
vn 0.000000 0.000000 1.000000
vn 0.000000 0.000000 1.000000
vn 0.000000 0.000000 1.000000
vn 0.000000 0.000000 1.000000
vn 0.000000 0.000000 1.000000
vn 0.000000 0.000000 1.000000
vn 0.000000 0.000000 1.000000
vn 0.000000 0.000000 1.000000
vn 0.000000 0.000000 1.000000
vn 0.000000 0.000000 1.000000
vn 0.000000 0.000000 1.000000
vn 0.000000 0.000000 1.000000
vn 0.000000 0.000000 1.000000
vn 0.000000 0.000000 1.000000
vn 0.000000 0.000000 1.000000
vn 0.000000 0.000000 1.000000
vn 0.000000 0.000000 1.000000
vn 0.000000 0.000000 1.000000
vn 0.000000 0.000000 1.000000
vn 0.000000 0.000000 1.000000
vn 0.000000 0.000000 1.000000
vn 0.000000 0.000000 1.000000
vn 0.000000 0.000000 1.000000
vn 0.000000 0.000000 1.000000
vn 0.000000 0.000000 1.000000
vn 0.000000 0.000000 1.000000
vn 0.000000 0.000000 1.000000
vn 0.000000 0.000000 1.000000
vn 0.000000 0.000000 1.000000
vn 0.000000 0.000000 1.000000
vn 0.000000 0.000000 1.000000
vn 0.000000 0.000000 1.000000
vn 0.000000 0.000000 1.000000
vn 0.000000 0.000000 1.000000
vn 0.000000 0.000000 1.000000
vn 0.000000 0.000000 1.000000
vn 0.000000 0.000000 1.000000
vn 0.000000 0.000000 1.000000
vn 0.000000 0.000000 1.000000
vn 0.000000 0.000000 1.000000
vn 0.000000 0.000000 1.000000
vn 0.000000 0.000000 1.000000
vn 0.000000 0.000000 1.000000
vn 0.000000 0.000000 1.000000
vn 0.000000 0.000000 1.000000
vn 0.000000 0.000000 1.000000
vn 0.000000 0.000000 1.000000
vn 0.000000 0.000000 1.000000
vn 0.000000 0.000000 1.000000
vn 0.000000 0.000000 1.000000
vn 0.000000 0.000000 1.000000
vn 0.000000 0.000000 1.000000
vn 0.000000 0.000000 1.000000
vn 0.000000 0.000000 1.000000
vn 0.000000 0.000000 1.000000
vn 0.000000 0.000000 1.000000
vn 0.000000 0.000000 1.000000
vn 0.000000 0.000000 1.000000
vn 0.000000 0.000000 1.000000
vn 0.000000 0.000000 1.000000
vn 0.000000 0.000000 1.000000
vn 0.000000 0.000000 1.000000
vn 0.000000 0.000000 1.000000
vn 0.000000 0.000000 1.000000
vn 0.000000 0.000000 1.000000
vn 0.000000 0.000000 1.000000
vn 0.000000 0.000000 1.000000
vn 0.000000 0.000000 1.000000
vn 0.000000 0.000000 1.000000
vn 0.000000 0.000000 1.000000
vn 0.000000 0.000000 1.000000
vn 0.000000 0.000000 1.000000
vn 0.000000 0.000000 1.000000
vn 0.000000 0.000000 1.000000
vn 0.000000 0.000000 1.000000
vn 0.000000 0.000000 1.000000
vn 0.000000 0.000000 1.000000
vn 0.000000 0.000000 1.000000
vn 0.000000 0.000000 1.000000
vn 0.000000 0.000000 1.000000
vn 0.000000 0.000000 1.000000
vn 0.000000 0.000000 1.000000
vn 0.000000 0.000000 1.000000
vn 0.000000 0.000000 1.000000
vn 0.000000 0.000000 1.000000
vn 0.000000 0.000000 1.000000
vn 0.000000 0.000000 1.000000
vn 0.000000 0.000000 1.000000
vn 0.000000 0.000000 1.000000
vn 0.000000 0.000000 1.000000
vn 0.000000 0.000000 1.000000
vn 0.000000 0.000000 1.000000
vn 0.000000 0.000000 1.000000
vn 0.000000 0.000000 1.000000
vn 0.000000 0.000000 1.000000
vn 0.000000 0.000000 1.000000
vn 0.000000 0.000000 1.000000
vn 0.000000 0.000000 1.000000
vn 0.000000 0.000000 1.000000
vn 0.000000 0.000000 1.000000
vn 0.000000 0.000000 1.000000
vn 0.000000 0.000000 1.000000
vn 0.000000 0.000000 1.000000
vn 0.000000 0.000000 1.000000
vn 0.000000 0.000000 1.000000
vn 0.000000 0.000000 1.000000
vn 0.000000 0.000000 1.000000
vn 0.000000 0.000000 1.000000
vn 0.000000 0.000000 1.000000
vn 0.000000 0.000000 1.000000
vn 0.000000 0.000000 1.000000
vn 0.000000 0.000000 1.000000
vn 0.000000 0.000000 1.000000
vn 0.000000 0.000000 1.000000
vn 0.000000 0.000000 1.000000
vn 0.000000 0.000000 1.000000
f 1//1 2//1 3//1
f 3//2 2//2 4//2
f 4//3 5//3 6//3
f 5//4 7//4 6//4
f 4//5 8//5 5//5
f 7//6 9//6 6//6
f 5//7 10//7 7//7
f 8//8 10//8 5//8
f 4//9 11//9 8//9
f 6//10 12//10 13//10
f 9//11 12//11 6//11
f 10//12 14//12 7//12
f 7//13 14//13 9//13
f 12//14 15//14 13//14
f 8//15 16//15 10//15
f 11//16 16//16 8//16
f 4//17 17//17 11//17
f 13//18 18//18 19//18
f 15//19 18//19 13//19
f 9//20 20//20 12//20
f 14//21 20//21 9//21
f 18//22 21//22 19//22
f 10//23 22//23 14//23
f 16//24 22//24 10//24
f 12//25 23//25 15//25
f 20//26 23//26 12//26
f 11//27 24//27 16//27
f 17//28 24//28 11//28
f 2//29 25//29 4//29
f 4//30 25//30 17//30
f 15//31 26//31 18//31
f 23//32 26//32 15//32
f 22//33 27//33 14//33
f 14//34 27//34 20//34
f 21//35 28//35 19//35
f 18//36 28//36 21//36
f 26//37 28//37 18//37
f 16//38 29//38 22//38
f 24//39 29//39 16//39
f 20//40 30//40 23//40
f 27//41 30//41 20//41
f 17//42 31//42 24//42
f 25//43 31//43 17//43
f 2//44 32//44 25//44
f 23//45 33//45 26//45
f 30//46 33//46 23//46
f 29//47 34//47 22//47
f 22//48 34//48 27//48
f 28//49 35//49 19//49
f 26//50 35//50 28//50
f 33//51 35//51 26//51
f 24//52 36//52 29//52
f 31//53 36//53 24//53
f 34//54 37//54 27//54
f 27//55 37//55 30//55
f 25//56 38//56 31//56
f 32//57 38//57 25//57
f 2//58 39//58 32//58
f 37//59 40//59 30//59
f 30//60 40//60 33//60
f 29//61 41//61 34//61
f 36//62 41//62 29//62
f 40//63 42//63 33//63
f 35//64 42//64 19//64
f 33//65 42//65 35//65
f 38//66 43//66 31//66
f 31//67 43//67 36//67
f 41//68 44//68 34//68
f 34//69 44//69 37//69
f 39//70 45//70 32//70
f 32//71 45//71 38//71
f 38//72 45//72 43//72
f 2//73 46//73 39//73
f 44//74 47//74 37//74
f 37//75 47//75 40//75
f 43//76 48//76 36//76
f 36//77 48//77 41//77
f 19//78 49//78 50//78
f 42//79 49//79 19//79
f 47//80 49//80 40//80
f 40//81 49//81 42//81
f 45//82 51//82 43//82
f 44//83 52//83 47//83
f 48//84 52//84 41//84
f 41//85 52//85 44//85
f 39//86 53//86 45//86
f 46//87 53//87 39//87
f 2//88 54//88 46//88
f 52//89 55//89 47//89
f 47//90 55//90 49//90
f 43//91 56//91 48//91
f 51//92 56//92 43//92
f 57//93 58//93 2//93
f 2//94 58//94 54//94
f 49//95 59//95 50//95
f 55//96 59//96 49//96
f 45//97 60//97 51//97
f 53//98 60//98 45//98
f 56//99 61//99 48//99
f 48//100 61//100 52//100
f 52//101 61//101 55//101
f 46//102 62//102 53//102
f 54//103 62//103 46//103
f 61//104 63//104 55//104
f 51//105 64//105 56//105
f 60//106 64//106 51//106
f 57//107 65//107 58//107
f 58//108 65//108 54//108
f 54//109 65//109 62//109
f 59//110 66//110 50//110
f 55//111 66//111 59//111
f 63//112 66//112 55//112
f 62//113 67//113 53//113
f 53//114 67//114 60//114
f 65//115 67//115 62//115
f 56//116 68//116 61//116
f 61//117 68//117 63//117
f 64//118 68//118 56//118
f 57//119 69//119 65//119
f 65//120 69//120 67//120
f 68//121 70//121 63//121
f 60//122 71//122 64//122
f 67//123 71//123 60//123
f 66//124 72//124 50//124
f 63//125 72//125 66//125
f 70//126 72//126 63//126
f 73//127 74//127 57//127
f 57//128 74//128 69//128
f 69//129 74//129 67//129
f 67//130 74//130 71//130
f 71//131 75//131 64//131
f 64//132 75//132 68//132
f 75//133 76//133 68//133
f 68//134 76//134 70//134
f 74//135 77//135 71//135
f 73//136 77//136 74//136
f 71//137 77//137 75//137
f 70//138 78//138 72//138
f 76//139 78//139 70//139
f 72//140 78//140 50//140
f 75//141 79//141 76//141
f 50//142 79//142 73//142
f 73//143 79//143 77//143
f 76//144 79//144 78//144
f 77//145 79//145 75//145
f 50//146 80//146 79//146
f 78//147 80//147 50//147
f 79//148 80//148 78//148
f 50//149 81//149 19//149
f 19//150 81//150 82//150
f 81//151 83//151 82//151
f 82//152 83//152 84//152
f 83//153 85//153 84//153
f 84//154 85//154 86//154
f 86//155 87//155 88//155
f 89//156 87//156 86//156
f 87//157 90//157 88//157
f 86//158 91//158 89//158
f 90//159 92//159 88//159
f 91//160 93//160 89//160
f 89//161 93//161 87//161
f 87//162 94//162 90//162
f 93//163 94//163 87//163
f 88//164 95//164 96//164
f 92//165 95//165 88//165
f 86//166 97//166 91//166
f 90//167 98//167 92//167
f 94//168 98//168 90//168
f 91//169 99//169 93//169
f 97//170 99//170 91//170
f 95//171 100//171 96//171
f 93//172 101//172 94//172
f 99//173 101//173 93//173
f 92//174 102//174 95//174
f 98//175 102//175 92//175
f 86//176 103//176 97//176
f 101//177 104//177 94//177
f 94//178 104//178 98//178
f 97//179 105//179 99//179
f 103//180 105//180 97//180
f 96//181 106//181 107//181
f 100//182 106//182 96//182
f 102//183 108//183 95//183
f 95//184 108//184 100//184
f 99//185 109//185 101//185
f 105//186 109//186 99//186
f 98//187 110//187 102//187
f 104//188 110//188 98//188
f 85//189 111//189 86//189
f 86//190 111//190 103//190
f 101//191 112//191 104//191
f 109//192 112//192 101//192
f 106//193 113//193 107//193
f 103//194 114//194 105//194
f 111//195 114//195 103//195
f 100//196 115//196 106//196
f 108//197 115//197 100//197
f 102//198 116//198 108//198
f 110//199 116//199 102//199
f 114//200 117//200 105//200
f 105//201 117//201 109//201
f 104//202 118//202 110//202
f 112//203 118//203 104//203
f 85//204 119//204 111//204
f 109//205 120//205 112//205
f 117//206 120//206 109//206
f 113//207 121//207 107//207
f 106//208 121//208 113//208
f 115//209 121//209 106//209
f 119//210 122//210 111//210
f 114//211 122//211 117//211
f 111//212 122//212 114//212
f 108//213 123//213 115//213
f 116//214 123//214 108//214
f 118//215 124//215 110//215
f 110//216 124//216 116//216
f 122//217 125//217 117//217
f 120//218 126//218 112//218
f 112//219 126//219 118//219
f 85//220 127//220 119//220
f 125//221 128//221 117//221
f 117//222 128//222 120//222
f 115//223 129//223 121//223
f 121//224 129//224 107//224
f 123//225 129//225 115//225
f 127//226 130//226 119//226
f 119//227 130//227 122//227
f 116//228 131//228 123//228
f 124//229 131//229 116//229
f 118//230 132//230 124//230
f 126//231 132//231 118//231
f 125//232 133//232 128//232
f 130//233 133//233 122//233
f 122//234 133//234 125//234
f 120//235 134//235 126//235
f 128//236 134//236 120//236
f 126//237 134//237 132//237
f 85//238 135//238 127//238
f 133//239 136//239 128//239
f 129//240 137//240 107//240
f 123//241 137//241 129//241
f 131//242 137//242 123//242
f 135//243 138//243 127//243
f 127//244 138//244 130//244
f 124//245 139//245 131//245
f 132//246 139//246 124//246
f 134//247 140//247 132//247
f 130//248 141//248 133//248
f 138//249 141//249 130//249
f 128//250 142//250 134//250
f 136//251 142//251 128//251
f 85//252 143//252 135//252
f 133//253 144//253 136//253
f 141//254 144//254 133//254
f 107//255 145//255 146//255
f 139//256 145//256 131//256
f 137//257 145//257 107//257
f 131//258 145//258 137//258
f 135//259 147//259 138//259
f 143//260 147//260 135//260
f 139//261 148//261 145//261
f 132//262 148//262 139//262
f 140//263 148//263 132//263
f 134//264 149//264 140//264
f 142//265 149//265 134//265
f 85//266 150//266 143//266
f 147//267 151//267 138//267
f 138//268 151//268 141//268
f 141//269 151//269 144//269
f 144//270 152//270 136//270
f 136//271 152//271 142//271
f 153//272 154//272 85//272
f 143//273 154//273 147//273
f 85//274 154//274 150//274
f 150//275 154//275 143//275
f 151//276 155//276 144//276
f 147//277 156//277 151//277
f 153//278 156//278 154//278
f 154//279 156//279 147//279
f 148//280 157//280 145//280
f 145//281 157//281 146//281
f 149//282 158//282 140//282
f 140//283 158//283 148//283
f 142//284 159//284 149//284
f 152//285 159//285 142//285
f 151//286 160//286 155//286
f 153//287 160//287 156//287
f 156//288 160//288 151//288
f 155//289 161//289 144//289
f 144//290 161//290 152//290
f 157//291 162//291 146//291
f 158//292 162//292 148//292
f 148//293 162//293 157//293
f 163//294 164//294 153//294
f 153//295 164//295 160//295
f 155//296 164//296 161//296
f 160//297 164//297 155//297
f 159//298 165//298 149//298
f 158//299 165//299 162//299
f 149//300 165//300 158//300
f 161//301 166//301 152//301
f 152//302 166//302 159//302
f 163//303 167//303 164//303
f 164//304 167//304 161//304
f 161//305 167//305 166//305
f 165//306 168//306 162//306
f 162//307 168//307 146//307
f 166//308 169//308 159//308
f 159//309 169//309 165//309
f 163//310 170//310 167//310
f 146//311 170//311 163//311
f 166//312 170//312 169//312
f 167//313 170//313 166//313
f 165//314 171//314 168//314
f 168//315 171//315 146//315
f 169//316 171//316 165//316
f 146//317 172//317 170//317
f 170//318 172//318 169//318
f 171//319 172//319 146//319
f 169//320 172//320 171//320
f 146//321 173//321 107//321
f 107//322 173//322 174//322
f 174//323 175//323 176//323
f 175//324 177//324 176//324
f 174//325 178//325 175//325
f 177//326 179//326 176//326
f 175//327 180//327 177//327
f 178//328 180//328 175//328
f 174//329 181//329 178//329
f 176//330 182//330 183//330
f 179//331 182//331 176//331
f 180//332 184//332 177//332
f 177//333 184//333 179//333
f 182//334 185//334 183//334
f 178//335 186//335 180//335
f 181//336 186//336 178//336
f 174//337 187//337 181//337
f 183//338 188//338 189//338
f 185//339 188//339 183//339
f 179//340 190//340 182//340
f 184//341 190//341 179//341
f 188//342 191//342 189//342
f 180//343 192//343 184//343
f 186//344 192//344 180//344
f 182//345 193//345 185//345
f 190//346 193//346 182//346
f 181//347 194//347 186//347
f 187//348 194//348 181//348
f 173//349 195//349 174//349
f 174//350 195//350 187//350
f 185//351 196//351 188//351
f 193//352 196//352 185//352
f 192//353 197//353 184//353
f 184//354 197//354 190//354
f 191//355 198//355 189//355
f 188//356 198//356 191//356
f 196//357 198//357 188//357
f 186//358 199//358 192//358
f 194//359 199//359 186//359
f 190//360 200//360 193//360
f 197//361 200//361 190//361
f 187//362 201//362 194//362
f 195//363 201//363 187//363
f 173//364 202//364 195//364
f 193//365 203//365 196//365
f 200//366 203//366 193//366
f 199//367 204//367 192//367
f 192//368 204//368 197//368
f 198//369 205//369 189//369
f 196//370 205//370 198//370
f 203//371 205//371 196//371
f 194//372 206//372 199//372
f 201//373 206//373 194//373
f 204//374 207//374 197//374
f 197//375 207//375 200//375
f 200//376 207//376 203//376
f 195//377 208//377 201//377
f 202//378 208//378 195//378
f 173//379 209//379 202//379
f 207//380 210//380 203//380
f 199//381 211//381 204//381
f 206//382 211//382 199//382
f 205//383 212//383 189//383
f 210//384 212//384 203//384
f 203//385 212//385 205//385
f 208//386 213//386 201//386
f 201//387 213//387 206//387
f 211//388 214//388 204//388
f 204//389 214//389 207//389
f 209//390 215//390 202//390
f 202//391 215//391 208//391
f 173//392 216//392 209//392
f 214//393 217//393 207//393
f 207//394 217//394 210//394
f 213//395 218//395 206//395
f 206//396 218//396 211//396
f 189//397 219//397 220//397
f 212//398 219//398 189//398
f 210//399 219//399 212//399
f 217//400 219//400 210//400
f 215//401 221//401 208//401
f 208//402 221//402 213//402
f 214//403 222//403 217//403
f 218//404 222//404 211//404
f 211//405 222//405 214//405
f 209//406 223//406 215//406
f 216//407 223//407 209//407
f 173//408 224//408 216//408
f 217//409 225//409 219//409
f 222//410 225//410 217//410
f 213//411 226//411 218//411
f 221//412 226//412 213//412
f 227//413 228//413 173//413
f 173//414 228//414 224//414
f 219//415 229//415 220//415
f 225//416 229//416 219//416
f 215//417 230//417 221//417
f 223//418 230//418 215//418
f 218//419 231//419 222//419
f 226//420 231//420 218//420
f 216//421 232//421 223//421
f 224//422 232//422 216//422
f 222//423 233//423 225//423
f 231//424 233//424 222//424
f 226//425 234//425 231//425
f 221//426 234//426 226//426
f 230//427 234//427 221//427
f 227//428 235//428 228//428
f 228//429 235//429 224//429
f 224//430 235//430 232//430
f 229//431 236//431 220//431
f 225//432 236//432 229//432
f 233//433 236//433 225//433
f 232//434 237//434 223//434
f 223//435 237//435 230//435
f 234//436 238//436 231//436
f 232//437 239//437 237//437
f 227//438 239//438 235//438
f 235//439 239//439 232//439
f 231//440 240//440 233//440
f 238//441 240//441 231//441
f 230//442 241//442 234//442
f 237//443 241//443 230//443
f 239//444 241//444 237//444
f 236//445 242//445 220//445
f 233//446 242//446 236//446
f 240//447 242//447 233//447
f 243//448 244//448 227//448
f 227//449 244//449 239//449
f 239//450 244//450 241//450
f 234//451 245//451 238//451
f 241//452 245//452 234//452
f 245//453 246//453 238//453
f 238//454 246//454 240//454
f 244//455 247//455 241//455
f 241//456 247//456 245//456
f 243//457 247//457 244//457
f 240//458 248//458 242//458
f 246//459 248//459 240//459
f 242//460 248//460 220//460
f 245//461 249//461 246//461
f 220//462 249//462 243//462
f 243//463 249//463 247//463
f 247//464 249//464 245//464
f 220//465 250//465 249//465
f 249//466 250//466 246//466
f 246//467 250//467 248//467
f 248//468 250//468 220//468
f 220//469 251//469 189//469
f 189//470 251//470 252//470
f 251//471 253//471 252//471
f 252//472 253//472 254//472
f 253//473 255//473 254//473
f 254//474 255//474 256//474
f 256//475 257//475 258//475
f 259//476 257//476 256//476
f 257//477 260//477 258//477
f 256//478 261//478 259//478
f 260//479 262//479 258//479
f 261//480 263//480 259//480
f 259//481 263//481 257//481
f 257//482 264//482 260//482
f 263//483 264//483 257//483
f 258//484 265//484 266//484
f 262//485 265//485 258//485
f 256//486 267//486 261//486
f 260//487 268//487 262//487
f 264//488 268//488 260//488
f 261//489 269//489 263//489
f 267//490 269//490 261//490
f 265//491 270//491 266//491
f 263//492 271//492 264//492
f 269//493 271//493 263//493
f 262//494 272//494 265//494
f 268//495 272//495 262//495
f 256//496 273//496 267//496
f 271//497 274//497 264//497
f 264//498 274//498 268//498
f 267//499 275//499 269//499
f 273//500 275//500 267//500
f 266//501 276//501 277//501
f 270//502 276//502 266//502
f 272//503 278//503 265//503
f 265//504 278//504 270//504
f 269//505 279//505 271//505
f 275//506 279//506 269//506
f 268//507 280//507 272//507
f 274//508 280//508 268//508
f 255//509 281//509 256//509
f 256//510 281//510 273//510
f 271//511 282//511 274//511
f 279//512 282//512 271//512
f 276//513 283//513 277//513
f 273//514 284//514 275//514
f 281//515 284//515 273//515
f 270//516 285//516 276//516
f 278//517 285//517 270//517
f 272//518 286//518 278//518
f 280//519 286//519 272//519
f 284//520 287//520 275//520
f 275//521 287//521 279//521
f 274//522 288//522 280//522
f 282//523 288//523 274//523
f 255//524 289//524 281//524
f 279//525 290//525 282//525
f 287//526 290//526 279//526
f 283//527 291//527 277//527
f 276//528 291//528 283//528
f 285//529 291//529 276//529
f 289//530 292//530 281//530
f 281//531 292//531 284//531
f 278//532 293//532 285//532
f 286//533 293//533 278//533
f 288//534 294//534 280//534
f 280//535 294//535 286//535
f 292//536 295//536 284//536
f 284//537 295//537 287//537
f 290//538 296//538 282//538
f 282//539 296//539 288//539
f 255//540 297//540 289//540
f 295//541 298//541 287//541
f 287//542 298//542 290//542
f 285//543 299//543 291//543
f 291//544 299//544 277//544
f 293//545 299//545 285//545
f 297//546 300//546 289//546
f 289//547 300//547 292//547
f 286//548 301//548 293//548
f 294//549 301//549 286//549
f 288//550 302//550 294//550
f 296//551 302//551 288//551
f 292//552 303//552 295//552
f 300//553 303//553 292//553
f 290//554 304//554 296//554
f 298//555 304//555 290//555
f 255//556 305//556 297//556
f 295//557 306//557 298//557
f 303//558 306//558 295//558
f 299//559 307//559 277//559
f 293//560 307//560 299//560
f 301//561 307//561 293//561
f 305//562 308//562 297//562
f 297//563 308//563 300//563
f 294//564 309//564 301//564
f 302//565 309//565 294//565
f 304//566 310//566 296//566
f 296//567 310//567 302//567
f 300//568 311//568 303//568
f 308//569 311//569 300//569
f 306//570 312//570 298//570
f 298//571 312//571 304//571
f 255//572 313//572 305//572
f 303//573 314//573 306//573
f 311//574 314//574 303//574
f 277//575 315//575 316//575
f 309//576 315//576 301//576
f 307//577 315//577 277//577
f 301//578 315//578 307//578
f 305//579 317//579 308//579
f 313//580 317//580 305//580
f 310//581 318//581 302//581
f 302//582 318//582 309//582
f 304//583 319//583 310//583
f 312//584 319//584 304//584
f 255//585 320//585 313//585
f 317//586 321//586 308//586
f 308//587 321//587 311//587
f 306//588 322//588 312//588
f 314//589 322//589 306//589
f 323//590 324//590 255//590
f 313//591 324//591 317//591
f 255//592 324//592 320//592
f 320//593 324//593 313//593
f 311//594 325//594 314//594
f 321//595 325//595 311//595
f 317//596 326//596 321//596
f 323//597 326//597 324//597
f 324//598 326//598 317//598
f 309//599 327//599 315//599
f 315//600 327//600 316//600
f 318//601 327//601 309//601
f 310//602 328//602 318//602
f 319//603 328//603 310//603
f 312//604 329//604 319//604
f 322//605 329//605 312//605
f 321//606 330//606 325//606
f 323//607 330//607 326//607
f 326//608 330//608 321//608
f 325//609 331//609 314//609
f 330//610 331//610 325//610
f 314//611 331//611 322//611
f 327//612 332//612 316//612
f 318//613 332//613 327//613
f 328//614 332//614 318//614
f 333//615 334//615 323//615
f 323//616 334//616 330//616
f 330//617 334//617 331//617
f 319//618 335//618 328//618
f 329//619 335//619 319//619
f 322//620 336//620 329//620
f 329//621 336//621 335//621
f 331//622 336//622 322//622
f 333//623 337//623 334//623
f 334//624 337//624 331//624
f 331//625 337//625 336//625
f 332//626 338//626 316//626
f 328//627 338//627 332//627
f 335//628 338//628 328//628
f 336//629 339//629 335//629
f 337//630 339//630 336//630
f 316//631 340//631 333//631
f 333//632 340//632 337//632
f 337//633 340//633 339//633
f 338//634 341//634 316//634
f 335//635 341//635 338//635
f 339//636 341//636 335//636
f 341//637 342//637 316//637
f 316//638 342//638 340//638
f 340//639 342//639 339//639
f 339//640 342//640 341//640
f 316//641 343//641 277//641
f 277//642 343//642 344//642
f 344//643 345//643 346//643
f 345//644 347//644 346//644
f 344//645 348//645 345//645
f 347//646 349//646 346//646
f 345//647 350//647 347//647
f 348//648 350//648 345//648
f 344//649 351//649 348//649
f 346//650 352//650 353//650
f 349//651 352//651 346//651
f 350//652 354//652 347//652
f 347//653 354//653 349//653
f 352//654 355//654 353//654
f 348//655 356//655 350//655
f 351//656 356//656 348//656
f 344//657 357//657 351//657
f 353//658 358//658 359//658
f 355//659 358//659 353//659
f 349//660 360//660 352//660
f 354//661 360//661 349//661
f 358//662 361//662 359//662
f 350//663 362//663 354//663
f 356//664 362//664 350//664
f 352//665 363//665 355//665
f 360//666 363//666 352//666
f 351//667 364//667 356//667
f 357//668 364//668 351//668
f 343//669 365//669 344//669
f 344//670 365//670 357//670
f 355//671 366//671 358//671
f 358//672 366//672 361//672
f 363//673 366//673 355//673
f 362//674 367//674 354//674
f 354//675 367//675 360//675
f 361//676 368//676 359//676
f 366//677 368//677 361//677
f 356//678 369//678 362//678
f 364//679 369//679 356//679
f 360//680 370//680 363//680
f 367//681 370//681 360//681
f 357//682 371//682 364//682
f 365//683 371//683 357//683
f 343//684 372//684 365//684
f 363//685 373//685 366//685
f 370//686 373//686 363//686
f 369//687 374//687 362//687
f 362//688 374//688 367//688
f 368//689 375//689 359//689
f 366//690 375//690 368//690
f 373//691 375//691 366//691
f 364//692 376//692 369//692
f 371//693 376//693 364//693
f 374//694 377//694 367//694
f 367//695 377//695 370//695
f 365//696 378//696 371//696
f 372//697 378//697 365//697
f 343//698 379//698 372//698
f 377//699 380//699 370//699
f 370//700 380//700 373//700
f 369//701 381//701 374//701
f 376//702 381//702 369//702
f 380//703 382//703 373//703
f 375//704 382//704 359//704
f 373//705 382//705 375//705
f 378//706 383//706 371//706
f 371//707 383//707 376//707
f 381//708 384//708 374//708
f 374//709 384//709 377//709
f 379//710 385//710 372//710
f 372//711 385//711 378//711
f 343//712 386//712 379//712
f 384//713 387//713 377//713
f 377//714 387//714 380//714
f 383//715 388//715 376//715
f 376//716 388//716 381//716
f 359//717 389//717 390//717
f 382//718 389//718 359//718
f 387//719 389//719 380//719
f 380//720 389//720 382//720
f 385//721 391//721 378//721
f 378//722 391//722 383//722
f 388//723 392//723 381//723
f 381//724 392//724 384//724
f 379//725 393//725 385//725
f 386//726 393//726 379//726
f 343//727 394//727 386//727
f 384//728 395//728 387//728
f 392//729 395//729 384//729
f 387//730 395//730 389//730
f 383//731 396//731 388//731
f 391//732 396//732 383//732
f 397//733 398//733 343//733
f 343//734 398//734 394//734
f 389//735 399//735 390//735
f 395//736 399//736 389//736
f 385//737 400//737 391//737
f 393//738 400//738 385//738
f 388//739 401//739 392//739
f 396//740 401//740 388//740
f 386//741 402//741 393//741
f 394//742 402//742 386//742
f 392//743 403//743 395//743
f 401//744 403//744 392//744
f 391//745 404//745 396//745
f 400//746 404//746 391//746
f 397//747 405//747 398//747
f 398//748 405//748 394//748
f 394//749 405//749 402//749
f 399//750 406//750 390//750
f 395//751 406//751 399//751
f 403//752 406//752 395//752
f 402//753 407//753 393//753
f 393//754 407//754 400//754
f 405//755 407//755 402//755
f 401//756 408//756 403//756
f 396//757 408//757 401//757
f 404//758 408//758 396//758
f 397//759 409//759 405//759
f 405//760 409//760 407//760
f 408//761 410//761 403//761
f 400//762 411//762 404//762
f 407//763 411//763 400//763
f 403//764 412//764 406//764
f 406//765 412//765 390//765
f 410//766 412//766 403//766
f 413//767 414//767 397//767
f 397//768 414//768 409//768
f 409//769 414//769 407//769
f 407//770 414//770 411//770
f 404//771 415//771 408//771
f 411//772 415//772 404//772
f 415//773 416//773 408//773
f 408//774 416//774 410//774
f 414//775 417//775 411//775
f 413//776 417//776 414//776
f 411//777 417//777 415//777
f 410//778 418//778 412//778
f 416//779 418//779 410//779
f 412//780 418//780 390//780
f 415//781 419//781 416//781
f 390//782 419//782 413//782
f 413//783 419//783 417//783
f 416//784 419//784 418//784
f 417//785 419//785 415//785
f 390//786 420//786 419//786
f 418//787 420//787 390//787
f 419//788 420//788 418//788
f 390//789 421//789 359//789
f 359//790 421//790 422//790
f 421//791 423//791 422//791
f 422//792 423//792 424//792
f 423//793 425//793 424//793
f 424//794 425//794 426//794
f 426//795 427//795 428//795
f 429//796 427//796 426//796
f 427//797 430//797 428//797
f 426//798 431//798 429//798
f 430//799 432//799 428//799
f 431//800 433//800 429//800
f 429//801 433//801 427//801
f 427//802 434//802 430//802
f 433//803 434//803 427//803
f 428//804 435//804 436//804
f 432//805 435//805 428//805
f 426//806 437//806 431//806
f 430//807 438//807 432//807
f 434//808 438//808 430//808
f 431//809 439//809 433//809
f 437//810 439//810 431//810
f 435//811 440//811 436//811
f 433//812 441//812 434//812
f 439//813 441//813 433//813
f 432//814 442//814 435//814
f 438//815 442//815 432//815
f 426//816 443//816 437//816
f 441//817 444//817 434//817
f 434//818 444//818 438//818
f 437//819 445//819 439//819
f 443//820 445//820 437//820
f 436//821 446//821 447//821
f 440//822 446//822 436//822
f 442//823 448//823 435//823
f 435//824 448//824 440//824
f 439//825 449//825 441//825
f 445//826 449//826 439//826
f 438//827 450//827 442//827
f 444//828 450//828 438//828
f 425//829 451//829 426//829
f 426//830 451//830 443//830
f 441//831 452//831 444//831
f 449//832 452//832 441//832
f 446//833 453//833 447//833
f 443//834 454//834 445//834
f 451//835 454//835 443//835
f 440//836 455//836 446//836
f 448//837 455//837 440//837
f 442//838 456//838 448//838
f 450//839 456//839 442//839
f 454//840 457//840 445//840
f 445//841 457//841 449//841
f 444//842 458//842 450//842
f 452//843 458//843 444//843
f 425//844 459//844 451//844
f 449//845 460//845 452//845
f 457//846 460//846 449//846
f 453//847 461//847 447//847
f 446//848 461//848 453//848
f 455//849 461//849 446//849
f 459//850 462//850 451//850
f 451//851 462//851 454//851
f 448//852 463//852 455//852
f 456//853 463//853 448//853
f 458//854 464//854 450//854
f 450//855 464//855 456//855
f 462//856 465//856 454//856
f 454//857 465//857 457//857
f 460//858 466//858 452//858
f 452//859 466//859 458//859
f 425//860 467//860 459//860
f 465//861 468//861 457//861
f 457//862 468//862 460//862
f 455//863 469//863 461//863
f 461//864 469//864 447//864
f 463//865 469//865 455//865
f 467//866 470//866 459//866
f 459//867 470//867 462//867
f 456//868 471//868 463//868
f 464//869 471//869 456//869
f 458//870 472//870 464//870
f 466//871 472//871 458//871
f 462//872 473//872 465//872
f 470//873 473//873 462//873
f 460//874 474//874 466//874
f 468//875 474//875 460//875
f 425//876 475//876 467//876
f 465//877 476//877 468//877
f 473//878 476//878 465//878
f 469//879 477//879 447//879
f 463//880 477//880 469//880
f 471//881 477//881 463//881
f 475//882 478//882 467//882
f 467//883 478//883 470//883
f 464//884 479//884 471//884
f 472//885 479//885 464//885
f 474//886 480//886 466//886
f 466//887 480//887 472//887
f 470//888 481//888 473//888
f 478//889 481//889 470//889
f 476//890 482//890 468//890
f 468//891 482//891 474//891
f 425//892 483//892 475//892
f 473//893 484//893 476//893
f 481//894 484//894 473//894
f 447//895 485//895 486//895
f 479//896 485//896 471//896
f 477//897 485//897 447//897
f 471//898 485//898 477//898
f 475//899 487//899 478//899
f 483//900 487//900 475//900
f 480//901 488//901 472//901
f 479//902 488//902 485//902
f 472//903 488//903 479//903
f 474//904 489//904 480//904
f 482//905 489//905 474//905
f 425//906 490//906 483//906
f 487//907 491//907 478//907
f 478//908 491//908 481//908
f 476//909 492//909 482//909
f 484//910 492//910 476//910
f 493//911 494//911 425//911
f 483//912 494//912 487//912
f 425//913 494//913 490//913
f 490//914 494//914 483//914
f 481//915 495//915 484//915
f 491//916 495//916 481//916
f 487//917 496//917 491//917
f 493//918 496//918 494//918
f 494//919 496//919 487//919
f 485//920 497//920 486//920
f 488//921 497//921 485//921
f 480//922 498//922 488//922
f 489//923 498//923 480//923
f 482//924 499//924 489//924
f 492//925 499//925 482//925
f 491//926 500//926 495//926
f 493//927 500//927 496//927
f 496//928 500//928 491//928
f 495//929 501//929 484//929
f 500//930 501//930 495//930
f 484//931 501//931 492//931
f 497//932 502//932 486//932
f 488//933 502//933 497//933
f 498//934 502//934 488//934
f 503//935 504//935 493//935
f 493//936 504//936 500//936
f 500//937 504//937 501//937
f 489//938 505//938 498//938
f 499//939 505//939 489//939
f 492//940 506//940 499//940
f 504//941 506//941 501//941
f 501//942 506//942 492//942
f 503//943 507//943 504//943
f 504//944 507//944 506//944
f 502//945 508//945 486//945
f 498//946 508//946 502//946
f 505//947 508//947 498//947
f 506//948 509//948 499//948
f 499//949 509//949 505//949
f 505//950 509//950 508//950
f 486//951 510//951 503//951
f 503//952 510//952 507//952
f 507//953 510//953 506//953
f 506//954 510//954 509//954
f 508//955 511//955 486//955
f 509//956 511//956 508//956
f 511//957 512//957 486//957
f 486//958 512//958 510//958
f 510//959 512//959 509//959
f 509//960 512//960 511//960
f 486//961 513//961 447//961
f 447//962 513//962 514//962
f 514//963 515//963 516//963
f 515//964 517//964 516//964
f 514//965 518//965 515//965
f 517//966 519//966 516//966
f 515//967 520//967 517//967
f 518//968 520//968 515//968
f 514//969 521//969 518//969
f 516//970 522//970 523//970
f 519//971 522//971 516//971
f 520//972 524//972 517//972
f 517//973 524//973 519//973
f 522//974 525//974 523//974
f 518//975 526//975 520//975
f 521//976 526//976 518//976
f 514//977 527//977 521//977
f 523//978 528//978 529//978
f 525//979 528//979 523//979
f 519//980 530//980 522//980
f 524//981 530//981 519//981
f 528//982 531//982 529//982
f 520//983 532//983 524//983
f 526//984 532//984 520//984
f 522//985 533//985 525//985
f 530//986 533//986 522//986
f 521//987 534//987 526//987
f 527//988 534//988 521//988
f 513//989 535//989 514//989
f 514//990 535//990 527//990
f 525//991 536//991 528//991
f 533//992 536//992 525//992
f 532//993 537//993 524//993
f 524//994 537//994 530//994
f 531//995 538//995 529//995
f 528//996 538//996 531//996
f 536//997 538//997 528//997
f 526//998 539//998 532//998
f 534//999 539//999 526//999
f 530//1000 540//1000 533//1000
f 537//1001 540//1001 530//1001
f 527//1002 541//1002 534//1002
f 535//1003 541//1003 527//1003
f 513//1004 542//1004 535//1004
f 533//1005 543//1005 536//1005
f 540//1006 543//1006 533//1006
f 539//1007 544//1007 532//1007
f 532//1008 544//1008 537//1008
f 538//1009 545//1009 529//1009
f 536//1010 545//1010 538//1010
f 543//1011 545//1011 536//1011
f 534//1012 546//1012 539//1012
f 541//1013 546//1013 534//1013
f 544//1014 547//1014 537//1014
f 537//1015 547//1015 540//1015
f 535//1016 548//1016 541//1016
f 542//1017 548//1017 535//1017
f 513//1018 549//1018 542//1018
f 547//1019 550//1019 540//1019
f 540//1020 550//1020 543//1020
f 539//1021 551//1021 544//1021
f 546//1022 551//1022 539//1022
f 550//1023 552//1023 543//1023
f 545//1024 552//1024 529//1024
f 543//1025 552//1025 545//1025
f 548//1026 553//1026 541//1026
f 541//1027 553//1027 546//1027
f 551//1028 554//1028 544//1028
f 544//1029 554//1029 547//1029
f 549//1030 555//1030 542//1030
f 542//1031 555//1031 548//1031
f 548//1032 555//1032 553//1032
f 513//1033 556//1033 549//1033
f 554//1034 557//1034 547//1034
f 547//1035 557//1035 550//1035
f 553//1036 558//1036 546//1036
f 546//1037 558//1037 551//1037
f 529//1038 559//1038 560//1038
f 552//1039 559//1039 529//1039
f 557//1040 559//1040 550//1040
f 550//1041 559//1041 552//1041
f 555//1042 561//1042 553//1042
f 554//1043 562//1043 557//1043
f 558//1044 562//1044 551//1044
f 551//1045 562//1045 554//1045
f 549//1046 563//1046 555//1046
f 556//1047 563//1047 549//1047
f 513//1048 564//1048 556//1048
f 562//1049 565//1049 557//1049
f 557//1050 565//1050 559//1050
f 553//1051 566//1051 558//1051
f 561//1052 566//1052 553//1052
f 567//1053 568//1053 513//1053
f 513//1054 568//1054 564//1054
f 559//1055 569//1055 560//1055
f 565//1056 569//1056 559//1056
f 555//1057 570//1057 561//1057
f 563//1058 570//1058 555//1058
f 566//1059 571//1059 558//1059
f 558//1060 571//1060 562//1060
f 562//1061 571//1061 565//1061
f 556//1062 572//1062 563//1062
f 564//1063 572//1063 556//1063
f 571//1064 573//1064 565//1064
f 561//1065 574//1065 566//1065
f 570//1066 574//1066 561//1066
f 567//1067 575//1067 568//1067
f 568//1068 575//1068 564//1068
f 564//1069 575//1069 572//1069
f 569//1070 576//1070 560//1070
f 565//1071 576//1071 569//1071
f 573//1072 576//1072 565//1072
f 572//1073 577//1073 563//1073
f 563//1074 577//1074 570//1074
f 575//1075 577//1075 572//1075
f 566//1076 578//1076 571//1076
f 571//1077 578//1077 573//1077
f 574//1078 578//1078 566//1078
f 567//1079 579//1079 575//1079
f 575//1080 579//1080 577//1080
f 578//1081 580//1081 573//1081
f 570//1082 581//1082 574//1082
f 577//1083 581//1083 570//1083
f 576//1084 582//1084 560//1084
f 573//1085 582//1085 576//1085
f 580//1086 582//1086 573//1086
f 583//1087 584//1087 567//1087
f 567//1088 584//1088 579//1088
f 579//1089 584//1089 577//1089
f 577//1090 584//1090 581//1090
f 581//1091 585//1091 574//1091
f 574//1092 585//1092 578//1092
f 585//1093 586//1093 578//1093
f 578//1094 586//1094 580//1094
f 584//1095 587//1095 581//1095
f 583//1096 587//1096 584//1096
f 581//1097 587//1097 585//1097
f 580//1098 588//1098 582//1098
f 586//1099 588//1099 580//1099
f 582//1100 588//1100 560//1100
f 585//1101 589//1101 586//1101
f 560//1102 589//1102 583//1102
f 583//1103 589//1103 587//1103
f 586//1104 589//1104 588//1104
f 587//1105 589//1105 585//1105
f 560//1106 590//1106 589//1106
f 588//1107 590//1107 560//1107
f 589//1108 590//1108 588//1108
f 560//1109 591//1109 529//1109
f 529//1110 591//1110 592//1110
f 591//1111 593//1111 592//1111
f 592//1112 593//1112 594//1112
f 593//1113 595//1113 594//1113
f 594//1114 595//1114 596//1114
f 596//1115 597//1115 598//1115
f 599//1116 597//1116 596//1116
f 597//1117 600//1117 598//1117
f 596//1118 601//1118 599//1118
f 598//1119 602//1119 603//1119
f 600//1120 602//1120 598//1120
f 601//1121 604//1121 599//1121
f 599//1122 604//1122 597//1122
f 597//1123 605//1123 600//1123
f 604//1124 605//1124 597//1124
f 602//1125 606//1125 603//1125
f 596//1126 607//1126 601//1126
f 600//1127 608//1127 602//1127
f 605//1128 608//1128 600//1128
f 601//1129 609//1129 604//1129
f 607//1130 609//1130 601//1130
f 606//1131 610//1131 603//1131
f 604//1132 611//1132 605//1132
f 609//1133 611//1133 604//1133
f 602//1134 612//1134 606//1134
f 608//1135 612//1135 602//1135
f 596//1136 613//1136 607//1136
f 611//1137 614//1137 605//1137
f 605//1138 614//1138 608//1138
f 607//1139 615//1139 609//1139
f 613//1140 615//1140 607//1140
f 603//1141 616//1141 617//1141
f 610//1142 616//1142 603//1142
f 606//1143 618//1143 610//1143
f 612//1144 618//1144 606//1144
f 609//1145 619//1145 611//1145
f 615//1146 619//1146 609//1146
f 608//1147 620//1147 612//1147
f 614//1148 620//1148 608//1148
f 595//1149 621//1149 596//1149
f 596//1150 621//1150 613//1150
f 611//1151 622//1151 614//1151
f 619//1152 622//1152 611//1152
f 613//1153 623//1153 615//1153
f 621//1154 623//1154 613//1154
f 616//1155 624//1155 617//1155
f 610//1156 624//1156 616//1156
f 618//1157 624//1157 610//1157
f 620//1158 625//1158 612//1158
f 612//1159 625//1159 618//1159
f 623//1160 626//1160 615//1160
f 615//1161 626//1161 619//1161
f 614//1162 627//1162 620//1162
f 622//1163 627//1163 614//1163
f 595//1164 628//1164 621//1164
f 619//1165 629//1165 622//1165
f 626//1166 629//1166 619//1166
f 622//1167 629//1167 627//1167
f 621//1168 630//1168 623//1168
f 628//1169 630//1169 621//1169
f 624//1170 631//1170 617//1170
f 618//1171 631//1171 624//1171
f 625//1172 631//1172 618//1172
f 620//1173 632//1173 625//1173
f 627//1174 632//1174 620//1174
f 630//1175 633//1175 623//1175
f 623//1176 633//1176 626//1176
f 629//1177 634//1177 627//1177
f 595//1178 635//1178 628//1178
f 626//1179 636//1179 629//1179
f 633//1180 636//1180 626//1180
f 628//1181 637//1181 630//1181
f 635//1182 637//1182 628//1182
f 625//1183 638//1183 631//1183
f 631//1184 638//1184 617//1184
f 632//1185 638//1185 625//1185
f 634//1186 639//1186 627//1186
f 627//1187 639//1187 632//1187
f 630//1188 640//1188 633//1188
f 637//1189 640//1189 630//1189
f 636//1190 641//1190 629//1190
f 629//1191 641//1191 634//1191
f 595//1192 642//1192 635//1192
f 635//1193 642//1193 637//1193
f 633//1194 643//1194 636//1194
f 640//1195 643//1195 633//1195
f 642//1196 644//1196 637//1196
f 617//1197 645//1197 646//1197
f 638//1198 645//1198 617//1198
f 632//1199 645//1199 638//1199
f 639//1200 645//1200 632//1200
f 634//1201 647//1201 639//1201
f 641//1202 647//1202 634//1202
f 637//1203 648//1203 640//1203
f 640//1204 648//1204 643//1204
f 644//1205 648//1205 637//1205
f 636//1206 649//1206 641//1206
f 643//1207 649//1207 636//1207
f 595//1208 650//1208 642//1208
f 648//1209 651//1209 643//1209
f 642//1210 652//1210 644//1210
f 650//1211 652//1211 642//1211
f 595//1212 653//1212 650//1212
f 647//1213 654//1213 639//1213
f 639//1214 654//1214 645//1214
f 645//1215 654//1215 646//1215
f 641//1216 655//1216 647//1216
f 649//1217 655//1217 641//1217
f 644//1218 656//1218 648//1218
f 652//1219 656//1219 644//1219
f 657//1220 658//1220 595//1220
f 652//1221 658//1221 656//1221
f 650//1222 658//1222 652//1222
f 595//1223 658//1223 653//1223
f 653//1224 658//1224 650//1224
f 643//1225 659//1225 649//1225
f 651//1226 659//1226 643//1226
f 657//1227 660//1227 658//1227
f 658//1228 660//1228 656//1228
f 648//1229 661//1229 651//1229
f 656//1230 661//1230 648//1230
f 655//1231 662//1231 647//1231
f 647//1232 662//1232 654//1232
f 654//1233 662//1233 646//1233
f 649//1234 663//1234 655//1234
f 659//1235 663//1235 649//1235
f 664//1236 665//1236 657//1236
f 657//1237 665//1237 660//1237
f 660//1238 665//1238 656//1238
f 656//1239 665//1239 661//1239
f 661//1240 666//1240 651//1240
f 651//1241 666//1241 659//1241
f 659//1242 666//1242 663//1242
f 661//1243 667//1243 666//1243
f 664//1244 667//1244 665//1244
f 665//1245 667//1245 661//1245
f 663//1246 668//1246 655//1246
f 655//1247 668//1247 662//1247
f 662//1248 668//1248 646//1248
f 666//1249 669//1249 663//1249
f 667//1250 670//1250 666//1250
f 664//1251 670//1251 667//1251
f 666//1252 670//1252 669//1252
f 668//1253 671//1253 646//1253
f 663//1254 671//1254 668//1254
f 669//1255 671//1255 663//1255
f 646//1256 672//1256 664//1256
f 671//1257 672//1257 646//1257
f 664//1258 672//1258 670//1258
f 670//1259 672//1259 669//1259
f 669//1260 672//1260 671//1260
f 646//1261 673//1261 617//1261
f 617//1262 673//1262 674//1262
f 674//1263 675//1263 676//1263
f 675//1264 677//1264 676//1264
f 674//1265 678//1265 675//1265
f 677//1266 679//1266 676//1266
f 675//1267 680//1267 677//1267
f 678//1268 680//1268 675//1268
f 674//1269 681//1269 678//1269
f 676//1270 682//1270 683//1270
f 679//1271 682//1271 676//1271
f 680//1272 684//1272 677//1272
f 677//1273 684//1273 679//1273
f 682//1274 685//1274 683//1274
f 678//1275 686//1275 680//1275
f 681//1276 686//1276 678//1276
f 674//1277 687//1277 681//1277
f 683//1278 688//1278 689//1278
f 685//1279 688//1279 683//1279
f 679//1280 690//1280 682//1280
f 684//1281 690//1281 679//1281
f 688//1282 691//1282 689//1282
f 680//1283 692//1283 684//1283
f 686//1284 692//1284 680//1284
f 682//1285 693//1285 685//1285
f 690//1286 693//1286 682//1286
f 681//1287 694//1287 686//1287
f 687//1288 694//1288 681//1288
f 673//1289 695//1289 674//1289
f 674//1290 695//1290 687//1290
f 685//1291 696//1291 688//1291
f 693//1292 696//1292 685//1292
f 692//1293 697//1293 684//1293
f 684//1294 697//1294 690//1294
f 691//1295 698//1295 689//1295
f 688//1296 698//1296 691//1296
f 696//1297 698//1297 688//1297
f 686//1298 699//1298 692//1298
f 694//1299 699//1299 686//1299
f 690//1300 700//1300 693//1300
f 697//1301 700//1301 690//1301
f 687//1302 701//1302 694//1302
f 695//1303 701//1303 687//1303
f 673//1304 702//1304 695//1304
f 693//1305 703//1305 696//1305
f 700//1306 703//1306 693//1306
f 699//1307 704//1307 692//1307
f 692//1308 704//1308 697//1308
f 698//1309 705//1309 689//1309
f 696//1310 705//1310 698//1310
f 703//1311 705//1311 696//1311
f 694//1312 706//1312 699//1312
f 701//1313 706//1313 694//1313
f 704//1314 707//1314 697//1314
f 697//1315 707//1315 700//1315
f 695//1316 708//1316 701//1316
f 702//1317 708//1317 695//1317
f 673//1318 709//1318 702//1318
f 707//1319 710//1319 700//1319
f 700//1320 710//1320 703//1320
f 699//1321 711//1321 704//1321
f 706//1322 711//1322 699//1322
f 704//1323 711//1323 707//1323
f 710//1324 712//1324 703//1324
f 705//1325 712//1325 689//1325
f 703//1326 712//1326 705//1326
f 708//1327 713//1327 701//1327
f 706//1328 713//1328 711//1328
f 701//1329 713//1329 706//1329
f 711//1330 714//1330 707//1330
f 709//1331 715//1331 702//1331
f 702//1332 715//1332 708//1332
f 673//1333 716//1333 709//1333
f 714//1334 717//1334 707//1334
f 710//1335 717//1335 712//1335
f 707//1336 717//1336 710//1336
f 713//1337 718//1337 711//1337
f 689//1338 719//1338 720//1338
f 712//1339 719//1339 689//1339
f 717//1340 719//1340 712//1340
f 715//1341 721//1341 708//1341
f 708//1342 721//1342 713//1342
f 718//1343 722//1343 711//1343
f 711//1344 722//1344 714//1344
f 709//1345 723//1345 715//1345
f 716//1346 723//1346 709//1346
f 673//1347 724//1347 716//1347
f 714//1348 725//1348 717//1348
f 722//1349 725//1349 714//1349
f 717//1350 725//1350 719//1350
f 713//1351 726//1351 718//1351
f 721//1352 726//1352 713//1352
f 727//1353 728//1353 673//1353
f 673//1354 728//1354 724//1354
f 725//1355 729//1355 719//1355
f 719//1356 729//1356 720//1356
f 715//1357 730//1357 721//1357
f 723//1358 730//1358 715//1358
f 718//1359 731//1359 722//1359
f 726//1360 731//1360 718//1360
f 722//1361 731//1361 725//1361
f 716//1362 732//1362 723//1362
f 724//1363 732//1363 716//1363
f 731//1364 733//1364 725//1364
f 721//1365 734//1365 726//1365
f 730//1366 734//1366 721//1366
f 727//1367 735//1367 728//1367
f 728//1368 735//1368 724//1368
f 724//1369 735//1369 732//1369
f 729//1370 736//1370 720//1370
f 725//1371 736//1371 729//1371
f 733//1372 736//1372 725//1372
f 732//1373 737//1373 723//1373
f 723//1374 737//1374 730//1374
f 726//1375 738//1375 731//1375
f 734//1376 738//1376 726//1376
f 732//1377 739//1377 737//1377
f 727//1378 739//1378 735//1378
f 735//1379 739//1379 732//1379
f 738//1380 740//1380 731//1380
f 731//1381 740//1381 733//1381
f 730//1382 741//1382 734//1382
f 737//1383 741//1383 730//1383
f 736//1384 742//1384 720//1384
f 733//1385 742//1385 736//1385
f 740//1386 742//1386 733//1386
f 743//1387 744//1387 727//1387
f 727//1388 744//1388 739//1388
f 739//1389 744//1389 737//1389
f 737//1390 744//1390 741//1390
f 744//1391 745//1391 741//1391
f 738//1392 745//1392 740//1392
f 741//1393 745//1393 734//1393
f 734//1394 745//1394 738//1394
f 745//1395 746//1395 740//1395
f 743//1396 747//1396 744//1396
f 744//1397 747//1397 745//1397
f 740//1398 748//1398 742//1398
f 746//1399 748//1399 740//1399
f 742//1400 748//1400 720//1400
f 743//1401 749//1401 747//1401
f 720//1402 749//1402 743//1402
f 745//1403 749//1403 746//1403
f 747//1404 749//1404 745//1404
f 720//1405 750//1405 749//1405
f 748//1406 750//1406 720//1406
f 746//1407 750//1407 748//1407
f 749//1408 750//1408 746//1408
f 720//1409 751//1409 689//1409
f 689//1410 751//1410 752//1410
f 751//1411 753//1411 752//1411
f 752//1412 753//1412 754//1412
f 753//1413 755//1413 754//1413
f 754//1414 755//1414 756//1414
f 756//1415 757//1415 758//1415
f 759//1416 757//1416 756//1416
f 757//1417 760//1417 758//1417
f 756//1418 761//1418 759//1418
f 758//1419 762//1419 763//1419
f 760//1420 762//1420 758//1420
f 761//1421 764//1421 759//1421
f 759//1422 764//1422 757//1422
f 757//1423 765//1423 760//1423
f 764//1424 765//1424 757//1424
f 762//1425 766//1425 763//1425
f 756//1426 767//1426 761//1426
f 760//1427 768//1427 762//1427
f 765//1428 768//1428 760//1428
f 761//1429 769//1429 764//1429
f 767//1430 769//1430 761//1430
f 766//1431 770//1431 763//1431
f 764//1432 771//1432 765//1432
f 769//1433 771//1433 764//1433
f 762//1434 772//1434 766//1434
f 768//1435 772//1435 762//1435
f 756//1436 773//1436 767//1436
f 771//1437 774//1437 765//1437
f 765//1438 774//1438 768//1438
f 767//1439 775//1439 769//1439
f 773//1440 775//1440 767//1440
f 763//1441 776//1441 777//1441
f 770//1442 776//1442 763//1442
f 766//1443 778//1443 770//1443
f 772//1444 778//1444 766//1444
f 769//1445 779//1445 771//1445
f 775//1446 779//1446 769//1446
f 768//1447 780//1447 772//1447
f 774//1448 780//1448 768//1448
f 755//1449 781//1449 756//1449
f 756//1450 781//1450 773//1450
f 771//1451 782//1451 774//1451
f 779//1452 782//1452 771//1452
f 773//1453 783//1453 775//1453
f 781//1454 783//1454 773//1454
f 776//1455 784//1455 777//1455
f 770//1456 784//1456 776//1456
f 778//1457 784//1457 770//1457
f 780//1458 785//1458 772//1458
f 772//1459 785//1459 778//1459
f 783//1460 786//1460 775//1460
f 775//1461 786//1461 779//1461
f 774//1462 787//1462 780//1462
f 782//1463 787//1463 774//1463
f 755//1464 788//1464 781//1464
f 779//1465 789//1465 782//1465
f 786//1466 789//1466 779//1466
f 781//1467 790//1467 783//1467
f 788//1468 790//1468 781//1468
f 784//1469 791//1469 777//1469
f 778//1470 791//1470 784//1470
f 785//1471 791//1471 778//1471
f 780//1472 792//1472 785//1472
f 787//1473 792//1473 780//1473
f 786//1474 793//1474 789//1474
f 790//1475 793//1475 783//1475
f 783//1476 793//1476 786//1476
f 789//1477 794//1477 782//1477
f 782//1478 794//1478 787//1478
f 755//1479 795//1479 788//1479
f 793//1480 796//1480 789//1480
f 788//1481 797//1481 790//1481
f 795//1482 797//1482 788//1482
f 785//1483 798//1483 791//1483
f 791//1484 798//1484 777//1484
f 792//1485 798//1485 785//1485
f 794//1486 799//1486 787//1486
f 787//1487 799//1487 792//1487
f 790//1488 800//1488 793//1488
f 797//1489 800//1489 790//1489
f 796//1490 801//1490 789//1490
f 789//1491 801//1491 794//1491
f 755//1492 802//1492 795//1492
f 796//1493 803//1493 801//1493
f 793//1494 803//1494 796//1494
f 800//1495 803//1495 793//1495
f 795//1496 804//1496 797//1496
f 802//1497 804//1497 795//1497
f 777//1498 805//1498 806//1498
f 798//1499 805//1499 777//1499
f 792//1500 805//1500 798//1500
f 799//1501 805//1501 792//1501
f 794//1502 807//1502 799//1502
f 801//1503 807//1503 794//1503
f 797//1504 808//1504 800//1504
f 804//1505 808//1505 797//1505
f 803//1506 809//1506 801//1506
f 755//1507 810//1507 802//1507
f 800//1508 811//1508 803//1508
f 808//1509 811//1509 800//1509
f 802//1510 812//1510 804//1510
f 810//1511 812//1511 802//1511
f 755//1512 813//1512 810//1512
f 799//1513 814//1513 805//1513
f 807//1514 814//1514 799//1514
f 805//1515 814//1515 806//1515
f 801//1516 815//1516 807//1516
f 809//1517 815//1517 801//1517
f 812//1518 816//1518 804//1518
f 804//1519 816//1519 808//1519
f 817//1520 818//1520 755//1520
f 810//1521 818//1521 812//1521
f 755//1522 818//1522 813//1522
f 813//1523 818//1523 810//1523
f 803//1524 819//1524 809//1524
f 811//1525 819//1525 803//1525
f 812//1526 820//1526 816//1526
f 817//1527 820//1527 818//1527
f 818//1528 820//1528 812//1528
f 808//1529 821//1529 811//1529
f 816//1530 821//1530 808//1530
f 807//1531 822//1531 814//1531
f 814//1532 822//1532 806//1532
f 815//1533 822//1533 807//1533
f 819//1534 823//1534 809//1534
f 809//1535 823//1535 815//1535
f 824//1536 825//1536 817//1536
f 817//1537 825//1537 820//1537
f 820//1538 825//1538 816//1538
f 816//1539 825//1539 821//1539
f 811//1540 826//1540 819//1540
f 821//1541 826//1541 811//1541
f 825//1542 826//1542 821//1542
f 825//1543 827//1543 826//1543
f 824//1544 827//1544 825//1544
f 815//1545 828//1545 822//1545
f 822//1546 828//1546 806//1546
f 823//1547 828//1547 815//1547
f 819//1548 829//1548 823//1548
f 826//1549 829//1549 819//1549
f 827//1550 829//1550 826//1550
f 824//1551 830//1551 827//1551
f 827//1552 830//1552 829//1552
f 828//1553 831//1553 806//1553
f 829//1554 831//1554 823//1554
f 823//1555 831//1555 828//1555
f 831//1556 832//1556 806//1556
f 824//1557 832//1557 830//1557
f 806//1558 832//1558 824//1558
f 830//1559 832//1559 829//1559
f 829//1560 832//1560 831//1560
f 806//1561 833//1561 777//1561
f 777//1562 833//1562 834//1562
f 834//1563 835//1563 836//1563
f 835//1564 837//1564 836//1564
f 834//1565 838//1565 835//1565
f 837//1566 839//1566 836//1566
f 835//1567 840//1567 837//1567
f 838//1568 840//1568 835//1568
f 834//1569 841//1569 838//1569
f 836//1570 842//1570 843//1570
f 839//1571 842//1571 836//1571
f 840//1572 844//1572 837//1572
f 837//1573 844//1573 839//1573
f 842//1574 845//1574 843//1574
f 838//1575 846//1575 840//1575
f 841//1576 846//1576 838//1576
f 834//1577 847//1577 841//1577
f 843//1578 848//1578 849//1578
f 845//1579 848//1579 843//1579
f 839//1580 850//1580 842//1580
f 844//1581 850//1581 839//1581
f 848//1582 851//1582 849//1582
f 840//1583 852//1583 844//1583
f 846//1584 852//1584 840//1584
f 842//1585 853//1585 845//1585
f 850//1586 853//1586 842//1586
f 841//1587 854//1587 846//1587
f 847//1588 854//1588 841//1588
f 833//1589 855//1589 834//1589
f 834//1590 855//1590 847//1590
f 845//1591 856//1591 848//1591
f 853//1592 856//1592 845//1592
f 852//1593 857//1593 844//1593
f 844//1594 857//1594 850//1594
f 851//1595 858//1595 849//1595
f 848//1596 858//1596 851//1596
f 856//1597 858//1597 848//1597
f 846//1598 859//1598 852//1598
f 854//1599 859//1599 846//1599
f 850//1600 860//1600 853//1600
f 857//1601 860//1601 850//1601
f 847//1602 861//1602 854//1602
f 855//1603 861//1603 847//1603
f 833//1604 862//1604 855//1604
f 853//1605 863//1605 856//1605
f 860//1606 863//1606 853//1606
f 859//1607 864//1607 852//1607
f 852//1608 864//1608 857//1608
f 858//1609 865//1609 849//1609
f 856//1610 865//1610 858//1610
f 863//1611 865//1611 856//1611
f 854//1612 866//1612 859//1612
f 861//1613 866//1613 854//1613
f 864//1614 867//1614 857//1614
f 857//1615 867//1615 860//1615
f 855//1616 868//1616 861//1616
f 862//1617 868//1617 855//1617
f 833//1618 869//1618 862//1618
f 867//1619 870//1619 860//1619
f 860//1620 870//1620 863//1620
f 859//1621 871//1621 864//1621
f 866//1622 871//1622 859//1622
f 870//1623 872//1623 863//1623
f 865//1624 872//1624 849//1624
f 863//1625 872//1625 865//1625
f 868//1626 873//1626 861//1626
f 861//1627 873//1627 866//1627
f 871//1628 874//1628 864//1628
f 864//1629 874//1629 867//1629
f 869//1630 875//1630 862//1630
f 862//1631 875//1631 868//1631
f 833//1632 876//1632 869//1632
f 874//1633 877//1633 867//1633
f 870//1634 877//1634 872//1634
f 867//1635 877//1635 870//1635
f 873//1636 878//1636 866//1636
f 866//1637 878//1637 871//1637
f 849//1638 879//1638 880//1638
f 872//1639 879//1639 849//1639
f 877//1640 879//1640 872//1640
f 873//1641 881//1641 878//1641
f 875//1642 881//1642 868//1642
f 868//1643 881//1643 873//1643
f 874//1644 882//1644 877//1644
f 878//1645 882//1645 871//1645
f 871//1646 882//1646 874//1646
f 869//1647 883//1647 875//1647
f 876//1648 883//1648 869//1648
f 875//1649 883//1649 881//1649
f 833//1650 884//1650 876//1650
f 882//1651 885//1651 877//1651
f 881//1652 886//1652 878//1652
f 887//1653 888//1653 833//1653
f 833//1654 888//1654 884//1654
f 877//1655 889//1655 879//1655
f 885//1656 889//1656 877//1656
f 879//1657 889//1657 880//1657
f 883//1658 890//1658 881//1658
f 878//1659 891//1659 882//1659
f 886//1660 891//1660 878//1660
f 876//1661 892//1661 883//1661
f 884//1662 892//1662 876//1662
f 882//1663 893//1663 885//1663
f 891//1664 893//1664 882//1664
f 885//1665 893//1665 889//1665
f 881//1666 894//1666 886//1666
f 890//1667 894//1667 881//1667
f 887//1668 895//1668 888//1668
f 888//1669 895//1669 884//1669
f 884//1670 895//1670 892//1670
f 889//1671 896//1671 880//1671
f 893//1672 896//1672 889//1672
f 883//1673 897//1673 890//1673
f 892//1674 897//1674 883//1674
f 886//1675 898//1675 891//1675
f 894//1676 898//1676 886//1676
f 895//1677 899//1677 892//1677
f 887//1678 899//1678 895//1678
f 892//1679 899//1679 897//1679
f 898//1680 900//1680 891//1680
f 891//1681 900//1681 893//1681
f 890//1682 901//1682 894//1682
f 897//1683 901//1683 890//1683
f 896//1684 902//1684 880//1684
f 893//1685 902//1685 896//1685
f 900//1686 902//1686 893//1686
f 903//1687 904//1687 887//1687
f 887//1688 904//1688 899//1688
f 899//1689 904//1689 897//1689
f 897//1690 904//1690 901//1690
f 904//1691 905//1691 901//1691
f 901//1692 905//1692 894//1692
f 894//1693 905//1693 898//1693
f 900//1694 906//1694 902//1694
f 905//1695 906//1695 898//1695
f 898//1696 906//1696 900//1696
f 904//1697 907//1697 905//1697
f 903//1698 907//1698 904//1698
f 906//1699 908//1699 902//1699
f 902//1700 908//1700 880//1700
f 907//1701 909//1701 905//1701
f 905//1702 909//1702 906//1702
f 880//1703 909//1703 903//1703
f 903//1704 909//1704 907//1704
f 908//1705 910//1705 880//1705
f 906//1706 910//1706 908//1706
f 880//1707 910//1707 909//1707
f 909//1708 910//1708 906//1708
f 880//1709 911//1709 849//1709
f 849//1710 911//1710 912//1710
f 911//1711 913//1711 912//1711
f 912//1712 913//1712 914//1712
f 913//1713 915//1713 914//1713
f 914//1714 915//1714 916//1714
f 916//1715 917//1715 918//1715
f 919//1716 917//1716 916//1716
f 917//1717 920//1717 918//1717
f 916//1718 921//1718 919//1718
f 920//1719 922//1719 918//1719
f 921//1720 923//1720 919//1720
f 919//1721 923//1721 917//1721
f 917//1722 924//1722 920//1722
f 923//1723 924//1723 917//1723
f 918//1724 925//1724 926//1724
f 922//1725 925//1725 918//1725
f 916//1726 927//1726 921//1726
f 920//1727 928//1727 922//1727
f 924//1728 928//1728 920//1728
f 921//1729 929//1729 923//1729
f 927//1730 929//1730 921//1730
f 925//1731 930//1731 926//1731
f 923//1732 931//1732 924//1732
f 929//1733 931//1733 923//1733
f 922//1734 932//1734 925//1734
f 928//1735 932//1735 922//1735
f 916//1736 933//1736 927//1736
f 931//1737 934//1737 924//1737
f 924//1738 934//1738 928//1738
f 927//1739 935//1739 929//1739
f 933//1740 935//1740 927//1740
f 926//1741 936//1741 937//1741
f 930//1742 936//1742 926//1742
f 932//1743 938//1743 925//1743
f 925//1744 938//1744 930//1744
f 929//1745 939//1745 931//1745
f 935//1746 939//1746 929//1746
f 928//1747 940//1747 932//1747
f 934//1748 940//1748 928//1748
f 915//1749 941//1749 916//1749
f 916//1750 941//1750 933//1750
f 931//1751 942//1751 934//1751
f 939//1752 942//1752 931//1752
f 936//1753 943//1753 937//1753
f 933//1754 944//1754 935//1754
f 941//1755 944//1755 933//1755
f 930//1756 945//1756 936//1756
f 938//1757 945//1757 930//1757
f 932//1758 946//1758 938//1758
f 940//1759 946//1759 932//1759
f 944//1760 947//1760 935//1760
f 935//1761 947//1761 939//1761
f 934//1762 948//1762 940//1762
f 942//1763 948//1763 934//1763
f 915//1764 949//1764 941//1764
f 939//1765 950//1765 942//1765
f 947//1766 950//1766 939//1766
f 943//1767 951//1767 937//1767
f 936//1768 951//1768 943//1768
f 945//1769 951//1769 936//1769
f 949//1770 952//1770 941//1770
f 941//1771 952//1771 944//1771
f 938//1772 953//1772 945//1772
f 946//1773 953//1773 938//1773
f 948//1774 954//1774 940//1774
f 940//1775 954//1775 946//1775
f 952//1776 955//1776 944//1776
f 944//1777 955//1777 947//1777
f 950//1778 956//1778 942//1778
f 942//1779 956//1779 948//1779
f 915//1780 957//1780 949//1780
f 955//1781 958//1781 947//1781
f 947//1782 958//1782 950//1782
f 945//1783 959//1783 951//1783
f 951//1784 959//1784 937//1784
f 953//1785 959//1785 945//1785
f 957//1786 960//1786 949//1786
f 949//1787 960//1787 952//1787
f 946//1788 961//1788 953//1788
f 954//1789 961//1789 946//1789
f 948//1790 962//1790 954//1790
f 956//1791 962//1791 948//1791
f 952//1792 963//1792 955//1792
f 960//1793 963//1793 952//1793
f 950//1794 964//1794 956//1794
f 956//1795 964//1795 962//1795
f 958//1796 964//1796 950//1796
f 915//1797 965//1797 957//1797
f 955//1798 966//1798 958//1798
f 963//1799 966//1799 955//1799
f 959//1800 967//1800 937//1800
f 953//1801 967//1801 959//1801
f 961//1802 967//1802 953//1802
f 965//1803 968//1803 957//1803
f 957//1804 968//1804 960//1804
f 954//1805 969//1805 961//1805
f 962//1806 969//1806 954//1806
f 964//1807 970//1807 962//1807
f 960//1808 971//1808 963//1808
f 963//1809 971//1809 966//1809
f 968//1810 971//1810 960//1810
f 966//1811 972//1811 958//1811
f 958//1812 972//1812 964//1812
f 915//1813 973//1813 965//1813
f 971//1814 974//1814 966//1814
f 937//1815 975//1815 976//1815
f 969//1816 975//1816 961//1816
f 967//1817 975//1817 937//1817
f 961//1818 975//1818 967//1818
f 965//1819 977//1819 968//1819
f 973//1820 977//1820 965//1820
f 969//1821 978//1821 975//1821
f 962//1822 978//1822 969//1822
f 970//1823 978//1823 962//1823
f 964//1824 979//1824 970//1824
f 972//1825 979//1825 964//1825
f 915//1826 980//1826 973//1826
f 973//1827 980//1827 977//1827
f 977//1828 981//1828 968//1828
f 968//1829 981//1829 971//1829
f 966//1830 982//1830 972//1830
f 974//1831 982//1831 966//1831
f 972//1832 982//1832 979//1832
f 983//1833 984//1833 915//1833
f 915//1834 984//1834 980//1834
f 980//1835 984//1835 977//1835
f 971//1836 985//1836 974//1836
f 981//1837 985//1837 971//1837
f 977//1838 986//1838 981//1838
f 983//1839 986//1839 984//1839
f 984//1840 986//1840 977//1840
f 975//1841 987//1841 976//1841
f 978//1842 987//1842 975//1842
f 979//1843 988//1843 970//1843
f 970//1844 988//1844 978//1844
f 982//1845 989//1845 979//1845
f 981//1846 990//1846 985//1846
f 983//1847 990//1847 986//1847
f 986//1848 990//1848 981//1848
f 985//1849 991//1849 974//1849
f 974//1850 991//1850 982//1850
f 978//1851 992//1851 987//1851
f 988//1852 992//1852 978//1852
f 987//1853 992//1853 976//1853
f 993//1854 994//1854 983//1854
f 983//1855 994//1855 990//1855
f 985//1856 994//1856 991//1856
f 990//1857 994//1857 985//1857
f 979//1858 995//1858 988//1858
f 989//1859 995//1859 979//1859
f 991//1860 996//1860 982//1860
f 982//1861 996//1861 989//1861
f 993//1862 997//1862 994//1862
f 994//1863 997//1863 991//1863
f 991//1864 997//1864 996//1864
f 992//1865 998//1865 976//1865
f 988//1866 998//1866 992//1866
f 995//1867 998//1867 988//1867
f 996//1868 999//1868 989//1868
f 989//1869 999//1869 995//1869
f 993//1870 1000//1870 997//1870
f 976//1871 1000//1871 993//1871
f 997//1872 1000//1872 996//1872
f 996//1873 1000//1873 999//1873
f 998//1874 1001//1874 976//1874
f 995//1875 1001//1875 998//1875
f 999//1876 1001//1876 995//1876
f 1000//1877 1001//1877 999//1877
f 1001//1878 1002//1878 976//1878
f 976//1879 1002//1879 1000//1879
f 1000//1880 1002//1880 1001//1880
f 976//1881 1003//1881 937//1881
f 937//1882 1003//1882 1004//1882
f 1004//1883 1005//1883 1006//1883
f 1005//1884 1007//1884 1006//1884
f 1004//1885 1008//1885 1005//1885
f 1007//1886 1009//1886 1006//1886
f 1005//1887 1010//1887 1007//1887
f 1008//1888 1010//1888 1005//1888
f 1004//1889 1011//1889 1008//1889
f 1006//1890 1012//1890 1013//1890
f 1009//1891 1012//1891 1006//1891
f 1010//1892 1014//1892 1007//1892
f 1007//1893 1014//1893 1009//1893
f 1012//1894 1015//1894 1013//1894
f 1008//1895 1016//1895 1010//1895
f 1011//1896 1016//1896 1008//1896
f 1004//1897 1017//1897 1011//1897
f 1013//1898 1018//1898 1019//1898
f 1015//1899 1018//1899 1013//1899
f 1009//1900 1020//1900 1012//1900
f 1014//1901 1020//1901 1009//1901
f 1018//1902 1021//1902 1019//1902
f 1010//1903 1022//1903 1014//1903
f 1016//1904 1022//1904 1010//1904
f 1012//1905 1023//1905 1015//1905
f 1020//1906 1023//1906 1012//1906
f 1011//1907 1024//1907 1016//1907
f 1017//1908 1024//1908 1011//1908
f 1003//1909 1025//1909 1004//1909
f 1004//1910 1025//1910 1017//1910
f 1015//1911 1026//1911 1018//1911
f 1023//1912 1026//1912 1015//1912
f 1022//1913 1027//1913 1014//1913
f 1014//1914 1027//1914 1020//1914
f 1021//1915 1028//1915 1019//1915
f 1018//1916 1028//1916 1021//1916
f 1026//1917 1028//1917 1018//1917
f 1016//1918 1029//1918 1022//1918
f 1024//1919 1029//1919 1016//1919
f 1022//1920 1029//1920 1027//1920
f 1020//1921 1030//1921 1023//1921
f 1027//1922 1030//1922 1020//1922
f 1017//1923 1031//1923 1024//1923
f 1025//1924 1031//1924 1017//1924
f 1003//1925 1032//1925 1025//1925
f 1023//1926 1033//1926 1026//1926
f 1030//1927 1033//1927 1023//1927
f 1029//1928 1034//1928 1027//1928
f 1028//1929 1035//1929 1019//1929
f 1026//1930 1035//1930 1028//1930
f 1033//1931 1035//1931 1026//1931
f 1024//1932 1036//1932 1029//1932
f 1031//1933 1036//1933 1024//1933
f 1027//1934 1037//1934 1030//1934
f 1034//1935 1037//1935 1027//1935
f 1025//1936 1038//1936 1031//1936
f 1032//1937 1038//1937 1025//1937
f 1003//1938 1039//1938 1032//1938
f 1037//1939 1040//1939 1030//1939
f 1030//1940 1040//1940 1033//1940
f 1029//1941 1041//1941 1034//1941
f 1036//1942 1041//1942 1029//1942
f 1040//1943 1042//1943 1033//1943
f 1035//1944 1042//1944 1019//1944
f 1033//1945 1042//1945 1035//1945
f 1038//1946 1043//1946 1031//1946
f 1031//1947 1043//1947 1036//1947
f 1034//1948 1044//1948 1037//1948
f 1041//1949 1044//1949 1034//1949
f 1039//1950 1045//1950 1032//1950
f 1032//1951 1045//1951 1038//1951
f 1003//1952 1046//1952 1039//1952
f 1044//1953 1047//1953 1037//1953
f 1037//1954 1047//1954 1040//1954
f 1043//1955 1048//1955 1036//1955
f 1036//1956 1048//1956 1041//1956
f 1019//1957 1049//1957 1050//1957
f 1042//1958 1049//1958 1019//1958
f 1047//1959 1049//1959 1040//1959
f 1040//1960 1049//1960 1042//1960
f 1038//1961 1051//1961 1043//1961
f 1045//1962 1051//1962 1038//1962
f 1041//1963 1052//1963 1044//1963
f 1048//1964 1052//1964 1041//1964
f 1039//1965 1053//1965 1045//1965
f 1046//1966 1053//1966 1039//1966
f 1003//1967 1054//1967 1046//1967
f 1044//1968 1055//1968 1047//1968
f 1052//1969 1055//1969 1044//1969
f 1047//1970 1055//1970 1049//1970
f 1043//1971 1056//1971 1048//1971
f 1051//1972 1056//1972 1043//1972
f 1057//1973 1058//1973 1003//1973
f 1003//1974 1058//1974 1054//1974
f 1049//1975 1059//1975 1050//1975
f 1055//1976 1059//1976 1049//1976
f 1045//1977 1060//1977 1051//1977
f 1053//1978 1060//1978 1045//1978
f 1051//1979 1060//1979 1056//1979
f 1048//1980 1061//1980 1052//1980
f 1056//1981 1061//1981 1048//1981
f 1046//1982 1062//1982 1053//1982
f 1054//1983 1062//1983 1046//1983
f 1061//1984 1063//1984 1052//1984
f 1052//1985 1063//1985 1055//1985
f 1060//1986 1064//1986 1056//1986
f 1057//1987 1065//1987 1058//1987
f 1058//1988 1065//1988 1054//1988
f 1054//1989 1065//1989 1062//1989
f 1059//1990 1066//1990 1050//1990
f 1055//1991 1066//1991 1059//1991
f 1063//1992 1066//1992 1055//1992
f 1062//1993 1067//1993 1053//1993
f 1053//1994 1067//1994 1060//1994
f 1065//1995 1067//1995 1062//1995
f 1056//1996 1068//1996 1061//1996
f 1064//1997 1068//1997 1056//1997
f 1057//1998 1069//1998 1065//1998
f 1065//1999 1069//1999 1067//1999
f 1061//2000 1070//2000 1063//2000
f 1068//2001 1070//2001 1061//2001
f 1060//2002 1071//2002 1064//2002
f 1067//2003 1071//2003 1060//2003
f 1066//2004 1072//2004 1050//2004
f 1063//2005 1072//2005 1066//2005
f 1070//2006 1072//2006 1063//2006
f 1073//2007 1074//2007 1057//2007
f 1057//2008 1074//2008 1069//2008
f 1069//2009 1074//2009 1067//2009
f 1067//2010 1074//2010 1071//2010
f 1064//2011 1075//2011 1068//2011
f 1071//2012 1075//2012 1064//2012
f 1075//2013 1076//2013 1068//2013
f 1068//2014 1076//2014 1070//2014
f 1074//2015 1077//2015 1071//2015
f 1071//2016 1077//2016 1075//2016
f 1073//2017 1077//2017 1074//2017
f 1070//2018 1078//2018 1072//2018
f 1076//2019 1078//2019 1070//2019
f 1072//2020 1078//2020 1050//2020
f 1075//2021 1079//2021 1076//2021
f 1050//2022 1079//2022 1073//2022
f 1073//2023 1079//2023 1077//2023
f 1077//2024 1079//2024 1075//2024
f 1050//2025 1080//2025 1079//2025
f 1079//2026 1080//2026 1076//2026
f 1076//2027 1080//2027 1078//2027
f 1078//2028 1080//2028 1050//2028
f 1050//2029 1081//2029 1019//2029
f 1019//2030 1081//2030 1082//2030
f 1081//2031 1083//2031 1082//2031
f 1082//2032 1083//2032 1084//2032
f 1083//2033 1085//2033 1084//2033
f 1084//2034 1085//2034 1086//2034
f 1086//2035 1087//2035 1088//2035
f 1089//2036 1087//2036 1086//2036
f 1087//2037 1090//2037 1088//2037
f 1086//2038 1091//2038 1089//2038
f 1090//2039 1092//2039 1088//2039
f 1091//2040 1093//2040 1089//2040
f 1089//2041 1093//2041 1087//2041
f 1087//2042 1094//2042 1090//2042
f 1093//2043 1094//2043 1087//2043
f 1088//2044 1095//2044 1096//2044
f 1092//2045 1095//2045 1088//2045
f 1086//2046 1097//2046 1091//2046
f 1090//2047 1098//2047 1092//2047
f 1094//2048 1098//2048 1090//2048
f 1091//2049 1099//2049 1093//2049
f 1097//2050 1099//2050 1091//2050
f 1095//2051 1100//2051 1096//2051
f 1093//2052 1101//2052 1094//2052
f 1099//2053 1101//2053 1093//2053
f 1092//2054 1102//2054 1095//2054
f 1098//2055 1102//2055 1092//2055
f 1086//2056 1103//2056 1097//2056
f 1101//2057 1104//2057 1094//2057
f 1094//2058 1104//2058 1098//2058
f 1097//2059 1105//2059 1099//2059
f 1103//2060 1105//2060 1097//2060
f 1096//2061 1106//2061 1107//2061
f 1100//2062 1106//2062 1096//2062
f 1102//2063 1108//2063 1095//2063
f 1095//2064 1108//2064 1100//2064
f 1099//2065 1109//2065 1101//2065
f 1105//2066 1109//2066 1099//2066
f 1098//2067 1110//2067 1102//2067
f 1104//2068 1110//2068 1098//2068
f 1085//2069 1111//2069 1086//2069
f 1086//2070 1111//2070 1103//2070
f 1101//2071 1112//2071 1104//2071
f 1109//2072 1112//2072 1101//2072
f 1106//2073 1113//2073 1107//2073
f 1103//2074 1114//2074 1105//2074
f 1111//2075 1114//2075 1103//2075
f 1100//2076 1115//2076 1106//2076
f 1108//2077 1115//2077 1100//2077
f 1102//2078 1116//2078 1108//2078
f 1110//2079 1116//2079 1102//2079
f 1114//2080 1117//2080 1105//2080
f 1105//2081 1117//2081 1109//2081
f 1104//2082 1118//2082 1110//2082
f 1112//2083 1118//2083 1104//2083
f 1085//2084 1119//2084 1111//2084
f 1109//2085 1120//2085 1112//2085
f 1117//2086 1120//2086 1109//2086
f 1113//2087 1121//2087 1107//2087
f 1106//2088 1121//2088 1113//2088
f 1115//2089 1121//2089 1106//2089
f 1119//2090 1122//2090 1111//2090
f 1111//2091 1122//2091 1114//2091
f 1108//2092 1123//2092 1115//2092
f 1116//2093 1123//2093 1108//2093
f 1118//2094 1124//2094 1110//2094
f 1110//2095 1124//2095 1116//2095
f 1122//2096 1125//2096 1114//2096
f 1114//2097 1125//2097 1117//2097
f 1120//2098 1126//2098 1112//2098
f 1112//2099 1126//2099 1118//2099
f 1085//2100 1127//2100 1119//2100
f 1125//2101 1128//2101 1117//2101
f 1117//2102 1128//2102 1120//2102
f 1115//2103 1129//2103 1121//2103
f 1121//2104 1129//2104 1107//2104
f 1123//2105 1129//2105 1115//2105
f 1127//2106 1130//2106 1119//2106
f 1119//2107 1130//2107 1122//2107
f 1116//2108 1131//2108 1123//2108
f 1124//2109 1131//2109 1116//2109
f 1123//2110 1131//2110 1129//2110
f 1118//2111 1132//2111 1124//2111
f 1126//2112 1132//2112 1118//2112
f 1122//2113 1133//2113 1125//2113
f 1130//2114 1133//2114 1122//2114
f 1120//2115 1134//2115 1126//2115
f 1128//2116 1134//2116 1120//2116
f 1085//2117 1135//2117 1127//2117
f 1125//2118 1136//2118 1128//2118
f 1133//2119 1136//2119 1125//2119
f 1129//2120 1137//2120 1107//2120
f 1131//2121 1137//2121 1129//2121
f 1135//2122 1138//2122 1127//2122
f 1127//2123 1138//2123 1130//2123
f 1130//2124 1138//2124 1133//2124
f 1124//2125 1139//2125 1131//2125
f 1132//2126 1139//2126 1124//2126
f 1134//2127 1140//2127 1126//2127
f 1126//2128 1140//2128 1132//2128
f 1138//2129 1141//2129 1133//2129
f 1136//2130 1142//2130 1128//2130
f 1128//2131 1142//2131 1134//2131
f 1085//2132 1143//2132 1135//2132
f 1135//2133 1143//2133 1138//2133
f 1136//2134 1144//2134 1142//2134
f 1133//2135 1144//2135 1136//2135
f 1141//2136 1144//2136 1133//2136
f 1107//2137 1145//2137 1146//2137
f 1139//2138 1145//2138 1131//2138
f 1137//2139 1145//2139 1107//2139
f 1131//2140 1145//2140 1137//2140
f 1143//2141 1147//2141 1138//2141
f 1140//2142 1148//2142 1132//2142
f 1132//2143 1148//2143 1139//2143
f 1139//2144 1148//2144 1145//2144
f 1134//2145 1149//2145 1140//2145
f 1142//2146 1149//2146 1134//2146
f 1143//2147 1150//2147 1147//2147
f 1085//2148 1150//2148 1143//2148
f 1138//2149 1151//2149 1141//2149
f 1147//2150 1151//2150 1138//2150
f 1144//2151 1152//2151 1142//2151
f 1153//2152 1154//2152 1085//2152
f 1085//2153 1154//2153 1150//2153
f 1150//2154 1154//2154 1147//2154
f 1151//2155 1155//2155 1141//2155
f 1141//2156 1155//2156 1144//2156
f 1154//2157 1156//2157 1147//2157
f 1153//2158 1156//2158 1154//2158
f 1147//2159 1156//2159 1151//2159
f 1145//2160 1157//2160 1146//2160
f 1148//2161 1157//2161 1145//2161
f 1140//2162 1158//2162 1148//2162
f 1149//2163 1158//2163 1140//2163
f 1142//2164 1159//2164 1149//2164
f 1152//2165 1159//2165 1142//2165
f 1151//2166 1160//2166 1155//2166
f 1156//2167 1160//2167 1151//2167
f 1153//2168 1160//2168 1156//2168
f 1155//2169 1161//2169 1144//2169
f 1144//2170 1161//2170 1152//2170
f 1157//2171 1162//2171 1146//2171
f 1148//2172 1162//2172 1157//2172
f 1158//2173 1162//2173 1148//2173
f 1160//2174 1163//2174 1155//2174
f 1164//2175 1163//2175 1153//2175
f 1153//2176 1163//2176 1160//2176
f 1155//2177 1163//2177 1161//2177
f 1149//2178 1165//2178 1158//2178
f 1159//2179 1165//2179 1149//2179
f 1152//2180 1166//2180 1159//2180
f 1161//2181 1166//2181 1152//2181
f 1164//2182 1167//2182 1163//2182
f 1163//2183 1167//2183 1161//2183
f 1161//2184 1167//2184 1166//2184
f 1162//2185 1168//2185 1146//2185
f 1158//2186 1168//2186 1162//2186
f 1165//2187 1168//2187 1158//2187
f 1166//2188 1169//2188 1159//2188
f 1159//2189 1169//2189 1165//2189
f 1146//2190 1170//2190 1164//2190
f 1164//2191 1170//2191 1167//2191
f 1167//2192 1170//2192 1166//2192
f 1166//2193 1170//2193 1169//2193
f 1168//2194 1171//2194 1146//2194
f 1165//2195 1171//2195 1168//2195
f 1169//2196 1171//2196 1165//2196
f 1171//2197 1172//2197 1146//2197
f 1146//2198 1172//2198 1170//2198
f 1170//2199 1172//2199 1169//2199
f 1169//2200 1172//2200 1171//2200
f 1146//2201 1173//2201 1107//2201
f 1107//2202 1173//2202 1174//2202
f 1174//2203 1175//2203 1176//2203
f 1175//2204 1177//2204 1176//2204
f 1174//2205 1178//2205 1175//2205
f 1177//2206 1179//2206 1176//2206
f 1175//2207 1180//2207 1177//2207
f 1178//2208 1180//2208 1175//2208
f 1174//2209 1181//2209 1178//2209
f 1176//2210 1182//2210 1183//2210
f 1179//2211 1182//2211 1176//2211
f 1180//2212 1184//2212 1177//2212
f 1177//2213 1184//2213 1179//2213
f 1182//2214 1185//2214 1183//2214
f 1178//2215 1186//2215 1180//2215
f 1181//2216 1186//2216 1178//2216
f 1174//2217 1187//2217 1181//2217
f 1183//2218 1188//2218 1189//2218
f 1185//2219 1188//2219 1183//2219
f 1179//2220 1190//2220 1182//2220
f 1184//2221 1190//2221 1179//2221
f 1188//2222 1191//2222 1189//2222
f 1180//2223 1192//2223 1184//2223
f 1186//2224 1192//2224 1180//2224
f 1182//2225 1193//2225 1185//2225
f 1190//2226 1193//2226 1182//2226
f 1181//2227 1194//2227 1186//2227
f 1187//2228 1194//2228 1181//2228
f 1173//2229 1195//2229 1174//2229
f 1174//2230 1195//2230 1187//2230
f 1185//2231 1196//2231 1188//2231
f 1193//2232 1196//2232 1185//2232
f 1192//2233 1197//2233 1184//2233
f 1184//2234 1197//2234 1190//2234
f 1191//2235 1198//2235 1189//2235
f 1188//2236 1198//2236 1191//2236
f 1196//2237 1198//2237 1188//2237
f 1186//2238 1199//2238 1192//2238
f 1194//2239 1199//2239 1186//2239
f 1192//2240 1199//2240 1197//2240
f 1190//2241 1200//2241 1193//2241
f 1197//2242 1200//2242 1190//2242
f 1187//2243 1201//2243 1194//2243
f 1195//2244 1201//2244 1187//2244
f 1173//2245 1202//2245 1195//2245
f 1193//2246 1203//2246 1196//2246
f 1200//2247 1203//2247 1193//2247
f 1199//2248 1204//2248 1197//2248
f 1198//2249 1205//2249 1189//2249
f 1196//2250 1205//2250 1198//2250
f 1203//2251 1205//2251 1196//2251
f 1194//2252 1206//2252 1199//2252
f 1201//2253 1206//2253 1194//2253
f 1197//2254 1207//2254 1200//2254
f 1204//2255 1207//2255 1197//2255
f 1195//2256 1208//2256 1201//2256
f 1202//2257 1208//2257 1195//2257
f 1173//2258 1209//2258 1202//2258
f 1207//2259 1210//2259 1200//2259
f 1200//2260 1210//2260 1203//2260
f 1199//2261 1211//2261 1204//2261
f 1206//2262 1211//2262 1199//2262
f 1210//2263 1212//2263 1203//2263
f 1205//2264 1212//2264 1189//2264
f 1203//2265 1212//2265 1205//2265
f 1208//2266 1213//2266 1201//2266
f 1201//2267 1213//2267 1206//2267
f 1204//2268 1214//2268 1207//2268
f 1211//2269 1214//2269 1204//2269
f 1209//2270 1215//2270 1202//2270
f 1202//2271 1215//2271 1208//2271
f 1173//2272 1216//2272 1209//2272
f 1214//2273 1217//2273 1207//2273
f 1207//2274 1217//2274 1210//2274
f 1213//2275 1218//2275 1206//2275
f 1206//2276 1218//2276 1211//2276
f 1189//2277 1219//2277 1220//2277
f 1212//2278 1219//2278 1189//2278
f 1217//2279 1219//2279 1210//2279
f 1210//2280 1219//2280 1212//2280
f 1208//2281 1221//2281 1213//2281
f 1215//2282 1221//2282 1208//2282
f 1211//2283 1222//2283 1214//2283
f 1218//2284 1222//2284 1211//2284
f 1209//2285 1223//2285 1215//2285
f 1216//2286 1223//2286 1209//2286
f 1173//2287 1224//2287 1216//2287
f 1214//2288 1225//2288 1217//2288
f 1222//2289 1225//2289 1214//2289
f 1217//2290 1225//2290 1219//2290
f 1213//2291 1226//2291 1218//2291
f 1221//2292 1226//2292 1213//2292
f 1227//2293 1228//2293 1173//2293
f 1173//2294 1228//2294 1224//2294
f 1219//2295 1229//2295 1220//2295
f 1225//2296 1229//2296 1219//2296
f 1215//2297 1230//2297 1221//2297
f 1223//2298 1230//2298 1215//2298
f 1221//2299 1230//2299 1226//2299
f 1218//2300 1231//2300 1222//2300
f 1226//2301 1231//2301 1218//2301
f 1216//2302 1232//2302 1223//2302
f 1224//2303 1232//2303 1216//2303
f 1231//2304 1233//2304 1222//2304
f 1222//2305 1233//2305 1225//2305
f 1230//2306 1234//2306 1226//2306
f 1227//2307 1235//2307 1228//2307
f 1228//2308 1235//2308 1224//2308
f 1224//2309 1235//2309 1232//2309
f 1229//2310 1236//2310 1220//2310
f 1225//2311 1236//2311 1229//2311
f 1233//2312 1236//2312 1225//2312
f 1232//2313 1237//2313 1223//2313
f 1223//2314 1237//2314 1230//2314
f 1235//2315 1237//2315 1232//2315
f 1226//2316 1238//2316 1231//2316
f 1234//2317 1238//2317 1226//2317
f 1227//2318 1239//2318 1235//2318
f 1235//2319 1239//2319 1237//2319
f 1231//2320 1240//2320 1233//2320
f 1238//2321 1240//2321 1231//2321
f 1230//2322 1241//2322 1234//2322
f 1237//2323 1241//2323 1230//2323
f 1236//2324 1242//2324 1220//2324
f 1233//2325 1242//2325 1236//2325
f 1240//2326 1242//2326 1233//2326
f 1243//2327 1244//2327 1227//2327
f 1227//2328 1244//2328 1239//2328
f 1239//2329 1244//2329 1237//2329
f 1237//2330 1244//2330 1241//2330
f 1234//2331 1245//2331 1238//2331
f 1241//2332 1245//2332 1234//2332
f 1245//2333 1246//2333 1238//2333
f 1238//2334 1246//2334 1240//2334
f 1244//2335 1247//2335 1241//2335
f 1241//2336 1247//2336 1245//2336
f 1243//2337 1247//2337 1244//2337
f 1240//2338 1248//2338 1242//2338
f 1246//2339 1248//2339 1240//2339
f 1242//2340 1248//2340 1220//2340
f 1245//2341 1249//2341 1246//2341
f 1220//2342 1249//2342 1243//2342
f 1243//2343 1249//2343 1247//2343
f 1247//2344 1249//2344 1245//2344
f 1220//2345 1250//2345 1249//2345
f 1249//2346 1250//2346 1246//2346
f 1246//2347 1250//2347 1248//2347
f 1248//2348 1250//2348 1220//2348
f 1220//2349 1251//2349 1189//2349
f 1189//2350 1251//2350 1252//2350
f 1251//2351 1253//2351 1252//2351
f 1252//2352 1253//2352 1254//2352
f 1253//2353 1255//2353 1254//2353
f 1254//2354 1255//2354 1256//2354
f 1256//2355 1257//2355 1258//2355
f 1259//2356 1257//2356 1256//2356
f 1257//2357 1260//2357 1258//2357
f 1256//2358 1261//2358 1259//2358
f 1260//2359 1262//2359 1258//2359
f 1261//2360 1263//2360 1259//2360
f 1259//2361 1263//2361 1257//2361
f 1257//2362 1264//2362 1260//2362
f 1263//2363 1264//2363 1257//2363
f 1258//2364 1265//2364 1266//2364
f 1262//2365 1265//2365 1258//2365
f 1256//2366 1267//2366 1261//2366
f 1260//2367 1268//2367 1262//2367
f 1264//2368 1268//2368 1260//2368
f 1261//2369 1269//2369 1263//2369
f 1267//2370 1269//2370 1261//2370
f 1265//2371 1270//2371 1266//2371
f 1263//2372 1271//2372 1264//2372
f 1269//2373 1271//2373 1263//2373
f 1262//2374 1272//2374 1265//2374
f 1268//2375 1272//2375 1262//2375
f 1256//2376 1273//2376 1267//2376
f 1271//2377 1274//2377 1264//2377
f 1264//2378 1274//2378 1268//2378
f 1267//2379 1275//2379 1269//2379
f 1273//2380 1275//2380 1267//2380
f 1266//2381 1276//2381 1277//2381
f 1270//2382 1276//2382 1266//2382
f 1272//2383 1278//2383 1265//2383
f 1265//2384 1278//2384 1270//2384
f 1269//2385 1279//2385 1271//2385
f 1275//2386 1279//2386 1269//2386
f 1268//2387 1280//2387 1272//2387
f 1274//2388 1280//2388 1268//2388
f 1255//2389 1281//2389 1256//2389
f 1256//2390 1281//2390 1273//2390
f 1271//2391 1282//2391 1274//2391
f 1279//2392 1282//2392 1271//2392
f 1276//2393 1283//2393 1277//2393
f 1273//2394 1284//2394 1275//2394
f 1281//2395 1284//2395 1273//2395
f 1270//2396 1285//2396 1276//2396
f 1278//2397 1285//2397 1270//2397
f 1272//2398 1286//2398 1278//2398
f 1280//2399 1286//2399 1272//2399
f 1284//2400 1287//2400 1275//2400
f 1275//2401 1287//2401 1279//2401
f 1274//2402 1288//2402 1280//2402
f 1282//2403 1288//2403 1274//2403
f 1255//2404 1289//2404 1281//2404
f 1279//2405 1290//2405 1282//2405
f 1287//2406 1290//2406 1279//2406
f 1283//2407 1291//2407 1277//2407
f 1276//2408 1291//2408 1283//2408
f 1285//2409 1291//2409 1276//2409
f 1289//2410 1292//2410 1281//2410
f 1281//2411 1292//2411 1284//2411
f 1278//2412 1293//2412 1285//2412
f 1286//2413 1293//2413 1278//2413
f 1288//2414 1294//2414 1280//2414
f 1280//2415 1294//2415 1286//2415
f 1292//2416 1295//2416 1284//2416
f 1284//2417 1295//2417 1287//2417
f 1290//2418 1296//2418 1282//2418
f 1282//2419 1296//2419 1288//2419
f 1255//2420 1297//2420 1289//2420
f 1295//2421 1298//2421 1287//2421
f 1287//2422 1298//2422 1290//2422
f 1285//2423 1299//2423 1291//2423
f 1291//2424 1299//2424 1277//2424
f 1293//2425 1299//2425 1285//2425
f 1297//2426 1300//2426 1289//2426
f 1289//2427 1300//2427 1292//2427
f 1286//2428 1301//2428 1293//2428
f 1294//2429 1301//2429 1286//2429
f 1288//2430 1302//2430 1294//2430
f 1296//2431 1302//2431 1288//2431
f 1292//2432 1303//2432 1295//2432
f 1300//2433 1303//2433 1292//2433
f 1290//2434 1304//2434 1296//2434
f 1298//2435 1304//2435 1290//2435
f 1255//2436 1305//2436 1297//2436
f 1295//2437 1306//2437 1298//2437
f 1303//2438 1306//2438 1295//2438
f 1299//2439 1307//2439 1277//2439
f 1293//2440 1307//2440 1299//2440
f 1301//2441 1307//2441 1293//2441
f 1305//2442 1308//2442 1297//2442
f 1297//2443 1308//2443 1300//2443
f 1294//2444 1309//2444 1301//2444
f 1302//2445 1309//2445 1294//2445
f 1304//2446 1310//2446 1296//2446
f 1296//2447 1310//2447 1302//2447
f 1300//2448 1311//2448 1303//2448
f 1308//2449 1311//2449 1300//2449
f 1306//2450 1312//2450 1298//2450
f 1298//2451 1312//2451 1304//2451
f 1255//2452 1313//2452 1305//2452
f 1303//2453 1314//2453 1306//2453
f 1311//2454 1314//2454 1303//2454
f 1277//2455 1315//2455 1316//2455
f 1309//2456 1315//2456 1301//2456
f 1307//2457 1315//2457 1277//2457
f 1301//2458 1315//2458 1307//2458
f 1305//2459 1317//2459 1308//2459
f 1313//2460 1317//2460 1305//2460
f 1310//2461 1318//2461 1302//2461
f 1302//2462 1318//2462 1309//2462
f 1304//2463 1319//2463 1310//2463
f 1312//2464 1319//2464 1304//2464
f 1255//2465 1320//2465 1313//2465
f 1317//2466 1321//2466 1308//2466
f 1308//2467 1321//2467 1311//2467
f 1306//2468 1322//2468 1312//2468
f 1314//2469 1322//2469 1306//2469
f 1323//2470 1324//2470 1255//2470
f 1313//2471 1324//2471 1317//2471
f 1317//2472 1324//2472 1321//2472
f 1255//2473 1324//2473 1320//2473
f 1320//2474 1324//2474 1313//2474
f 1311//2475 1325//2475 1314//2475
f 1321//2476 1325//2476 1311//2476
f 1324//2477 1326//2477 1321//2477
f 1323//2478 1326//2478 1324//2478
f 1309//2479 1327//2479 1315//2479
f 1315//2480 1327//2480 1316//2480
f 1318//2481 1327//2481 1309//2481
f 1310//2482 1328//2482 1318//2482
f 1319//2483 1328//2483 1310//2483
f 1312//2484 1329//2484 1319//2484
f 1322//2485 1329//2485 1312//2485
f 1321//2486 1330//2486 1325//2486
f 1323//2487 1330//2487 1326//2487
f 1326//2488 1330//2488 1321//2488
f 1325//2489 1331//2489 1314//2489
f 1314//2490 1331//2490 1322//2490
f 1327//2491 1332//2491 1316//2491
f 1318//2492 1332//2492 1327//2492
f 1328//2493 1332//2493 1318//2493
f 1330//2494 1333//2494 1325//2494
f 1334//2495 1333//2495 1323//2495
f 1323//2496 1333//2496 1330//2496
f 1325//2497 1333//2497 1331//2497
f 1319//2498 1335//2498 1328//2498
f 1329//2499 1335//2499 1319//2499
f 1322//2500 1336//2500 1329//2500
f 1331//2501 1336//2501 1322//2501
f 1334//2502 1337//2502 1333//2502
f 1333//2503 1337//2503 1331//2503
f 1331//2504 1337//2504 1336//2504
f 1332//2505 1338//2505 1316//2505
f 1328//2506 1338//2506 1332//2506
f 1335//2507 1338//2507 1328//2507
f 1336//2508 1339//2508 1329//2508
f 1329//2509 1339//2509 1335//2509
f 1337//2510 1339//2510 1336//2510
f 1316//2511 1340//2511 1334//2511
f 1334//2512 1340//2512 1337//2512
f 1337//2513 1340//2513 1339//2513
f 1338//2514 1341//2514 1316//2514
f 1335//2515 1341//2515 1338//2515
f 1339//2516 1341//2516 1335//2516
f 1341//2517 1342//2517 1316//2517
f 1316//2518 1342//2518 1340//2518
f 1340//2519 1342//2519 1339//2519
f 1339//2520 1342//2520 1341//2520
f 1316//2521 1343//2521 1277//2521
f 1277//2522 1343//2522 1344//2522
f 1344//2523 1345//2523 1346//2523
f 1345//2524 1347//2524 1346//2524
f 1344//2525 1348//2525 1345//2525
f 1347//2526 1349//2526 1346//2526
f 1345//2527 1350//2527 1347//2527
f 1348//2528 1350//2528 1345//2528
f 1344//2529 1351//2529 1348//2529
f 1346//2530 1352//2530 1353//2530
f 1349//2531 1352//2531 1346//2531
f 1350//2532 1354//2532 1347//2532
f 1347//2533 1354//2533 1349//2533
f 1352//2534 1355//2534 1353//2534
f 1348//2535 1356//2535 1350//2535
f 1351//2536 1356//2536 1348//2536
f 1344//2537 1357//2537 1351//2537
f 1353//2538 1358//2538 1359//2538
f 1355//2539 1358//2539 1353//2539
f 1349//2540 1360//2540 1352//2540
f 1354//2541 1360//2541 1349//2541
f 1358//2542 1361//2542 1359//2542
f 1350//2543 1362//2543 1354//2543
f 1356//2544 1362//2544 1350//2544
f 1352//2545 1363//2545 1355//2545
f 1360//2546 1363//2546 1352//2546
f 1351//2547 1364//2547 1356//2547
f 1357//2548 1364//2548 1351//2548
f 1343//2549 1365//2549 1344//2549
f 1344//2550 1365//2550 1357//2550
f 1355//2551 1366//2551 1358//2551
f 1363//2552 1366//2552 1355//2552
f 1362//2553 1367//2553 1354//2553
f 1354//2554 1367//2554 1360//2554
f 1361//2555 1368//2555 1359//2555
f 1358//2556 1368//2556 1361//2556
f 1366//2557 1368//2557 1358//2557
f 1356//2558 1369//2558 1362//2558
f 1364//2559 1369//2559 1356//2559
f 1360//2560 1370//2560 1363//2560
f 1367//2561 1370//2561 1360//2561
f 1357//2562 1371//2562 1364//2562
f 1365//2563 1371//2563 1357//2563
f 1343//2564 1372//2564 1365//2564
f 1363//2565 1373//2565 1366//2565
f 1370//2566 1373//2566 1363//2566
f 1369//2567 1374//2567 1362//2567
f 1362//2568 1374//2568 1367//2568
f 1368//2569 1375//2569 1359//2569
f 1366//2570 1375//2570 1368//2570
f 1373//2571 1375//2571 1366//2571
f 1364//2572 1376//2572 1369//2572
f 1371//2573 1376//2573 1364//2573
f 1374//2574 1377//2574 1367//2574
f 1367//2575 1377//2575 1370//2575
f 1365//2576 1378//2576 1371//2576
f 1372//2577 1378//2577 1365//2577
f 1343//2578 1379//2578 1372//2578
f 1377//2579 1380//2579 1370//2579
f 1370//2580 1380//2580 1373//2580
f 1369//2581 1381//2581 1374//2581
f 1376//2582 1381//2582 1369//2582
f 1380//2583 1382//2583 1373//2583
f 1375//2584 1382//2584 1359//2584
f 1373//2585 1382//2585 1375//2585
f 1378//2586 1383//2586 1371//2586
f 1371//2587 1383//2587 1376//2587
f 1381//2588 1384//2588 1374//2588
f 1374//2589 1384//2589 1377//2589
f 1379//2590 1385//2590 1372//2590
f 1372//2591 1385//2591 1378//2591
f 1343//2592 1386//2592 1379//2592
f 1384//2593 1387//2593 1377//2593
f 1380//2594 1387//2594 1382//2594
f 1377//2595 1387//2595 1380//2595
f 1383//2596 1388//2596 1376//2596
f 1376//2597 1388//2597 1381//2597
f 1381//2598 1388//2598 1384//2598
f 1359//2599 1389//2599 1390//2599
f 1382//2600 1389//2600 1359//2600
f 1387//2601 1389//2601 1382//2601
f 1385//2602 1391//2602 1378//2602
f 1378//2603 1391//2603 1383//2603
f 1388//2604 1392//2604 1384//2604
f 1379//2605 1393//2605 1385//2605
f 1386//2606 1393//2606 1379//2606
f 1343//2607 1394//2607 1386//2607
f 1384//2608 1395//2608 1387//2608
f 1392//2609 1395//2609 1384//2609
f 1387//2610 1395//2610 1389//2610
f 1383//2611 1396//2611 1388//2611
f 1391//2612 1396//2612 1383//2612
f 1397//2613 1398//2613 1343//2613
f 1343//2614 1398//2614 1394//2614
f 1395//2615 1399//2615 1389//2615
f 1389//2616 1399//2616 1390//2616
f 1385//2617 1400//2617 1391//2617
f 1393//2618 1400//2618 1385//2618
f 1388//2619 1401//2619 1392//2619
f 1396//2620 1401//2620 1388//2620
f 1386//2621 1402//2621 1393//2621
f 1394//2622 1402//2622 1386//2622
f 1401//2623 1403//2623 1392//2623
f 1392//2624 1403//2624 1395//2624
f 1391//2625 1404//2625 1396//2625
f 1400//2626 1404//2626 1391//2626
f 1397//2627 1405//2627 1398//2627
f 1398//2628 1405//2628 1394//2628
f 1394//2629 1405//2629 1402//2629
f 1399//2630 1406//2630 1390//2630
f 1395//2631 1406//2631 1399//2631
f 1403//2632 1406//2632 1395//2632
f 1402//2633 1407//2633 1393//2633
f 1393//2634 1407//2634 1400//2634
f 1396//2635 1408//2635 1401//2635
f 1404//2636 1408//2636 1396//2636
f 1402//2637 1409//2637 1407//2637
f 1397//2638 1409//2638 1405//2638
f 1405//2639 1409//2639 1402//2639
f 1408//2640 1410//2640 1401//2640
f 1401//2641 1410//2641 1403//2641
f 1400//2642 1411//2642 1404//2642
f 1407//2643 1411//2643 1400//2643
f 1406//2644 1412//2644 1390//2644
f 1403//2645 1412//2645 1406//2645
f 1410//2646 1412//2646 1403//2646
f 1413//2647 1414//2647 1397//2647
f 1397//2648 1414//2648 1409//2648
f 1409//2649 1414//2649 1407//2649
f 1407//2650 1414//2650 1411//2650
f 1411//2651 1415//2651 1404//2651
f 1404//2652 1415//2652 1408//2652
f 1415//2653 1416//2653 1408//2653
f 1408//2654 1416//2654 1410//2654
f 1414//2655 1417//2655 1411//2655
f 1413//2656 1417//2656 1414//2656
f 1411//2657 1417//2657 1415//2657
f 1416//2658 1418//2658 1410//2658
f 1412//2659 1418//2659 1390//2659
f 1410//2660 1418//2660 1412//2660
f 1390//2661 1419//2661 1413//2661
f 1413//2662 1419//2662 1417//2662
f 1417//2663 1419//2663 1415//2663
f 1415//2664 1419//2664 1416//2664
f 1416//2665 1419//2665 1418//2665
f 1390//2666 1420//2666 1419//2666
f 1418//2667 1420//2667 1390//2667
f 1419//2668 1420//2668 1418//2668
f 1390//2669 1421//2669 1359//2669
f 1359//2670 1421//2670 1422//2670
f 1421//2671 1423//2671 1422//2671
f 1422//2672 1423//2672 1424//2672
f 1423//2673 1425//2673 1424//2673
f 1424//2674 1425//2674 1426//2674
f 1426//2675 1427//2675 1428//2675
f 1429//2676 1427//2676 1426//2676
f 1427//2677 1430//2677 1428//2677
f 1426//2678 1431//2678 1429//2678
f 1428//2679 1432//2679 1433//2679
f 1430//2680 1432//2680 1428//2680
f 1431//2681 1434//2681 1429//2681
f 1429//2682 1434//2682 1427//2682
f 1427//2683 1435//2683 1430//2683
f 1434//2684 1435//2684 1427//2684
f 1432//2685 1436//2685 1433//2685
f 1426//2686 1437//2686 1431//2686
f 1430//2687 1438//2687 1432//2687
f 1435//2688 1438//2688 1430//2688
f 1431//2689 1439//2689 1434//2689
f 1437//2690 1439//2690 1431//2690
f 1436//2691 1440//2691 1433//2691
f 1434//2692 1441//2692 1435//2692
f 1439//2693 1441//2693 1434//2693
f 1432//2694 1442//2694 1436//2694
f 1438//2695 1442//2695 1432//2695
f 1426//2696 1443//2696 1437//2696
f 1441//2697 1444//2697 1435//2697
f 1435//2698 1444//2698 1438//2698
f 1437//2699 1445//2699 1439//2699
f 1443//2700 1445//2700 1437//2700
f 1433//2701 1446//2701 1447//2701
f 1440//2702 1446//2702 1433//2702
f 1436//2703 1448//2703 1440//2703
f 1442//2704 1448//2704 1436//2704
f 1439//2705 1449//2705 1441//2705
f 1445//2706 1449//2706 1439//2706
f 1438//2707 1450//2707 1442//2707
f 1444//2708 1450//2708 1438//2708
f 1425//2709 1451//2709 1426//2709
f 1426//2710 1451//2710 1443//2710
f 1441//2711 1452//2711 1444//2711
f 1449//2712 1452//2712 1441//2712
f 1443//2713 1453//2713 1445//2713
f 1451//2714 1453//2714 1443//2714
f 1446//2715 1454//2715 1447//2715
f 1440//2716 1454//2716 1446//2716
f 1448//2717 1454//2717 1440//2717
f 1450//2718 1455//2718 1442//2718
f 1442//2719 1455//2719 1448//2719
f 1448//2720 1455//2720 1454//2720
f 1453//2721 1456//2721 1445//2721
f 1445//2722 1456//2722 1449//2722
f 1450//2723 1457//2723 1455//2723
f 1444//2724 1457//2724 1450//2724
f 1452//2725 1457//2725 1444//2725
f 1425//2726 1458//2726 1451//2726
f 1449//2727 1459//2727 1452//2727
f 1456//2728 1459//2728 1449//2728
f 1451//2729 1460//2729 1453//2729
f 1458//2730 1460//2730 1451//2730
f 1454//2731 1461//2731 1447//2731
f 1455//2732 1461//2732 1454//2732
f 1457//2733 1462//2733 1455//2733
f 1456//2734 1463//2734 1459//2734
f 1460//2735 1463//2735 1453//2735
f 1453//2736 1463//2736 1456//2736
f 1459//2737 1464//2737 1452//2737
f 1452//2738 1464//2738 1457//2738
f 1425//2739 1465//2739 1458//2739
f 1463//2740 1466//2740 1459//2740
f 1458//2741 1467//2741 1460//2741
f 1465//2742 1467//2742 1458//2742
f 1455//2743 1468//2743 1461//2743
f 1462//2744 1468//2744 1455//2744
f 1461//2745 1468//2745 1447//2745
f 1464//2746 1469//2746 1457//2746
f 1457//2747 1469//2747 1462//2747
f 1460//2748 1470//2748 1463//2748
f 1467//2749 1470//2749 1460//2749
f 1466//2750 1471//2750 1459//2750
f 1459//2751 1471//2751 1464//2751
f 1464//2752 1471//2752 1469//2752
f 1425//2753 1472//2753 1465//2753
f 1463//2754 1473//2754 1466//2754
f 1470//2755 1473//2755 1463//2755
f 1465//2756 1474//2756 1467//2756
f 1472//2757 1474//2757 1465//2757
f 1447//2758 1475//2758 1476//2758
f 1468//2759 1475//2759 1447//2759
f 1462//2760 1475//2760 1468//2760
f 1469//2761 1475//2761 1462//2761
f 1471//2762 1477//2762 1469//2762
f 1467//2763 1478//2763 1470//2763
f 1474//2764 1478//2764 1467//2764
f 1466//2765 1479//2765 1471//2765
f 1473//2766 1479//2766 1466//2766
f 1425//2767 1480//2767 1472//2767
f 1470//2768 1481//2768 1473//2768
f 1478//2769 1481//2769 1470//2769
f 1472//2770 1482//2770 1474//2770
f 1480//2771 1482//2771 1472//2771
f 1425//2772 1483//2772 1480//2772
f 1469//2773 1484//2773 1475//2773
f 1477//2774 1484//2774 1469//2774
f 1475//2775 1484//2775 1476//2775
f 1471//2776 1485//2776 1477//2776
f 1479//2777 1485//2777 1471//2777
f 1482//2778 1486//2778 1474//2778
f 1474//2779 1486//2779 1478//2779
f 1487//2780 1488//2780 1425//2780
f 1482//2781 1488//2781 1486//2781
f 1480//2782 1488//2782 1482//2782
f 1425//2783 1488//2783 1483//2783
f 1483//2784 1488//2784 1480//2784
f 1473//2785 1489//2785 1479//2785
f 1481//2786 1489//2786 1473//2786
f 1487//2787 1490//2787 1488//2787
f 1488//2788 1490//2788 1486//2788
f 1478//2789 1491//2789 1481//2789
f 1486//2790 1491//2790 1478//2790
f 1477//2791 1492//2791 1484//2791
f 1484//2792 1492//2792 1476//2792
f 1485//2793 1492//2793 1477//2793
f 1489//2794 1493//2794 1479//2794
f 1479//2795 1493//2795 1485//2795
f 1494//2796 1495//2796 1487//2796
f 1487//2797 1495//2797 1490//2797
f 1490//2798 1495//2798 1486//2798
f 1486//2799 1495//2799 1491//2799
f 1481//2800 1496//2800 1489//2800
f 1491//2801 1496//2801 1481//2801
f 1491//2802 1497//2802 1496//2802
f 1494//2803 1497//2803 1495//2803
f 1495//2804 1497//2804 1491//2804
f 1485//2805 1498//2805 1492//2805
f 1492//2806 1498//2806 1476//2806
f 1493//2807 1498//2807 1485//2807
f 1489//2808 1499//2808 1493//2808
f 1496//2809 1499//2809 1489//2809
f 1494//2810 1500//2810 1497//2810
f 1496//2811 1500//2811 1499//2811
f 1497//2812 1500//2812 1496//2812
f 1498//2813 1501//2813 1476//2813
f 1499//2814 1501//2814 1493//2814
f 1493//2815 1501//2815 1498//2815
f 1494//2816 1502//2816 1500//2816
f 1476//2817 1502//2817 1494//2817
f 1500//2818 1502//2818 1499//2818
f 1499//2819 1502//2819 1501//2819
f 1501//2820 1502//2820 1476//2820
f 1476//2821 1503//2821 1447//2821
f 1447//2822 1503//2822 1504//2822
f 1504//2823 1505//2823 1506//2823
f 1505//2824 1507//2824 1506//2824
f 1504//2825 1508//2825 1505//2825
f 1507//2826 1509//2826 1506//2826
f 1505//2827 1510//2827 1507//2827
f 1508//2828 1510//2828 1505//2828
f 1504//2829 1511//2829 1508//2829
f 1506//2830 1512//2830 1513//2830
f 1509//2831 1512//2831 1506//2831
f 1510//2832 1514//2832 1507//2832
f 1507//2833 1514//2833 1509//2833
f 1512//2834 1515//2834 1513//2834
f 1508//2835 1516//2835 1510//2835
f 1511//2836 1516//2836 1508//2836
f 1504//2837 1517//2837 1511//2837
f 1513//2838 1518//2838 1519//2838
f 1515//2839 1518//2839 1513//2839
f 1509//2840 1520//2840 1512//2840
f 1514//2841 1520//2841 1509//2841
f 1518//2842 1521//2842 1519//2842
f 1510//2843 1522//2843 1514//2843
f 1516//2844 1522//2844 1510//2844
f 1512//2845 1523//2845 1515//2845
f 1520//2846 1523//2846 1512//2846
f 1511//2847 1524//2847 1516//2847
f 1517//2848 1524//2848 1511//2848
f 1503//2849 1525//2849 1504//2849
f 1504//2850 1525//2850 1517//2850
f 1515//2851 1526//2851 1518//2851
f 1518//2852 1526//2852 1521//2852
f 1523//2853 1526//2853 1515//2853
f 1522//2854 1527//2854 1514//2854
f 1514//2855 1527//2855 1520//2855
f 1521//2856 1528//2856 1519//2856
f 1526//2857 1528//2857 1521//2857
f 1516//2858 1529//2858 1522//2858
f 1524//2859 1529//2859 1516//2859
f 1520//2860 1530//2860 1523//2860
f 1527//2861 1530//2861 1520//2861
f 1517//2862 1531//2862 1524//2862
f 1525//2863 1531//2863 1517//2863
f 1503//2864 1532//2864 1525//2864
f 1523//2865 1533//2865 1526//2865
f 1530//2866 1533//2866 1523//2866
f 1529//2867 1534//2867 1522//2867
f 1522//2868 1534//2868 1527//2868
f 1528//2869 1535//2869 1519//2869
f 1526//2870 1535//2870 1528//2870
f 1533//2871 1535//2871 1526//2871
f 1524//2872 1536//2872 1529//2872
f 1531//2873 1536//2873 1524//2873
f 1534//2874 1537//2874 1527//2874
f 1527//2875 1537//2875 1530//2875
f 1530//2876 1537//2876 1533//2876
f 1525//2877 1538//2877 1531//2877
f 1532//2878 1538//2878 1525//2878
f 1503//2879 1539//2879 1532//2879
f 1537//2880 1540//2880 1533//2880
f 1529//2881 1541//2881 1534//2881
f 1536//2882 1541//2882 1529//2882
f 1535//2883 1542//2883 1519//2883
f 1540//2884 1542//2884 1533//2884
f 1533//2885 1542//2885 1535//2885
f 1538//2886 1543//2886 1531//2886
f 1531//2887 1543//2887 1536//2887
f 1541//2888 1544//2888 1534//2888
f 1534//2889 1544//2889 1537//2889
f 1539//2890 1545//2890 1532//2890
f 1532//2891 1545//2891 1538//2891
f 1503//2892 1546//2892 1539//2892
f 1544//2893 1547//2893 1537//2893
f 1537//2894 1547//2894 1540//2894
f 1543//2895 1548//2895 1536//2895
f 1536//2896 1548//2896 1541//2896
f 1519//2897 1549//2897 1550//2897
f 1542//2898 1549//2898 1519//2898
f 1540//2899 1549//2899 1542//2899
f 1547//2900 1549//2900 1540//2900
f 1545//2901 1551//2901 1538//2901
f 1538//2902 1551//2902 1543//2902
f 1548//2903 1552//2903 1541//2903
f 1541//2904 1552//2904 1544//2904
f 1539//2905 1553//2905 1545//2905
f 1546//2906 1553//2906 1539//2906
f 1503//2907 1554//2907 1546//2907
f 1544//2908 1555//2908 1547//2908
f 1552//2909 1555//2909 1544//2909
f 1543//2910 1556//2910 1548//2910
f 1551//2911 1556//2911 1543//2911
f 1557//2912 1558//2912 1503//2912
f 1503//2913 1558//2913 1554//2913
f 1549//2914 1559//2914 1550//2914
f 1547//2915 1559//2915 1549//2915
f 1555//2916 1559//2916 1547//2916
f 1545//2917 1560//2917 1551//2917
f 1553//2918 1560//2918 1545//2918
f 1551//2919 1560//2919 1556//2919
f 1548//2920 1561//2920 1552//2920
f 1556//2921 1561//2921 1548//2921
f 1546//2922 1562//2922 1553//2922
f 1554//2923 1562//2923 1546//2923
f 1552//2924 1563//2924 1555//2924
f 1561//2925 1563//2925 1552//2925
f 1560//2926 1564//2926 1556//2926
f 1557//2927 1565//2927 1558//2927
f 1558//2928 1565//2928 1554//2928
f 1554//2929 1565//2929 1562//2929
f 1559//2930 1566//2930 1550//2930
f 1555//2931 1566//2931 1559//2931
f 1563//2932 1566//2932 1555//2932
f 1562//2933 1567//2933 1553//2933
f 1553//2934 1567//2934 1560//2934
f 1561//2935 1568//2935 1563//2935
f 1556//2936 1568//2936 1561//2936
f 1564//2937 1568//2937 1556//2937
f 1562//2938 1569//2938 1567//2938
f 1557//2939 1569//2939 1565//2939
f 1565//2940 1569//2940 1562//2940
f 1568//2941 1570//2941 1563//2941
f 1560//2942 1571//2942 1564//2942
f 1567//2943 1571//2943 1560//2943
f 1564//2944 1571//2944 1568//2944
f 1566//2945 1572//2945 1550//2945
f 1563//2946 1572//2946 1566//2946
f 1570//2947 1572//2947 1563//2947
f 1573//2948 1574//2948 1557//2948
f 1557//2949 1574//2949 1569//2949
f 1569//2950 1574//2950 1567//2950
f 1567//2951 1574//2951 1571//2951
f 1574//2952 1575//2952 1571//2952
f 1571//2953 1575//2953 1568//2953
f 1575//2954 1576//2954 1568//2954
f 1568//2955 1576//2955 1570//2955
f 1573//2956 1577//2956 1574//2956
f 1574//2957 1577//2957 1575//2957
f 1570//2958 1578//2958 1572//2958
f 1576//2959 1578//2959 1570//2959
f 1572//2960 1578//2960 1550//2960
f 1577//2961 1579//2961 1575//2961
f 1575//2962 1579//2962 1576//2962
f 1550//2963 1579//2963 1573//2963
f 1573//2964 1579//2964 1577//2964
f 1576//2965 1579//2965 1578//2965
f 1578//2966 1580//2966 1550//2966
f 1550//2967 1580//2967 1579//2967
f 1579//2968 1580//2968 1578//2968
f 1550//2969 1581//2969 1519//2969
f 1519//2970 1581//2970 1582//2970
f 1581//2971 1583//2971 1582//2971
f 1582//2972 1583//2972 1584//2972
f 1583//2973 1585//2973 1584//2973
f 1584//2974 1585//2974 1586//2974
f 1586//2975 1587//2975 1588//2975
f 1589//2976 1587//2976 1586//2976
f 1587//2977 1590//2977 1588//2977
f 1586//2978 1591//2978 1589//2978
f 1588//2979 1592//2979 1593//2979
f 1590//2980 1592//2980 1588//2980
f 1591//2981 1594//2981 1589//2981
f 1589//2982 1594//2982 1587//2982
f 1587//2983 1595//2983 1590//2983
f 1594//2984 1595//2984 1587//2984
f 1592//2985 1596//2985 1593//2985
f 1586//2986 1597//2986 1591//2986
f 1590//2987 1598//2987 1592//2987
f 1595//2988 1598//2988 1590//2988
f 1591//2989 1599//2989 1594//2989
f 1597//2990 1599//2990 1591//2990
f 1596//2991 1600//2991 1593//2991
f 1594//2992 1601//2992 1595//2992
f 1599//2993 1601//2993 1594//2993
f 1592//2994 1602//2994 1596//2994
f 1598//2995 1602//2995 1592//2995
f 1586//2996 1603//2996 1597//2996
f 1601//2997 1604//2997 1595//2997
f 1595//2998 1604//2998 1598//2998
f 1597//2999 1605//2999 1599//2999
f 1603//3000 1605//3000 1597//3000
f 1593//3001 1606//3001 1607//3001
f 1600//3002 1606//3002 1593//3002
f 1596//3003 1608//3003 1600//3003
f 1602//3004 1608//3004 1596//3004
f 1599//3005 1609//3005 1601//3005
f 1605//3006 1609//3006 1599//3006
f 1598//3007 1610//3007 1602//3007
f 1604//3008 1610//3008 1598//3008
f 1585//3009 1611//3009 1586//3009
f 1586//3010 1611//3010 1603//3010
f 1601//3011 1612//3011 1604//3011
f 1609//3012 1612//3012 1601//3012
f 1603//3013 1613//3013 1605//3013
f 1611//3014 1613//3014 1603//3014
f 1606//3015 1614//3015 1607//3015
f 1600//3016 1614//3016 1606//3016
f 1608//3017 1614//3017 1600//3017
f 1610//3018 1615//3018 1602//3018
f 1602//3019 1615//3019 1608//3019
f 1613//3020 1616//3020 1605//3020
f 1605//3021 1616//3021 1609//3021
f 1604//3022 1617//3022 1610//3022
f 1612//3023 1617//3023 1604//3023
f 1585//3024 1618//3024 1611//3024
f 1609//3025 1619//3025 1612//3025
f 1616//3026 1619//3026 1609//3026
f 1611//3027 1620//3027 1613//3027
f 1618//3028 1620//3028 1611//3028
f 1614//3029 1621//3029 1607//3029
f 1608//3030 1621//3030 1614//3030
f 1615//3031 1621//3031 1608//3031
f 1610//3032 1622//3032 1615//3032
f 1617//3033 1622//3033 1610//3033
f 1620//3034 1623//3034 1613//3034
f 1613//3035 1623//3035 1616//3035
f 1619//3036 1624//3036 1612//3036
f 1612//3037 1624//3037 1617//3037
f 1585//3038 1625//3038 1618//3038
f 1616//3039 1626//3039 1619//3039
f 1623//3040 1626//3040 1616//3040
f 1618//3041 1627//3041 1620//3041
f 1625//3042 1627//3042 1618//3042
f 1615//3043 1628//3043 1621//3043
f 1621//3044 1628//3044 1607//3044
f 1622//3045 1628//3045 1615//3045
f 1624//3046 1629//3046 1617//3046
f 1622//3047 1629//3047 1628//3047
f 1617//3048 1629//3048 1622//3048
f 1620//3049 1630//3049 1623//3049
f 1627//3050 1630//3050 1620//3050
f 1626//3051 1631//3051 1619//3051
f 1619//3052 1631//3052 1624//3052
f 1585//3053 1632//3053 1625//3053
f 1623//3054 1633//3054 1626//3054
f 1630//3055 1633//3055 1623//3055
f 1625//3056 1634//3056 1627//3056
f 1632//3057 1634//3057 1625//3057
f 1607//3058 1635//3058 1636//3058
f 1628//3059 1635//3059 1607//3059
f 1629//3060 1635//3060 1628//3060
f 1624//3061 1637//3061 1629//3061
f 1631//3062 1637//3062 1624//3062
f 1627//3063 1638//3063 1630//3063
f 1634//3064 1638//3064 1627//3064
f 1626//3065 1639//3065 1631//3065
f 1633//3066 1639//3066 1626//3066
f 1585//3067 1640//3067 1632//3067
f 1630//3068 1641//3068 1633//3068
f 1638//3069 1641//3069 1630//3069
f 1632//3070 1642//3070 1634//3070
f 1640//3071 1642//3071 1632//3071
f 1585//3072 1643//3072 1640//3072
f 1635//3073 1644//3073 1636//3073
f 1629//3074 1644//3074 1635//3074
f 1637//3075 1644//3075 1629//3075
f 1639//3076 1645//3076 1631//3076
f 1631//3077 1645//3077 1637//3077
f 1634//3078 1646//3078 1638//3078
f 1642//3079 1646//3079 1634//3079
f 1647//3080 1648//3080 1585//3080
f 1642//3081 1648//3081 1646//3081
f 1640//3082 1648//3082 1642//3082
f 1585//3083 1648//3083 1643//3083
f 1643//3084 1648//3084 1640//3084
f 1633//3085 1649//3085 1639//3085
f 1641//3086 1649//3086 1633//3086
f 1647//3087 1650//3087 1648//3087
f 1648//3088 1650//3088 1646//3088
f 1638//3089 1651//3089 1641//3089
f 1646//3090 1651//3090 1638//3090
f 1637//3091 1652//3091 1644//3091
f 1645//3092 1652//3092 1637//3092
f 1644//3093 1652//3093 1636//3093
f 1639//3094 1653//3094 1645//3094
f 1649//3095 1653//3095 1639//3095
f 1654//3096 1655//3096 1647//3096
f 1647//3097 1655//3097 1650//3097
f 1650//3098 1655//3098 1646//3098
f 1646//3099 1655//3099 1651//3099
f 1641//3100 1656//3100 1649//3100
f 1651//3101 1656//3101 1641//3101
f 1655//3102 1656//3102 1651//3102
f 1655//3103 1657//3103 1656//3103
f 1654//3104 1657//3104 1655//3104
f 1645//3105 1658//3105 1652//3105
f 1652//3106 1658//3106 1636//3106
f 1653//3107 1658//3107 1645//3107
f 1653//3108 1659//3108 1658//3108
f 1656//3109 1659//3109 1649//3109
f 1649//3110 1659//3110 1653//3110
f 1654//3111 1660//3111 1657//3111
f 1656//3112 1660//3112 1659//3112
f 1657//3113 1660//3113 1656//3113
f 1658//3114 1661//3114 1636//3114
f 1659//3115 1661//3115 1658//3115
f 1636//3116 1662//3116 1654//3116
f 1660//3117 1662//3117 1659//3117
f 1661//3118 1662//3118 1636//3118
f 1659//3119 1662//3119 1661//3119
f 1654//3120 1662//3120 1660//3120
f 1636//3121 1663//3121 1607//3121
f 1607//3122 1663//3122 1664//3122
f 1664//3123 1665//3123 1666//3123
f 1665//3124 1667//3124 1666//3124
f 1664//3125 1668//3125 1665//3125
f 1667//3126 1669//3126 1666//3126
f 1665//3127 1670//3127 1667//3127
f 1668//3128 1670//3128 1665//3128
f 1664//3129 1671//3129 1668//3129
f 1666//3130 1672//3130 1673//3130
f 1669//3131 1672//3131 1666//3131
f 1670//3132 1674//3132 1667//3132
f 1667//3133 1674//3133 1669//3133
f 1672//3134 1675//3134 1673//3134
f 1668//3135 1676//3135 1670//3135
f 1671//3136 1676//3136 1668//3136
f 1664//3137 1677//3137 1671//3137
f 1673//3138 1678//3138 1679//3138
f 1675//3139 1678//3139 1673//3139
f 1669//3140 1680//3140 1672//3140
f 1674//3141 1680//3141 1669//3141
f 1678//3142 1681//3142 1679//3142
f 1670//3143 1682//3143 1674//3143
f 1676//3144 1682//3144 1670//3144
f 1672//3145 1683//3145 1675//3145
f 1680//3146 1683//3146 1672//3146
f 1671//3147 1684//3147 1676//3147
f 1677//3148 1684//3148 1671//3148
f 1663//3149 1685//3149 1664//3149
f 1664//3150 1685//3150 1677//3150
f 1675//3151 1686//3151 1678//3151
f 1683//3152 1686//3152 1675//3152
f 1682//3153 1687//3153 1674//3153
f 1674//3154 1687//3154 1680//3154
f 1681//3155 1688//3155 1679//3155
f 1678//3156 1688//3156 1681//3156
f 1686//3157 1688//3157 1678//3157
f 1676//3158 1689//3158 1682//3158
f 1684//3159 1689//3159 1676//3159
f 1680//3160 1690//3160 1683//3160
f 1687//3161 1690//3161 1680//3161
f 1677//3162 1691//3162 1684//3162
f 1685//3163 1691//3163 1677//3163
f 1663//3164 1692//3164 1685//3164
f 1683//3165 1693//3165 1686//3165
f 1690//3166 1693//3166 1683//3166
f 1689//3167 1694//3167 1682//3167
f 1682//3168 1694//3168 1687//3168
f 1688//3169 1695//3169 1679//3169
f 1686//3170 1695//3170 1688//3170
f 1693//3171 1695//3171 1686//3171
f 1684//3172 1696//3172 1689//3172
f 1691//3173 1696//3173 1684//3173
f 1694//3174 1697//3174 1687//3174
f 1687//3175 1697//3175 1690//3175
f 1690//3176 1697//3176 1693//3176
f 1685//3177 1698//3177 1691//3177
f 1692//3178 1698//3178 1685//3178
f 1663//3179 1699//3179 1692//3179
f 1697//3180 1700//3180 1693//3180
f 1689//3181 1701//3181 1694//3181
f 1696//3182 1701//3182 1689//3182
f 1695//3183 1702//3183 1679//3183
f 1700//3184 1702//3184 1693//3184
f 1693//3185 1702//3185 1695//3185
f 1698//3186 1703//3186 1691//3186
f 1691//3187 1703//3187 1696//3187
f 1701//3188 1704//3188 1694//3188
f 1694//3189 1704//3189 1697//3189
f 1699//3190 1705//3190 1692//3190
f 1692//3191 1705//3191 1698//3191
f 1663//3192 1706//3192 1699//3192
f 1704//3193 1707//3193 1697//3193
f 1697//3194 1707//3194 1700//3194
f 1703//3195 1708//3195 1696//3195
f 1696//3196 1708//3196 1701//3196
f 1679//3197 1709//3197 1710//3197
f 1702//3198 1709//3198 1679//3198
f 1700//3199 1709//3199 1702//3199
f 1707//3200 1709//3200 1700//3200
f 1705//3201 1711//3201 1698//3201
f 1698//3202 1711//3202 1703//3202
f 1704//3203 1712//3203 1707//3203
f 1708//3204 1712//3204 1701//3204
f 1701//3205 1712//3205 1704//3205
f 1699//3206 1713//3206 1705//3206
f 1706//3207 1713//3207 1699//3207
f 1663//3208 1714//3208 1706//3208
f 1707//3209 1715//3209 1709//3209
f 1712//3210 1715//3210 1707//3210
f 1703//3211 1716//3211 1708//3211
f 1711//3212 1716//3212 1703//3212
f 1717//3213 1718//3213 1663//3213
f 1663//3214 1718//3214 1714//3214
f 1709//3215 1719//3215 1710//3215
f 1715//3216 1719//3216 1709//3216
f 1705//3217 1720//3217 1711//3217
f 1713//3218 1720//3218 1705//3218
f 1708//3219 1721//3219 1712//3219
f 1716//3220 1721//3220 1708//3220
f 1706//3221 1722//3221 1713//3221
f 1714//3222 1722//3222 1706//3222
f 1712//3223 1723//3223 1715//3223
f 1721//3224 1723//3224 1712//3224
f 1716//3225 1724//3225 1721//3225
f 1711//3226 1724//3226 1716//3226
f 1720//3227 1724//3227 1711//3227
f 1717//3228 1725//3228 1718//3228
f 1718//3229 1725//3229 1714//3229
f 1714//3230 1725//3230 1722//3230
f 1719//3231 1726//3231 1710//3231
f 1715//3232 1726//3232 1719//3232
f 1723//3233 1726//3233 1715//3233
f 1722//3234 1727//3234 1713//3234
f 1713//3235 1727//3235 1720//3235
f 1724//3236 1728//3236 1721//3236
f 1722//3237 1729//3237 1727//3237
f 1717//3238 1729//3238 1725//3238
f 1725//3239 1729//3239 1722//3239
f 1721//3240 1730//3240 1723//3240
f 1728//3241 1730//3241 1721//3241
f 1720//3242 1731//3242 1724//3242
f 1727//3243 1731//3243 1720//3243
f 1729//3244 1731//3244 1727//3244
f 1726//3245 1732//3245 1710//3245
f 1723//3246 1732//3246 1726//3246
f 1730//3247 1732//3247 1723//3247
f 1733//3248 1734//3248 1717//3248
f 1717//3249 1734//3249 1729//3249
f 1729//3250 1734//3250 1731//3250
f 1724//3251 1735//3251 1728//3251
f 1731//3252 1735//3252 1724//3252
f 1735//3253 1736//3253 1728//3253
f 1728//3254 1736//3254 1730//3254
f 1734//3255 1737//3255 1731//3255
f 1731//3256 1737//3256 1735//3256
f 1733//3257 1737//3257 1734//3257
f 1730//3258 1738//3258 1732//3258
f 1736//3259 1738//3259 1730//3259
f 1732//3260 1738//3260 1710//3260
f 1735//3261 1739//3261 1736//3261
f 1710//3262 1739//3262 1733//3262
f 1733//3263 1739//3263 1737//3263
f 1737//3264 1739//3264 1735//3264
f 1710//3265 1740//3265 1739//3265
f 1739//3266 1740//3266 1736//3266
f 1736//3267 1740//3267 1738//3267
f 1738//3268 1740//3268 1710//3268
f 1710//3269 1741//3269 1679//3269
f 1679//3270 1741//3270 1742//3270
f 1741//3271 1743//3271 1742//3271
f 1742//3272 1743//3272 1744//3272
f 1743//3273 1745//3273 1744//3273
f 1744//3274 1745//3274 1746//3274
f 1746//3275 1747//3275 1748//3275
f 1749//3276 1747//3276 1746//3276
f 1747//3277 1750//3277 1748//3277
f 1746//3278 1751//3278 1749//3278
f 1750//3279 1752//3279 1748//3279
f 1751//3280 1753//3280 1749//3280
f 1749//3281 1753//3281 1747//3281
f 1747//3282 1754//3282 1750//3282
f 1753//3283 1754//3283 1747//3283
f 1748//3284 1755//3284 1756//3284
f 1752//3285 1755//3285 1748//3285
f 1746//3286 1757//3286 1751//3286
f 1750//3287 1758//3287 1752//3287
f 1754//3288 1758//3288 1750//3288
f 1751//3289 1759//3289 1753//3289
f 1757//3290 1759//3290 1751//3290
f 1755//3291 1760//3291 1756//3291
f 1753//3292 1761//3292 1754//3292
f 1759//3293 1761//3293 1753//3293
f 1752//3294 1762//3294 1755//3294
f 1758//3295 1762//3295 1752//3295
f 1746//3296 1763//3296 1757//3296
f 1761//3297 1764//3297 1754//3297
f 1754//3298 1764//3298 1758//3298
f 1757//3299 1765//3299 1759//3299
f 1763//3300 1765//3300 1757//3300
f 1756//3301 1766//3301 1767//3301
f 1760//3302 1766//3302 1756//3302
f 1762//3303 1768//3303 1755//3303
f 1755//3304 1768//3304 1760//3304
f 1759//3305 1769//3305 1761//3305
f 1765//3306 1769//3306 1759//3306
f 1758//3307 1770//3307 1762//3307
f 1764//3308 1770//3308 1758//3308
f 1745//3309 1771//3309 1746//3309
f 1746//3310 1771//3310 1763//3310
f 1761//3311 1772//3311 1764//3311
f 1769//3312 1772//3312 1761//3312
f 1766//3313 1773//3313 1767//3313
f 1763//3314 1774//3314 1765//3314
f 1771//3315 1774//3315 1763//3315
f 1760//3316 1775//3316 1766//3316
f 1768//3317 1775//3317 1760//3317
f 1762//3318 1776//3318 1768//3318
f 1770//3319 1776//3319 1762//3319
f 1774//3320 1777//3320 1765//3320
f 1765//3321 1777//3321 1769//3321
f 1764//3322 1778//3322 1770//3322
f 1772//3323 1778//3323 1764//3323
f 1745//3324 1779//3324 1771//3324
f 1769//3325 1780//3325 1772//3325
f 1777//3326 1780//3326 1769//3326
f 1773//3327 1781//3327 1767//3327
f 1766//3328 1781//3328 1773//3328
f 1775//3329 1781//3329 1766//3329
f 1779//3330 1782//3330 1771//3330
f 1771//3331 1782//3331 1774//3331
f 1768//3332 1783//3332 1775//3332
f 1776//3333 1783//3333 1768//3333
f 1778//3334 1784//3334 1770//3334
f 1770//3335 1784//3335 1776//3335
f 1782//3336 1785//3336 1774//3336
f 1774//3337 1785//3337 1777//3337
f 1780//3338 1786//3338 1772//3338
f 1772//3339 1786//3339 1778//3339
f 1745//3340 1787//3340 1779//3340
f 1785//3341 1788//3341 1777//3341
f 1777//3342 1788//3342 1780//3342
f 1775//3343 1789//3343 1781//3343
f 1781//3344 1789//3344 1767//3344
f 1783//3345 1789//3345 1775//3345
f 1787//3346 1790//3346 1779//3346
f 1779//3347 1790//3347 1782//3347
f 1776//3348 1791//3348 1783//3348
f 1784//3349 1791//3349 1776//3349
f 1778//3350 1792//3350 1784//3350
f 1786//3351 1792//3351 1778//3351
f 1782//3352 1793//3352 1785//3352
f 1790//3353 1793//3353 1782//3353
f 1780//3354 1794//3354 1786//3354
f 1786//3355 1794//3355 1792//3355
f 1788//3356 1794//3356 1780//3356
f 1745//3357 1795//3357 1787//3357
f 1785//3358 1796//3358 1788//3358
f 1793//3359 1796//3359 1785//3359
f 1789//3360 1797//3360 1767//3360
f 1783//3361 1797//3361 1789//3361
f 1791//3362 1797//3362 1783//3362
f 1795//3363 1798//3363 1787//3363
f 1787//3364 1798//3364 1790//3364
f 1784//3365 1799//3365 1791//3365
f 1792//3366 1799//3366 1784//3366
f 1794//3367 1800//3367 1792//3367
f 1790//3368 1801//3368 1793//3368
f 1798//3369 1801//3369 1790//3369
f 1796//3370 1802//3370 1788//3370
f 1788//3371 1802//3371 1794//3371
f 1745//3372 1803//3372 1795//3372
f 1793//3373 1804//3373 1796//3373
f 1801//3374 1804//3374 1793//3374
f 1767//3375 1805//3375 1806//3375
f 1799//3376 1805//3376 1791//3376
f 1797//3377 1805//3377 1767//3377
f 1791//3378 1805//3378 1797//3378
f 1795//3379 1807//3379 1798//3379
f 1803//3380 1807//3380 1795//3380
f 1792//3381 1808//3381 1799//3381
f 1800//3382 1808//3382 1792//3382
f 1794//3383 1809//3383 1800//3383
f 1802//3384 1809//3384 1794//3384
f 1800//3385 1809//3385 1808//3385
f 1745//3386 1810//3386 1803//3386
f 1803//3387 1810//3387 1807//3387
f 1807//3388 1811//3388 1798//3388
f 1798//3389 1811//3389 1801//3389
f 1796//3390 1812//3390 1802//3390
f 1804//3391 1812//3391 1796//3391
f 1802//3392 1812//3392 1809//3392
f 1813//3393 1814//3393 1745//3393
f 1745//3394 1814//3394 1810//3394
f 1810//3395 1814//3395 1807//3395
f 1801//3396 1815//3396 1804//3396
f 1811//3397 1815//3397 1801//3397
f 1807//3398 1816//3398 1811//3398
f 1813//3399 1816//3399 1814//3399
f 1814//3400 1816//3400 1807//3400
f 1799//3401 1817//3401 1805//3401
f 1805//3402 1817//3402 1806//3402
f 1808//3403 1817//3403 1799//3403
f 1809//3404 1818//3404 1808//3404
f 1812//3405 1819//3405 1809//3405
f 1811//3406 1820//3406 1815//3406
f 1813//3407 1820//3407 1816//3407
f 1816//3408 1820//3408 1811//3408
f 1815//3409 1821//3409 1804//3409
f 1804//3410 1821//3410 1812//3410
f 1817//3411 1822//3411 1806//3411
f 1808//3412 1822//3412 1817//3412
f 1818//3413 1822//3413 1808//3413
f 1823//3414 1824//3414 1813//3414
f 1813//3415 1824//3415 1820//3415
f 1815//3416 1824//3416 1821//3416
f 1820//3417 1824//3417 1815//3417
f 1809//3418 1825//3418 1818//3418
f 1819//3419 1825//3419 1809//3419
f 1821//3420 1826//3420 1812//3420
f 1812//3421 1826//3421 1819//3421
f 1823//3422 1827//3422 1824//3422
f 1824//3423 1827//3423 1821//3423
f 1821//3424 1827//3424 1826//3424
f 1822//3425 1828//3425 1806//3425
f 1818//3426 1828//3426 1822//3426
f 1825//3427 1828//3427 1818//3427
f 1819//3428 1829//3428 1825//3428
f 1826//3429 1829//3429 1819//3429
f 1806//3430 1830//3430 1823//3430
f 1823//3431 1830//3431 1827//3431
f 1827//3432 1830//3432 1826//3432
f 1826//3433 1830//3433 1829//3433
f 1829//3434 1831//3434 1825//3434
f 1828//3435 1831//3435 1806//3435
f 1825//3436 1831//3436 1828//3436
f 1806//3437 1832//3437 1830//3437
f 1830//3438 1832//3438 1829//3438
f 1831//3439 1832//3439 1806//3439
f 1829//3440 1832//3440 1831//3440
f 1806//3441 1833//3441 1767//3441
f 1767//3442 1833//3442 1834//3442
f 1834//3443 1835//3443 1836//3443
f 1835//3444 1837//3444 1836//3444
f 1834//3445 1838//3445 1835//3445
f 1837//3446 1839//3446 1836//3446
f 1835//3447 1840//3447 1837//3447
f 1838//3448 1840//3448 1835//3448
f 1834//3449 1841//3449 1838//3449
f 1836//3450 1842//3450 1843//3450
f 1839//3451 1842//3451 1836//3451
f 1840//3452 1844//3452 1837//3452
f 1837//3453 1844//3453 1839//3453
f 1842//3454 1845//3454 1843//3454
f 1838//3455 1846//3455 1840//3455
f 1841//3456 1846//3456 1838//3456
f 1834//3457 1847//3457 1841//3457
f 1843//3458 1848//3458 1849//3458
f 1845//3459 1848//3459 1843//3459
f 1839//3460 1850//3460 1842//3460
f 1844//3461 1850//3461 1839//3461
f 1848//3462 1851//3462 1849//3462
f 1840//3463 1852//3463 1844//3463
f 1846//3464 1852//3464 1840//3464
f 1842//3465 1853//3465 1845//3465
f 1850//3466 1853//3466 1842//3466
f 1841//3467 1854//3467 1846//3467
f 1847//3468 1854//3468 1841//3468
f 1833//3469 1855//3469 1834//3469
f 1834//3470 1855//3470 1847//3470
f 1845//3471 1856//3471 1848//3471
f 1848//3472 1856//3472 1851//3472
f 1853//3473 1856//3473 1845//3473
f 1852//3474 1857//3474 1844//3474
f 1844//3475 1857//3475 1850//3475
f 1851//3476 1858//3476 1849//3476
f 1856//3477 1858//3477 1851//3477
f 1846//3478 1859//3478 1852//3478
f 1854//3479 1859//3479 1846//3479
f 1850//3480 1860//3480 1853//3480
f 1857//3481 1860//3481 1850//3481
f 1847//3482 1861//3482 1854//3482
f 1855//3483 1861//3483 1847//3483
f 1833//3484 1862//3484 1855//3484
f 1853//3485 1863//3485 1856//3485
f 1860//3486 1863//3486 1853//3486
f 1859//3487 1864//3487 1852//3487
f 1852//3488 1864//3488 1857//3488
f 1858//3489 1865//3489 1849//3489
f 1856//3490 1865//3490 1858//3490
f 1863//3491 1865//3491 1856//3491
f 1854//3492 1866//3492 1859//3492
f 1861//3493 1866//3493 1854//3493
f 1864//3494 1867//3494 1857//3494
f 1857//3495 1867//3495 1860//3495
f 1855//3496 1868//3496 1861//3496
f 1862//3497 1868//3497 1855//3497
f 1833//3498 1869//3498 1862//3498
f 1867//3499 1870//3499 1860//3499
f 1860//3500 1870//3500 1863//3500
f 1859//3501 1871//3501 1864//3501
f 1866//3502 1871//3502 1859//3502
f 1870//3503 1872//3503 1863//3503
f 1865//3504 1872//3504 1849//3504
f 1863//3505 1872//3505 1865//3505
f 1868//3506 1873//3506 1861//3506
f 1861//3507 1873//3507 1866//3507
f 1871//3508 1874//3508 1864//3508
f 1864//3509 1874//3509 1867//3509
f 1869//3510 1875//3510 1862//3510
f 1862//3511 1875//3511 1868//3511
f 1833//3512 1876//3512 1869//3512
f 1874//3513 1877//3513 1867//3513
f 1867//3514 1877//3514 1870//3514
f 1873//3515 1878//3515 1866//3515
f 1866//3516 1878//3516 1871//3516
f 1849//3517 1879//3517 1880//3517
f 1872//3518 1879//3518 1849//3518
f 1877//3519 1879//3519 1870//3519
f 1870//3520 1879//3520 1872//3520
f 1875//3521 1881//3521 1868//3521
f 1868//3522 1881//3522 1873//3522
f 1878//3523 1882//3523 1871//3523
f 1871//3524 1882//3524 1874//3524
f 1869//3525 1883//3525 1875//3525
f 1876//3526 1883//3526 1869//3526
f 1833//3527 1884//3527 1876//3527
f 1874//3528 1885//3528 1877//3528
f 1882//3529 1885//3529 1874//3529
f 1877//3530 1885//3530 1879//3530
f 1873//3531 1886//3531 1878//3531
f 1881//3532 1886//3532 1873//3532
f 1887//3533 1888//3533 1833//3533
f 1833//3534 1888//3534 1884//3534
f 1879//3535 1889//3535 1880//3535
f 1885//3536 1889//3536 1879//3536
f 1875//3537 1890//3537 1881//3537
f 1883//3538 1890//3538 1875//3538
f 1878//3539 1891//3539 1882//3539
f 1886//3540 1891//3540 1878//3540
f 1876//3541 1892//3541 1883//3541
f 1884//3542 1892//3542 1876//3542
f 1882//3543 1893//3543 1885//3543
f 1891//3544 1893//3544 1882//3544
f 1881//3545 1894//3545 1886//3545
f 1890//3546 1894//3546 1881//3546
f 1887//3547 1895//3547 1888//3547
f 1888//3548 1895//3548 1884//3548
f 1884//3549 1895//3549 1892//3549
f 1889//3550 1896//3550 1880//3550
f 1885//3551 1896//3551 1889//3551
f 1893//3552 1896//3552 1885//3552
f 1892//3553 1897//3553 1883//3553
f 1883//3554 1897//3554 1890//3554
f 1895//3555 1897//3555 1892//3555
f 1891//3556 1898//3556 1893//3556
f 1886//3557 1898//3557 1891//3557
f 1894//3558 1898//3558 1886//3558
f 1887//3559 1899//3559 1895//3559
f 1895//3560 1899//3560 1897//3560
f 1898//3561 1900//3561 1893//3561
f 1890//3562 1901//3562 1894//3562
f 1897//3563 1901//3563 1890//3563
f 1893//3564 1902//3564 1896//3564
f 1896//3565 1902//3565 1880//3565
f 1900//3566 1902//3566 1893//3566
f 1903//3567 1904//3567 1887//3567
f 1887//3568 1904//3568 1899//3568
f 1899//3569 1904//3569 1897//3569
f 1897//3570 1904//3570 1901//3570
f 1894//3571 1905//3571 1898//3571
f 1901//3572 1905//3572 1894//3572
f 1905//3573 1906//3573 1898//3573
f 1898//3574 1906//3574 1900//3574
f 1904//3575 1907//3575 1901//3575
f 1903//3576 1907//3576 1904//3576
f 1901//3577 1907//3577 1905//3577
f 1900//3578 1908//3578 1902//3578
f 1906//3579 1908//3579 1900//3579
f 1902//3580 1908//3580 1880//3580
f 1905//3581 1909//3581 1906//3581
f 1880//3582 1909//3582 1903//3582
f 1903//3583 1909//3583 1907//3583
f 1906//3584 1909//3584 1908//3584
f 1907//3585 1909//3585 1905//3585
f 1880//3586 1910//3586 1909//3586
f 1908//3587 1910//3587 1880//3587
f 1909//3588 1910//3588 1908//3588
f 1880//3589 1911//3589 1849//3589
f 1849//3590 1911//3590 1912//3590
f 1911//3591 1913//3591 1912//3591
f 1912//3592 1913//3592 1914//3592
f 1913//3593 1915//3593 1914//3593
f 1914//3594 1915//3594 1916//3594
f 1916//3595 1917//3595 1918//3595
f 1919//3596 1917//3596 1916//3596
f 1917//3597 1920//3597 1918//3597
f 1916//3598 1921//3598 1919//3598
f 1920//3599 1922//3599 1918//3599
f 1921//3600 1923//3600 1919//3600
f 1919//3601 1923//3601 1917//3601
f 1917//3602 1924//3602 1920//3602
f 1923//3603 1924//3603 1917//3603
f 1918//3604 1925//3604 1926//3604
f 1922//3605 1925//3605 1918//3605
f 1916//3606 1927//3606 1921//3606
f 1920//3607 1928//3607 1922//3607
f 1924//3608 1928//3608 1920//3608
f 1921//3609 1929//3609 1923//3609
f 1927//3610 1929//3610 1921//3610
f 1925//3611 1930//3611 1926//3611
f 1923//3612 1931//3612 1924//3612
f 1929//3613 1931//3613 1923//3613
f 1922//3614 1932//3614 1925//3614
f 1928//3615 1932//3615 1922//3615
f 1916//3616 1933//3616 1927//3616
f 1931//3617 1934//3617 1924//3617
f 1924//3618 1934//3618 1928//3618
f 1927//3619 1935//3619 1929//3619
f 1933//3620 1935//3620 1927//3620
f 1926//3621 1936//3621 1937//3621
f 1930//3622 1936//3622 1926//3622
f 1932//3623 1938//3623 1925//3623
f 1925//3624 1938//3624 1930//3624
f 1929//3625 1939//3625 1931//3625
f 1935//3626 1939//3626 1929//3626
f 1928//3627 1940//3627 1932//3627
f 1934//3628 1940//3628 1928//3628
f 1915//3629 1941//3629 1916//3629
f 1916//3630 1941//3630 1933//3630
f 1931//3631 1942//3631 1934//3631
f 1939//3632 1942//3632 1931//3632
f 1936//3633 1943//3633 1937//3633
f 1933//3634 1944//3634 1935//3634
f 1941//3635 1944//3635 1933//3635
f 1930//3636 1945//3636 1936//3636
f 1938//3637 1945//3637 1930//3637
f 1932//3638 1946//3638 1938//3638
f 1940//3639 1946//3639 1932//3639
f 1944//3640 1947//3640 1935//3640
f 1935//3641 1947//3641 1939//3641
f 1934//3642 1948//3642 1940//3642
f 1942//3643 1948//3643 1934//3643
f 1915//3644 1949//3644 1941//3644
f 1939//3645 1950//3645 1942//3645
f 1947//3646 1950//3646 1939//3646
f 1943//3647 1951//3647 1937//3647
f 1936//3648 1951//3648 1943//3648
f 1945//3649 1951//3649 1936//3649
f 1949//3650 1952//3650 1941//3650
f 1941//3651 1952//3651 1944//3651
f 1938//3652 1953//3652 1945//3652
f 1946//3653 1953//3653 1938//3653
f 1948//3654 1954//3654 1940//3654
f 1940//3655 1954//3655 1946//3655
f 1952//3656 1955//3656 1944//3656
f 1944//3657 1955//3657 1947//3657
f 1950//3658 1956//3658 1942//3658
f 1942//3659 1956//3659 1948//3659
f 1915//3660 1957//3660 1949//3660
f 1955//3661 1958//3661 1947//3661
f 1947//3662 1958//3662 1950//3662
f 1945//3663 1959//3663 1951//3663
f 1951//3664 1959//3664 1937//3664
f 1953//3665 1959//3665 1945//3665
f 1957//3666 1960//3666 1949//3666
f 1949//3667 1960//3667 1952//3667
f 1946//3668 1961//3668 1953//3668
f 1954//3669 1961//3669 1946//3669
f 1948//3670 1962//3670 1954//3670
f 1956//3671 1962//3671 1948//3671
f 1952//3672 1963//3672 1955//3672
f 1960//3673 1963//3673 1952//3673
f 1950//3674 1964//3674 1956//3674
f 1958//3675 1964//3675 1950//3675
f 1915//3676 1965//3676 1957//3676
f 1955//3677 1966//3677 1958//3677
f 1963//3678 1966//3678 1955//3678
f 1959//3679 1967//3679 1937//3679
f 1953//3680 1967//3680 1959//3680
f 1961//3681 1967//3681 1953//3681
f 1965//3682 1968//3682 1957//3682
f 1957//3683 1968//3683 1960//3683
f 1954//3684 1969//3684 1961//3684
f 1962//3685 1969//3685 1954//3685
f 1964//3686 1970//3686 1956//3686
f 1956//3687 1970//3687 1962//3687
f 1960//3688 1971//3688 1963//3688
f 1968//3689 1971//3689 1960//3689
f 1966//3690 1972//3690 1958//3690
f 1958//3691 1972//3691 1964//3691
f 1915//3692 1973//3692 1965//3692
f 1963//3693 1974//3693 1966//3693
f 1971//3694 1974//3694 1963//3694
f 1937//3695 1975//3695 1976//3695
f 1969//3696 1975//3696 1961//3696
f 1967//3697 1975//3697 1937//3697
f 1961//3698 1975//3698 1967//3698
f 1965//3699 1977//3699 1968//3699
f 1973//3700 1977//3700 1965//3700
f 1970//3701 1978//3701 1962//3701
f 1962//3702 1978//3702 1969//3702
f 1964//3703 1979//3703 1970//3703
f 1972//3704 1979//3704 1964//3704
f 1915//3705 1980//3705 1973//3705
f 1977//3706 1981//3706 1968//3706
f 1968//3707 1981//3707 1971//3707
f 1966//3708 1982//3708 1972//3708
f 1974//3709 1982//3709 1966//3709
f 1983//3710 1984//3710 1915//3710
f 1973//3711 1984//3711 1977//3711
f 1915//3712 1984//3712 1980//3712
f 1980//3713 1984//3713 1973//3713
f 1971//3714 1985//3714 1974//3714
f 1981//3715 1985//3715 1971//3715
f 1977//3716 1986//3716 1981//3716
f 1983//3717 1986//3717 1984//3717
f 1984//3718 1986//3718 1977//3718
f 1969//3719 1987//3719 1975//3719
f 1975//3720 1987//3720 1976//3720
f 1978//3721 1987//3721 1969//3721
f 1970//3722 1988//3722 1978//3722
f 1979//3723 1988//3723 1970//3723
f 1972//3724 1989//3724 1979//3724
f 1982//3725 1989//3725 1972//3725
f 1981//3726 1990//3726 1985//3726
f 1983//3727 1990//3727 1986//3727
f 1986//3728 1990//3728 1981//3728
f 1985//3729 1991//3729 1974//3729
f 1990//3730 1991//3730 1985//3730
f 1974//3731 1991//3731 1982//3731
f 1987//3732 1992//3732 1976//3732
f 1978//3733 1992//3733 1987//3733
f 1988//3734 1992//3734 1978//3734
f 1993//3735 1994//3735 1983//3735
f 1983//3736 1994//3736 1990//3736
f 1990//3737 1994//3737 1991//3737
f 1979//3738 1995//3738 1988//3738
f 1989//3739 1995//3739 1979//3739
f 1982//3740 1996//3740 1989//3740
f 1991//3741 1996//3741 1982//3741
f 1993//3742 1997//3742 1994//3742
f 1994//3743 1997//3743 1991//3743
f 1991//3744 1997//3744 1996//3744
f 1992//3745 1998//3745 1976//3745
f 1988//3746 1998//3746 1992//3746
f 1995//3747 1998//3747 1988//3747
f 1996//3748 1999//3748 1989//3748
f 1989//3749 1999//3749 1995//3749
f 1976//3750 2000//3750 1993//3750
f 1993//3751 2000//3751 1997//3751
f 1997//3752 2000//3752 1996//3752
f 1996//3753 2000//3753 1999//3753
f 1998//3754 2001//3754 1976//3754
f 1995//3755 2001//3755 1998//3755
f 1999//3756 2001//3756 1995//3756
f 2001//3757 2002//3757 1976//3757
f 1976//3758 2002//3758 2000//3758
f 2000//3759 2002//3759 1999//3759
f 1999//3760 2002//3760 2001//3760
f 1976//3761 2003//3761 1937//3761
f 1937//3762 2003//3762 2004//3762
f 2004//3763 2005//3763 2006//3763
f 2005//3764 2007//3764 2006//3764
f 2004//3765 2008//3765 2005//3765
f 2007//3766 2009//3766 2006//3766
f 2005//3767 2010//3767 2007//3767
f 2008//3768 2010//3768 2005//3768
f 2004//3769 2011//3769 2008//3769
f 2006//3770 2012//3770 2013//3770
f 2009//3771 2012//3771 2006//3771
f 2010//3772 2014//3772 2007//3772
f 2007//3773 2014//3773 2009//3773
f 2012//3774 2015//3774 2013//3774
f 2008//3775 2016//3775 2010//3775
f 2011//3776 2016//3776 2008//3776
f 2004//3777 2017//3777 2011//3777
f 2013//3778 2018//3778 2019//3778
f 2015//3779 2018//3779 2013//3779
f 2009//3780 2020//3780 2012//3780
f 2014//3781 2020//3781 2009//3781
f 2018//3782 2021//3782 2019//3782
f 2010//3783 2022//3783 2014//3783
f 2016//3784 2022//3784 2010//3784
f 2012//3785 2023//3785 2015//3785
f 2020//3786 2023//3786 2012//3786
f 2011//3787 2024//3787 2016//3787
f 2017//3788 2024//3788 2011//3788
f 2003//3789 2025//3789 2004//3789
f 2004//3790 2025//3790 2017//3790
f 2015//3791 2026//3791 2018//3791
f 2023//3792 2026//3792 2015//3792
f 2022//3793 2027//3793 2014//3793
f 2014//3794 2027//3794 2020//3794
f 2021//3795 2028//3795 2019//3795
f 2018//3796 2028//3796 2021//3796
f 2026//3797 2028//3797 2018//3797
f 2016//3798 2029//3798 2022//3798
f 2024//3799 2029//3799 2016//3799
f 2020//3800 2030//3800 2023//3800
f 2027//3801 2030//3801 2020//3801
f 2017//3802 2031//3802 2024//3802
f 2025//3803 2031//3803 2017//3803
f 2003//3804 2032//3804 2025//3804
f 2023//3805 2033//3805 2026//3805
f 2030//3806 2033//3806 2023//3806
f 2029//3807 2034//3807 2022//3807
f 2022//3808 2034//3808 2027//3808
f 2028//3809 2035//3809 2019//3809
f 2026//3810 2035//3810 2028//3810
f 2033//3811 2035//3811 2026//3811
f 2024//3812 2036//3812 2029//3812
f 2031//3813 2036//3813 2024//3813
f 2034//3814 2037//3814 2027//3814
f 2027//3815 2037//3815 2030//3815
f 2025//3816 2038//3816 2031//3816
f 2032//3817 2038//3817 2025//3817
f 2003//3818 2039//3818 2032//3818
f 2037//3819 2040//3819 2030//3819
f 2030//3820 2040//3820 2033//3820
f 2029//3821 2041//3821 2034//3821
f 2036//3822 2041//3822 2029//3822
f 2040//3823 2042//3823 2033//3823
f 2035//3824 2042//3824 2019//3824
f 2033//3825 2042//3825 2035//3825
f 2038//3826 2043//3826 2031//3826
f 2031//3827 2043//3827 2036//3827
f 2041//3828 2044//3828 2034//3828
f 2034//3829 2044//3829 2037//3829
f 2039//3830 2045//3830 2032//3830
f 2032//3831 2045//3831 2038//3831
f 2003//3832 2046//3832 2039//3832
f 2044//3833 2047//3833 2037//3833
f 2040//3834 2047//3834 2042//3834
f 2037//3835 2047//3835 2040//3835
f 2043//3836 2048//3836 2036//3836
f 2036//3837 2048//3837 2041//3837
f 2019//3838 2049//3838 2050//3838
f 2042//3839 2049//3839 2019//3839
f 2047//3840 2049//3840 2042//3840
f 2045//3841 2051//3841 2038//3841
f 2038//3842 2051//3842 2043//3842
f 2044//3843 2052//3843 2047//3843
f 2048//3844 2052//3844 2041//3844
f 2041//3845 2052//3845 2044//3845
f 2039//3846 2053//3846 2045//3846
f 2046//3847 2053//3847 2039//3847
f 2045//3848 2053//3848 2051//3848
f 2003//3849 2054//3849 2046//3849
f 2052//3850 2055//3850 2047//3850
f 2043//3851 2056//3851 2048//3851
f 2051//3852 2056//3852 2043//3852
f 2057//3853 2058//3853 2003//3853
f 2003//3854 2058//3854 2054//3854
f 2047//3855 2059//3855 2049//3855
f 2055//3856 2059//3856 2047//3856
f 2049//3857 2059//3857 2050//3857
f 2053//3858 2060//3858 2051//3858
f 2048//3859 2061//3859 2052//3859
f 2056//3860 2061//3860 2048//3860
f 2046//3861 2062//3861 2053//3861
f 2054//3862 2062//3862 2046//3862
f 2052//3863 2063//3863 2055//3863
f 2061//3864 2063//3864 2052//3864
f 2055//3865 2063//3865 2059//3865
f 2051//3866 2064//3866 2056//3866
f 2060//3867 2064//3867 2051//3867
f 2056//3868 2064//3868 2061//3868
f 2057//3869 2065//3869 2058//3869
f 2058//3870 2065//3870 2054//3870
f 2054//3871 2065//3871 2062//3871
f 2059//3872 2066//3872 2050//3872
f 2063//3873 2066//3873 2059//3873
f 2053//3874 2067//3874 2060//3874
f 2062//3875 2067//3875 2053//3875
f 2064//3876 2068//3876 2061//3876
f 2065//3877 2069//3877 2062//3877
f 2057//3878 2069//3878 2065//3878
f 2062//3879 2069//3879 2067//3879
f 2061//3880 2070//3880 2063//3880
f 2068//3881 2070//3881 2061//3881
f 2064//3882 2071//3882 2068//3882
f 2060//3883 2071//3883 2064//3883
f 2067//3884 2071//3884 2060//3884
f 2069//3885 2071//3885 2067//3885
f 2066//3886 2072//3886 2050//3886
f 2063//3887 2072//3887 2066//3887
f 2070//3888 2072//3888 2063//3888
f 2073//3889 2074//3889 2057//3889
f 2069//3890 2074//3890 2071//3890
f 2057//3891 2074//3891 2069//3891
f 2071//3892 2075//3892 2068//3892
f 2070//3893 2076//3893 2072//3893
f 2075//3894 2076//3894 2068//3894
f 2068//3895 2076//3895 2070//3895
f 2074//3896 2077//3896 2071//3896
f 2075//3897 2077//3897 2076//3897
f 2073//3898 2077//3898 2074//3898
f 2071//3899 2077//3899 2075//3899
f 2076//3900 2078//3900 2072//3900
f 2072//3901 2078//3901 2050//3901
f 2050//3902 2079//3902 2073//3902
f 2077//3903 2079//3903 2076//3903
f 2073//3904 2079//3904 2077//3904
f 2050//3905 2080//3905 2079//3905
f 2076//3906 2080//3906 2078//3906
f 2078//3907 2080//3907 2050//3907
f 2079//3908 2080//3908 2076//3908
f 2050//3909 2081//3909 2019//3909
f 2019//3910 2081//3910 2082//3910
f 2081//3911 2083//3911 2082//3911
f 2082//3912 2083//3912 2084//3912
f 2083//3913 2085//3913 2084//3913
f 2084//3914 2085//3914 2086//3914
f 2086//3915 2087//3915 2088//3915
f 2089//3916 2087//3916 2086//3916
f 2087//3917 2090//3917 2088//3917
f 2086//3918 2091//3918 2089//3918
f 2090//3919 2092//3919 2088//3919
f 2091//3920 2093//3920 2089//3920
f 2089//3921 2093//3921 2087//3921
f 2087//3922 2094//3922 2090//3922
f 2093//3923 2094//3923 2087//3923
f 2088//3924 2095//3924 2096//3924
f 2092//3925 2095//3925 2088//3925
f 2086//3926 2097//3926 2091//3926
f 2090//3927 2098//3927 2092//3927
f 2094//3928 2098//3928 2090//3928
f 2091//3929 2099//3929 2093//3929
f 2097//3930 2099//3930 2091//3930
f 2095//3931 2100//3931 2096//3931
f 2093//3932 2101//3932 2094//3932
f 2099//3933 2101//3933 2093//3933
f 2092//3934 2102//3934 2095//3934
f 2098//3935 2102//3935 2092//3935
f 2086//3936 2103//3936 2097//3936
f 2101//3937 2104//3937 2094//3937
f 2094//3938 2104//3938 2098//3938
f 2097//3939 2105//3939 2099//3939
f 2103//3940 2105//3940 2097//3940
f 2096//3941 2106//3941 2107//3941
f 2100//3942 2106//3942 2096//3942
f 2102//3943 2108//3943 2095//3943
f 2095//3944 2108//3944 2100//3944
f 2099//3945 2109//3945 2101//3945
f 2105//3946 2109//3946 2099//3946
f 2098//3947 2110//3947 2102//3947
f 2104//3948 2110//3948 2098//3948
f 2085//3949 2111//3949 2086//3949
f 2086//3950 2111//3950 2103//3950
f 2101//3951 2112//3951 2104//3951
f 2109//3952 2112//3952 2101//3952
f 2106//3953 2113//3953 2107//3953
f 2103//3954 2114//3954 2105//3954
f 2111//3955 2114//3955 2103//3955
f 2100//3956 2115//3956 2106//3956
f 2108//3957 2115//3957 2100//3957
f 2102//3958 2116//3958 2108//3958
f 2110//3959 2116//3959 2102//3959
f 2114//3960 2117//3960 2105//3960
f 2105//3961 2117//3961 2109//3961
f 2104//3962 2118//3962 2110//3962
f 2112//3963 2118//3963 2104//3963
f 2085//3964 2119//3964 2111//3964
f 2109//3965 2120//3965 2112//3965
f 2117//3966 2120//3966 2109//3966
f 2113//3967 2121//3967 2107//3967
f 2106//3968 2121//3968 2113//3968
f 2115//3969 2121//3969 2106//3969
f 2119//3970 2122//3970 2111//3970
f 2111//3971 2122//3971 2114//3971
f 2108//3972 2123//3972 2115//3972
f 2116//3973 2123//3973 2108//3973
f 2118//3974 2124//3974 2110//3974
f 2110//3975 2124//3975 2116//3975
f 2122//3976 2125//3976 2114//3976
f 2114//3977 2125//3977 2117//3977
f 2120//3978 2126//3978 2112//3978
f 2112//3979 2126//3979 2118//3979
f 2085//3980 2127//3980 2119//3980
f 2125//3981 2128//3981 2117//3981
f 2117//3982 2128//3982 2120//3982
f 2115//3983 2129//3983 2121//3983
f 2121//3984 2129//3984 2107//3984
f 2123//3985 2129//3985 2115//3985
f 2127//3986 2130//3986 2119//3986
f 2119//3987 2130//3987 2122//3987
f 2116//3988 2131//3988 2123//3988
f 2124//3989 2131//3989 2116//3989
f 2118//3990 2132//3990 2124//3990
f 2126//3991 2132//3991 2118//3991
f 2124//3992 2132//3992 2131//3992
f 2122//3993 2133//3993 2125//3993
f 2130//3994 2133//3994 2122//3994
f 2120//3995 2134//3995 2126//3995
f 2128//3996 2134//3996 2120//3996
f 2085//3997 2135//3997 2127//3997
f 2125//3998 2136//3998 2128//3998
f 2133//3999 2136//3999 2125//3999
f 2129//4000 2137//4000 2107//4000
f 2123//4001 2137//4001 2129//4001
f 2131//4002 2137//4002 2123//4002
f 2135//4003 2138//4003 2127//4003
f 2127//4004 2138//4004 2130//4004
f 2132//4005 2139//4005 2131//4005
f 2134//4006 2140//4006 2126//4006
f 2126//4007 2140//4007 2132//4007
f 2130//4008 2141//4008 2133//4008
f 2138//4009 2141//4009 2130//4009
f 2136//4010 2142//4010 2128//4010
f 2128//4011 2142//4011 2134//4011
f 2085//4012 2143//4012 2135//4012
f 2133//4013 2144//4013 2136//4013
f 2141//4014 2144//4014 2133//4014
f 2107//4015 2145//4015 2146//4015
f 2137//4016 2145//4016 2107//4016
f 2131//4017 2145//4017 2137//4017
f 2139//4018 2145//4018 2131//4018
f 2135//4019 2147//4019 2138//4019
f 2143//4020 2147//4020 2135//4020
f 2132//4021 2148//4021 2139//4021
f 2140//4022 2148//4022 2132//4022
f 2134//4023 2149//4023 2140//4023
f 2142//4024 2149//4024 2134//4024
f 2085//4025 2150//4025 2143//4025
f 2143//4026 2150//4026 2147//4026
f 2147//4027 2151//4027 2138//4027
f 2138//4028 2151//4028 2141//4028
f 2136//4029 2152//4029 2142//4029
f 2144//4030 2152//4030 2136//4030
f 2153//4031 2154//4031 2085//4031
f 2085//4032 2154//4032 2150//4032
f 2150//4033 2154//4033 2147//4033
f 2141//4034 2155//4034 2144//4034
f 2151//4035 2155//4035 2141//4035
f 2147//4036 2156//4036 2151//4036
f 2153//4037 2156//4037 2154//4037
f 2154//4038 2156//4038 2147//4038
f 2148//4039 2157//4039 2139//4039
f 2145//4040 2157//4040 2146//4040
f 2139//4041 2157//4041 2145//4041
f 2140//4042 2158//4042 2148//4042
f 2149//4043 2158//4043 2140//4043
f 2152//4044 2159//4044 2142//4044
f 2142//4045 2159//4045 2149//4045
f 2151//4046 2160//4046 2155//4046
f 2153//4047 2160//4047 2156//4047
f 2156//4048 2160//4048 2151//4048
f 2155//4049 2161//4049 2144//4049
f 2144//4050 2161//4050 2152//4050
f 2160//4051 2161//4051 2155//4051
f 2157//4052 2162//4052 2146//4052
f 2158//4053 2162//4053 2148//4053
f 2148//4054 2162//4054 2157//4054
f 2163//4055 2164//4055 2153//4055
f 2153//4056 2164//4056 2160//4056
f 2160//4057 2164//4057 2161//4057
f 2149//4058 2165//4058 2158//4058
f 2158//4059 2165//4059 2162//4059
f 2159//4060 2165//4060 2149//4060
f 2152//4061 2166//4061 2159//4061
f 2164//4062 2166//4062 2161//4062
f 2161//4063 2166//4063 2152//4063
f 2163//4064 2167//4064 2164//4064
f 2164//4065 2167//4065 2166//4065
f 2165//4066 2168//4066 2162//4066
f 2162//4067 2168//4067 2146//4067
f 2166//4068 2169//4068 2159//4068
f 2159//4069 2169//4069 2165//4069
f 2146//4070 2170//4070 2163//4070
f 2163//4071 2170//4071 2167//4071
f 2167//4072 2170//4072 2166//4072
f 2166//4073 2170//4073 2169//4073
f 2168//4074 2171//4074 2146//4074
f 2165//4075 2171//4075 2168//4075
f 2169//4076 2171//4076 2165//4076
f 2171//4077 2172//4077 2146//4077
f 2146//4078 2172//4078 2170//4078
f 2170//4079 2172//4079 2169//4079
f 2169//4080 2172//4080 2171//4080
f 2146//4081 2173//4081 2107//4081
f 2107//4082 2173//4082 2174//4082
f 2174//4083 2175//4083 2176//4083
f 2175//4084 2177//4084 2176//4084
f 2174//4085 2178//4085 2175//4085
f 2177//4086 2179//4086 2176//4086
f 2175//4087 2180//4087 2177//4087
f 2178//4088 2180//4088 2175//4088
f 2174//4089 2181//4089 2178//4089
f 2176//4090 2182//4090 2183//4090
f 2179//4091 2182//4091 2176//4091
f 2180//4092 2184//4092 2177//4092
f 2177//4093 2184//4093 2179//4093
f 2182//4094 2185//4094 2183//4094
f 2178//4095 2186//4095 2180//4095
f 2181//4096 2186//4096 2178//4096
f 2174//4097 2187//4097 2181//4097
f 2183//4098 2188//4098 2189//4098
f 2185//4099 2188//4099 2183//4099
f 2179//4100 2190//4100 2182//4100
f 2184//4101 2190//4101 2179//4101
f 2188//4102 2191//4102 2189//4102
f 2180//4103 2192//4103 2184//4103
f 2186//4104 2192//4104 2180//4104
f 2182//4105 2193//4105 2185//4105
f 2190//4106 2193//4106 2182//4106
f 2181//4107 2194//4107 2186//4107
f 2187//4108 2194//4108 2181//4108
f 2173//4109 2195//4109 2174//4109
f 2174//4110 2195//4110 2187//4110
f 2185//4111 2196//4111 2188//4111
f 2193//4112 2196//4112 2185//4112
f 2192//4113 2197//4113 2184//4113
f 2184//4114 2197//4114 2190//4114
f 2191//4115 2198//4115 2189//4115
f 2188//4116 2198//4116 2191//4116
f 2196//4117 2198//4117 2188//4117
f 2186//4118 2199//4118 2192//4118
f 2194//4119 2199//4119 2186//4119
f 2190//4120 2200//4120 2193//4120
f 2197//4121 2200//4121 2190//4121
f 2187//4122 2201//4122 2194//4122
f 2195//4123 2201//4123 2187//4123
f 2173//4124 2202//4124 2195//4124
f 2193//4125 2203//4125 2196//4125
f 2200//4126 2203//4126 2193//4126
f 2199//4127 2204//4127 2192//4127
f 2192//4128 2204//4128 2197//4128
f 2198//4129 2205//4129 2189//4129
f 2196//4130 2205//4130 2198//4130
f 2203//4131 2205//4131 2196//4131
f 2194//4132 2206//4132 2199//4132
f 2201//4133 2206//4133 2194//4133
f 2204//4134 2207//4134 2197//4134
f 2197//4135 2207//4135 2200//4135
f 2195//4136 2208//4136 2201//4136
f 2202//4137 2208//4137 2195//4137
f 2173//4138 2209//4138 2202//4138
f 2207//4139 2210//4139 2200//4139
f 2200//4140 2210//4140 2203//4140
f 2199//4141 2211//4141 2204//4141
f 2206//4142 2211//4142 2199//4142
f 2210//4143 2212//4143 2203//4143
f 2205//4144 2212//4144 2189//4144
f 2203//4145 2212//4145 2205//4145
f 2208//4146 2213//4146 2201//4146
f 2201//4147 2213//4147 2206//4147
f 2211//4148 2214//4148 2204//4148
f 2207//4149 2214//4149 2210//4149
f 2204//4150 2214//4150 2207//4150
f 2209//4151 2215//4151 2202//4151
f 2202//4152 2215//4152 2208//4152
f 2173//4153 2216//4153 2209//4153
f 2214//4154 2217//4154 2210//4154
f 2213//4155 2218//4155 2206//4155
f 2206//4156 2218//4156 2211//4156
f 2189//4157 2219//4157 2220//4157
f 2212//4158 2219//4158 2189//4158
f 2217//4159 2219//4159 2210//4159
f 2210//4160 2219//4160 2212//4160
f 2213//4161 2221//4161 2218//4161
f 2215//4162 2221//4162 2208//4162
f 2208//4163 2221//4163 2213//4163
f 2218//4164 2222//4164 2211//4164
f 2211//4165 2222//4165 2214//4165
f 2209//4166 2223//4166 2215//4166
f 2216//4167 2223//4167 2209//4167
f 2215//4168 2223//4168 2221//4168
f 2173//4169 2224//4169 2216//4169
f 2222//4170 2225//4170 2214//4170
f 2214//4171 2225//4171 2217//4171
f 2221//4172 2226//4172 2218//4172
f 2227//4173 2228//4173 2173//4173
f 2173//4174 2228//4174 2224//4174
f 2219//4175 2229//4175 2220//4175
f 2217//4176 2229//4176 2219//4176
f 2225//4177 2229//4177 2217//4177
f 2223//4178 2230//4178 2221//4178
f 2226//4179 2231//4179 2218//4179
f 2218//4180 2231//4180 2222//4180
f 2216//4181 2232//4181 2223//4181
f 2224//4182 2232//4182 2216//4182
f 2222//4183 2233//4183 2225//4183
f 2231//4184 2233//4184 2222//4184
f 2221//4185 2234//4185 2226//4185
f 2230//4186 2234//4186 2221//4186
f 2224//4187 2235//4187 2232//4187
f 2227//4188 2235//4188 2228//4188
f 2228//4189 2235//4189 2224//4189
f 2229//4190 2236//4190 2220//4190
f 2225//4191 2236//4191 2229//4191
f 2233//4192 2236//4192 2225//4192
f 2232//4193 2237//4193 2223//4193
f 2223//4194 2237//4194 2230//4194
f 2234//4195 2238//4195 2226//4195
f 2226//4196 2238//4196 2231//4196
f 2232//4197 2239//4197 2237//4197
f 2235//4198 2239//4198 2232//4198
f 2227//4199 2239//4199 2235//4199
f 2238//4200 2240//4200 2231//4200
f 2231//4201 2240//4201 2233//4201
f 2230//4202 2241//4202 2234//4202
f 2237//4203 2241//4203 2230//4203
f 2236//4204 2242//4204 2220//4204
f 2233//4205 2242//4205 2236//4205
f 2240//4206 2242//4206 2233//4206
f 2243//4207 2244//4207 2227//4207
f 2227//4208 2244//4208 2239//4208
f 2239//4209 2244//4209 2237//4209
f 2237//4210 2244//4210 2241//4210
f 2234//4211 2245//4211 2238//4211
f 2241//4212 2245//4212 2234//4212
f 2245//4213 2246//4213 2238//4213
f 2238//4214 2246//4214 2240//4214
f 2244//4215 2247//4215 2241//4215
f 2245//4216 2247//4216 2246//4216
f 2243//4217 2247//4217 2244//4217
f 2241//4218 2247//4218 2245//4218
f 2240//4219 2248//4219 2242//4219
f 2246//4220 2248//4220 2240//4220
f 2242//4221 2248//4221 2220//4221
f 2220//4222 2249//4222 2243//4222
f 2247//4223 2249//4223 2246//4223
f 2243//4224 2249//4224 2247//4224
f 2246//4225 2249//4225 2248//4225
f 2220//4226 2250//4226 2249//4226
f 2248//4227 2250//4227 2220//4227
f 2249//4228 2250//4228 2248//4228
f 2220//4229 2251//4229 2189//4229
f 2189//4230 2251//4230 2252//4230
f 2251//4231 2253//4231 2252//4231
f 2252//4232 2253//4232 2254//4232
f 2253//4233 2255//4233 2254//4233
f 2254//4234 2255//4234 2256//4234
f 2256//4235 2257//4235 2258//4235
f 2259//4236 2257//4236 2256//4236
f 2257//4237 2260//4237 2258//4237
f 2256//4238 2261//4238 2259//4238
f 2258//4239 2262//4239 2263//4239
f 2260//4240 2262//4240 2258//4240
f 2261//4241 2264//4241 2259//4241
f 2259//4242 2264//4242 2257//4242
f 2257//4243 2265//4243 2260//4243
f 2264//4244 2265//4244 2257//4244
f 2262//4245 2266//4245 2263//4245
f 2256//4246 2267//4246 2261//4246
f 2260//4247 2268//4247 2262//4247
f 2265//4248 2268//4248 2260//4248
f 2261//4249 2269//4249 2264//4249
f 2267//4250 2269//4250 2261//4250
f 2266//4251 2270//4251 2263//4251
f 2264//4252 2271//4252 2265//4252
f 2269//4253 2271//4253 2264//4253
f 2262//4254 2272//4254 2266//4254
f 2268//4255 2272//4255 2262//4255
f 2256//4256 2273//4256 2267//4256
f 2271//4257 2274//4257 2265//4257
f 2265//4258 2274//4258 2268//4258
f 2267//4259 2275//4259 2269//4259
f 2273//4260 2275//4260 2267//4260
f 2263//4261 2276//4261 2277//4261
f 2270//4262 2276//4262 2263//4262
f 2266//4263 2278//4263 2270//4263
f 2272//4264 2278//4264 2266//4264
f 2269//4265 2279//4265 2271//4265
f 2275//4266 2279//4266 2269//4266
f 2268//4267 2280//4267 2272//4267
f 2274//4268 2280//4268 2268//4268
f 2255//4269 2281//4269 2256//4269
f 2256//4270 2281//4270 2273//4270
f 2271//4271 2282//4271 2274//4271
f 2279//4272 2282//4272 2271//4272
f 2273//4273 2283//4273 2275//4273
f 2281//4274 2283//4274 2273//4274
f 2276//4275 2284//4275 2277//4275
f 2270//4276 2284//4276 2276//4276
f 2278//4277 2284//4277 2270//4277
f 2280//4278 2285//4278 2272//4278
f 2272//4279 2285//4279 2278//4279
f 2278//4280 2285//4280 2284//4280
f 2283//4281 2286//4281 2275//4281
f 2275//4282 2286//4282 2279//4282
f 2280//4283 2287//4283 2285//4283
f 2274//4284 2287//4284 2280//4284
f 2282//4285 2287//4285 2274//4285
f 2255//4286 2288//4286 2281//4286
f 2279//4287 2289//4287 2282//4287
f 2286//4288 2289//4288 2279//4288
f 2281//4289 2290//4289 2283//4289
f 2288//4290 2290//4290 2281//4290
f 2284//4291 2291//4291 2277//4291
f 2285//4292 2291//4292 2284//4292
f 2287//4293 2292//4293 2285//4293
f 2286//4294 2293//4294 2289//4294
f 2290//4295 2293//4295 2283//4295
f 2283//4296 2293//4296 2286//4296
f 2289//4297 2294//4297 2282//4297
f 2282//4298 2294//4298 2287//4298
f 2255//4299 2295//4299 2288//4299
f 2293//4300 2296//4300 2289//4300
f 2288//4301 2297//4301 2290//4301
f 2295//4302 2297//4302 2288//4302
f 2285//4303 2298//4303 2291//4303
f 2292//4304 2298//4304 2285//4304
f 2291//4305 2298//4305 2277//4305
f 2294//4306 2299//4306 2287//4306
f 2287//4307 2299//4307 2292//4307
f 2290//4308 2300//4308 2293//4308
f 2297//4309 2300//4309 2290//4309
f 2296//4310 2301//4310 2289//4310
f 2289//4311 2301//4311 2294//4311
f 2294//4312 2301//4312 2299//4312
f 2255//4313 2302//4313 2295//4313
f 2293//4314 2303//4314 2296//4314
f 2300//4315 2303//4315 2293//4315
f 2295//4316 2304//4316 2297//4316
f 2302//4317 2304//4317 2295//4317
f 2277//4318 2305//4318 2306//4318
f 2298//4319 2305//4319 2277//4319
f 2292//4320 2305//4320 2298//4320
f 2299//4321 2305//4321 2292//4321
f 2301//4322 2307//4322 2299//4322
f 2297//4323 2308//4323 2300//4323
f 2304//4324 2308//4324 2297//4324
f 2296//4325 2309//4325 2301//4325
f 2303//4326 2309//4326 2296//4326
f 2255//4327 2310//4327 2302//4327
f 2300//4328 2311//4328 2303//4328
f 2308//4329 2311//4329 2300//4329
f 2302//4330 2312//4330 2304//4330
f 2310//4331 2312//4331 2302//4331
f 2255//4332 2313//4332 2310//4332
f 2299//4333 2314//4333 2305//4333
f 2307//4334 2314//4334 2299//4334
f 2305//4335 2314//4335 2306//4335
f 2301//4336 2315//4336 2307//4336
f 2309//4337 2315//4337 2301//4337
f 2312//4338 2316//4338 2304//4338
f 2304//4339 2316//4339 2308//4339
f 2317//4340 2318//4340 2255//4340
f 2312//4341 2318//4341 2316//4341
f 2310//4342 2318//4342 2312//4342
f 2255//4343 2318//4343 2313//4343
f 2313//4344 2318//4344 2310//4344
f 2303//4345 2319//4345 2309//4345
f 2311//4346 2319//4346 2303//4346
f 2317//4347 2320//4347 2318//4347
f 2318//4348 2320//4348 2316//4348
f 2308//4349 2321//4349 2311//4349
f 2316//4350 2321//4350 2308//4350
f 2307//4351 2322//4351 2314//4351
f 2314//4352 2322//4352 2306//4352
f 2315//4353 2322//4353 2307//4353
f 2319//4354 2323//4354 2309//4354
f 2309//4355 2323//4355 2315//4355
f 2324//4356 2325//4356 2317//4356
f 2317//4357 2325//4357 2320//4357
f 2320//4358 2325//4358 2316//4358
f 2316//4359 2325//4359 2321//4359
f 2311//4360 2326//4360 2319//4360
f 2321//4361 2326//4361 2311//4361
f 2321//4362 2327//4362 2326//4362
f 2324//4363 2327//4363 2325//4363
f 2325//4364 2327//4364 2321//4364
f 2315//4365 2328//4365 2322//4365
f 2322//4366 2328//4366 2306//4366
f 2323//4367 2328//4367 2315//4367
f 2319//4368 2329//4368 2323//4368
f 2326//4369 2329//4369 2319//4369
f 2324//4370 2330//4370 2327//4370
f 2326//4371 2330//4371 2329//4371
f 2327//4372 2330//4372 2326//4372
f 2328//4373 2331//4373 2306//4373
f 2329//4374 2331//4374 2323//4374
f 2323//4375 2331//4375 2328//4375
f 2324//4376 2332//4376 2330//4376
f 2306//4377 2332//4377 2324//4377
f 2330//4378 2332//4378 2329//4378
f 2329//4379 2332//4379 2331//4379
f 2331//4380 2332//4380 2306//4380
f 2306//4381 2333//4381 2277//4381
f 2277//4382 2333//4382 2334//4382
f 2334//4383 2335//4383 2336//4383
f 2335//4384 2337//4384 2336//4384
f 2334//4385 2338//4385 2335//4385
f 2337//4386 2339//4386 2336//4386
f 2335//4387 2340//4387 2337//4387
f 2338//4388 2340//4388 2335//4388
f 2334//4389 2341//4389 2338//4389
f 2336//4390 2342//4390 2343//4390
f 2339//4391 2342//4391 2336//4391
f 2340//4392 2344//4392 2337//4392
f 2337//4393 2344//4393 2339//4393
f 2342//4394 2345//4394 2343//4394
f 2338//4395 2346//4395 2340//4395
f 2341//4396 2346//4396 2338//4396
f 2334//4397 2347//4397 2341//4397
f 2343//4398 2348//4398 2349//4398
f 2345//4399 2348//4399 2343//4399
f 2339//4400 2350//4400 2342//4400
f 2344//4401 2350//4401 2339//4401
f 2348//4402 2351//4402 2349//4402
f 2340//4403 2352//4403 2344//4403
f 2346//4404 2352//4404 2340//4404
f 2342//4405 2353//4405 2345//4405
f 2350//4406 2353//4406 2342//4406
f 2341//4407 2354//4407 2346//4407
f 2347//4408 2354//4408 2341//4408
f 2333//4409 2355//4409 2334//4409
f 2334//4410 2355//4410 2347//4410
f 2345//4411 2356//4411 2348//4411
f 2353//4412 2356//4412 2345//4412
f 2352//4413 2357//4413 2344//4413
f 2344//4414 2357//4414 2350//4414
f 2351//4415 2358//4415 2349//4415
f 2348//4416 2358//4416 2351//4416
f 2356//4417 2358//4417 2348//4417
f 2346//4418 2359//4418 2352//4418
f 2354//4419 2359//4419 2346//4419
f 2350//4420 2360//4420 2353//4420
f 2357//4421 2360//4421 2350//4421
f 2347//4422 2361//4422 2354//4422
f 2355//4423 2361//4423 2347//4423
f 2333//4424 2362//4424 2355//4424
f 2353//4425 2363//4425 2356//4425
f 2360//4426 2363//4426 2353//4426
f 2356//4427 2363//4427 2358//4427
f 2359//4428 2364//4428 2352//4428
f 2352//4429 2364//4429 2357//4429
f 2357//4430 2364//4430 2360//4430
f 2358//4431 2365//4431 2349//4431
f 2363//4432 2365//4432 2358//4432
f 2354//4433 2366//4433 2359//4433
f 2361//4434 2366//4434 2354//4434
f 2364//4435 2367//4435 2360//4435
f 2355//4436 2368//4436 2361//4436
f 2362//4437 2368//4437 2355//4437
f 2361//4438 2368//4438 2366//4438
f 2333//4439 2369//4439 2362//4439
f 2367//4440 2370//4440 2360//4440
f 2360//4441 2370//4441 2363//4441
f 2359//4442 2371//4442 2364//4442
f 2366//4443 2371//4443 2359//4443
f 2370//4444 2372//4444 2363//4444
f 2365//4445 2372//4445 2349//4445
f 2363//4446 2372//4446 2365//4446
f 2368//4447 2373//4447 2366//4447
f 2364//4448 2374//4448 2367//4448
f 2371//4449 2374//4449 2364//4449
f 2369//4450 2375//4450 2362//4450
f 2362//4451 2375//4451 2368//4451
f 2333//4452 2376//4452 2369//4452
f 2374//4453 2377//4453 2367//4453
f 2370//4454 2377//4454 2372//4454
f 2367//4455 2377//4455 2370//4455
f 2371//4456 2378//4456 2374//4456
f 2373//4457 2378//4457 2366//4457
f 2366//4458 2378//4458 2371//4458
f 2349//4459 2379//4459 2380//4459
f 2372//4460 2379//4460 2349//4460
f 2377//4461 2379//4461 2372//4461
f 2368//4462 2381//4462 2373//4462
f 2375//4463 2381//4463 2368//4463
f 2378//4464 2382//4464 2374//4464
f 2369//4465 2383//4465 2375//4465
f 2376//4466 2383//4466 2369//4466
f 2333//4467 2384//4467 2376//4467
f 2382//4468 2385//4468 2374//4468
f 2374//4469 2385//4469 2377//4469
f 2381//4470 2386//4470 2373//4470
f 2373//4471 2386//4471 2378//4471
f 2387//4472 2388//4472 2333//4472
f 2333//4473 2388//4473 2384//4473
f 2377//4474 2389//4474 2379//4474
f 2385//4475 2389//4475 2377//4475
f 2379//4476 2389//4476 2380//4476
f 2375//4477 2390//4477 2381//4477
f 2383//4478 2390//4478 2375//4478
f 2386//4479 2391//4479 2378//4479
f 2378//4480 2391//4480 2382//4480
f 2376//4481 2392//4481 2383//4481
f 2384//4482 2392//4482 2376//4482
f 2382//4483 2393//4483 2385//4483
f 2391//4484 2393//4484 2382//4484
f 2385//4485 2393//4485 2389//4485
f 2381//4486 2394//4486 2386//4486
f 2390//4487 2394//4487 2381//4487
f 2387//4488 2395//4488 2388//4488
f 2388//4489 2395//4489 2384//4489
f 2384//4490 2395//4490 2392//4490
f 2389//4491 2396//4491 2380//4491
f 2393//4492 2396//4492 2389//4492
f 2383//4493 2397//4493 2390//4493
f 2392//4494 2397//4494 2383//4494
f 2395//4495 2397//4495 2392//4495
f 2386//4496 2398//4496 2391//4496
f 2394//4497 2398//4497 2386//4497
f 2387//4498 2399//4498 2395//4498
f 2395//4499 2399//4499 2397//4499
f 2391//4500 2400//4500 2393//4500
f 2398//4501 2400//4501 2391//4501
f 2394//4502 2401//4502 2398//4502
f 2390//4503 2401//4503 2394//4503
f 2397//4504 2401//4504 2390//4504
f 2396//4505 2402//4505 2380//4505
f 2393//4506 2402//4506 2396//4506
f 2400//4507 2402//4507 2393//4507
f 2403//4508 2404//4508 2387//4508
f 2387//4509 2404//4509 2399//4509
f 2399//4510 2404//4510 2397//4510
f 2397//4511 2404//4511 2401//4511
f 2401//4512 2405//4512 2398//4512
f 2400//4513 2406//4513 2402//4513
f 2405//4514 2406//4514 2398//4514
f 2398//4515 2406//4515 2400//4515
f 2404//4516 2407//4516 2401//4516
f 2403//4517 2407//4517 2404//4517
f 2401//4518 2407//4518 2405//4518
f 2406//4519 2408//4519 2402//4519
f 2402//4520 2408//4520 2380//4520
f 2405//4521 2409//4521 2406//4521
f 2380//4522 2409//4522 2403//4522
f 2403//4523 2409//4523 2407//4523
f 2406//4524 2409//4524 2408//4524
f 2407//4525 2409//4525 2405//4525
f 2380//4526 2410//4526 2409//4526
f 2408//4527 2410//4527 2380//4527
f 2409//4528 2410//4528 2408//4528
f 2380//4529 2411//4529 2349//4529
f 2349//4530 2411//4530 2412//4530
f 2411//4531 2413//4531 2412//4531
f 2412//4532 2413//4532 2414//4532
f 2413//4533 2415//4533 2414//4533
f 2414//4534 2415//4534 2416//4534
f 2416//4535 2417//4535 2418//4535
f 2419//4536 2417//4536 2416//4536
f 2417//4537 2420//4537 2418//4537
f 2416//4538 2421//4538 2419//4538
f 2418//4539 2422//4539 2423//4539
f 2420//4540 2422//4540 2418//4540
f 2421//4541 2424//4541 2419//4541
f 2419//4542 2424//4542 2417//4542
f 2417//4543 2425//4543 2420//4543
f 2424//4544 2425//4544 2417//4544
f 2422//4545 2426//4545 2423//4545
f 2416//4546 2427//4546 2421//4546
f 2420//4547 2428//4547 2422//4547
f 2425//4548 2428//4548 2420//4548
f 2421//4549 2429//4549 2424//4549
f 2427//4550 2429//4550 2421//4550
f 2426//4551 2430//4551 2423//4551
f 2424//4552 2431//4552 2425//4552
f 2429//4553 2431//4553 2424//4553
f 2422//4554 2432//4554 2426//4554
f 2428//4555 2432//4555 2422//4555
f 2416//4556 2433//4556 2427//4556
f 2431//4557 2434//4557 2425//4557
f 2425//4558 2434//4558 2428//4558
f 2427//4559 2435//4559 2429//4559
f 2433//4560 2435//4560 2427//4560
f 2423//4561 2436//4561 2437//4561
f 2430//4562 2436//4562 2423//4562
f 2426//4563 2438//4563 2430//4563
f 2432//4564 2438//4564 2426//4564
f 2429//4565 2439//4565 2431//4565
f 2435//4566 2439//4566 2429//4566
f 2428//4567 2440//4567 2432//4567
f 2434//4568 2440//4568 2428//4568
f 2415//4569 2441//4569 2416//4569
f 2416//4570 2441//4570 2433//4570
f 2431//4571 2442//4571 2434//4571
f 2439//4572 2442//4572 2431//4572
f 2433//4573 2443//4573 2435//4573
f 2441//4574 2443//4574 2433//4574
f 2436//4575 2444//4575 2437//4575
f 2430//4576 2444//4576 2436//4576
f 2438//4577 2444//4577 2430//4577
f 2440//4578 2445//4578 2432//4578
f 2432//4579 2445//4579 2438//4579
f 2443//4580 2446//4580 2435//4580
f 2435//4581 2446//4581 2439//4581
f 2434//4582 2447//4582 2440//4582
f 2442//4583 2447//4583 2434//4583
f 2415//4584 2448//4584 2441//4584
f 2439//4585 2449//4585 2442//4585
f 2446//4586 2449//4586 2439//4586
f 2441//4587 2450//4587 2443//4587
f 2448//4588 2450//4588 2441//4588
f 2444//4589 2451//4589 2437//4589
f 2438//4590 2451//4590 2444//4590
f 2445//4591 2451//4591 2438//4591
f 2440//4592 2452//4592 2445//4592
f 2447//4593 2452//4593 2440//4593
f 2450//4594 2453//4594 2443//4594
f 2443//4595 2453//4595 2446//4595
f 2449//4596 2454//4596 2442//4596
f 2442//4597 2454//4597 2447//4597
f 2415//4598 2455//4598 2448//4598
f 2446//4599 2456//4599 2449//4599
f 2453//4600 2456//4600 2446//4600
f 2448//4601 2457//4601 2450//4601
f 2455//4602 2457//4602 2448//4602
f 2445//4603 2458//4603 2451//4603
f 2451//4604 2458//4604 2437//4604
f 2452//4605 2458//4605 2445//4605
f 2454//4606 2459//4606 2447//4606
f 2447//4607 2459//4607 2452//4607
f 2450//4608 2460//4608 2453//4608
f 2457//4609 2460//4609 2450//4609
f 2456//4610 2461//4610 2449//4610
f 2449//4611 2461//4611 2454//4611
f 2415//4612 2462//4612 2455//4612
f 2453//4613 2463//4613 2456//4613
f 2460//4614 2463//4614 2453//4614
f 2455//4615 2464//4615 2457//4615
f 2457//4616 2464//4616 2460//4616
f 2462//4617 2464//4617 2455//4617
f 2437//4618 2465//4618 2466//4618
f 2458//4619 2465//4619 2437//4619
f 2452//4620 2465//4620 2458//4620
f 2459//4621 2465//4621 2452//4621
f 2454//4622 2467//4622 2459//4622
f 2461//4623 2467//4623 2454//4623
f 2464//4624 2468//4624 2460//4624
f 2456//4625 2469//4625 2461//4625
f 2463//4626 2469//4626 2456//4626
f 2415//4627 2470//4627 2462//4627
f 2460//4628 2471//4628 2463//4628
f 2468//4629 2471//4629 2460//4629
f 2462//4630 2472//4630 2464//4630
f 2470//4631 2472//4631 2462//4631
f 2415//4632 2473//4632 2470//4632
f 2467//4633 2474//4633 2459//4633
f 2459//4634 2474//4634 2465//4634
f 2465//4635 2474//4635 2466//4635
f 2469//4636 2475//4636 2461//4636
f 2461//4637 2475//4637 2467//4637
f 2464//4638 2476//4638 2468//4638
f 2472//4639 2476//4639 2464//4639
f 2477//4640 2478//4640 2415//4640
f 2470//4641 2478//4641 2472//4641
f 2415//4642 2478//4642 2473//4642
f 2473//4643 2478//4643 2470//4643
f 2463//4644 2479//4644 2469//4644
f 2471//4645 2479//4645 2463//4645
f 2477//4646 2480//4646 2478//4646
f 2472//4647 2480//4647 2476//4647
f 2478//4648 2480//4648 2472//4648
f 2468//4649 2481//4649 2471//4649
f 2476//4650 2481//4650 2468//4650
f 2474//4651 2482//4651 2466//4651
f 2467//4652 2482//4652 2474//4652
f 2475//4653 2482//4653 2467//4653
f 2469//4654 2483//4654 2475//4654
f 2479//4655 2483//4655 2469//4655
f 2484//4656 2485//4656 2477//4656
f 2477//4657 2485//4657 2480//4657
f 2480//4658 2485//4658 2476//4658
f 2476//4659 2485//4659 2481//4659
f 2471//4660 2486//4660 2479//4660
f 2481//4661 2486//4661 2471//4661
f 2481//4662 2487//4662 2486//4662
f 2484//4663 2487//4663 2485//4663
f 2485//4664 2487//4664 2481//4664
f 2475//4665 2488//4665 2482//4665
f 2482//4666 2488//4666 2466//4666
f 2483//4667 2488//4667 2475//4667
f 2479//4668 2489//4668 2483//4668
f 2486//4669 2489//4669 2479//4669
f 2484//4670 2490//4670 2487//4670
f 2486//4671 2490//4671 2489//4671
f 2487//4672 2490//4672 2486//4672
f 2483//4673 2491//4673 2488//4673
f 2489//4674 2491//4674 2483//4674
f 2488//4675 2491//4675 2466//4675
f 2484//4676 2492//4676 2490//4676
f 2466//4677 2492//4677 2484//4677
f 2490//4678 2492//4678 2489//4678
f 2491//4679 2492//4679 2466//4679
f 2489//4680 2492//4680 2491//4680
f 2466//4681 2493//4681 2437//4681
f 2437//4682 2493//4682 2494//4682
f 2494//4683 2495//4683 2496//4683
f 2495//4684 2497//4684 2496//4684
f 2494//4685 2498//4685 2495//4685
f 2497//4686 2499//4686 2496//4686
f 2495//4687 2500//4687 2497//4687
f 2498//4688 2500//4688 2495//4688
f 2494//4689 2501//4689 2498//4689
f 2496//4690 2502//4690 2503//4690
f 2499//4691 2502//4691 2496//4691
f 2500//4692 2504//4692 2497//4692
f 2497//4693 2504//4693 2499//4693
f 2502//4694 2505//4694 2503//4694
f 2498//4695 2506//4695 2500//4695
f 2501//4696 2506//4696 2498//4696
f 2494//4697 2507//4697 2501//4697
f 2503//4698 2508//4698 2509//4698
f 2505//4699 2508//4699 2503//4699
f 2499//4700 2510//4700 2502//4700
f 2504//4701 2510//4701 2499//4701
f 2508//4702 2511//4702 2509//4702
f 2500//4703 2512//4703 2504//4703
f 2506//4704 2512//4704 2500//4704
f 2502//4705 2513//4705 2505//4705
f 2510//4706 2513//4706 2502//4706
f 2501//4707 2514//4707 2506//4707
f 2507//4708 2514//4708 2501//4708
f 2493//4709 2515//4709 2494//4709
f 2494//4710 2515//4710 2507//4710
f 2505//4711 2516//4711 2508//4711
f 2513//4712 2516//4712 2505//4712
f 2512//4713 2517//4713 2504//4713
f 2504//4714 2517//4714 2510//4714
f 2511//4715 2518//4715 2509//4715
f 2508//4716 2518//4716 2511//4716
f 2516//4717 2518//4717 2508//4717
f 2506//4718 2519//4718 2512//4718
f 2514//4719 2519//4719 2506//4719
f 2510//4720 2520//4720 2513//4720
f 2517//4721 2520//4721 2510//4721
f 2507//4722 2521//4722 2514//4722
f 2515//4723 2521//4723 2507//4723
f 2493//4724 2522//4724 2515//4724
f 2513//4725 2523//4725 2516//4725
f 2520//4726 2523//4726 2513//4726
f 2519//4727 2524//4727 2512//4727
f 2512//4728 2524//4728 2517//4728
f 2518//4729 2525//4729 2509//4729
f 2516//4730 2525//4730 2518//4730
f 2523//4731 2525//4731 2516//4731
f 2514//4732 2526//4732 2519//4732
f 2521//4733 2526//4733 2514//4733
f 2524//4734 2527//4734 2517//4734
f 2517//4735 2527//4735 2520//4735
f 2520//4736 2527//4736 2523//4736
f 2515//4737 2528//4737 2521//4737
f 2522//4738 2528//4738 2515//4738
f 2493//4739 2529//4739 2522//4739
f 2527//4740 2530//4740 2523//4740
f 2519//4741 2531//4741 2524//4741
f 2526//4742 2531//4742 2519//4742
f 2525//4743 2532//4743 2509//4743
f 2530//4744 2532//4744 2523//4744
f 2523//4745 2532//4745 2525//4745
f 2528//4746 2533//4746 2521//4746
f 2521//4747 2533//4747 2526//4747
f 2531//4748 2534//4748 2524//4748
f 2524//4749 2534//4749 2527//4749
f 2529//4750 2535//4750 2522//4750
f 2522//4751 2535//4751 2528//4751
f 2493//4752 2536//4752 2529//4752
f 2534//4753 2537//4753 2527//4753
f 2527//4754 2537//4754 2530//4754
f 2533//4755 2538//4755 2526//4755
f 2526//4756 2538//4756 2531//4756
f 2509//4757 2539//4757 2540//4757
f 2532//4758 2539//4758 2509//4758
f 2530//4759 2539//4759 2532//4759
f 2537//4760 2539//4760 2530//4760
f 2535//4761 2541//4761 2528//4761
f 2528//4762 2541//4762 2533//4762
f 2534//4763 2542//4763 2537//4763
f 2538//4764 2542//4764 2531//4764
f 2531//4765 2542//4765 2534//4765
f 2529//4766 2543//4766 2535//4766
f 2536//4767 2543//4767 2529//4767
f 2493//4768 2544//4768 2536//4768
f 2537//4769 2545//4769 2539//4769
f 2542//4770 2545//4770 2537//4770
f 2533//4771 2546//4771 2538//4771
f 2541//4772 2546//4772 2533//4772
f 2547//4773 2548//4773 2493//4773
f 2493//4774 2548//4774 2544//4774
f 2539//4775 2549//4775 2540//4775
f 2545//4776 2549//4776 2539//4776
f 2535//4777 2550//4777 2541//4777
f 2543//4778 2550//4778 2535//4778
f 2538//4779 2551//4779 2542//4779
f 2546//4780 2551//4780 2538//4780
f 2536//4781 2552//4781 2543//4781
f 2544//4782 2552//4782 2536//4782
f 2542//4783 2553//4783 2545//4783
f 2551//4784 2553//4784 2542//4784
f 2546//4785 2554//4785 2551//4785
f 2541//4786 2554//4786 2546//4786
f 2550//4787 2554//4787 2541//4787
f 2547//4788 2555//4788 2548//4788
f 2548//4789 2555//4789 2544//4789
f 2544//4790 2555//4790 2552//4790
f 2549//4791 2556//4791 2540//4791
f 2545//4792 2556//4792 2549//4792
f 2553//4793 2556//4793 2545//4793
f 2552//4794 2557//4794 2543//4794
f 2543//4795 2557//4795 2550//4795
f 2554//4796 2558//4796 2551//4796
f 2552//4797 2559//4797 2557//4797
f 2547//4798 2559//4798 2555//4798
f 2555//4799 2559//4799 2552//4799
f 2551//4800 2560//4800 2553//4800
f 2558//4801 2560//4801 2551//4801
f 2550//4802 2561//4802 2554//4802
f 2557//4803 2561//4803 2550//4803
f 2559//4804 2561//4804 2557//4804
f 2556//4805 2562//4805 2540//4805
f 2553//4806 2562//4806 2556//4806
f 2560//4807 2562//4807 2553//4807
f 2563//4808 2564//4808 2547//4808
f 2547//4809 2564//4809 2559//4809
f 2559//4810 2564//4810 2561//4810
f 2554//4811 2565//4811 2558//4811
f 2561//4812 2565//4812 2554//4812
f 2565//4813 2566//4813 2558//4813
f 2558//4814 2566//4814 2560//4814
f 2564//4815 2567//4815 2561//4815
f 2561//4816 2567//4816 2565//4816
f 2563//4817 2567//4817 2564//4817
f 2560//4818 2568//4818 2562//4818
f 2566//4819 2568//4819 2560//4819
f 2562//4820 2568//4820 2540//4820
f 2565//4821 2569//4821 2566//4821
f 2540//4822 2569//4822 2563//4822
f 2563//4823 2569//4823 2567//4823
f 2567//4824 2569//4824 2565//4824
f 2540//4825 2570//4825 2569//4825
f 2569//4826 2570//4826 2566//4826
f 2566//4827 2570//4827 2568//4827
f 2568//4828 2570//4828 2540//4828
f 2540//4829 2571//4829 2509//4829
f 2509//4830 2571//4830 2572//4830
f 2571//4831 2573//4831 2572//4831
f 2572//4832 2573//4832 2574//4832
f 2573//4833 2575//4833 2574//4833
f 2574//4834 2575//4834 2576//4834
f 2576//4835 2577//4835 2578//4835
f 2579//4836 2577//4836 2576//4836
f 2577//4837 2580//4837 2578//4837
f 2576//4838 2581//4838 2579//4838
f 2580//4839 2582//4839 2578//4839
f 2581//4840 2583//4840 2579//4840
f 2579//4841 2583//4841 2577//4841
f 2577//4842 2584//4842 2580//4842
f 2583//4843 2584//4843 2577//4843
f 2578//4844 2585//4844 2586//4844
f 2582//4845 2585//4845 2578//4845
f 2576//4846 2587//4846 2581//4846
f 2580//4847 2588//4847 2582//4847
f 2584//4848 2588//4848 2580//4848
f 2581//4849 2589//4849 2583//4849
f 2587//4850 2589//4850 2581//4850
f 2585//4851 2590//4851 2586//4851
f 2583//4852 2591//4852 2584//4852
f 2589//4853 2591//4853 2583//4853
f 2582//4854 2592//4854 2585//4854
f 2588//4855 2592//4855 2582//4855
f 2576//4856 2593//4856 2587//4856
f 2591//4857 2594//4857 2584//4857
f 2584//4858 2594//4858 2588//4858
f 2587//4859 2595//4859 2589//4859
f 2593//4860 2595//4860 2587//4860
f 2586//4861 2596//4861 2597//4861
f 2590//4862 2596//4862 2586//4862
f 2592//4863 2598//4863 2585//4863
f 2585//4864 2598//4864 2590//4864
f 2589//4865 2599//4865 2591//4865
f 2595//4866 2599//4866 2589//4866
f 2588//4867 2600//4867 2592//4867
f 2594//4868 2600//4868 2588//4868
f 2575//4869 2601//4869 2576//4869
f 2576//4870 2601//4870 2593//4870
f 2591//4871 2602//4871 2594//4871
f 2599//4872 2602//4872 2591//4872
f 2596//4873 2603//4873 2597//4873
f 2593//4874 2604//4874 2595//4874
f 2601//4875 2604//4875 2593//4875
f 2590//4876 2605//4876 2596//4876
f 2598//4877 2605//4877 2590//4877
f 2592//4878 2606//4878 2598//4878
f 2600//4879 2606//4879 2592//4879
f 2604//4880 2607//4880 2595//4880
f 2595//4881 2607//4881 2599//4881
f 2594//4882 2608//4882 2600//4882
f 2602//4883 2608//4883 2594//4883
f 2575//4884 2609//4884 2601//4884
f 2599//4885 2610//4885 2602//4885
f 2607//4886 2610//4886 2599//4886
f 2602//4887 2610//4887 2608//4887
f 2603//4888 2611//4888 2597//4888
f 2596//4889 2611//4889 2603//4889
f 2605//4890 2611//4890 2596//4890
f 2609//4891 2612//4891 2601//4891
f 2601//4892 2612//4892 2604//4892
f 2598//4893 2613//4893 2605//4893
f 2606//4894 2613//4894 2598//4894
f 2608//4895 2614//4895 2600//4895
f 2600//4896 2614//4896 2606//4896
f 2612//4897 2615//4897 2604//4897
f 2604//4898 2615//4898 2607//4898
f 2610//4899 2616//4899 2608//4899
f 2575//4900 2617//4900 2609//4900
f 2615//4901 2618//4901 2607//4901
f 2607//4902 2618//4902 2610//4902
f 2605//4903 2619//4903 2611//4903
f 2611//4904 2619//4904 2597//4904
f 2613//4905 2619//4905 2605//4905
f 2617//4906 2620//4906 2609//4906
f 2609//4907 2620//4907 2612//4907
f 2606//4908 2621//4908 2613//4908
f 2614//4909 2621//4909 2606//4909
f 2608//4910 2622//4910 2614//4910
f 2616//4911 2622//4911 2608//4911
f 2612//4912 2623//4912 2615//4912
f 2620//4913 2623//4913 2612//4913
f 2610//4914 2624//4914 2616//4914
f 2618//4915 2624//4915 2610//4915
f 2575//4916 2625//4916 2617//4916
f 2615//4917 2626//4917 2618//4917
f 2623//4918 2626//4918 2615//4918
f 2619//4919 2627//4919 2597//4919
f 2613//4920 2627//4920 2619//4920
f 2621//4921 2627//4921 2613//4921
f 2625//4922 2628//4922 2617//4922
f 2617//4923 2628//4923 2620//4923
f 2614//4924 2629//4924 2621//4924
f 2622//4925 2629//4925 2614//4925
f 2624//4926 2630//4926 2616//4926
f 2616//4927 2630//4927 2622//4927
f 2620//4928 2631//4928 2623//4928
f 2628//4929 2631//4929 2620//4929
f 2618//4930 2632//4930 2624//4930
f 2626//4931 2632//4931 2618//4931
f 2575//4932 2633//4932 2625//4932
f 2623//4933 2634//4933 2626//4933
f 2631//4934 2634//4934 2623//4934
f 2597//4935 2635//4935 2636//4935
f 2627//4936 2635//4936 2597//4936
f 2621//4937 2635//4937 2627//4937
f 2629//4938 2635//4938 2621//4938
f 2625//4939 2637//4939 2628//4939
f 2633//4940 2637//4940 2625//4940
f 2622//4941 2638//4941 2629//4941
f 2630//4942 2638//4942 2622//4942
f 2629//4943 2638//4943 2635//4943
f 2632//4944 2639//4944 2624//4944
f 2624//4945 2639//4945 2630//4945
f 2575//4946 2640//4946 2633//4946
f 2633//4947 2640//4947 2637//4947
f 2637//4948 2641//4948 2628//4948
f 2628//4949 2641//4949 2631//4949
f 2632//4950 2642//4950 2639//4950
f 2626//4951 2642//4951 2632//4951
f 2634//4952 2642//4952 2626//4952
f 2643//4953 2644//4953 2575//4953
f 2575//4954 2644//4954 2640//4954
f 2640//4955 2644//4955 2637//4955
f 2631//4956 2645//4956 2634//4956
f 2641//4957 2645//4957 2631//4957
f 2637//4958 2646//4958 2641//4958
f 2643//4959 2646//4959 2644//4959
f 2644//4960 2646//4960 2637//4960
f 2635//4961 2647//4961 2636//4961
f 2638//4962 2647//4962 2635//4962
f 2630//4963 2648//4963 2638//4963
f 2639//4964 2648//4964 2630//4964
f 2642//4965 2649//4965 2639//4965
f 2641//4966 2650//4966 2645//4966
f 2643//4967 2650//4967 2646//4967
f 2646//4968 2650//4968 2641//4968
f 2645//4969 2651//4969 2634//4969
f 2634//4970 2651//4970 2642//4970
f 2638//4971 2652//4971 2647//4971
f 2648//4972 2652//4972 2638//4972
f 2647//4973 2652//4973 2636//4973
f 2653//4974 2654//4974 2643//4974
f 2643//4975 2654//4975 2650//4975
f 2645//4976 2654//4976 2651//4976
f 2650//4977 2654//4977 2645//4977
f 2639//4978 2655//4978 2648//4978
f 2649//4979 2655//4979 2639//4979
f 2651//4980 2656//4980 2642//4980
f 2642//4981 2656//4981 2649//4981
f 2653//4982 2657//4982 2654//4982
f 2654//4983 2657//4983 2651//4983
f 2651//4984 2657//4984 2656//4984
f 2652//4985 2658//4985 2636//4985
f 2648//4986 2658//4986 2652//4986
f 2655//4987 2658//4987 2648//4987
f 2656//4988 2659//4988 2649//4988
f 2649//4989 2659//4989 2655//4989
f 2653//4990 2660//4990 2657//4990
f 2636//4991 2660//4991 2653//4991
f 2657//4992 2660//4992 2656//4992
f 2656//4993 2660//4993 2659//4993
f 2658//4994 2661//4994 2636//4994
f 2655//4995 2661//4995 2658//4995
f 2659//4996 2661//4996 2655//4996
f 2660//4997 2661//4997 2659//4997
f 2661//4998 2662//4998 2636//4998
f 2636//4999 2662//4999 2660//4999
f 2660//5000 2662//5000 2661//5000
f 2636//5001 2663//5001 2597//5001
f 2597//5002 2663//5002 2664//5002
f 2664//5003 2665//5003 2666//5003
f 2665//5004 2667//5004 2666//5004
f 2664//5005 2668//5005 2665//5005
f 2667//5006 2669//5006 2666//5006
f 2665//5007 2670//5007 2667//5007
f 2668//5008 2670//5008 2665//5008
f 2664//5009 2671//5009 2668//5009
f 2666//5010 2672//5010 2673//5010
f 2669//5011 2672//5011 2666//5011
f 2670//5012 2674//5012 2667//5012
f 2667//5013 2674//5013 2669//5013
f 2672//5014 2675//5014 2673//5014
f 2668//5015 2676//5015 2670//5015
f 2671//5016 2676//5016 2668//5016
f 2664//5017 2677//5017 2671//5017
f 2673//5018 2678//5018 2679//5018
f 2675//5019 2678//5019 2673//5019
f 2669//5020 2680//5020 2672//5020
f 2674//5021 2680//5021 2669//5021
f 2678//5022 2681//5022 2679//5022
f 2670//5023 2682//5023 2674//5023
f 2676//5024 2682//5024 2670//5024
f 2672//5025 2683//5025 2675//5025
f 2680//5026 2683//5026 2672//5026
f 2671//5027 2684//5027 2676//5027
f 2677//5028 2684//5028 2671//5028
f 2663//5029 2685//5029 2664//5029
f 2664//5030 2685//5030 2677//5030
f 2675//5031 2686//5031 2678//5031
f 2683//5032 2686//5032 2675//5032
f 2682//5033 2687//5033 2674//5033
f 2674//5034 2687//5034 2680//5034
f 2681//5035 2688//5035 2679//5035
f 2678//5036 2688//5036 2681//5036
f 2686//5037 2688//5037 2678//5037
f 2676//5038 2689//5038 2682//5038
f 2684//5039 2689//5039 2676//5039
f 2680//5040 2690//5040 2683//5040
f 2687//5041 2690//5041 2680//5041
f 2677//5042 2691//5042 2684//5042
f 2685//5043 2691//5043 2677//5043
f 2663//5044 2692//5044 2685//5044
f 2683//5045 2693//5045 2686//5045
f 2690//5046 2693//5046 2683//5046
f 2689//5047 2694//5047 2682//5047
f 2682//5048 2694//5048 2687//5048
f 2688//5049 2695//5049 2679//5049
f 2686//5050 2695//5050 2688//5050
f 2693//5051 2695//5051 2686//5051
f 2684//5052 2696//5052 2689//5052
f 2691//5053 2696//5053 2684//5053
f 2694//5054 2697//5054 2687//5054
f 2687//5055 2697//5055 2690//5055
f 2685//5056 2698//5056 2691//5056
f 2692//5057 2698//5057 2685//5057
f 2663//5058 2699//5058 2692//5058
f 2697//5059 2700//5059 2690//5059
f 2690//5060 2700//5060 2693//5060
f 2689//5061 2701//5061 2694//5061
f 2696//5062 2701//5062 2689//5062
f 2700//5063 2702//5063 2693//5063
f 2695//5064 2702//5064 2679//5064
f 2693//5065 2702//5065 2695//5065
f 2698//5066 2703//5066 2691//5066
f 2691//5067 2703//5067 2696//5067
f 2701//5068 2704//5068 2694//5068
f 2694//5069 2704//5069 2697//5069
f 2699//5070 2705//5070 2692//5070
f 2692//5071 2705//5071 2698//5071
f 2663//5072 2706//5072 2699//5072
f 2704//5073 2707//5073 2697//5073
f 2700//5074 2707//5074 2702//5074
f 2697//5075 2707//5075 2700//5075
f 2703//5076 2708//5076 2696//5076
f 2696//5077 2708//5077 2701//5077
f 2679//5078 2709//5078 2710//5078
f 2702//5079 2709//5079 2679//5079
f 2707//5080 2709//5080 2702//5080
f 2703//5081 2711//5081 2708//5081
f 2705//5082 2711//5082 2698//5082
f 2698//5083 2711//5083 2703//5083
f 2704//5084 2712//5084 2707//5084
f 2708//5085 2712//5085 2701//5085
f 2701//5086 2712//5086 2704//5086
f 2699//5087 2713//5087 2705//5087
f 2706//5088 2713//5088 2699//5088
f 2705//5089 2713//5089 2711//5089
f 2663//5090 2714//5090 2706//5090
f 2712//5091 2715//5091 2707//5091
f 2711//5092 2716//5092 2708//5092
f 2717//5093 2718//5093 2663//5093
f 2663//5094 2718//5094 2714//5094
f 2707//5095 2719//5095 2709//5095
f 2715//5096 2719//5096 2707//5096
f 2709//5097 2719//5097 2710//5097
f 2713//5098 2720//5098 2711//5098
f 2708//5099 2721//5099 2712//5099
f 2716//5100 2721//5100 2708//5100
f 2706//5101 2722//5101 2713//5101
f 2714//5102 2722//5102 2706//5102
f 2712//5103 2723//5103 2715//5103
f 2721//5104 2723//5104 2712//5104
f 2715//5105 2723//5105 2719//5105
f 2711//5106 2724//5106 2716//5106
f 2720//5107 2724//5107 2711//5107
f 2717//5108 2725//5108 2718//5108
f 2718//5109 2725//5109 2714//5109
f 2714//5110 2725//5110 2722//5110
f 2719//5111 2726//5111 2710//5111
f 2723//5112 2726//5112 2719//5112
f 2713//5113 2727//5113 2720//5113
f 2722//5114 2727//5114 2713//5114
f 2716//5115 2728//5115 2721//5115
f 2724//5116 2728//5116 2716//5116
f 2725//5117 2729//5117 2722//5117
f 2717//5118 2729//5118 2725//5118
f 2722//5119 2729//5119 2727//5119
f 2728//5120 2730//5120 2721//5120
f 2721//5121 2730//5121 2723//5121
f 2720//5122 2731//5122 2724//5122
f 2727//5123 2731//5123 2720//5123
f 2726//5124 2732//5124 2710//5124
f 2723//5125 2732//5125 2726//5125
f 2730//5126 2732//5126 2723//5126
f 2733//5127 2734//5127 2717//5127
f 2717//5128 2734//5128 2729//5128
f 2729//5129 2734//5129 2727//5129
f 2727//5130 2734//5130 2731//5130
f 2734//5131 2735//5131 2731//5131
f 2731//5132 2735//5132 2724//5132
f 2724//5133 2735//5133 2728//5133
f 2730//5134 2736//5134 2732//5134
f 2735//5135 2736//5135 2728//5135
f 2728//5136 2736//5136 2730//5136
f 2734//5137 2737//5137 2735//5137
f 2733//5138 2737//5138 2734//5138
f 2736//5139 2738//5139 2732//5139
f 2732//5140 2738//5140 2710//5140
f 2737//5141 2739//5141 2735//5141
f 2735//5142 2739//5142 2736//5142
f 2710//5143 2739//5143 2733//5143
f 2733//5144 2739//5144 2737//5144
f 2738//5145 2740//5145 2710//5145
f 2736//5146 2740//5146 2738//5146
f 2710//5147 2740//5147 2739//5147
f 2739//5148 2740//5148 2736//5148
f 2710//5149 2741//5149 2679//5149
f 2679//5150 2741//5150 2742//5150
f 2741//5151 2743//5151 2742//5151
f 2742//5152 2743//5152 2744//5152
f 2743//5153 2745//5153 2744//5153
f 2744//5154 2745//5154 2746//5154
f 2746//5155 2747//5155 2748//5155
f 2749//5156 2747//5156 2746//5156
f 2747//5157 2750//5157 2748//5157
f 2746//5158 2751//5158 2749//5158
f 2750//5159 2752//5159 2748//5159
f 2751//5160 2753//5160 2749//5160
f 2749//5161 2753//5161 2747//5161
f 2747//5162 2754//5162 2750//5162
f 2753//5163 2754//5163 2747//5163
f 2748//5164 2755//5164 2756//5164
f 2752//5165 2755//5165 2748//5165
f 2746//5166 2757//5166 2751//5166
f 2750//5167 2758//5167 2752//5167
f 2754//5168 2758//5168 2750//5168
f 2751//5169 2759//5169 2753//5169
f 2757//5170 2759//5170 2751//5170
f 2755//5171 2760//5171 2756//5171
f 2753//5172 2761//5172 2754//5172
f 2759//5173 2761//5173 2753//5173
f 2752//5174 2762//5174 2755//5174
f 2758//5175 2762//5175 2752//5175
f 2746//5176 2763//5176 2757//5176
f 2761//5177 2764//5177 2754//5177
f 2754//5178 2764//5178 2758//5178
f 2757//5179 2765//5179 2759//5179
f 2763//5180 2765//5180 2757//5180
f 2756//5181 2766//5181 2767//5181
f 2760//5182 2766//5182 2756//5182
f 2762//5183 2768//5183 2755//5183
f 2755//5184 2768//5184 2760//5184
f 2759//5185 2769//5185 2761//5185
f 2765//5186 2769//5186 2759//5186
f 2758//5187 2770//5187 2762//5187
f 2764//5188 2770//5188 2758//5188
f 2745//5189 2771//5189 2746//5189
f 2746//5190 2771//5190 2763//5190
f 2761//5191 2772//5191 2764//5191
f 2769//5192 2772//5192 2761//5192
f 2766//5193 2773//5193 2767//5193
f 2763//5194 2774//5194 2765//5194
f 2771//5195 2774//5195 2763//5195
f 2760//5196 2775//5196 2766//5196
f 2768//5197 2775//5197 2760//5197
f 2762//5198 2776//5198 2768//5198
f 2770//5199 2776//5199 2762//5199
f 2774//5200 2777//5200 2765//5200
f 2765//5201 2777//5201 2769//5201
f 2764//5202 2778//5202 2770//5202
f 2772//5203 2778//5203 2764//5203
f 2745//5204 2779//5204 2771//5204
f 2769//5205 2780//5205 2772//5205
f 2777//5206 2780//5206 2769//5206
f 2773//5207 2781//5207 2767//5207
f 2766//5208 2781//5208 2773//5208
f 2775//5209 2781//5209 2766//5209
f 2779//5210 2782//5210 2771//5210
f 2771//5211 2782//5211 2774//5211
f 2768//5212 2783//5212 2775//5212
f 2776//5213 2783//5213 2768//5213
f 2778//5214 2784//5214 2770//5214
f 2770//5215 2784//5215 2776//5215
f 2782//5216 2785//5216 2774//5216
f 2774//5217 2785//5217 2777//5217
f 2780//5218 2786//5218 2772//5218
f 2772//5219 2786//5219 2778//5219
f 2745//5220 2787//5220 2779//5220
f 2785//5221 2788//5221 2777//5221
f 2777//5222 2788//5222 2780//5222
f 2775//5223 2789//5223 2781//5223
f 2781//5224 2789//5224 2767//5224
f 2783//5225 2789//5225 2775//5225
f 2787//5226 2790//5226 2779//5226
f 2779//5227 2790//5227 2782//5227
f 2776//5228 2791//5228 2783//5228
f 2784//5229 2791//5229 2776//5229
f 2778//5230 2792//5230 2784//5230
f 2786//5231 2792//5231 2778//5231
f 2782//5232 2793//5232 2785//5232
f 2790//5233 2793//5233 2782//5233
f 2780//5234 2794//5234 2786//5234
f 2788//5235 2794//5235 2780//5235
f 2745//5236 2795//5236 2787//5236
f 2785//5237 2796//5237 2788//5237
f 2793//5238 2796//5238 2785//5238
f 2789//5239 2797//5239 2767//5239
f 2783//5240 2797//5240 2789//5240
f 2791//5241 2797//5241 2783//5241
f 2795//5242 2798//5242 2787//5242
f 2787//5243 2798//5243 2790//5243
f 2784//5244 2799//5244 2791//5244
f 2792//5245 2799//5245 2784//5245
f 2794//5246 2800//5246 2786//5246
f 2786//5247 2800//5247 2792//5247
f 2790//5248 2801//5248 2793//5248
f 2798//5249 2801//5249 2790//5249
f 2796//5250 2802//5250 2788//5250
f 2788//5251 2802//5251 2794//5251
f 2745//5252 2803//5252 2795//5252
f 2793//5253 2804//5253 2796//5253
f 2801//5254 2804//5254 2793//5254
f 2767//5255 2805//5255 2806//5255
f 2799//5256 2805//5256 2791//5256
f 2797//5257 2805//5257 2767//5257
f 2791//5258 2805//5258 2797//5258
f 2795//5259 2807//5259 2798//5259
f 2803//5260 2807//5260 2795//5260
f 2800//5261 2808//5261 2792//5261
f 2799//5262 2808//5262 2805//5262
f 2792//5263 2808//5263 2799//5263
f 2794//5264 2809//5264 2800//5264
f 2802//5265 2809//5265 2794//5265
f 2745//5266 2810//5266 2803//5266
f 2803//5267 2810//5267 2807//5267
f 2807//5268 2811//5268 2798//5268
f 2798//5269 2811//5269 2801//5269
f 2796//5270 2812//5270 2802//5270
f 2804//5271 2812//5271 2796//5271
f 2813//5272 2814//5272 2745//5272
f 2745//5273 2814//5273 2810//5273
f 2810//5274 2814//5274 2807//5274
f 2801//5275 2815//5275 2804//5275
f 2811//5276 2815//5276 2801//5276
f 2807//5277 2816//5277 2811//5277
f 2813//5278 2816//5278 2814//5278
f 2814//5279 2816//5279 2807//5279
f 2805//5280 2817//5280 2806//5280
f 2808//5281 2817//5281 2805//5281
f 2800//5282 2818//5282 2808//5282
f 2809//5283 2818//5283 2800//5283
f 2802//5284 2819//5284 2809//5284
f 2812//5285 2819//5285 2802//5285
f 2811//5286 2820//5286 2815//5286
f 2813//5287 2820//5287 2816//5287
f 2816//5288 2820//5288 2811//5288
f 2815//5289 2821//5289 2804//5289
f 2804//5290 2821//5290 2812//5290
f 2817//5291 2822//5291 2806//5291
f 2808//5292 2822//5292 2817//5292
f 2818//5293 2822//5293 2808//5293
f 2823//5294 2824//5294 2813//5294
f 2813//5295 2824//5295 2820//5295
f 2815//5296 2824//5296 2821//5296
f 2820//5297 2824//5297 2815//5297
f 2809//5298 2825//5298 2818//5298
f 2818//5299 2825//5299 2822//5299
f 2819//5300 2825//5300 2809//5300
f 2812//5301 2826//5301 2819//5301
f 2824//5302 2826//5302 2821//5302
f 2821//5303 2826//5303 2812//5303
f 2823//5304 2827//5304 2824//5304
f 2824//5305 2827//5305 2826//5305
f 2822//5306 2828//5306 2806//5306
f 2825//5307 2828//5307 2822//5307
f 2826//5308 2829//5308 2819//5308
f 2819//5309 2829//5309 2825//5309
f 2806//5310 2830//5310 2823//5310
f 2823//5311 2830//5311 2827//5311
f 2827//5312 2830//5312 2826//5312
f 2826//5313 2830//5313 2829//5313
f 2828//5314 2831//5314 2806//5314
f 2825//5315 2831//5315 2828//5315
f 2829//5316 2831//5316 2825//5316
f 2831//5317 2832//5317 2806//5317
f 2806//5318 2832//5318 2830//5318
f 2830//5319 2832//5319 2829//5319
f 2829//5320 2832//5320 2831//5320
f 2806//5321 2833//5321 2767//5321
f 2767//5322 2833//5322 2834//5322
f 2834//5323 2835//5323 2836//5323
f 2835//5324 2837//5324 2836//5324
f 2834//5325 2838//5325 2835//5325
f 2837//5326 2839//5326 2836//5326
f 2835//5327 2840//5327 2837//5327
f 2838//5328 2840//5328 2835//5328
f 2834//5329 2841//5329 2838//5329
f 2836//5330 2842//5330 2843//5330
f 2839//5331 2842//5331 2836//5331
f 2840//5332 2844//5332 2837//5332
f 2837//5333 2844//5333 2839//5333
f 2842//5334 2845//5334 2843//5334
f 2838//5335 2846//5335 2840//5335
f 2841//5336 2846//5336 2838//5336
f 2834//5337 2847//5337 2841//5337
f 2843//5338 2848//5338 2849//5338
f 2845//5339 2848//5339 2843//5339
f 2839//5340 2850//5340 2842//5340
f 2844//5341 2850//5341 2839//5341
f 2848//5342 2851//5342 2849//5342
f 2840//5343 2852//5343 2844//5343
f 2846//5344 2852//5344 2840//5344
f 2842//5345 2853//5345 2845//5345
f 2850//5346 2853//5346 2842//5346
f 2841//5347 2854//5347 2846//5347
f 2847//5348 2854//5348 2841//5348
f 2833//5349 2855//5349 2834//5349
f 2834//5350 2855//5350 2847//5350
f 2845//5351 2856//5351 2848//5351
f 2853//5352 2856//5352 2845//5352
f 2852//5353 2857//5353 2844//5353
f 2844//5354 2857//5354 2850//5354
f 2851//5355 2858//5355 2849//5355
f 2848//5356 2858//5356 2851//5356
f 2856//5357 2858//5357 2848//5357
f 2846//5358 2859//5358 2852//5358
f 2854//5359 2859//5359 2846//5359
f 2850//5360 2860//5360 2853//5360
f 2857//5361 2860//5361 2850//5361
f 2847//5362 2861//5362 2854//5362
f 2855//5363 2861//5363 2847//5363
f 2833//5364 2862//5364 2855//5364
f 2853//5365 2863//5365 2856//5365
f 2860//5366 2863//5366 2853//5366
f 2859//5367 2864//5367 2852//5367
f 2852//5368 2864//5368 2857//5368
f 2858//5369 2865//5369 2849//5369
f 2856//5370 2865//5370 2858//5370
f 2863//5371 2865//5371 2856//5371
f 2854//5372 2866//5372 2859//5372
f 2861//5373 2866//5373 2854//5373
f 2864//5374 2867//5374 2857//5374
f 2857//5375 2867//5375 2860//5375
f 2855//5376 2868//5376 2861//5376
f 2862//5377 2868//5377 2855//5377
f 2833//5378 2869//5378 2862//5378
f 2867//5379 2870//5379 2860//5379
f 2860//5380 2870//5380 2863//5380
f 2859//5381 2871//5381 2864//5381
f 2866//5382 2871//5382 2859//5382
f 2870//5383 2872//5383 2863//5383
f 2865//5384 2872//5384 2849//5384
f 2863//5385 2872//5385 2865//5385
f 2868//5386 2873//5386 2861//5386
f 2861//5387 2873//5387 2866//5387
f 2871//5388 2874//5388 2864//5388
f 2864//5389 2874//5389 2867//5389
f 2869//5390 2875//5390 2862//5390
f 2862//5391 2875//5391 2868//5391
f 2868//5392 2875//5392 2873//5392
f 2833//5393 2876//5393 2869//5393
f 2874//5394 2877//5394 2867//5394
f 2867//5395 2877//5395 2870//5395
f 2873//5396 2878//5396 2866//5396
f 2866//5397 2878//5397 2871//5397
f 2849//5398 2879//5398 2880//5398
f 2872//5399 2879//5399 2849//5399
f 2877//5400 2879//5400 2870//5400
f 2870//5401 2879//5401 2872//5401
f 2875//5402 2881//5402 2873//5402
f 2874//5403 2882//5403 2877//5403
f 2878//5404 2882//5404 2871//5404
f 2871//5405 2882//5405 2874//5405
f 2869//5406 2883//5406 2875//5406
f 2876//5407 2883//5407 2869//5407
f 2833//5408 2884//5408 2876//5408
f 2882//5409 2885//5409 2877//5409
f 2877//5410 2885//5410 2879//5410
f 2873//5411 2886//5411 2878//5411
f 2881//5412 2886//5412 2873//5412
f 2887//5413 2888//5413 2833//5413
f 2833//5414 2888//5414 2884//5414
f 2879//5415 2889//5415 2880//5415
f 2885//5416 2889//5416 2879//5416
f 2875//5417 2890//5417 2881//5417
f 2883//5418 2890//5418 2875//5418
f 2886//5419 2891//5419 2878//5419
f 2878//5420 2891//5420 2882//5420
f 2882//5421 2891//5421 2885//5421
f 2876//5422 2892//5422 2883//5422
f 2884//5423 2892//5423 2876//5423
f 2891//5424 2893//5424 2885//5424
f 2881//5425 2894//5425 2886//5425
f 2890//5426 2894//5426 2881//5426
f 2887//5427 2895//5427 2888//5427
f 2888//5428 2895//5428 2884//5428
f 2884//5429 2895//5429 2892//5429
f 2889//5430 2896//5430 2880//5430
f 2885//5431 2896//5431 2889//5431
f 2893//5432 2896//5432 2885//5432
f 2892//5433 2897//5433 2883//5433
f 2883//5434 2897//5434 2890//5434
f 2895//5435 2897//5435 2892//5435
f 2886//5436 2898//5436 2891//5436
f 2891//5437 2898//5437 2893//5437
f 2894//5438 2898//5438 2886//5438
f 2887//5439 2899//5439 2895//5439
f 2895//5440 2899//5440 2897//5440
f 2898//5441 2900//5441 2893//5441
f 2890//5442 2901//5442 2894//5442
f 2897//5443 2901//5443 2890//5443
f 2896//5444 2902//5444 2880//5444
f 2893//5445 2902//5445 2896//5445
f 2900//5446 2902//5446 2893//5446
f 2903//5447 2904//5447 2887//5447
f 2887//5448 2904//5448 2899//5448
f 2899//5449 2904//5449 2897//5449
f 2897//5450 2904//5450 2901//5450
f 2901//5451 2905//5451 2894//5451
f 2894//5452 2905//5452 2898//5452
f 2905//5453 2906//5453 2898//5453
f 2898//5454 2906//5454 2900//5454
f 2904//5455 2907//5455 2901//5455
f 2903//5456 2907//5456 2904//5456
f 2901//5457 2907//5457 2905//5457
f 2900//5458 2908//5458 2902//5458
f 2906//5459 2908//5459 2900//5459
f 2902//5460 2908//5460 2880//5460
f 2905//5461 2909//5461 2906//5461
f 2880//5462 2909//5462 2903//5462
f 2903//5463 2909//5463 2907//5463
f 2906//5464 2909//5464 2908//5464
f 2907//5465 2909//5465 2905//5465
f 2880//5466 2910//5466 2909//5466
f 2908//5467 2910//5467 2880//5467
f 2909//5468 2910//5468 2908//5468
f 2880//5469 2911//5469 2849//5469
f 2849//5470 2911//5470 2912//5470
f 2911//5471 2913//5471 2912//5471
f 2912//5472 2913//5472 2914//5472
f 2913//5473 2915//5473 2914//5473
f 2914//5474 2915//5474 2916//5474
f 2916//5475 2917//5475 2918//5475
f 2919//5476 2917//5476 2916//5476
f 2917//5477 2920//5477 2918//5477
f 2916//5478 2921//5478 2919//5478
f 2920//5479 2922//5479 2918//5479
f 2921//5480 2923//5480 2919//5480
f 2919//5481 2923//5481 2917//5481
f 2917//5482 2924//5482 2920//5482
f 2923//5483 2924//5483 2917//5483
f 2918//5484 2925//5484 2926//5484
f 2922//5485 2925//5485 2918//5485
f 2916//5486 2927//5486 2921//5486
f 2920//5487 2928//5487 2922//5487
f 2924//5488 2928//5488 2920//5488
f 2921//5489 2929//5489 2923//5489
f 2927//5490 2929//5490 2921//5490
f 2925//5491 2930//5491 2926//5491
f 2923//5492 2931//5492 2924//5492
f 2929//5493 2931//5493 2923//5493
f 2922//5494 2932//5494 2925//5494
f 2928//5495 2932//5495 2922//5495
f 2916//5496 2933//5496 2927//5496
f 2931//5497 2934//5497 2924//5497
f 2924//5498 2934//5498 2928//5498
f 2927//5499 2935//5499 2929//5499
f 2933//5500 2935//5500 2927//5500
f 2926//5501 2936//5501 2937//5501
f 2930//5502 2936//5502 2926//5502
f 2932//5503 2938//5503 2925//5503
f 2925//5504 2938//5504 2930//5504
f 2929//5505 2939//5505 2931//5505
f 2935//5506 2939//5506 2929//5506
f 2928//5507 2940//5507 2932//5507
f 2934//5508 2940//5508 2928//5508
f 2915//5509 2941//5509 2916//5509
f 2916//5510 2941//5510 2933//5510
f 2931//5511 2942//5511 2934//5511
f 2939//5512 2942//5512 2931//5512
f 2936//5513 2943//5513 2937//5513
f 2933//5514 2944//5514 2935//5514
f 2941//5515 2944//5515 2933//5515
f 2930//5516 2945//5516 2936//5516
f 2938//5517 2945//5517 2930//5517
f 2932//5518 2946//5518 2938//5518
f 2940//5519 2946//5519 2932//5519
f 2944//5520 2947//5520 2935//5520
f 2935//5521 2947//5521 2939//5521
f 2934//5522 2948//5522 2940//5522
f 2942//5523 2948//5523 2934//5523
f 2915//5524 2949//5524 2941//5524
f 2939//5525 2950//5525 2942//5525
f 2947//5526 2950//5526 2939//5526
f 2942//5527 2950//5527 2948//5527
f 2943//5528 2951//5528 2937//5528
f 2936//5529 2951//5529 2943//5529
f 2945//5530 2951//5530 2936//5530
f 2949//5531 2952//5531 2941//5531
f 2941//5532 2952//5532 2944//5532
f 2938//5533 2953//5533 2945//5533
f 2946//5534 2953//5534 2938//5534
f 2948//5535 2954//5535 2940//5535
f 2940//5536 2954//5536 2946//5536
f 2952//5537 2955//5537 2944//5537
f 2944//5538 2955//5538 2947//5538
f 2950//5539 2956//5539 2948//5539
f 2915//5540 2957//5540 2949//5540
f 2955//5541 2958//5541 2947//5541
f 2947//5542 2958//5542 2950//5542
f 2945//5543 2959//5543 2951//5543
f 2951//5544 2959//5544 2937//5544
f 2953//5545 2959//5545 2945//5545
f 2957//5546 2960//5546 2949//5546
f 2949//5547 2960//5547 2952//5547
f 2946//5548 2961//5548 2953//5548
f 2954//5549 2961//5549 2946//5549
f 2948//5550 2962//5550 2954//5550
f 2956//5551 2962//5551 2948//5551
f 2952//5552 2963//5552 2955//5552
f 2960//5553 2963//5553 2952//5553
f 2950//5554 2964//5554 2956//5554
f 2958//5555 2964//5555 2950//5555
f 2915//5556 2965//5556 2957//5556
f 2955//5557 2966//5557 2958//5557
f 2963//5558 2966//5558 2955//5558
f 2959//5559 2967//5559 2937//5559
f 2953//5560 2967//5560 2959//5560
f 2961//5561 2967//5561 2953//5561
f 2965//5562 2968//5562 2957//5562
f 2957//5563 2968//5563 2960//5563
f 2954//5564 2969//5564 2961//5564
f 2962//5565 2969//5565 2954//5565
f 2964//5566 2970//5566 2956//5566
f 2956//5567 2970//5567 2962//5567
f 2960//5568 2971//5568 2963//5568
f 2968//5569 2971//5569 2960//5569
f 2958//5570 2972//5570 2964//5570
f 2966//5571 2972//5571 2958//5571
f 2915//5572 2973//5572 2965//5572
f 2963//5573 2974//5573 2966//5573
f 2971//5574 2974//5574 2963//5574
f 2937//5575 2975//5575 2976//5575
f 2967//5576 2975//5576 2937//5576
f 2961//5577 2975//5577 2967//5577
f 2969//5578 2975//5578 2961//5578
f 2965//5579 2977//5579 2968//5579
f 2973//5580 2977//5580 2965//5580
f 2962//5581 2978//5581 2969//5581
f 2970//5582 2978//5582 2962//5582
f 2969//5583 2978//5583 2975//5583
f 2972//5584 2979//5584 2964//5584
f 2964//5585 2979//5585 2970//5585
f 2915//5586 2980//5586 2973//5586
f 2973//5587 2980//5587 2977//5587
f 2977//5588 2981//5588 2968//5588
f 2968//5589 2981//5589 2971//5589
f 2972//5590 2982//5590 2979//5590
f 2966//5591 2982//5591 2972//5591
f 2974//5592 2982//5592 2966//5592
f 2983//5593 2984//5593 2915//5593
f 2915//5594 2984//5594 2980//5594
f 2980//5595 2984//5595 2977//5595
f 2971//5596 2985//5596 2974//5596
f 2981//5597 2985//5597 2971//5597
f 2977//5598 2986//5598 2981//5598
f 2983//5599 2986//5599 2984//5599
f 2984//5600 2986//5600 2977//5600
f 2975//5601 2987//5601 2976//5601
f 2978//5602 2987//5602 2975//5602
f 2970//5603 2988//5603 2978//5603
f 2979//5604 2988//5604 2970//5604
f 2982//5605 2989//5605 2979//5605
f 2981//5606 2990//5606 2985//5606
f 2983//5607 2990//5607 2986//5607
f 2986//5608 2990//5608 2981//5608
f 2985//5609 2991//5609 2974//5609
f 2974//5610 2991//5610 2982//5610
f 2978//5611 2992//5611 2987//5611
f 2988//5612 2992//5612 2978//5612
f 2987//5613 2992//5613 2976//5613
f 2993//5614 2994//5614 2983//5614
f 2983//5615 2994//5615 2990//5615
f 2985//5616 2994//5616 2991//5616
f 2990//5617 2994//5617 2985//5617
f 2979//5618 2995//5618 2988//5618
f 2989//5619 2995//5619 2979//5619
f 2991//5620 2996//5620 2982//5620
f 2982//5621 2996//5621 2989//5621
f 2993//5622 2997//5622 2994//5622
f 2994//5623 2997//5623 2991//5623
f 2991//5624 2997//5624 2996//5624
f 2992//5625 2998//5625 2976//5625
f 2988//5626 2998//5626 2992//5626
f 2995//5627 2998//5627 2988//5627
f 2996//5628 2999//5628 2989//5628
f 2989//5629 2999//5629 2995//5629
f 2993//5630 3000//5630 2997//5630
f 2976//5631 3000//5631 2993//5631
f 2997//5632 3000//5632 2996//5632
f 2996//5633 3000//5633 2999//5633
f 2998//5634 3001//5634 2976//5634
f 2995//5635 3001//5635 2998//5635
f 2999//5636 3001//5636 2995//5636
f 3000//5637 3001//5637 2999//5637
f 3001//5638 3002//5638 2976//5638
f 2976//5639 3002//5639 3000//5639
f 3000//5640 3002//5640 3001//5640
f 2976//5641 3003//5641 2937//5641
f 2937//5642 3003//5642 3004//5642
f 3004//5643 3005//5643 3006//5643
f 3005//5644 3007//5644 3006//5644
f 3004//5645 3008//5645 3005//5645
f 3007//5646 3009//5646 3006//5646
f 3005//5647 3010//5647 3007//5647
f 3008//5648 3010//5648 3005//5648
f 3004//5649 3011//5649 3008//5649
f 3006//5650 3012//5650 3013//5650
f 3009//5651 3012//5651 3006//5651
f 3010//5652 3014//5652 3007//5652
f 3007//5653 3014//5653 3009//5653
f 3012//5654 3015//5654 3013//5654
f 3008//5655 3016//5655 3010//5655
f 3011//5656 3016//5656 3008//5656
f 3004//5657 3017//5657 3011//5657
f 3013//5658 3018//5658 3019//5658
f 3015//5659 3018//5659 3013//5659
f 3009//5660 3020//5660 3012//5660
f 3014//5661 3020//5661 3009//5661
f 3018//5662 3021//5662 3019//5662
f 3010//5663 3022//5663 3014//5663
f 3016//5664 3022//5664 3010//5664
f 3012//5665 3023//5665 3015//5665
f 3020//5666 3023//5666 3012//5666
f 3011//5667 3024//5667 3016//5667
f 3017//5668 3024//5668 3011//5668
f 3003//5669 3025//5669 3004//5669
f 3004//5670 3025//5670 3017//5670
f 3015//5671 3026//5671 3018//5671
f 3018//5672 3026//5672 3021//5672
f 3023//5673 3026//5673 3015//5673
f 3022//5674 3027//5674 3014//5674
f 3014//5675 3027//5675 3020//5675
f 3021//5676 3028//5676 3019//5676
f 3026//5677 3028//5677 3021//5677
f 3016//5678 3029//5678 3022//5678
f 3024//5679 3029//5679 3016//5679
f 3020//5680 3030//5680 3023//5680
f 3027//5681 3030//5681 3020//5681
f 3017//5682 3031//5682 3024//5682
f 3025//5683 3031//5683 3017//5683
f 3003//5684 3032//5684 3025//5684
f 3023//5685 3033//5685 3026//5685
f 3030//5686 3033//5686 3023//5686
f 3029//5687 3034//5687 3022//5687
f 3022//5688 3034//5688 3027//5688
f 3028//5689 3035//5689 3019//5689
f 3026//5690 3035//5690 3028//5690
f 3033//5691 3035//5691 3026//5691
f 3024//5692 3036//5692 3029//5692
f 3031//5693 3036//5693 3024//5693
f 3034//5694 3037//5694 3027//5694
f 3027//5695 3037//5695 3030//5695
f 3030//5696 3037//5696 3033//5696
f 3025//5697 3038//5697 3031//5697
f 3032//5698 3038//5698 3025//5698
f 3003//5699 3039//5699 3032//5699
f 3037//5700 3040//5700 3033//5700
f 3029//5701 3041//5701 3034//5701
f 3036//5702 3041//5702 3029//5702
f 3035//5703 3042//5703 3019//5703
f 3040//5704 3042//5704 3033//5704
f 3033//5705 3042//5705 3035//5705
f 3038//5706 3043//5706 3031//5706
f 3031//5707 3043//5707 3036//5707
f 3041//5708 3044//5708 3034//5708
f 3034//5709 3044//5709 3037//5709
f 3039//5710 3045//5710 3032//5710
f 3032//5711 3045//5711 3038//5711
f 3003//5712 3046//5712 3039//5712
f 3044//5713 3047//5713 3037//5713
f 3037//5714 3047//5714 3040//5714
f 3043//5715 3048//5715 3036//5715
f 3036//5716 3048//5716 3041//5716
f 3019//5717 3049//5717 3050//5717
f 3042//5718 3049//5718 3019//5718
f 3040//5719 3049//5719 3042//5719
f 3047//5720 3049//5720 3040//5720
f 3045//5721 3051//5721 3038//5721
f 3038//5722 3051//5722 3043//5722
f 3048//5723 3052//5723 3041//5723
f 3041//5724 3052//5724 3044//5724
f 3039//5725 3053//5725 3045//5725
f 3046//5726 3053//5726 3039//5726
f 3003//5727 3054//5727 3046//5727
f 3044//5728 3055//5728 3047//5728
f 3052//5729 3055//5729 3044//5729
f 3043//5730 3056//5730 3048//5730
f 3051//5731 3056//5731 3043//5731
f 3057//5732 3058//5732 3003//5732
f 3003//5733 3058//5733 3054//5733
f 3049//5734 3059//5734 3050//5734
f 3047//5735 3059//5735 3049//5735
f 3055//5736 3059//5736 3047//5736
f 3045//5737 3060//5737 3051//5737
f 3053//5738 3060//5738 3045//5738
f 3051//5739 3060//5739 3056//5739
f 3048//5740 3061//5740 3052//5740
f 3056//5741 3061//5741 3048//5741
f 3046//5742 3062//5742 3053//5742
f 3054//5743 3062//5743 3046//5743
f 3052//5744 3063//5744 3055//5744
f 3061//5745 3063//5745 3052//5745
f 3060//5746 3064//5746 3056//5746
f 3057//5747 3065//5747 3058//5747
f 3058//5748 3065//5748 3054//5748
f 3054//5749 3065//5749 3062//5749
f 3059//5750 3066//5750 3050//5750
f 3055//5751 3066//5751 3059//5751
f 3063//5752 3066//5752 3055//5752
f 3062//5753 3067//5753 3053//5753
f 3053//5754 3067//5754 3060//5754
f 3061//5755 3068//5755 3063//5755
f 3056//5756 3068//5756 3061//5756
f 3064//5757 3068//5757 3056//5757
f 3062//5758 3069//5758 3067//5758
f 3057//5759 3069//5759 3065//5759
f 3065//5760 3069//5760 3062//5760
f 3068//5761 3070//5761 3063//5761
f 3060//5762 3071//5762 3064//5762
f 3067//5763 3071//5763 3060//5763
f 3064//5764 3071//5764 3068//5764
f 3066//5765 3072//5765 3050//5765
f 3063//5766 3072//5766 3066//5766
f 3070//5767 3072//5767 3063//5767
f 3073//5768 3074//5768 3057//5768
f 3057//5769 3074//5769 3069//5769
f 3069//5770 3074//5770 3067//5770
f 3067//5771 3074//5771 3071//5771
f 3074//5772 3075//5772 3071//5772
f 3071//5773 3075//5773 3068//5773
f 3075//5774 3076//5774 3068//5774
f 3068//5775 3076//5775 3070//5775
f 3073//5776 3077//5776 3074//5776
f 3074//5777 3077//5777 3075//5777
f 3070//5778 3078//5778 3072//5778
f 3076//5779 3078//5779 3070//5779
f 3072//5780 3078//5780 3050//5780
f 3077//5781 3079//5781 3075//5781
f 3075//5782 3079//5782 3076//5782
f 3050//5783 3079//5783 3073//5783
f 3073//5784 3079//5784 3077//5784
f 3076//5785 3079//5785 3078//5785
f 3078//5786 3080//5786 3050//5786
f 3050//5787 3080//5787 3079//5787
f 3079//5788 3080//5788 3078//5788
f 3050//5789 3081//5789 3019//5789
f 3019//5790 3081//5790 3082//5790
f 3081//5791 3083//5791 3082//5791
f 3082//5792 3083//5792 3084//5792
f 3083//5793 3085//5793 3084//5793
f 3084//5794 3085//5794 3086//5794
f 3086//5795 3087//5795 3088//5795
f 3089//5796 3087//5796 3086//5796
f 3087//5797 3090//5797 3088//5797
f 3086//5798 3091//5798 3089//5798
f 3088//5799 3092//5799 3093//5799
f 3090//5800 3092//5800 3088//5800
f 3091//5801 3094//5801 3089//5801
f 3089//5802 3094//5802 3087//5802
f 3087//5803 3095//5803 3090//5803
f 3094//5804 3095//5804 3087//5804
f 3092//5805 3096//5805 3093//5805
f 3086//5806 3097//5806 3091//5806
f 3090//5807 3098//5807 3092//5807
f 3095//5808 3098//5808 3090//5808
f 3091//5809 3099//5809 3094//5809
f 3097//5810 3099//5810 3091//5810
f 3096//5811 3100//5811 3093//5811
f 3094//5812 3101//5812 3095//5812
f 3099//5813 3101//5813 3094//5813
f 3092//5814 3102//5814 3096//5814
f 3098//5815 3102//5815 3092//5815
f 3086//5816 3103//5816 3097//5816
f 3101//5817 3104//5817 3095//5817
f 3095//5818 3104//5818 3098//5818
f 3097//5819 3105//5819 3099//5819
f 3103//5820 3105//5820 3097//5820
f 3093//5821 3106//5821 3107//5821
f 3100//5822 3106//5822 3093//5822
f 3096//5823 3108//5823 3100//5823
f 3102//5824 3108//5824 3096//5824
f 3099//5825 3109//5825 3101//5825
f 3105//5826 3109//5826 3099//5826
f 3098//5827 3110//5827 3102//5827
f 3104//5828 3110//5828 3098//5828
f 3085//5829 3111//5829 3086//5829
f 3086//5830 3111//5830 3103//5830
f 3103//5831 3111//5831 3105//5831
f 3101//5832 3112//5832 3104//5832
f 3109//5833 3112//5833 3101//5833
f 3111//5834 3113//5834 3105//5834
f 3106//5835 3114//5835 3107//5835
f 3100//5836 3114//5836 3106//5836
f 3108//5837 3114//5837 3100//5837
f 3110//5838 3115//5838 3102//5838
f 3102//5839 3115//5839 3108//5839
f 3105//5840 3116//5840 3109//5840
f 3113//5841 3116//5841 3105//5841
f 3110//5842 3117//5842 3115//5842
f 3104//5843 3117//5843 3110//5843
f 3112//5844 3117//5844 3104//5844
f 3085//5845 3118//5845 3111//5845
f 3116//5846 3119//5846 3109//5846
f 3109//5847 3119//5847 3112//5847
f 3111//5848 3120//5848 3113//5848
f 3118//5849 3120//5849 3111//5849
f 3114//5850 3121//5850 3107//5850
f 3108//5851 3121//5851 3114//5851
f 3115//5852 3121//5852 3108//5852
f 3117//5853 3122//5853 3115//5853
f 3120//5854 3123//5854 3113//5854
f 3113//5855 3123//5855 3116//5855
f 3119//5856 3124//5856 3112//5856
f 3112//5857 3124//5857 3117//5857
f 3085//5858 3125//5858 3118//5858
f 3123//5859 3126//5859 3116//5859
f 3116//5860 3126//5860 3119//5860
f 3125//5861 3127//5861 3118//5861
f 3118//5862 3127//5862 3120//5862
f 3115//5863 3128//5863 3121//5863
f 3122//5864 3128//5864 3115//5864
f 3121//5865 3128//5865 3107//5865
f 3124//5866 3129//5866 3117//5866
f 3117//5867 3129//5867 3122//5867
f 3120//5868 3130//5868 3123//5868
f 3127//5869 3130//5869 3120//5869
f 3126//5870 3131//5870 3119//5870
f 3119//5871 3131//5871 3124//5871
f 3085//5872 3132//5872 3125//5872
f 3123//5873 3133//5873 3126//5873
f 3130//5874 3133//5874 3123//5874
f 3125//5875 3134//5875 3127//5875
f 3132//5876 3134//5876 3125//5876
f 3107//5877 3135//5877 3136//5877
f 3128//5878 3135//5878 3107//5878
f 3122//5879 3135//5879 3128//5879
f 3129//5880 3135//5880 3122//5880
f 3124//5881 3137//5881 3129//5881
f 3131//5882 3137//5882 3124//5882
f 3127//5883 3138//5883 3130//5883
f 3134//5884 3138//5884 3127//5884
f 3126//5885 3139//5885 3131//5885
f 3133//5886 3139//5886 3126//5886
f 3085//5887 3140//5887 3132//5887
f 3130//5888 3141//5888 3133//5888
f 3138//5889 3141//5889 3130//5889
f 3132//5890 3142//5890 3134//5890
f 3140//5891 3142//5891 3132//5891
f 3085//5892 3143//5892 3140//5892
f 3135//5893 3144//5893 3136//5893
f 3129//5894 3144//5894 3135//5894
f 3137//5895 3144//5895 3129//5895
f 3139//5896 3145//5896 3131//5896
f 3131//5897 3145//5897 3137//5897
f 3134//5898 3146//5898 3138//5898
f 3142//5899 3146//5899 3134//5899
f 3147//5900 3148//5900 3085//5900
f 3140//5901 3148//5901 3142//5901
f 3085//5902 3148//5902 3143//5902
f 3143//5903 3148//5903 3140//5903
f 3133//5904 3149//5904 3139//5904
f 3141//5905 3149//5905 3133//5905
f 3147//5906 3150//5906 3148//5906
f 3142//5907 3150//5907 3146//5907
f 3148//5908 3150//5908 3142//5908
f 3138//5909 3151//5909 3141//5909
f 3146//5910 3151//5910 3138//5910
f 3144//5911 3152//5911 3136//5911
f 3137//5912 3152//5912 3144//5912
f 3145//5913 3152//5913 3137//5913
f 3139//5914 3153//5914 3145//5914
f 3149//5915 3153//5915 3139//5915
f 3154//5916 3155//5916 3147//5916
f 3147//5917 3155//5917 3150//5917
f 3150//5918 3155//5918 3146//5918
f 3146//5919 3155//5919 3151//5919
f 3151//5920 3156//5920 3141//5920
f 3141//5921 3156//5921 3149//5921
f 3154//5922 3157//5922 3155//5922
f 3151//5923 3157//5923 3156//5923
f 3155//5924 3157//5924 3151//5924
f 3152//5925 3158//5925 3136//5925
f 3145//5926 3158//5926 3152//5926
f 3153//5927 3158//5927 3145//5927
f 3156//5928 3159//5928 3149//5928
f 3157//5929 3159//5929 3156//5929
f 3149//5930 3159//5930 3153//5930
f 3154//5931 3160//5931 3157//5931
f 3157//5932 3160//5932 3159//5932
f 3153//5933 3161//5933 3158//5933
f 3159//5934 3161//5934 3153//5934
f 3158//5935 3161//5935 3136//5935
f 3136//5936 3162//5936 3154//5936
f 3154//5937 3162//5937 3160//5937
f 3160//5938 3162//5938 3159//5938
f 3161//5939 3162//5939 3136//5939
f 3159//5940 3162//5940 3161//5940
f 3136//5941 3163//5941 3107//5941
f 3107//5942 3163//5942 3164//5942
f 3164//5943 3165//5943 3166//5943
f 3165//5944 3167//5944 3166//5944
f 3164//5945 3168//5945 3165//5945
f 3167//5946 3169//5946 3166//5946
f 3165//5947 3170//5947 3167//5947
f 3168//5948 3170//5948 3165//5948
f 3164//5949 3171//5949 3168//5949
f 3166//5950 3172//5950 3173//5950
f 3169//5951 3172//5951 3166//5951
f 3170//5952 3174//5952 3167//5952
f 3167//5953 3174//5953 3169//5953
f 3172//5954 3175//5954 3173//5954
f 3168//5955 3176//5955 3170//5955
f 3171//5956 3176//5956 3168//5956
f 3164//5957 3177//5957 3171//5957
f 3173//5958 3178//5958 3179//5958
f 3175//5959 3178//5959 3173//5959
f 3169//5960 3180//5960 3172//5960
f 3174//5961 3180//5961 3169//5961
f 3178//5962 3181//5962 3179//5962
f 3170//5963 3182//5963 3174//5963
f 3176//5964 3182//5964 3170//5964
f 3172//5965 3183//5965 3175//5965
f 3175//5966 3183//5966 3178//5966
f 3180//5967 3183//5967 3172//5967
f 3171//5968 3184//5968 3176//5968
f 3177//5969 3184//5969 3171//5969
f 3163//5970 3185//5970 3164//5970
f 3164//5971 3185//5971 3177//5971
f 3183//5972 3186//5972 3178//5972
f 3182//5973 3187//5973 3174//5973
f 3174//5974 3187//5974 3180//5974
f 3181//5975 3188//5975 3179//5975
f 3178//5976 3188//5976 3181//5976
f 3186//5977 3188//5977 3178//5977
f 3176//5978 3189//5978 3182//5978
f 3184//5979 3189//5979 3176//5979
f 3180//5980 3190//5980 3183//5980
f 3187//5981 3190//5981 3180//5981
f 3177//5982 3191//5982 3184//5982
f 3185//5983 3191//5983 3177//5983
f 3163//5984 3192//5984 3185//5984
f 3185//5985 3192//5985 3191//5985
f 3183//5986 3193//5986 3186//5986
f 3190//5987 3193//5987 3183//5987
f 3189//5988 3194//5988 3182//5988
f 3182//5989 3194//5989 3187//5989
f 3188//5990 3195//5990 3179//5990
f 3186//5991 3195//5991 3188//5991
f 3193//5992 3195//5992 3186//5992
f 3184//5993 3196//5993 3189//5993
f 3191//5994 3196//5994 3184//5994
f 3194//5995 3197//5995 3187//5995
f 3187//5996 3197//5996 3190//5996
f 3190//5997 3197//5997 3193//5997
f 3192//5998 3198//5998 3191//5998
f 3163//5999 3199//5999 3192//5999
f 3197//6000 3200//6000 3193//6000
f 3189//6001 3201//6001 3194//6001
f 3196//6002 3201//6002 3189//6002
f 3195//6003 3202//6003 3179//6003
f 3200//6004 3202//6004 3193//6004
f 3193//6005 3202//6005 3195//6005
f 3198//6006 3203//6006 3191//6006
f 3191//6007 3203//6007 3196//6007
f 3201//6008 3204//6008 3194//6008
f 3194//6009 3204//6009 3197//6009
f 3192//6010 3205//6010 3198//6010
f 3199//6011 3205//6011 3192//6011
f 3163//6012 3206//6012 3199//6012
f 3204//6013 3207//6013 3197//6013
f 3197//6014 3207//6014 3200//6014
f 3203//6015 3208//6015 3196//6015
f 3196//6016 3208//6016 3201//6016
f 3179//6017 3209//6017 3210//6017
f 3202//6018 3209//6018 3179//6018
f 3200//6019 3209//6019 3202//6019
f 3207//6020 3209//6020 3200//6020
f 3205//6021 3211//6021 3198//6021
f 3198//6022 3211//6022 3203//6022
f 3204//6023 3212//6023 3207//6023
f 3208//6024 3212//6024 3201//6024
f 3201//6025 3212//6025 3204//6025
f 3199//6026 3213//6026 3205//6026
f 3206//6027 3213//6027 3199//6027
f 3163//6028 3214//6028 3206//6028
f 3212//6029 3215//6029 3207//6029
f 3203//6030 3216//6030 3208//6030
f 3211//6031 3216//6031 3203//6031
f 3217//6032 3218//6032 3163//6032
f 3163//6033 3218//6033 3214//6033
f 3209//6034 3219//6034 3210//6034
f 3207//6035 3219//6035 3209//6035
f 3215//6036 3219//6036 3207//6036
f 3205//6037 3220//6037 3211//6037
f 3213//6038 3220//6038 3205//6038
f 3216//6039 3221//6039 3208//6039
f 3208//6040 3221//6040 3212//6040
f 3212//6041 3221//6041 3215//6041
f 3206//6042 3222//6042 3213//6042
f 3214//6043 3222//6043 3206//6043
f 3221//6044 3223//6044 3215//6044
f 3211//6045 3224//6045 3216//6045
f 3220//6046 3224//6046 3211//6046
f 3217//6047 3225//6047 3218//6047
f 3218//6048 3225//6048 3214//6048
f 3214//6049 3225//6049 3222//6049
f 3219//6050 3226//6050 3210//6050
f 3215//6051 3226//6051 3219//6051
f 3223//6052 3226//6052 3215//6052
f 3222//6053 3227//6053 3213//6053
f 3213//6054 3227//6054 3220//6054
f 3225//6055 3227//6055 3222//6055
f 3216//6056 3228//6056 3221//6056
f 3224//6057 3228//6057 3216//6057
f 3217//6058 3229//6058 3225//6058
f 3225//6059 3229//6059 3227//6059
f 3228//6060 3230//6060 3221//6060
f 3221//6061 3230//6061 3223//6061
f 3220//6062 3231//6062 3224//6062
f 3227//6063 3231//6063 3220//6063
f 3226//6064 3232//6064 3210//6064
f 3223//6065 3232//6065 3226//6065
f 3230//6066 3232//6066 3223//6066
f 3233//6067 3234//6067 3217//6067
f 3217//6068 3234//6068 3229//6068
f 3229//6069 3234//6069 3227//6069
f 3227//6070 3234//6070 3231//6070
f 3231//6071 3235//6071 3224//6071
f 3224//6072 3235//6072 3228//6072
f 3235//6073 3236//6073 3228//6073
f 3228//6074 3236//6074 3230//6074
f 3234//6075 3237//6075 3231//6075
f 3235//6076 3237//6076 3236//6076
f 3233//6077 3237//6077 3234//6077
f 3231//6078 3237//6078 3235//6078
f 3230//6079 3238//6079 3232//6079
f 3236//6080 3238//6080 3230//6080
f 3232//6081 3238//6081 3210//6081
f 3210//6082 3239//6082 3233//6082
f 3237//6083 3239//6083 3236//6083
f 3233//6084 3239//6084 3237//6084
f 3210//6085 3240//6085 3239//6085
f 3236//6086 3240//6086 3238//6086
f 3238//6087 3240//6087 3210//6087
f 3239//6088 3240//6088 3236//6088
f 3210//6089 3241//6089 3179//6089
f 3179//6090 3241//6090 3242//6090
f 3241//6091 3243//6091 3242//6091
f 3242//6092 3243//6092 3244//6092
f 3243//6093 3245//6093 3244//6093
f 3244//6094 3245//6094 3246//6094
f 3246//6095 3247//6095 3248//6095
f 3249//6096 3247//6096 3246//6096
f 3247//6097 3250//6097 3248//6097
f 3246//6098 3251//6098 3249//6098
f 3248//6099 3252//6099 3253//6099
f 3250//6100 3252//6100 3248//6100
f 3251//6101 3254//6101 3249//6101
f 3249//6102 3254//6102 3247//6102
f 3247//6103 3255//6103 3250//6103
f 3254//6104 3255//6104 3247//6104
f 3252//6105 3256//6105 3253//6105
f 3246//6106 3257//6106 3251//6106
f 3250//6107 3258//6107 3252//6107
f 3255//6108 3258//6108 3250//6108
f 3251//6109 3259//6109 3254//6109
f 3257//6110 3259//6110 3251//6110
f 3256//6111 3260//6111 3253//6111
f 3254//6112 3261//6112 3255//6112
f 3259//6113 3261//6113 3254//6113
f 3252//6114 3262//6114 3256//6114
f 3258//6115 3262//6115 3252//6115
f 3246//6116 3263//6116 3257//6116
f 3261//6117 3264//6117 3255//6117
f 3255//6118 3264//6118 3258//6118
f 3257//6119 3265//6119 3259//6119
f 3263//6120 3265//6120 3257//6120
f 3253//6121 3266//6121 3//6121
f 3260//6122 3266//6122 3253//6122
f 3256//6123 3267//6123 3260//6123
f 3262//6124 3267//6124 3256//6124
f 3259//6125 3268//6125 3261//6125
f 3265//6126 3268//6126 3259//6126
f 3258//6127 3269//6127 3262//6127
f 3264//6128 3269//6128 3258//6128
f 3245//6129 3270//6129 3246//6129
f 3246//6130 3270//6130 3263//6130
f 3261//6131 3271//6131 3264//6131
f 3268//6132 3271//6132 3261//6132
f 3263//6133 3272//6133 3265//6133
f 3270//6134 3272//6134 3263//6134
f 3266//6135 3273//6135 3//6135
f 3260//6136 3273//6136 3266//6136
f 3267//6137 3273//6137 3260//6137
f 3269//6138 3274//6138 3262//6138
f 3262//6139 3274//6139 3267//6139
f 3272//6140 3275//6140 3265//6140
f 3265//6141 3275//6141 3268//6141
f 3264//6142 3276//6142 3269//6142
f 3271//6143 3276//6143 3264//6143
f 3245//6144 3277//6144 3270//6144
f 3268//6145 3278//6145 3271//6145
f 3275//6146 3278//6146 3268//6146
f 3270//6147 3279//6147 3272//6147
f 3277//6148 3279//6148 3270//6148
f 3273//6149 3280//6149 3//6149
f 3267//6150 3280//6150 3273//6150
f 3274//6151 3280//6151 3267//6151
f 3269//6152 3281//6152 3274//6152
f 3276//6153 3281//6153 3269//6153
f 3279//6154 3282//6154 3272//6154
f 3272//6155 3282//6155 3275//6155
f 3278//6156 3283//6156 3271//6156
f 3271//6157 3283//6157 3276//6157
f 3245//6158 3284//6158 3277//6158
f 3275//6159 3285//6159 3278//6159
f 3282//6160 3285//6160 3275//6160
f 3277//6161 3286//6161 3279//6161
f 3284//6162 3286//6162 3277//6162
f 3274//6163 3287//6163 3280//6163
f 3280//6164 3287//6164 3//6164
f 3281//6165 3287//6165 3274//6165
f 3283//6166 3288//6166 3276//6166
f 3276//6167 3288//6167 3281//6167
f 3279//6168 3289//6168 3282//6168
f 3286//6169 3289//6169 3279//6169
f 3285//6170 3290//6170 3278//6170
f 3278//6171 3290//6171 3283//6171
f 3245//6172 3291//6172 3284//6172
f 3282//6173 3292//6173 3285//6173
f 3289//6174 3292//6174 3282//6174
f 3284//6175 3293//6175 3286//6175
f 3291//6176 3293//6176 3284//6176
f 3//6177 3294//6177 1//6177
f 3287//6178 3294//6178 3//6178
f 3281//6179 3294//6179 3287//6179
f 3288//6180 3294//6180 3281//6180
f 3283//6181 3295//6181 3288//6181
f 3290//6182 3295//6182 3283//6182
f 3286//6183 3296//6183 3289//6183
f 3293//6184 3296//6184 3286//6184
f 3285//6185 3297//6185 3290//6185
f 3292//6186 3297//6186 3285//6186
f 3245//6187 3298//6187 3291//6187
f 3289//6188 3299//6188 3292//6188
f 3296//6189 3299//6189 3289//6189
f 3291//6190 3300//6190 3293//6190
f 3298//6191 3300//6191 3291//6191
f 3245//6192 3301//6192 3298//6192
f 3295//6193 3302//6193 3288//6193
f 3288//6194 3302//6194 3294//6194
f 3294//6195 3302//6195 1//6195
f 3297//6196 3303//6196 3290//6196
f 3290//6197 3303//6197 3295//6197
f 3293//6198 3304//6198 3296//6198
f 3300//6199 3304//6199 3293//6199
f 3305//6200 3306//6200 3245//6200
f 3298//6201 3306//6201 3300//6201
f 3245//6202 3306//6202 3301//6202
f 3301//6203 3306//6203 3298//6203
f 3292//6204 3307//6204 3297//6204
f 3299//6205 3307//6205 3292//6205
f 3305//6206 3308//6206 3306//6206
f 3300//6207 3308//6207 3304//6207
f 3306//6208 3308//6208 3300//6208
f 3296//6209 3309//6209 3299//6209
f 3304//6210 3309//6210 3296//6210
f 3302//6211 3310//6211 1//6211
f 3295//6212 3310//6212 3302//6212
f 3303//6213 3310//6213 3295//6213
f 3297//6214 3311//6214 3303//6214
f 3307//6215 3311//6215 3297//6215
f 3312//6216 3313//6216 3305//6216
f 3305//6217 3313//6217 3308//6217
f 3308//6218 3313//6218 3304//6218
f 3304//6219 3313//6219 3309//6219
f 3299//6220 3314//6220 3307//6220
f 3309//6221 3314//6221 3299//6221
f 3309//6222 3315//6222 3314//6222
f 3312//6223 3315//6223 3313//6223
f 3313//6224 3315//6224 3309//6224
f 3303//6225 3316//6225 3310//6225
f 3310//6226 3316//6226 1//6226
f 3311//6227 3316//6227 3303//6227
f 3307//6228 3317//6228 3311//6228
f 3314//6229 3317//6229 3307//6229
f 3312//6230 3318//6230 3315//6230
f 3314//6231 3318//6231 3317//6231
f 3315//6232 3318//6232 3314//6232
f 3311//6233 3319//6233 3316//6233
f 3317//6234 3319//6234 3311//6234
f 3316//6235 3319//6235 1//6235
f 3312//6236 3320//6236 3318//6236
f 1//6237 3320//6237 3312//6237
f 3318//6238 3320//6238 3317//6238
f 3319//6239 3320//6239 1//6239
f 3317//6240 3320//6240 3319//6240
f 2146//6241 2163//6241 2173//6241
f 2163//6242 2227//6242 2173//6242
f 1976//6243 1993//6243 2003//6243
f 2003//6244 1993//6244 2057//6244
f 2163//6245 2153//6245 2227//6245
f 1993//6246 1983//6246 2057//6246
f 2057//6247 1983//6247 2073//6247
f 2153//6248 2243//6248 2227//6248
f 2085//6249 2243//6249 2153//6249
f 2073//6250 1915//6250 2050//6250
f 1983//6251 1915//6251 2073//6251
f 2085//6252 2220//6252 2243//6252
f 2324//6253 2333//6253 2306//6253
f 1806//6254 1823//6254 1833//6254
f 1833//6255 1823//6255 1887//6255
f 2317//6256 2387//6256 2324//6256
f 2324//6257 2387//6257 2333//6257
f 1887//6258 1813//6258 1903//6258
f 1823//6259 1813//6259 1887//6259
f 2255//6260 2403//6260 2317//6260
f 2317//6261 2403//6261 2387//6261
f 1903//6262 1745//6262 1880//6262
f 1813//6263 1745//6263 1903//6263
f 2255//6264 2380//6264 2403//6264
f 2083//6265 2251//6265 2085//6265
f 2085//6266 2251//6266 2220//6266
f 2050//6267 1913//6267 2081//6267
f 1915//6268 1913//6268 2050//6268
f 2081//6269 2253//6269 2083//6269
f 2083//6270 2253//6270 2251//6270
f 1913//6271 2253//6271 2081//6271
f 2253//6272 2411//6272 2255//6272
f 2255//6273 2411//6273 2380//6273
f 1880//6274 1743//6274 1911//6274
f 1911//6275 1743//6275 1913//6275
f 1745//6276 1743//6276 1880//6276
f 2477//6277 2547//6277 2484//6277
f 2484//6278 2547//6278 2466//6278
f 2466//6279 2547//6279 2493//6279
f 1636//6280 1654//6280 1663//6280
f 1663//6281 1654//6281 1717//6281
f 1717//6282 1647//6282 1733//6282
f 1654//6283 1647//6283 1717//6283
f 2477//6284 2563//6284 2547//6284
f 2415//6285 2563//6285 2477//6285
f 2253//6286 2413//6286 2411//6286
f 2415//6287 2540//6287 2563//6287
f 1733//6288 1585//6288 1710//6288
f 1647//6289 1585//6289 1733//6289
f 2415//6290 2571//6290 2540//6290
f 2413//6291 2571//6291 2415//6291
f 1710//6292 1583//6292 1741//6292
f 1741//6293 1583//6293 1743//6293
f 1585//6294 1583//6294 1710//6294
f 2253//6295 2573//6295 2413//6295
f 2413//6296 2573//6296 2571//6296
f 1913//6297 2573//6297 2253//6297
f 1743//6298 2573//6298 1913//6298
f 2653//6299 2663//6299 2636//6299
f 2653//6300 2717//6300 2663//6300
f 2643//6301 2717//6301 2653//6301
f 1476//6302 1494//6302 1503//6302
f 1503//6303 1494//6303 1557//6303
f 1494//6304 1487//6304 1557//6304
f 1557//6305 1487//6305 1573//6305
f 2643//6306 2733//6306 2717//6306
f 2575//6307 2733//6307 2643//6307
f 2575//6308 2710//6308 2733//6308
f 2573//6309 2710//6309 2575//6309
f 1487//6310 1425//6310 1573//6310
f 1573//6311 1425//6311 1550//6311
f 2573//6312 2741//6312 2710//6312
f 1583//6313 1423//6313 1743//6313
f 1425//6314 1423//6314 1550//6314
f 1550//6315 1423//6315 1581//6315
f 1581//6316 1423//6316 1583//6316
f 2573//6317 2743//6317 2741//6317
f 1343//6318 1316//6318 1397//6318
f 2813//6319 2887//6319 2823//6319
f 2823//6320 2887//6320 2806//6320
f 2806//6321 2887//6321 2833//6321
f 1316//6322 1334//6322 1397//6322
f 1397//6323 1323//6323 1413//6323
f 1334//6324 1323//6324 1397//6324
f 2813//6325 2903//6325 2887//6325
f 2745//6326 2903//6326 2813//6326
f 2745//6327 2880//6327 2903//6327
f 1413//6328 1255//6328 1390//6328
f 1323//6329 1255//6329 1413//6329
f 2745//6330 2911//6330 2880//6330
f 2743//6331 2911//6331 2745//6331
f 1255//6332 1253//6332 1390//6332
f 1390//6333 1253//6333 1421//6333
f 1421//6334 1253//6334 1423//6334
f 2573//6335 2913//6335 2743//6335
f 2743//6336 2913//6336 2911//6336
f 2573//6337 3081//6337 2913//6337
f 1220//6338 1083//6338 1251//6338
f 2913//6339 3050//6339 2915//6339
f 3081//6340 3050//6340 2913//6340
f 1220//6341 1085//6341 1083//6341
f 1243//6342 1085//6342 1220//6342
f 2983//6343 3057//6343 2993//6343
f 2993//6344 3057//6344 2976//6344
f 2976//6345 3057//6345 3003//6345
f 1146//6346 1164//6346 1173//6346
f 1173//6347 1164//6347 1227//6347
f 2983//6348 3073//6348 3057//6348
f 3050//6349 3073//6349 2915//6349
f 2915//6350 3073//6350 2983//6350
f 1243//6351 1153//6351 1085//6351
f 1164//6352 1153//6352 1227//6352
f 1227//6353 1153//6353 1243//6353
f 1083//6354 1081//6354 1251//6354
f 1251//6355 1081//6355 1253//6355
f 3081//6356 3241//6356 3083//6356
f 3083//6357 3241//6357 3085//6357
f 1081//6358 913//6358 1253//6358
f 3241//6359 3210//6359 3085//6359
f 1073//6360 915//6360 1050//6360
f 1050//6361 915//6361 1081//6361
f 1081//6362 915//6362 913//6362
f 3210//6363 3233//6363 3085//6363
f 3085//6364 3233//6364 3147//6364
f 1057//6365 983//6365 1073//6365
f 1073//6366 983//6366 915//6366
f 3233//6367 3217//6367 3147//6367
f 3147//6368 3217//6368 3154//6368
f 3154//6369 3217//6369 3136//6369
f 1003//6370 993//6370 1057//6370
f 1057//6371 993//6371 983//6371
f 3217//6372 3163//6372 3136//6372
f 1003//6373 976//6373 993//6373
f 2573//6374 3243//6374 3081//6374
f 1743//6375 3243//6375 2573//6375
f 1423//6376 3243//6376 1743//6376
f 3081//6377 3243//6377 3241//6377
f 3243//6378 83//6378 81//6378
f 81//6379 50//6379 3243//6379
f 3243//6380 50//6380 3245//6380
f 903//6381 755//6381 880//6381
f 880//6382 755//6382 911//6382
f 911//6383 755//6383 753//6383
f 50//6384 73//6384 3245//6384
f 3245//6385 73//6385 3305//6385
f 887//6386 817//6386 903//6386
f 903//6387 817//6387 755//6387
f 887//6388 824//6388 817//6388
f 833//6389 824//6389 887//6389
f 73//6390 57//6390 3305//6390
f 3305//6391 57//6391 3312//6391
f 1423//6392 593//6392 3243//6392
f 751//6393 593//6393 753//6393
f 911//6394 593//6394 913//6394
f 753//6395 593//6395 911//6395
f 1253//6396 593//6396 1423//6396
f 913//6397 593//6397 1253//6397
f 57//6398 2//6398 3312//6398
f 3312//6399 2//6399 1//6399
f 833//6400 806//6400 824//6400
f 83//6401 253//6401 251//6401
f 3243//6402 591//6402 83//6402
f 83//6403 591//6403 253//6403
f 593//6404 591//6404 3243//6404
f 591//6405 423//6405 253//6405
f 253//6406 423//6406 421//6406
f 83//6407 220//6407 85//6407
f 251//6408 220//6408 83//6408
f 751//6409 595//6409 593//6409
f 743//6410 595//6410 720//6410
f 720//6411 595//6411 751//6411
f 85//6412 243//6412 153//6412
f 220//6413 243//6413 85//6413
f 743//6414 657//6414 595//6414
f 727//6415 657//6415 743//6415
f 727//6416 664//6416 657//6416
f 153//6417 227//6417 163//6417
f 163//6418 227//6418 146//6418
f 243//6419 227//6419 153//6419
f 253//6420 390//6420 255//6420
f 421//6421 390//6421 253//6421
f 583//6422 425//6422 560//6422
f 560//6423 425//6423 591//6423
f 591//6424 425//6424 423//6424
f 673//6425 646//6425 727//6425
f 727//6426 646//6426 664//6426
f 227//6427 173//6427 146//6427
f 255//6428 413//6428 323//6428
f 390//6429 413//6429 255//6429
f 583//6430 493//6430 425//6430
f 583//6431 567//6431 493//6431
f 323//6432 397//6432 333//6432
f 413//6433 397//6433 323//6433
f 567//6434 503//6434 493//6434
f 333//6435 343//6435 316//6435
f 397//6436 343//6436 333//6436
f 513//6437 486//6437 567//6437
f 567//6438 486//6438 503//6438
f 2096//6439 2107//6439 2174//6439
f 2176//6440 2096//6440 2174//6440
f 1926//6441 1937//6441 2004//6441
f 1926//6442 2004//6442 2006//6442
f 2088//6443 2096//6443 2176//6443
f 1918//6444 1926//6444 2006//6444
f 1918//6445 2006//6445 2013//6445
f 2183//6446 2088//6446 2176//6446
f 2183//6447 2086//6447 2088//6447
f 1916//6448 2013//6448 2019//6448
f 1916//6449 1918//6449 2013//6449
f 2189//6450 2086//6450 2183//6450
f 2334//6451 2263//6451 2277//6451
f 1756//6452 1767//6452 1834//6452
f 1756//6453 1834//6453 1836//6453
f 2336//6454 2258//6454 2263//6454
f 2336//6455 2263//6455 2334//6455
f 1748//6456 1836//6456 1843//6456
f 1748//6457 1756//6457 1836//6457
f 2343//6458 2256//6458 2258//6458
f 2343//6459 2258//6459 2336//6459
f 1746//6460 1843//6460 1849//6460
f 1746//6461 1748//6461 1843//6461
f 2349//6462 2256//6462 2343//6462
f 2252//6463 2084//6463 2086//6463
f 2252//6464 2086//6464 2189//6464
f 1914//6465 2019//6465 2082//6465
f 1914//6466 1916//6466 2019//6466
f 2254//6467 2082//6467 2084//6467
f 2254//6468 2084//6468 2252//6468
f 2254//6469 1914//6469 2082//6469
f 2412//6470 2254//6470 2256//6470
f 2412//6471 2256//6471 2349//6471
f 1744//6472 1849//6472 1912//6472
f 1744//6473 1912//6473 1914//6473
f 1744//6474 1746//6474 1849//6474
f 2496//6475 2418//6475 2423//6475
f 2496//6476 2423//6476 2437//6476
f 2496//6477 2437//6477 2494//6477
f 1593//6478 1607//6478 1664//6478
f 1593//6479 1664//6479 1666//6479
f 1588//6480 1666//6480 1673//6480
f 1588//6481 1593//6481 1666//6481
f 2503//6482 2418//6482 2496//6482
f 2503//6483 2416//6483 2418//6483
f 2414//6484 2254//6484 2412//6484
f 2509//6485 2416//6485 2503//6485
f 1586//6486 1673//6486 1679//6486
f 1586//6487 1588//6487 1673//6487
f 2572//6488 2416//6488 2509//6488
f 2572//6489 2414//6489 2416//6489
f 1584//6490 1679//6490 1742//6490
f 1584//6491 1742//6491 1744//6491
f 1584//6492 1586//6492 1679//6492
f 2574//6493 2254//6493 2414//6493
f 2574//6494 2414//6494 2572//6494
f 2574//6495 1914//6495 2254//6495
f 2574//6496 1744//6496 1914//6496
f 2664//6497 2586//6497 2597//6497
f 2666//6498 2586//6498 2664//6498
f 2666//6499 2578//6499 2586//6499
f 1433//6500 1447//6500 1504//6500
f 1433//6501 1504//6501 1506//6501
f 1428//6502 1433//6502 1506//6502
f 1428//6503 1506//6503 1513//6503
f 2673//6504 2578//6504 2666//6504
f 2673//6505 2576//6505 2578//6505
f 2679//6506 2576//6506 2673//6506
f 2679//6507 2574//6507 2576//6507
f 1426//6508 1428//6508 1513//6508
f 1426//6509 1513//6509 1519//6509
f 2742//6510 2574//6510 2679//6510
f 1424//6511 1584//6511 1744//6511
f 1424//6512 1426//6512 1519//6512
f 1424//6513 1519//6513 1582//6513
f 1424//6514 1582//6514 1584//6514
f 2744//6515 2574//6515 2742//6515
f 1277//6516 1344//6516 1346//6516
f 2836//6517 2748//6517 2756//6517
f 2836//6518 2756//6518 2767//6518
f 2836//6519 2767//6519 2834//6519
f 1266//6520 1277//6520 1346//6520
f 1258//6521 1346//6521 1353//6521
f 1258//6522 1266//6522 1346//6522
f 2843//6523 2748//6523 2836//6523
f 2843//6524 2746//6524 2748//6524
f 2849//6525 2746//6525 2843//6525
f 1256//6526 1353//6526 1359//6526
f 1256//6527 1258//6527 1353//6527
f 2912//6528 2746//6528 2849//6528
f 2912//6529 2744//6529 2746//6529
f 1254//6530 1256//6530 1359//6530
f 1254//6531 1359//6531 1422//6531
f 1254//6532 1422//6532 1424//6532
f 2914//6533 2574//6533 2744//6533
f 2914//6534 2744//6534 2912//6534
f 3082//6535 2574//6535 2914//6535
f 1084//6536 1189//6536 1252//6536
f 3019//6537 2914//6537 2916//6537
f 3019//6538 3082//6538 2914//6538
f 1086//6539 1189//6539 1084//6539
f 1086//6540 1183//6540 1189//6540
f 3006//6541 2918//6541 2926//6541
f 3006//6542 2926//6542 2937//6542
f 3006//6543 2937//6543 3004//6543
f 1096//6544 1107//6544 1174//6544
f 1096//6545 1174//6545 1176//6545
f 3013//6546 2918//6546 3006//6546
f 3013//6547 3019//6547 2916//6547
f 3013//6548 2916//6548 2918//6548
f 1088//6549 1183//6549 1086//6549
f 1088//6550 1096//6550 1176//6550
f 1088//6551 1176//6551 1183//6551
f 1082//6552 1084//6552 1252//6552
f 1082//6553 1252//6553 1254//6553
f 3242//6554 3082//6554 3084//6554
f 3242//6555 3084//6555 3086//6555
f 914//6556 1082//6556 1254//6556
f 3179//6557 3242//6557 3086//6557
f 916//6558 1013//6558 1019//6558
f 916//6559 1019//6559 1082//6559
f 916//6560 1082//6560 914//6560
f 3173//6561 3179//6561 3086//6561
f 3173//6562 3086//6562 3088//6562
f 918//6563 1006//6563 1013//6563
f 918//6564 1013//6564 916//6564
f 3166//6565 3173//6565 3088//6565
f 3166//6566 3088//6566 3093//6566
f 3166//6567 3093//6567 3107//6567
f 926//6568 1004//6568 1006//6568
f 926//6569 1006//6569 918//6569
f 3164//6570 3166//6570 3107//6570
f 937//6571 1004//6571 926//6571
f 3244//6572 2574//6572 3082//6572
f 3244//6573 1744//6573 2574//6573
f 3244//6574 1424//6574 1744//6574
f 3244//6575 3082//6575 3242//6575
f 84//6576 3244//6576 82//6576
f 19//6577 82//6577 3244//6577
f 19//6578 3244//6578 3246//6578
f 756//6579 843//6579 849//6579
f 756//6580 849//6580 912//6580
f 756//6581 912//6581 754//6581
f 13//6582 19//6582 3246//6582
f 13//6583 3246//6583 3248//6583
f 758//6584 836//6584 843//6584
f 758//6585 843//6585 756//6585
f 763//6586 836//6586 758//6586
f 763//6587 834//6587 836//6587
f 6//6588 13//6588 3248//6588
f 6//6589 3248//6589 3253//6589
f 594//6590 1424//6590 3244//6590
f 594//6591 752//6591 754//6591
f 594//6592 912//6592 914//6592
f 594//6593 754//6593 912//6593
f 594//6594 1254//6594 1424//6594
f 594//6595 914//6595 1254//6595
f 4//6596 6//6596 3253//6596
f 4//6597 3253//6597 3//6597
f 777//6598 834//6598 763//6598
f 254//6599 84//6599 252//6599
f 592//6600 3244//6600 84//6600
f 592//6601 84//6601 254//6601
f 592//6602 594//6602 3244//6602
f 424//6603 592//6603 254//6603
f 424//6604 254//6604 422//6604
f 189//6605 84//6605 86//6605
f 189//6606 252//6606 84//6606
f 596//6607 752//6607 594//6607
f 596//6608 683//6608 689//6608
f 596//6609 689//6609 752//6609
f 183//6610 86//6610 88//6610
f 183//6611 189//6611 86//6611
f 598//6612 683//6612 596//6612
f 598//6613 676//6613 683//6613
f 603//6614 676//6614 598//6614
f 176//6615 88//6615 96//6615
f 176//6616 96//6616 107//6616
f 176//6617 183//6617 88//6617
f 359//6618 254//6618 256//6618
f 359//6619 422//6619 254//6619
f 426//6620 523//6620 529//6620
f 426//6621 529//6621 592//6621
f 426//6622 592//6622 424//6622
f 617//6623 674//6623 676//6623
f 617//6624 676//6624 603//6624
f 174//6625 176//6625 107//6625
f 353//6626 256//6626 258//6626
f 353//6627 359//6627 256//6627
f 428//6628 523//6628 426//6628
f 516//6629 523//6629 428//6629
f 346//6630 258//6630 266//6630
f 346//6631 353//6631 258//6631
f 436//6632 516//6632 428//6632
f 344//6633 266//6633 277//6633
f 344//6634 346//6634 266//6634
f 447//6635 514//6635 516//6635
f 447//6636 516//6636 436//6636
