# File generated by ImageToStl.com - Free Image and 3D model conversion tools

mtllib gear_2.mtl

o obj1
v -103.69999695 60.31648254 -7.48351622
v -103.67923737 60.31648254 -6.30083561
v -102.47929382 60.31648254 -6.32351589
v -102.5 60.31648254 -7.48351622
v -103.61698914 60.31648254 -5.11961174
v -102.41719055 60.31648254 -5.16499281
v -103.51332092 60.31648254 -3.94130039
v -102.31378174 60.31648254 -4.00942516
v -103.36837006 60.31648254 -2.76735306
v -102.16919708 60.31648254 -2.858284
v -103.18229675 60.31648254 -1.59921587
v -101.98361206 60.31648254 -1.71303761
v -102.95535278 60.31648254 -0.43832815
v -101.75727081 60.31648254 -0.57514453
v -102.68780518 60.31648254 0.71387994
v -101.49046326 60.31648254 0.55394477
v -102.37998962 60.31648254 1.85598874
v -101.18351746 60.31648254 1.67279172
v -102.03227997 60.31648254 2.98659134
v -100.83683777 60.31648254 2.77997017
v -101.64511108 60.31648254 4.10429525
v -100.4508667 60.31648254 3.87406945
v -101.21894836 60.31648254 5.20772266
v -100.0260849 60.31648254 4.95369482
v -100.75431824 60.31648254 6.29551458
v -99.56303406 60.31648254 6.01747131
v -100.25180817 60.31648254 7.36633062
v -99.06231689 60.31648254 7.06404257
v -99.7120285 60.31648254 8.41885185
v -98.52456665 60.31648254 8.09207535
v -99.13565063 60.31648254 9.45178127
v -97.95045471 60.31648254 9.10025978
v -98.52336121 60.31648254 10.46384716
v -97.34073639 60.31648254 10.08730984
v -97.87593842 60.31648254 11.45380116
v -96.69617462 60.31648254 11.05196953
v -97.19417572 60.31648254 12.42042542
v -96.01759338 60.31648254 11.99300766
v -96.47891235 60.31648254 13.36252689
v -95.3058548 60.31648254 12.90922642
v -95.73101807 60.31648254 14.27894688
v -94.56185913 60.31648254 13.79945755
v -94.95143127 60.31648254 15.16855431
v -93.78657532 60.31648254 14.66256618
v -94.14109039 60.31648254 16.03025627
v -92.98096466 60.31648254 15.49745464
v -93.30101776 60.31648254 16.86298943
v -92.14608002 60.31648254 16.30305481
v -92.43224335 60.31648254 17.66572762
v -91.28297424 60.31648254 17.07834435
v -91.53582764 60.31648254 18.43748093
v -90.39274597 60.31648254 17.82233429
v -90.61287689 60.31648254 19.1772995
v -89.47653198 60.31648254 18.53407288
v -89.66453552 60.31648254 19.88427353
v -88.53549194 60.31648254 19.21265793
v -88.69197083 60.31648254 20.55752945
v -87.5708313 60.31648254 19.85722351
v -87.69637299 60.31648254 21.19623947
v -86.58377838 60.31648254 20.46694565
v -86.67897034 60.31648254 21.79961777
v -85.64102173 60.31648254 22.36691666
v -85.57559204 60.31648254 21.04104996
v -84.5838089 60.31648254 22.89744186
v -84.54756165 60.31648254 21.57880592
v -83.50862122 60.31648254 23.39053726
v -83.50098419 60.31648254 22.07952309
v -82.41679382 60.31648254 23.84559441
v -82.43721008 60.31648254 22.54256821
v -81.30966949 60.31648254 24.26205635
v -81.35758209 60.31648254 22.96735001
v -80.18860626 60.31648254 24.6394062
v -80.26348877 60.31648254 23.3533268
v -79.05500793 60.31648254 24.97718048
v -79.15631104 60.31648254 23.70000648
v -77.91024017 60.31648254 25.27496529
v -78.03746033 60.31648254 24.00694656
v -76.75572205 60.31648254 25.53239059
v -76.90837097 60.31648254 24.27375603
v -75.59288788 60.31648254 25.74914169
v -75.77047729 60.31648254 24.50009918
v -74.42316437 60.31648254 25.92494965
v -74.62523651 60.31648254 24.68568039
v -73.24799347 60.31648254 26.05959892
v -73.47409058 60.31648254 24.83026695
v -72.06881714 60.31648254 26.15292358
v -72.31852722 60.31648254 24.93367767
v -70.88708496 60.31648254 26.20480537
v -71.16000366 60.31648254 24.99577522
v -69.70427704 60.31648254 26.21518707
v -70 60.31648254 25.01648331
v -68.52182007 60.31648254 26.1840477
v -68.83999634 60.31648254 24.99577522
v -67.34118652 60.31648254 26.11143303
v -67.68147278 60.31648254 24.93367767
v -66.16383362 60.31648254 25.9974308
v -66.52590942 60.31648254 24.83026695
v -64.99120331 60.31648254 25.84217834
v -65.37476349 60.31648254 24.68568039
v -63.82473755 60.31648254 25.6458683
v -64.22952271 60.31648254 24.50009918
v -62.66589355 60.31648254 25.40874481
v -63.09162521 60.31648254 24.27375603
v -61.51607513 60.31648254 25.13109589
v -61.96253967 60.31648254 24.00694656
v -60.37670898 60.31648254 24.81326866
v -60.84369278 60.31648254 23.70000648
v -59.24919891 60.31648254 24.45565033
v -59.73651505 60.31648254 23.3533268
v -58.1349411 60.31648254 24.0586834
v -58.64241791 60.31648254 22.96735001
v -57.03529358 60.31648254 23.62285614
v -57.56278992 60.31648254 22.54256821
v -55.95162201 60.31648254 23.14870644
v -56.49901581 60.31648254 22.07952309
v -54.88525772 60.31648254 22.63681602
v -55.45244217 60.31648254 21.57880592
v -53.83751297 60.31648254 22.08782196
v -54.42440796 60.31648254 21.04104996
v -52.80968094 60.31648254 21.50239182
v -53.41622162 60.31648254 20.46694565
v -51.80302429 60.31648254 20.8812542
v -52.42917633 60.31648254 19.85722351
v -50.81879044 60.31648254 20.22517014
v -51.46451569 60.31648254 19.21265793
v -49.85818863 60.31648254 19.53494835
v -50.52347565 60.31648254 18.53407288
v -48.92240143 60.31648254 18.81143951
v -49.60725784 60.31648254 17.82233429
v -48.01257706 60.31648254 18.05553627
v -48.71702576 60.31648254 17.07834435
v -47.12984467 60.31648254 17.2681694
v -47.85391998 60.31648254 16.30305481
v -46.27528763 60.31648254 16.45030785
v -47.01902771 60.31648254 15.49745464
v -45.4499588 60.31648254 15.60296154
v -46.21342468 60.31648254 14.66256618
v -44.65487671 60.31648254 14.7271719
v -45.43813705 60.31648254 13.79945755
v -43.89102173 60.31648254 13.82401848
v -44.69415283 60.31648254 12.90922642
v -43.15932846 60.31648254 12.89461327
v -43.98241043 60.31648254 11.99300766
v -42.4607048 60.31648254 11.94010544
v -43.30382538 60.31648254 11.05196953
v -41.79600525 60.31648254 10.96166515
v -42.6592598 60.31648254 10.08730984
v -41.16605759 60.31648254 9.96050072
v -42.04953766 60.31648254 9.10025978
v -40.57163239 60.31648254 8.93784618
v -41.47543335 60.31648254 8.09207535
v -40.01346207 60.31648254 7.89495945
v -40.93767548 60.31648254 7.06404257
v -39.49223328 60.31648254 6.83312798
v -40.43695831 60.31648254 6.01747131
v -39.00859451 60.31648254 5.75365734
v -39.9739151 60.31648254 4.95369482
v -38.56313324 60.31648254 4.65787888
v -39.5491333 60.31648254 3.87406945
v -38.15640259 60.31648254 3.54714203
v -39.16315842 60.31648254 2.77997017
v -37.7889061 60.31648254 2.4228158
v -38.81647873 60.31648254 1.67279172
v -37.46109009 60.31648254 1.28628504
v -38.50953674 60.31648254 0.55394477
v -37.17336273 60.31648254 0.13894981
v -38.24272537 60.31648254 -0.57514453
v -36.9260788 60.31648254 -1.01777625
v -38.01638794 60.31648254 -1.71303761
v -36.71954346 60.31648254 -2.18246794
v -37.83080292 60.31648254 -2.858284
v -36.55400467 60.31648254 -3.35369086
v -37.68621445 60.31648254 -4.00942516
v -36.42967606 60.31648254 -4.53000116
v -37.58280563 60.31648254 -5.16499281
v -36.34670258 60.31648254 -5.70995092
v -37.52070999 60.31648254 -6.32351589
v -36.30519104 60.31648254 -6.89208508
v -37.5 60.31648254 -7.48351622
v -36.30519104 60.31648254 -8.07494831
v -36.34670258 60.31648254 -9.25708199
v -37.52070999 60.31648254 -8.64351749
v -36.42967606 60.31648254 -10.43703175
v -37.58280563 60.31648254 -9.8020401
v -36.55400467 60.31648254 -11.61334229
v -37.68621445 60.31648254 -10.95760822
v -36.71954346 60.31648254 -12.78456497
v -37.83080292 60.31648254 -12.10874939
v -36.9260788 60.31648254 -13.9492569
v -38.01638794 60.31648254 -13.25399494
v -37.17336273 60.31648254 -15.10598278
v -38.24272537 60.31648254 -14.39188862
v -37.46109009 60.31648254 -16.25331688
v -38.50953674 60.31648254 -15.52097797
v -37.7889061 60.31648254 -17.38984871
v -38.81647873 60.31648254 -16.63982582
v -38.15640259 60.31648254 -18.51417542
v -39.16315842 60.31648254 -17.74700356
v -38.56313324 60.31648254 -19.62491226
v -39.5491333 60.31648254 -18.8411026
v -39.00859451 60.31648254 -20.72068977
v -39.9739151 60.31648254 -19.92072868
v -39.49223328 60.31648254 -21.80015945
v -40.43695831 60.31648254 -20.9845047
v -40.01346207 60.31648254 -22.86199379
v -40.93767548 60.31648254 -22.03107643
v -40.57163239 60.31648254 -23.90487862
v -41.47543335 60.31648254 -23.05910873
v -41.16605759 60.31648254 -24.9275322
v -42.04953766 60.31648254 -24.06729126
v -41.79600525 60.31648254 -25.92869759
v -42.6592598 60.31648254 -25.05434227
v -42.4607048 60.31648254 -26.90713692
v -43.30382538 60.31648254 -26.01900101
v -43.15932846 60.31648254 -27.86164856
v -43.98241043 60.31648254 -26.96004105
v -43.89102173 60.31648254 -28.79104996
v -44.69415283 60.31648254 -27.87626076
v -44.65487671 60.31648254 -29.69420433
v -45.43813705 60.31648254 -28.76649094
v -45.4499588 60.31648254 -30.56999397
v -46.21342468 60.31648254 -29.62960052
v -46.27528763 60.31648254 -31.41734123
v -47.01902771 60.31648254 -30.46448708
v -47.12984467 60.31648254 -32.23520279
v -47.85391998 60.31648254 -31.2700882
v -48.01257706 60.31648254 -33.02257156
v -48.71702576 60.31648254 -32.04537964
v -48.92240143 60.31648254 -33.7784729
v -49.60725784 60.31648254 -32.78936768
v -49.85818863 60.31648254 -34.50198364
v -50.52347565 60.31648254 -33.50110626
v -50.81879044 60.31648254 -35.19219971
v -51.46451569 60.31648254 -34.17969131
v -51.80302429 60.31648254 -35.84828568
v -52.42917633 60.31648254 -34.8242569
v -52.80968094 60.31648254 -36.4694252
v -53.41622162 60.31648254 -35.43397903
v -53.83751297 60.31648254 -37.05485535
v -54.42440796 60.31648254 -36.00808334
v -54.88525772 60.31648254 -37.60385132
v -55.45244217 60.31648254 -36.5458374
v -55.95162201 60.31648254 -38.11573792
v -56.49901581 60.31648254 -37.04655457
v -57.03529358 60.31648254 -38.58988953
v -57.56278992 60.31648254 -37.50960159
v -58.1349411 60.31648254 -39.02571869
v -58.64241791 60.31648254 -37.93438339
v -59.24919891 60.31648254 -39.42268372
v -59.73651505 60.31648254 -38.32035828
v -60.37670898 60.31648254 -39.78030396
v -60.84369278 60.31648254 -38.66703796
v -61.51607513 60.31648254 -40.09812927
v -61.96253967 60.31648254 -38.97397995
v -62.66589355 60.31648254 -40.3757782
v -63.09162521 60.31648254 -39.24079132
v -63.82473755 60.31648254 -40.61290359
v -64.22952271 60.31648254 -39.46712875
v -64.99120331 60.31648254 -40.80921173
v -65.37476349 60.31648254 -39.65271378
v -66.16383362 60.31648254 -40.96446609
v -66.52590942 60.31648254 -39.79730225
v -67.34118652 60.31648254 -41.07846832
v -67.68147278 60.31648254 -39.90071106
v -68.52182007 60.31648254 -41.15108109
v -68.83999634 60.31648254 -39.96281052
v -69.70427704 60.31648254 -41.18221664
v -70 60.31648254 -39.98351669
v -70.88708496 60.31648254 -41.17183685
v -71.16000366 60.31648254 -39.96281052
v -72.06881714 60.31648254 -41.11995697
v -72.31852722 60.31648254 -39.90071106
v -73.24799347 60.31648254 -41.0266304
v -73.47409058 60.31648254 -39.79730225
v -74.42316437 60.31648254 -40.89198303
v -74.62523651 60.31648254 -39.65271378
v -75.59288788 60.31648254 -40.71617508
v -75.77047729 60.31648254 -39.46712875
v -76.75572205 60.31648254 -40.49942398
v -76.90837097 60.31648254 -39.24079132
v -77.91024017 60.31648254 -40.24200058
v -78.03746033 60.31648254 -38.97397995
v -79.05500793 60.31648254 -39.94421387
v -79.15631104 60.31648254 -38.66703796
v -80.18860626 60.31648254 -39.6064415
v -80.26348877 60.31648254 -38.32035828
v -81.30966949 60.31648254 -39.22908783
v -81.35758209 60.31648254 -37.93438339
v -82.41679382 60.31648254 -38.8126297
v -82.43721008 60.31648254 -37.50960159
v -83.50862122 60.31648254 -38.35757065
v -83.50098419 60.31648254 -37.04655457
v -84.5838089 60.31648254 -37.86447144
v -84.54756165 60.31648254 -36.5458374
v -85.64102173 60.31648254 -37.33395004
v -85.57559204 60.31648254 -36.00808334
v -86.67897034 60.31648254 -36.76665115
v -86.58377838 60.31648254 -35.43397903
v -87.69637299 60.31648254 -36.16327286
v -88.69197083 60.31648254 -35.52456284
v -87.5708313 60.31648254 -34.8242569
v -89.66453552 60.31648254 -34.85130692
v -88.53549194 60.31648254 -34.17969131
v -90.61287689 60.31648254 -34.14433289
v -89.47653198 60.31648254 -33.50110626
v -91.53582764 60.31648254 -33.40451431
v -90.39274597 60.31648254 -32.78936768
v -92.43224335 60.31648254 -32.63275909
v -91.28297424 60.31648254 -32.04537964
v -93.30101776 60.31648254 -31.83002281
v -92.14608002 60.31648254 -31.2700882
v -94.14109039 60.31648254 -30.99729156
v -92.98096466 60.31648254 -30.46448708
v -94.95143127 60.31648254 -30.1355896
v -93.78657532 60.31648254 -29.62960052
v -95.73101807 60.31648254 -29.24597931
v -94.56185913 60.31648254 -28.76649094
v -96.47891235 60.31648254 -28.32956123
v -95.3058548 60.31648254 -27.87626076
v -97.19417572 60.31648254 -27.38745689
v -96.01759338 60.31648254 -26.96004105
v -97.87593842 60.31648254 -26.42083359
v -96.69617462 60.31648254 -26.01900101
v -98.52336121 60.31648254 -25.43087959
v -97.34073639 60.31648254 -25.05434227
v -99.13565063 60.31648254 -24.41881371
v -97.95045471 60.31648254 -24.06729126
v -99.7120285 60.31648254 -23.38588524
v -98.52456665 60.31648254 -23.05910873
v -100.25180817 60.31648254 -22.33336449
v -99.06231689 60.31648254 -22.03107643
v -100.75431824 60.31648254 -21.26254845
v -99.56303406 60.31648254 -20.9845047
v -101.21894836 60.31648254 -20.1747551
v -100.0260849 60.31648254 -19.92072868
v -101.64511108 60.31648254 -19.07132912
v -100.4508667 60.31648254 -18.8411026
v -102.03227997 60.31648254 -17.95362473
v -100.83683777 60.31648254 -17.74700356
v -102.37998962 60.31648254 -16.82302284
v -101.18351746 60.31648254 -16.63982582
v -102.68780518 60.31648254 -15.68091297
v -101.49046326 60.31648254 -15.52097797
v -102.95535278 60.31648254 -14.52870464
v -101.75727081 60.31648254 -14.39188862
v -103.18229675 60.31648254 -13.36781693
v -101.98361206 60.31648254 -13.25399494
v -103.36837006 60.31648254 -12.19967937
v -102.16919708 60.31648254 -12.10874939
v -103.51332092 60.31648254 -11.02573299
v -102.31378174 60.31648254 -10.95760822
v -103.61698914 60.31648254 -9.84742069
v -102.41719055 60.31648254 -9.8020401
v -103.67923737 60.31648254 -8.66619682
v -102.47929382 60.31648254 -8.64351749
v -37.52070999 59.91648102 -6.32351589
v -37.5 59.91648102 -7.48351622
v -37.52070999 59.91648102 -8.64351749
v -37.58280563 59.91648102 -9.8020401
v -37.68621445 59.91648102 -10.95760822
v -37.83080292 59.91648102 -12.10874939
v -38.01638794 59.91648102 -13.25399494
v -38.24272537 59.91648102 -14.39188862
v -38.50953674 59.91648102 -15.52097797
v -38.81647873 59.91648102 -16.63982582
v -39.16315842 59.91648102 -17.74700356
v -39.5491333 59.91648102 -18.8411026
v -39.9739151 59.91648102 -19.92072868
v -40.43695831 59.91648102 -20.9845047
v -40.93767548 59.91648102 -22.03107643
v -41.47543335 59.91648102 -23.05910873
v -42.04953766 59.91648102 -24.06729126
v -42.6592598 59.91648102 -25.05434227
v -43.30382538 59.91648102 -26.01900101
v -43.98241043 59.91648102 -26.96004105
v -44.69415283 59.91648102 -27.87626076
v -45.43813705 59.91648102 -28.76649094
v -46.21342468 59.91648102 -29.62960052
v -47.01902771 59.91648102 -30.46448708
v -47.85391998 59.91648102 -31.2700882
v -48.71702576 59.91648102 -32.04537964
v -49.60725784 59.91648102 -32.78936768
v -50.52347565 59.91648102 -33.50110626
v -51.46451569 59.91648102 -34.17969131
v -52.42917633 59.91648102 -34.8242569
v -53.41622162 59.91648102 -35.43397903
v -54.42440796 59.91648102 -36.00808334
v -55.45244217 59.91648102 -36.5458374
v -56.49901581 59.91648102 -37.04655457
v -57.56278992 59.91648102 -37.50960159
v -58.64241791 59.91648102 -37.93438339
v -59.73651505 59.91648102 -38.32035828
v -60.84369278 59.91648102 -38.66703796
v -61.96253967 59.91648102 -38.97397995
v -63.09162521 59.91648102 -39.24079132
v -64.22952271 59.91648102 -39.46712875
v -65.37476349 59.91648102 -39.65271378
v -66.52590942 59.91648102 -39.79730225
v -67.68147278 59.91648102 -39.90071106
v -68.83999634 59.91648102 -39.96281052
v -70 59.91648102 -39.98351669
v -71.16000366 59.91648102 -39.96281052
v -72.31852722 59.91648102 -39.90071106
v -73.47409058 59.91648102 -39.79730225
v -74.62523651 59.91648102 -39.65271378
v -75.77047729 59.91648102 -39.46712875
v -76.90837097 59.91648102 -39.24079132
v -78.03746033 59.91648102 -38.97397995
v -79.15631104 59.91648102 -38.66703796
v -80.26348877 59.91648102 -38.32035828
v -81.35758209 59.91648102 -37.93438339
v -82.43721008 59.91648102 -37.50960159
v -83.50098419 59.91648102 -37.04655457
v -84.54756165 59.91648102 -36.5458374
v -85.57559204 59.91648102 -36.00808334
v -86.58377838 59.91648102 -35.43397903
v -87.5708313 59.91648102 -34.8242569
v -88.53549194 59.91648102 -34.17969131
v -89.47653198 59.91648102 -33.50110626
v -90.39274597 59.91648102 -32.78936768
v -91.28297424 59.91648102 -32.04537964
v -92.14608002 59.91648102 -31.2700882
v -92.98096466 59.91648102 -30.46448708
v -93.78657532 59.91648102 -29.62960052
v -94.56185913 59.91648102 -28.76649094
v -95.3058548 59.91648102 -27.87626076
v -96.01759338 59.91648102 -26.96004105
v -96.69617462 59.91648102 -26.01900101
v -97.34073639 59.91648102 -25.05434227
v -97.95045471 59.91648102 -24.06729126
v -98.52456665 59.91648102 -23.05910873
v -99.06231689 59.91648102 -22.03107643
v -99.56303406 59.91648102 -20.9845047
v -100.0260849 59.91648102 -19.92072868
v -100.4508667 59.91648102 -18.8411026
v -100.83683777 59.91648102 -17.74700356
v -101.18351746 59.91648102 -16.63982582
v -101.49046326 59.91648102 -15.52097797
v -101.75727081 59.91648102 -14.39188862
v -101.98361206 59.91648102 -13.25399494
v -102.16919708 59.91648102 -12.10874939
v -102.31378174 59.91648102 -10.95760822
v -102.41719055 59.91648102 -9.8020401
v -102.47929382 59.91648102 -8.64351749
v -102.5 59.91648102 -7.48351622
v -102.47929382 59.91648102 -6.32351589
v -102.41719055 59.91648102 -5.16499281
v -102.31378174 59.91648102 -4.00942516
v -102.16919708 59.91648102 -2.858284
v -101.98361206 59.91648102 -1.71303761
v -101.75727081 59.91648102 -0.57514453
v -101.49046326 59.91648102 0.55394477
v -101.18351746 59.91648102 1.67279172
v -100.83683777 59.91648102 2.77997017
v -100.4508667 59.91648102 3.87406945
v -100.0260849 59.91648102 4.95369482
v -99.56303406 59.91648102 6.01747131
v -99.06231689 59.91648102 7.06404257
v -98.52456665 59.91648102 8.09207535
v -97.95045471 59.91648102 9.10025978
v -97.34073639 59.91648102 10.08730984
v -96.69617462 59.91648102 11.05196953
v -96.01759338 59.91648102 11.99300766
v -95.3058548 59.91648102 12.90922642
v -94.56185913 59.91648102 13.79945755
v -93.78657532 59.91648102 14.66256618
v -92.98096466 59.91648102 15.49745464
v -92.14608002 59.91648102 16.30305481
v -91.28297424 59.91648102 17.07834435
v -90.39274597 59.91648102 17.82233429
v -89.47653198 59.91648102 18.53407288
v -88.53549194 59.91648102 19.21265793
v -87.5708313 59.91648102 19.85722351
v -86.58377838 59.91648102 20.46694565
v -85.57559204 59.91648102 21.04104996
v -84.54756165 59.91648102 21.57880592
v -83.50098419 59.91648102 22.07952309
v -82.43721008 59.91648102 22.54256821
v -81.35758209 59.91648102 22.96735001
v -80.26348877 59.91648102 23.3533268
v -79.15631104 59.91648102 23.70000648
v -78.03746033 59.91648102 24.00694656
v -76.90837097 59.91648102 24.27375603
v -75.77047729 59.91648102 24.50009918
v -74.62523651 59.91648102 24.68568039
v -73.47409058 59.91648102 24.83026695
v -72.31852722 59.91648102 24.93367767
v -71.16000366 59.91648102 24.99577522
v -70 59.91648102 25.01648331
v -68.83999634 59.91648102 24.99577522
v -67.68147278 59.91648102 24.93367767
v -66.52590942 59.91648102 24.83026695
v -65.37476349 59.91648102 24.68568039
v -64.22952271 59.91648102 24.50009918
v -63.09162521 59.91648102 24.27375603
v -61.96253967 59.91648102 24.00694656
v -60.84369278 59.91648102 23.70000648
v -59.73651505 59.91648102 23.3533268
v -58.64241791 59.91648102 22.96735001
v -57.56278992 59.91648102 22.54256821
v -56.49901581 59.91648102 22.07952309
v -55.45244217 59.91648102 21.57880592
v -54.42440796 59.91648102 21.04104996
v -53.41622162 59.91648102 20.46694565
v -52.42917633 59.91648102 19.85722351
v -51.46451569 59.91648102 19.21265793
v -50.52347565 59.91648102 18.53407288
v -49.60725784 59.91648102 17.82233429
v -48.71702576 59.91648102 17.07834435
v -47.85391998 59.91648102 16.30305481
v -47.01902771 59.91648102 15.49745464
v -46.21342468 59.91648102 14.66256618
v -45.43813705 59.91648102 13.79945755
v -44.69415283 59.91648102 12.90922642
v -43.98241043 59.91648102 11.99300766
v -43.30382538 59.91648102 11.05196953
v -42.6592598 59.91648102 10.08730984
v -42.04953766 59.91648102 9.10025978
v -41.47543335 59.91648102 8.09207535
v -40.93767548 59.91648102 7.06404257
v -40.43695831 59.91648102 6.01747131
v -39.9739151 59.91648102 4.95369482
v -39.5491333 59.91648102 3.87406945
v -39.16315842 59.91648102 2.77997017
v -38.81647873 59.91648102 1.67279172
v -38.50953674 59.91648102 0.55394477
v -38.24272537 59.91648102 -0.57514453
v -38.01638794 59.91648102 -1.71303761
v -37.83080292 59.91648102 -2.858284
v -37.68621445 59.91648102 -4.00942516
v -37.58280563 59.91648102 -5.16499281
v -83.69278717 59.91648102 23.30929756
v -84.76752472 59.91648102 22.80856895
v -83.8212204 59.91648102 23.32973099
v -83.94503784 59.91648102 23.36951256
v -84.06132507 59.91648102 23.42771721
v -84.16738892 59.91648102 23.50298119
v -84.26071167 59.91648102 23.5935421
v -84.33913422 59.91648102 23.69728088
v -85.82396698 59.91648102 22.27033997
v -85.2101593 59.91648102 25.05397606
v -86.75544739 59.91648102 22.3236866
v -86.79337311 59.91648102 22.44854927
v -86.86082458 59.91648102 21.6952858
v -86.80131531 59.91648102 21.81142616
v -86.76029205 59.91648102 21.93530273
v -86.7387085 59.91648102 22.06400299
v -86.73707581 59.91648102 22.19448853
v -87.37903595 59.91648102 23.95083618
v -85.6206131 59.91648102 25.36923981
v -85.49899292 59.91648102 25.318367
v -85.38791656 59.91648102 25.24737167
v -87.41599274 59.91648102 24.07652855
v -87.39383698 59.91648102 24.46509552
v -86.23518372 59.91648102 25.56603241
v -87.43096161 59.91648102 24.20668411
v -87.42350769 59.91648102 24.33748436
v -87.19603729 59.91648102 25.07387161
v -86.36488342 59.91648102 25.59542656
v -87.14409637 59.91648102 25.19630051
v -87.07175446 59.91648102 25.30788231
v -86.98117065 59.91648102 25.40525055
v -86.87509155 59.91648102 25.48546028
v -86.75673676 59.91648102 25.54608917
v -86.62965393 59.91648102 25.58530045
v -86.49771118 59.91648102 25.60191345
v -85.2906723 59.91648102 25.15835953
v -88.34126282 59.91648102 20.78816414
v -89.32443237 59.91648102 20.12547302
v -88.47131348 59.91648102 20.78824997
v -88.599823 59.91648102 20.80817795
v -88.72379303 59.91648102 20.84747314
v -88.84031677 59.91648102 20.90521812
v -88.94667053 59.91648102 20.98006439
v -89.04034424 59.91648102 21.07025909
v -90.28367615 59.91648102 19.42860794
v -90.11287689 59.91648102 22.27399063
v -91.21203613 59.91648102 19.33557892
v -91.26902771 59.91648102 19.45297432
v -91.21781158 59.91648102 18.69843102
v -91.17720795 59.91648102 18.82244873
v -91.15606689 59.91648102 18.95122147
v -91.15487671 59.91648102 19.08171272
v -91.1736908 59.91648102 19.21084595
v -92.08248138 59.91648102 20.84514618
v -90.56759644 59.91648102 22.52116394
v -90.43952179 59.91648102 22.48994637
v -90.31869507 59.91648102 22.43720055
v -92.13865662 59.91648102 20.96351242
v -92.17755127 59.91648102 21.35076141
v -91.2053833 59.91648102 22.61939621
v -92.17379761 59.91648102 21.08972168
v -92.18688965 59.91648102 21.22007751
v -92.07741547 59.91648102 21.98298264
v -91.33808899 59.91648102 22.62813759
v -92.04528046 59.91648102 22.11202812
v -91.99127197 59.91648102 22.23355484
v -91.91703796 59.91648102 22.34389496
v -91.82481384 59.91648102 22.43971062
v -91.71739197 59.91648102 22.51810837
v -91.59801483 59.91648102 22.57671738
v -91.47029877 59.91648102 22.61376572
v -90.2087326 59.91648102 22.36449814
v -92.53811646 59.91648102 17.5708847
v -93.40551758 59.91648102 16.76255417
v -92.6665802 59.91648102 17.55062866
v -92.79663086 59.91648102 17.55020523
v -92.92521667 59.91648102 17.56962395
v -93.04933167 59.91648102 17.60843086
v -93.16608429 59.91648102 17.66571999
v -93.27272034 59.91648102 17.74014664
v -96.2421875 59.91648102 17.04191208
v -94.52035522 59.91648102 18.76128006
v -96.316185 59.91648102 17.15003204
v -96.41518402 59.91648102 17.52642822
v -96.37063599 59.91648102 17.26919174
v -94.24393463 59.91648102 15.92420959
v -95.22096252 59.91648102 15.79413223
v -95.05234528 59.91648102 15.05689144
v -95.03164673 59.91648102 15.1857338
v -95.03089905 59.91648102 15.31622887
v -95.05014038 59.91648102 15.44529819
v -95.08892059 59.91648102 15.56990051
v -95.14631653 59.91648102 15.6870985
v -96.40396881 59.91648102 17.395895
v -96.41518402 59.91648102 18.16653061
v -95.65345001 59.91648102 18.93152428
v -95.00814819 59.91648102 18.93427658
v -96.40362549 59.91648102 18.29901505
v -96.36929321 59.91648102 18.42749596
v -96.31324005 59.91648102 18.54808998
v -96.23714447 59.91648102 18.65715218
v -96.14330292 59.91648102 18.75139046
v -96.03456116 59.91648102 18.82795143
v -95.91421509 59.91648102 18.8845253
v -95.78588867 59.91648102 18.91940117
v -94.87675476 59.91648102 18.92347717
v -94.74917603 59.91648102 18.89028168
v -94.62919617 59.91648102 18.83567619
v -96.18000793 59.91648102 13.7366848
v -96.91027832 59.91648102 12.80261517
v -96.30371857 59.91648102 13.69658279
v -96.43209839 59.91648102 13.6758194
v -96.56213379 59.91648102 13.6748848
v -96.69081116 59.91648102 13.69379807
v -96.81507874 59.91648102 13.73211765
v -99.75572205 59.91648102 12.63478088
v -96.93205261 59.91648102 13.78894424
v -99.97089386 59.91648102 12.95909786
v -100.00239563 59.91648102 13.08626938
v -98.32405853 59.91648102 14.60233498
v -100.1025238 59.91648102 13.71849155
v -98.832901 59.91648102 14.69689369
v -98.44319153 59.91648102 14.65878868
v -98.57024384 59.91648102 14.69395256
v -98.70144653 59.91648102 14.70678139
v -97.60723114 59.91648102 11.84343433
v -98.55187988 59.91648102 11.56211662
v -98.27000427 59.91648102 10.86033058
v -98.26971436 59.91648102 10.99082756
v -98.28939819 59.91648102 11.11983109
v -98.32859039 59.91648102 11.24430084
v -98.38638306 59.91648102 11.36130238
v -98.46139526 59.91648102 11.46808052
v -99.84572601 59.91648102 12.72999382
v -99.91815186 59.91648102 12.83916664
v -100.11183167 59.91648102 13.85115242
v -99.46983337 59.91648102 14.59322834
v -100.09803009 59.91648102 13.98342133
v -100.06152344 59.91648102 14.11129951
v -100.0034256 59.91648102 14.23092461
v -99.92547607 59.91648102 14.33868027
v -99.83006287 59.91648102 14.4313097
v -99.72003937 59.91648102 14.50601482
v -99.59873962 59.91648102 14.56053638
v -99.17726135 59.91648102 9.37997246
v -99.75241852 59.91648102 8.34316444
v -99.29317474 59.91648102 9.32101154
v -99.41672516 59.91648102 9.28042221
v -99.54502106 59.91648102 9.25915527
v -99.67505646 59.91648102 9.25770855
v -99.80378723 59.91648102 9.27611542
v -102.53658295 59.91648102 7.73226929
v -99.92821503 59.91648102 9.31394482
v -102.79982758 59.91648102 8.0189352
v -102.85083771 59.91648102 8.1396122
v -101.43032837 59.91648102 9.89956093
v -103.04863739 59.91648102 8.74838734
v -101.94770813 59.91648102 9.91335583
v -101.55682373 59.91648102 9.93668461
v -101.81941223 59.91648102 9.94368649
v -100.29074097 59.91648102 7.28676605
v -101.17974854 59.91648102 6.86113548
v -100.79156494 59.91648102 6.21208477
v -100.81169128 59.91648102 6.34102058
v -100.8513031 59.91648102 6.46535587
v -100.90950012 59.91648102 6.58216095
v -100.98487854 59.91648102 6.68868303
v -101.07567596 59.91648102 6.78241062
v -102.6403656 59.91648102 7.81223249
v -102.72897339 59.91648102 7.90873146
v -103.07858276 59.91648102 8.87795925
v -102.56057739 59.91648102 9.71132946
v -103.08563995 59.91648102 9.01075935
v -103.06959534 59.91648102 9.14277458
v -103.03092194 59.91648102 9.27001476
v -102.97079468 59.91648102 9.38863564
v -102.89103699 59.91648102 9.49505234
v -102.79405212 59.91648102 9.58604908
v -102.68278503 59.91648102 9.65887451
v -101.68781281 59.91648102 9.95153999
v -101.45606995 59.91648102 4.60802507
v -101.86195374 59.91648102 3.49400878
v -101.56134033 59.91648102 4.53165722
v -101.67701721 59.91648102 4.47224045
v -101.80039978 59.91648102 4.4311657
v -101.92861938 59.91648102 4.40939379
v -102.05864716 59.91648102 4.40743542
v -102.18745422 59.91648102 4.42533541
v -104.51628113 59.91648102 2.45509481
v -103.76268005 59.91648102 4.76875925
v -104.82112885 59.91648102 2.69705105
v -104.89038086 59.91648102 2.80826354
v -102.22839355 59.91648102 2.36640429
v -103.03987122 59.91648102 1.80694056
v -102.55493164 59.91648102 1.2266072
v -102.59497833 59.91648102 1.35080719
v -102.65356445 59.91648102 1.46741378
v -102.72930908 59.91648102 1.57367837
v -102.82042694 59.91648102 1.66709661
v -102.92476654 59.91648102 1.74546647
v -104.63128662 59.91648102 2.51783872
v -104.73390198 59.91648102 2.59928703
v -105.18097687 59.91648102 3.37859988
v -104.27584839 59.91648102 4.70144939
v -104.15388489 59.91648102 4.75147581
v -105.23082733 59.91648102 3.50189161
v -105.25856781 59.91648102 3.63195324
v -105.2633667 59.91648102 3.76485372
v -105.24508667 59.91648102 3.89657736
v -105.20425415 59.91648102 4.02314281
v -105.14212799 59.91648102 4.14072609
v -105.06057739 59.91648102 4.24577332
v -104.96206665 59.91648102 4.33510971
v -104.8495636 59.91648102 4.4060359
v -104.02513123 59.91648102 4.77981901
v -103.89343262 59.91648102 4.78563786
v -102.96032715 59.91648102 -0.4616558
v -103.18694305 59.91648102 -1.62545013
v -103.05235291 59.91648102 -0.55354995
v -103.15731049 59.91648102 -0.6303314
v -103.27275085 59.91648102 -0.69020295
v -103.39598083 59.91648102 -0.73176312
v -103.52410126 59.91648102 -0.75403899
v -103.65412903 59.91648102 -0.75650924
v -105.64606476 59.91648102 -3.06680107
v -105.26368713 59.91648102 -0.66373432
v -105.98501587 59.91648102 -2.8755126
v -106.07081604 59.91648102 -2.77650356
v -103.37246704 59.91648102 -2.79649544
v -104.08644867 59.91648102 -3.47601557
v -103.51669312 59.91648102 -3.97334242
v -103.57567596 59.91648102 -3.85693598
v -103.65177917 59.91648102 -3.75092983
v -103.74320984 59.91648102 -3.65782237
v -103.84781647 59.91648102 -3.57980824
v -103.96313477 59.91648102 -3.51872587
v -105.76947021 59.91648102 -3.02282143
v -105.88356781 59.91648102 -2.9584291
v -106.44705963 59.91648102 -2.25864911
v -105.76000214 59.91648102 -0.8104912
v -105.64736176 59.91648102 -0.74200088
v -106.51557922 59.91648102 -2.14467311
v -106.56332397 59.91648102 -2.0205524
v -106.58885193 59.91648102 -1.89003873
v -106.59140015 59.91648102 -1.75707567
v -106.57087708 59.91648102 -1.62568164
v -106.5279007 59.91648102 -1.49982738
v -106.46378326 59.91648102 -1.38331604
v -106.38046265 59.91648102 -1.27966881
v -106.28044891 59.91648102 -1.19201791
v -105.52463531 59.91648102 -0.69386607
v -105.39546204 59.91648102 -0.66751647
v -103.65299225 59.91648102 -5.70423841
v -103.69475555 59.91648102 -6.88915348
v -103.72950745 59.91648102 -5.80939579
v -103.82116699 59.91648102 -5.90165138
v -103.9258194 59.91648102 -5.9788456
v -104.04102325 59.91648102 -6.03917074
v -104.16408539 59.91648102 -6.08121586
v -105.89813232 59.91648102 -8.69745159
v -104.29212952 59.91648102 -6.10399532
v -106.02690125 59.91648102 -8.67331886
v -106.36306 59.91648102 -8.47717285
v -105.89638519 59.91648102 -6.26415348
v -106.3636322 59.91648102 -6.48674393
v -106.02593994 59.91648102 -6.28850365
v -106.14940643 59.91648102 -6.33473492
v -106.26308441 59.91648102 -6.40147591
v -103.69480896 59.91648102 -8.07480526
v -104.29370117 59.91648102 -8.8576498
v -103.65315247 59.91648102 -9.25972462
v -103.72962189 59.91648102 -9.15397739
v -103.82137299 59.91648102 -9.06118202
v -103.92624664 59.91648102 -8.98352432
v -104.04177856 59.91648102 -8.92283535
v -104.1652298 59.91648102 -8.88054466
v -106.14966583 59.91648102 -8.62756824
v -106.26282501 59.91648102 -8.5615406
v -106.81568146 59.91648102 -8.02455139
v -106.90118408 59.91648102 -7.92269754
v -106.81797791 59.91648102 -6.9449892
v -106.96776581 59.91648102 -7.80757427
v -106.90306091 59.91648102 -7.04720688
v -106.9691391 59.91648102 -7.16261292
v -107.01339722 59.91648102 -7.68266153
v -107.01423645 59.91648102 -7.28771925
v -107.03670502 59.91648102 -7.55173254
v -107.0369873 59.91648102 -7.41874599
v -103.51701355 59.91648102 -10.99063301
v -103.37289429 59.91648102 -12.16749287
v -103.5761261 59.91648102 -11.10646439
v -103.65222931 59.91648102 -11.21192169
v -103.74351501 59.91648102 -11.30453873
v -103.8478775 59.91648102 -11.38214302
v -103.96284485 59.91648102 -11.44292068
v -104.08573914 59.91648102 -11.48545074
v -103.18747711 59.91648102 -13.33855534
v -105.64518738 59.91648102 -11.89459801
v -103.65652466 59.91648102 -14.20544815
v -105.26626587 59.91648102 -14.29821014
v -102.96096802 59.91648102 -14.50237083
v -103.05303955 59.91648102 -14.40988731
v -103.15818024 59.91648102 -14.33258629
v -103.27391052 59.91648102 -14.27229118
v -103.39750671 59.91648102 -14.23042202
v -103.52604675 59.91648102 -14.20796394
v -105.39722443 59.91648102 -14.29451942
v -105.52563477 59.91648102 -14.26853657
v -105.64772797 59.91648102 -14.22102451
v -105.75992584 59.91648102 -14.15337563
v -106.27777863 59.91648102 -13.77713203
v -106.51696777 59.91648102 -12.82548809
v -106.44893646 59.91648102 -12.71122074
v -106.37817383 59.91648102 -13.68990803
v -106.46193695 59.91648102 -13.58661652
v -106.52655029 59.91648102 -13.47038078
v -106.5700531 59.91648102 -13.3447094
v -106.59114075 59.91648102 -13.21340466
v -106.58916473 59.91648102 -13.08043289
v -106.5641861 59.91648102 -12.94981098
v -106.07186127 59.91648102 -12.18754005
v -105.98590088 59.91648102 -12.08759403
v -105.88405609 59.91648102 -12.00389004
v -105.76934814 59.91648102 -11.93891525
v -102.55573273 59.91648102 -16.19067001
v -102.22929382 59.91648102 -17.33049774
v -102.59599304 59.91648102 -16.31432343
v -102.65465546 59.91648102 -16.4303875
v -102.73033905 59.91648102 -16.53614426
v -102.82126617 59.91648102 -16.62911797
v -102.92532349 59.91648102 -16.70713234
v -103.04004669 59.91648102 -16.76836395
v -101.86295319 59.91648102 -18.4581356
v -104.51629639 59.91648102 -17.4164257
v -102.19062042 59.91648102 -19.38773155
v -103.76602173 59.91648102 -19.73116875
v -101.45717621 59.91648102 -19.57218933
v -101.56257629 59.91648102 -19.49524689
v -101.67851257 59.91648102 -19.4353447
v -101.80225372 59.91648102 -19.3938961
v -101.93087769 59.91648102 -19.37187576
v -102.06135559 59.91648102 -19.36980438
v -103.89595032 59.91648102 -19.74801064
v -104.02684021 59.91648102 -19.74243546
v -104.15487671 59.91648102 -19.71460724
v -104.27626801 59.91648102 -19.66534424
v -104.84660339 59.91648102 -19.37474251
v -105.23171234 59.91648102 -18.47223091
v -105.18240356 59.91648102 -18.34872818
v -104.95940399 59.91648102 -19.30429649
v -105.05828857 59.91648102 -19.21538162
v -105.14029694 59.91648102 -19.11068344
v -105.20292664 59.91648102 -18.99336624
v -105.24428558 59.91648102 -18.86697578
v -105.26313782 59.91648102 -18.73533058
v -105.2589035 59.91648102 -18.60241127
v -104.89188385 59.91648102 -17.77250862
v -104.82261658 59.91648102 -17.66034508
v -104.73511505 59.91648102 -17.56173897
v -104.63198853 59.91648102 -17.47962189
v -100.79281616 59.91648102 -21.17630959
v -100.29208374 59.91648102 -22.25103569
v -100.81324768 59.91648102 -21.30474091
v -100.85303497 59.91648102 -21.42855072
v -100.91123962 59.91648102 -21.54484558
v -100.98649597 59.91648102 -21.65089798
v -101.07705688 59.91648102 -21.74423027
v -101.18080139 59.91648102 -21.82265282
v -99.75386047 59.91648102 -23.30748367
v -102.53749084 59.91648102 -22.69367409
v -99.8072052 59.91648102 -24.23896599
v -99.93206787 59.91648102 -24.27689362
v -99.17880249 59.91648102 -24.34434509
v -99.29493713 59.91648102 -24.28483772
v -99.41882324 59.91648102 -24.24381065
v -99.54751587 59.91648102 -24.222229
v -99.6780014 59.91648102 -24.22060013
v -101.43435669 59.91648102 -24.86254883
v -102.85275269 59.91648102 -23.10412598
v -102.80188751 59.91648102 -22.98250961
v -102.73088074 59.91648102 -22.87142944
v -101.56005096 59.91648102 -24.89950943
v -101.94861603 59.91648102 -24.87735558
v -103.04954529 59.91648102 -23.71870041
v -101.69020081 59.91648102 -24.9144783
v -101.82099915 59.91648102 -24.90702057
v -102.55738068 59.91648102 -24.67955017
v -103.07894897 59.91648102 -23.84839821
v -102.6798172 59.91648102 -24.62761879
v -102.79139709 59.91648102 -24.55526733
v -102.88876343 59.91648102 -24.46468544
v -102.96897888 59.91648102 -24.35861206
v -103.02960205 59.91648102 -24.24024582
v -103.06881714 59.91648102 -24.11317062
v -103.08543396 59.91648102 -23.98122597
v -102.64187622 59.91648102 -22.774189
v -98.27167511 59.91648102 -25.82478523
v -97.6089859 59.91648102 -26.80794907
v -98.27177429 59.91648102 -25.95483017
v -98.29169464 59.91648102 -26.08334351
v -98.33098602 59.91648102 -26.20730972
v -98.38874054 59.91648102 -26.32383156
v -98.4635849 59.91648102 -26.4301796
v -98.55377197 59.91648102 -26.52386665
v -96.91212463 59.91648102 -27.76719284
v -99.75750732 59.91648102 -27.5963974
v -96.8190918 59.91648102 -28.69555283
v -96.93649292 59.91648102 -28.7525444
v -96.1819458 59.91648102 -28.70132828
v -96.30596161 59.91648102 -28.66072464
v -96.43473816 59.91648102 -28.63957977
v -96.56523132 59.91648102 -28.63839722
v -96.69436646 59.91648102 -28.65720367
v -98.32866669 59.91648102 -29.56600189
v -100.00468445 59.91648102 -28.05111313
v -99.97345734 59.91648102 -27.92303467
v -99.92072296 59.91648102 -27.80221748
v -98.44702911 59.91648102 -29.62216949
v -98.83427429 59.91648102 -29.66107178
v -100.1029129 59.91648102 -28.68890572
v -98.57323456 59.91648102 -29.6573143
v -98.70359802 59.91648102 -29.67041016
v -99.4664917 59.91648102 -29.56093788
v -100.11165619 59.91648102 -28.82160378
v -99.59555054 59.91648102 -29.52879333
v -99.71707153 59.91648102 -29.47479057
v -99.82741547 59.91648102 -29.40055656
v -99.92323303 59.91648102 -29.30833435
v -100.00161743 59.91648102 -29.20091248
v -100.06023407 59.91648102 -29.08153534
v -100.09728241 59.91648102 -28.95381546
v -99.84801483 59.91648102 -27.6922493
v -95.05439758 59.91648102 -30.02163887
v -94.24607086 59.91648102 -30.88903236
v -95.03414154 59.91648102 -30.15009689
v -95.03372192 59.91648102 -30.28014183
v -95.05313873 59.91648102 -30.40872955
v -95.09194183 59.91648102 -30.53285217
v -95.14923859 59.91648102 -30.64960098
v -95.22366333 59.91648102 -30.75624275
v -94.5254364 59.91648102 -33.72570801
v -96.24479675 59.91648102 -32.00387573
v -94.63355255 59.91648102 -33.79970169
v -95.00994873 59.91648102 -33.89870453
v -94.75271606 59.91648102 -33.85415649
v -93.4077301 59.91648102 -31.72744942
v -93.27764893 59.91648102 -32.70448303
v -92.54040527 59.91648102 -32.53586197
v -92.66925049 59.91648102 -32.51515579
v -92.79975128 59.91648102 -32.51441574
v -92.92881012 59.91648102 -32.53366089
v -93.05342102 59.91648102 -32.57243729
v -93.17061615 59.91648102 -32.62982941
v -94.87940979 59.91648102 -33.8874855
v -95.65005493 59.91648102 -33.89870453
v -96.41503906 59.91648102 -33.13696671
v -96.41778564 59.91648102 -32.49166107
v -95.78253174 59.91648102 -33.887146
v -95.91101837 59.91648102 -33.85281372
v -96.03160858 59.91648102 -33.79675674
v -96.14067078 59.91648102 -33.72065735
v -96.23490143 59.91648102 -33.62682343
v -96.3114624 59.91648102 -33.51808548
v -96.36804199 59.91648102 -33.39773178
v -96.40292358 59.91648102 -33.26939774
v -96.40699768 59.91648102 -32.36027527
v -96.37379456 59.91648102 -32.23269272
v -96.31919098 59.91648102 -32.11270523
v -91.22019958 59.91648102 -33.66352844
v -90.28613281 59.91648102 -34.3937912
v -91.18009949 59.91648102 -33.78723907
v -91.15933228 59.91648102 -33.91561508
v -91.15840149 59.91648102 -34.04565811
v -91.17730713 59.91648102 -34.17432022
v -91.21562958 59.91648102 -34.29859543
v -90.11829376 59.91648102 -37.23924637
v -91.27246094 59.91648102 -34.41556549
v -90.44261932 59.91648102 -37.45440674
v -90.56977844 59.91648102 -37.48590851
v -92.08584595 59.91648102 -35.80757904
v -91.20201111 59.91648102 -37.5860405
v -92.18041229 59.91648102 -36.31642151
v -92.14230347 59.91648102 -35.92670822
v -92.17746735 59.91648102 -36.05376053
v -92.19029236 59.91648102 -36.18496323
v -89.32695007 59.91648102 -35.09074402
v -89.04563141 59.91648102 -36.03539658
v -88.34384918 59.91648102 -35.75352097
v -88.47434235 59.91648102 -35.75322723
v -88.60334778 59.91648102 -35.77291107
v -88.72781372 59.91648102 -35.8121109
v -88.84482574 59.91648102 -35.86989975
v -88.95159912 59.91648102 -35.94491959
v -90.21350861 59.91648102 -37.32923889
v -90.32268524 59.91648102 -37.40166855
v -91.33467102 59.91648102 -37.59534836
v -92.07673645 59.91648102 -36.95335007
v -91.46694183 59.91648102 -37.58154297
v -91.59481812 59.91648102 -37.54503632
v -91.71443939 59.91648102 -37.48693848
v -91.82219696 59.91648102 -37.40899658
v -91.91482544 59.91648102 -37.31357574
v -91.98952484 59.91648102 -37.20355606
v -92.04405212 59.91648102 -37.08225632
v -86.86348724 59.91648102 -36.66078186
v -85.82668304 59.91648102 -37.2359314
v -86.80451965 59.91648102 -36.77669144
v -86.76393127 59.91648102 -36.90024185
v -86.74266815 59.91648102 -37.02853775
v -86.7412262 59.91648102 -37.15857697
v -86.75963593 59.91648102 -37.28731155
v -85.21578979 59.91648102 -40.02009964
v -86.79745483 59.91648102 -37.41173553
v -85.50245667 59.91648102 -40.28334808
v -85.6231308 59.91648102 -40.33435059
v -87.38307953 59.91648102 -38.91384888
v -87.39686584 59.91648102 -39.43122101
v -87.42020416 59.91648102 -39.04034424
v -87.42720795 59.91648102 -39.30292892
v -84.77027893 59.91648102 -37.77425385
v -84.34465027 59.91648102 -38.66326904
v -83.69560242 59.91648102 -38.27508163
v -83.82453918 59.91648102 -38.29520416
v -83.9488678 59.91648102 -38.33482742
v -84.06567383 59.91648102 -38.393013
v -84.17220306 59.91648102 -38.46839523
v -84.26593018 59.91648102 -38.55919266
v -85.29575348 59.91648102 -40.12387848
v -85.39224243 59.91648102 -40.2124939
v -86.23190308 59.91648102 -40.53215408
v -87.19483948 59.91648102 -40.04409409
v -86.36147308 59.91648102 -40.56209946
v -86.49427795 59.91648102 -40.56915283
v -86.62628937 59.91648102 -40.55310059
v -86.75353241 59.91648102 -40.514431
v -86.87214661 59.91648102 -40.45431137
v -86.97856903 59.91648102 -40.3745575
v -87.06956482 59.91648102 -40.27757263
v -87.14239502 59.91648102 -40.16629791
v -87.43505859 59.91648102 -39.17133331
v -82.09153748 59.91648102 -38.93959045
v -80.9775238 59.91648102 -39.34546661
v -82.01516724 59.91648102 -39.04485321
v -81.95575714 59.91648102 -39.16053009
v -81.91468048 59.91648102 -39.28392029
v -81.89291382 59.91648102 -39.41213226
v -81.89095306 59.91648102 -39.54216385
v -81.90885925 59.91648102 -39.67097092
v -79.93861389 59.91648102 -41.99979401
v -82.25227356 59.91648102 -41.24620438
v -80.18057251 59.91648102 -42.30464172
v -80.29177856 59.91648102 -42.37390137
v -79.84992218 59.91648102 -39.71190643
v -79.29045868 59.91648102 -40.52339554
v -78.71012115 59.91648102 -40.03845215
v -78.83432007 59.91648102 -40.07849884
v -78.95092773 59.91648102 -40.13708115
v -79.05718994 59.91648102 -40.21282196
v -79.15061188 59.91648102 -40.30393982
v -79.22898102 59.91648102 -40.40828323
v -80.00135803 59.91648102 -42.11480713
v -80.08280945 59.91648102 -42.2174263
v -80.86211395 59.91648102 -42.66449738
v -82.18496704 59.91648102 -41.75936127
v -82.23499298 59.91648102 -41.63739014
v -80.9854126 59.91648102 -42.71434784
v -81.11546326 59.91648102 -42.74208832
v -81.24836731 59.91648102 -42.74688721
v -81.38008881 59.91648102 -42.72859573
v -81.50666046 59.91648102 -42.68776703
v -81.62423706 59.91648102 -42.62564087
v -81.72928619 59.91648102 -42.54409409
v -81.8186264 59.91648102 -42.44557953
v -81.88955688 59.91648102 -42.33308411
v -82.26333618 59.91648102 -41.5086441
v -82.26914978 59.91648102 -41.37694931
v -77.02185822 59.91648102 -40.44384766
v -75.85807037 59.91648102 -40.67045593
v -76.92996216 59.91648102 -40.53586578
v -76.85318756 59.91648102 -40.64082718
v -76.79331207 59.91648102 -40.75627136
v -76.75175476 59.91648102 -40.87949753
v -76.72947693 59.91648102 -41.00762177
v -76.727005 59.91648102 -41.13764191
v -74.41671753 59.91648102 -43.12958145
v -76.81977844 59.91648102 -42.74720764
v -74.60800171 59.91648102 -43.46852875
v -74.70701599 59.91648102 -43.55432892
v -74.68702698 59.91648102 -40.85598755
v -74.00749969 59.91648102 -41.56996918
v -73.51017761 59.91648102 -41.00020981
v -73.62657928 59.91648102 -41.05918884
v -73.73258972 59.91648102 -41.13529587
v -73.82569122 59.91648102 -41.22673035
v -73.90370941 59.91648102 -41.33133698
v -73.96479034 59.91648102 -41.44665527
v -74.46069336 59.91648102 -43.25299072
v -74.52508545 59.91648102 -43.36708832
v -75.22486877 59.91648102 -43.93057251
v -76.67302704 59.91648102 -43.24351883
v -76.74151611 59.91648102 -43.13087845
v -75.3388443 59.91648102 -43.9990921
v -75.46296692 59.91648102 -44.04684067
v -75.59347534 59.91648102 -44.07237244
v -75.72644043 59.91648102 -44.07491302
v -75.85783386 59.91648102 -44.05438232
v -75.98368835 59.91648102 -44.01141739
v -76.10020447 59.91648102 -43.94729996
v -76.20384979 59.91648102 -43.86397934
v -76.29149628 59.91648102 -43.76396179
v -76.78964996 59.91648102 -43.00815201
v -76.81600189 59.91648102 -42.87898254
v -71.77928162 59.91648102 -41.13651276
v -70.59436035 59.91648102 -41.17827606
v -71.67411804 59.91648102 -41.21302032
v -71.5818634 59.91648102 -41.30467987
v -71.50466919 59.91648102 -41.40933609
v -71.44434357 59.91648102 -41.52454376
v -71.40229797 59.91648102 -41.6476059
v -71.37952423 59.91648102 -41.7756424
v -69.40871429 59.91648102 -41.17832565
v -71.21936035 59.91648102 -43.37990189
v -68.60297394 59.91648102 -41.64874649
v -68.62586212 59.91648102 -41.77721405
v -68.22379303 59.91648102 -41.13667297
v -68.32953644 59.91648102 -41.2131424
v -68.42233276 59.91648102 -41.30488968
v -68.49999237 59.91648102 -41.40976334
v -68.5606842 59.91648102 -41.52529144
v -68.78606415 59.91648102 -43.3816452
v -68.81019592 59.91648102 -43.51041794
v -69.00634003 59.91648102 -43.84658051
v -68.8559494 59.91648102 -43.63318634
v -68.92197418 59.91648102 -43.74634171
v -70.99677277 59.91648102 -43.84714508
v -71.19500732 59.91648102 -43.50946045
v -71.14878082 59.91648102 -43.63291931
v -71.08203888 59.91648102 -43.74660492
v -69.45896912 59.91648102 -44.29919815
v -69.56082153 59.91648102 -44.38470459
v -70.53852844 59.91648102 -44.30149841
v -69.67594147 59.91648102 -44.45127869
v -70.43630981 59.91648102 -44.38657379
v -70.32089996 59.91648102 -44.45265198
v -69.80085754 59.91648102 -44.49691391
v -70.19580078 59.91648102 -44.49775314
v -69.93178558 59.91648102 -44.52022171
v -70.06476593 59.91648102 -44.52050781
v -66.49288177 59.91648102 -41.00052643
v -65.31602478 59.91648102 -40.85641479
v -66.37705231 59.91648102 -41.05964661
v -66.27159882 59.91648102 -41.135746
v -66.17897797 59.91648102 -41.22703552
v -66.10137177 59.91648102 -41.33138657
v -66.04059601 59.91648102 -41.44635773
v -65.99806976 59.91648102 -41.56925201
v -64.1449585 59.91648102 -40.67098999
v -65.58892059 59.91648102 -43.12870407
v -63.27806854 59.91648102 -41.14004135
v -63.18530655 59.91648102 -42.74977875
v -62.98114777 59.91648102 -40.44448853
v -63.07363129 59.91648102 -40.53655624
v -63.15093231 59.91648102 -40.64169312
v -63.21122742 59.91648102 -40.7574234
v -63.25309372 59.91648102 -40.88101959
v -63.27555084 59.91648102 -41.00956726
v -63.18899536 59.91648102 -42.88074112
v -63.21498108 59.91648102 -43.00915146
v -63.26248932 59.91648102 -43.13124847
v -63.33013916 59.91648102 -43.24344635
v -64.77229309 59.91648102 -43.93245316
v -65.29597473 59.91648102 -43.55537796
v -63.70638275 59.91648102 -43.76129913
v -63.7936058 59.91648102 -43.86168671
v -63.89690018 59.91648102 -43.94544983
v -64.01313782 59.91648102 -44.01006317
v -64.1388092 59.91648102 -44.05356979
v -64.27011108 59.91648102 -44.07464981
v -64.4030838 59.91648102 -44.07267761
v -64.53370667 59.91648102 -44.04770279
v -64.65802765 59.91648102 -44.00048828
v -65.3959198 59.91648102 -43.46941376
v -65.47962952 59.91648102 -43.36756897
v -65.54460144 59.91648102 -43.25286484
v -61.29284668 59.91648102 -40.03924561
v -60.15302277 59.91648102 -39.71280289
v -61.16918945 59.91648102 -40.07951736
v -61.05312729 59.91648102 -40.13817596
v -60.94737244 59.91648102 -40.21385574
v -60.85439682 59.91648102 -40.30478668
v -60.77638245 59.91648102 -40.40882874
v -60.71514893 59.91648102 -40.52356339
v -59.025383 59.91648102 -39.34646988
v -60.0670929 59.91648102 -41.99981308
v -58.09578323 59.91648102 -39.6741333
v -57.75234604 59.91648102 -41.24953842
v -57.91133118 59.91648102 -38.9406929
v -57.98827362 59.91648102 -39.04609299
v -58.048172 59.91648102 -39.16202927
v -58.08961868 59.91648102 -39.2857666
v -58.11164093 59.91648102 -39.41439438
v -58.11371231 59.91648102 -39.54487228
v -57.73550415 59.91648102 -41.37946701
v -57.74108124 59.91648102 -41.51036072
v -57.76890564 59.91648102 -41.63838196
v -57.81817627 59.91648102 -41.75978851
v -59.13478851 59.91648102 -42.66590881
v -59.71100616 59.91648102 -42.37540436
v -58.10877228 59.91648102 -42.3301239
v -58.17922211 59.91648102 -42.44291687
v -58.26813507 59.91648102 -42.54180908
v -58.37283707 59.91648102 -42.62380981
v -58.49015045 59.91648102 -42.68643951
v -58.61654282 59.91648102 -42.72779846
v -58.74818802 59.91648102 -42.74665451
v -58.88110733 59.91648102 -42.7424202
v -59.01128387 59.91648102 -42.71523285
v -59.82316971 59.91648102 -42.30613327
v -59.92177582 59.91648102 -42.21863174
v -60.00389481 59.91648102 -42.11550903
v -56.3072052 59.91648102 -38.27633286
v -55.23248291 59.91648102 -37.77560043
v -56.17877579 59.91648102 -38.29676056
v -56.05496216 59.91648102 -38.33654404
v -55.93867493 59.91648102 -38.39474869
v -55.83261871 59.91648102 -38.47001266
v -55.73928833 59.91648102 -38.56057358
v -55.66086197 59.91648102 -38.66431427
v -54.17603302 59.91648102 -37.23737335
v -54.78984451 59.91648102 -40.02101135
v -53.2445488 59.91648102 -37.29071808
v -53.20662689 59.91648102 -37.41558456
v -53.1391716 59.91648102 -36.66231918
v -53.19868088 59.91648102 -36.77845764
v -53.23970795 59.91648102 -36.90233612
v -53.2612915 59.91648102 -37.03103638
v -53.26291656 59.91648102 -37.16152191
v -52.62096786 59.91648102 -38.91786957
v -54.3793869 59.91648102 -40.33626938
v -54.50100708 59.91648102 -40.28540039
v -54.61208725 59.91648102 -40.21440506
v -52.58400726 59.91648102 -39.04356384
v -52.60616302 59.91648102 -39.43212891
v -52.80396271 59.91648102 -40.04090118
v -53.76481628 59.91648102 -40.5330658
v -52.855896 59.91648102 -40.16333008
v -52.56903839 59.91648102 -39.1737175
v -52.57649231 59.91648102 -39.30451965
v -52.92824554 59.91648102 -40.2749176
v -53.01883316 59.91648102 -40.37228394
v -53.12490463 59.91648102 -40.45249557
v -53.24327087 59.91648102 -40.51311874
v -53.37034225 59.91648102 -40.55233383
v -53.50228882 59.91648102 -40.56894684
v -53.63512039 59.91648102 -40.56245804
v -54.7093277 59.91648102 -40.12539291
v -51.65872955 59.91648102 -35.75519562
v -50.67556763 59.91648102 -35.09250641
v -51.52868652 59.91648102 -35.75528336
v -51.400177 59.91648102 -35.77520752
v -51.27620697 59.91648102 -35.81450653
v -51.15968704 59.91648102 -35.87225342
v -51.0533371 59.91648102 -35.94709778
v -50.95964813 59.91648102 -36.03728867
v -49.71632385 59.91648102 -34.39564133
v -49.88711929 59.91648102 -37.24102402
v -48.78796387 59.91648102 -34.3026123
v -48.73097229 59.91648102 -34.4200058
v -48.78218842 59.91648102 -33.66546249
v -48.82279205 59.91648102 -33.78948212
v -48.84393692 59.91648102 -33.91825485
v -48.84511948 59.91648102 -34.0487442
v -48.82631302 59.91648102 -34.17787933
v -47.9175148 59.91648102 -35.81217957
v -49.43240356 59.91648102 -37.48819733
v -49.56047821 59.91648102 -37.45697784
v -49.6812973 59.91648102 -37.40423584
v -47.8613472 59.91648102 -35.93054199
v -47.82244873 59.91648102 -36.3177948
v -48.79461288 59.91648102 -37.5864296
v -47.82619858 59.91648102 -36.05675507
v -47.81310654 59.91648102 -36.1871109
v -47.9225769 59.91648102 -36.95001602
v -48.66191101 59.91648102 -37.59517288
v -47.95471954 59.91648102 -37.0790596
v -48.00872421 59.91648102 -37.20058823
v -48.08296204 59.91648102 -37.31092834
v -48.17518234 59.91648102 -37.40674591
v -48.28260422 59.91648102 -37.48514175
v -48.40198135 59.91648102 -37.54375076
v -48.52970123 59.91648102 -37.5807991
v -49.79126358 59.91648102 -37.33152771
v -47.46187592 59.91648102 -32.53791809
v -46.59448624 59.91648102 -31.72958565
v -47.33341599 59.91648102 -32.51766205
v -47.20337296 59.91648102 -32.51723862
v -47.07478333 59.91648102 -32.53665543
v -46.95066452 59.91648102 -32.57546234
v -46.83391571 59.91648102 -32.63275146
v -46.72727585 59.91648102 -32.70718002
v -43.7578125 59.91648102 -32.00894547
v -45.47964096 59.91648102 -33.72831345
v -43.683815 59.91648102 -32.11706543
v -43.58481598 59.91648102 -32.49346161
v -43.6293602 59.91648102 -32.23622513
v -45.75606537 59.91648102 -30.89124298
v -44.77903366 59.91648102 -30.76116562
v -44.94765472 59.91648102 -30.02392578
v -44.9683609 59.91648102 -30.15276718
v -44.96910095 59.91648102 -30.28326225
v -44.9498558 59.91648102 -30.41233063
v -44.91107941 59.91648102 -30.5369339
v -44.85368729 59.91648102 -30.65413284
v -43.59603119 59.91648102 -32.3629303
v -43.58481598 59.91648102 -33.133564
v -44.34654999 59.91648102 -33.89855957
v -44.99185562 59.91648102 -33.90130997
v -43.59637451 59.91648102 -33.26604843
v -43.63069916 59.91648102 -33.39453125
v -43.68675995 59.91648102 -33.51512146
v -43.76285934 59.91648102 -33.62418747
v -43.85669327 59.91648102 -33.71842194
v -43.96543121 59.91648102 -33.79498291
v -44.08578491 59.91648102 -33.85155869
v -44.21411896 59.91648102 -33.88643646
v -45.12324524 59.91648102 -33.89051056
v -45.25082397 59.91648102 -33.85731506
v -45.37081146 59.91648102 -33.80271149
v -43.81998444 59.91648102 -28.70371819
v -43.08972168 59.91648102 -27.76964951
v -43.69628143 59.91648102 -28.66361427
v -43.56790161 59.91648102 -28.64285278
v -43.43785858 59.91648102 -28.64191818
v -43.30919266 59.91648102 -28.66083145
v -43.18492508 59.91648102 -28.69915009
v -40.24427032 59.91648102 -27.60181427
v -43.0679512 59.91648102 -28.75597763
v -40.02910995 59.91648102 -27.92613029
v -39.997612 59.91648102 -28.05330276
v -41.67594147 59.91648102 -29.56936646
v -39.8974762 59.91648102 -28.68552399
v -41.167099 59.91648102 -29.66392708
v -41.55681229 59.91648102 -29.62582016
v -41.42975616 59.91648102 -29.66098595
v -41.29855347 59.91648102 -29.67381477
v -42.39277267 59.91648102 -26.81046677
v -41.44812012 59.91648102 -26.52915001
v -41.72999573 59.91648102 -25.82736588
v -41.73028946 59.91648102 -25.95786095
v -41.71060562 59.91648102 -26.08686256
v -41.67140579 59.91648102 -26.21133423
v -41.61361694 59.91648102 -26.32833481
v -41.53859711 59.91648102 -26.435112
v -40.15427399 59.91648102 -27.69702721
v -40.08184814 59.91648102 -27.80620193
v -39.88816833 59.91648102 -28.81818581
v -40.53016663 59.91648102 -29.56026077
v -39.90197372 59.91648102 -28.95045471
v -39.93847656 59.91648102 -29.0783329
v -39.99657822 59.91648102 -29.19795799
v -40.0745163 59.91648102 -29.30571365
v -40.16994095 59.91648102 -29.39834404
v -40.27996063 59.91648102 -29.47304726
v -40.40126038 59.91648102 -29.52756882
v -40.82273483 59.91648102 -24.34700394
v -40.24758148 59.91648102 -23.31019592
v -40.70682526 59.91648102 -24.28804398
v -40.58327484 59.91648102 -24.2474556
v -40.45497894 59.91648102 -24.22618866
v -40.32493973 59.91648102 -24.22474098
v -40.19620514 59.91648102 -24.2431469
v -37.46341705 59.91648102 -22.69930077
v -40.07178497 59.91648102 -24.28097725
v -37.20017242 59.91648102 -22.98596954
v -37.14916611 59.91648102 -23.10664749
v -38.56966782 59.91648102 -24.86659622
v -36.95136261 59.91648102 -23.71541977
v -38.05229568 59.91648102 -24.88038826
v -38.44317245 59.91648102 -24.90371704
v -38.18058777 59.91648102 -24.91071892
v -39.70926285 59.91648102 -22.25379944
v -38.82024765 59.91648102 -21.82816696
v -39.20843506 59.91648102 -21.17911911
v -39.18831253 59.91648102 -21.30805206
v -39.14868927 59.91648102 -21.43238831
v -39.09050369 59.91648102 -21.54919434
v -39.01512146 59.91648102 -21.65571594
v -38.92432404 59.91648102 -21.74944305
v -37.35963821 59.91648102 -22.77926445
v -37.2710228 59.91648102 -22.87576485
v -36.92141724 59.91648102 -23.84499359
v -37.43942642 59.91648102 -24.67836189
v -36.91436386 59.91648102 -23.97779274
v -36.93041229 59.91648102 -24.10980606
v -36.96908569 59.91648102 -24.2370491
v -37.02920532 59.91648102 -24.35566902
v -37.10896301 59.91648102 -24.46208572
v -37.20594406 59.91648102 -24.55308151
v -37.31721878 59.91648102 -24.6259079
v -38.31218338 59.91648102 -24.91857338
v -38.54392624 59.91648102 -19.57505798
v -38.13805008 59.91648102 -18.4610405
v -38.43866348 59.91648102 -19.49868965
v -38.3229866 59.91648102 -19.43927383
v -38.19959641 59.91648102 -19.39819717
v -38.07138824 59.91648102 -19.3764267
v -37.94135666 59.91648102 -19.37446785
v -37.81254578 59.91648102 -19.39236832
v -35.4837265 59.91648102 -17.42212677
v -36.23731232 59.91648102 -19.73579216
v -35.17887497 59.91648102 -17.66408539
v -35.10961914 59.91648102 -17.77529526
v -37.77161026 59.91648102 -17.33343697
v -36.96012115 59.91648102 -16.77397346
v -37.44506454 59.91648102 -16.19363976
v -37.40502167 59.91648102 -16.31784058
v -37.34643555 59.91648102 -16.43444633
v -37.27069092 59.91648102 -16.54071045
v -37.17957306 59.91648102 -16.63412857
v -37.07523346 59.91648102 -16.71249962
v -35.36871338 59.91648102 -17.48487091
v -35.26609039 59.91648102 -17.56632042
v -34.8190155 59.91648102 -18.34563255
v -35.72415161 59.91648102 -19.66848183
v -35.84612274 59.91648102 -19.71850967
v -34.76916885 59.91648102 -18.46892548
v -35.15043259 59.91648102 -19.37306976
v -34.74142838 59.91648102 -18.59898567
v -34.73662949 59.91648102 -18.73188782
v -34.75492096 59.91648102 -18.86360931
v -34.79574585 59.91648102 -18.99017525
v -34.85787201 59.91648102 -19.10775948
v -34.93942642 59.91648102 -19.2128067
v -35.03793716 59.91648102 -19.3021431
v -35.97486877 59.91648102 -19.74685287
v -36.1065712 59.91648102 -19.75267029
v -37.03966904 59.91648102 -14.50537682
v -36.81305695 59.91648102 -13.34158325
v -36.94764709 59.91648102 -14.41348267
v -36.84268951 59.91648102 -14.33670139
v -36.72724533 59.91648102 -14.27682972
v -36.60401917 59.91648102 -14.23526955
v -36.47589493 59.91648102 -14.21299362
v -36.34587097 59.91648102 -14.21052361
v -34.35393524 59.91648102 -11.90023232
v -34.73630905 59.91648102 -14.30329895
v -34.01498795 59.91648102 -12.09152031
v -33.92918777 59.91648102 -12.19052887
v -36.62752914 59.91648102 -12.17053795
v -35.91355133 59.91648102 -11.49101734
v -36.48330688 59.91648102 -10.99369049
v -36.42432785 59.91648102 -11.11009693
v -36.34822083 59.91648102 -11.2161026
v -36.25678635 59.91648102 -11.30920982
v -36.15217972 59.91648102 -11.38722515
v -36.03686142 59.91648102 -11.44830704
v -34.23052216 59.91648102 -11.94421196
v -34.11642456 59.91648102 -12.00860405
v -33.55294418 59.91648102 -12.70838356
v -34.23999786 59.91648102 -14.15654182
v -34.35263824 59.91648102 -14.22503281
v -33.48442459 59.91648102 -12.82236004
v -33.71955109 59.91648102 -13.77501488
v -33.43667603 59.91648102 -12.94648075
v -33.41114807 59.91648102 -13.07699394
v -33.40860748 59.91648102 -13.20995712
v -33.42913055 59.91648102 -13.34135151
v -33.4720993 59.91648102 -13.467206
v -33.53621674 59.91648102 -13.58371735
v -33.61953735 59.91648102 -13.68736362
v -34.4753685 59.91648102 -14.27316666
v -34.60453415 59.91648102 -14.29951668
v -36.34700394 59.91648102 -9.26279449
v -36.30524063 59.91648102 -8.07787895
v -36.27049255 59.91648102 -9.15763664
v -36.17883682 59.91648102 -9.06538105
v -36.0741806 59.91648102 -8.98818779
v -35.95897293 59.91648102 -8.92786217
v -35.8359108 59.91648102 -8.88581753
v -35.7078743 59.91648102 -8.86303806
v -36.30518723 59.91648102 -6.89222765
v -34.10361481 59.91648102 -8.70287991
v -35.83477402 59.91648102 -6.08648825
v -35.70629883 59.91648102 -6.10938311
v -36.3468399 59.91648102 -5.70730877
v -36.2703743 59.91648102 -5.81305504
v -36.1786232 59.91648102 -5.90585041
v -36.07375336 59.91648102 -5.98350811
v -35.95822525 59.91648102 -6.04419756
v -34.10187149 59.91648102 -6.26958179
v -33.97309875 59.91648102 -6.29371405
v -33.63694 59.91648102 -6.48985958
v -33.85033417 59.91648102 -6.33946466
v -33.73717499 59.91648102 -6.40549231
v -33.63637161 59.91648102 -8.48028946
v -33.97405243 59.91648102 -8.67852974
v -33.85059738 59.91648102 -8.63229847
v -33.73691177 59.91648102 -8.56555748
v -33.18431854 59.91648102 -6.94248152
v -33.0988121 59.91648102 -7.04433537
v -33.18201828 59.91648102 -8.02204323
v -33.03223419 59.91648102 -7.15945816
v -33.09694672 59.91648102 -7.91982651
v -33.0308609 59.91648102 -7.80442047
v -32.9866066 59.91648102 -7.28437185
v -32.98576355 59.91648102 -7.67931414
v -32.96329498 59.91648102 -7.41529989
v -32.9630127 59.91648102 -7.54828691
v -36.48298645 59.91648102 -3.97640014
v -36.6271019 59.91648102 -2.7995398
v -36.42387009 59.91648102 -3.86056852
v -36.34777451 59.91648102 -3.7551105
v -36.25648117 59.91648102 -3.66249514
v -36.15213013 59.91648102 -3.58488989
v -36.03715897 59.91648102 -3.52411175
v -35.91426468 59.91648102 -3.48158336
v -36.81252289 59.91648102 -1.62847757
v -34.35480881 59.91648102 -3.07243538
v -36.34347534 59.91648102 -0.76158416
v -34.73373795 59.91648102 -0.66882282
v -37.03902817 59.91648102 -0.46466261
v -36.94696045 59.91648102 -0.55714554
v -36.84182358 59.91648102 -0.63444585
v -36.72609329 59.91648102 -0.69474161
v -36.6024971 59.91648102 -0.73661155
v -36.47394562 59.91648102 -0.75906885
v -34.60277557 59.91648102 -0.67251348
v -34.47436523 59.91648102 -0.6984961
v -34.35226822 59.91648102 -0.74600875
v -34.24007034 59.91648102 -0.81365776
v -33.55106354 59.91648102 -2.25581217
v -33.92813873 59.91648102 -2.77949238
v -33.72221756 59.91648102 -1.18990111
v -33.62182999 59.91648102 -1.27712488
v -33.53806305 59.91648102 -1.38041592
v -33.47345352 59.91648102 -1.49665284
v -33.42995071 59.91648102 -1.6223228
v -33.40886688 59.91648102 -1.75362813
v -33.41083908 59.91648102 -1.88660073
v -33.4358139 59.91648102 -2.01722217
v -33.48303223 59.91648102 -2.14154506
v -34.01410294 59.91648102 -2.87943864
v -34.11594772 59.91648102 -2.96314216
v -34.23065186 59.91648102 -3.02811766
v -37.44427109 59.91648102 1.22363734
v -37.77071381 59.91648102 2.36346412
v -37.40399933 59.91648102 1.34729123
v -37.34534073 59.91648102 1.46335483
v -37.26966095 59.91648102 1.56911135
v -37.17873001 59.91648102 1.66208529
v -37.07468414 59.91648102 1.74010038
v -36.95995712 59.91648102 1.80133033
v -38.13704681 59.91648102 3.49110222
v -35.48370743 59.91648102 2.44939351
v -37.80938339 59.91648102 4.42069817
v -36.23397827 59.91648102 4.76413584
v -38.54282379 59.91648102 4.60515547
v -38.43742371 59.91648102 4.5282135
v -38.32148743 59.91648102 4.46831226
v -38.19775009 59.91648102 4.42686319
v -38.06912231 59.91648102 4.40484333
v -37.93864441 59.91648102 4.40277195
v -36.10404968 59.91648102 4.78097773
v -35.97315598 59.91648102 4.77540302
v -35.84513092 59.91648102 4.74757481
v -35.72373199 59.91648102 4.69831038
v -34.81760406 59.91648102 3.38169575
v -35.10811615 59.91648102 2.80547571
v -35.15339661 59.91648102 4.4077096
v -35.04059982 59.91648102 4.33726358
v -34.94170761 59.91648102 4.24834824
v -34.85970688 59.91648102 4.14364958
v -34.79708099 59.91648102 4.02633238
v -34.75571442 59.91648102 3.89994192
v -34.736866 59.91648102 3.76829767
v -34.7410965 59.91648102 3.63537765
v -34.76828384 59.91648102 3.50519896
v -35.17738724 59.91648102 2.69331217
v -35.26488495 59.91648102 2.59470701
v -35.36801147 59.91648102 2.51258802
v -39.20718384 59.91648102 6.20927572
v -39.70791626 59.91648102 7.28400278
v -39.18675232 59.91648102 6.33770704
v -39.14697266 59.91648102 6.46151829
v -39.08876801 59.91648102 6.57781172
v -39.01350403 59.91648102 6.68386507
v -38.92294312 59.91648102 6.77719641
v -38.81920242 59.91648102 6.85562038
v -40.24614334 59.91648102 8.34045029
v -37.46250916 59.91648102 7.7266407
v -40.19279861 59.91648102 9.27193356
v -40.06793594 59.91648102 9.30985928
v -40.82119751 59.91648102 9.37731075
v -40.70506287 59.91648102 9.31780434
v -40.58117676 59.91648102 9.27677631
v -40.45248032 59.91648102 9.25519466
v -40.32199478 59.91648102 9.2535677
v -38.56564713 59.91648102 9.8955164
v -37.14724731 59.91648102 8.1370945
v -37.1981163 59.91648102 8.01547623
v -37.26911163 59.91648102 7.90439653
v -38.43995667 59.91648102 9.93247604
v -38.05138779 59.91648102 9.91032219
v -36.9504509 59.91648102 8.75166702
v -38.30979919 59.91648102 9.94744682
v -38.17899704 59.91648102 9.93998909
v -37.44261169 59.91648102 9.71251869
v -36.92105865 59.91648102 8.88136482
v -37.3201828 59.91648102 9.6605854
v -37.20859909 59.91648102 9.58823395
v -37.11123276 59.91648102 9.49765301
v -37.03102493 59.91648102 9.39157677
v -36.97039795 59.91648102 9.27321339
v -36.93118286 59.91648102 9.14613914
v -36.91456985 59.91648102 9.01419353
v -37.35812378 59.91648102 7.80715561
v -41.72832108 59.91648102 10.8577528
v -42.39101028 59.91648102 11.84091568
v -41.72823334 59.91648102 10.98779774
v -41.70830536 59.91648102 11.11630917
v -41.66901016 59.91648102 11.24027634
v -41.61126709 59.91648102 11.35679722
v -41.5364151 59.91648102 11.46314621
v -41.44622803 59.91648102 11.55683327
v -43.08787537 59.91648102 12.80015945
v -40.24249268 59.91648102 12.62936401
v -43.18090439 59.91648102 13.72851944
v -43.06351089 59.91648102 13.78551102
v -43.81805038 59.91648102 13.7342968
v -43.69403458 59.91648102 13.6936903
v -43.56526184 59.91648102 13.67254734
v -43.43477249 59.91648102 13.67136383
v -43.30563354 59.91648102 13.69016838
v -41.67133713 59.91648102 14.59896851
v -39.99531937 59.91648102 13.08408165
v -40.02653503 59.91648102 12.95600319
v -40.07928467 59.91648102 12.835186
v -41.55297089 59.91648102 14.6551342
v -41.16572571 59.91648102 14.69403839
v -39.8970871 59.91648102 13.72187233
v -41.42676544 59.91648102 14.69028282
v -41.29640579 59.91648102 14.70337772
v -40.53350067 59.91648102 14.5939045
v -39.88834763 59.91648102 13.8545723
v -40.40445709 59.91648102 14.56176281
v -40.28292847 59.91648102 14.50775909
v -40.17258453 59.91648102 14.43352318
v -40.07677078 59.91648102 14.34130096
v -39.99837494 59.91648102 14.23387909
v -39.93976593 59.91648102 14.11450291
v -39.90271759 59.91648102 13.98678017
v -40.15198517 59.91648102 12.72521782
v -44.9455986 59.91648102 15.05460644
v -45.75393295 59.91648102 15.92199802
v -44.96585464 59.91648102 15.18306541
v -44.96627808 59.91648102 15.31311035
v -44.94686127 59.91648102 15.44169807
v -44.90805054 59.91648102 15.56581879
v -44.85076523 59.91648102 15.68256569
v -44.77633667 59.91648102 15.78920841
v -45.47457123 59.91648102 18.75867462
v -43.75520325 59.91648102 17.03684044
v -45.36644745 59.91648102 18.8326664
v -44.99005127 59.91648102 18.93167114
v -45.24729156 59.91648102 18.88712502
v -46.59227371 59.91648102 16.76041794
v -46.72235107 59.91648102 17.73744965
v -47.45959473 59.91648102 17.56882858
v -47.3307457 59.91648102 17.54812431
v -47.20025635 59.91648102 17.54738426
v -47.07118607 59.91648102 17.56662941
v -46.94658279 59.91648102 17.6054039
v -46.82938385 59.91648102 17.66279602
v -45.1205864 59.91648102 18.92045212
v -44.3499527 59.91648102 18.93167114
v -43.58495712 59.91648102 18.16993332
v -43.58220673 59.91648102 17.52462578
v -44.21746826 59.91648102 18.92011261
v -44.08898926 59.91648102 18.88578224
v -43.96839142 59.91648102 18.82972336
v -43.85932922 59.91648102 18.75362587
v -43.76509094 59.91648102 18.65979004
v -43.68852997 59.91648102 18.55105209
v -43.63195801 59.91648102 18.43069839
v -43.59708405 59.91648102 18.30236626
v -43.59300613 59.91648102 17.39324188
v -43.62620544 59.91648102 17.26565933
v -43.68080521 59.91648102 17.14567184
v -48.7797966 59.91648102 18.69649696
v -49.71386719 59.91648102 19.42675781
v -48.81990051 59.91648102 18.82020569
v -48.84066772 59.91648102 18.9485817
v -48.84159851 59.91648102 19.07862473
v -48.82268524 59.91648102 19.20728874
v -48.78436661 59.91648102 19.33156204
v -49.88170242 59.91648102 22.27221298
v -48.72753525 59.91648102 19.4485321
v -49.55738449 59.91648102 22.48737335
v -49.43021393 59.91648102 22.51887321
v -47.91414642 59.91648102 20.84054565
v -48.79799271 59.91648102 22.61900711
v -47.81959152 59.91648102 21.34938812
v -47.85769653 59.91648102 20.95967484
v -47.82253265 59.91648102 21.08672714
v -47.80970001 59.91648102 21.21792984
v -50.67304993 59.91648102 20.12371063
v -50.95436478 59.91648102 21.0683651
v -51.65615082 59.91648102 20.78649139
v -51.52565384 59.91648102 20.78619385
v -51.39665222 59.91648102 20.80587769
v -51.27218246 59.91648102 20.84507751
v -51.15518188 59.91648102 20.90286636
v -51.04840088 59.91648102 20.9778862
v -49.78649139 59.91648102 22.36220551
v -49.67731476 59.91648102 22.43463516
v -48.66533279 59.91648102 22.62831688
v -47.92325592 59.91648102 21.98631668
v -48.53306198 59.91648102 22.61450768
v -48.4051857 59.91648102 22.57800293
v -48.28556061 59.91648102 22.51990509
v -48.17780304 59.91648102 22.44196701
v -48.08517456 59.91648102 22.34654427
v -48.01046753 59.91648102 22.23652077
v -47.95594788 59.91648102 22.11522675
v -53.13651276 59.91648102 21.69374657
v -54.17331696 59.91648102 22.26889801
v -53.19547272 59.91648102 21.80965805
v -53.2360611 59.91648102 21.93321037
v -53.25732803 59.91648102 22.06150436
v -53.25877762 59.91648102 22.19154167
v -53.2403717 59.91648102 22.32028008
v -54.78421021 59.91648102 25.05306435
v -53.20253754 59.91648102 22.44470215
v -54.49754715 59.91648102 25.31631088
v -54.3768692 59.91648102 25.3673172
v -52.61692047 59.91648102 23.9468174
v -53.76809692 59.91648102 25.5651207
v -52.60312653 59.91648102 24.46418762
v -52.57979965 59.91648102 24.07331276
v -52.57279968 59.91648102 24.33589554
v -55.22971725 59.91648102 22.80722046
v -55.65534973 59.91648102 23.69623566
v -56.30439758 59.91648102 23.30804825
v -56.17546463 59.91648102 23.32817078
v -56.05112457 59.91648102 23.36779404
v -55.93432617 59.91648102 23.42598152
v -55.82779694 59.91648102 23.50136185
v -55.73406982 59.91648102 23.59216309
v -54.70425034 59.91648102 25.15684509
v -54.60775375 59.91648102 25.24546051
v -53.63852692 59.91648102 25.59506607
v -52.80515671 59.91648102 25.07705879
v -53.50572586 59.91648102 25.60212135
v -53.37371063 59.91648102 25.58607101
v -53.24646759 59.91648102 25.54739952
v -53.12784576 59.91648102 25.48727798
v -53.02143097 59.91648102 25.40752029
v -52.93043518 59.91648102 25.31053925
v -52.8576088 59.91648102 25.19926453
v -52.56494522 59.91648102 24.20429993
v -57.90845871 59.91648102 23.97255898
v -59.0224762 59.91648102 24.37843513
v -57.98482513 59.91648102 24.07781792
v -58.04424286 59.91648102 24.19349861
v -58.08531952 59.91648102 24.3168869
v -58.10709 59.91648102 24.44509697
v -58.10905075 59.91648102 24.57512856
v -58.09114838 59.91648102 24.70393753
v -60.06138611 59.91648102 27.03275871
v -57.74772644 59.91648102 26.27917099
v -59.8194313 59.91648102 27.33760834
v -59.70821762 59.91648102 27.40686417
v -60.15007782 59.91648102 24.74487305
v -60.70954132 59.91648102 25.55635834
v -61.28987885 59.91648102 25.07141876
v -61.16567612 59.91648102 25.11146355
v -61.04907227 59.91648102 25.17004776
v -60.94280624 59.91648102 25.24579048
v -60.84938431 59.91648102 25.33690643
v -60.77101898 59.91648102 25.44124985
v -59.99864578 59.91648102 27.14777184
v -59.91719818 59.91648102 27.25039291
v -59.13788223 59.91648102 27.6974659
v -57.81503296 59.91648102 26.79232788
v -57.76500702 59.91648102 26.67036057
v -59.01459122 59.91648102 27.74731445
v -58.11044693 59.91648102 27.36605072
v -58.88452911 59.91648102 27.77505493
v -58.75163269 59.91648102 27.77985382
v -58.61990356 59.91648102 27.76156425
v -58.49334335 59.91648102 27.72073746
v -58.37575912 59.91648102 27.6586113
v -58.27071381 59.91648102 27.57705879
v -58.1813736 59.91648102 27.47854614
v -57.73666382 59.91648102 26.54161453
v -57.73084641 59.91648102 26.40991402
v -62.97813797 59.91648102 25.47681618
v -64.14192963 59.91648102 25.70342636
v -63.07003403 59.91648102 25.5688324
v -63.14681625 59.91648102 25.67379379
v -63.20668793 59.91648102 25.78923798
v -63.24824905 59.91648102 25.91246414
v -63.27052307 59.91648102 26.04058838
v -63.27299118 59.91648102 26.17061234
v -65.58328247 59.91648102 28.16254807
v -63.18021774 59.91648102 27.78017235
v -65.39199829 59.91648102 28.50149345
v -65.29298401 59.91648102 28.58729553
v -65.31297302 59.91648102 25.88895607
v -65.99250031 59.91648102 26.60293388
v -66.48982239 59.91648102 26.03317451
v -66.37342072 59.91648102 26.09215736
v -66.26741028 59.91648102 26.16826248
v -66.17430878 59.91648102 26.25969696
v -66.09629059 59.91648102 26.3643055
v -66.03520966 59.91648102 26.47962379
v -65.53930664 59.91648102 28.28595924
v -65.47491455 59.91648102 28.40005684
v -64.77513123 59.91648102 28.96353912
v -63.32697296 59.91648102 28.27648354
v -63.25848389 59.91648102 28.16384315
v -64.6611557 59.91648102 29.03205872
v -63.70849991 59.91648102 28.79693031
v -64.53703308 59.91648102 29.07980728
v -64.40652466 59.91648102 29.10533714
v -64.27355957 59.91648102 29.10787773
v -64.14216614 59.91648102 29.08735275
v -64.01631165 59.91648102 29.044384
v -63.89979935 59.91648102 28.98027039
v -63.79615402 59.91648102 28.89694595
v -63.21035004 59.91648102 28.04111671
v -63.18399811 59.91648102 27.91194916
v -68.22071838 59.91648102 26.16947937
v -69.40563965 59.91648102 26.21124268
v -68.32588196 59.91648102 26.24599075
v -68.4181366 59.91648102 26.33764648
v -68.49533081 59.91648102 26.4423027
v -68.55565643 59.91648102 26.55751228
v -68.59770203 59.91648102 26.68057442
v -68.62047577 59.91648102 26.8086071
v -70.59128571 59.91648102 26.21129608
v -68.78063965 59.91648102 28.4128685
v -71.39702606 59.91648102 26.6817112
v -71.37413788 59.91648102 26.81018448
v -71.77620697 59.91648102 26.16964149
v -71.67046356 59.91648102 26.2461071
v -71.57766724 59.91648102 26.33785629
v -71.50000763 59.91648102 26.44273376
v -71.4393158 59.91648102 26.55825615
v -71.21393585 59.91648102 28.41461182
v -71.18980408 59.91648102 28.54338455
v -70.99365997 59.91648102 28.8795433
v -71.1440506 59.91648102 28.66615105
v -71.07802582 59.91648102 28.77930832
v -69.00322723 59.91648102 28.88011169
v -68.80499268 59.91648102 28.54242706
v -68.85121918 59.91648102 28.66588593
v -68.91796112 59.91648102 28.77957153
v -70.54103088 59.91648102 29.33216476
v -70.43917847 59.91648102 29.4176712
v -69.46147156 59.91648102 29.33446693
v -70.32405853 59.91648102 29.4842453
v -69.56369019 59.91648102 29.41953659
v -69.67910004 59.91648102 29.48562241
v -70.19914246 59.91648102 29.52987862
v -69.80419922 59.91648102 29.53071976
v -70.06821442 59.91648102 29.55318832
v -69.93523407 59.91648102 29.55347252
v -73.50711823 59.91648102 26.03349686
v -74.68397522 59.91648102 25.88938141
v -73.62294769 59.91648102 26.09261513
v -73.72840118 59.91648102 26.16871071
v -73.82102203 59.91648102 26.26000404
v -73.89862823 59.91648102 26.36435509
v -73.95940399 59.91648102 26.47932434
v -74.00193024 59.91648102 26.60222054
v -75.8550415 59.91648102 25.70396042
v -74.41107941 59.91648102 28.1616745
v -76.72193146 59.91648102 26.17300797
v -76.81469727 59.91648102 27.78274536
v -77.01885223 59.91648102 25.47745514
v -76.92636871 59.91648102 25.56952286
v -76.84906769 59.91648102 25.67465973
v -76.78877258 59.91648102 25.79039001
v -76.7469101 59.91648102 25.91398621
v -76.72444916 59.91648102 26.04253769
v -76.81100464 59.91648102 27.91370773
v -76.78501892 59.91648102 28.04211807
v -76.73751068 59.91648102 28.16421509
v -76.66986084 59.91648102 28.27641296
v -76.29361725 59.91648102 28.79426765
v -75.34197235 59.91648102 29.03345299
v -75.22770691 59.91648102 28.96541977
v -76.20639038 59.91648102 28.89465332
v -76.10310364 59.91648102 28.97842026
v -75.98686218 59.91648102 29.04302979
v -75.8611908 59.91648102 29.0865345
v -75.72988892 59.91648102 29.10761833
v -75.5969162 59.91648102 29.10564423
v -75.46629333 59.91648102 29.0806694
v -74.70402527 59.91648102 28.58834457
v -74.6040802 59.91648102 28.50238037
v -74.52037048 59.91648102 28.40053558
v -74.45539856 59.91648102 28.28582954
v -78.70715332 59.91648102 25.07221222
v -79.84697723 59.91648102 24.74577141
v -78.83081055 59.91648102 25.11248398
v -78.9468689 59.91648102 25.17114449
v -79.05262756 59.91648102 25.24682617
v -79.14559937 59.91648102 25.3377533
v -79.22361755 59.91648102 25.44179916
v -79.28485107 59.91648102 25.55652809
v -80.974617 59.91648102 24.37943649
v -79.9329071 59.91648102 27.03277779
v -81.90421295 59.91648102 24.70709801
v -82.24765015 59.91648102 26.28250504
v -82.08866882 59.91648102 23.97365952
v -82.01172638 59.91648102 24.0790596
v -81.951828 59.91648102 24.19499588
v -81.91038513 59.91648102 24.31873512
v -81.88835907 59.91648102 24.44736099
v -81.8862915 59.91648102 24.5778389
v -82.26448822 59.91648102 26.41243172
v -82.25891876 59.91648102 26.54332924
v -82.23109436 59.91648102 26.67135239
v -82.18182373 59.91648102 26.79275322
v -81.89122009 59.91648102 27.36308861
v -80.9887085 59.91648102 27.74820137
v -80.86521149 59.91648102 27.69887924
v -81.82078552 59.91648102 27.47588348
v -81.73186493 59.91648102 27.5747757
v -81.62716675 59.91648102 27.65677452
v -81.50984955 59.91648102 27.71940422
v -81.38345337 59.91648102 27.76076889
v -81.2518158 59.91648102 27.77961922
v -81.11889648 59.91648102 27.77538681
v -80.28899384 59.91648102 27.40836906
v -80.17683411 59.91648102 27.33909798
v -80.07821655 59.91648102 27.25160217
v -79.99610138 59.91648102 27.14847374
v -63.62551117 67.31648254 -9.32117271
v -63.67877197 67.31648254 -9.23727226
v -63.21065903 67.31648254 -8.1359272
v -62.87190247 67.31648254 -8.48202229
v -63.73518372 67.31648254 -9.15568924
v -63.79658127 67.31648254 -9.07776356
v -63.86084747 67.31648254 -9.00193596
v -64.02848053 67.31648254 -8.83127022
v -63.56411743 67.31648254 -7.8027544
v -64.19934082 67.31648254 -8.66391087
v -64.37394714 67.31648254 -8.50042152
v -63.81576157 67.31648254 -7.56974173
v -64.55047607 67.31648254 -8.33890724
v -64.06123352 67.31648254 -7.33088779
v -64.74789429 67.31648254 -8.15644455
v -64.29466248 67.31648254 -7.08059978
v -64.94085693 67.31648254 -7.96967316
v -65.12539673 67.31648254 -7.77471542
v -64.51773834 67.31648254 -6.82048988
v -65.30355072 67.31648254 -7.57355976
v -64.61294556 67.31648254 -6.65626526
v -65.43727112 67.31648254 -7.39276361
v -64.68932343 67.31648254 -6.48586369
v -65.56128693 67.31648254 -7.20620251
v -65.66816711 67.31648254 -7.00946569
v -64.71495819 67.31648254 -6.39654636
v -65.76398468 67.31648254 -6.8061657
v -64.73272705 67.31648254 -6.30464554
v -65.82568359 67.31648254 -6.61809158
v -64.75511169 67.31648254 -6.11653376
v -65.87347412 67.31648254 -6.42738628
v -65.89823914 67.31648254 -6.23232889
v -65.90927887 67.31648254 -6.03467846
v -65.87049866 67.31648254 -5.69925833
v -64.74377441 67.31648254 -5.95387983
v -65.83615875 67.31648254 -5.53794336
v -65.78387451 67.31648254 -5.38430119
v -65.70952606 67.31648254 -5.24008989
v -65.61702728 67.31648254 -5.10364151
v -64.73157501 67.31648254 -5.87494802
v -64.71154785 67.31648254 -5.79889011
v -65.40177155 67.31648254 -4.84368229
v -64.68139648 67.31648254 -5.72654819
v -65.08699036 67.31648254 -4.62858963
v -64.64214325 67.31648254 -5.657547
v -64.9234848 67.31648254 -4.53816032
v -64.5484314 67.31648254 -5.52512836
v -64.75263214 67.31648254 -4.46823025
v -64.42101288 67.31648254 -5.43275547
v -64.57350922 67.31648254 -4.42141628
v -64.35456848 67.31648254 -5.3938427
v -64.38796234 67.31648254 -4.39257097
v -64.28484344 67.31648254 -5.36364317
v -64.21139526 67.31648254 -5.34334087
v -64.13504028 67.31648254 -5.33075428
v -64.00613403 67.31648254 -4.36482811
v -63.97748947 67.31648254 -5.31844378
v -63.81849289 67.31648254 -5.33228016
v -63.64427567 67.31648254 -4.39125109
v -63.74158859 67.31648254 -5.34585857
v -63.46733475 67.31648254 -4.41714811
v -63.6678009 67.31648254 -5.36742735
v -63.29518127 67.31648254 -4.45826721
v -63.5979805 67.31648254 -5.399158
v -63.53157806 67.31648254 -5.43967438
v -63.1291275 67.31648254 -4.51873684
v -63.40450287 67.31648254 -5.53536034
v -62.9683342 67.31648254 -4.59592772
v -62.65552521 67.31648254 -4.77819777
v -63.29837799 67.31648254 -5.69898796
v -62.39537048 67.31648254 -5.06956625
v -63.2193718 67.31648254 -5.87259007
v -63.2538414 67.31648254 -5.78393698
v -62.28357697 67.31648254 -5.22431803
v -62.19360352 67.31648254 -5.38989115
v -63.1787796 67.31648254 -6.06032181
v -62.12728119 67.31648254 -5.56719542
v -62.07909393 67.31648254 -5.75349569
v -62.01296234 67.31648254 -6.14109039
v -63.15893555 67.31648254 -6.25568819
v -62.56095886 67.31648254 -8.85255718
v -62.27080917 67.31648254 -9.24136353
v -62.12903976 67.31648254 -9.51352119
v -62.010849 67.31648254 -9.79371929
v -61.93234253 67.31648254 -10.08745098
v -61.87789917 67.31648254 -10.38938522
v -65.90927887 67.31648254 -10.38938522
v -65.90927887 67.31648254 -9.32117271
v -63.79658127 67.91648102 -9.07776356
v -63.86084747 67.91648102 -9.00193596
v -63.73518372 67.91648102 -9.15568924
v -63.67877197 67.91648102 -9.23727226
v -63.62551117 67.91648102 -9.32117271
v -64.37394714 67.91648102 -8.50042152
v -64.55047607 67.91648102 -8.33890724
v -64.19934082 67.91648102 -8.66391087
v -64.02848053 67.91648102 -8.83127022
v -65.12539673 67.91648102 -7.77471542
v -65.30355072 67.91648102 -7.57355976
v -64.94085693 67.91648102 -7.96967316
v -64.74789429 67.91648102 -8.15644455
v -65.66816711 67.91648102 -7.00946569
v -65.76398468 67.91648102 -6.8061657
v -65.56128693 67.91648102 -7.20620251
v -65.43727112 67.91648102 -7.39276361
v -65.89823914 67.91648102 -6.23232889
v -65.90927887 67.91648102 -6.03467846
v -65.87347412 67.91648102 -6.42738628
v -65.82568359 67.91648102 -6.61809158
v -65.61702728 67.91648102 -5.10364151
v -65.40177155 67.91648102 -4.84368229
v -65.70952606 67.91648102 -5.24008989
v -65.78387451 67.91648102 -5.38430119
v -65.83615875 67.91648102 -5.53794336
v -65.87049866 67.91648102 -5.69925833
v -64.38796234 67.91648102 -4.39257097
v -64.00613403 67.91648102 -4.36482811
v -64.57350922 67.91648102 -4.42141628
v -64.75263214 67.91648102 -4.46823025
v -64.9234848 67.91648102 -4.53816032
v -65.08699036 67.91648102 -4.62858963
v -62.9683342 67.91648102 -4.59592772
v -62.65552521 67.91648102 -4.77819777
v -63.1291275 67.91648102 -4.51873684
v -63.29518127 67.91648102 -4.45826721
v -63.46733475 67.91648102 -4.41714811
v -63.64427567 67.91648102 -4.39125109
v -62.07909393 67.91648102 -5.75349569
v -62.01296234 67.91648102 -6.14109039
v -62.12728119 67.91648102 -5.56719542
v -62.19360352 67.91648102 -5.38989115
v -62.28357697 67.91648102 -5.22431803
v -62.39537048 67.91648102 -5.06956625
v -63.15893555 67.91648102 -6.25568819
v -63.29837799 67.91648102 -5.69898796
v -63.40450287 67.91648102 -5.53536034
v -63.2538414 67.91648102 -5.78393698
v -63.2193718 67.91648102 -5.87259007
v -63.1787796 67.91648102 -6.06032181
v -63.81849289 67.91648102 -5.33228016
v -63.97748947 67.91648102 -5.31844378
v -63.74158859 67.91648102 -5.34585857
v -63.6678009 67.91648102 -5.36742735
v -63.5979805 67.91648102 -5.399158
v -63.53157806 67.91648102 -5.43967438
v -64.42101288 67.91648102 -5.43275547
v -64.5484314 67.91648102 -5.52512836
v -64.35456848 67.91648102 -5.3938427
v -64.28484344 67.91648102 -5.36364317
v -64.21139526 67.91648102 -5.34334087
v -64.13504028 67.91648102 -5.33075428
v -64.74377441 67.91648102 -5.95387983
v -64.75511169 67.91648102 -6.11653376
v -64.73157501 67.91648102 -5.87494802
v -64.71154785 67.91648102 -5.79889011
v -64.68139648 67.91648102 -5.72654819
v -64.64214325 67.91648102 -5.657547
v -64.61294556 67.91648102 -6.65626526
v -64.51773834 67.91648102 -6.82048988
v -64.68932343 67.91648102 -6.48586369
v -64.71495819 67.91648102 -6.39654636
v -64.73272705 67.91648102 -6.30464554
v -63.81576157 67.91648102 -7.56974173
v -63.56411743 67.91648102 -7.8027544
v -64.06123352 67.91648102 -7.33088779
v -64.29466248 67.91648102 -7.08059978
v -62.56095886 67.91648102 -8.85255718
v -62.27080917 67.91648102 -9.24136353
v -62.87190247 67.91648102 -8.48202229
v -63.21065903 67.91648102 -8.1359272
v -61.93234253 67.91648102 -10.08745098
v -61.87789917 67.91648102 -10.38938522
v -62.010849 67.91648102 -9.79371929
v -62.12903976 67.91648102 -9.51352119
v -65.90927887 67.91648102 -10.38938522
v -65.90927887 67.91648102 -9.32117271
v -66.87052917 66.91648865 -7.84258938
v -66.4203949 66.46648407 -7.86617279
v -66.84999847 66.91648865 -7.48351622
v -66.40000153 66.46648407 -7.48351622
v -66.4203949 66.46648407 -7.10085964
v -66.93186188 66.91648865 -8.19698143
v -66.48134613 66.46648407 -8.24449444
v -67.03318787 66.91648865 -8.5420723
v -66.58216858 66.46648407 -8.61419296
v -67.17319489 66.91648865 -8.87336349
v -66.72171783 66.46648407 -8.97107983
v -67.35005188 66.91648865 -9.18653488
v -66.89840698 66.46648407 -9.31111336
v -67.56145477 66.91648865 -9.47750568
v -67.11023712 66.46648407 -9.6304388
v -67.80464935 66.91648865 -9.74248123
v -67.35481262 66.46648407 -9.92543983
v -68.07646179 66.91648865 -9.97800827
v -67.93076324 66.46648407 -10.42940617
v -67.62936401 66.46648407 -10.19277096
v -68.37334442 66.91648865 -10.18101597
v -68.25561523 66.46648407 -10.63266373
v -68.6914444 66.91648865 -10.34885788
v -68.60023499 66.46648407 -10.80023956
v -69.02659607 66.91648865 -10.47934437
v -68.96070862 66.46648407 -10.93023491
v -69.37444305 66.91648865 -10.57077599
v -69.33296204 66.46648407 -11.0211792
v -69.73043823 66.91648865 -10.62196159
v -69.71276855 66.46648407 -11.0720396
v -70.08995056 66.91648865 -10.63223267
v -70.09583282 66.46648407 -11.0822401
v -70.44829559 66.91648865 -10.60145378
v -70.47781372 66.46648407 -11.05166626
v -70.80078888 66.91648865 -10.5300293
v -70.85437775 66.46648407 -10.98066425
v -71.14284515 66.91648865 -10.41888809
v -71.22126007 66.46648407 -10.87003708
v -71.47000122 66.91648865 -10.26947975
v -71.5743103 66.46648407 -10.72103977
v -71.77799988 66.91648865 -10.08375263
v -71.90951538 66.46648407 -10.53536034
v -72.06281281 66.91648865 -9.86412811
v -72.2230835 66.46648407 -10.31510258
v -72.32073212 66.91648865 -9.61346722
v -72.51147461 66.46648407 -10.06276131
v -72.54840088 66.91648865 -9.33504009
v -72.99993134 66.46648407 -9.47359657
v -72.77140045 66.46648407 -9.78119564
v -72.74285126 66.91648865 -9.03247547
v -73.19446564 66.46648407 -9.14344978
v -72.90154266 66.91648865 -8.70971775
v -73.35280609 66.46648407 -8.79449463
v -73.0223999 66.91648865 -8.37097359
v -73.47315979 66.46648407 -8.430686
v -73.10386658 66.91648865 -8.02066135
v -73.5541687 66.46648407 -8.05614567
v -73.14486694 66.91648865 -7.66334629
v -73.59490204 66.46648407 -7.67511606
v -73.14486694 66.91648865 -7.30368662
v -73.59490204 66.46648407 -7.29191685
v -73.10386658 66.91648865 -6.94637203
v -73.5541687 66.46648407 -6.91088772
v -73.0223999 66.91648865 -6.59605932
v -73.47315979 66.46648407 -6.53634739
v -72.90154266 66.91648865 -6.25731564
v -73.35280609 66.46648407 -6.17253828
v -72.74285126 66.91648865 -5.93455791
v -73.19446564 66.46648407 -5.8235836
v -72.54840088 66.91648865 -5.63199282
v -72.99993134 66.46648407 -5.49343634
v -72.32073212 66.91648865 -5.35356569
v -72.77140045 66.46648407 -5.18583727
v -72.06281281 66.91648865 -5.10290527
v -72.2230835 66.46648407 -4.65193081
v -72.51147461 66.46648407 -4.90427208
v -71.77799988 66.91648865 -4.88328028
v -71.90951538 66.46648407 -4.43167257
v -71.47000122 66.91648865 -4.69755268
v -71.5743103 66.46648407 -4.24599266
v -71.14284515 66.91648865 -4.54814482
v -71.22126007 66.46648407 -4.09699535
v -70.80078888 66.91648865 -4.43700409
v -70.85437775 66.46648407 -3.98636866
v -70.44829559 66.91648865 -4.36557865
v -70.47781372 66.46648407 -3.91536617
v -70.08995056 66.91648865 -4.3348012
v -70.09583282 66.46648407 -3.88479233
v -69.73043823 66.91648865 -4.34507179
v -69.71276855 66.46648407 -3.89499331
v -69.37444305 66.91648865 -4.39625645
v -69.33296204 66.46648407 -3.94585371
v -69.02659607 66.91648865 -4.48768854
v -68.96070862 66.46648407 -4.03679752
v -68.6914444 66.91648865 -4.61817551
v -68.60023499 66.46648407 -4.16679335
v -68.37334442 66.91648865 -4.78601694
v -68.25561523 66.46648407 -4.33436918
v -68.07646179 66.91648865 -4.98902416
v -67.93076324 66.46648407 -4.53762627
v -67.80464935 66.91648865 -5.22455168
v -67.62936401 66.46648407 -4.77426147
v -67.56145477 66.91648865 -5.48952675
v -67.11023712 66.46648407 -5.3365941
v -67.35481262 66.46648407 -5.04159403
v -67.35005188 66.91648865 -5.78049755
v -66.89840698 66.46648407 -5.65591908
v -67.17319489 66.91648865 -6.09366989
v -66.72171783 66.46648407 -5.99595261
v -67.03318787 66.91648865 -6.42496109
v -66.58216858 66.46648407 -6.35283995
v -66.93186188 66.91648865 -6.77005196
v -66.48134613 66.46648407 -6.72253895
v -66.87052917 66.91648865 -7.12444353
v -66.40000153 54.3664856 -7.48351622
v -66.4203949 54.3664856 -7.10085964
v -66.4203949 60.41648483 -7.10085964
v -66.40000153 60.41648483 -7.48351622
v -66.48134613 54.3664856 -6.72253895
v -66.48134613 60.41648483 -6.72253895
v -66.58216858 54.3664856 -6.35283995
v -66.58216858 60.41648483 -6.35283995
v -66.72171783 54.3664856 -5.99595261
v -66.72171783 60.41648483 -5.99595261
v -66.89840698 54.3664856 -5.65591908
v -66.89840698 60.41648483 -5.65591908
v -67.11023712 54.3664856 -5.3365941
v -67.11023712 60.41648483 -5.3365941
v -67.35481262 54.3664856 -5.04159403
v -67.35481262 60.41648483 -5.04159403
v -67.62936401 54.3664856 -4.77426147
v -67.62936401 60.41648483 -4.77426147
v -67.93076324 54.3664856 -4.53762627
v -67.93076324 60.41648483 -4.53762627
v -68.25561523 54.3664856 -4.33436918
v -68.25561523 60.41648483 -4.33436918
v -68.60023499 54.3664856 -4.16679335
v -68.60023499 60.41648483 -4.16679335
v -68.96070862 54.3664856 -4.03679752
v -68.96070862 60.41648483 -4.03679752
v -69.33296204 54.3664856 -3.94585371
v -69.33296204 60.41648483 -3.94585371
v -69.71276855 54.3664856 -3.89499331
v -69.71276855 60.41648483 -3.89499331
v -70.09583282 54.3664856 -3.88479233
v -70.09583282 60.41648483 -3.88479233
v -70.47781372 54.3664856 -3.91536617
v -70.47781372 60.41648483 -3.91536617
v -70.85437775 54.3664856 -3.98636866
v -70.85437775 60.41648483 -3.98636866
v -71.22126007 54.3664856 -4.09699535
v -71.22126007 60.41648483 -4.09699535
v -71.5743103 54.3664856 -4.24599266
v -71.5743103 60.41648483 -4.24599266
v -71.90951538 54.3664856 -4.43167257
v -71.90951538 60.41648483 -4.43167257
v -72.2230835 54.3664856 -4.65193081
v -72.2230835 60.41648483 -4.65193081
v -72.51147461 54.3664856 -4.90427208
v -72.51147461 60.41648483 -4.90427208
v -72.77140045 54.3664856 -5.18583727
v -72.77140045 60.41648483 -5.18583727
v -72.99993134 54.3664856 -5.49343634
v -72.99993134 60.41648483 -5.49343634
v -73.19446564 54.3664856 -5.8235836
v -73.19446564 60.41648483 -5.8235836
v -73.35280609 54.3664856 -6.17253828
v -73.35280609 60.41648483 -6.17253828
v -73.47315979 54.3664856 -6.53634739
v -73.47315979 60.41648483 -6.53634739
v -73.5541687 54.3664856 -6.91088772
v -73.5541687 60.41648483 -6.91088772
v -73.59490204 54.3664856 -7.29191685
v -73.59490204 60.41648483 -7.29191685
v -73.59490204 54.3664856 -7.67511606
v -73.59490204 60.41648483 -7.67511606
v -73.5541687 54.3664856 -8.05614567
v -73.5541687 60.41648483 -8.05614567
v -73.47315979 54.3664856 -8.430686
v -73.47315979 60.41648483 -8.430686
v -73.35280609 54.3664856 -8.79449463
v -73.35280609 60.41648483 -8.79449463
v -73.19446564 54.3664856 -9.14344978
v -73.19446564 60.41648483 -9.14344978
v -72.99993134 54.3664856 -9.47359657
v -72.99993134 60.41648483 -9.47359657
v -72.77140045 54.3664856 -9.78119564
v -72.77140045 60.41648483 -9.78119564
v -72.51147461 54.3664856 -10.06276131
v -72.51147461 60.41648483 -10.06276131
v -72.2230835 54.3664856 -10.31510258
v -72.2230835 60.41648483 -10.31510258
v -71.90951538 54.3664856 -10.53536034
v -71.90951538 60.41648483 -10.53536034
v -71.5743103 54.3664856 -10.72103977
v -71.5743103 60.41648483 -10.72103977
v -71.22126007 54.3664856 -10.87003708
v -71.22126007 60.41648483 -10.87003708
v -70.85437775 54.3664856 -10.98066425
v -70.85437775 60.41648483 -10.98066425
v -70.47781372 54.3664856 -11.05166626
v -70.47781372 60.41648483 -11.05166626
v -70.09583282 54.3664856 -11.0822401
v -70.09583282 60.41648483 -11.0822401
v -69.71276855 54.3664856 -11.0720396
v -69.71276855 60.41648483 -11.0720396
v -69.33296204 54.3664856 -11.0211792
v -69.33296204 60.41648483 -11.0211792
v -68.96070862 54.3664856 -10.93023491
v -68.96070862 60.41648483 -10.93023491
v -68.60023499 54.3664856 -10.80023956
v -68.60023499 60.41648483 -10.80023956
v -68.25561523 54.3664856 -10.63266373
v -68.25561523 60.41648483 -10.63266373
v -67.93076324 54.3664856 -10.42940617
v -67.93076324 60.41648483 -10.42940617
v -67.62936401 54.3664856 -10.19277096
v -67.62936401 60.41648483 -10.19277096
v -67.35481262 54.3664856 -9.92543983
v -67.35481262 60.41648483 -9.92543983
v -67.11023712 54.3664856 -9.6304388
v -67.11023712 60.41648483 -9.6304388
v -66.89840698 54.3664856 -9.31111336
v -66.89840698 60.41648483 -9.31111336
v -66.72171783 54.3664856 -8.97107983
v -66.72171783 60.41648483 -8.97107983
v -66.58216858 54.3664856 -8.61419296
v -66.58216858 60.41648483 -8.61419296
v -66.48134613 54.3664856 -8.24449444
v -66.48134613 60.41648483 -8.24449444
v -66.4203949 54.3664856 -7.86617279
v -66.4203949 60.41648483 -7.86617279
v -66.87052917 53.91648102 -7.12444353
v -66.84999847 53.91648102 -7.48351622
v -66.93186188 53.91648102 -6.77005196
v -67.03318787 53.91648102 -6.42496109
v -67.17319489 53.91648102 -6.09366989
v -67.35005188 53.91648102 -5.78049755
v -67.56145477 53.91648102 -5.48952675
v -67.80464935 53.91648102 -5.22455168
v -68.07646179 53.91648102 -4.98902416
v -68.37334442 53.91648102 -4.78601694
v -68.6914444 53.91648102 -4.61817551
v -69.02659607 53.91648102 -4.48768854
v -69.37444305 53.91648102 -4.39625645
v -69.73043823 53.91648102 -4.34507179
v -70.08995056 53.91648102 -4.3348012
v -70.44829559 53.91648102 -4.36557865
v -70.80078888 53.91648102 -4.43700409
v -71.14284515 53.91648102 -4.54814482
v -71.47000122 53.91648102 -4.69755268
v -71.77799988 53.91648102 -4.88328028
v -72.06281281 53.91648102 -5.10290527
v -72.32073212 53.91648102 -5.35356569
v -72.54840088 53.91648102 -5.63199282
v -72.74285126 53.91648102 -5.93455791
v -72.90154266 53.91648102 -6.25731564
v -73.0223999 53.91648102 -6.59605932
v -73.10386658 53.91648102 -6.94637203
v -73.14486694 53.91648102 -7.30368662
v -73.14486694 53.91648102 -7.66334629
v -73.10386658 53.91648102 -8.02066135
v -73.0223999 53.91648102 -8.37097359
v -72.90154266 53.91648102 -8.70971775
v -72.74285126 53.91648102 -9.03247547
v -72.54840088 53.91648102 -9.33504009
v -72.32073212 53.91648102 -9.61346722
v -72.06281281 53.91648102 -9.86412811
v -71.77799988 53.91648102 -10.08375263
v -71.47000122 53.91648102 -10.26947975
v -71.14284515 53.91648102 -10.41888809
v -70.80078888 53.91648102 -10.5300293
v -70.44829559 53.91648102 -10.60145378
v -70.08995056 53.91648102 -10.63223267
v -69.73043823 53.91648102 -10.62196159
v -69.37444305 53.91648102 -10.57077599
v -69.02659607 53.91648102 -10.47934437
v -68.6914444 53.91648102 -10.34885788
v -68.37334442 53.91648102 -10.18101597
v -68.07646179 53.91648102 -9.97800827
v -67.80464935 53.91648102 -9.74248123
v -67.56145477 53.91648102 -9.47750568
v -67.35005188 53.91648102 -9.18653488
v -67.17319489 53.91648102 -8.87336349
v -67.03318787 53.91648102 -8.5420723
v -66.93186188 53.91648102 -8.19698143
v -66.87052917 53.91648102 -7.84258938
v -70 67.91648102 -10.63351631
v -70.35906982 67.91648102 -10.6129837
v -70.71346283 67.91648102 -10.55165386
v -71.0585556 67.91648102 -10.45032597
v -71.3898468 67.91648102 -10.31032181
v -71.70301819 67.91648102 -10.13346577
v -71.99398804 67.91648102 -9.92206287
v -72.25896454 67.91648102 -9.6788702
v -72.49449158 67.91648102 -9.40705681
v -72.69750214 67.91648102 -9.11016846
v -72.86534119 67.91648102 -8.7920742
v -72.99582672 67.91648102 -8.45691967
v -73.08725739 67.91648102 -8.1090765
v -73.13844299 67.91648102 -7.75307751
v -73.14871216 67.91648102 -7.39356518
v -73.11793518 67.91648102 -7.03522491
v -73.04650879 67.91648102 -6.68272877
v -72.9353714 67.91648102 -6.34067249
v -72.78596497 67.91648102 -6.01351452
v -72.60023499 67.91648102 -5.70552063
v -72.3806076 67.91648102 -5.42070484
v -72.12995148 67.91648102 -5.16278219
v -71.85152435 67.91648102 -4.93511295
v -71.54895782 67.91648102 -4.74066639
v -71.22620392 67.91648102 -4.58197689
v -70.8874588 67.91648102 -4.46111345
v -70.53713989 67.91648102 -4.37965202
v -70.17983246 67.91648102 -4.33865356
v -69.82016754 67.91648102 -4.33865356
v -69.46286011 67.91648102 -4.37965202
v -69.1125412 67.91648102 -4.46111345
v -68.77379608 67.91648102 -4.58197689
v -68.45104218 67.91648102 -4.74066639
v -68.14847565 67.91648102 -4.93511295
v -67.87004852 67.91648102 -5.16278219
v -67.6193924 67.91648102 -5.42070484
v -67.39976501 67.91648102 -5.70552063
v -67.21403503 67.91648102 -6.01351452
v -67.0646286 67.91648102 -6.34067249
v -66.95349121 67.91648102 -6.68272877
v -66.88206482 67.91648102 -7.03522491
v -66.85128784 67.91648102 -7.39356518
v -66.86155701 67.91648102 -7.75307751
v -66.91274261 67.91648102 -8.1090765
v -67.00417328 67.91648102 -8.45691967
v -67.13465881 67.91648102 -8.7920742
v -67.30249786 67.91648102 -9.11016846
v -67.50550842 67.91648102 -9.40705681
v -67.74103546 67.91648102 -9.6788702
v -68.00601196 67.91648102 -9.92206287
v -68.29698181 67.91648102 -10.13346577
v -68.6101532 67.91648102 -10.31032181
v -68.9414444 67.91648102 -10.45032597
v -69.28653717 67.91648102 -10.55165386
v -69.64093018 67.91648102 -10.6129837
v -66.86155701 52.91648483 -7.75307751
v -66.85128784 52.91648483 -7.39356518
v -66.91274261 52.91648483 -8.1090765
v -67.00417328 52.91648483 -8.45691967
v -67.13465881 52.91648483 -8.7920742
v -67.30249786 52.91648483 -9.11016846
v -67.50550842 52.91648483 -9.40705681
v -67.74103546 52.91648483 -9.6788702
v -68.00601196 52.91648483 -9.92206287
v -68.29698181 52.91648483 -10.13346577
v -68.6101532 52.91648483 -10.31032181
v -68.9414444 52.91648483 -10.45032597
v -69.28653717 52.91648483 -10.55165386
v -69.64093018 52.91648483 -10.6129837
v -70 52.91648483 -10.63351631
v -70.35906982 52.91648483 -10.6129837
v -70.71346283 52.91648483 -10.55165386
v -71.0585556 52.91648483 -10.45032597
v -71.3898468 52.91648483 -10.31032181
v -71.70301819 52.91648483 -10.13346577
v -71.99398804 52.91648483 -9.92206287
v -72.25896454 52.91648483 -9.6788702
v -72.49449158 52.91648483 -9.40705681
v -72.69750214 52.91648483 -9.11016846
v -72.86534119 52.91648483 -8.7920742
v -72.99582672 52.91648483 -8.45691967
v -73.08725739 52.91648483 -8.1090765
v -73.13844299 52.91648483 -7.75307751
v -73.14871216 52.91648483 -7.39356518
v -73.11793518 52.91648483 -7.03522491
v -73.04650879 52.91648483 -6.68272877
v -72.9353714 52.91648483 -6.34067249
v -72.78596497 52.91648483 -6.01351452
v -72.60023499 52.91648483 -5.70552063
v -72.3806076 52.91648483 -5.42070484
v -72.12995148 52.91648483 -5.16278219
v -71.85152435 52.91648483 -4.93511295
v -71.54895782 52.91648483 -4.74066639
v -71.22620392 52.91648483 -4.58197689
v -70.8874588 52.91648483 -4.46111345
v -70.53713989 52.91648483 -4.37965202
v -70.17983246 52.91648483 -4.33865356
v -69.82016754 52.91648483 -4.33865356
v -69.46286011 52.91648483 -4.37965202
v -69.1125412 52.91648483 -4.46111345
v -68.77379608 52.91648483 -4.58197689
v -68.45104218 52.91648483 -4.74066639
v -68.14847565 52.91648483 -4.93511295
v -67.87004852 52.91648483 -5.16278219
v -67.6193924 52.91648483 -5.42070484
v -67.39976501 52.91648483 -5.70552063
v -67.21403503 52.91648483 -6.01351452
v -67.0646286 52.91648483 -6.34067249
v -66.95349121 52.91648483 -6.68272877
v -66.88206482 52.91648483 -7.03522491
v -62.91606903 59.91648102 -17.37252808
v -62.91606903 62.5831604 -17.37252808
v -62.95955658 59.91648102 -17.24894142
v -62.91606903 65.24983978 -17.37252808
v -62.95955658 67.91651154 -17.24894142
v -62.91606903 67.91651154 -17.37252808
v -62.89430618 65.24983978 -17.50172234
v -62.89430618 67.91651154 -17.50172234
v -62.89490509 65.24983978 -17.6327343
v -62.89490509 67.91651154 -17.6327343
v -62.91785812 67.91651154 -17.76172256
v -62.89490509 62.5831604 -17.6327343
v -62.91785812 59.91648102 -17.76172256
v -62.89490509 59.91648102 -17.6327343
v -62.89430618 62.5831604 -17.50172234
v -62.89430618 59.91648102 -17.50172234
v -63.08352661 59.91648102 -18.38001633
v -63.08352661 67.91651154 -18.38001633
v -63.12898254 59.91648102 -18.50499344
v -63.12898254 62.5831604 -18.50499344
v -63.12898254 65.24983978 -18.50499344
v -63.12898254 67.91651154 -18.50499344
v -63.19539642 65.24983978 -18.62021065
v -63.19539642 67.91651154 -18.62021065
v -63.28075409 65.24983978 -18.72218704
v -63.28075409 67.91651154 -18.72218704
v -63.38248825 65.24983978 -18.80783844
v -63.38248825 67.91651154 -18.80783844
v -63.49751282 65.24983978 -18.87457657
v -63.49751282 67.91651154 -18.87457657
v -63.62236404 65.24983978 -18.92038727
v -63.62236404 67.91651154 -18.92038727
v -63.75326157 65.24983978 -18.9438839
v -63.75326157 67.91651154 -18.9438839
v -63.88624573 65.24983978 -18.94435501
v -63.88624573 67.91651154 -18.94435501
v -64.01730347 67.91651154 -18.92179108
v -63.88624573 62.5831604 -18.94435501
v -64.01730347 59.91648102 -18.92179108
v -63.88624573 59.91648102 -18.94435501
v -63.75326157 62.5831604 -18.9438839
v -63.75326157 59.91648102 -18.9438839
v -63.62236404 62.5831604 -18.92038727
v -63.62236404 59.91648102 -18.92038727
v -63.49751282 62.5831604 -18.87457657
v -63.49751282 59.91648102 -18.87457657
v -63.38248825 62.5831604 -18.80783844
v -63.38248825 59.91648102 -18.80783844
v -63.28075409 62.5831604 -18.72218704
v -63.28075409 59.91648102 -18.72218704
v -63.19539642 62.5831604 -18.62021065
v -63.19539642 59.91648102 -18.62021065
v -64.64133453 59.91648102 -18.75742912
v -64.64133453 67.91651154 -18.75742912
v -64.76544952 59.91648102 -18.71299362
v -64.76544952 62.5831604 -18.71299362
v -64.76544952 65.24983978 -18.71299362
v -64.76544952 67.91651154 -18.71299362
v -64.88008881 65.24983978 -18.64790916
v -64.88008881 67.91651154 -18.64790916
v -64.9818573 65.24983978 -18.56410789
v -64.9818573 67.91651154 -18.56410789
v -65.06772614 67.91651154 -18.46408081
v -64.9818573 62.5831604 -18.56410789
v -65.06772614 59.91648102 -18.46408081
v -64.9818573 59.91648102 -18.56410789
v -64.88008881 62.5831604 -18.64790916
v -64.88008881 59.91648102 -18.64790916
v -66.00855255 59.91648102 -17.15482903
v -66.00855255 67.91651154 -17.15482903
v -67.00524902 67.91648102 -16.85801125
v -66.35903168 67.91648102 -16.58893776
v -66.35903168 67.91651154 -16.58893776
v -67.00524902 67.91651154 -16.85801125
v -65.7275238 67.91648102 -16.28696823
v -65.7275238 67.91651154 -16.28696823
v -65.11238098 67.91648102 -15.95290756
v -65.11238098 67.91651154 -15.95290756
v -64.51524353 67.91648102 -15.58763885
v -64.51524353 67.91651154 -15.58763885
v -63.93769836 67.91648102 -15.19212818
v -63.93769836 67.91651154 -15.19212818
v -63.38126373 67.91648102 -14.76742554
v -63.38126373 67.91651154 -14.76742554
v -63.50152969 67.91648102 -14.88570309
v -63.50152969 59.91648102 -14.88570309
v -63.56676102 62.5831604 -14.97534657
v -63.57974243 59.91648102 -14.99655247
v -63.63932037 59.91648102 -15.11843491
v -63.63150024 62.5831604 -15.09924698
v -63.67875671 59.91648102 -15.24824142
v -63.67506027 62.5831604 -15.23208237
v -63.69703293 59.91648102 -15.3826704
v -63.69625473 62.5831604 -15.3702631
v -63.69369125 59.91648102 -15.51829338
v -63.69451523 62.5831604 -15.51004601
v -63.66881561 59.91648102 -15.6516571
v -63.66988373 62.5831604 -15.64765549
v -63.62303162 67.91651154 -15.77936554
v -63.62303162 59.91648102 -15.77936554
v -63.66988373 65.24983978 -15.64765549
v -63.66421127 67.91651154 -15.66799927
v -63.68947601 67.91651154 -15.55198097
v -63.69451523 65.24983978 -15.51004601
v -63.69831848 67.91651154 -15.43357468
v -63.69625473 65.24983978 -15.3702631
v -63.69058228 67.91651154 -15.31509018
v -63.66640472 67.91651154 -15.19884109
v -63.67506027 65.24983978 -15.23208237
v -63.62626648 67.91651154 -15.08709526
v -63.63150024 65.24983978 -15.09924698
v -63.57094574 67.91651154 -14.98203278
v -63.56676102 65.24983978 -14.97534657
v -63.50152969 67.91651154 -14.88570309
v -63.46408463 67.91648102 -14.843647
v -63.44433594 67.91651154 -14.82357216
v -63.42393494 67.91648102 -14.80416393
v -66.89524078 67.91648102 -16.82386208
v -66.83876038 67.91651154 -16.81245422
v -66.83876038 67.91648102 -16.81245422
v -66.73254395 65.24983978 -16.80152321
v -66.73254395 62.5831604 -16.80152321
v -66.59294891 65.24983978 -16.80747223
v -66.59294891 62.5831604 -16.80747223
v -66.4562149 65.24983978 -16.83621025
v -66.4562149 62.5831604 -16.83621025
v -66.32603455 65.24983978 -16.88696098
v -66.32603455 62.5831604 -16.88696098
v -66.20592499 65.24983978 -16.95834923
v -66.20592499 62.5831604 -16.95834923
v -66.09913635 65.24983978 -17.04845238
v -66.09913635 62.5831604 -17.04845238
v -66.08401489 67.91651154 -17.06389236
v -66.92316437 67.91651154 -16.83099556
v -66.95082855 67.91648102 -16.83906937
v -66.72113037 67.91651154 -16.80114555
v -66.60307312 67.91651154 -16.80626297
v -66.48686218 67.91651154 -16.82770348
v -66.37474823 67.91651154 -16.86505318
v -66.26890564 67.91651154 -16.91759109
v -66.17136383 67.91651154 -16.98430061
v -66.09580231 59.91648102 -17.05179024
v -66.19826508 59.91648102 -16.96386528
v -66.31336975 59.91648102 -16.89327431
v -66.43818665 59.91648102 -16.84179688
v -66.56958008 59.91648102 -16.8107357
v -66.70423889 59.91648102 -16.8008709
v -66.83876038 59.91648102 -16.81245422
v -61.53250122 67.91648102 -12.37441635
v -61.89819717 67.91648102 -12.97129154
v -60.4326973 67.91648102 -9.8264122
v -60.54302216 67.91648102 -10.23816681
v -60.38407135 67.91648102 -9.57723427
v -60.34028625 67.91648102 -9.41026878
v -60.37326431 67.91648102 -9.52063179
v -60.35864258 67.91648102 -9.46489143
v -60.2939949 67.91648102 -8.88305855
v -60.23974991 67.91648102 -8.18516827
v -60.22148132 67.91648102 -7.48541164
v -60.23925018 67.91648102 -6.78564167
v -60.29299164 67.91648102 -6.08771324
v -60.3825798 67.91648102 -5.3934741
v -60.43269348 67.91648102 -5.140625
v -60.54302216 67.91648102 -4.72887039
v -60.62550354 67.91648102 -4.48876572
v -60.89458084 67.91648102 -3.84255195
v -61.19654846 67.91648102 -3.21103907
v -61.53060913 67.91648102 -2.59589958
v -61.89587402 67.91648102 -1.99876356
v -62.29138947 67.91648102 -1.42121267
v -62.71609497 67.91648102 -0.86477709
v -62.88591385 67.91648102 -0.67085981
v -63.18733978 67.91648102 -0.3694343
v -63.37882614 67.91648102 -0.20273887
v -63.50152588 67.91648102 -0.08133284
v -63.42243958 67.91648102 -0.16507672
v -63.46340179 67.91648102 -0.12454595
v -63.9349556 67.91648102 0.22236148
v -64.51222229 67.91648102 0.61828393
v -65.10910034 67.91648102 0.9839797
v -65.72399902 67.91648102 1.3184799
v -66.3553009 67.91648102 1.62089837
v -67.00131989 67.91648102 1.89043403
v -67.24534607 67.91648102 1.97345984
v -67.65710449 67.91648102 2.08378935
v -67.90628052 67.91648102 2.13240957
v -68.60045624 67.91648102 2.22249126
v -69.29834747 67.91648102 2.27673578
v -69.99810791 67.91648102 2.29500008
v -70.69787598 67.91648102 2.27723551
v -71.39580536 67.91648102 2.22348881
v -72.09004211 67.91648102 2.13390279
v -72.34289551 67.91648102 2.08379054
v -72.7546463 67.91648102 1.97346115
v -72.99475098 67.91648102 1.89097857
v -73.16123962 67.91648102 1.84541988
v -73.10475922 67.91648102 1.85682833
v -73.04917145 67.91648102 1.87203789
v -68.60419464 67.91648102 -17.19052124
v -69.30212402 67.91648102 -17.24426842
v -67.90995789 67.91648102 -17.10093689
v -67.2453537 67.91648102 -16.94049454
v -73.64096832 67.91648102 1.62190413
v -74.2724762 67.91648102 1.31993628
v -75.48475647 67.91648102 0.62060541
v -74.88761902 67.91648102 0.98587501
v -76.06230164 67.91648102 0.22509506
v -77.11408234 67.91648102 -0.6708566
v -76.81266022 67.91648102 -0.36943123
v -78.10179901 67.91648102 -1.99574161
v -77.70587921 67.91648102 -1.41847312
v -78.80199432 67.91648102 -3.20751762
v -78.46749878 67.91648102 -2.59261656
v -79.10441589 67.91648102 -3.83881521
v -79.37394714 67.91648102 -4.48483658
v -79.70600891 67.91648102 -6.08397388
v -79.61592865 67.91648102 -5.38979912
v -79.76025391 67.91648102 -6.78186417
v -79.77851868 67.91648102 -7.48162079
v -79.70700836 67.91648102 -8.87932014
v -79.76074982 67.91648102 -8.18139076
v -79.45697784 67.91648102 -10.23816204
v -79.56730652 67.91648102 -9.82640743
v -79.10542297 67.91648102 -11.1244812
v -79.37449646 67.91648102 -10.47826672
v -78.10412598 67.91648102 -12.96826935
v -78.46939087 67.91648102 -12.3711338
v -77.70861053 67.91648102 -13.54582024
v -77.28390503 67.91648102 -14.10225677
v -76.06504822 67.91648102 -15.18939495
v -76.62117767 67.91648102 -14.76429462
v -75.48777771 67.91648102 -15.58531666
v -74.89089966 67.91648102 -15.95101261
v -72.99868011 67.91648102 -16.85746765
v -73.6446991 67.91648102 -16.58793068
v -72.75465393 67.91648102 -16.94049263
v -73.16124725 67.91648102 -16.81245041
v -71.39954376 67.91648102 -17.1895237
v -72.09371948 67.91648102 -17.09944153
v -70.70165253 67.91648102 -17.24376869
v -63.18733978 67.91648102 -14.59760189
v -67.65710449 67.91648102 -17.05082321
v -68.07325745 67.91648102 -17.14323425
v -68.01979828 67.91648102 -17.12553596
v -67.96528625 67.91648102 -17.11141586
v -70.00189209 67.91648102 -17.26203346
v -72.037117 67.91648102 -17.11025047
v -71.98136902 67.91648102 -17.1248703
v -71.92675018 67.91648102 -17.14323235
v -72.34289551 67.91648102 -17.0508213
v -73.10610199 67.91648102 -16.82385254
v -73.05183411 67.91648102 -16.83887863
v -74.27600098 67.91648102 -16.28551292
v -76.57756042 67.91648102 -14.80195618
v -76.53659821 67.91648102 -14.84248734
v -76.49847412 67.91648102 -14.88570023
v -76.81266022 67.91648102 -14.59759808
v -77.11408997 67.91648102 -14.2961731
v -77.40218353 67.91648102 -13.98198891
v -77.32064819 67.91648102 -14.05958176
v -77.36013031 67.91648102 -14.01943302
v -78.80345154 67.91648102 -11.7559948
v -79.35555267 67.91648102 -10.53269196
v -79.34034729 67.91648102 -10.58827305
v -79.32893372 67.91648102 -10.64475822
v -79.61741638 67.91648102 -9.57355881
v -79.65972137 67.91648102 -9.41026497
v -79.62789917 67.91648102 -9.51823235
v -79.64202118 67.91648102 -9.46372128
v -79.6267395 67.91648102 -5.4464016
v -79.64135742 67.91648102 -5.50214243
v -79.65971375 67.91648102 -5.55676413
v -79.56730652 67.91648102 -5.14062119
v -79.45697784 67.91648102 -4.7288661
v -79.32893372 67.91648102 -4.32227087
v -79.35536194 67.91648102 -4.43168259
v -79.34033203 67.91648102 -4.3774147
v -77.28077698 67.91648102 -0.86234093
v -77.31843567 67.91648102 -0.90595591
v -77.35897064 67.91648102 -0.94691885
v -77.40218353 67.91648102 -0.9850415
v -76.61873627 67.91648102 -0.19960822
v -76.49847412 67.91648102 -0.0813299
v -76.57606506 67.91648102 -0.16286923
v -76.53591919 67.91648102 -0.12338537
v -71.92674255 67.91648102 2.17620087
v -72.03471375 67.91648102 2.14438248
v -71.98020172 67.91648102 2.15850258
v -68.07324982 67.91648102 2.17620015
v -67.962883 67.91648102 2.14321852
v -68.01863098 67.91648102 2.15783787
v -66.83875275 67.91648102 1.84541833
v -66.89389801 67.91648102 1.85681951
v -66.94816589 67.91648102 1.8718468
v -62.59781265 67.91648102 -0.98504484
v -62.63986969 67.91648102 -0.94759917
v -62.67935181 67.91648102 -0.90745121
v -60.67106247 67.91648102 -4.32227516
v -60.64444733 67.91648102 -4.43434191
v -60.65965652 67.91648102 -4.37875986
v -60.34027863 67.91648102 -5.55676842
v -60.35797882 67.91648102 -5.50331163
v -60.37210083 67.91648102 -5.44880009
v -60.62604904 67.91648102 -10.48219681
v -60.67106628 67.91648102 -10.64476204
v -60.65966797 67.91648102 -10.58961868
v -60.64463806 67.91648102 -10.53534985
v -60.89558411 67.91648102 -11.1282177
v -61.19800568 67.91648102 -11.75951481
v -62.29412079 67.91648102 -13.54856014
v -62.71922302 67.91648102 -14.10469151
v -62.88591766 67.91648102 -14.29617691
v -62.59781647 67.91648102 -13.98199177
v -62.68156052 67.91648102 -14.06107712
v -62.64102936 67.91648102 -14.02011395
v -67.2453537 59.91648102 -16.94049454
v -67.65710449 59.91648102 -17.05082321
v -68.07325745 59.91648102 -17.14323425
v -63.18733978 59.91648102 -14.59760189
v -62.88591766 59.91648102 -14.29617691
v -62.59781647 59.91648102 -13.98199177
v -59.09969711 59.91648102 -14.39800358
v -59.7223053 59.91648102 -14.56767845
v -59.7223053 67.91651154 -14.56767845
v -59.09969711 67.91651154 -14.39800358
v -59.852005 59.91648102 -14.59125328
v -59.852005 62.5831604 -14.59125328
v -59.852005 65.24983978 -14.59125328
v -59.852005 67.91651154 -14.59125328
v -59.9838295 65.24983978 -14.59220886
v -59.9838295 67.91651154 -14.59220886
v -60.1138649 65.24983978 -14.57051849
v -60.1138649 67.91651154 -14.57051849
v -60.2382431 67.91651154 -14.5268259
v -60.1138649 62.5831604 -14.57051849
v -60.2382431 59.91648102 -14.5268259
v -60.1138649 59.91648102 -14.57051849
v -59.9838295 62.5831604 -14.59220886
v -59.9838295 59.91648102 -14.59220886
v -61.70764923 59.91648102 -13.8633976
v -61.70764923 67.91651154 -13.8633976
v -61.83473206 59.91648102 -13.81778717
v -61.83929062 62.5831604 -13.81656265
v -61.83929062 65.24983978 -13.81656265
v -61.81847 67.91651154 -13.82237434
v -61.97681808 65.24983978 -13.79192734
v -61.93390656 67.91651154 -13.79711914
v -62.11653137 65.24983978 -13.79015446
v -62.05173492 67.91651154 -13.78811646
v -62.16967773 67.91651154 -13.79554176
v -62.25464249 65.24983978 -13.8112936
v -62.28544235 67.91651154 -13.81925106
v -62.38742828 65.24983978 -13.85477257
v -62.39679718 67.91651154 -13.85878754
v -62.50160217 67.91651154 -13.91338539
v -62.51129532 65.24983978 -13.91941833
v -62.59781647 67.91651154 -13.98199177
v -62.51129532 62.5831604 -13.91941833
v -62.48711014 59.91648102 -13.90470123
v -62.38742828 62.5831604 -13.85477257
v -62.36556244 59.91648102 -13.84591579
v -62.25464249 62.5831604 -13.8112936
v -62.23623657 59.91648102 -13.80711746
v -62.11653137 62.5831604 -13.79015446
v -62.10240173 59.91648102 -13.78928757
v -61.97681808 62.5831604 -13.79192734
v -61.96743011 59.91648102 -13.79287338
v -62.66164398 67.91651154 -14.04025173
v -62.71922302 67.91651154 -14.10469151
v -62.29412079 67.91651154 -13.54856014
v -61.89819717 67.91651154 -12.97129154
v -61.53250122 67.91651154 -12.37441635
v -61.19800568 67.91651154 -11.75951481
v -60.89558411 67.91651154 -11.1282177
v -60.62604904 67.91651154 -10.48219681
v -58.53878403 59.91648102 -13.59288597
v -58.53878403 62.5831604 -13.59288597
v -58.56190491 59.91648102 -13.46192455
v -58.53878403 65.24983978 -13.59288597
v -58.56190491 67.91651154 -13.46192455
v -58.53878403 67.91651154 -13.59288597
v -58.53868866 65.24983978 -13.72587299
v -58.53868866 67.91651154 -13.72587299
v -58.56163025 65.24983978 -13.85686779
v -58.56163025 67.91651154 -13.85686779
v -58.60690689 65.24983978 -13.98190975
v -58.60690689 67.91651154 -13.98190975
v -58.67315292 65.24983978 -14.09722233
v -58.67315292 67.91651154 -14.09722233
v -58.75836945 65.24983978 -14.19931889
v -58.75836945 67.91651154 -14.19931889
v -58.85998154 65.24983978 -14.28511429
v -58.85998154 67.91651154 -14.28511429
v -58.97491455 65.24983978 -14.35201645
v -58.97491455 67.91651154 -14.35201645
v -58.97491455 62.5831604 -14.35201645
v -58.97491455 59.91648102 -14.35201645
v -58.85998154 62.5831604 -14.28511429
v -58.85998154 59.91648102 -14.28511429
v -58.75836945 62.5831604 -14.19931889
v -58.75836945 59.91648102 -14.19931889
v -58.67315292 62.5831604 -14.09722233
v -58.67315292 59.91648102 -14.09722233
v -58.60690689 62.5831604 -13.98190975
v -58.60690689 59.91648102 -13.98190975
v -58.56163025 62.5831604 -13.85686779
v -58.56163025 59.91648102 -13.85686779
v -58.53868866 62.5831604 -13.72587299
v -58.53868866 59.91648102 -13.72587299
v -58.72757721 59.91648102 -12.8436327
v -58.72757721 67.91651154 -12.8436327
v -60.67106628 59.91648102 -10.64476204
v -60.68273926 62.5831604 -10.75501251
v -60.6833725 59.91648102 -10.77986717
v -60.67403412 59.91648102 -10.91521072
v -60.67685699 62.5831604 -10.89468384
v -60.64327621 59.91648102 -11.04734325
v -60.64815903 62.5831604 -11.03150177
v -60.59189224 59.91648102 -11.1729002
v -60.59742355 62.5831604 -11.16176605
v -60.52118683 59.91648102 -11.28868198
v -60.52602386 62.5831604 -11.2819519
v -60.43296051 59.91648102 -11.39173985
v -60.4358902 62.5831604 -11.3888092
v -60.32946014 67.91651154 -11.47944927
v -60.32946014 59.91648102 -11.47944927
v -60.4358902 65.24983978 -11.3888092
v -60.42080307 67.91651154 -11.40359306
v -60.50069427 67.91651154 -11.31574726
v -60.52602386 65.24983978 -11.2819519
v -60.56755447 67.91651154 -11.21762848
v -60.59742355 65.24983978 -11.16176605
v -60.6200943 67.91651154 -11.11114883
v -60.65727997 67.91651154 -10.99838638
v -60.64815903 65.24983978 -11.03150177
v -60.67839813 67.91651154 -10.88154221
v -60.67685699 65.24983978 -10.89468384
v -60.68302155 67.91651154 -10.76289558
v -60.68273926 65.24983978 -10.75501251
v -60.67106628 67.91651154 -10.64476204
v -60.65259933 67.91651154 -10.56236076
v -58.92062759 59.91648102 -12.50568485
v -58.92062759 62.5831604 -12.50568485
v -59.02008057 59.91648102 -12.42040062
v -58.92062759 65.24983978 -12.50568485
v -59.02008057 67.91651154 -12.42040062
v -58.92062759 67.91651154 -12.50568485
v -58.83718491 65.24983978 -12.60668945
v -58.83718491 67.91651154 -12.60668945
v -58.77220154 65.24983978 -12.72045135
v -58.77220154 67.91651154 -12.72045135
v -58.77220154 62.5831604 -12.72045135
v -58.77220154 59.91648102 -12.72045135
v -58.83718491 62.5831604 -12.60668945
v -58.83718491 59.91648102 -12.60668945
v -38.33551025 59.91648102 -8.98351669
v -38.33551025 59.91648102 -5.98351669
v -38.41002274 59.91648102 -4.8447175
v -38.52547455 59.91648102 -3.70933867
v -38.68172455 59.91648102 -2.5788517
v -38.87856674 59.91648102 -1.45472109
v -39.11574173 59.91648102 -0.33840451
v -39.39294434 59.91648102 0.76865149
v -39.70981979 59.91648102 1.86501205
v -40.0659523 59.91648102 2.94925594
v -40.46088409 59.91648102 4.01997852
v -40.89409256 59.91648102 5.07579136
v -41.3650322 59.91648102 6.11532688
v -41.87308502 59.91648102 7.1372366
v -42.41758728 59.91648102 8.14019775
v -42.99784088 59.91648102 9.12290764
v -43.61309052 59.91648102 10.08409595
v -44.26254272 59.91648102 11.02251434
v -44.94535065 59.91648102 11.93694878
v -45.66062927 59.91648102 12.82621193
v -46.40745544 59.91648102 13.68915081
v -47.18486023 59.91648102 14.52464962
v -47.99183273 59.91648102 15.33162308
v -48.82733154 59.91648102 16.10902786
v -49.69026947 59.91648102 16.85585403
v -50.57953262 59.91648102 17.57113457
v -51.49396896 59.91648102 18.25394249
v -52.43238831 59.91648102 18.90339279
v -53.39357376 59.91648102 19.51864433
v -54.37628937 59.91648102 20.09889793
v -55.37924957 59.91648102 20.64340401
v -56.40115738 59.91648102 21.15145111
v -57.44068909 59.91648102 21.62239075
v -58.49650574 59.91648102 22.05560493
v -59.56722641 59.91648102 22.45053291
v -60.65147018 59.91648102 22.80666351
v -61.74783325 59.91648102 23.12353516
v -62.8548851 59.91648102 23.40074158
v -63.97120667 59.91648102 23.63791656
v -65.09533691 59.91648102 23.83475876
v -66.22582245 59.91648102 23.99100494
v -67.36120605 59.91648102 24.10646248
v -68.5 59.91648102 24.18097496
v -71.5 59.91648102 24.18097496
v -72.63879395 59.91648102 24.10646248
v -73.77417755 59.91648102 23.99100494
v -74.90466309 59.91648102 23.83475876
v -76.02879333 59.91648102 23.63791656
v -77.14511108 59.91648102 23.40074158
v -78.25216675 59.91648102 23.12353516
v -79.34853363 59.91648102 22.80666351
v -80.43276978 59.91648102 22.45053291
v -81.50349426 59.91648102 22.05560493
v -82.55931091 59.91648102 21.62239075
v -83.59884644 59.91648102 21.15145111
v -84.62075043 59.91648102 20.64340401
v -85.62371063 59.91648102 20.09889793
v -86.60643005 59.91648102 19.51864433
v -87.56761169 59.91648102 18.90339279
v -88.50602722 59.91648102 18.25394249
v -89.42046356 59.91648102 17.57113457
v -90.3097229 59.91648102 16.85585403
v -91.17266846 59.91648102 16.10902786
v -92.00816345 59.91648102 15.33162308
v -92.81513977 59.91648102 14.52464962
v -93.59254456 59.91648102 13.68915081
v -94.33937073 59.91648102 12.82621193
v -95.05465698 59.91648102 11.93694878
v -95.73745728 59.91648102 11.02251434
v -96.38690948 59.91648102 10.08409595
v -97.00216675 59.91648102 9.12290764
v -97.58241272 59.91648102 8.14019775
v -98.12691498 59.91648102 7.1372366
v -98.63496399 59.91648102 6.11532688
v -99.10590363 59.91648102 5.07579136
v -99.53911591 59.91648102 4.01997852
v -99.93404388 59.91648102 2.94925594
v -100.29018402 59.91648102 1.86501205
v -100.60705566 59.91648102 0.76865149
v -100.88425446 59.91648102 -0.33840451
v -101.12143707 59.91648102 -1.45472109
v -101.31827545 59.91648102 -2.5788517
v -101.47452545 59.91648102 -3.70933867
v -101.58997345 59.91648102 -4.8447175
v -101.66449738 59.91648102 -5.98351669
v -101.66449738 59.91648102 -8.98351669
v -101.58997345 59.91648102 -10.12231636
v -101.47452545 59.91648102 -11.25769424
v -101.31827545 59.91648102 -12.38818169
v -101.12143707 59.91648102 -13.51231194
v -100.88425446 59.91648102 -14.62862873
v -100.60705566 59.91648102 -15.73568439
v -100.29018402 59.91648102 -16.8320446
v -99.93404388 59.91648102 -17.91629028
v -99.53911591 59.91648102 -18.98701096
v -99.10590363 59.91648102 -20.04282379
v -98.63496399 59.91648102 -21.08236122
v -98.12691498 59.91648102 -22.10427094
v -97.58241272 59.91648102 -23.10723114
v -97.00216675 59.91648102 -24.08994293
v -96.38690948 59.91648102 -25.05112839
v -95.73745728 59.91648102 -25.98954773
v -95.05465698 59.91648102 -26.90398026
v -94.33937073 59.91648102 -27.79324341
v -93.59254456 59.91648102 -28.65618515
v -92.81513977 59.91648102 -29.49168205
v -92.00816345 59.91648102 -30.29865646
v -91.17266846 59.91648102 -31.07606125
v -90.3097229 59.91648102 -31.82288742
v -89.42046356 59.91648102 -32.53816986
v -88.50602722 59.91648102 -33.22097397
v -87.56761169 59.91648102 -33.87042618
v -86.60643005 59.91648102 -34.48567581
v -85.62371063 59.91648102 -35.06592941
v -84.62075043 59.91648102 -35.61043549
v -83.59884644 59.91648102 -36.1184845
v -82.55931091 59.91648102 -36.58942413
v -81.50349426 59.91648102 -37.02263641
v -80.43276978 59.91648102 -37.41756439
v -79.34853363 59.91648102 -37.7736969
v -78.25216675 59.91648102 -38.09056854
v -77.14511108 59.91648102 -38.36777496
v -76.02879333 59.91648102 -38.60494995
v -74.90466309 59.91648102 -38.80178833
v -73.77417755 59.91648102 -38.95803833
v -72.63879395 59.91648102 -39.07349396
v -71.5 59.91648102 -39.14800644
v -68.5 59.91648102 -39.14800644
v -67.36120605 59.91648102 -39.07349396
v -66.22582245 59.91648102 -38.95803833
v -65.09533691 59.91648102 -38.80178833
v -63.97120667 59.91648102 -38.60494995
v -62.8548851 59.91648102 -38.36777496
v -61.74783325 59.91648102 -38.09056854
v -60.65147018 59.91648102 -37.7736969
v -59.56722641 59.91648102 -37.41756439
v -58.49650574 59.91648102 -37.02263641
v -57.44068909 59.91648102 -36.58942413
v -56.40115738 59.91648102 -36.1184845
v -55.37924957 59.91648102 -35.61043549
v -54.37628937 59.91648102 -35.06592941
v -53.39357376 59.91648102 -34.48567581
v -52.43238831 59.91648102 -33.87042618
v -51.49396896 59.91648102 -33.22097397
v -50.57953262 59.91648102 -32.53816986
v -49.69026947 59.91648102 -31.82288742
v -48.82733154 59.91648102 -31.07606125
v -47.99183273 59.91648102 -30.29865646
v -47.18486023 59.91648102 -29.49168205
v -46.40745544 59.91648102 -28.65618515
v -45.66062927 59.91648102 -27.79324341
v -44.94535065 59.91648102 -26.90398026
v -44.26254272 59.91648102 -25.98954773
v -43.61309052 59.91648102 -25.05112839
v -42.99784088 59.91648102 -24.08994293
v -42.41758728 59.91648102 -23.10723114
v -41.87308502 59.91648102 -22.10427094
v -41.3650322 59.91648102 -21.08236122
v -40.89409256 59.91648102 -20.04282379
v -40.46088409 59.91648102 -18.98701096
v -40.0659523 59.91648102 -17.91629028
v -39.70981979 59.91648102 -16.8320446
v -39.39294434 59.91648102 -15.73568439
v -39.11574173 59.91648102 -14.62862873
v -38.87856674 59.91648102 -13.51231194
v -38.68172455 59.91648102 -12.38818169
v -38.52547455 59.91648102 -11.25769424
v -38.41002274 59.91648102 -10.12231636
v -60.71487808 59.91648102 -17.28333664
v -61.25656891 59.91648102 -17.76954651
v -61.82367706 59.91648102 -18.22585297
v -62.41455841 59.91648102 -18.6509285
v -63.02749252 59.91648102 -19.04353905
v -63.66069412 59.91648102 -19.40254402
v -64.31232452 59.91648102 -19.72689629
v -64.98049164 59.91648102 -20.01565742
v -65.66325378 59.91648102 -20.26798439
v -66.35861969 59.91648102 -20.48314667
v -60.20018005 59.91648102 -16.76863861
v -59.71397018 59.91648102 -16.22694778
v -59.25766373 59.91648102 -15.65983772
v -58.8325882 59.91648102 -15.06895638
v -58.43997955 59.91648102 -14.45602512
v -58.08097458 59.91648102 -13.82282257
v -57.7566185 59.91648102 -13.17119122
v -57.46786118 59.91648102 -12.5030241
v -57.21553421 59.91648102 -11.82026482
v -57.00037003 59.91648102 -11.12489891
v -60.54302216 59.91648102 -10.23816681
v -60.4326973 59.91648102 -9.8264122
v -60.34028625 59.91648102 -9.41026878
v -59.62867355 59.91648102 -8.86248016
v -56.82300186 59.91648102 -10.41894531
v -58.02441406 59.91648102 -8.70232201
v -56.68394089 59.91648102 -9.70445919
v -57.8948555 59.91648102 -8.67797279
v -60.28305435 59.91648102 -9.28798008
v -60.20718002 59.91648102 -9.17629623
v -60.11458588 59.91648102 -9.0780344
v -60.00759125 59.91648102 -8.99567509
v -59.8889122 59.91648102 -8.93129539
v -59.76153564 59.91648102 -8.88652134
v -57.77139664 59.91648102 -8.63174057
v -57.65771484 59.91648102 -8.56499958
v -57.55717468 59.91648102 -8.47973156
v -56.58359146 59.91648102 -8.98351669
v -57.10281754 59.91648102 -8.02148724
v -57.01774597 59.91648102 -7.91926908
v -56.95166016 59.91648102 -7.80386353
v -56.90656281 59.91648102 -7.67875671
v -56.88381195 59.91648102 -7.54773045
v -56.58359146 59.91648102 -5.98351669
v -56.88409424 59.91648102 -7.41474342
v -56.90740585 59.91648102 -7.28381443
v -56.95303345 59.91648102 -7.15890169
v -57.01961136 59.91648102 -7.04377842
v -57.1051178 59.91648102 -6.9419241
v -57.55773926 59.91648102 -6.48930311
v -57.65797043 59.91648102 -6.40493488
v -56.68394089 59.91648102 -5.26257324
v -57.77113342 59.91648102 -6.33890724
v -57.89389801 59.91648102 -6.29315662
v -58.02267075 59.91648102 -6.26902485
v -59.62709808 59.91648102 -6.10882568
v -56.82300186 59.91648102 -4.54808664
v -60.34027863 59.91648102 -5.55676842
v -60.43269348 59.91648102 -5.140625
v -57.00037003 59.91648102 -3.84213424
v -60.54302216 59.91648102 -4.72887039
v -59.7605896 59.91648102 -6.08461666
v -59.88852692 59.91648102 -6.03947926
v -60.28339005 59.91648102 -5.67992735
v -60.20763016 59.91648102 -5.79246712
v -60.1149292 59.91648102 -5.89151955
v -60.00764847 59.91648102 -5.97456217
v -60.67106247 59.91648102 -4.32227516
v -60.43172836 59.91648102 -3.57932138
v -60.32868958 59.91648102 -3.49207163
v -59.01943588 59.91648102 -2.55124068
v -60.68264389 59.91648102 -4.18775463
v -60.67277908 59.91648102 -4.05309725
v -60.641716 59.91648102 -3.92170143
v -60.59024429 59.91648102 -3.7968812
v -60.51965332 59.91648102 -3.68178654
v -58.91940689 59.91648102 -2.4653728
v -57.21553421 59.91648102 -3.14676762
v -58.83560562 59.91648102 -2.36360693
v -57.46786118 59.91648102 -2.46400857
v -58.77052307 59.91648102 -2.24896455
v -58.72608566 59.91648102 -2.12485027
v -58.56172562 59.91648102 -1.50082099
v -57.7566185 59.91648102 -1.79584169
v -58.53916168 59.91648102 -1.36976218
v -58.08097458 59.91648102 -1.14421022
v -58.5396347 59.91648102 -1.23677564
v -58.56313324 59.91648102 -1.1058805
v -58.60894012 59.91648102 -0.98103225
v -58.67568207 59.91648102 -0.86600387
v -58.43997955 59.91648102 -0.51100791
v -58.76132965 59.91648102 -0.76427156
v -58.86330414 59.91648102 -0.67890966
v -58.97852325 59.91648102 -0.61249787
v -58.8325882 59.91648102 0.10192423
v -59.10350418 59.91648102 -0.56704313
v -59.72179413 59.91648102 -0.40137216
v -59.8507843 59.91648102 -0.37842429
v -59.25766373 59.91648102 0.69280434
v -59.98179626 59.91648102 -0.37782237
v -59.71397018 59.91648102 1.25991452
v -60.11098862 59.91648102 -0.39958405
v -60.23457336 59.91648102 -0.44307113
v -60.20018005 59.91648102 1.8016063
v -61.70414734 59.91648102 -1.1065495
v -62.59781265 59.91648102 -0.98504484
v -62.88591385 59.91648102 -0.67085981
v -61.83185959 59.91648102 -1.15232778
v -62.36508179 59.91648102 -1.12283921
v -62.48696136 59.91648102 -1.06325805
v -62.23527527 59.91648102 -1.16227067
v -61.96522141 59.91648102 -1.1772052
v -62.10084534 59.91648102 -1.18054783
v -63.18733978 59.91648102 -0.3694343
v -60.71487808 59.91648102 2.31630468
v -63.50152588 59.91648102 -0.08133284
v -63.66572952 59.91648102 0.6817522
v -63.62011719 59.91648102 0.808833
v -62.95669174 59.91648102 2.27824163
v -63.57881546 59.91648102 0.02937429
v -63.63759995 59.91648102 0.15092312
v -63.67639923 59.91648102 0.28024676
v -63.69422913 59.91648102 0.41408217
v -63.69064331 59.91648102 0.54905248
v -62.9129982 59.91648102 2.40261936
v -61.25656891 59.91648102 2.8025136
v -62.89130783 59.91648102 2.53265166
v -62.89226532 59.91648102 2.66447735
v -61.82367706 59.91648102 3.25881934
v -62.91584015 59.91648102 2.79418111
v -62.41455841 59.91648102 3.68389559
v -63.08551407 59.91648102 3.41678643
v -63.13150024 59.91648102 3.54156947
v -63.1984024 59.91648102 3.65650296
v -63.02749252 59.91648102 4.07650614
v -63.28419495 59.91648102 3.75811338
v -63.3862915 59.91648102 3.84333014
v -63.50160599 59.91648102 3.90957832
v -63.66069412 59.91648102 4.43551016
v -63.62664795 59.91648102 3.9548552
v -63.75764465 59.91648102 3.97779322
v -63.89062881 59.91648102 3.9776988
v -64.02159119 59.91648102 3.95457482
v -64.31232452 59.91648102 4.75986385
v -64.63988495 59.91648102 3.78890371
v -64.98049164 59.91648102 5.04862356
v -64.76306152 59.91648102 3.74428296
v -64.87683105 59.91648102 3.67929792
v -64.97782898 59.91648102 3.595855
v -65.06311035 59.91648102 3.49640083
v -65.66325378 59.91648102 5.300951
v -68.62103271 59.91648102 2.88780928
v -68.78119659 59.91648102 4.49206877
v -66.35861969 59.91648102 5.51611185
v -67.0645752 59.91648102 5.69348049
v -68.80554199 59.91648102 4.62162924
v -67.77905273 59.91648102 5.83254242
v -68.85177612 59.91648102 4.74508572
v -66.00406647 59.91648102 2.18702364
v -67.24534607 59.91648102 1.97345984
v -67.65710449 59.91648102 2.08378935
v -68.07324982 59.91648102 2.17620015
v -68.59700012 59.91648102 2.75494862
v -66.09177399 59.91648102 2.08352447
v -66.83875275 59.91648102 1.84541833
v -66.19483185 59.91648102 1.99529779
v -66.31061554 59.91648102 1.92459118
v -66.43617249 59.91648102 1.87320566
v -66.56830597 59.91648102 1.84245038
v -66.70365143 59.91648102 1.83310854
v -68.19554138 59.91648102 2.23343015
v -68.30722046 59.91648102 2.30930185
v -68.40547943 59.91648102 2.40190053
v -68.48783875 59.91648102 2.50889039
v -68.55222321 59.91648102 2.62757111
v -68.91851807 59.91648102 4.85877228
v -69.00378418 59.91648102 4.95931196
v -68.5 59.91648102 5.93289137
v -69.4620285 59.91648102 5.41366625
v -69.56424713 59.91648102 5.49873829
v -69.67964935 59.91648102 5.5648222
v -69.80475616 59.91648102 5.60992193
v -69.93578339 59.91648102 5.63267326
v -71.5 59.91648102 5.93289137
v -70.06877136 59.91648102 5.63239002
v -70.19970703 59.91648102 5.60907936
v -70.32461548 59.91648102 5.56344748
v -70.43974304 59.91648102 5.49687195
v -70.54159546 59.91648102 5.41136503
v -70.99421692 59.91648102 4.95874357
v -71.07858276 59.91648102 4.85851049
v -72.22094727 59.91648102 5.83254242
v -71.14460754 59.91648102 4.74535084
v -71.19035339 59.91648102 4.6225853
v -71.2144928 59.91648102 4.49381304
v -72.9354248 59.91648102 5.69348049
v -73.64138031 59.91648102 5.51611185
v -71.37469482 59.91648102 2.88938332
v -74.93227386 59.91648102 3.49704719
v -74.33674622 59.91648102 5.300951
v -75.0181427 59.91648102 3.59707546
v -75.01950836 59.91648102 5.04862356
v -75.11991119 59.91648102 3.68087578
v -71.39889526 59.91648102 2.75589585
v -71.92674255 59.91648102 2.17620087
v -72.34289551 59.91648102 2.08379054
v -72.7546463 59.91648102 1.97346115
v -71.44403839 59.91648102 2.62796021
v -71.50895691 59.91648102 2.50883555
v -71.59199524 59.91648102 2.40155602
v -71.69104767 59.91648102 2.30885458
v -71.80358887 59.91648102 2.23309302
v -73.16123962 59.91648102 1.84541988
v -73.90419769 59.91648102 2.08475685
v -73.99144745 59.91648102 2.18779707
v -73.29576111 59.91648102 1.83383811
v -73.43041992 59.91648102 1.84370279
v -73.56181335 59.91648102 1.87476504
v -73.68663025 59.91648102 1.92624104
v -73.80173492 59.91648102 1.99683201
v -75.23455048 59.91648102 3.74596071
v -75.35866547 59.91648102 3.79039669
v -75.98269653 59.91648102 3.9547565
v -75.68767548 59.91648102 4.75986385
v -76.11375427 59.91648102 3.97732234
v -76.33930969 59.91648102 4.43551016
v -76.24673462 59.91648102 3.97684956
v -76.37763214 59.91648102 3.9533534
v -76.50248718 59.91648102 3.90754366
v -76.61751556 59.91648102 3.84080458
v -76.97251129 59.91648102 4.07650614
v -76.71924591 59.91648102 3.75515342
v -76.80460358 59.91648102 3.65317822
v -76.87101746 59.91648102 3.53796053
v -77.58544159 59.91648102 3.68389559
v -76.91647339 59.91648102 3.41298246
v -77.08214569 59.91648102 2.79469013
v -77.10509491 59.91648102 2.66570187
v -78.17632294 59.91648102 3.25881934
v -77.10569763 59.91648102 2.53468943
v -78.74343109 59.91648102 2.8025136
v -77.08393097 59.91648102 2.40549517
v -77.04044342 59.91648102 2.28190923
v -79.2851181 59.91648102 2.31630468
v -76.37696838 59.91648102 0.81233293
v -76.33118439 59.91648102 0.68462503
v -76.49847412 59.91648102 -0.0813299
v -76.81266022 59.91648102 -0.36943123
v -76.30631256 59.91648102 0.55126065
v -76.30296326 59.91648102 0.41563696
v -76.32124329 59.91648102 0.28120893
v -76.36067963 59.91648102 0.15140095
v -76.42025757 59.91648102 0.02951974
v -77.11408234 59.91648102 -0.6708566
v -79.79981995 59.91648102 1.8016063
v -77.40218353 59.91648102 -0.9850415
v -78.29235077 59.91648102 -1.10363567
v -79.7617569 59.91648102 -0.44020718
v -77.51288605 59.91648102 -1.06233168
v -77.63443756 59.91648102 -1.12111712
v -78.16526794 59.91648102 -1.1492461
v -77.76376343 59.91648102 -1.15991461
v -78.03256989 59.91648102 -1.17415881
v -77.89759827 59.91648102 -1.1777451
v -79.88613892 59.91648102 -0.39651427
v -80.286026 59.91648102 1.25991452
v -80.01616669 59.91648102 -0.37482384
v -80.147995 59.91648102 -0.37578005
v -80.74234009 59.91648102 0.69280434
v -80.27770233 59.91648102 -0.39935446
v -81.1674118 59.91648102 0.10192423
v -80.9003067 59.91648102 -0.56902915
v -81.02508545 59.91648102 -0.61501628
v -81.14002228 59.91648102 -0.68191862
v -81.56002045 59.91648102 -0.51100791
v -81.24162292 59.91648102 -0.76771444
v -81.32684326 59.91648102 -0.86981106
v -81.39309692 59.91648102 -0.98512286
v -81.91902924 59.91648102 -1.14421022
v -81.43836975 59.91648102 -1.11016524
v -81.46130371 59.91648102 -1.24115944
v -81.46121979 59.91648102 -1.3741467
v -81.43809509 59.91648102 -1.50510812
v -82.24337769 59.91648102 -1.79584169
v -81.27242279 59.91648102 -2.12340045
v -82.53213501 59.91648102 -2.46400857
v -81.22779846 59.91648102 -2.24658179
v -81.16281128 59.91648102 -2.36034298
v -81.07936859 59.91648102 -2.46134734
v -82.7844696 59.91648102 -3.14676762
v -80.97991943 59.91648102 -2.54663253
v -82.99963379 59.91648102 -3.84213424
v -79.67053986 59.91648102 -3.48758364
v -79.56703949 59.91648102 -3.57529283
v -79.32893372 59.91648102 -4.32227087
v -79.45697784 59.91648102 -4.7288661
v -79.56730652 59.91648102 -5.14062119
v -79.47881317 59.91648102 -3.67835093
v -79.40810394 59.91648102 -3.79413342
v -79.35671997 59.91648102 -3.91968989
v -79.32596588 59.91648102 -4.05182266
v -79.3166275 59.91648102 -4.18716526
v -79.65971375 59.91648102 -5.55676413
v -80.37132263 59.91648102 -6.10455227
v -83.17699432 59.91648102 -4.54808664
v -79.71694183 59.91648102 -5.67905235
v -79.79281616 59.91648102 -5.79073668
v -79.88541412 59.91648102 -5.88899851
v -79.99240875 59.91648102 -5.97135782
v -80.11108398 59.91648102 -6.03573704
v -80.23846436 59.91648102 -6.08051205
v -81.97558594 59.91648102 -6.26471043
v -83.3160553 59.91648102 -5.26257324
v -82.10514832 59.91648102 -6.28906012
v -82.22860718 59.91648102 -6.33529186
v -82.34229279 59.91648102 -6.40203285
v -82.44282532 59.91648102 -6.48730087
v -83.41640472 59.91648102 -5.98351669
v -82.89718628 59.91648102 -6.94554615
v -82.98225403 59.91648102 -7.04776335
v -83.04833221 59.91648102 -7.16316938
v -83.09342957 59.91648102 -7.28827572
v -83.11618805 59.91648102 -7.41930294
v -83.41640472 59.91648102 -8.98351669
v -83.11590576 59.91648102 -7.55228996
v -83.09259033 59.91648102 -7.683218
v -83.04695892 59.91648102 -7.80813169
v -82.98038483 59.91648102 -7.92325449
v -82.8948822 59.91648102 -8.02510834
v -82.44226074 59.91648102 -8.4777298
v -82.34202576 59.91648102 -8.56209755
v -83.3160553 59.91648102 -9.70445919
v -82.22886658 59.91648102 -8.62812519
v -82.10610199 59.91648102 -8.67387581
v -81.97732544 59.91648102 -8.69800758
v -80.37289429 59.91648102 -8.8582077
v -83.17699432 59.91648102 -10.41894531
v -79.65972137 59.91648102 -9.41026497
v -79.56730652 59.91648102 -9.82640743
v -82.99963379 59.91648102 -11.12489891
v -79.45697784 59.91648102 -10.23816204
v -80.2394104 59.91648102 -8.88241577
v -80.11147308 59.91648102 -8.92755413
v -79.99235535 59.91648102 -8.99247074
v -79.8850708 59.91648102 -9.07551384
v -79.79237366 59.91648102 -9.17456532
v -79.71661377 59.91648102 -9.28710556
v -79.32893372 59.91648102 -10.64475822
v -79.67131042 59.91648102 -11.47496128
v -80.98056793 59.91648102 -12.41579151
v -79.31735229 59.91648102 -10.7792778
v -79.32722473 59.91648102 -10.91393566
v -79.358284 59.91648102 -11.04533195
v -79.40975952 59.91648102 -11.17015266
v -79.48034668 59.91648102 -11.28524685
v -79.56826782 59.91648102 -11.38771152
v -81.08058929 59.91648102 -12.50166035
v -82.7844696 59.91648102 -11.82026482
v -81.16439056 59.91648102 -12.60342598
v -82.53213501 59.91648102 -12.5030241
v -81.22947693 59.91648102 -12.71806812
v -81.27391052 59.91648102 -12.84218311
v -81.4382782 59.91648102 -13.46621132
v -82.24337769 59.91648102 -13.17119122
v -81.46083832 59.91648102 -13.59727001
v -81.91902924 59.91648102 -13.82282257
v -81.46035767 59.91648102 -13.73025799
v -81.43687439 59.91648102 -13.8611517
v -81.39105988 59.91648102 -13.98600101
v -81.32431793 59.91648102 -14.1010294
v -81.56002045 59.91648102 -14.45602512
v -81.23867035 59.91648102 -14.20276165
v -81.13669586 59.91648102 -14.28812408
v -81.02148438 59.91648102 -14.3545351
v -81.1674118 59.91648102 -15.06895638
v -80.89649963 59.91648102 -14.39999008
v -80.27820587 59.91648102 -14.56566048
v -80.14922333 59.91648102 -14.58860874
v -80.74234009 59.91648102 -15.65983772
v -80.01820374 59.91648102 -14.58921051
v -80.286026 59.91648102 -16.22694778
v -79.88900757 59.91648102 -14.56744957
v -79.76542664 59.91648102 -14.52396202
v -79.79981995 59.91648102 -16.76863861
v -78.29585266 59.91648102 -13.86048317
v -77.40218353 59.91648102 -13.98198891
v -77.11408997 59.91648102 -14.2961731
v -78.1681366 59.91648102 -13.81470585
v -77.63491821 59.91648102 -13.84419346
v -77.51303864 59.91648102 -13.90377522
v -77.76472473 59.91648102 -13.80476189
v -78.03477478 59.91648102 -13.78982735
v -77.89915466 59.91648102 -13.78648567
v -76.81266022 59.91648102 -14.59759808
v -79.2851181 59.91648102 -17.28333664
v -76.49847412 59.91648102 -14.88570023
v -76.37988281 59.91648102 -15.77586651
v -77.04331207 59.91648102 -17.2452755
v -76.42118835 59.91648102 -14.99640656
v -76.36239624 59.91648102 -15.11795616
v -76.32360077 59.91648102 -15.24727917
v -76.30577087 59.91648102 -15.38111591
v -76.30935669 59.91648102 -15.51608562
v -76.33427429 59.91648102 -15.64878464
v -77.08700562 59.91648102 -17.36965179
v -78.74343109 59.91648102 -17.76954651
v -77.10869598 59.91648102 -17.49968338
v -77.10773468 59.91648102 -17.63150978
v -78.17632294 59.91648102 -18.22585297
v -77.08415985 59.91648102 -17.7612133
v -77.58544159 59.91648102 -18.6509285
v -76.91448975 59.91648102 -18.38381958
v -76.86849976 59.91648102 -18.50860214
v -76.8015976 59.91648102 -18.62353516
v -76.97251129 59.91648102 -19.04353905
v -76.71580505 59.91648102 -18.72514534
v -76.6137085 59.91648102 -18.81036377
v -76.49839783 59.91648102 -18.87661171
v -76.33930969 59.91648102 -19.40254402
v -76.37335205 59.91648102 -18.92188835
v -76.24235535 59.91648102 -18.94482613
v -76.109375 59.91648102 -18.94473267
v -75.97840881 59.91648102 -18.92160797
v -75.68767548 59.91648102 -19.72689629
v -75.36011505 59.91648102 -18.75593567
v -75.01950836 59.91648102 -20.01565742
v -75.23693848 59.91648102 -18.71131516
v -75.12316895 59.91648102 -18.64633179
v -75.02217102 59.91648102 -18.56288719
v -74.33674622 59.91648102 -20.26798439
v -74.93688965 59.91648102 -18.46343422
v -73.64138031 59.91648102 -20.48314667
v -73.99593353 59.91648102 -17.15405655
v -73.90822601 59.91648102 -17.05055618
v -73.16124725 59.91648102 -16.81245041
v -72.75465393 59.91648102 -16.94049263
v -72.34289551 59.91648102 -17.0508213
v -73.80516815 59.91648102 -16.96232986
v -73.68938446 59.91648102 -16.89162445
v -73.56382751 59.91648102 -16.84023857
v -73.43169403 59.91648102 -16.80948448
v -73.29634857 59.91648102 -16.80014038
v -71.92675018 59.91648102 -17.14323235
v -71.37896729 59.91648102 -17.85484123
v -72.9354248 59.91648102 -20.66051292
v -71.80445862 59.91648102 -17.20046234
v -71.69277954 59.91648102 -17.27633476
v -71.59452057 59.91648102 -17.36893463
v -71.51216125 59.91648102 -17.47592354
v -71.44777679 59.91648102 -17.59460449
v -71.40299988 59.91648102 -17.72198105
v -71.21880341 59.91648102 -19.45910072
v -72.22094727 59.91648102 -20.79957581
v -71.19445801 59.91648102 -19.5886631
v -71.14822388 59.91648102 -19.71212006
v -71.08148193 59.91648102 -19.82580566
v -70.99621582 59.91648102 -19.92634392
v -71.5 59.91648102 -20.89992523
v -70.5379715 59.91648102 -20.38069916
v -70.43575287 59.91648102 -20.46577263
v -70.32035065 59.91648102 -20.53185463
v -70.19524384 59.91648102 -20.57695389
v -70.06421661 59.91648102 -20.59970665
v -68.5 59.91648102 -20.89992523
v -69.93122864 59.91648102 -20.59942245
v -69.80029297 59.91648102 -20.57611275
v -69.67538452 59.91648102 -20.53048134
v -69.56025696 59.91648102 -20.46390533
v -69.45840454 59.91648102 -20.3783989
v -69.00578308 59.91648102 -19.92577744
v -68.92141724 59.91648102 -19.82554245
v -67.77905273 59.91648102 -20.79957581
v -68.85539246 59.91648102 -19.71238327
v -68.80964661 59.91648102 -19.58961868
v -68.7855072 59.91648102 -19.46084595
v -68.62530518 59.91648102 -17.8564167
v -67.0645752 59.91648102 -20.66051292
v -68.60110474 59.91648102 -17.722929
v -68.55596161 59.91648102 -17.59499359
v -68.49104309 59.91648102 -17.47586823
v -68.40800476 59.91648102 -17.36858749
v -68.30895233 59.91648102 -17.27588844
v -68.19641113 59.91648102 -17.20012474
v -68.80964661 62.5831604 -19.58961868
v -68.80964661 65.24983978 -19.58961868
v -68.7855072 67.91651154 -19.46084595
v -68.80964661 67.91651154 -19.58961868
v -68.85539246 65.24983978 -19.71238327
v -68.85539246 67.91651154 -19.71238327
v -68.92141724 65.24983978 -19.82554245
v -68.92141724 67.91651154 -19.82554245
v -69.00578308 67.91651154 -19.92577744
v -68.92141724 62.5831604 -19.82554245
v -68.85539246 62.5831604 -19.71238327
v -69.45840454 67.91651154 -20.3783989
v -69.56025696 62.5831604 -20.46390533
v -69.56025696 65.24983978 -20.46390533
v -69.56025696 67.91651154 -20.46390533
v -69.67538452 65.24983978 -20.53048134
v -69.67538452 67.91651154 -20.53048134
v -69.80029297 65.24983978 -20.57611275
v -69.80029297 67.91651154 -20.57611275
v -69.93122864 65.24983978 -20.59942245
v -69.93122864 67.91651154 -20.59942245
v -70.06421661 65.24983978 -20.59970665
v -70.06421661 67.91651154 -20.59970665
v -70.19524384 65.24983978 -20.57695389
v -70.19524384 67.91651154 -20.57695389
v -70.32035065 65.24983978 -20.53185463
v -70.32035065 67.91651154 -20.53185463
v -70.43575287 65.24983978 -20.46577263
v -70.43575287 67.91651154 -20.46577263
v -70.5379715 67.91651154 -20.38069916
v -70.43575287 62.5831604 -20.46577263
v -70.32035065 62.5831604 -20.53185463
v -70.19524384 62.5831604 -20.57695389
v -70.06421661 62.5831604 -20.59970665
v -69.93122864 62.5831604 -20.59942245
v -69.80029297 62.5831604 -20.57611275
v -69.67538452 62.5831604 -20.53048134
v -70.99621582 67.91651154 -19.92634392
v -71.08148193 62.5831604 -19.82580566
v -71.08148193 65.24983978 -19.82580566
v -71.08148193 67.91651154 -19.82580566
v -71.14822388 65.24983978 -19.71212006
v -71.14822388 67.91651154 -19.71212006
v -71.19445801 65.24983978 -19.5886631
v -71.19445801 67.91651154 -19.5886631
v -71.21880341 67.91651154 -19.45910072
v -71.19445801 62.5831604 -19.5886631
v -71.14822388 62.5831604 -19.71212006
v -71.37896729 67.91651154 -17.85484123
v -71.39954376 67.91651154 -17.1895237
v -72.09371948 67.91651154 -17.09944153
v -70.70165253 67.91651154 -17.24376869
v -70.00189209 67.91651154 -17.26203346
v -69.30212402 67.91651154 -17.24426842
v -68.60419464 67.91651154 -17.19052124
v -67.90995789 67.91651154 -17.10093689
v -68.17456818 62.5831604 -17.18824959
v -68.29258728 62.5831604 -17.26317978
v -68.39672852 62.5831604 -17.3564415
v -68.48416901 62.5831604 -17.46551132
v -68.55255127 62.5831604 -17.58743858
v -68.60002899 62.5831604 -17.71892548
v -68.62530518 67.91651154 -17.8564167
v -68.60002899 65.24983978 -17.71892548
v -68.60528564 67.91651154 -17.73937988
v -68.56915283 67.91651154 -17.62627411
v -68.55255127 65.24983978 -17.58743858
v -68.51761627 67.91651154 -17.51931
v -68.48416901 65.24983978 -17.46551132
v -68.45166779 67.91651154 -17.42057037
v -68.37260437 67.91651154 -17.33198166
v -68.39672852 65.24983978 -17.3564415
v -68.28197479 67.91651154 -17.25527573
v -68.29258728 65.24983978 -17.26317978
v -68.18153381 67.91651154 -17.19194794
v -68.17456818 65.24983978 -17.18824959
v -68.07325745 67.91651154 -17.14323425
v -67.99266052 67.91651154 -17.11802292
v -71.92675018 67.91651154 -17.14323235
v -71.82929993 65.24983978 -17.1868763
v -71.82929993 62.5831604 -17.1868763
v -71.71138 65.24983978 -17.26182556
v -71.71138 62.5831604 -17.26182556
v -71.60733795 65.24983978 -17.35508156
v -71.60733795 62.5831604 -17.35508156
v -71.51997375 65.24983978 -17.46412086
v -71.51997375 62.5831604 -17.46412086
v -71.45165253 65.24983978 -17.58599854
v -71.45165253 62.5831604 -17.58599854
v -71.40422058 65.24983978 -17.71742249
v -71.40422058 62.5831604 -17.71742249
v -71.39884949 67.91651154 -17.73835754
v -72.00911713 67.91651154 -17.11708832
v -71.81922913 67.91651154 -17.19225502
v -71.71954346 67.91651154 -17.25571632
v -71.62963104 67.91651154 -17.33238792
v -71.5512085 67.91651154 -17.42078972
v -71.48580933 67.91651154 -17.51921463
v -71.43469238 67.91651154 -17.62575531
v -77.08415985 67.91651154 -17.7612133
v -76.91448975 67.91651154 -18.38381958
v -77.10773468 62.5831604 -17.63150978
v -77.10773468 65.24983978 -17.63150978
v -77.10773468 67.91651154 -17.63150978
v -77.10869598 65.24983978 -17.49968338
v -77.10869598 67.91651154 -17.49968338
v -77.08700562 65.24983978 -17.36965179
v -77.08700562 67.91651154 -17.36965179
v -77.04331207 67.91651154 -17.2452755
v -77.08700562 62.5831604 -17.36965179
v -77.10869598 62.5831604 -17.49968338
v -76.37988281 67.91651154 -15.77586651
v -76.33304596 62.5831604 -15.64422703
v -76.33304596 65.24983978 -15.64422703
v -76.33885956 67.91651154 -15.66504478
v -76.30841064 65.24983978 -15.50669575
v -76.31359863 67.91651154 -15.54960632
v -76.30664062 65.24983978 -15.36698532
v -76.30459595 67.91651154 -15.43177986
v -76.31202698 67.91651154 -15.31384277
v -76.32777405 65.24983978 -15.22887325
v -76.33573914 67.91651154 -15.19807625
v -76.37125397 65.24983978 -15.09608841
v -76.37526703 67.91651154 -15.08671665
v -76.42987061 67.91651154 -14.98191643
v -76.43589783 65.24983978 -14.97222137
v -76.49847412 67.91651154 -14.88570023
v -76.43589783 62.5831604 -14.97222137
v -76.37125397 62.5831604 -15.09608841
v -76.32777405 62.5831604 -15.22887325
v -76.30664062 62.5831604 -15.36698532
v -76.30841064 62.5831604 -15.50669575
v -76.55673218 67.91651154 -14.82187366
v -76.62117767 67.91651154 -14.76429462
v -76.06504822 67.91651154 -15.18939495
v -75.48777771 67.91651154 -15.58531666
v -74.89089966 67.91651154 -15.95101261
v -74.27600098 67.91651154 -16.28551292
v -73.6446991 67.91651154 -16.58793068
v -72.99868011 67.91651154 -16.85746765
v -76.109375 62.5831604 -18.94473267
v -76.109375 65.24983978 -18.94473267
v -75.97840881 67.91651154 -18.92160797
v -76.109375 67.91651154 -18.94473267
v -76.24235535 65.24983978 -18.94482613
v -76.24235535 67.91651154 -18.94482613
v -76.37335205 65.24983978 -18.92188835
v -76.37335205 67.91651154 -18.92188835
v -76.49839783 65.24983978 -18.87661171
v -76.49839783 67.91651154 -18.87661171
v -76.6137085 65.24983978 -18.81036377
v -76.6137085 67.91651154 -18.81036377
v -76.71580505 65.24983978 -18.72514534
v -76.71580505 67.91651154 -18.72514534
v -76.8015976 65.24983978 -18.62353516
v -76.8015976 67.91651154 -18.62353516
v -76.86849976 65.24983978 -18.50860214
v -76.86849976 67.91651154 -18.50860214
v -76.86849976 62.5831604 -18.50860214
v -76.8015976 62.5831604 -18.62353516
v -76.71580505 62.5831604 -18.72514534
v -76.6137085 62.5831604 -18.81036377
v -76.49839783 62.5831604 -18.87661171
v -76.37335205 62.5831604 -18.92188835
v -76.24235535 62.5831604 -18.94482613
v -75.36011505 67.91651154 -18.75593567
v -73.271492 62.5831604 -16.80077744
v -73.41117096 62.5831604 -16.80666161
v -73.54798126 62.5831604 -16.83535767
v -73.67825317 62.5831604 -16.88609314
v -73.79843903 62.5831604 -16.95749283
v -73.9052887 62.5831604 -17.0476265
v -73.99593353 67.91651154 -17.15405655
v -73.9052887 65.24983978 -17.0476265
v -73.92007446 67.91651154 -17.06270981
v -73.83222961 67.91651154 -16.98282623
v -73.79843903 65.24983978 -16.95749283
v -73.7341156 67.91651154 -16.91596222
v -73.67825317 65.24983978 -16.88609314
v -73.62763214 67.91651154 -16.86342239
v -73.51486969 67.91651154 -16.82623291
v -73.54798126 65.24983978 -16.83535767
v -73.39802551 67.91651154 -16.80512238
v -73.41117096 65.24983978 -16.80666161
v -73.2793808 67.91651154 -16.80049706
v -73.271492 65.24983978 -16.80077744
v -73.16124725 67.91651154 -16.81245041
v -73.07884216 67.91651154 -16.83091736
v -75.02217102 62.5831604 -18.56288719
v -75.02217102 65.24983978 -18.56288719
v -74.93688965 67.91651154 -18.46343422
v -75.02217102 67.91651154 -18.56288719
v -75.12316895 65.24983978 -18.64633179
v -75.12316895 67.91651154 -18.64633179
v -75.23693848 65.24983978 -18.71131516
v -75.23693848 67.91651154 -18.71131516
v -75.23693848 62.5831604 -18.71131516
v -75.12316895 62.5831604 -18.64633179
v -79.88900757 62.5831604 -14.56744957
v -79.88900757 65.24983978 -14.56744957
v -79.76542664 67.91651154 -14.52396202
v -79.88900757 67.91651154 -14.56744957
v -80.01820374 65.24983978 -14.58921051
v -80.01820374 67.91651154 -14.58921051
v -80.14922333 65.24983978 -14.58860874
v -80.14922333 67.91651154 -14.58860874
v -80.27820587 67.91651154 -14.56566048
v -80.14922333 62.5831604 -14.58860874
v -80.01820374 62.5831604 -14.58921051
v -80.89649963 67.91651154 -14.39999008
v -81.02148438 62.5831604 -14.3545351
v -81.02148438 65.24983978 -14.3545351
v -81.02148438 67.91651154 -14.3545351
v -81.13669586 65.24983978 -14.28812408
v -81.13669586 67.91651154 -14.28812408
v -81.23867035 65.24983978 -14.20276165
v -81.23867035 67.91651154 -14.20276165
v -81.32431793 65.24983978 -14.1010294
v -81.32431793 67.91651154 -14.1010294
v -81.39105988 65.24983978 -13.98600101
v -81.39105988 67.91651154 -13.98600101
v -81.43687439 65.24983978 -13.8611517
v -81.43687439 67.91651154 -13.8611517
v -81.46035767 65.24983978 -13.73025799
v -81.46035767 67.91651154 -13.73025799
v -81.46083832 65.24983978 -13.59727001
v -81.46083832 67.91651154 -13.59727001
v -81.4382782 67.91651154 -13.46621132
v -81.46083832 62.5831604 -13.59727001
v -81.46035767 62.5831604 -13.73025799
v -81.43687439 62.5831604 -13.8611517
v -81.39105988 62.5831604 -13.98600101
v -81.32431793 62.5831604 -14.1010294
v -81.23867035 62.5831604 -14.20276165
v -81.13669586 62.5831604 -14.28812408
v -81.27391052 67.91651154 -12.84218311
v -81.22947693 62.5831604 -12.71806812
v -81.22947693 65.24983978 -12.71806812
v -81.22947693 67.91651154 -12.71806812
v -81.16439056 65.24983978 -12.60342598
v -81.16439056 67.91651154 -12.60342598
v -81.08058929 65.24983978 -12.50166035
v -81.08058929 67.91651154 -12.50166035
v -80.98056793 67.91651154 -12.41579151
v -81.08058929 62.5831604 -12.50166035
v -81.16439056 62.5831604 -12.60342598
v -79.67131042 67.91651154 -11.47496128
v -79.10542297 67.91651154 -11.1244812
v -79.37449646 67.91651154 -10.47826672
v -78.80345154 67.91651154 -11.7559948
v -78.46939087 67.91651154 -12.3711338
v -78.10412598 67.91651154 -12.96826935
v -77.70861053 67.91651154 -13.54582024
v -77.28390503 67.91651154 -14.10225677
v -77.49182892 62.5831604 -13.91675377
v -77.61573029 62.5831604 -13.85201359
v -77.74856567 62.5831604 -13.80845642
v -77.88674164 62.5831604 -13.78726196
v -78.0265274 62.5831604 -13.78900337
v -78.16413879 62.5831604 -13.81363297
v -78.29585266 67.91651154 -13.86048317
v -78.16413879 65.24983978 -13.81363297
v -78.18447876 67.91651154 -13.81930351
v -78.06846619 67.91651154 -13.79404449
v -78.0265274 65.24983978 -13.78900337
v -77.95005798 67.91651154 -13.78519821
v -77.88674164 65.24983978 -13.78726196
v -77.83157349 67.91651154 -13.79293823
v -77.7153244 67.91651154 -13.81711197
v -77.74856567 65.24983978 -13.80845642
v -77.60357666 67.91651154 -13.85725021
v -77.61573029 65.24983978 -13.85201359
v -77.4985199 67.91651154 -13.91256905
v -77.49182892 65.24983978 -13.91675377
v -77.40218353 67.91651154 -13.98198891
v -77.34005737 67.91651154 -14.03918076
v -79.32893372 67.91651154 -10.64475822
v -79.31800842 65.24983978 -10.75097561
v -79.31800842 62.5831604 -10.75097561
v -79.32395172 65.24983978 -10.89056969
v -79.32395172 62.5831604 -10.89056969
v -79.35269165 65.24983978 -11.0273037
v -79.35269165 62.5831604 -11.0273037
v -79.40344238 65.24983978 -11.15748215
v -79.40344238 62.5831604 -11.15748215
v -79.47483826 65.24983978 -11.27758884
v -79.47483826 62.5831604 -11.27758884
v -79.56493378 65.24983978 -11.38437653
v -79.56493378 62.5831604 -11.38437653
v -79.58037567 67.91651154 -11.39949894
v -79.34747314 67.91651154 -10.56035233
v -79.31763458 67.91651154 -10.76238632
v -79.32274628 67.91651154 -10.88044548
v -79.34418488 67.91651154 -10.99665451
v -79.38153839 67.91651154 -11.1087656
v -79.4340744 67.91651154 -11.21461391
v -79.50078583 67.91651154 -11.31215286
v -82.44282532 67.91651154 -6.48730087
v -82.89718628 67.91651154 -6.94554615
v -82.34229279 62.5831604 -6.40203285
v -82.34229279 65.24983978 -6.40203285
v -82.34229279 67.91651154 -6.40203285
v -82.22860718 65.24983978 -6.33529186
v -82.22860718 67.91651154 -6.33529186
v -82.10514832 65.24983978 -6.28906012
v -82.10514832 67.91651154 -6.28906012
v -81.97558594 67.91651154 -6.26471043
v -82.10514832 62.5831604 -6.28906012
v -82.22860718 62.5831604 -6.33529186
v -80.37132263 67.91651154 -6.10455227
v -80.23390961 62.5831604 -6.07929277
v -80.23390961 65.24983978 -6.07929277
v -80.25483704 67.91651154 -6.08466816
v -80.10247803 65.24983978 -6.03186226
v -80.14224243 67.91651154 -6.04882145
v -79.98060608 65.24983978 -5.96354246
v -80.03569794 67.91651154 -5.99770451
v -79.93727112 67.91651154 -5.93230534
v -79.87156677 65.24983978 -5.87617874
v -79.84886932 67.91651154 -5.85388899
v -79.77830505 65.24983978 -5.77213287
v -79.77220154 67.91651154 -5.76396942
v -79.70874023 67.91651154 -5.66428566
v -79.70336151 65.24983978 -5.65421534
v -79.65971375 67.91651154 -5.55676413
v -79.70336151 62.5831604 -5.65421534
v -79.77830505 62.5831604 -5.77213287
v -79.87156677 62.5831604 -5.87617874
v -79.98060608 62.5831604 -5.96354246
v -80.10247803 62.5831604 -6.03186226
v -79.63357544 67.91651154 -5.47439575
v -79.61592865 67.91651154 -5.38979912
v -79.70600891 67.91651154 -6.08397388
v -79.76025391 67.91651154 -6.78186417
v -79.77851868 67.91651154 -7.48162079
v -79.76074982 67.91651154 -8.18139076
v -79.70700836 67.91651154 -8.87932014
v -79.61741638 67.91651154 -9.57355881
v -82.98038483 62.5831604 -7.92325449
v -82.98038483 65.24983978 -7.92325449
v -82.8948822 67.91651154 -8.02510834
v -82.98038483 67.91651154 -7.92325449
v -83.04695892 65.24983978 -7.80813169
v -83.04695892 67.91651154 -7.80813169
v -83.09259033 65.24983978 -7.683218
v -83.09259033 67.91651154 -7.683218
v -83.11590576 65.24983978 -7.55228996
v -83.11590576 67.91651154 -7.55228996
v -83.11618805 65.24983978 -7.41930294
v -83.11618805 67.91651154 -7.41930294
v -83.09342957 65.24983978 -7.28827572
v -83.09342957 67.91651154 -7.28827572
v -83.04833221 65.24983978 -7.16316938
v -83.04833221 67.91651154 -7.16316938
v -82.98225403 65.24983978 -7.04776335
v -82.98225403 67.91651154 -7.04776335
v -82.98225403 62.5831604 -7.04776335
v -83.04833221 62.5831604 -7.16316938
v -83.09342957 62.5831604 -7.28827572
v -83.11618805 62.5831604 -7.41930294
v -83.11590576 62.5831604 -7.55228996
v -83.09259033 62.5831604 -7.683218
v -83.04695892 62.5831604 -7.80813169
v -82.44226074 67.91651154 -8.4777298
v -79.7047348 62.5831604 -9.30894852
v -79.77966309 62.5831604 -9.19093132
v -79.8729248 62.5831604 -9.08679199
v -79.98199463 62.5831604 -8.99934769
v -80.10391998 62.5831604 -8.93096352
v -80.23540497 62.5831604 -8.8834877
v -80.37289429 67.91651154 -8.8582077
v -80.23540497 65.24983978 -8.8834877
v -80.25585938 67.91651154 -8.87822723
v -80.1427536 67.91651154 -8.914361
v -80.10391998 65.24983978 -8.93096352
v -80.03578949 67.91651154 -8.96590328
v -79.98199463 65.24983978 -8.99934769
v -79.93704987 67.91651154 -9.03184795
v -79.84846497 67.91651154 -9.11090946
v -79.8729248 65.24983978 -9.08679199
v -79.77175903 67.91651154 -9.20154285
v -79.77966309 65.24983978 -9.19093132
v -79.70843506 67.91651154 -9.30198097
v -79.7047348 65.24983978 -9.30894852
v -79.65972137 67.91651154 -9.41026497
v -79.63450623 67.91651154 -9.49085999
v -82.10610199 62.5831604 -8.67387581
v -82.10610199 65.24983978 -8.67387581
v -81.97732544 67.91651154 -8.69800758
v -82.10610199 67.91651154 -8.67387581
v -82.22886658 65.24983978 -8.62812519
v -82.22886658 67.91651154 -8.62812519
v -82.34202576 65.24983978 -8.56209755
v -82.34202576 67.91651154 -8.56209755
v -82.34202576 62.5831604 -8.56209755
v -82.22886658 62.5831604 -8.62812519
v -81.07936859 62.5831604 -2.46134734
v -81.07936859 65.24983978 -2.46134734
v -80.97991943 67.91651154 -2.54663253
v -81.07936859 67.91651154 -2.46134734
v -81.16281128 65.24983978 -2.36034298
v -81.16281128 67.91651154 -2.36034298
v -81.22779846 65.24983978 -2.24658179
v -81.22779846 67.91651154 -2.24658179
v -81.27242279 67.91651154 -2.12340045
v -81.22779846 62.5831604 -2.24658179
v -81.16281128 62.5831604 -2.36034298
v -81.43809509 67.91651154 -1.50510812
v -81.46121979 62.5831604 -1.3741467
v -81.46121979 65.24983978 -1.3741467
v -81.46121979 67.91651154 -1.3741467
v -81.46130371 65.24983978 -1.24115944
v -81.46130371 67.91651154 -1.24115944
v -81.43836975 65.24983978 -1.11016524
v -81.43836975 67.91651154 -1.11016524
v -81.39309692 65.24983978 -0.98512286
v -81.39309692 67.91651154 -0.98512286
v -81.32684326 65.24983978 -0.86981106
v -81.32684326 67.91651154 -0.86981106
v -81.24162292 65.24983978 -0.76771444
v -81.24162292 67.91651154 -0.76771444
v -81.14002228 65.24983978 -0.68191862
v -81.14002228 67.91651154 -0.68191862
v -81.02508545 65.24983978 -0.61501628
v -81.02508545 67.91651154 -0.61501628
v -80.9003067 67.91651154 -0.56902915
v -81.02508545 62.5831604 -0.61501628
v -81.14002228 62.5831604 -0.68191862
v -81.24162292 62.5831604 -0.76771444
v -81.32684326 62.5831604 -0.86981106
v -81.39309692 62.5831604 -0.98512286
v -81.43836975 62.5831604 -1.11016524
v -81.46130371 62.5831604 -1.24115944
v -80.27770233 67.91651154 -0.39935446
v -80.147995 62.5831604 -0.37578005
v -80.147995 65.24983978 -0.37578005
v -80.147995 67.91651154 -0.37578005
v -80.01616669 65.24983978 -0.37482384
v -80.01616669 67.91651154 -0.37482384
v -79.88613892 65.24983978 -0.39651427
v -79.88613892 67.91651154 -0.39651427
v -79.7617569 67.91651154 -0.44020718
v -79.88613892 62.5831604 -0.39651427
v -80.01616669 62.5831604 -0.37482384
v -78.29235077 67.91651154 -1.10363567
v -77.70587921 67.91651154 -1.41847312
v -77.28077698 67.91651154 -0.86234093
v -78.10179901 67.91651154 -1.99574161
v -78.46749878 67.91651154 -2.59261656
v -78.80199432 67.91651154 -3.20751762
v -79.10441589 67.91651154 -3.83881521
v -79.37394714 67.91651154 -4.48483658
v -79.31726074 62.5831604 -4.21202087
v -79.32314301 62.5831604 -4.07234907
v -79.35183716 62.5831604 -3.93553114
v -79.40257263 62.5831604 -3.80526733
v -79.47397614 62.5831604 -3.68508077
v -79.5641098 62.5831604 -3.57822275
v -79.67053986 67.91651154 -3.48758364
v -79.5641098 65.24983978 -3.57822275
v -79.57919312 67.91651154 -3.56343985
v -79.49930573 67.91651154 -3.65128493
v -79.47397614 65.24983978 -3.68508077
v -79.43244171 67.91651154 -3.74940491
v -79.40257263 65.24983978 -3.80526733
v -79.3799057 67.91651154 -3.85588455
v -79.34272003 67.91651154 -3.968647
v -79.35183716 65.24983978 -3.93553114
v -79.32160187 67.91651154 -4.08549118
v -79.32314301 65.24983978 -4.07234907
v -79.31697845 67.91651154 -4.2041378
v -79.31726074 65.24983978 -4.21202087
v -79.32893372 67.91651154 -4.32227087
v -79.34739685 67.91651154 -4.4046731
v -77.40218353 67.91651154 -0.9850415
v -77.48870087 65.24983978 -1.04761529
v -77.48870087 62.5831604 -1.04761529
v -77.61257172 65.24983978 -1.1122601
v -77.61257172 62.5831604 -1.1122601
v -77.7453537 65.24983978 -1.15573931
v -77.7453537 62.5831604 -1.15573931
v -77.88346863 65.24983978 -1.17687833
v -77.88346863 62.5831604 -1.17687833
v -78.0231781 65.24983978 -1.17510581
v -78.0231781 62.5831604 -1.17510581
v -78.1607132 65.24983978 -1.15046966
v -78.1607132 62.5831604 -1.15046966
v -78.18152618 67.91651154 -1.14465809
v -77.33835602 67.91651154 -0.92678094
v -77.49839783 67.91651154 -1.05364668
v -77.60320282 67.91651154 -1.10824513
v -77.71455383 67.91651154 -1.14778137
v -77.83032227 67.91651154 -1.17149138
v -77.94826508 67.91651154 -1.17891693
v -78.06609344 67.91651154 -1.16991448
v -75.35866547 67.91651154 3.79039669
v -75.98269653 67.91651154 3.9547565
v -75.23455048 62.5831604 3.74596071
v -75.23455048 65.24983978 3.74596071
v -75.23455048 67.91651154 3.74596071
v -75.11991119 65.24983978 3.68087578
v -75.11991119 67.91651154 3.68087578
v -75.0181427 65.24983978 3.59707546
v -75.0181427 67.91651154 3.59707546
v -74.93227386 67.91651154 3.49704719
v -75.0181427 62.5831604 3.59707546
v -75.11991119 62.5831604 3.68087578
v -73.99144745 67.91651154 2.18779707
v -73.90086365 62.5831604 2.08141851
v -73.90086365 65.24983978 2.08141851
v -73.91598511 67.91651154 2.09686017
v -73.79407501 65.24983978 1.99131715
v -73.82863617 67.91651154 2.0172677
v -73.67396545 65.24983978 1.919927
v -73.73109436 67.91651154 1.9505583
v -73.62525177 67.91651154 1.89802074
v -73.5437851 65.24983978 1.86917758
v -73.51313782 67.91651154 1.86067092
v -73.40705109 65.24983978 1.84043956
v -73.39692688 67.91651154 1.8392303
v -73.27886963 67.91651154 1.83411372
v -73.26745605 65.24983978 1.83449006
v -73.16123962 67.91651154 1.84541988
v -73.26745605 62.5831604 1.83449006
v -73.40705109 62.5831604 1.84043956
v -73.5437851 62.5831604 1.86917758
v -73.67396545 62.5831604 1.919927
v -73.79407501 62.5831604 1.99131715
v -73.07683563 67.91651154 1.86396194
v -72.99475098 67.91651154 1.89097857
v -73.64096832 67.91651154 1.62190413
v -74.2724762 67.91651154 1.31993628
v -74.88761902 67.91651154 0.98587501
v -75.48475647 67.91651154 0.62060541
v -76.06230164 67.91651154 0.22509506
v -76.61873627 67.91651154 -0.19960822
v -76.87101746 62.5831604 3.53796053
v -76.87101746 65.24983978 3.53796053
v -76.91647339 67.91651154 3.41298246
v -76.87101746 67.91651154 3.53796053
v -76.80460358 65.24983978 3.65317822
v -76.80460358 67.91651154 3.65317822
v -76.71924591 65.24983978 3.75515342
v -76.71924591 67.91651154 3.75515342
v -76.61751556 65.24983978 3.84080458
v -76.61751556 67.91651154 3.84080458
v -76.50248718 65.24983978 3.90754366
v -76.50248718 67.91651154 3.90754366
v -76.37763214 65.24983978 3.9533534
v -76.37763214 67.91651154 3.9533534
v -76.24673462 65.24983978 3.97684956
v -76.24673462 67.91651154 3.97684956
v -76.11375427 65.24983978 3.97732234
v -76.11375427 67.91651154 3.97732234
v -76.11375427 62.5831604 3.97732234
v -76.24673462 62.5831604 3.97684956
v -76.37763214 62.5831604 3.9533534
v -76.50248718 62.5831604 3.90754366
v -76.61751556 62.5831604 3.84080458
v -76.71924591 62.5831604 3.75515342
v -76.80460358 62.5831604 3.65317822
v -77.08214569 67.91651154 2.79469013
v -76.4332428 62.5831604 0.00831282
v -76.36849976 62.5831604 0.13221356
v -76.32493591 62.5831604 0.26505011
v -76.30374146 62.5831604 0.40322933
v -76.30548096 62.5831604 0.54301375
v -76.33011627 62.5831604 0.68062234
v -76.37696838 67.91651154 0.81233293
v -76.33011627 65.24983978 0.68062234
v -76.33578491 67.91651154 0.70096636
v -76.31052399 67.91651154 0.58494794
v -76.30548096 65.24983978 0.54301375
v -76.30168152 67.91651154 0.46654153
v -76.30374146 65.24983978 0.40322933
v -76.30941772 67.91651154 0.34805775
v -76.33359528 67.91651154 0.23180845
v -76.32493591 65.24983978 0.26505011
v -76.37373352 67.91651154 0.12006215
v -76.36849976 65.24983978 0.13221356
v -76.42905426 67.91651154 0.01499932
v -76.4332428 65.24983978 0.00831282
v -76.49847412 67.91651154 -0.0813299
v -76.55566406 67.91651154 -0.14345986
v -77.08393097 62.5831604 2.40549517
v -77.08393097 65.24983978 2.40549517
v -77.04044342 67.91651154 2.28190923
v -77.08393097 67.91651154 2.40549517
v -77.10569763 65.24983978 2.53468943
v -77.10569763 67.91651154 2.53468943
v -77.10509491 65.24983978 2.66570187
v -77.10509491 67.91651154 2.66570187
v -77.10509491 62.5831604 2.66570187
v -77.10569763 62.5831604 2.53468943
v -71.19035339 62.5831604 4.6225853
v -71.19035339 65.24983978 4.6225853
v -71.2144928 67.91651154 4.49381304
v -71.19035339 67.91651154 4.6225853
v -71.14460754 65.24983978 4.74535084
v -71.14460754 67.91651154 4.74535084
v -71.07858276 65.24983978 4.85851049
v -71.07858276 67.91651154 4.85851049
v -70.99421692 67.91651154 4.95874357
v -71.07858276 62.5831604 4.85851049
v -71.14460754 62.5831604 4.74535084
v -70.54159546 67.91651154 5.41136503
v -70.43974304 62.5831604 5.49687195
v -70.43974304 65.24983978 5.49687195
v -70.43974304 67.91651154 5.49687195
v -70.32461548 65.24983978 5.56344748
v -70.32461548 67.91651154 5.56344748
v -70.19970703 65.24983978 5.60907936
v -70.19970703 67.91651154 5.60907936
v -70.06877136 65.24983978 5.63239002
v -70.06877136 67.91651154 5.63239002
v -69.93578339 65.24983978 5.63267326
v -69.93578339 67.91651154 5.63267326
v -69.80475616 65.24983978 5.60992193
v -69.80475616 67.91651154 5.60992193
v -69.67964935 65.24983978 5.5648222
v -69.67964935 67.91651154 5.5648222
v -69.56424713 65.24983978 5.49873829
v -69.56424713 67.91651154 5.49873829
v -69.4620285 67.91651154 5.41366625
v -69.56424713 62.5831604 5.49873829
v -69.67964935 62.5831604 5.5648222
v -69.80475616 62.5831604 5.60992193
v -69.93578339 62.5831604 5.63267326
v -70.06877136 62.5831604 5.63239002
v -70.19970703 62.5831604 5.60907936
v -70.32461548 62.5831604 5.56344748
v -69.00378418 67.91651154 4.95931196
v -68.91851807 62.5831604 4.85877228
v -68.91851807 65.24983978 4.85877228
v -68.91851807 67.91651154 4.85877228
v -68.85177612 65.24983978 4.74508572
v -68.85177612 67.91651154 4.74508572
v -68.80554199 65.24983978 4.62162924
v -68.80554199 67.91651154 4.62162924
v -68.78119659 67.91651154 4.49206877
v -68.80554199 62.5831604 4.62162924
v -68.85177612 62.5831604 4.74508572
v -68.62103271 67.91651154 2.88780928
v -68.60045624 67.91651154 2.22249126
v -67.90628052 67.91651154 2.13240957
v -69.29834747 67.91651154 2.27673578
v -69.99810791 67.91651154 2.29500008
v -70.69787598 67.91651154 2.27723551
v -71.39580536 67.91651154 2.22348881
v -72.09004211 67.91651154 2.13390279
v -71.82543182 62.5831604 2.22121668
v -71.70741272 62.5831604 2.29614758
v -71.60327148 62.5831604 2.38940907
v -71.51583099 62.5831604 2.49847865
v -71.44744873 62.5831604 2.62040591
v -71.39997101 62.5831604 2.75189304
v -71.37469482 67.91651154 2.88938332
v -71.39997101 65.24983978 2.75189304
v -71.39471436 67.91651154 2.77234697
v -71.43084717 67.91651154 2.65924215
v -71.44744873 65.24983978 2.62040591
v -71.48238373 67.91651154 2.55227613
v -71.51583099 65.24983978 2.49847865
v -71.54833221 67.91651154 2.45353627
v -71.62739563 67.91651154 2.36494875
v -71.60327148 65.24983978 2.38940907
v -71.71802521 67.91651154 2.28824282
v -71.70741272 65.24983978 2.29614758
v -71.81846619 67.91651154 2.22491503
v -71.82543182 65.24983978 2.22121668
v -71.92674255 67.91651154 2.17620087
v -72.00733948 67.91651154 2.1509912
v -68.07324982 67.91651154 2.17620015
v -68.17070007 65.24983978 2.21984315
v -68.17070007 62.5831604 2.21984315
v -68.28862 65.24983978 2.29479289
v -68.28862 62.5831604 2.29479289
v -68.39266205 65.24983978 2.3880477
v -68.39266205 62.5831604 2.3880477
v -68.48002625 65.24983978 2.49708724
v -68.48002625 62.5831604 2.49708724
v -68.54834747 65.24983978 2.61896586
v -68.54834747 62.5831604 2.61896586
v -68.59577942 65.24983978 2.75039005
v -68.59577942 62.5831604 2.75039005
v -68.60115051 67.91651154 2.77132416
v -67.99088287 67.91651154 2.15005565
v -68.18077087 67.91651154 2.22522259
v -68.28045654 67.91651154 2.28868341
v -68.37036896 67.91651154 2.36535573
v -68.4487915 67.91651154 2.45375752
v -68.51419067 67.91651154 2.55218053
v -68.56530762 67.91651154 2.65872264
v -60.11098862 62.5831604 -0.39958405
v -60.11098862 65.24983978 -0.39958405
v -60.23457336 67.91651154 -0.44307113
v -60.11098862 67.91651154 -0.39958405
v -59.98179626 65.24983978 -0.37782237
v -59.98179626 67.91651154 -0.37782237
v -59.8507843 65.24983978 -0.37842429
v -59.8507843 67.91651154 -0.37842429
v -59.72179413 67.91651154 -0.40137216
v -59.8507843 62.5831604 -0.37842429
v -59.98179626 62.5831604 -0.37782237
v -59.10350418 67.91651154 -0.56704313
v -58.97852325 62.5831604 -0.61249787
v -58.97852325 65.24983978 -0.61249787
v -58.97852325 67.91651154 -0.61249787
v -58.86330414 65.24983978 -0.67890966
v -58.86330414 67.91651154 -0.67890966
v -58.76132965 65.24983978 -0.76427156
v -58.76132965 67.91651154 -0.76427156
v -58.67568207 65.24983978 -0.86600387
v -58.67568207 67.91651154 -0.86600387
v -58.60894012 65.24983978 -0.98103225
v -58.60894012 67.91651154 -0.98103225
v -58.56313324 65.24983978 -1.1058805
v -58.56313324 67.91651154 -1.1058805
v -58.5396347 65.24983978 -1.23677564
v -58.5396347 67.91651154 -1.23677564
v -58.53916168 65.24983978 -1.36976218
v -58.53916168 67.91651154 -1.36976218
v -58.56172562 67.91651154 -1.50082099
v -58.53916168 62.5831604 -1.36976218
v -58.5396347 62.5831604 -1.23677564
v -58.56313324 62.5831604 -1.1058805
v -58.60894012 62.5831604 -0.98103225
v -58.67568207 62.5831604 -0.86600387
v -58.76132965 62.5831604 -0.76427156
v -58.86330414 62.5831604 -0.67890966
v -58.72608566 67.91651154 -2.12485027
v -58.77052307 62.5831604 -2.24896455
v -58.77052307 65.24983978 -2.24896455
v -58.77052307 67.91651154 -2.24896455
v -58.83560562 65.24983978 -2.36360693
v -58.83560562 67.91651154 -2.36360693
v -58.91940689 65.24983978 -2.4653728
v -58.91940689 67.91651154 -2.4653728
v -59.01943588 67.91651154 -2.55124068
v -58.91940689 62.5831604 -2.4653728
v -58.83560562 62.5831604 -2.36360693
v -60.32868958 67.91651154 -3.49207163
v -60.89458084 67.91651154 -3.84255195
v -60.62550354 67.91651154 -4.48876572
v -61.19654846 67.91651154 -3.21103907
v -61.53060913 67.91651154 -2.59589958
v -61.89587402 67.91651154 -1.99876356
v -62.29138947 67.91651154 -1.42121267
v -62.71609497 67.91651154 -0.86477709
v -62.50817108 62.5831604 -1.05027938
v -62.38426971 62.5831604 -1.11501968
v -62.25143433 62.5831604 -1.15857625
v -62.11325836 62.5831604 -1.17977071
v -61.9734726 62.5831604 -1.17802978
v -61.83586121 62.5831604 -1.15340066
v -61.70414734 67.91651154 -1.1065495
v -61.83586121 65.24983978 -1.15340066
v -61.81552124 67.91651154 -1.14772964
v -61.93153381 67.91651154 -1.17298937
v -61.9734726 65.24983978 -1.17802978
v -62.04994202 67.91651154 -1.18183541
v -62.11325836 65.24983978 -1.17977071
v -62.16842651 67.91651154 -1.17409551
v -62.2846756 67.91651154 -1.14992046
v -62.25143433 65.24983978 -1.15857625
v -62.39642334 67.91651154 -1.10978222
v -62.38426971 65.24983978 -1.11501968
v -62.50148392 67.91651154 -1.05446386
v -62.50817108 65.24983978 -1.05027938
v -62.59781265 67.91651154 -0.98504484
v -62.65994644 67.91651154 -0.92785227
v -60.67106247 67.91651154 -4.32227516
v -60.68199158 65.24983978 -4.21605778
v -60.68199158 62.5831604 -4.21605778
v -60.67604446 65.24983978 -4.0764637
v -60.67604446 62.5831604 -4.0764637
v -60.64730835 65.24983978 -3.93972969
v -60.64730835 62.5831604 -3.93972969
v -60.59655762 65.24983978 -3.809551
v -60.59655762 62.5831604 -3.809551
v -60.52516556 65.24983978 -3.68944454
v -60.52516556 62.5831604 -3.68944454
v -60.43506622 65.24983978 -3.58265638
v -60.43506622 62.5831604 -3.58265638
v -60.41962051 67.91651154 -3.56753397
v -60.65252304 67.91651154 -4.40668011
v -60.68236923 67.91651154 -4.20464706
v -60.67725372 67.91651154 -4.08658791
v -60.65581512 67.91651154 -3.97037959
v -60.61846161 67.91651154 -3.85826731
v -60.5659256 67.91651154 -3.75241876
v -60.49921417 67.91651154 -3.65487933
v -62.91584015 67.91651154 2.79418111
v -63.08551407 67.91651154 3.41678643
v -62.89226532 62.5831604 2.66447735
v -62.89226532 65.24983978 2.66447735
v -62.89226532 67.91651154 2.66447735
v -62.89130783 65.24983978 2.53265166
v -62.89130783 67.91651154 2.53265166
v -62.9129982 65.24983978 2.40261936
v -62.9129982 67.91651154 2.40261936
v -62.95669174 67.91651154 2.27824163
v -62.9129982 62.5831604 2.40261936
v -62.89130783 62.5831604 2.53265166
v -63.62011719 67.91651154 0.808833
v -63.66695404 62.5831604 0.67719489
v -63.66695404 65.24983978 0.67719489
v -63.66114044 67.91651154 0.69801205
v -63.69158936 65.24983978 0.53966278
v -63.68640137 67.91651154 0.5825727
v -63.69335938 65.24983978 0.39995283
v -63.69540405 67.91651154 0.46474624
v -63.68797302 67.91651154 0.34680989
v -63.67222214 65.24983978 0.26183999
v -63.66426468 67.91651154 0.23104307
v -63.62874603 65.24983978 0.12905607
v -63.62472916 67.91651154 0.11968325
v -63.57013321 67.91651154 0.01488278
v -63.56410217 65.24983978 0.0051889
v -63.50152588 67.91651154 -0.08133284
v -63.56410217 62.5831604 0.0051889
v -63.62874603 62.5831604 0.12905607
v -63.67222214 62.5831604 0.26183999
v -63.69335938 62.5831604 0.39995283
v -63.69158936 62.5831604 0.53966278
v -63.44326401 67.91651154 -0.14515856
v -63.37882614 67.91651154 -0.20273887
v -63.9349556 67.91651154 0.22236148
v -64.51222229 67.91651154 0.61828393
v -65.10910034 67.91651154 0.9839797
v -65.72399902 67.91651154 1.3184799
v -66.3553009 67.91651154 1.62089837
v -67.00131989 67.91651154 1.89043403
v -63.89062881 62.5831604 3.9776988
v -63.89062881 65.24983978 3.9776988
v -64.02159119 67.91651154 3.95457482
v -63.89062881 67.91651154 3.9776988
v -63.75764465 65.24983978 3.97779322
v -63.75764465 67.91651154 3.97779322
v -63.62664795 65.24983978 3.9548552
v -63.62664795 67.91651154 3.9548552
v -63.50160599 65.24983978 3.90957832
v -63.50160599 67.91651154 3.90957832
v -63.3862915 65.24983978 3.84333014
v -63.3862915 67.91651154 3.84333014
v -63.28419495 65.24983978 3.75811338
v -63.28419495 67.91651154 3.75811338
v -63.1984024 65.24983978 3.65650296
v -63.1984024 67.91651154 3.65650296
v -63.13150024 65.24983978 3.54156947
v -63.13150024 67.91651154 3.54156947
v -63.13150024 62.5831604 3.54156947
v -63.1984024 62.5831604 3.65650296
v -63.28419495 62.5831604 3.75811338
v -63.3862915 62.5831604 3.84333014
v -63.50160599 62.5831604 3.90957832
v -63.62664795 62.5831604 3.9548552
v -63.75764465 62.5831604 3.97779322
v -64.63988495 67.91651154 3.78890371
v -66.728508 62.5831604 1.833745
v -66.58882904 62.5831604 1.83962846
v -66.45201874 62.5831604 1.86832571
v -66.32174683 62.5831604 1.91906047
v -66.20156097 62.5831604 1.99046028
v -66.0947113 62.5831604 2.08059406
v -66.00406647 67.91651154 2.18702364
v -66.0947113 65.24983978 2.08059406
v -66.07992554 67.91651154 2.09567738
v -66.16777039 67.91651154 2.01579261
v -66.20156097 65.24983978 1.99046028
v -66.2658844 67.91651154 1.94892836
v -66.32174683 65.24983978 1.91906047
v -66.37236786 67.91651154 1.89638948
v -66.48513031 67.91651154 1.85920107
v -66.45201874 65.24983978 1.86832571
v -66.60197449 67.91651154 1.83808863
v -66.58882904 65.24983978 1.83962846
v -66.7206192 67.91651154 1.83346438
v -66.728508 65.24983978 1.833745
v -66.83875275 67.91651154 1.84541833
v -66.92115784 67.91651154 1.86388361
v -64.97782898 62.5831604 3.595855
v -64.97782898 65.24983978 3.595855
v -65.06311035 67.91651154 3.49640083
v -64.97782898 67.91651154 3.595855
v -64.87683105 65.24983978 3.67929792
v -64.87683105 67.91651154 3.67929792
v -64.76306152 65.24983978 3.74428296
v -64.76306152 67.91651154 3.74428296
v -64.76306152 62.5831604 3.74428296
v -64.87683105 62.5831604 3.67929792
v -57.1051178 67.91651154 -6.9419241
v -57.55773926 67.91651154 -6.48930311
v -57.01961136 62.5831604 -7.04377842
v -57.01961136 65.24983978 -7.04377842
v -57.01961136 67.91651154 -7.04377842
v -56.95303345 65.24983978 -7.15890169
v -56.95303345 67.91651154 -7.15890169
v -56.90740585 65.24983978 -7.28381443
v -56.90740585 67.91651154 -7.28381443
v -56.88409424 65.24983978 -7.41474342
v -56.88409424 67.91651154 -7.41474342
v -56.88381195 65.24983978 -7.54773045
v -56.88381195 67.91651154 -7.54773045
v -56.90656281 65.24983978 -7.67875671
v -56.90656281 67.91651154 -7.67875671
v -56.95166016 65.24983978 -7.80386353
v -56.95166016 67.91651154 -7.80386353
v -57.01774597 65.24983978 -7.91926908
v -57.01774597 67.91651154 -7.91926908
v -57.10281754 67.91651154 -8.02148724
v -57.01774597 62.5831604 -7.91926908
v -56.95166016 62.5831604 -7.80386353
v -56.90656281 62.5831604 -7.67875671
v -56.88381195 62.5831604 -7.54773045
v -56.88409424 62.5831604 -7.41474342
v -56.90740585 62.5831604 -7.28381443
v -56.95303345 62.5831604 -7.15890169
v -57.55717468 67.91651154 -8.47973156
v -57.65771484 62.5831604 -8.56499958
v -57.65771484 65.24983978 -8.56499958
v -57.65771484 67.91651154 -8.56499958
v -57.77139664 65.24983978 -8.63174057
v -57.77139664 67.91651154 -8.63174057
v -57.8948555 65.24983978 -8.67797279
v -57.8948555 67.91651154 -8.67797279
v -58.02441406 67.91651154 -8.70232201
v -57.8948555 62.5831604 -8.67797279
v -57.77139664 62.5831604 -8.63174057
v -59.62867355 67.91651154 -8.86248016
v -59.76609039 62.5831604 -8.88774014
v -59.76609039 65.24983978 -8.88774014
v -59.74515915 67.91651154 -8.88236427
v -59.89751816 65.24983978 -8.93517113
v -59.85775757 67.91651154 -8.91821098
v -60.01939774 65.24983978 -9.00349045
v -59.96430206 67.91651154 -8.96932793
v -60.06272888 67.91651154 -9.0347271
v -60.12843704 65.24983978 -9.09085369
v -60.15113068 67.91651154 -9.11314392
v -60.22169113 65.24983978 -9.19489956
v -60.22779846 67.91651154 -9.20306396
v -60.29125977 67.91651154 -9.30274773
v -60.29663849 65.24983978 -9.31281757
v -60.34028625 67.91651154 -9.41026878
v -60.29663849 62.5831604 -9.31281757
v -60.22169113 62.5831604 -9.19489956
v -60.12843704 62.5831604 -9.09085369
v -60.01939774 62.5831604 -9.00349045
v -59.89751816 62.5831604 -8.93517113
v -60.36642456 67.91651154 -9.49263668
v -60.38407135 67.91651154 -9.57723427
v -60.2939949 67.91651154 -8.88305855
v -60.23974991 67.91651154 -8.18516827
v -60.22148132 67.91651154 -7.48541164
v -60.23925018 67.91651154 -6.78564167
v -60.29299164 67.91651154 -6.08771324
v -60.3825798 67.91651154 -5.3934741
v -60.2952652 62.5831604 -5.65808392
v -60.22033691 62.5831604 -5.77610111
v -60.12707138 62.5831604 -5.88024092
v -60.01800537 62.5831604 -5.9676857
v -59.89608002 62.5831604 -6.03606987
v -59.76459122 62.5831604 -6.08354473
v -59.62709808 67.91651154 -6.10882568
v -59.76459122 65.24983978 -6.08354473
v -59.74414062 67.91651154 -6.08880568
v -59.85723877 67.91651154 -6.05267143
v -59.89608002 65.24983978 -6.03606987
v -59.96421051 67.91651154 -6.00112963
v -60.01800537 65.24983978 -5.9676857
v -60.06294632 67.91651154 -5.93518496
v -60.15153503 67.91651154 -5.85612392
v -60.12707138 65.24983978 -5.88024092
v -60.22824097 67.91651154 -5.76549006
v -60.22033691 65.24983978 -5.77610111
v -60.29156494 67.91651154 -5.66505146
v -60.2952652 65.24983978 -5.65808392
v -60.34027863 67.91651154 -5.55676842
v -60.36548996 67.91651154 -5.4761734
v -57.89389801 62.5831604 -6.29315662
v -57.89389801 65.24983978 -6.29315662
v -58.02267075 67.91651154 -6.26902485
v -57.89389801 67.91651154 -6.29315662
v -57.77113342 65.24983978 -6.33890724
v -57.77113342 67.91651154 -6.33890724
v -57.65797043 65.24983978 -6.40493488
v -57.65797043 67.91651154 -6.40493488
v -57.65797043 62.5831604 -6.40493488
v -57.77113342 62.5831604 -6.33890724
v -71.5 52.91648483 -20.89992523
v -71.5 52.91648483 -39.14800644
v -71.5 52.91648483 5.93289137
v -71.5 52.91648483 24.18097496
v -68.5 52.91648483 -20.89992523
v -68.5 52.91648483 -39.14800644
v -68.5 52.91648483 5.93289137
v -68.5 52.91648483 24.18097496
v -67.77905273 52.91648483 5.83254242
v -67.0645752 52.91648483 5.69348049
v -66.35861969 52.91648483 5.51611185
v -65.66325378 52.91648483 5.300951
v -64.98049164 52.91648483 5.04862356
v -64.31232452 52.91648483 4.75986385
v -63.66069412 52.91648483 4.43551016
v -63.02749252 52.91648483 4.07650614
v -62.41455841 52.91648483 3.68389559
v -61.82367706 52.91648483 3.25881934
v -61.25656891 52.91648483 2.8025136
v -60.71487808 52.91648483 2.31630468
v -60.20018005 52.91648483 1.8016063
v -59.71397018 52.91648483 1.25991452
v -59.25766373 52.91648483 0.69280434
v -58.8325882 52.91648483 0.10192423
v -58.43997955 52.91648483 -0.51100791
v -58.08097458 52.91648483 -1.14421022
v -57.7566185 52.91648483 -1.79584169
v -57.46786118 52.91648483 -2.46400857
v -57.21553421 52.91648483 -3.14676762
v -57.00037003 52.91648483 -3.84213424
v -56.82300186 52.91648483 -4.54808664
v -56.68394089 52.91648483 -5.26257324
v -56.58359146 52.91648483 -5.98351669
v -67.77905273 52.91648483 -20.79957581
v -67.0645752 52.91648483 -20.66051292
v -66.35861969 52.91648483 -20.48314667
v -65.66325378 52.91648483 -20.26798439
v -64.98049164 52.91648483 -20.01565742
v -64.31232452 52.91648483 -19.72689629
v -63.66069412 52.91648483 -19.40254402
v -63.02749252 52.91648483 -19.04353905
v -62.41455841 52.91648483 -18.6509285
v -61.82367706 52.91648483 -18.22585297
v -61.25656891 52.91648483 -17.76954651
v -60.71487808 52.91648483 -17.28333664
v -60.20018005 52.91648483 -16.76863861
v -59.71397018 52.91648483 -16.22694778
v -59.25766373 52.91648483 -15.65983772
v -58.8325882 52.91648483 -15.06895638
v -58.43997955 52.91648483 -14.45602512
v -58.08097458 52.91648483 -13.82282257
v -57.7566185 52.91648483 -13.17119122
v -57.46786118 52.91648483 -12.5030241
v -57.21553421 52.91648483 -11.82026482
v -57.00037003 52.91648483 -11.12489891
v -56.82300186 52.91648483 -10.41894531
v -56.68394089 52.91648483 -9.70445919
v -56.58359146 52.91648483 -8.98351669
v -72.63879395 52.91648483 24.10646248
v -73.77417755 52.91648483 23.99100494
v -74.90466309 52.91648483 23.83475876
v -76.02879333 52.91648483 23.63791656
v -77.14511108 52.91648483 23.40074158
v -78.25216675 52.91648483 23.12353516
v -79.34853363 52.91648483 22.80666351
v -80.43276978 52.91648483 22.45053291
v -81.50349426 52.91648483 22.05560493
v -82.55931091 52.91648483 21.62239075
v -83.59884644 52.91648483 21.15145111
v -84.62075043 52.91648483 20.64340401
v -85.62371063 52.91648483 20.09889793
v -86.60643005 52.91648483 19.51864433
v -87.56761169 52.91648483 18.90339279
v -88.50602722 52.91648483 18.25394249
v -89.42046356 52.91648483 17.57113457
v -90.3097229 52.91648483 16.85585403
v -91.17266846 52.91648483 16.10902786
v -92.00816345 52.91648483 15.33162308
v -92.81513977 52.91648483 14.52464962
v -93.59254456 52.91648483 13.68915081
v -94.33937073 52.91648483 12.82621193
v -95.05465698 52.91648483 11.93694878
v -95.73745728 52.91648483 11.02251434
v -96.38690948 52.91648483 10.08409595
v -97.00216675 52.91648483 9.12290764
v -97.58241272 52.91648483 8.14019775
v -98.12691498 52.91648483 7.1372366
v -98.63496399 52.91648483 6.11532688
v -99.10590363 52.91648483 5.07579136
v -99.53911591 52.91648483 4.01997852
v -99.93404388 52.91648483 2.94925594
v -100.29018402 52.91648483 1.86501205
v -100.60705566 52.91648483 0.76865149
v -100.88425446 52.91648483 -0.33840451
v -101.12143707 52.91648483 -1.45472109
v -101.31827545 52.91648483 -2.5788517
v -101.47452545 52.91648483 -3.70933867
v -101.58997345 52.91648483 -4.8447175
v -101.66449738 52.91648483 -5.98351669
v -67.36120605 52.91648483 24.10646248
v -66.22582245 52.91648483 23.99100494
v -65.09533691 52.91648483 23.83475876
v -63.97120667 52.91648483 23.63791656
v -62.8548851 52.91648483 23.40074158
v -61.74783325 52.91648483 23.12353516
v -60.65147018 52.91648483 22.80666351
v -59.56722641 52.91648483 22.45053291
v -58.49650574 52.91648483 22.05560493
v -57.44068909 52.91648483 21.62239075
v -56.40115738 52.91648483 21.15145111
v -55.37924957 52.91648483 20.64340401
v -54.37628937 52.91648483 20.09889793
v -53.39357376 52.91648483 19.51864433
v -52.43238831 52.91648483 18.90339279
v -51.49396896 52.91648483 18.25394249
v -50.57953262 52.91648483 17.57113457
v -49.69026947 52.91648483 16.85585403
v -48.82733154 52.91648483 16.10902786
v -47.99183273 52.91648483 15.33162308
v -47.18486023 52.91648483 14.52464962
v -46.40745544 52.91648483 13.68915081
v -45.66062927 52.91648483 12.82621193
v -44.94535065 52.91648483 11.93694878
v -44.26254272 52.91648483 11.02251434
v -43.61309052 52.91648483 10.08409595
v -42.99784088 52.91648483 9.12290764
v -42.41758728 52.91648483 8.14019775
v -41.87308502 52.91648483 7.1372366
v -41.3650322 52.91648483 6.11532688
v -40.89409256 52.91648483 5.07579136
v -40.46088409 52.91648483 4.01997852
v -40.0659523 52.91648483 2.94925594
v -39.70981979 52.91648483 1.86501205
v -39.39294434 52.91648483 0.76865149
v -39.11574173 52.91648483 -0.33840451
v -38.87856674 52.91648483 -1.45472109
v -38.68172455 52.91648483 -2.5788517
v -38.52547455 52.91648483 -3.70933867
v -38.41002274 52.91648483 -4.8447175
v -38.33551025 52.91648483 -5.98351669
v -67.36120605 52.91648483 -39.07349396
v -66.22582245 52.91648483 -38.95803833
v -65.09533691 52.91648483 -38.80178833
v -63.97120667 52.91648483 -38.60494995
v -62.8548851 52.91648483 -38.36777496
v -61.74783325 52.91648483 -38.09056854
v -60.65147018 52.91648483 -37.7736969
v -59.56722641 52.91648483 -37.41756439
v -58.49650574 52.91648483 -37.02263641
v -57.44068909 52.91648483 -36.58942413
v -56.40115738 52.91648483 -36.1184845
v -55.37924957 52.91648483 -35.61043549
v -54.37628937 52.91648483 -35.06592941
v -53.39357376 52.91648483 -34.48567581
v -52.43238831 52.91648483 -33.87042618
v -51.49396896 52.91648483 -33.22097397
v -50.57953262 52.91648483 -32.53816986
v -49.69026947 52.91648483 -31.82288742
v -48.82733154 52.91648483 -31.07606125
v -47.99183273 52.91648483 -30.29865646
v -47.18486023 52.91648483 -29.49168205
v -46.40745544 52.91648483 -28.65618515
v -45.66062927 52.91648483 -27.79324341
v -44.94535065 52.91648483 -26.90398026
v -44.26254272 52.91648483 -25.98954773
v -43.61309052 52.91648483 -25.05112839
v -42.99784088 52.91648483 -24.08994293
v -42.41758728 52.91648483 -23.10723114
v -41.87308502 52.91648483 -22.10427094
v -41.3650322 52.91648483 -21.08236122
v -40.89409256 52.91648483 -20.04282379
v -40.46088409 52.91648483 -18.98701096
v -40.0659523 52.91648483 -17.91629028
v -39.70981979 52.91648483 -16.8320446
v -39.39294434 52.91648483 -15.73568439
v -39.11574173 52.91648483 -14.62862873
v -38.87856674 52.91648483 -13.51231194
v -38.68172455 52.91648483 -12.38818169
v -38.52547455 52.91648483 -11.25769424
v -38.41002274 52.91648483 -10.12231636
v -38.33551025 52.91648483 -8.98351669
v -72.63879395 52.91648483 -39.07349396
v -73.77417755 52.91648483 -38.95803833
v -74.90466309 52.91648483 -38.80178833
v -76.02879333 52.91648483 -38.60494995
v -77.14511108 52.91648483 -38.36777496
v -78.25216675 52.91648483 -38.09056854
v -79.34853363 52.91648483 -37.7736969
v -80.43276978 52.91648483 -37.41756439
v -81.50349426 52.91648483 -37.02263641
v -82.55931091 52.91648483 -36.58942413
v -83.59884644 52.91648483 -36.1184845
v -84.62075043 52.91648483 -35.61043549
v -85.62371063 52.91648483 -35.06592941
v -86.60643005 52.91648483 -34.48567581
v -87.56761169 52.91648483 -33.87042618
v -88.50602722 52.91648483 -33.22097397
v -89.42046356 52.91648483 -32.53816986
v -90.3097229 52.91648483 -31.82288742
v -91.17266846 52.91648483 -31.07606125
v -92.00816345 52.91648483 -30.29865646
v -92.81513977 52.91648483 -29.49168205
v -93.59254456 52.91648483 -28.65618515
v -94.33937073 52.91648483 -27.79324341
v -95.05465698 52.91648483 -26.90398026
v -95.73745728 52.91648483 -25.98954773
v -96.38690948 52.91648483 -25.05112839
v -97.00216675 52.91648483 -24.08994293
v -97.58241272 52.91648483 -23.10723114
v -98.12691498 52.91648483 -22.10427094
v -98.63496399 52.91648483 -21.08236122
v -99.10590363 52.91648483 -20.04282379
v -99.53911591 52.91648483 -18.98701096
v -99.93404388 52.91648483 -17.91629028
v -100.29018402 52.91648483 -16.8320446
v -100.60705566 52.91648483 -15.73568439
v -100.88425446 52.91648483 -14.62862873
v -101.12143707 52.91648483 -13.51231194
v -101.31827545 52.91648483 -12.38818169
v -101.47452545 52.91648483 -11.25769424
v -101.58997345 52.91648483 -10.12231636
v -101.66449738 52.91648483 -8.98351669
v -72.22094727 52.91648483 5.83254242
v -72.9354248 52.91648483 5.69348049
v -73.64138031 52.91648483 5.51611185
v -74.33674622 52.91648483 5.300951
v -75.01950836 52.91648483 5.04862356
v -75.68767548 52.91648483 4.75986385
v -76.33930969 52.91648483 4.43551016
v -76.97251129 52.91648483 4.07650614
v -77.58544159 52.91648483 3.68389559
v -78.17632294 52.91648483 3.25881934
v -78.74343109 52.91648483 2.8025136
v -79.2851181 52.91648483 2.31630468
v -79.79981995 52.91648483 1.8016063
v -80.286026 52.91648483 1.25991452
v -80.74234009 52.91648483 0.69280434
v -81.1674118 52.91648483 0.10192423
v -81.56002045 52.91648483 -0.51100791
v -81.91902924 52.91648483 -1.14421022
v -82.24337769 52.91648483 -1.79584169
v -82.53213501 52.91648483 -2.46400857
v -82.7844696 52.91648483 -3.14676762
v -82.99963379 52.91648483 -3.84213424
v -83.17699432 52.91648483 -4.54808664
v -83.3160553 52.91648483 -5.26257324
v -83.41640472 52.91648483 -5.98351669
v -72.22094727 52.91648483 -20.79957581
v -72.9354248 52.91648483 -20.66051292
v -73.64138031 52.91648483 -20.48314667
v -74.33674622 52.91648483 -20.26798439
v -75.01950836 52.91648483 -20.01565742
v -75.68767548 52.91648483 -19.72689629
v -76.33930969 52.91648483 -19.40254402
v -76.97251129 52.91648483 -19.04353905
v -77.58544159 52.91648483 -18.6509285
v -78.17632294 52.91648483 -18.22585297
v -78.74343109 52.91648483 -17.76954651
v -79.2851181 52.91648483 -17.28333664
v -79.79981995 52.91648483 -16.76863861
v -80.286026 52.91648483 -16.22694778
v -80.74234009 52.91648483 -15.65983772
v -81.1674118 52.91648483 -15.06895638
v -81.56002045 52.91648483 -14.45602512
v -81.91902924 52.91648483 -13.82282257
v -82.24337769 52.91648483 -13.17119122
v -82.53213501 52.91648483 -12.5030241
v -82.7844696 52.91648483 -11.82026482
v -82.99963379 52.91648483 -11.12489891
v -83.17699432 52.91648483 -10.41894531
v -83.3160553 52.91648483 -9.70445919
v -83.41640472 52.91648483 -8.98351669
v -68.49999237 52.91648483 -41.40976334
v -68.42233276 52.91648483 -41.30488968
v -103.92624664 52.91648483 -8.98352432
v -103.82137299 52.91648483 -9.06118202
v -71.50000763 52.91648483 26.44273376
v -71.57766724 52.91648483 26.33785629
v -36.07375336 52.91648483 -5.98350811
v -36.1786232 52.91648483 -5.90585041
v -103.61747742 52.91648483 -5.12652111
v -103.65299225 52.91648483 -5.70423841
v -103.51669312 52.91648483 -3.97334242
v -103.57203674 52.91648483 -4.54949903
v -103.65177917 52.91648483 -3.75092983
v -103.57567596 52.91648483 -3.85693598
v -103.05235291 52.91648483 -0.55354995
v -103.15731049 52.91648483 -0.6303314
v -102.83486938 52.91648483 0.10339197
v -102.96032715 52.91648483 -0.4616558
v -102.55493164 52.91648483 1.2266072
v -102.69972992 52.91648483 0.66620165
v -102.59497833 52.91648483 1.35080719
v -101.67701721 52.91648483 4.47224045
v -101.80039978 52.91648483 4.4311657
v -101.45606995 52.91648483 4.60802507
v -101.56134033 52.91648483 4.53165722
v -101.24375916 52.91648483 5.1464901
v -100.79156494 52.91648483 6.21208477
v -101.02224731 52.91648483 5.68122911
v -100.90950012 52.91648483 6.58216095
v -100.8513031 52.91648483 6.46535587
v -99.17726135 52.91648483 9.37997246
v -99.29317474 52.91648483 9.32101154
v -98.8833313 52.91648483 9.87859535
v -98.27000427 52.91648483 10.86033058
v -98.58088684 52.91648483 10.37209702
v -98.26971436 52.91648483 10.99082756
v -96.30371857 52.91648483 13.69658279
v -96.43209839 52.91648483 13.6758194
v -96.18000793 52.91648483 13.7366848
v -95.05234528 52.91648483 15.05689144
v -95.43577576 52.91648483 14.62330055
v -95.03164673 52.91648483 15.1857338
v -95.08892059 52.91648483 15.56990051
v -95.05014038 52.91648483 15.44529819
v -92.53811646 52.91648483 17.5708847
v -92.6665802 52.91648483 17.55062866
v -92.10449219 52.91648483 17.95427513
v -91.17720795 52.91648483 18.82244873
v -91.21781158 52.91648483 18.69843102
v -91.15606689 52.91648483 18.95122147
v -88.34126282 52.91648483 20.78816414
v -88.47131348 52.91648483 20.78824997
v -87.85300446 52.91648483 21.09899712
v -86.86082458 52.91648483 21.6952858
v -87.35947418 52.91648483 21.40140343
v -86.80131531 52.91648483 21.81142616
v -83.94503784 52.91648483 23.36951256
v -84.06132507 52.91648483 23.42771721
v -83.16191864 52.91648483 23.53992653
v -83.69278717 52.91648483 23.30929756
v -82.08866882 52.91648483 23.97365952
v -82.62715149 52.91648483 23.76140213
v -82.01172638 52.91648483 24.0790596
v -81.91038513 52.91648483 24.31873512
v -81.951828 52.91648483 24.19499588
v -78.70715332 52.91648483 25.07221222
v -78.83081055 52.91648483 25.11248398
v -78.14673615 52.91648483 25.21695328
v -77.01885223 52.91648483 25.47745514
v -77.58391571 52.91648483 25.35204697
v -76.84906769 52.91648483 25.67465973
v -76.92636871 52.91648483 25.56952286
v -73.62294769 52.91648483 26.09261513
v -73.72840118 52.91648483 26.16871071
v -72.93095398 52.91648483 26.08878708
v -73.50711823 52.91648483 26.03349686
v -71.77620697 52.91648483 26.16964149
v -72.35392761 52.91648483 26.13417053
v -36.3825264 52.91648483 -9.84051132
v -36.34700394 52.91648483 -9.26279449
v -36.48330688 52.91648483 -10.99369049
v -36.42796326 52.91648483 -10.41753387
v -36.34822083 52.91648483 -11.2161026
v -36.42432785 52.91648483 -11.11009693
v -36.94764709 52.91648483 -14.41348267
v -36.84268951 52.91648483 -14.33670139
v -37.1651268 52.91648483 -15.07042503
v -37.03966904 52.91648483 -14.50537682
v -37.44506454 52.91648483 -16.19363976
v -37.3002739 52.91648483 -15.63323498
v -37.40502167 52.91648483 -16.31784058
v -38.3229866 52.91648483 -19.43927383
v -38.19959641 52.91648483 -19.39819717
v -38.54392624 52.91648483 -19.57505798
v -38.43866348 52.91648483 -19.49868965
v -38.75623322 52.91648483 -20.11352348
v -39.20843506 52.91648483 -21.17911911
v -38.97776031 52.91648483 -20.64826202
v -39.09050369 52.91648483 -21.54919434
v -39.14868927 52.91648483 -21.43238831
v -40.82273483 52.91648483 -24.34700394
v -40.70682526 52.91648483 -24.28804398
v -41.1166687 52.91648483 -24.84562874
v -41.72999573 52.91648483 -25.82736588
v -41.41911316 52.91648483 -25.33912849
v -41.73028946 52.91648483 -25.95786095
v -43.69628143 52.91648483 -28.66361427
v -43.56790161 52.91648483 -28.64285278
v -43.81998444 52.91648483 -28.70371819
v -44.94765472 52.91648483 -30.02392578
v -44.56422424 52.91648483 -29.59033203
v -44.9683609 52.91648483 -30.15276718
v -44.91107941 52.91648483 -30.5369339
v -44.9498558 52.91648483 -30.41233063
v -47.46187592 52.91648483 -32.53791809
v -47.33341599 52.91648483 -32.51766205
v -47.895504 52.91648483 -32.92130661
v -48.82279205 52.91648483 -33.78948212
v -48.78218842 52.91648483 -33.66546249
v -48.84393692 52.91648483 -33.91825485
v -51.65872955 52.91648483 -35.75519562
v -51.52868652 52.91648483 -35.75528336
v -52.14699173 52.91648483 -36.06603241
v -53.1391716 52.91648483 -36.66231918
v -52.64052582 52.91648483 -36.36843491
v -53.19868088 52.91648483 -36.77845764
v -56.05496216 52.91648483 -38.33654404
v -55.93867493 52.91648483 -38.39474869
v -56.83808136 52.91648483 -38.50695801
v -56.3072052 52.91648483 -38.27633286
v -57.91133118 52.91648483 -38.9406929
v -57.37284088 52.91648483 -38.72843552
v -57.98827362 52.91648483 -39.04609299
v -58.08961868 52.91648483 -39.2857666
v -58.048172 52.91648483 -39.16202927
v -61.29284668 52.91648483 -40.03924561
v -61.16918945 52.91648483 -40.07951736
v -61.85326385 52.91648483 -40.18398666
v -62.98114777 52.91648483 -40.44448853
v -62.41608429 52.91648483 -40.31908035
v -63.15093231 52.91648483 -40.64169312
v -63.07363129 52.91648483 -40.53655624
v -66.37705231 52.91648483 -41.05964661
v -66.27159882 52.91648483 -41.135746
v -67.06904602 52.91648483 -41.05581665
v -66.49288177 52.91648483 -41.00052643
v -68.22379303 52.91648483 -41.13667297
v -67.64607239 52.91648483 -41.10120773
v -67.64300537 52.91648483 26.13395691
v -68.22071838 52.91648483 26.16947937
v -66.48982239 52.91648483 26.03317451
v -67.065979 52.91648483 26.08852005
v -66.26741028 52.91648483 26.16826248
v -66.37342072 52.91648483 26.09215736
v -63.07003403 52.91648483 25.5688324
v -63.14681625 52.91648483 25.67379379
v -62.41309357 52.91648483 25.3513546
v -62.97813797 52.91648483 25.47681618
v -61.28987885 52.91648483 25.07141876
v -61.85028076 52.91648483 25.21620941
v -61.16567612 52.91648483 25.11146355
v -58.04424286 52.91648483 24.19349861
v -58.08531952 52.91648483 24.3168869
v -57.90845871 52.91648483 23.97255898
v -57.98482513 52.91648483 24.07781792
v -57.36999512 52.91648483 23.76025009
v -56.30439758 52.91648483 23.30804825
v -56.83525467 52.91648483 23.5387249
v -55.93432617 52.91648483 23.42598152
v -56.05112457 52.91648483 23.36779404
v -53.13651276 52.91648483 21.69374657
v -53.19547272 52.91648483 21.80965805
v -52.63788605 52.91648483 21.39982033
v -51.65615082 52.91648483 20.78649139
v -52.14438629 52.91648483 21.09737015
v -51.52565384 52.91648483 20.78619385
v -48.81990051 52.91648483 18.82020569
v -48.84066772 52.91648483 18.9485817
v -48.7797966 52.91648483 18.69649696
v -47.45959473 52.91648483 17.56882858
v -47.89318085 52.91648483 17.95225906
v -47.3307457 52.91648483 17.54812431
v -46.94658279 52.91648483 17.6054039
v -47.07118607 52.91648483 17.56662941
v -44.9455986 52.91648483 15.05460644
v -44.96585464 52.91648483 15.18306541
v -44.56220627 52.91648483 14.62098026
v -43.69403458 52.91648483 13.6936903
v -43.81805038 52.91648483 13.7342968
v -43.56526184 52.91648483 13.67254734
v -41.72832108 52.91648483 10.8577528
v -41.72823334 52.91648483 10.98779774
v -41.41748428 52.91648483 10.36948967
v -40.82119751 52.91648483 9.37731075
v -41.11507797 52.91648483 9.8759613
v -40.70506287 52.91648483 9.31780434
v -39.14697266 52.91648483 6.46151829
v -39.08876801 52.91648483 6.57781172
v -38.97655869 52.91648483 5.67839909
v -39.20718384 52.91648483 6.20927572
v -38.54282379 52.91648483 4.60515547
v -38.75508118 52.91648483 5.14364004
v -38.43742371 52.91648483 4.5282135
v -38.19775009 52.91648483 4.42686319
v -38.32148743 52.91648483 4.46831226
v -37.44427109 52.91648483 1.22363734
v -37.40399933 52.91648483 1.34729123
v -37.29953003 52.91648483 0.66321856
v -37.03902817 52.91648483 -0.46466261
v -37.16443634 52.91648483 0.10039657
v -36.84182358 52.91648483 -0.63444585
v -36.94696045 52.91648483 -0.55714554
v -36.42387009 52.91648483 -3.86056852
v -36.34777451 52.91648483 -3.7551105
v -36.42769623 52.91648483 -4.55256176
v -36.48298645 52.91648483 -3.97640014
v -36.3468399 52.91648483 -5.70730877
v -36.38230896 52.91648483 -5.12958765
v -72.35699463 52.91648483 -41.1009903
v -71.77928162 52.91648483 -41.13651276
v -73.51017761 52.91648483 -41.00020981
v -72.934021 52.91648483 -41.05554962
v -73.73258972 52.91648483 -41.13529587
v -73.62657928 52.91648483 -41.05918884
v -76.92996216 52.91648483 -40.53586578
v -76.85318756 52.91648483 -40.64082718
v -77.58690643 52.91648483 -40.31838989
v -77.02185822 52.91648483 -40.44384766
v -78.71012115 52.91648483 -40.03845215
v -78.14971924 52.91648483 -40.1832428
v -78.83432007 52.91648483 -40.07849884
v -81.95575714 52.91648483 -39.16053009
v -81.91468048 52.91648483 -39.28392029
v -82.09153748 52.91648483 -38.93959045
v -82.01516724 52.91648483 -39.04485321
v -82.63000488 52.91648483 -38.72728348
v -83.69560242 52.91648483 -38.27508163
v -83.16474915 52.91648483 -38.50575638
v -84.06567383 52.91648483 -38.393013
v -83.9488678 52.91648483 -38.33482742
v -86.86348724 52.91648483 -36.66078186
v -86.80451965 52.91648483 -36.77669144
v -87.36210632 52.91648483 -36.36685181
v -88.34384918 52.91648483 -35.75352097
v -87.85561371 52.91648483 -36.06440353
v -88.47434235 52.91648483 -35.75322723
v -91.18009949 52.91648483 -33.78723907
v -91.15933228 52.91648483 -33.91561508
v -91.22019958 52.91648483 -33.66352844
v -92.54040527 52.91648483 -32.53586197
v -92.10681915 52.91648483 -32.91929245
v -92.66925049 52.91648483 -32.51515579
v -93.05342102 52.91648483 -32.57243729
v -92.92881012 52.91648483 -32.53366089
v -95.05439758 52.91648483 -30.02163887
v -95.03414154 52.91648483 -30.15009689
v -95.43778992 52.91648483 -29.5880127
v -96.30596161 52.91648483 -28.66072464
v -96.1819458 52.91648483 -28.70132828
v -96.43473816 52.91648483 -28.63957977
v -98.27167511 52.91648483 -25.82478523
v -98.27177429 52.91648483 -25.95483017
v -98.58251953 52.91648483 -25.33652306
v -99.17880249 52.91648483 -24.34434509
v -98.88491821 52.91648483 -24.84299469
v -99.29493713 52.91648483 -24.28483772
v -100.85303497 52.91648483 -21.42855072
v -100.91123962 52.91648483 -21.54484558
v -101.02344513 52.91648483 -20.64543152
v -100.79281616 52.91648483 -21.17630959
v -101.45717621 52.91648483 -19.57218933
v -101.24491882 52.91648483 -20.1106739
v -101.56257629 52.91648483 -19.49524689
v -101.80225372 52.91648483 -19.3938961
v -101.67851257 52.91648483 -19.4353447
v -102.55573273 52.91648483 -16.19067001
v -102.59599304 52.91648483 -16.31432343
v -102.70046997 52.91648483 -15.63025093
v -102.96096802 52.91648483 -14.50237083
v -102.83555603 52.91648483 -15.06742954
v -103.15818024 52.91648483 -14.33258629
v -103.05303955 52.91648483 -14.40988731
v -103.5761261 52.91648483 -11.10646439
v -103.65222931 52.91648483 -11.21192169
v -103.57230377 52.91648483 -10.41447163
v -103.51701355 52.91648483 -10.99063301
v -103.65315247 52.91648483 -9.25972462
v -103.61769104 52.91648483 -9.83744526
v -66.17897797 52.91648483 -41.22703552
v -66.10137177 52.91648483 -41.33138657
v -63.25309372 52.91648483 -40.88101959
v -63.21122742 52.91648483 -40.7574234
v -66.04059601 52.91648483 -41.44635773
v -63.27555084 52.91648483 -41.00956726
v -65.99806976 52.91648483 -41.56925201
v -63.27806854 52.91648483 -41.14004135
v -65.58892059 52.91648483 -43.12870407
v -63.18530655 52.91648483 -42.74977875
v -65.54460144 52.91648483 -43.25286484
v -65.29597473 52.91648483 -43.55537796
v -63.33013916 52.91648483 -43.24344635
v -63.70638275 52.91648483 -43.76129913
v -64.77229309 52.91648483 -43.93245316
v -63.7936058 52.91648483 -43.86168671
v -64.65802765 52.91648483 -44.00048828
v -63.89690018 52.91648483 -43.94544983
v -64.01313782 52.91648483 -44.01006317
v -64.53370667 52.91648483 -44.04770279
v -64.1388092 52.91648483 -44.05356979
v -64.4030838 52.91648483 -44.07267761
v -64.27011108 52.91648483 -44.07464981
v -65.47962952 52.91648483 -43.36756897
v -65.3959198 52.91648483 -43.46941376
v -63.26248932 52.91648483 -43.13124847
v -63.21498108 52.91648483 -43.00915146
v -63.18899536 52.91648483 -42.88074112
v -61.05312729 52.91648483 -40.13817596
v -60.94737244 52.91648483 -40.21385574
v -60.85439682 52.91648483 -40.30478668
v -58.11164093 52.91648483 -39.41439438
v -60.77638245 52.91648483 -40.40882874
v -58.11371231 52.91648483 -39.54487228
v -60.71514893 52.91648483 -40.52356339
v -58.09578323 52.91648483 -39.6741333
v -60.0670929 52.91648483 -41.99981308
v -57.75234604 52.91648483 -41.24953842
v -60.00389481 52.91648483 -42.11550903
v -59.71100616 52.91648483 -42.37540436
v -57.81817627 52.91648483 -41.75978851
v -58.10877228 52.91648483 -42.3301239
v -59.13478851 52.91648483 -42.66590881
v -58.17922211 52.91648483 -42.44291687
v -58.26813507 52.91648483 -42.54180908
v -58.37283707 52.91648483 -42.62380981
v -58.49015045 52.91648483 -42.68643951
v -59.01128387 52.91648483 -42.71523285
v -58.61654282 52.91648483 -42.72779846
v -58.88110733 52.91648483 -42.7424202
v -58.74818802 52.91648483 -42.74665451
v -59.92177582 52.91648483 -42.21863174
v -59.82316971 52.91648483 -42.30613327
v -57.76890564 52.91648483 -41.63838196
v -57.74108124 52.91648483 -41.51036072
v -57.73550415 52.91648483 -41.37946701
v -56.17877579 52.91648483 -38.29676056
v -55.83261871 52.91648483 -38.47001266
v -53.26291656 52.91648483 -37.16152191
v -53.2612915 52.91648483 -37.03103638
v -53.23970795 52.91648483 -36.90233612
v -55.73928833 52.91648483 -38.56057358
v -53.2445488 52.91648483 -37.29071808
v -55.66086197 52.91648483 -38.66431427
v -53.20662689 52.91648483 -37.41558456
v -54.78984451 52.91648483 -40.02101135
v -52.62096786 52.91648483 -38.91786957
v -54.7093277 52.91648483 -40.12539291
v -54.3793869 52.91648483 -40.33626938
v -52.60616302 52.91648483 -39.43212891
v -52.80396271 52.91648483 -40.04090118
v -53.76481628 52.91648483 -40.5330658
v -52.855896 52.91648483 -40.16333008
v -52.92824554 52.91648483 -40.2749176
v -53.01883316 52.91648483 -40.37228394
v -53.12490463 52.91648483 -40.45249557
v -53.24327087 52.91648483 -40.51311874
v -53.37034225 52.91648483 -40.55233383
v -53.63512039 52.91648483 -40.56245804
v -53.50228882 52.91648483 -40.56894684
v -54.61208725 52.91648483 -40.21440506
v -54.50100708 52.91648483 -40.28540039
v -52.57649231 52.91648483 -39.30451965
v -52.56903839 52.91648483 -39.1737175
v -52.58400726 52.91648483 -39.04356384
v -51.400177 52.91648483 -35.77520752
v -51.27620697 52.91648483 -35.81450653
v -51.15968704 52.91648483 -35.87225342
v -48.82631302 52.91648483 -34.17787933
v -48.84511948 52.91648483 -34.0487442
v -51.0533371 52.91648483 -35.94709778
v -48.78796387 52.91648483 -34.3026123
v -50.95964813 52.91648483 -36.03728867
v -48.73097229 52.91648483 -34.4200058
v -49.88711929 52.91648483 -37.24102402
v -47.9175148 52.91648483 -35.81217957
v -49.79126358 52.91648483 -37.33152771
v -49.43240356 52.91648483 -37.48819733
v -47.82244873 52.91648483 -36.3177948
v -47.9225769 52.91648483 -36.95001602
v -48.79461288 52.91648483 -37.5864296
v -47.95471954 52.91648483 -37.0790596
v -48.00872421 52.91648483 -37.20058823
v -48.08296204 52.91648483 -37.31092834
v -48.17518234 52.91648483 -37.40674591
v -48.28260422 52.91648483 -37.48514175
v -48.40198135 52.91648483 -37.54375076
v -48.52970123 52.91648483 -37.5807991
v -48.66191101 52.91648483 -37.59517288
v -49.6812973 52.91648483 -37.40423584
v -49.56047821 52.91648483 -37.45697784
v -47.81310654 52.91648483 -36.1871109
v -47.82619858 52.91648483 -36.05675507
v -47.8613472 52.91648483 -35.93054199
v -48.33564758 52.91648483 -33.29719162
v -47.20337296 52.91648483 -32.51723862
v -47.07478333 52.91648483 -32.53665543
v -46.95066452 52.91648483 -32.57546234
v -46.83391571 52.91648483 -32.63275146
v -44.85368729 52.91648483 -30.65413284
v -46.72727585 52.91648483 -32.70718002
v -44.77903366 52.91648483 -30.76116562
v -45.47964096 52.91648483 -33.72831345
v -43.7578125 52.91648483 -32.00894547
v -43.58481598 52.91648483 -32.49346161
v -43.683815 52.91648483 -32.11706543
v -43.6293602 52.91648483 -32.23622513
v -43.59603119 52.91648483 -32.3629303
v -45.37081146 52.91648483 -33.80271149
v -44.99185562 52.91648483 -33.90130997
v -43.58481598 52.91648483 -33.133564
v -44.34654999 52.91648483 -33.89855957
v -43.59637451 52.91648483 -33.26604843
v -43.63069916 52.91648483 -33.39453125
v -43.68675995 52.91648483 -33.51512146
v -43.76285934 52.91648483 -33.62418747
v -43.85669327 52.91648483 -33.71842194
v -43.96543121 52.91648483 -33.79498291
v -44.08578491 52.91648483 -33.85155869
v -44.21411896 52.91648483 -33.88643646
v -45.25082397 52.91648483 -33.85731506
v -45.12324524 52.91648483 -33.89051056
v -44.96910095 52.91648483 -30.28326225
v -44.18830109 52.91648483 -29.15022087
v -43.43785858 52.91648483 -28.64191818
v -43.30919266 52.91648483 -28.66083145
v -41.61361694 52.91648483 -26.32833481
v -41.67140579 52.91648483 -26.21133423
v -43.18492508 52.91648483 -28.69915009
v -41.53859711 52.91648483 -26.435112
v -43.0679512 52.91648483 -28.75597763
v -41.44812012 52.91648483 -26.52915001
v -41.67594147 52.91648483 -29.56936646
v -40.24427032 52.91648483 -27.60181427
v -41.55681229 52.91648483 -29.62582016
v -41.167099 52.91648483 -29.66392708
v -39.997612 52.91648483 -28.05330276
v -39.8974762 52.91648483 -28.68552399
v -40.53016663 52.91648483 -29.56026077
v -39.88816833 52.91648483 -28.81818581
v -39.90197372 52.91648483 -28.95045471
v -39.93847656 52.91648483 -29.0783329
v -39.99657822 52.91648483 -29.19795799
v -40.0745163 52.91648483 -29.30571365
v -40.16994095 52.91648483 -29.39834404
v -40.27996063 52.91648483 -29.47304726
v -40.40126038 52.91648483 -29.52756882
v -41.42975616 52.91648483 -29.66098595
v -41.29855347 52.91648483 -29.67381477
v -40.02910995 52.91648483 -27.92613029
v -40.08184814 52.91648483 -27.80620193
v -40.15427399 52.91648483 -27.69702721
v -41.71060562 52.91648483 -26.08686256
v -40.58327484 52.91648483 -24.2474556
v -40.45497894 52.91648483 -24.22618866
v -40.32493973 52.91648483 -24.22474098
v -39.01512146 52.91648483 -21.65571594
v -40.19620514 52.91648483 -24.2431469
v -38.92432404 52.91648483 -21.74944305
v -40.07178497 52.91648483 -24.28097725
v -38.82024765 52.91648483 -21.82816696
v -38.56966782 52.91648483 -24.86659622
v -37.46341705 52.91648483 -22.69930077
v -38.44317245 52.91648483 -24.90371704
v -38.05229568 52.91648483 -24.88038826
v -37.14916611 52.91648483 -23.10664749
v -36.95136261 52.91648483 -23.71541977
v -37.43942642 52.91648483 -24.67836189
v -36.92141724 52.91648483 -23.84499359
v -36.91436386 52.91648483 -23.97779274
v -36.93041229 52.91648483 -24.10980606
v -36.96908569 52.91648483 -24.2370491
v -37.02920532 52.91648483 -24.35566902
v -37.10896301 52.91648483 -24.46208572
v -37.20594406 52.91648483 -24.55308151
v -37.31721878 52.91648483 -24.6259079
v -38.31218338 52.91648483 -24.91857338
v -38.18058777 52.91648483 -24.91071892
v -37.20017242 52.91648483 -22.98596954
v -37.2710228 52.91648483 -22.87576485
v -37.35963821 52.91648483 -22.77926445
v -39.18831253 52.91648483 -21.30805206
v -38.07138824 52.91648483 -19.3764267
v -37.17957306 52.91648483 -16.63412857
v -37.27069092 52.91648483 -16.54071045
v -37.34643555 52.91648483 -16.43444633
v -37.94135666 52.91648483 -19.37446785
v -37.07523346 52.91648483 -16.71249962
v -37.81254578 52.91648483 -19.39236832
v -36.96012115 52.91648483 -16.77397346
v -36.23731232 52.91648483 -19.73579216
v -35.4837265 52.91648483 -17.42212677
v -36.1065712 52.91648483 -19.75267029
v -35.97486877 52.91648483 -19.74685287
v -35.84612274 52.91648483 -19.71850967
v -35.72415161 52.91648483 -19.66848183
v -35.10961914 52.91648483 -17.77529526
v -34.8190155 52.91648483 -18.34563255
v -35.15043259 52.91648483 -19.37306976
v -34.76916885 52.91648483 -18.46892548
v -34.74142838 52.91648483 -18.59898567
v -34.73662949 52.91648483 -18.73188782
v -34.75492096 52.91648483 -18.86360931
v -34.79574585 52.91648483 -18.99017525
v -34.85787201 52.91648483 -19.10775948
v -34.93942642 52.91648483 -19.2128067
v -35.03793716 52.91648483 -19.3021431
v -35.17887497 52.91648483 -17.66408539
v -35.26609039 52.91648483 -17.56632042
v -35.36871338 52.91648483 -17.48487091
v -36.72724533 52.91648483 -14.27682972
v -36.60401917 52.91648483 -14.23526955
v -36.15217972 52.91648483 -11.38722515
v -36.25678635 52.91648483 -11.30920982
v -36.47589493 52.91648483 -14.21299362
v -36.03686142 52.91648483 -11.44830704
v -36.34587097 52.91648483 -14.21052361
v -35.91355133 52.91648483 -11.49101734
v -34.73630905 52.91648483 -14.30329895
v -34.35393524 52.91648483 -11.90023232
v -34.60453415 52.91648483 -14.29951668
v -34.4753685 52.91648483 -14.27316666
v -34.35263824 52.91648483 -14.22503281
v -34.23999786 52.91648483 -14.15654182
v -33.92918777 52.91648483 -12.19052887
v -33.55294418 52.91648483 -12.70838356
v -33.71955109 52.91648483 -13.77501488
v -33.48442459 52.91648483 -12.82236004
v -33.43667603 52.91648483 -12.94648075
v -33.41114807 52.91648483 -13.07699394
v -33.40860748 52.91648483 -13.20995712
v -33.42913055 52.91648483 -13.34135151
v -33.4720993 52.91648483 -13.467206
v -33.53621674 52.91648483 -13.58371735
v -33.61953735 52.91648483 -13.68736362
v -34.01498795 52.91648483 -12.09152031
v -34.11642456 52.91648483 -12.00860405
v -34.23052216 52.91648483 -11.94421196
v -36.27049255 52.91648483 -9.15763664
v -36.17883682 52.91648483 -9.06538105
v -36.0741806 52.91648483 -8.98818779
v -35.95897293 52.91648483 -8.92786217
v -35.95822525 52.91648483 -6.04419756
v -35.8359108 52.91648483 -8.88581753
v -35.83477402 52.91648483 -6.08648825
v -35.7078743 52.91648483 -8.86303806
v -35.70629883 52.91648483 -6.10938311
v -34.10361481 52.91648483 -8.70287991
v -34.10187149 52.91648483 -6.26958179
v -33.63694 52.91648483 -6.48985958
v -33.97309875 52.91648483 -6.29371405
v -33.85033417 52.91648483 -6.33946466
v -33.73717499 52.91648483 -6.40549231
v -33.97405243 52.91648483 -8.67852974
v -33.85059738 52.91648483 -8.63229847
v -33.73691177 52.91648483 -8.56555748
v -33.63637161 52.91648483 -8.48028946
v -33.18431854 52.91648483 -6.94248152
v -33.18201828 52.91648483 -8.02204323
v -33.0988121 52.91648483 -7.04433537
v -33.03223419 52.91648483 -7.15945816
v -32.9866066 52.91648483 -7.28437185
v -32.96329498 52.91648483 -7.41529989
v -32.9630127 52.91648483 -7.54828691
v -32.98576355 52.91648483 -7.67931414
v -33.0308609 52.91648483 -7.80442047
v -33.09694672 52.91648483 -7.91982651
v -36.2703743 52.91648483 -5.81305504
v -36.25648117 52.91648483 -3.66249514
v -36.15213013 52.91648483 -3.58488989
v -36.6024971 52.91648483 -0.73661155
v -36.72609329 52.91648483 -0.69474161
v -36.03715897 52.91648483 -3.52411175
v -36.47394562 52.91648483 -0.75906885
v -35.91426468 52.91648483 -3.48158336
v -36.34347534 52.91648483 -0.76158416
v -34.35480881 52.91648483 -3.07243538
v -34.73373795 52.91648483 -0.66882282
v -34.23065186 52.91648483 -3.02811766
v -34.11594772 52.91648483 -2.96314216
v -34.01410294 52.91648483 -2.87943864
v -33.92813873 52.91648483 -2.77949238
v -33.55106354 52.91648483 -2.25581217
v -33.62182999 52.91648483 -1.27712488
v -33.72221756 52.91648483 -1.18990111
v -33.48303223 52.91648483 -2.14154506
v -33.4358139 52.91648483 -2.01722217
v -33.41083908 52.91648483 -1.88660073
v -33.40886688 52.91648483 -1.75362813
v -33.42995071 52.91648483 -1.6223228
v -33.47345352 52.91648483 -1.49665284
v -33.53806305 52.91648483 -1.38041592
v -34.24007034 52.91648483 -0.81365776
v -34.35226822 52.91648483 -0.74600875
v -34.47436523 52.91648483 -0.6984961
v -34.60277557 52.91648483 -0.67251348
v -37.34534073 52.91648483 1.46335483
v -37.26966095 52.91648483 1.56911135
v -37.17873001 52.91648483 1.66208529
v -38.06912231 52.91648483 4.40484333
v -37.07468414 52.91648483 1.74010038
v -37.93864441 52.91648483 4.40277195
v -36.95995712 52.91648483 1.80133033
v -37.80938339 52.91648483 4.42069817
v -35.48370743 52.91648483 2.44939351
v -36.23397827 52.91648483 4.76413584
v -35.36801147 52.91648483 2.51258802
v -35.26488495 52.91648483 2.59470701
v -35.17738724 52.91648483 2.69331217
v -35.10811615 52.91648483 2.80547571
v -34.81760406 52.91648483 3.38169575
v -35.04059982 52.91648483 4.33726358
v -35.15339661 52.91648483 4.4077096
v -34.76828384 52.91648483 3.50519896
v -34.7410965 52.91648483 3.63537765
v -34.736866 52.91648483 3.76829767
v -34.75571442 52.91648483 3.89994192
v -34.79708099 52.91648483 4.02633238
v -34.85970688 52.91648483 4.14364958
v -34.94170761 52.91648483 4.24834824
v -35.72373199 52.91648483 4.69831038
v -35.84513092 52.91648483 4.74757481
v -35.97315598 52.91648483 4.77540302
v -36.10404968 52.91648483 4.78097773
v -39.18675232 52.91648483 6.33770704
v -39.01350403 52.91648483 6.68386507
v -40.32199478 52.91648483 9.2535677
v -40.45248032 52.91648483 9.25519466
v -40.58117676 52.91648483 9.27677631
v -38.92294312 52.91648483 6.77719641
v -40.19279861 52.91648483 9.27193356
v -38.81920242 52.91648483 6.85562038
v -40.06793594 52.91648483 9.30985928
v -37.46250916 52.91648483 7.7266407
v -38.56564713 52.91648483 9.8955164
v -37.35812378 52.91648483 7.80715561
v -37.26911163 52.91648483 7.90439653
v -37.1981163 52.91648483 8.01547623
v -37.14724731 52.91648483 8.1370945
v -38.05138779 52.91648483 9.91032219
v -36.9504509 52.91648483 8.75166702
v -37.44261169 52.91648483 9.71251869
v -36.92105865 52.91648483 8.88136482
v -36.91456985 52.91648483 9.01419353
v -36.93118286 52.91648483 9.14613914
v -37.3201828 52.91648483 9.6605854
v -37.20859909 52.91648483 9.58823395
v -37.11123276 52.91648483 9.49765301
v -37.03102493 52.91648483 9.39157677
v -36.97039795 52.91648483 9.27321339
v -38.43995667 52.91648483 9.93247604
v -38.30979919 52.91648483 9.94744682
v -38.17899704 52.91648483 9.93998909
v -41.70830536 52.91648483 11.11630917
v -41.66901016 52.91648483 11.24027634
v -41.61126709 52.91648483 11.35679722
v -43.30563354 52.91648483 13.69016838
v -43.43477249 52.91648483 13.67136383
v -41.5364151 52.91648483 11.46314621
v -43.18090439 52.91648483 13.72851944
v -41.44622803 52.91648483 11.55683327
v -43.06351089 52.91648483 13.78551102
v -40.24249268 52.91648483 12.62936401
v -41.67133713 52.91648483 14.59896851
v -40.15198517 52.91648483 12.72521782
v -40.07928467 52.91648483 12.835186
v -40.02653503 52.91648483 12.95600319
v -39.99531937 52.91648483 13.08408165
v -41.16572571 52.91648483 14.69403839
v -40.53350067 52.91648483 14.5939045
v -39.8970871 52.91648483 13.72187233
v -40.40445709 52.91648483 14.56176281
v -40.28292847 52.91648483 14.50775909
v -40.17258453 52.91648483 14.43352318
v -40.07677078 52.91648483 14.34130096
v -39.99837494 52.91648483 14.23387909
v -39.88834763 52.91648483 13.8545723
v -39.90271759 52.91648483 13.98678017
v -39.93976593 52.91648483 14.11450291
v -41.29640579 52.91648483 14.70337772
v -41.42676544 52.91648483 14.69028282
v -41.55297089 52.91648483 14.6551342
v -44.18632507 52.91648483 14.18083286
v -44.96627808 52.91648483 15.31311035
v -44.94686127 52.91648483 15.44169807
v -44.90805054 52.91648483 15.56581879
v -44.85076523 52.91648483 15.68256569
v -46.82938385 52.91648483 17.66279602
v -44.77633667 52.91648483 15.78920841
v -46.72235107 52.91648483 17.73744965
v -43.75520325 52.91648483 17.03684044
v -45.47457123 52.91648483 18.75867462
v -44.99005127 52.91648483 18.93167114
v -45.1205864 52.91648483 18.92045212
v -43.68080521 52.91648483 17.14567184
v -43.62620544 52.91648483 17.26565933
v -43.59300613 52.91648483 17.39324188
v -43.58220673 52.91648483 17.52462578
v -43.58495712 52.91648483 18.16993332
v -44.21746826 52.91648483 18.92011261
v -44.3499527 52.91648483 18.93167114
v -43.59708405 52.91648483 18.30236626
v -43.76509094 52.91648483 18.65979004
v -43.85932922 52.91648483 18.75362587
v -43.96839142 52.91648483 18.82972336
v -43.63195801 52.91648483 18.43069839
v -43.68852997 52.91648483 18.55105209
v -44.08898926 52.91648483 18.88578224
v -45.24729156 52.91648483 18.88712502
v -45.36644745 52.91648483 18.8326664
v -47.20025635 52.91648483 17.54738426
v -48.33329773 52.91648483 18.32818413
v -48.84159851 52.91648483 19.07862473
v -48.82268524 52.91648483 19.20728874
v -51.15518188 52.91648483 20.90286636
v -51.27218246 52.91648483 20.84507751
v -48.78436661 52.91648483 19.33156204
v -51.04840088 52.91648483 20.9778862
v -48.72753525 52.91648483 19.4485321
v -50.95436478 52.91648483 21.0683651
v -47.91414642 52.91648483 20.84054565
v -49.88170242 52.91648483 22.27221298
v -47.85769653 52.91648483 20.95967484
v -47.82253265 52.91648483 21.08672714
v -47.80970001 52.91648483 21.21792984
v -47.81959152 52.91648483 21.34938812
v -48.79799271 52.91648483 22.61900711
v -49.43021393 52.91648483 22.51887321
v -47.92325592 52.91648483 21.98631668
v -47.95594788 52.91648483 22.11522675
v -48.01046753 52.91648483 22.23652077
v -48.08517456 52.91648483 22.34654427
v -48.17780304 52.91648483 22.44196701
v -48.28556061 52.91648483 22.51990509
v -48.4051857 52.91648483 22.57800293
v -48.53306198 52.91648483 22.61450768
v -48.66533279 52.91648483 22.62831688
v -49.55738449 52.91648483 22.48737335
v -49.67731476 52.91648483 22.43463516
v -49.78649139 52.91648483 22.36220551
v -51.39665222 52.91648483 20.80587769
v -53.2360611 52.91648483 21.93321037
v -53.25732803 52.91648483 22.06150436
v -53.25877762 52.91648483 22.19154167
v -55.82779694 52.91648483 23.50136185
v -53.2403717 52.91648483 22.32028008
v -55.73406982 52.91648483 23.59216309
v -53.20253754 52.91648483 22.44470215
v -55.65534973 52.91648483 23.69623566
v -52.61692047 52.91648483 23.9468174
v -54.78421021 52.91648483 25.05306435
v -52.57979965 52.91648483 24.07331276
v -52.56494522 52.91648483 24.20429993
v -52.57279968 52.91648483 24.33589554
v -52.60312653 52.91648483 24.46418762
v -53.76809692 52.91648483 25.5651207
v -54.3768692 52.91648483 25.3673172
v -52.80515671 52.91648483 25.07705879
v -52.8576088 52.91648483 25.19926453
v -52.93043518 52.91648483 25.31053925
v -53.02143097 52.91648483 25.40752029
v -53.12784576 52.91648483 25.48727798
v -53.24646759 52.91648483 25.54739952
v -53.37371063 52.91648483 25.58607101
v -53.63852692 52.91648483 25.59506607
v -53.50572586 52.91648483 25.60212135
v -54.49754715 52.91648483 25.31631088
v -54.60775375 52.91648483 25.24546051
v -54.70425034 52.91648483 25.15684509
v -56.17546463 52.91648483 23.32817078
v -58.10709 52.91648483 24.44509697
v -60.84938431 52.91648483 25.33690643
v -60.94280624 52.91648483 25.24579048
v -61.04907227 52.91648483 25.17004776
v -58.10905075 52.91648483 24.57512856
v -60.77101898 52.91648483 25.44124985
v -58.09114838 52.91648483 24.70393753
v -60.70954132 52.91648483 25.55635834
v -57.74772644 52.91648483 26.27917099
v -60.06138611 52.91648483 27.03275871
v -57.73084641 52.91648483 26.40991402
v -57.73666382 52.91648483 26.54161453
v -57.76500702 52.91648483 26.67036057
v -57.81503296 52.91648483 26.79232788
v -59.13788223 52.91648483 27.6974659
v -59.70821762 52.91648483 27.40686417
v -58.11044693 52.91648483 27.36605072
v -58.1813736 52.91648483 27.47854614
v -58.27071381 52.91648483 27.57705879
v -58.37575912 52.91648483 27.6586113
v -58.49334335 52.91648483 27.72073746
v -59.01459122 52.91648483 27.74731445
v -58.61990356 52.91648483 27.76156425
v -58.88452911 52.91648483 27.77505493
v -58.75163269 52.91648483 27.77985382
v -59.8194313 52.91648483 27.33760834
v -59.91719818 52.91648483 27.25039291
v -59.99864578 52.91648483 27.14777184
v -63.20668793 52.91648483 25.78923798
v -63.24824905 52.91648483 25.91246414
v -66.09629059 52.91648483 26.3643055
v -66.17430878 52.91648483 26.25969696
v -63.27052307 52.91648483 26.04058838
v -66.03520966 52.91648483 26.47962379
v -63.27299118 52.91648483 26.17061234
v -65.99250031 52.91648483 26.60293388
v -63.18021774 52.91648483 27.78017235
v -65.58328247 52.91648483 28.16254807
v -63.18399811 52.91648483 27.91194916
v -63.21035004 52.91648483 28.04111671
v -63.25848389 52.91648483 28.16384315
v -63.32697296 52.91648483 28.27648354
v -64.77513123 52.91648483 28.96353912
v -65.29298401 52.91648483 28.58729553
v -63.70849991 52.91648483 28.79693031
v -63.79615402 52.91648483 28.89694595
v -63.89979935 52.91648483 28.98027039
v -64.6611557 52.91648483 29.03205872
v -64.01631165 52.91648483 29.044384
v -64.53703308 52.91648483 29.07980728
v -64.14216614 52.91648483 29.08735275
v -64.40652466 52.91648483 29.10533714
v -64.27355957 52.91648483 29.10787773
v -65.39199829 52.91648483 28.50149345
v -65.47491455 52.91648483 28.40005684
v -65.53930664 52.91648483 28.28595924
v -68.32588196 52.91648483 26.24599075
v -68.4181366 52.91648483 26.33764648
v -68.49533081 52.91648483 26.4423027
v -68.55565643 52.91648483 26.55751228
v -71.4393158 52.91648483 26.55825615
v -68.59770203 52.91648483 26.68057442
v -71.39702606 52.91648483 26.6817112
v -68.62047577 52.91648483 26.8086071
v -71.37413788 52.91648483 26.81018448
v -68.78063965 52.91648483 28.4128685
v -71.21393585 52.91648483 28.41461182
v -70.99365997 52.91648483 28.8795433
v -71.07802582 52.91648483 28.77930832
v -68.80499268 52.91648483 28.54242706
v -68.85121918 52.91648483 28.66588593
v -68.91796112 52.91648483 28.77957153
v -69.00322723 52.91648483 28.88011169
v -69.46147156 52.91648483 29.33446693
v -70.43917847 52.91648483 29.4176712
v -70.54103088 52.91648483 29.33216476
v -69.56369019 52.91648483 29.41953659
v -70.32405853 52.91648483 29.4842453
v -69.67910004 52.91648483 29.48562241
v -70.19914246 52.91648483 29.52987862
v -69.80419922 52.91648483 29.53071976
v -70.06821442 52.91648483 29.55318832
v -69.93523407 52.91648483 29.55347252
v -71.1440506 52.91648483 28.66615105
v -71.18980408 52.91648483 28.54338455
v -71.67046356 52.91648483 26.2461071
v -73.82102203 52.91648483 26.26000404
v -73.89862823 52.91648483 26.36435509
v -76.7469101 52.91648483 25.91398621
v -76.78877258 52.91648483 25.79039001
v -73.95940399 52.91648483 26.47932434
v -76.72444916 52.91648483 26.04253769
v -74.00193024 52.91648483 26.60222054
v -76.72193146 52.91648483 26.17300797
v -74.41107941 52.91648483 28.1616745
v -76.81469727 52.91648483 27.78274536
v -74.45539856 52.91648483 28.28582954
v -74.52037048 52.91648483 28.40053558
v -74.6040802 52.91648483 28.50238037
v -74.70402527 52.91648483 28.58834457
v -75.22770691 52.91648483 28.96541977
v -76.20639038 52.91648483 28.89465332
v -76.29361725 52.91648483 28.79426765
v -75.34197235 52.91648483 29.03345299
v -76.10310364 52.91648483 28.97842026
v -75.98686218 52.91648483 29.04302979
v -75.46629333 52.91648483 29.0806694
v -75.8611908 52.91648483 29.0865345
v -75.5969162 52.91648483 29.10564423
v -75.72988892 52.91648483 29.10761833
v -76.66986084 52.91648483 28.27641296
v -76.73751068 52.91648483 28.16421509
v -76.78501892 52.91648483 28.04211807
v -76.81100464 52.91648483 27.91370773
v -78.9468689 52.91648483 25.17114449
v -79.05262756 52.91648483 25.24682617
v -79.14559937 52.91648483 25.3377533
v -81.88835907 52.91648483 24.44736099
v -79.22361755 52.91648483 25.44179916
v -81.8862915 52.91648483 24.5778389
v -79.28485107 52.91648483 25.55652809
v -81.90421295 52.91648483 24.70709801
v -79.9329071 52.91648483 27.03277779
v -82.24765015 52.91648483 26.28250504
v -79.99610138 52.91648483 27.14847374
v -80.07821655 52.91648483 27.25160217
v -80.17683411 52.91648483 27.33909798
v -80.28899384 52.91648483 27.40836906
v -80.86521149 52.91648483 27.69887924
v -81.82078552 52.91648483 27.47588348
v -81.89122009 52.91648483 27.36308861
v -80.9887085 52.91648483 27.74820137
v -81.50984955 52.91648483 27.71940422
v -81.62716675 52.91648483 27.65677452
v -81.73186493 52.91648483 27.5747757
v -81.38345337 52.91648483 27.76076889
v -81.11889648 52.91648483 27.77538681
v -81.2518158 52.91648483 27.77961922
v -82.18182373 52.91648483 26.79275322
v -82.23109436 52.91648483 26.67135239
v -82.25891876 52.91648483 26.54332924
v -82.26448822 52.91648483 26.41243172
v -83.8212204 52.91648483 23.32973099
v -84.16738892 52.91648483 23.50298119
v -86.73707581 52.91648483 22.19448853
v -86.7387085 52.91648483 22.06400299
v -86.76029205 52.91648483 21.93530273
v -84.26071167 52.91648483 23.5935421
v -86.75544739 52.91648483 22.3236866
v -84.33913422 52.91648483 23.69728088
v -86.79337311 52.91648483 22.44854927
v -85.2101593 52.91648483 25.05397606
v -87.37903595 52.91648483 23.95083618
v -85.2906723 52.91648483 25.15835953
v -85.38791656 52.91648483 25.24737167
v -85.49899292 52.91648483 25.318367
v -85.6206131 52.91648483 25.36923981
v -86.23518372 52.91648483 25.56603241
v -87.14409637 52.91648483 25.19630051
v -87.19603729 52.91648483 25.07387161
v -86.36488342 52.91648483 25.59542656
v -86.62965393 52.91648483 25.58530045
v -86.75673676 52.91648483 25.54608917
v -86.87509155 52.91648483 25.48546028
v -86.49771118 52.91648483 25.60191345
v -86.98117065 52.91648483 25.40525055
v -87.07175446 52.91648483 25.30788231
v -87.39383698 52.91648483 24.46509552
v -87.42350769 52.91648483 24.33748436
v -87.43096161 52.91648483 24.20668411
v -87.41599274 52.91648483 24.07652855
v -88.599823 52.91648483 20.80817795
v -88.72379303 52.91648483 20.84747314
v -88.84031677 52.91648483 20.90521812
v -91.1736908 52.91648483 19.21084595
v -91.15487671 52.91648483 19.08171272
v -88.94667053 52.91648483 20.98006439
v -91.21203613 52.91648483 19.33557892
v -89.04034424 52.91648483 21.07025909
v -91.26902771 52.91648483 19.45297432
v -90.11287689 52.91648483 22.27399063
v -92.08248138 52.91648483 20.84514618
v -90.2087326 52.91648483 22.36449814
v -90.31869507 52.91648483 22.43720055
v -90.43952179 52.91648483 22.48994637
v -90.56759644 52.91648483 22.52116394
v -92.07741547 52.91648483 21.98298264
v -92.17755127 52.91648483 21.35076141
v -91.2053833 52.91648483 22.61939621
v -91.33808899 52.91648483 22.62813759
v -91.47029877 52.91648483 22.61376572
v -91.59801483 52.91648483 22.57671738
v -91.71739197 52.91648483 22.51810837
v -92.04528046 52.91648483 22.11202812
v -91.99127197 52.91648483 22.23355484
v -91.91703796 52.91648483 22.34389496
v -91.82481384 52.91648483 22.43971062
v -92.18688965 52.91648483 21.22007751
v -92.17379761 52.91648483 21.08972168
v -92.13865662 52.91648483 20.96351242
v -91.66435242 52.91648483 18.33016014
v -92.79663086 52.91648483 17.55020523
v -92.92521667 52.91648483 17.56962395
v -93.04933167 52.91648483 17.60843086
v -93.16608429 52.91648483 17.66571999
v -95.14631653 52.91648483 15.6870985
v -93.27272034 52.91648483 17.74014664
v -95.22096252 52.91648483 15.79413223
v -94.52035522 52.91648483 18.76128006
v -96.2421875 52.91648483 17.04191208
v -96.41518402 52.91648483 17.52642822
v -96.40396881 52.91648483 17.395895
v -94.62919617 52.91648483 18.83567619
v -94.74917603 52.91648483 18.89028168
v -94.87675476 52.91648483 18.92347717
v -95.00814819 52.91648483 18.93427658
v -96.41518402 52.91648483 18.16653061
v -95.65345001 52.91648483 18.93152428
v -95.78588867 52.91648483 18.91940117
v -95.91421509 52.91648483 18.8845253
v -96.03456116 52.91648483 18.82795143
v -96.14330292 52.91648483 18.75139046
v -96.23714447 52.91648483 18.65715218
v -96.31324005 52.91648483 18.54808998
v -96.36929321 52.91648483 18.42749596
v -96.40362549 52.91648483 18.29901505
v -96.37063599 52.91648483 17.26919174
v -96.316185 52.91648483 17.15003204
v -95.03089905 52.91648483 15.31622887
v -95.81169891 52.91648483 14.18318844
v -96.56213379 52.91648483 13.6748848
v -96.69081116 52.91648483 13.69379807
v -98.38638306 52.91648483 11.36130238
v -98.32859039 52.91648483 11.24430084
v -96.81507874 52.91648483 13.73211765
v -98.46139526 52.91648483 11.46808052
v -96.93205261 52.91648483 13.78894424
v -98.55187988 52.91648483 11.56211662
v -98.32405853 52.91648483 14.60233498
v -99.75572205 52.91648483 12.63478088
v -98.44319153 52.91648483 14.65878868
v -98.832901 52.91648483 14.69689369
v -100.1025238 52.91648483 13.71849155
v -100.00239563 52.91648483 13.08626938
v -98.57024384 52.91648483 14.69395256
v -98.70144653 52.91648483 14.70678139
v -99.46983337 52.91648483 14.59322834
v -99.59873962 52.91648483 14.56053638
v -99.72003937 52.91648483 14.50601482
v -99.83006287 52.91648483 14.4313097
v -99.92547607 52.91648483 14.33868027
v -100.0034256 52.91648483 14.23092461
v -100.06152344 52.91648483 14.11129951
v -100.09803009 52.91648483 13.98342133
v -100.11183167 52.91648483 13.85115242
v -99.97089386 52.91648483 12.95909786
v -99.91815186 52.91648483 12.83916664
v -99.84572601 52.91648483 12.72999382
v -98.28939819 52.91648483 11.11983109
v -99.41672516 52.91648483 9.28042221
v -99.54502106 52.91648483 9.25915527
v -99.67505646 52.91648483 9.25770855
v -100.98487854 52.91648483 6.68868303
v -99.80378723 52.91648483 9.27611542
v -101.07567596 52.91648483 6.78241062
v -99.92821503 52.91648483 9.31394482
v -101.17974854 52.91648483 6.86113548
v -101.43032837 52.91648483 9.89956093
v -102.53658295 52.91648483 7.73226929
v -101.55682373 52.91648483 9.93668461
v -101.94770813 52.91648483 9.91335583
v -103.04863739 52.91648483 8.74838734
v -102.85083771 52.91648483 8.1396122
v -101.68781281 52.91648483 9.95153999
v -101.81941223 52.91648483 9.94368649
v -102.56057739 52.91648483 9.71132946
v -102.68278503 52.91648483 9.65887451
v -102.79405212 52.91648483 9.58604908
v -102.89103699 52.91648483 9.49505234
v -102.97079468 52.91648483 9.38863564
v -103.03092194 52.91648483 9.27001476
v -103.06959534 52.91648483 9.14277458
v -103.08563995 52.91648483 9.01075935
v -103.07858276 52.91648483 8.87795925
v -102.79982758 52.91648483 8.0189352
v -102.72897339 52.91648483 7.90873146
v -102.6403656 52.91648483 7.81223249
v -100.81169128 52.91648483 6.34102058
v -101.92861938 52.91648483 4.40939379
v -102.82042694 52.91648483 1.66709661
v -102.72930908 52.91648483 1.57367837
v -102.65356445 52.91648483 1.46741378
v -102.05864716 52.91648483 4.40743542
v -102.92476654 52.91648483 1.74546647
v -102.18745422 52.91648483 4.42533541
v -103.03987122 52.91648483 1.80694056
v -103.76268005 52.91648483 4.76875925
v -104.51628113 52.91648483 2.45509481
v -103.89343262 52.91648483 4.78563786
v -104.02513123 52.91648483 4.77981901
v -104.15388489 52.91648483 4.75147581
v -104.27584839 52.91648483 4.70144939
v -105.18097687 52.91648483 3.37859988
v -104.89038086 52.91648483 2.80826354
v -104.8495636 52.91648483 4.4060359
v -104.96206665 52.91648483 4.33510971
v -105.06057739 52.91648483 4.24577332
v -105.14212799 52.91648483 4.14072609
v -105.20425415 52.91648483 4.02314281
v -105.24508667 52.91648483 3.89657736
v -105.2633667 52.91648483 3.76485372
v -105.25856781 52.91648483 3.63195324
v -105.23082733 52.91648483 3.50189161
v -104.82112885 52.91648483 2.69705105
v -104.73390198 52.91648483 2.59928703
v -104.63128662 52.91648483 2.51783872
v -103.27275085 52.91648483 -0.69020295
v -103.39598083 52.91648483 -0.73176312
v -103.84781647 52.91648483 -3.57980824
v -103.74320984 52.91648483 -3.65782237
v -103.52410126 52.91648483 -0.75403899
v -103.96313477 52.91648483 -3.51872587
v -103.65412903 52.91648483 -0.75650924
v -104.08644867 52.91648483 -3.47601557
v -105.26368713 52.91648483 -0.66373432
v -105.64606476 52.91648483 -3.06680107
v -105.39546204 52.91648483 -0.66751647
v -105.52463531 52.91648483 -0.69386607
v -105.64736176 52.91648483 -0.74200088
v -105.76000214 52.91648483 -0.8104912
v -106.44705963 52.91648483 -2.25864911
v -106.07081604 52.91648483 -2.77650356
v -106.28044891 52.91648483 -1.19201791
v -106.38046265 52.91648483 -1.27966881
v -106.46378326 52.91648483 -1.38331604
v -106.5279007 52.91648483 -1.49982738
v -106.57087708 52.91648483 -1.62568164
v -106.59140015 52.91648483 -1.75707567
v -106.58885193 52.91648483 -1.89003873
v -106.56332397 52.91648483 -2.0205524
v -106.51557922 52.91648483 -2.14467311
v -105.98501587 52.91648483 -2.8755126
v -105.88356781 52.91648483 -2.9584291
v -105.76947021 52.91648483 -3.02282143
v -103.72950745 52.91648483 -5.80939579
v -103.82116699 52.91648483 -5.90165138
v -103.9258194 52.91648483 -5.9788456
v -104.04102325 52.91648483 -6.03917074
v -104.04177856 52.91648483 -8.92283535
v -104.16408539 52.91648483 -6.08121586
v -104.1652298 52.91648483 -8.88054466
v -104.29212952 52.91648483 -6.10399532
v -104.29370117 52.91648483 -8.8576498
v -105.89638519 52.91648483 -6.26415348
v -105.89813232 52.91648483 -8.69745159
v -106.36306 52.91648483 -8.47717285
v -106.26282501 52.91648483 -8.5615406
v -106.02593994 52.91648483 -6.28850365
v -106.3636322 52.91648483 -6.48674393
v -106.81568146 52.91648483 -8.02455139
v -106.14940643 52.91648483 -6.33473492
v -106.26308441 52.91648483 -6.40147591
v -106.81797791 52.91648483 -6.9449892
v -106.90306091 52.91648483 -7.04720688
v -106.9691391 52.91648483 -7.16261292
v -107.01423645 52.91648483 -7.28771925
v -107.0369873 52.91648483 -7.41874599
v -107.03670502 52.91648483 -7.55173254
v -107.01339722 52.91648483 -7.68266153
v -106.96776581 52.91648483 -7.80757427
v -106.90118408 52.91648483 -7.92269754
v -106.14966583 52.91648483 -8.62756824
v -106.02690125 52.91648483 -8.67331886
v -103.72962189 52.91648483 -9.15397739
v -103.74351501 52.91648483 -11.30453873
v -103.8478775 52.91648483 -11.38214302
v -103.39750671 52.91648483 -14.23042202
v -103.27391052 52.91648483 -14.27229118
v -103.96284485 52.91648483 -11.44292068
v -103.52604675 52.91648483 -14.20796394
v -104.08573914 52.91648483 -11.48545074
v -103.65652466 52.91648483 -14.20544815
v -105.64518738 52.91648483 -11.89459801
v -105.26626587 52.91648483 -14.29821014
v -105.76934814 52.91648483 -11.93891525
v -106.07186127 52.91648483 -12.18754005
v -106.27777863 52.91648483 -13.77713203
v -105.75992584 52.91648483 -14.15337563
v -105.88405609 52.91648483 -12.00389004
v -105.98590088 52.91648483 -12.08759403
v -106.44893646 52.91648483 -12.71122074
v -106.51696777 52.91648483 -12.82548809
v -106.5641861 52.91648483 -12.94981098
v -106.58916473 52.91648483 -13.08043289
v -106.59114075 52.91648483 -13.21340466
v -106.5700531 52.91648483 -13.3447094
v -106.52655029 52.91648483 -13.47038078
v -106.46193695 52.91648483 -13.58661652
v -106.37817383 52.91648483 -13.68990803
v -105.64772797 52.91648483 -14.22102451
v -105.52563477 52.91648483 -14.26853657
v -105.39722443 52.91648483 -14.29451942
v -102.65465546 52.91648483 -16.4303875
v -102.73033905 52.91648483 -16.53614426
v -102.82126617 52.91648483 -16.62911797
v -101.93087769 52.91648483 -19.37187576
v -102.92532349 52.91648483 -16.70713234
v -102.06135559 52.91648483 -19.36980438
v -103.04004669 52.91648483 -16.76836395
v -102.19062042 52.91648483 -19.38773155
v -104.51629639 52.91648483 -17.4164257
v -103.76602173 52.91648483 -19.73116875
v -104.63198853 52.91648483 -17.47962189
v -104.89188385 52.91648483 -17.77250862
v -104.84660339 52.91648483 -19.37474251
v -104.27626801 52.91648483 -19.66534424
v -104.73511505 52.91648483 -17.56173897
v -104.82261658 52.91648483 -17.66034508
v -105.18240356 52.91648483 -18.34872818
v -104.95940399 52.91648483 -19.30429649
v -105.23171234 52.91648483 -18.47223091
v -105.2589035 52.91648483 -18.60241127
v -105.26313782 52.91648483 -18.73533058
v -105.24428558 52.91648483 -18.86697578
v -105.20292664 52.91648483 -18.99336624
v -105.14029694 52.91648483 -19.11068344
v -105.05828857 52.91648483 -19.21538162
v -104.15487671 52.91648483 -19.71460724
v -104.02684021 52.91648483 -19.74243546
v -103.89595032 52.91648483 -19.74801064
v -100.81324768 52.91648483 -21.30474091
v -100.98649597 52.91648483 -21.65089798
v -99.6780014 52.91648483 -24.22060013
v -99.54751587 52.91648483 -24.222229
v -99.41882324 52.91648483 -24.24381065
v -101.07705688 52.91648483 -21.74423027
v -99.8072052 52.91648483 -24.23896599
v -101.18080139 52.91648483 -21.82265282
v -99.93206787 52.91648483 -24.27689362
v -102.53749084 52.91648483 -22.69367409
v -101.43435669 52.91648483 -24.86254883
v -102.64187622 52.91648483 -22.774189
v -102.85275269 52.91648483 -23.10412598
v -101.94861603 52.91648483 -24.87735558
v -103.04954529 52.91648483 -23.71870041
v -102.55738068 52.91648483 -24.67955017
v -103.07894897 52.91648483 -23.84839821
v -102.73088074 52.91648483 -22.87142944
v -102.80188751 52.91648483 -22.98250961
v -103.08543396 52.91648483 -23.98122597
v -103.06881714 52.91648483 -24.11317062
v -103.02960205 52.91648483 -24.24024582
v -102.96897888 52.91648483 -24.35861206
v -102.88876343 52.91648483 -24.46468544
v -102.79139709 52.91648483 -24.55526733
v -102.6798172 52.91648483 -24.62761879
v -101.56005096 52.91648483 -24.89950943
v -101.69020081 52.91648483 -24.9144783
v -101.82099915 52.91648483 -24.90702057
v -98.29169464 52.91648483 -26.08334351
v -98.33098602 52.91648483 -26.20730972
v -98.38874054 52.91648483 -26.32383156
v -96.69436646 52.91648483 -28.65720367
v -96.56523132 52.91648483 -28.63839722
v -98.4635849 52.91648483 -26.4301796
v -96.8190918 52.91648483 -28.69555283
v -98.55377197 52.91648483 -26.52386665
v -96.93649292 52.91648483 -28.7525444
v -99.75750732 52.91648483 -27.5963974
v -98.32866669 52.91648483 -29.56600189
v -99.84801483 52.91648483 -27.6922493
v -100.00468445 52.91648483 -28.05111313
v -98.83427429 52.91648483 -29.66107178
v -100.1029129 52.91648483 -28.68890572
v -99.4664917 52.91648483 -29.56093788
v -100.11165619 52.91648483 -28.82160378
v -99.92072296 52.91648483 -27.80221748
v -99.97345734 52.91648483 -27.92303467
v -100.09728241 52.91648483 -28.95381546
v -100.06023407 52.91648483 -29.08153534
v -100.00161743 52.91648483 -29.20091248
v -99.92323303 52.91648483 -29.30833435
v -99.82741547 52.91648483 -29.40055656
v -99.71707153 52.91648483 -29.47479057
v -99.59555054 52.91648483 -29.52879333
v -98.70359802 52.91648483 -29.67041016
v -98.57323456 52.91648483 -29.6573143
v -98.44702911 52.91648483 -29.62216949
v -95.81367493 52.91648483 -29.1478653
v -95.03372192 52.91648483 -30.28014183
v -95.05313873 52.91648483 -30.40872955
v -95.09194183 52.91648483 -30.53285217
v -95.14923859 52.91648483 -30.64960098
v -93.17061615 52.91648483 -32.62982941
v -95.22366333 52.91648483 -30.75624275
v -93.27764893 52.91648483 -32.70448303
v -96.24479675 52.91648483 -32.00387573
v -94.5254364 52.91648483 -33.72570801
v -95.00994873 52.91648483 -33.89870453
v -94.63355255 52.91648483 -33.79970169
v -94.75271606 52.91648483 -33.85415649
v -94.87940979 52.91648483 -33.8874855
v -96.31919098 52.91648483 -32.11270523
v -96.41778564 52.91648483 -32.49166107
v -96.41503906 52.91648483 -33.13696671
v -95.65005493 52.91648483 -33.89870453
v -96.40292358 52.91648483 -33.26939774
v -96.37379456 52.91648483 -32.23269272
v -96.40699768 52.91648483 -32.36027527
v -96.36804199 52.91648483 -33.39773178
v -96.3114624 52.91648483 -33.51808548
v -96.23490143 52.91648483 -33.62682343
v -96.14067078 52.91648483 -33.72065735
v -96.03160858 52.91648483 -33.79675674
v -95.91101837 52.91648483 -33.85281372
v -95.78253174 52.91648483 -33.887146
v -92.79975128 52.91648483 -32.51441574
v -91.6667099 52.91648483 -33.29521561
v -91.15840149 52.91648483 -34.04565811
v -91.17730713 52.91648483 -34.17432022
v -88.84482574 52.91648483 -35.86989975
v -88.72781372 52.91648483 -35.8121109
v -91.21562958 52.91648483 -34.29859543
v -88.95159912 52.91648483 -35.94491959
v -91.27246094 52.91648483 -34.41556549
v -89.04563141 52.91648483 -36.03539658
v -92.08584595 52.91648483 -35.80757904
v -90.11829376 52.91648483 -37.23924637
v -92.14230347 52.91648483 -35.92670822
v -92.18041229 52.91648483 -36.31642151
v -90.56977844 52.91648483 -37.48590851
v -92.07673645 52.91648483 -36.95335007
v -91.20201111 52.91648483 -37.5860405
v -92.04405212 52.91648483 -37.08225632
v -92.17746735 52.91648483 -36.05376053
v -92.19029236 52.91648483 -36.18496323
v -91.98952484 52.91648483 -37.20355606
v -91.91482544 52.91648483 -37.31357574
v -91.82219696 52.91648483 -37.40899658
v -91.71443939 52.91648483 -37.48693848
v -91.59481812 52.91648483 -37.54503632
v -91.46694183 52.91648483 -37.58154297
v -91.33467102 52.91648483 -37.59534836
v -90.44261932 52.91648483 -37.45440674
v -90.32268524 52.91648483 -37.40166855
v -90.21350861 52.91648483 -37.32923889
v -88.60334778 52.91648483 -35.77291107
v -86.76393127 52.91648483 -36.90024185
v -86.74266815 52.91648483 -37.02853775
v -86.7412262 52.91648483 -37.15857697
v -84.17220306 52.91648483 -38.46839523
v -86.75963593 52.91648483 -37.28731155
v -84.26593018 52.91648483 -38.55919266
v -86.79745483 52.91648483 -37.41173553
v -84.34465027 52.91648483 -38.66326904
v -87.38307953 52.91648483 -38.91384888
v -85.21578979 52.91648483 -40.02009964
v -87.42020416 52.91648483 -39.04034424
v -87.39686584 52.91648483 -39.43122101
v -85.6231308 52.91648483 -40.33435059
v -87.19483948 52.91648483 -40.04409409
v -86.23190308 52.91648483 -40.53215408
v -87.14239502 52.91648483 -40.16629791
v -87.43505859 52.91648483 -39.17133331
v -87.42720795 52.91648483 -39.30292892
v -87.06956482 52.91648483 -40.27757263
v -86.97856903 52.91648483 -40.3745575
v -86.87214661 52.91648483 -40.45431137
v -86.75353241 52.91648483 -40.514431
v -86.62628937 52.91648483 -40.55310059
v -86.36147308 52.91648483 -40.56209946
v -86.49427795 52.91648483 -40.56915283
v -85.50245667 52.91648483 -40.28334808
v -85.39224243 52.91648483 -40.2124939
v -85.29575348 52.91648483 -40.12387848
v -83.82453918 52.91648483 -38.29520416
v -81.89291382 52.91648483 -39.41213226
v -79.15061188 52.91648483 -40.30393982
v -79.05718994 52.91648483 -40.21282196
v -78.95092773 52.91648483 -40.13708115
v -81.89095306 52.91648483 -39.54216385
v -79.22898102 52.91648483 -40.40828323
v -81.90885925 52.91648483 -39.67097092
v -79.29045868 52.91648483 -40.52339554
v -82.25227356 52.91648483 -41.24620438
v -79.93861389 52.91648483 -41.99979401
v -82.26914978 52.91648483 -41.37694931
v -82.18496704 52.91648483 -41.75936127
v -80.29177856 52.91648483 -42.37390137
v -81.88955688 52.91648483 -42.33308411
v -80.86211395 52.91648483 -42.66449738
v -81.8186264 52.91648483 -42.44557953
v -82.26333618 52.91648483 -41.5086441
v -82.23499298 52.91648483 -41.63739014
v -81.72928619 52.91648483 -42.54409409
v -81.62423706 52.91648483 -42.62564087
v -81.50666046 52.91648483 -42.68776703
v -80.9854126 52.91648483 -42.71434784
v -81.38008881 52.91648483 -42.72859573
v -81.11546326 52.91648483 -42.74208832
v -81.24836731 52.91648483 -42.74688721
v -80.18057251 52.91648483 -42.30464172
v -80.08280945 52.91648483 -42.2174263
v -80.00135803 52.91648483 -42.11480713
v -76.79331207 52.91648483 -40.75627136
v -76.75175476 52.91648483 -40.87949753
v -73.90370941 52.91648483 -41.33133698
v -73.82569122 52.91648483 -41.22673035
v -76.72947693 52.91648483 -41.00762177
v -73.96479034 52.91648483 -41.44665527
v -76.727005 52.91648483 -41.13764191
v -74.00749969 52.91648483 -41.56996918
v -76.81977844 52.91648483 -42.74720764
v -74.41671753 52.91648483 -43.12958145
v -76.81600189 52.91648483 -42.87898254
v -76.67302704 52.91648483 -43.24351883
v -74.70701599 52.91648483 -43.55432892
v -76.29149628 52.91648483 -43.76396179
v -75.22486877 52.91648483 -43.93057251
v -76.20384979 52.91648483 -43.86397934
v -76.78964996 52.91648483 -43.00815201
v -76.74151611 52.91648483 -43.13087845
v -76.10020447 52.91648483 -43.94729996
v -75.3388443 52.91648483 -43.9990921
v -75.98368835 52.91648483 -44.01141739
v -75.46296692 52.91648483 -44.04684067
v -75.85783386 52.91648483 -44.05438232
v -75.59347534 52.91648483 -44.07237244
v -75.72644043 52.91648483 -44.07491302
v -74.60800171 52.91648483 -43.46852875
v -74.52508545 52.91648483 -43.36708832
v -74.46069336 52.91648483 -43.25299072
v -71.67411804 52.91648483 -41.21302032
v -71.5818634 52.91648483 -41.30467987
v -71.50466919 52.91648483 -41.40933609
v -71.44434357 52.91648483 -41.52454376
v -68.5606842 52.91648483 -41.52529144
v -71.40229797 52.91648483 -41.6476059
v -68.60297394 52.91648483 -41.64874649
v -71.37952423 52.91648483 -41.7756424
v -68.62586212 52.91648483 -41.77721405
v -71.21936035 52.91648483 -43.37990189
v -68.78606415 52.91648483 -43.3816452
v -69.00634003 52.91648483 -43.84658051
v -68.81019592 52.91648483 -43.51041794
v -68.8559494 52.91648483 -43.63318634
v -68.92197418 52.91648483 -43.74634171
v -71.19500732 52.91648483 -43.50946045
v -70.99677277 52.91648483 -43.84714508
v -69.45896912 52.91648483 -44.29919815
v -70.53852844 52.91648483 -44.30149841
v -69.56082153 52.91648483 -44.38470459
v -70.43630981 52.91648483 -44.38657379
v -69.67594147 52.91648483 -44.45127869
v -70.32089996 52.91648483 -44.45265198
v -71.14878082 52.91648483 -43.63291931
v -71.08203888 52.91648483 -43.74660492
v -69.80085754 52.91648483 -44.49691391
v -70.19580078 52.91648483 -44.49775314
v -69.93178558 52.91648483 -44.52022171
v -70.06476593 52.91648483 -44.52050781
v -68.32953644 52.91648483 -41.2131424
v -71.67411804 55.24981689 -41.21302032
v -71.67411804 57.58315277 -41.21302032
v -71.5818634 57.58315277 -41.30467987
v -71.50466919 57.58315277 -41.40933609
v -71.44434357 57.58315277 -41.52454376
v -71.40229797 57.58315277 -41.6476059
v -71.40229797 55.24981689 -41.6476059
v -71.44434357 55.24981689 -41.52454376
v -71.50466919 55.24981689 -41.40933609
v -71.5818634 55.24981689 -41.30467987
v -70.43630981 57.58315277 -44.38657379
v -70.43630981 55.24981689 -44.38657379
v -70.32089996 55.24981689 -44.45265198
v -70.19580078 55.24981689 -44.49775314
v -70.06476593 55.24981689 -44.52050781
v -69.93178558 55.24981689 -44.52022171
v -69.80085754 55.24981689 -44.49691391
v -69.67594147 55.24981689 -44.45127869
v -69.56082153 55.24981689 -44.38470459
v -69.56082153 57.58315277 -44.38470459
v -69.67594147 57.58315277 -44.45127869
v -69.80085754 57.58315277 -44.49691391
v -69.93178558 57.58315277 -44.52022171
v -70.06476593 57.58315277 -44.52050781
v -70.19580078 57.58315277 -44.49775314
v -70.32089996 57.58315277 -44.45265198
v -68.32953644 57.58315277 -41.2131424
v -68.32953644 55.24981689 -41.2131424
v -68.42233276 55.24981689 -41.30488968
v -68.49999237 55.24981689 -41.40976334
v -68.5606842 55.24981689 -41.52529144
v -68.60297394 55.24981689 -41.64874649
v -68.60297394 57.58315277 -41.64874649
v -68.5606842 57.58315277 -41.52529144
v -68.49999237 57.58315277 -41.40976334
v -68.42233276 57.58315277 -41.30488968
v -68.81019592 55.24981689 -43.51041794
v -68.81019592 57.58315277 -43.51041794
v -68.8559494 57.58315277 -43.63318634
v -68.92197418 57.58315277 -43.74634171
v -68.92197418 55.24981689 -43.74634171
v -68.8559494 55.24981689 -43.63318634
v -71.08203888 55.24981689 -43.74660492
v -71.08203888 57.58315277 -43.74660492
v -71.14878082 57.58315277 -43.63291931
v -71.19500732 57.58315277 -43.50946045
v -71.19500732 55.24981689 -43.50946045
v -71.14878082 55.24981689 -43.63291931
v -76.92996216 55.24981689 -40.53586578
v -76.92996216 57.58315277 -40.53586578
v -76.85318756 57.58315277 -40.64082718
v -76.79331207 57.58315277 -40.75627136
v -76.75175476 57.58315277 -40.87949753
v -76.72947693 57.58315277 -41.00762177
v -76.72947693 55.24981689 -41.00762177
v -76.75175476 55.24981689 -40.87949753
v -76.79331207 55.24981689 -40.75627136
v -76.85318756 55.24981689 -40.64082718
v -76.20384979 57.58315277 -43.86397934
v -76.20384979 55.24981689 -43.86397934
v -76.10020447 55.24981689 -43.94729996
v -75.98368835 55.24981689 -44.01141739
v -75.85783386 55.24981689 -44.05438232
v -75.72644043 55.24981689 -44.07491302
v -75.59347534 55.24981689 -44.07237244
v -75.46296692 55.24981689 -44.04684067
v -75.3388443 55.24981689 -43.9990921
v -75.3388443 57.58315277 -43.9990921
v -75.46296692 57.58315277 -44.04684067
v -75.59347534 57.58315277 -44.07237244
v -75.72644043 57.58315277 -44.07491302
v -75.85783386 57.58315277 -44.05438232
v -75.98368835 57.58315277 -44.01141739
v -76.10020447 57.58315277 -43.94729996
v -73.62657928 57.58315277 -41.05918884
v -73.62657928 55.24981689 -41.05918884
v -73.73258972 55.24981689 -41.13529587
v -73.82569122 55.24981689 -41.22673035
v -73.90370941 55.24981689 -41.33133698
v -73.96479034 55.24981689 -41.44665527
v -73.96479034 57.58315277 -41.44665527
v -73.90370941 57.58315277 -41.33133698
v -73.82569122 57.58315277 -41.22673035
v -73.73258972 57.58315277 -41.13529587
v -74.46069336 55.24981689 -43.25299072
v -74.46069336 57.58315277 -43.25299072
v -74.52508545 57.58315277 -43.36708832
v -74.60800171 57.58315277 -43.46852875
v -74.60800171 55.24981689 -43.46852875
v -74.52508545 55.24981689 -43.36708832
v -76.74151611 55.24981689 -43.13087845
v -76.74151611 57.58315277 -43.13087845
v -76.78964996 57.58315277 -43.00815201
v -76.81600189 57.58315277 -42.87898254
v -76.81600189 55.24981689 -42.87898254
v -76.78964996 55.24981689 -43.00815201
v -82.01516724 55.24981689 -39.04485321
v -82.01516724 57.58315277 -39.04485321
v -81.95575714 57.58315277 -39.16053009
v -81.91468048 57.58315277 -39.28392029
v -81.89291382 57.58315277 -39.41213226
v -81.89095306 57.58315277 -39.54216385
v -81.89095306 55.24981689 -39.54216385
v -81.89291382 55.24981689 -39.41213226
v -81.91468048 55.24981689 -39.28392029
v -81.95575714 55.24981689 -39.16053009
v -81.8186264 57.58315277 -42.44557953
v -81.8186264 55.24981689 -42.44557953
v -81.72928619 55.24981689 -42.54409409
v -81.62423706 55.24981689 -42.62564087
v -81.50666046 55.24981689 -42.68776703
v -81.38008881 55.24981689 -42.72859573
v -81.24836731 55.24981689 -42.74688721
v -81.11546326 55.24981689 -42.74208832
v -80.9854126 55.24981689 -42.71434784
v -80.9854126 57.58315277 -42.71434784
v -81.11546326 57.58315277 -42.74208832
v -81.24836731 57.58315277 -42.74688721
v -81.38008881 57.58315277 -42.72859573
v -81.50666046 57.58315277 -42.68776703
v -81.62423706 57.58315277 -42.62564087
v -81.72928619 57.58315277 -42.54409409
v -78.83432007 57.58315277 -40.07849884
v -78.83432007 55.24981689 -40.07849884
v -78.95092773 55.24981689 -40.13708115
v -79.05718994 55.24981689 -40.21282196
v -79.15061188 55.24981689 -40.30393982
v -79.22898102 55.24981689 -40.40828323
v -79.22898102 57.58315277 -40.40828323
v -79.15061188 57.58315277 -40.30393982
v -79.05718994 57.58315277 -40.21282196
v -78.95092773 57.58315277 -40.13708115
v -80.00135803 55.24981689 -42.11480713
v -80.00135803 57.58315277 -42.11480713
v -80.08280945 57.58315277 -42.2174263
v -80.18057251 57.58315277 -42.30464172
v -80.18057251 55.24981689 -42.30464172
v -80.08280945 55.24981689 -42.2174263
v -82.23499298 55.24981689 -41.63739014
v -82.23499298 57.58315277 -41.63739014
v -82.26333618 57.58315277 -41.5086441
v -82.26914978 57.58315277 -41.37694931
v -82.26914978 55.24981689 -41.37694931
v -82.26333618 55.24981689 -41.5086441
v -86.80451965 55.24981689 -36.77669144
v -86.80451965 57.58315277 -36.77669144
v -86.76393127 57.58315277 -36.90024185
v -86.74266815 57.58315277 -37.02853775
v -86.7412262 57.58315277 -37.15857697
v -86.75963593 57.58315277 -37.28731155
v -86.75963593 55.24981689 -37.28731155
v -86.7412262 55.24981689 -37.15857697
v -86.74266815 55.24981689 -37.02853775
v -86.76393127 55.24981689 -36.90024185
v -87.14239502 57.58315277 -40.16629791
v -87.14239502 55.24981689 -40.16629791
v -87.06956482 55.24981689 -40.27757263
v -86.97856903 55.24981689 -40.3745575
v -86.87214661 55.24981689 -40.45431137
v -86.75353241 55.24981689 -40.514431
v -86.62628937 55.24981689 -40.55310059
v -86.49427795 55.24981689 -40.56915283
v -86.36147308 55.24981689 -40.56209946
v -86.36147308 57.58315277 -40.56209946
v -86.49427795 57.58315277 -40.56915283
v -86.62628937 57.58315277 -40.55310059
v -86.75353241 57.58315277 -40.514431
v -86.87214661 57.58315277 -40.45431137
v -86.97856903 57.58315277 -40.3745575
v -87.06956482 57.58315277 -40.27757263
v -83.82453918 57.58315277 -38.29520416
v -83.82453918 55.24981689 -38.29520416
v -83.9488678 55.24981689 -38.33482742
v -84.06567383 55.24981689 -38.393013
v -84.17220306 55.24981689 -38.46839523
v -84.26593018 55.24981689 -38.55919266
v -84.26593018 57.58315277 -38.55919266
v -84.17220306 57.58315277 -38.46839523
v -84.06567383 57.58315277 -38.393013
v -83.9488678 57.58315277 -38.33482742
v -85.29575348 55.24981689 -40.12387848
v -85.29575348 57.58315277 -40.12387848
v -85.39224243 57.58315277 -40.2124939
v -85.50245667 57.58315277 -40.28334808
v -85.50245667 55.24981689 -40.28334808
v -85.39224243 55.24981689 -40.2124939
v -87.42720795 55.24981689 -39.30292892
v -87.42720795 57.58315277 -39.30292892
v -87.43505859 57.58315277 -39.17133331
v -87.42020416 57.58315277 -39.04034424
v -87.42020416 55.24981689 -39.04034424
v -87.43505859 55.24981689 -39.17133331
v -91.18009949 55.24981689 -33.78723907
v -91.18009949 57.58315277 -33.78723907
v -91.15933228 57.58315277 -33.91561508
v -91.15840149 57.58315277 -34.04565811
v -91.17730713 57.58315277 -34.17432022
v -91.21562958 57.58315277 -34.29859543
v -91.21562958 55.24981689 -34.29859543
v -91.17730713 55.24981689 -34.17432022
v -91.15840149 55.24981689 -34.04565811
v -91.15933228 55.24981689 -33.91561508
v -92.04405212 57.58315277 -37.08225632
v -92.04405212 55.24981689 -37.08225632
v -91.98952484 55.24981689 -37.20355606
v -91.91482544 55.24981689 -37.31357574
v -91.82219696 55.24981689 -37.40899658
v -91.71443939 55.24981689 -37.48693848
v -91.59481812 55.24981689 -37.54503632
v -91.46694183 55.24981689 -37.58154297
v -91.33467102 55.24981689 -37.59534836
v -91.33467102 57.58315277 -37.59534836
v -91.46694183 57.58315277 -37.58154297
v -91.59481812 57.58315277 -37.54503632
v -91.71443939 57.58315277 -37.48693848
v -91.82219696 57.58315277 -37.40899658
v -91.91482544 57.58315277 -37.31357574
v -91.98952484 57.58315277 -37.20355606
v -88.47434235 57.58315277 -35.75322723
v -88.47434235 55.24981689 -35.75322723
v -88.60334778 55.24981689 -35.77291107
v -88.72781372 55.24981689 -35.8121109
v -88.84482574 55.24981689 -35.86989975
v -88.95159912 55.24981689 -35.94491959
v -88.95159912 57.58315277 -35.94491959
v -88.84482574 57.58315277 -35.86989975
v -88.72781372 57.58315277 -35.8121109
v -88.60334778 57.58315277 -35.77291107
v -90.21350861 55.24981689 -37.32923889
v -90.21350861 57.58315277 -37.32923889
v -90.32268524 57.58315277 -37.40166855
v -90.44261932 57.58315277 -37.45440674
v -90.44261932 55.24981689 -37.45440674
v -90.32268524 55.24981689 -37.40166855
v -92.19029236 55.24981689 -36.18496323
v -92.19029236 57.58315277 -36.18496323
v -92.17746735 57.58315277 -36.05376053
v -92.14230347 57.58315277 -35.92670822
v -92.14230347 55.24981689 -35.92670822
v -92.17746735 55.24981689 -36.05376053
v -95.03414154 55.24981689 -30.15009689
v -95.03414154 57.58315277 -30.15009689
v -95.03372192 57.58315277 -30.28014183
v -95.05313873 57.58315277 -30.40872955
v -95.09194183 57.58315277 -30.53285217
v -95.14923859 57.58315277 -30.64960098
v -95.14923859 55.24981689 -30.64960098
v -95.09194183 55.24981689 -30.53285217
v -95.05313873 55.24981689 -30.40872955
v -95.03372192 55.24981689 -30.28014183
v -96.40292358 57.58315277 -33.26939774
v -96.40292358 55.24981689 -33.26939774
v -96.36804199 55.24981689 -33.39773178
v -96.3114624 55.24981689 -33.51808548
v -96.23490143 55.24981689 -33.62682343
v -96.14067078 55.24981689 -33.72065735
v -96.03160858 55.24981689 -33.79675674
v -95.91101837 55.24981689 -33.85281372
v -95.78253174 55.24981689 -33.887146
v -95.78253174 57.58315277 -33.887146
v -95.91101837 57.58315277 -33.85281372
v -96.03160858 57.58315277 -33.79675674
v -96.14067078 57.58315277 -33.72065735
v -96.23490143 57.58315277 -33.62682343
v -96.3114624 57.58315277 -33.51808548
v -96.36804199 57.58315277 -33.39773178
v -92.66925049 57.58315277 -32.51515579
v -92.66925049 55.24981689 -32.51515579
v -92.79975128 55.24981689 -32.51441574
v -92.92881012 55.24981689 -32.53366089
v -93.05342102 55.24981689 -32.57243729
v -93.17061615 55.24981689 -32.62982941
v -93.17061615 57.58315277 -32.62982941
v -93.05342102 57.58315277 -32.57243729
v -92.92881012 57.58315277 -32.53366089
v -92.79975128 57.58315277 -32.51441574
v -94.63355255 55.24981689 -33.79970169
v -94.63355255 57.58315277 -33.79970169
v -94.75271606 57.58315277 -33.85415649
v -94.87940979 57.58315277 -33.8874855
v -94.87940979 55.24981689 -33.8874855
v -94.75271606 55.24981689 -33.85415649
v -96.40699768 55.24981689 -32.36027527
v -96.40699768 57.58315277 -32.36027527
v -96.37379456 57.58315277 -32.23269272
v -96.31919098 57.58315277 -32.11270523
v -96.31919098 55.24981689 -32.11270523
v -96.37379456 55.24981689 -32.23269272
v -98.27177429 55.24981689 -25.95483017
v -98.27177429 57.58315277 -25.95483017
v -98.29169464 57.58315277 -26.08334351
v -98.33098602 57.58315277 -26.20730972
v -98.38874054 57.58315277 -26.32383156
v -98.4635849 57.58315277 -26.4301796
v -98.4635849 55.24981689 -26.4301796
v -98.38874054 55.24981689 -26.32383156
v -98.33098602 55.24981689 -26.20730972
v -98.29169464 55.24981689 -26.08334351
v -100.11165619 57.58315277 -28.82160378
v -100.11165619 55.24981689 -28.82160378
v -100.09728241 55.24981689 -28.95381546
v -100.06023407 55.24981689 -29.08153534
v -100.00161743 55.24981689 -29.20091248
v -99.92323303 55.24981689 -29.30833435
v -99.82741547 55.24981689 -29.40055656
v -99.71707153 55.24981689 -29.47479057
v -99.59555054 55.24981689 -29.52879333
v -99.59555054 57.58315277 -29.52879333
v -99.71707153 57.58315277 -29.47479057
v -99.82741547 57.58315277 -29.40055656
v -99.92323303 57.58315277 -29.30833435
v -100.00161743 57.58315277 -29.20091248
v -100.06023407 57.58315277 -29.08153534
v -100.09728241 57.58315277 -28.95381546
v -96.30596161 57.58315277 -28.66072464
v -96.30596161 55.24981689 -28.66072464
v -96.43473816 55.24981689 -28.63957977
v -96.56523132 55.24981689 -28.63839722
v -96.69436646 55.24981689 -28.65720367
v -96.8190918 55.24981689 -28.69555283
v -96.8190918 57.58315277 -28.69555283
v -96.69436646 57.58315277 -28.65720367
v -96.56523132 57.58315277 -28.63839722
v -96.43473816 57.58315277 -28.63957977
v -98.44702911 55.24981689 -29.62216949
v -98.44702911 57.58315277 -29.62216949
v -98.57323456 57.58315277 -29.6573143
v -98.70359802 57.58315277 -29.67041016
v -98.70359802 55.24981689 -29.67041016
v -98.57323456 55.24981689 -29.6573143
v -99.97345734 55.24981689 -27.92303467
v -99.97345734 57.58315277 -27.92303467
v -99.92072296 57.58315277 -27.80221748
v -99.84801483 57.58315277 -27.6922493
v -99.84801483 55.24981689 -27.6922493
v -99.92072296 55.24981689 -27.80221748
v -102.59599304 55.24981689 -16.31432343
v -102.59599304 57.58315277 -16.31432343
v -102.65465546 57.58315277 -16.4303875
v -102.73033905 57.58315277 -16.53614426
v -102.82126617 57.58315277 -16.62911797
v -102.92532349 57.58315277 -16.70713234
v -102.92532349 55.24981689 -16.70713234
v -102.82126617 55.24981689 -16.62911797
v -102.73033905 55.24981689 -16.53614426
v -102.65465546 55.24981689 -16.4303875
v -105.23171234 57.58315277 -18.47223091
v -105.23171234 55.24981689 -18.47223091
v -105.2589035 55.24981689 -18.60241127
v -105.26313782 55.24981689 -18.73533058
v -105.24428558 55.24981689 -18.86697578
v -105.20292664 55.24981689 -18.99336624
v -105.14029694 55.24981689 -19.11068344
v -105.05828857 55.24981689 -19.21538162
v -104.95940399 55.24981689 -19.30429649
v -104.95940399 57.58315277 -19.30429649
v -105.05828857 57.58315277 -19.21538162
v -105.14029694 57.58315277 -19.11068344
v -105.20292664 57.58315277 -18.99336624
v -105.24428558 57.58315277 -18.86697578
v -105.26313782 57.58315277 -18.73533058
v -105.2589035 57.58315277 -18.60241127
v -101.56257629 57.58315277 -19.49524689
v -101.56257629 55.24981689 -19.49524689
v -101.67851257 55.24981689 -19.4353447
v -101.80225372 55.24981689 -19.3938961
v -101.93087769 55.24981689 -19.37187576
v -102.06135559 55.24981689 -19.36980438
v -102.06135559 57.58315277 -19.36980438
v -101.93087769 57.58315277 -19.37187576
v -101.80225372 57.58315277 -19.3938961
v -101.67851257 57.58315277 -19.4353447
v -103.89595032 55.24981689 -19.74801064
v -103.89595032 57.58315277 -19.74801064
v -104.02684021 57.58315277 -19.74243546
v -104.15487671 57.58315277 -19.71460724
v -104.15487671 55.24981689 -19.71460724
v -104.02684021 55.24981689 -19.74243546
v -104.82261658 55.24981689 -17.66034508
v -104.82261658 57.58315277 -17.66034508
v -104.73511505 57.58315277 -17.56173897
v -104.63198853 57.58315277 -17.47962189
v -104.63198853 55.24981689 -17.47962189
v -104.73511505 55.24981689 -17.56173897
v -100.81324768 55.24981689 -21.30474091
v -100.81324768 57.58315277 -21.30474091
v -100.85303497 57.58315277 -21.42855072
v -100.91123962 57.58315277 -21.54484558
v -100.98649597 57.58315277 -21.65089798
v -101.07705688 57.58315277 -21.74423027
v -101.07705688 55.24981689 -21.74423027
v -100.98649597 55.24981689 -21.65089798
v -100.91123962 55.24981689 -21.54484558
v -100.85303497 55.24981689 -21.42855072
v -103.07894897 57.58315277 -23.84839821
v -103.07894897 55.24981689 -23.84839821
v -103.08543396 55.24981689 -23.98122597
v -103.06881714 55.24981689 -24.11317062
v -103.02960205 55.24981689 -24.24024582
v -102.96897888 55.24981689 -24.35861206
v -102.88876343 55.24981689 -24.46468544
v -102.79139709 55.24981689 -24.55526733
v -102.6798172 55.24981689 -24.62761879
v -102.6798172 57.58315277 -24.62761879
v -102.79139709 57.58315277 -24.55526733
v -102.88876343 57.58315277 -24.46468544
v -102.96897888 57.58315277 -24.35861206
v -103.02960205 57.58315277 -24.24024582
v -103.06881714 57.58315277 -24.11317062
v -103.08543396 57.58315277 -23.98122597
v -99.29493713 57.58315277 -24.28483772
v -99.29493713 55.24981689 -24.28483772
v -99.41882324 55.24981689 -24.24381065
v -99.54751587 55.24981689 -24.222229
v -99.6780014 55.24981689 -24.22060013
v -99.8072052 55.24981689 -24.23896599
v -99.8072052 57.58315277 -24.23896599
v -99.6780014 57.58315277 -24.22060013
v -99.54751587 57.58315277 -24.222229
v -99.41882324 57.58315277 -24.24381065
v -101.56005096 55.24981689 -24.89950943
v -101.56005096 57.58315277 -24.89950943
v -101.69020081 57.58315277 -24.9144783
v -101.82099915 57.58315277 -24.90702057
v -101.82099915 55.24981689 -24.90702057
v -101.69020081 55.24981689 -24.9144783
v -102.80188751 55.24981689 -22.98250961
v -102.80188751 57.58315277 -22.98250961
v -102.73088074 57.58315277 -22.87142944
v -102.64187622 57.58315277 -22.774189
v -102.64187622 55.24981689 -22.774189
v -102.73088074 55.24981689 -22.87142944
v -103.5761261 55.24981689 -11.10646439
v -103.5761261 57.58315277 -11.10646439
v -103.65222931 57.58315277 -11.21192169
v -103.74351501 57.58315277 -11.30453873
v -103.8478775 57.58315277 -11.38214302
v -103.96284485 57.58315277 -11.44292068
v -103.96284485 55.24981689 -11.44292068
v -103.8478775 55.24981689 -11.38214302
v -103.74351501 55.24981689 -11.30453873
v -103.65222931 55.24981689 -11.21192169
v -106.51696777 57.58315277 -12.82548809
v -106.51696777 55.24981689 -12.82548809
v -106.5641861 55.24981689 -12.94981098
v -106.58916473 55.24981689 -13.08043289
v -106.59114075 55.24981689 -13.21340466
v -106.5700531 55.24981689 -13.3447094
v -106.52655029 55.24981689 -13.47038078
v -106.46193695 55.24981689 -13.58661652
v -106.37817383 55.24981689 -13.68990803
v -106.37817383 57.58315277 -13.68990803
v -106.46193695 57.58315277 -13.58661652
v -106.52655029 57.58315277 -13.47038078
v -106.5700531 57.58315277 -13.3447094
v -106.59114075 57.58315277 -13.21340466
v -106.58916473 57.58315277 -13.08043289
v -106.5641861 57.58315277 -12.94981098
v -103.05303955 57.58315277 -14.40988731
v -103.05303955 55.24981689 -14.40988731
v -103.15818024 55.24981689 -14.33258629
v -103.27391052 55.24981689 -14.27229118
v -103.39750671 55.24981689 -14.23042202
v -103.52604675 55.24981689 -14.20796394
v -103.52604675 57.58315277 -14.20796394
v -103.39750671 57.58315277 -14.23042202
v -103.27391052 57.58315277 -14.27229118
v -103.15818024 57.58315277 -14.33258629
v -105.39722443 55.24981689 -14.29451942
v -105.39722443 57.58315277 -14.29451942
v -105.52563477 57.58315277 -14.26853657
v -105.64772797 57.58315277 -14.22102451
v -105.64772797 55.24981689 -14.22102451
v -105.52563477 55.24981689 -14.26853657
v -105.98590088 55.24981689 -12.08759403
v -105.98590088 57.58315277 -12.08759403
v -105.88405609 57.58315277 -12.00389004
v -105.76934814 57.58315277 -11.93891525
v -105.76934814 55.24981689 -11.93891525
v -105.88405609 55.24981689 -12.00389004
v -103.72950745 55.24981689 -5.80939579
v -103.72950745 57.58315277 -5.80939579
v -103.82116699 57.58315277 -5.90165138
v -103.9258194 57.58315277 -5.9788456
v -104.04102325 57.58315277 -6.03917074
v -104.16408539 57.58315277 -6.08121586
v -104.16408539 55.24981689 -6.08121586
v -104.04102325 55.24981689 -6.03917074
v -103.9258194 55.24981689 -5.9788456
v -103.82116699 55.24981689 -5.90165138
v -106.90306091 57.58315277 -7.04720688
v -106.90306091 55.24981689 -7.04720688
v -106.9691391 55.24981689 -7.16261292
v -107.01423645 55.24981689 -7.28771925
v -107.0369873 55.24981689 -7.41874599
v -107.03670502 55.24981689 -7.55173254
v -107.01339722 55.24981689 -7.68266153
v -106.96776581 55.24981689 -7.80757427
v -106.90118408 55.24981689 -7.92269754
v -106.90118408 57.58315277 -7.92269754
v -106.96776581 57.58315277 -7.80757427
v -107.01339722 57.58315277 -7.68266153
v -107.03670502 57.58315277 -7.55173254
v -107.0369873 57.58315277 -7.41874599
v -107.01423645 57.58315277 -7.28771925
v -106.9691391 57.58315277 -7.16261292
v -103.72962189 57.58315277 -9.15397739
v -103.72962189 55.24981689 -9.15397739
v -103.82137299 55.24981689 -9.06118202
v -103.92624664 55.24981689 -8.98352432
v -104.04177856 55.24981689 -8.92283535
v -104.1652298 55.24981689 -8.88054466
v -104.1652298 57.58315277 -8.88054466
v -104.04177856 57.58315277 -8.92283535
v -103.92624664 57.58315277 -8.98352432
v -103.82137299 57.58315277 -9.06118202
v -106.02690125 55.24981689 -8.67331886
v -106.02690125 57.58315277 -8.67331886
v -106.14966583 57.58315277 -8.62756824
v -106.26282501 57.58315277 -8.5615406
v -106.26282501 55.24981689 -8.5615406
v -106.14966583 55.24981689 -8.62756824
v -106.26308441 55.24981689 -6.40147591
v -106.26308441 57.58315277 -6.40147591
v -106.14940643 57.58315277 -6.33473492
v -106.02593994 57.58315277 -6.28850365
v -106.02593994 55.24981689 -6.28850365
v -106.14940643 55.24981689 -6.33473492
v -103.05235291 55.24981689 -0.55354995
v -103.05235291 57.58315277 -0.55354995
v -103.15731049 57.58315277 -0.6303314
v -103.27275085 57.58315277 -0.69020295
v -103.39598083 57.58315277 -0.73176312
v -103.52410126 57.58315277 -0.75403899
v -103.52410126 55.24981689 -0.75403899
v -103.39598083 55.24981689 -0.73176312
v -103.27275085 55.24981689 -0.69020295
v -103.15731049 55.24981689 -0.6303314
v -106.38046265 57.58315277 -1.27966881
v -106.38046265 55.24981689 -1.27966881
v -106.46378326 55.24981689 -1.38331604
v -106.5279007 55.24981689 -1.49982738
v -106.57087708 55.24981689 -1.62568164
v -106.59140015 55.24981689 -1.75707567
v -106.58885193 55.24981689 -1.89003873
v -106.56332397 55.24981689 -2.0205524
v -106.51557922 55.24981689 -2.14467311
v -106.51557922 57.58315277 -2.14467311
v -106.56332397 57.58315277 -2.0205524
v -106.58885193 57.58315277 -1.89003873
v -106.59140015 57.58315277 -1.75707567
v -106.57087708 57.58315277 -1.62568164
v -106.5279007 57.58315277 -1.49982738
v -106.46378326 57.58315277 -1.38331604
v -103.57567596 57.58315277 -3.85693598
v -103.57567596 55.24981689 -3.85693598
v -103.65177917 55.24981689 -3.75092983
v -103.74320984 55.24981689 -3.65782237
v -103.84781647 55.24981689 -3.57980824
v -103.96313477 55.24981689 -3.51872587
v -103.96313477 57.58315277 -3.51872587
v -103.84781647 57.58315277 -3.57980824
v -103.74320984 57.58315277 -3.65782237
v -103.65177917 57.58315277 -3.75092983
v -105.76947021 55.24981689 -3.02282143
v -105.76947021 57.58315277 -3.02282143
v -105.88356781 57.58315277 -2.9584291
v -105.98501587 57.58315277 -2.8755126
v -105.98501587 55.24981689 -2.8755126
v -105.88356781 55.24981689 -2.9584291
v -105.64736176 55.24981689 -0.74200088
v -105.64736176 57.58315277 -0.74200088
v -105.52463531 57.58315277 -0.69386607
v -105.39546204 57.58315277 -0.66751647
v -105.39546204 55.24981689 -0.66751647
v -105.52463531 55.24981689 -0.69386607
v -101.56134033 55.24981689 4.53165722
v -101.56134033 57.58315277 4.53165722
v -101.67701721 57.58315277 4.47224045
v -101.80039978 57.58315277 4.4311657
v -101.92861938 57.58315277 4.40939379
v -102.05864716 57.58315277 4.40743542
v -102.05864716 55.24981689 4.40743542
v -101.92861938 55.24981689 4.40939379
v -101.80039978 55.24981689 4.4311657
v -101.67701721 55.24981689 4.47224045
v -104.96206665 57.58315277 4.33510971
v -104.96206665 55.24981689 4.33510971
v -105.06057739 55.24981689 4.24577332
v -105.14212799 55.24981689 4.14072609
v -105.20425415 55.24981689 4.02314281
v -105.24508667 55.24981689 3.89657736
v -105.2633667 55.24981689 3.76485372
v -105.25856781 55.24981689 3.63195324
v -105.23082733 55.24981689 3.50189161
v -105.23082733 57.58315277 3.50189161
v -105.25856781 57.58315277 3.63195324
v -105.2633667 57.58315277 3.76485372
v -105.24508667 57.58315277 3.89657736
v -105.20425415 57.58315277 4.02314281
v -105.14212799 57.58315277 4.14072609
v -105.06057739 57.58315277 4.24577332
v -102.59497833 57.58315277 1.35080719
v -102.59497833 55.24981689 1.35080719
v -102.65356445 55.24981689 1.46741378
v -102.72930908 55.24981689 1.57367837
v -102.82042694 55.24981689 1.66709661
v -102.92476654 55.24981689 1.74546647
v -102.92476654 57.58315277 1.74546647
v -102.82042694 57.58315277 1.66709661
v -102.72930908 57.58315277 1.57367837
v -102.65356445 57.58315277 1.46741378
v -104.63128662 55.24981689 2.51783872
v -104.63128662 57.58315277 2.51783872
v -104.73390198 57.58315277 2.59928703
v -104.82112885 57.58315277 2.69705105
v -104.82112885 55.24981689 2.69705105
v -104.73390198 55.24981689 2.59928703
v -104.15388489 55.24981689 4.75147581
v -104.15388489 57.58315277 4.75147581
v -104.02513123 57.58315277 4.77981901
v -103.89343262 57.58315277 4.78563786
v -103.89343262 55.24981689 4.78563786
v -104.02513123 55.24981689 4.77981901
v -99.29317474 55.24981689 9.32101154
v -99.29317474 57.58315277 9.32101154
v -99.41672516 57.58315277 9.28042221
v -99.54502106 57.58315277 9.25915527
v -99.67505646 57.58315277 9.25770855
v -99.80378723 57.58315277 9.27611542
v -99.80378723 55.24981689 9.27611542
v -99.67505646 55.24981689 9.25770855
v -99.54502106 55.24981689 9.25915527
v -99.41672516 55.24981689 9.28042221
v -102.68278503 57.58315277 9.65887451
v -102.68278503 55.24981689 9.65887451
v -102.79405212 55.24981689 9.58604908
v -102.89103699 55.24981689 9.49505234
v -102.97079468 55.24981689 9.38863564
v -103.03092194 55.24981689 9.27001476
v -103.06959534 55.24981689 9.14277458
v -103.08563995 55.24981689 9.01075935
v -103.07858276 55.24981689 8.87795925
v -103.07858276 57.58315277 8.87795925
v -103.08563995 57.58315277 9.01075935
v -103.06959534 57.58315277 9.14277458
v -103.03092194 57.58315277 9.27001476
v -102.97079468 57.58315277 9.38863564
v -102.89103699 57.58315277 9.49505234
v -102.79405212 57.58315277 9.58604908
v -100.81169128 57.58315277 6.34102058
v -100.81169128 55.24981689 6.34102058
v -100.8513031 55.24981689 6.46535587
v -100.90950012 55.24981689 6.58216095
v -100.98487854 55.24981689 6.68868303
v -101.07567596 55.24981689 6.78241062
v -101.07567596 57.58315277 6.78241062
v -100.98487854 57.58315277 6.68868303
v -100.90950012 57.58315277 6.58216095
v -100.8513031 57.58315277 6.46535587
v -102.6403656 55.24981689 7.81223249
v -102.6403656 57.58315277 7.81223249
v -102.72897339 57.58315277 7.90873146
v -102.79982758 57.58315277 8.0189352
v -102.79982758 55.24981689 8.0189352
v -102.72897339 55.24981689 7.90873146
v -101.81941223 55.24981689 9.94368649
v -101.81941223 57.58315277 9.94368649
v -101.68781281 57.58315277 9.95153999
v -101.55682373 57.58315277 9.93668461
v -101.55682373 55.24981689 9.93668461
v -101.68781281 55.24981689 9.95153999
v -96.30371857 55.24981689 13.69658279
v -96.30371857 57.58315277 13.69658279
v -96.43209839 57.58315277 13.6758194
v -96.56213379 57.58315277 13.6748848
v -96.69081116 57.58315277 13.69379807
v -96.81507874 57.58315277 13.73211765
v -96.81507874 55.24981689 13.73211765
v -96.69081116 55.24981689 13.69379807
v -96.56213379 55.24981689 13.6748848
v -96.43209839 55.24981689 13.6758194
v -99.59873962 57.58315277 14.56053638
v -99.59873962 55.24981689 14.56053638
v -99.72003937 55.24981689 14.50601482
v -99.83006287 55.24981689 14.4313097
v -99.92547607 55.24981689 14.33868027
v -100.0034256 55.24981689 14.23092461
v -100.06152344 55.24981689 14.11129951
v -100.09803009 55.24981689 13.98342133
v -100.11183167 55.24981689 13.85115242
v -100.11183167 57.58315277 13.85115242
v -100.09803009 57.58315277 13.98342133
v -100.06152344 57.58315277 14.11129951
v -100.0034256 57.58315277 14.23092461
v -99.92547607 57.58315277 14.33868027
v -99.83006287 57.58315277 14.4313097
v -99.72003937 57.58315277 14.50601482
v -98.26971436 57.58315277 10.99082756
v -98.26971436 55.24981689 10.99082756
v -98.28939819 55.24981689 11.11983109
v -98.32859039 55.24981689 11.24430084
v -98.38638306 55.24981689 11.36130238
v -98.46139526 55.24981689 11.46808052
v -98.46139526 57.58315277 11.46808052
v -98.38638306 57.58315277 11.36130238
v -98.32859039 57.58315277 11.24430084
v -98.28939819 57.58315277 11.11983109
v -99.84572601 55.24981689 12.72999382
v -99.84572601 57.58315277 12.72999382
v -99.91815186 57.58315277 12.83916664
v -99.97089386 57.58315277 12.95909786
v -99.97089386 55.24981689 12.95909786
v -99.91815186 55.24981689 12.83916664
v -98.70144653 55.24981689 14.70678139
v -98.70144653 57.58315277 14.70678139
v -98.57024384 57.58315277 14.69395256
v -98.44319153 57.58315277 14.65878868
v -98.44319153 55.24981689 14.65878868
v -98.57024384 55.24981689 14.69395256
v -92.6665802 55.24981689 17.55062866
v -92.6665802 57.58315277 17.55062866
v -92.79663086 57.58315277 17.55020523
v -92.92521667 57.58315277 17.56962395
v -93.04933167 57.58315277 17.60843086
v -93.16608429 57.58315277 17.66571999
v -93.16608429 55.24981689 17.66571999
v -93.04933167 55.24981689 17.60843086
v -92.92521667 55.24981689 17.56962395
v -92.79663086 55.24981689 17.55020523
v -95.78588867 57.58315277 18.91940117
v -95.78588867 55.24981689 18.91940117
v -95.91421509 55.24981689 18.8845253
v -96.03456116 55.24981689 18.82795143
v -96.14330292 55.24981689 18.75139046
v -96.23714447 55.24981689 18.65715218
v -96.31324005 55.24981689 18.54808998
v -96.36929321 55.24981689 18.42749596
v -96.40362549 55.24981689 18.29901505
v -96.40362549 57.58315277 18.29901505
v -96.36929321 57.58315277 18.42749596
v -96.31324005 57.58315277 18.54808998
v -96.23714447 57.58315277 18.65715218
v -96.14330292 57.58315277 18.75139046
v -96.03456116 57.58315277 18.82795143
v -95.91421509 57.58315277 18.8845253
v -95.03164673 57.58315277 15.1857338
v -95.03164673 55.24981689 15.1857338
v -95.03089905 55.24981689 15.31622887
v -95.05014038 55.24981689 15.44529819
v -95.08892059 55.24981689 15.56990051
v -95.14631653 55.24981689 15.6870985
v -95.14631653 57.58315277 15.6870985
v -95.08892059 57.58315277 15.56990051
v -95.05014038 57.58315277 15.44529819
v -95.03089905 57.58315277 15.31622887
v -96.316185 55.24981689 17.15003204
v -96.316185 57.58315277 17.15003204
v -96.37063599 57.58315277 17.26919174
v -96.40396881 57.58315277 17.395895
v -96.40396881 55.24981689 17.395895
v -96.37063599 55.24981689 17.26919174
v -94.87675476 55.24981689 18.92347717
v -94.87675476 57.58315277 18.92347717
v -94.74917603 57.58315277 18.89028168
v -94.62919617 57.58315277 18.83567619
v -94.62919617 55.24981689 18.83567619
v -94.74917603 55.24981689 18.89028168
v -88.47131348 55.24981689 20.78824997
v -88.47131348 57.58315277 20.78824997
v -88.599823 57.58315277 20.80817795
v -88.72379303 57.58315277 20.84747314
v -88.84031677 57.58315277 20.90521812
v -88.94667053 57.58315277 20.98006439
v -88.94667053 55.24981689 20.98006439
v -88.84031677 55.24981689 20.90521812
v -88.72379303 55.24981689 20.84747314
v -88.599823 55.24981689 20.80817795
v -91.33808899 57.58315277 22.62813759
v -91.33808899 55.24981689 22.62813759
v -91.47029877 55.24981689 22.61376572
v -91.59801483 55.24981689 22.57671738
v -91.71739197 55.24981689 22.51810837
v -91.82481384 55.24981689 22.43971062
v -91.91703796 55.24981689 22.34389496
v -91.99127197 55.24981689 22.23355484
v -92.04528046 55.24981689 22.11202812
v -92.04528046 57.58315277 22.11202812
v -91.99127197 57.58315277 22.23355484
v -91.91703796 57.58315277 22.34389496
v -91.82481384 57.58315277 22.43971062
v -91.71739197 57.58315277 22.51810837
v -91.59801483 57.58315277 22.57671738
v -91.47029877 57.58315277 22.61376572
v -91.17720795 57.58315277 18.82244873
v -91.17720795 55.24981689 18.82244873
v -91.15606689 55.24981689 18.95122147
v -91.15487671 55.24981689 19.08171272
v -91.1736908 55.24981689 19.21084595
v -91.21203613 55.24981689 19.33557892
v -91.21203613 57.58315277 19.33557892
v -91.1736908 57.58315277 19.21084595
v -91.15487671 57.58315277 19.08171272
v -91.15606689 57.58315277 18.95122147
v -92.13865662 55.24981689 20.96351242
v -92.13865662 57.58315277 20.96351242
v -92.17379761 57.58315277 21.08972168
v -92.18688965 57.58315277 21.22007751
v -92.18688965 55.24981689 21.22007751
v -92.17379761 55.24981689 21.08972168
v -90.43952179 55.24981689 22.48994637
v -90.43952179 57.58315277 22.48994637
v -90.31869507 57.58315277 22.43720055
v -90.2087326 57.58315277 22.36449814
v -90.2087326 55.24981689 22.36449814
v -90.31869507 55.24981689 22.43720055
v -83.8212204 55.24981689 23.32973099
v -83.8212204 57.58315277 23.32973099
v -83.94503784 57.58315277 23.36951256
v -84.06132507 57.58315277 23.42771721
v -84.16738892 57.58315277 23.50298119
v -84.26071167 57.58315277 23.5935421
v -84.26071167 55.24981689 23.5935421
v -84.16738892 55.24981689 23.50298119
v -84.06132507 55.24981689 23.42771721
v -83.94503784 55.24981689 23.36951256
v -86.36488342 57.58315277 25.59542656
v -86.36488342 55.24981689 25.59542656
v -86.49771118 55.24981689 25.60191345
v -86.62965393 55.24981689 25.58530045
v -86.75673676 55.24981689 25.54608917
v -86.87509155 55.24981689 25.48546028
v -86.98117065 55.24981689 25.40525055
v -87.07175446 55.24981689 25.30788231
v -87.14409637 55.24981689 25.19630051
v -87.14409637 57.58315277 25.19630051
v -87.07175446 57.58315277 25.30788231
v -86.98117065 57.58315277 25.40525055
v -86.87509155 57.58315277 25.48546028
v -86.75673676 57.58315277 25.54608917
v -86.62965393 57.58315277 25.58530045
v -86.49771118 57.58315277 25.60191345
v -86.80131531 57.58315277 21.81142616
v -86.80131531 55.24981689 21.81142616
v -86.76029205 55.24981689 21.93530273
v -86.7387085 55.24981689 22.06400299
v -86.73707581 55.24981689 22.19448853
v -86.75544739 55.24981689 22.3236866
v -86.75544739 57.58315277 22.3236866
v -86.73707581 57.58315277 22.19448853
v -86.7387085 57.58315277 22.06400299
v -86.76029205 57.58315277 21.93530273
v -87.41599274 55.24981689 24.07652855
v -87.41599274 57.58315277 24.07652855
v -87.43096161 57.58315277 24.20668411
v -87.42350769 57.58315277 24.33748436
v -87.42350769 55.24981689 24.33748436
v -87.43096161 55.24981689 24.20668411
v -85.49899292 55.24981689 25.318367
v -85.49899292 57.58315277 25.318367
v -85.38791656 57.58315277 25.24737167
v -85.2906723 57.58315277 25.15835953
v -85.2906723 55.24981689 25.15835953
v -85.38791656 55.24981689 25.24737167
v -78.83081055 55.24981689 25.11248398
v -78.83081055 57.58315277 25.11248398
v -78.9468689 57.58315277 25.17114449
v -79.05262756 57.58315277 25.24682617
v -79.14559937 57.58315277 25.3377533
v -79.22361755 57.58315277 25.44179916
v -79.22361755 55.24981689 25.44179916
v -79.14559937 55.24981689 25.3377533
v -79.05262756 55.24981689 25.24682617
v -78.9468689 55.24981689 25.17114449
v -80.9887085 57.58315277 27.74820137
v -80.9887085 55.24981689 27.74820137
v -81.11889648 55.24981689 27.77538681
v -81.2518158 55.24981689 27.77961922
v -81.38345337 55.24981689 27.76076889
v -81.50984955 55.24981689 27.71940422
v -81.62716675 55.24981689 27.65677452
v -81.73186493 55.24981689 27.5747757
v -81.82078552 55.24981689 27.47588348
v -81.82078552 57.58315277 27.47588348
v -81.73186493 57.58315277 27.5747757
v -81.62716675 57.58315277 27.65677452
v -81.50984955 57.58315277 27.71940422
v -81.38345337 57.58315277 27.76076889
v -81.2518158 57.58315277 27.77961922
v -81.11889648 57.58315277 27.77538681
v -82.01172638 57.58315277 24.0790596
v -82.01172638 55.24981689 24.0790596
v -81.951828 55.24981689 24.19499588
v -81.91038513 55.24981689 24.31873512
v -81.88835907 55.24981689 24.44736099
v -81.8862915 55.24981689 24.5778389
v -81.8862915 57.58315277 24.5778389
v -81.88835907 57.58315277 24.44736099
v -81.91038513 57.58315277 24.31873512
v -81.951828 57.58315277 24.19499588
v -82.26448822 55.24981689 26.41243172
v -82.26448822 57.58315277 26.41243172
v -82.25891876 57.58315277 26.54332924
v -82.23109436 57.58315277 26.67135239
v -82.23109436 55.24981689 26.67135239
v -82.25891876 55.24981689 26.54332924
v -80.17683411 55.24981689 27.33909798
v -80.17683411 57.58315277 27.33909798
v -80.07821655 57.58315277 27.25160217
v -79.99610138 57.58315277 27.14847374
v -79.99610138 55.24981689 27.14847374
v -80.07821655 55.24981689 27.25160217
v -73.62294769 55.24981689 26.09261513
v -73.62294769 57.58315277 26.09261513
v -73.72840118 57.58315277 26.16871071
v -73.82102203 57.58315277 26.26000404
v -73.89862823 57.58315277 26.36435509
v -73.95940399 57.58315277 26.47932434
v -73.95940399 55.24981689 26.47932434
v -73.89862823 55.24981689 26.36435509
v -73.82102203 55.24981689 26.26000404
v -73.72840118 55.24981689 26.16871071
v -75.34197235 57.58315277 29.03345299
v -75.34197235 55.24981689 29.03345299
v -75.46629333 55.24981689 29.0806694
v -75.5969162 55.24981689 29.10564423
v -75.72988892 55.24981689 29.10761833
v -75.8611908 55.24981689 29.0865345
v -75.98686218 55.24981689 29.04302979
v -76.10310364 55.24981689 28.97842026
v -76.20639038 55.24981689 28.89465332
v -76.20639038 57.58315277 28.89465332
v -76.10310364 57.58315277 28.97842026
v -75.98686218 57.58315277 29.04302979
v -75.8611908 57.58315277 29.0865345
v -75.72988892 57.58315277 29.10761833
v -75.5969162 57.58315277 29.10564423
v -75.46629333 57.58315277 29.0806694
v -76.92636871 57.58315277 25.56952286
v -76.92636871 55.24981689 25.56952286
v -76.84906769 55.24981689 25.67465973
v -76.78877258 55.24981689 25.79039001
v -76.7469101 55.24981689 25.91398621
v -76.72444916 55.24981689 26.04253769
v -76.72444916 57.58315277 26.04253769
v -76.7469101 57.58315277 25.91398621
v -76.78877258 57.58315277 25.79039001
v -76.84906769 57.58315277 25.67465973
v -76.81100464 55.24981689 27.91370773
v -76.81100464 57.58315277 27.91370773
v -76.78501892 57.58315277 28.04211807
v -76.73751068 57.58315277 28.16421509
v -76.73751068 55.24981689 28.16421509
v -76.78501892 55.24981689 28.04211807
v -74.6040802 55.24981689 28.50238037
v -74.6040802 57.58315277 28.50238037
v -74.52037048 57.58315277 28.40053558
v -74.45539856 57.58315277 28.28582954
v -74.45539856 55.24981689 28.28582954
v -74.52037048 55.24981689 28.40053558
v -68.32588196 55.24981689 26.24599075
v -68.32588196 57.58315277 26.24599075
v -68.4181366 57.58315277 26.33764648
v -68.49533081 57.58315277 26.4423027
v -68.55565643 57.58315277 26.55751228
v -68.59770203 57.58315277 26.68057442
v -68.59770203 55.24981689 26.68057442
v -68.55565643 55.24981689 26.55751228
v -68.49533081 55.24981689 26.4423027
v -68.4181366 55.24981689 26.33764648
v -69.56369019 57.58315277 29.41953659
v -69.56369019 55.24981689 29.41953659
v -69.67910004 55.24981689 29.48562241
v -69.80419922 55.24981689 29.53071976
v -69.93523407 55.24981689 29.55347252
v -70.06821442 55.24981689 29.55318832
v -70.19914246 55.24981689 29.52987862
v -70.32405853 55.24981689 29.4842453
v -70.43917847 55.24981689 29.4176712
v -70.43917847 57.58315277 29.4176712
v -70.32405853 57.58315277 29.4842453
v -70.19914246 57.58315277 29.52987862
v -70.06821442 57.58315277 29.55318832
v -69.93523407 57.58315277 29.55347252
v -69.80419922 57.58315277 29.53071976
v -69.67910004 57.58315277 29.48562241
v -71.67046356 57.58315277 26.2461071
v -71.67046356 55.24981689 26.2461071
v -71.57766724 55.24981689 26.33785629
v -71.50000763 55.24981689 26.44273376
v -71.4393158 55.24981689 26.55825615
v -71.39702606 55.24981689 26.6817112
v -71.39702606 57.58315277 26.6817112
v -71.4393158 57.58315277 26.55825615
v -71.50000763 57.58315277 26.44273376
v -71.57766724 57.58315277 26.33785629
v -71.18980408 55.24981689 28.54338455
v -71.18980408 57.58315277 28.54338455
v -71.1440506 57.58315277 28.66615105
v -71.07802582 57.58315277 28.77930832
v -71.07802582 55.24981689 28.77930832
v -71.1440506 55.24981689 28.66615105
v -68.91796112 55.24981689 28.77957153
v -68.91796112 57.58315277 28.77957153
v -68.85121918 57.58315277 28.66588593
v -68.80499268 57.58315277 28.54242706
v -68.80499268 55.24981689 28.54242706
v -68.85121918 55.24981689 28.66588593
v -63.07003403 55.24981689 25.5688324
v -63.07003403 57.58315277 25.5688324
v -63.14681625 57.58315277 25.67379379
v -63.20668793 57.58315277 25.78923798
v -63.24824905 57.58315277 25.91246414
v -63.27052307 57.58315277 26.04058838
v -63.27052307 55.24981689 26.04058838
v -63.24824905 55.24981689 25.91246414
v -63.20668793 55.24981689 25.78923798
v -63.14681625 55.24981689 25.67379379
v -63.79615402 57.58315277 28.89694595
v -63.79615402 55.24981689 28.89694595
v -63.89979935 55.24981689 28.98027039
v -64.01631165 55.24981689 29.044384
v -64.14216614 55.24981689 29.08735275
v -64.27355957 55.24981689 29.10787773
v -64.40652466 55.24981689 29.10533714
v -64.53703308 55.24981689 29.07980728
v -64.6611557 55.24981689 29.03205872
v -64.6611557 57.58315277 29.03205872
v -64.53703308 57.58315277 29.07980728
v -64.40652466 57.58315277 29.10533714
v -64.27355957 57.58315277 29.10787773
v -64.14216614 57.58315277 29.08735275
v -64.01631165 57.58315277 29.044384
v -63.89979935 57.58315277 28.98027039
v -66.37342072 57.58315277 26.09215736
v -66.37342072 55.24981689 26.09215736
v -66.26741028 55.24981689 26.16826248
v -66.17430878 55.24981689 26.25969696
v -66.09629059 55.24981689 26.3643055
v -66.03520966 55.24981689 26.47962379
v -66.03520966 57.58315277 26.47962379
v -66.09629059 57.58315277 26.3643055
v -66.17430878 57.58315277 26.25969696
v -66.26741028 57.58315277 26.16826248
v -65.53930664 55.24981689 28.28595924
v -65.53930664 57.58315277 28.28595924
v -65.47491455 57.58315277 28.40005684
v -65.39199829 57.58315277 28.50149345
v -65.39199829 55.24981689 28.50149345
v -65.47491455 55.24981689 28.40005684
v -63.25848389 55.24981689 28.16384315
v -63.25848389 57.58315277 28.16384315
v -63.21035004 57.58315277 28.04111671
v -63.18399811 57.58315277 27.91194916
v -63.18399811 55.24981689 27.91194916
v -63.21035004 55.24981689 28.04111671
v -57.98482513 55.24981689 24.07781792
v -57.98482513 57.58315277 24.07781792
v -58.04424286 57.58315277 24.19349861
v -58.08531952 57.58315277 24.3168869
v -58.10709 57.58315277 24.44509697
v -58.10905075 57.58315277 24.57512856
v -58.10905075 55.24981689 24.57512856
v -58.10709 55.24981689 24.44509697
v -58.08531952 55.24981689 24.3168869
v -58.04424286 55.24981689 24.19349861
v -58.1813736 57.58315277 27.47854614
v -58.1813736 55.24981689 27.47854614
v -58.27071381 55.24981689 27.57705879
v -58.37575912 55.24981689 27.6586113
v -58.49334335 55.24981689 27.72073746
v -58.61990356 55.24981689 27.76156425
v -58.75163269 55.24981689 27.77985382
v -58.88452911 55.24981689 27.77505493
v -59.01459122 55.24981689 27.74731445
v -59.01459122 57.58315277 27.74731445
v -58.88452911 57.58315277 27.77505493
v -58.75163269 57.58315277 27.77985382
v -58.61990356 57.58315277 27.76156425
v -58.49334335 57.58315277 27.72073746
v -58.37575912 57.58315277 27.6586113
v -58.27071381 57.58315277 27.57705879
v -61.16567612 57.58315277 25.11146355
v -61.16567612 55.24981689 25.11146355
v -61.04907227 55.24981689 25.17004776
v -60.94280624 55.24981689 25.24579048
v -60.84938431 55.24981689 25.33690643
v -60.77101898 55.24981689 25.44124985
v -60.77101898 57.58315277 25.44124985
v -60.84938431 57.58315277 25.33690643
v -60.94280624 57.58315277 25.24579048
v -61.04907227 57.58315277 25.17004776
v -59.99864578 55.24981689 27.14777184
v -59.99864578 57.58315277 27.14777184
v -59.91719818 57.58315277 27.25039291
v -59.8194313 57.58315277 27.33760834
v -59.8194313 55.24981689 27.33760834
v -59.91719818 55.24981689 27.25039291
v -57.76500702 55.24981689 26.67036057
v -57.76500702 57.58315277 26.67036057
v -57.73666382 57.58315277 26.54161453
v -57.73084641 57.58315277 26.40991402
v -57.73084641 55.24981689 26.40991402
v -57.73666382 55.24981689 26.54161453
v -53.19547272 55.24981689 21.80965805
v -53.19547272 57.58315277 21.80965805
v -53.2360611 57.58315277 21.93321037
v -53.25732803 57.58315277 22.06150436
v -53.25877762 57.58315277 22.19154167
v -53.2403717 57.58315277 22.32028008
v -53.2403717 55.24981689 22.32028008
v -53.25877762 55.24981689 22.19154167
v -53.25732803 55.24981689 22.06150436
v -53.2360611 55.24981689 21.93321037
v -52.8576088 57.58315277 25.19926453
v -52.8576088 55.24981689 25.19926453
v -52.93043518 55.24981689 25.31053925
v -53.02143097 55.24981689 25.40752029
v -53.12784576 55.24981689 25.48727798
v -53.24646759 55.24981689 25.54739952
v -53.37371063 55.24981689 25.58607101
v -53.50572586 55.24981689 25.60212135
v -53.63852692 55.24981689 25.59506607
v -53.63852692 57.58315277 25.59506607
v -53.50572586 57.58315277 25.60212135
v -53.37371063 57.58315277 25.58607101
v -53.24646759 57.58315277 25.54739952
v -53.12784576 57.58315277 25.48727798
v -53.02143097 57.58315277 25.40752029
v -52.93043518 57.58315277 25.31053925
v -56.17546463 57.58315277 23.32817078
v -56.17546463 55.24981689 23.32817078
v -56.05112457 55.24981689 23.36779404
v -55.93432617 55.24981689 23.42598152
v -55.82779694 55.24981689 23.50136185
v -55.73406982 55.24981689 23.59216309
v -55.73406982 57.58315277 23.59216309
v -55.82779694 57.58315277 23.50136185
v -55.93432617 57.58315277 23.42598152
v -56.05112457 57.58315277 23.36779404
v -54.70425034 55.24981689 25.15684509
v -54.70425034 57.58315277 25.15684509
v -54.60775375 57.58315277 25.24546051
v -54.49754715 57.58315277 25.31631088
v -54.49754715 55.24981689 25.31631088
v -54.60775375 55.24981689 25.24546051
v -52.57279968 55.24981689 24.33589554
v -52.57279968 57.58315277 24.33589554
v -52.56494522 57.58315277 24.20429993
v -52.57979965 57.58315277 24.07331276
v -52.57979965 55.24981689 24.07331276
v -52.56494522 55.24981689 24.20429993
v -48.81990051 55.24981689 18.82020569
v -48.81990051 57.58315277 18.82020569
v -48.84066772 57.58315277 18.9485817
v -48.84159851 57.58315277 19.07862473
v -48.82268524 57.58315277 19.20728874
v -48.78436661 57.58315277 19.33156204
v -48.78436661 55.24981689 19.33156204
v -48.82268524 55.24981689 19.20728874
v -48.84159851 55.24981689 19.07862473
v -48.84066772 55.24981689 18.9485817
v -47.95594788 57.58315277 22.11522675
v -47.95594788 55.24981689 22.11522675
v -48.01046753 55.24981689 22.23652077
v -48.08517456 55.24981689 22.34654427
v -48.17780304 55.24981689 22.44196701
v -48.28556061 55.24981689 22.51990509
v -48.4051857 55.24981689 22.57800293
v -48.53306198 55.24981689 22.61450768
v -48.66533279 55.24981689 22.62831688
v -48.66533279 57.58315277 22.62831688
v -48.53306198 57.58315277 22.61450768
v -48.4051857 57.58315277 22.57800293
v -48.28556061 57.58315277 22.51990509
v -48.17780304 57.58315277 22.44196701
v -48.08517456 57.58315277 22.34654427
v -48.01046753 57.58315277 22.23652077
v -51.52565384 57.58315277 20.78619385
v -51.52565384 55.24981689 20.78619385
v -51.39665222 55.24981689 20.80587769
v -51.27218246 55.24981689 20.84507751
v -51.15518188 55.24981689 20.90286636
v -51.04840088 55.24981689 20.9778862
v -51.04840088 57.58315277 20.9778862
v -51.15518188 57.58315277 20.90286636
v -51.27218246 57.58315277 20.84507751
v -51.39665222 57.58315277 20.80587769
v -49.78649139 55.24981689 22.36220551
v -49.78649139 57.58315277 22.36220551
v -49.67731476 57.58315277 22.43463516
v -49.55738449 57.58315277 22.48737335
v -49.55738449 55.24981689 22.48737335
v -49.67731476 55.24981689 22.43463516
v -47.80970001 55.24981689 21.21792984
v -47.80970001 57.58315277 21.21792984
v -47.82253265 57.58315277 21.08672714
v -47.85769653 57.58315277 20.95967484
v -47.85769653 55.24981689 20.95967484
v -47.82253265 55.24981689 21.08672714
v -44.96585464 55.24981689 15.18306541
v -44.96585464 57.58315277 15.18306541
v -44.96627808 57.58315277 15.31311035
v -44.94686127 57.58315277 15.44169807
v -44.90805054 57.58315277 15.56581879
v -44.85076523 57.58315277 15.68256569
v -44.85076523 55.24981689 15.68256569
v -44.90805054 55.24981689 15.56581879
v -44.94686127 55.24981689 15.44169807
v -44.96627808 55.24981689 15.31311035
v -43.59708405 57.58315277 18.30236626
v -43.59708405 55.24981689 18.30236626
v -43.63195801 55.24981689 18.43069839
v -43.68852997 55.24981689 18.55105209
v -43.76509094 55.24981689 18.65979004
v -43.85932922 55.24981689 18.75362587
v -43.96839142 55.24981689 18.82972336
v -44.08898926 55.24981689 18.88578224
v -44.21746826 55.24981689 18.92011261
v -44.21746826 57.58315277 18.92011261
v -44.08898926 57.58315277 18.88578224
v -43.96839142 57.58315277 18.82972336
v -43.85932922 57.58315277 18.75362587
v -43.76509094 57.58315277 18.65979004
v -43.68852997 57.58315277 18.55105209
v -43.63195801 57.58315277 18.43069839
v -47.3307457 57.58315277 17.54812431
v -47.3307457 55.24981689 17.54812431
v -47.20025635 55.24981689 17.54738426
v -47.07118607 55.24981689 17.56662941
v -46.94658279 55.24981689 17.6054039
v -46.82938385 55.24981689 17.66279602
v -46.82938385 57.58315277 17.66279602
v -46.94658279 57.58315277 17.6054039
v -47.07118607 57.58315277 17.56662941
v -47.20025635 57.58315277 17.54738426
v -45.36644745 55.24981689 18.8326664
v -45.36644745 57.58315277 18.8326664
v -45.24729156 57.58315277 18.88712502
v -45.1205864 57.58315277 18.92045212
v -45.1205864 55.24981689 18.92045212
v -45.24729156 55.24981689 18.88712502
v -43.59300613 55.24981689 17.39324188
v -43.59300613 57.58315277 17.39324188
v -43.62620544 57.58315277 17.26565933
v -43.68080521 57.58315277 17.14567184
v -43.68080521 55.24981689 17.14567184
v -43.62620544 55.24981689 17.26565933
v -41.72823334 55.24981689 10.98779774
v -41.72823334 57.58315277 10.98779774
v -41.70830536 57.58315277 11.11630917
v -41.66901016 57.58315277 11.24027634
v -41.61126709 57.58315277 11.35679722
v -41.5364151 57.58315277 11.46314621
v -41.5364151 55.24981689 11.46314621
v -41.61126709 55.24981689 11.35679722
v -41.66901016 55.24981689 11.24027634
v -41.70830536 55.24981689 11.11630917
v -39.88834763 57.58315277 13.8545723
v -39.88834763 55.24981689 13.8545723
v -39.90271759 55.24981689 13.98678017
v -39.93976593 55.24981689 14.11450291
v -39.99837494 55.24981689 14.23387909
v -40.07677078 55.24981689 14.34130096
v -40.17258453 55.24981689 14.43352318
v -40.28292847 55.24981689 14.50775909
v -40.40445709 55.24981689 14.56176281
v -40.40445709 57.58315277 14.56176281
v -40.28292847 57.58315277 14.50775909
v -40.17258453 57.58315277 14.43352318
v -40.07677078 57.58315277 14.34130096
v -39.99837494 57.58315277 14.23387909
v -39.93976593 57.58315277 14.11450291
v -39.90271759 57.58315277 13.98678017
v -43.69403458 57.58315277 13.6936903
v -43.69403458 55.24981689 13.6936903
v -43.56526184 55.24981689 13.67254734
v -43.43477249 55.24981689 13.67136383
v -43.30563354 55.24981689 13.69016838
v -43.18090439 55.24981689 13.72851944
v -43.18090439 57.58315277 13.72851944
v -43.30563354 57.58315277 13.69016838
v -43.43477249 57.58315277 13.67136383
v -43.56526184 57.58315277 13.67254734
v -41.55297089 55.24981689 14.6551342
v -41.55297089 57.58315277 14.6551342
v -41.42676544 57.58315277 14.69028282
v -41.29640579 57.58315277 14.70337772
v -41.29640579 55.24981689 14.70337772
v -41.42676544 55.24981689 14.69028282
v -40.02653503 55.24981689 12.95600319
v -40.02653503 57.58315277 12.95600319
v -40.07928467 57.58315277 12.835186
v -40.15198517 57.58315277 12.72521782
v -40.15198517 55.24981689 12.72521782
v -40.07928467 55.24981689 12.835186
v -39.18675232 55.24981689 6.33770704
v -39.18675232 57.58315277 6.33770704
v -39.14697266 57.58315277 6.46151829
v -39.08876801 57.58315277 6.57781172
v -39.01350403 57.58315277 6.68386507
v -38.92294312 57.58315277 6.77719641
v -38.92294312 55.24981689 6.77719641
v -39.01350403 55.24981689 6.68386507
v -39.08876801 55.24981689 6.57781172
v -39.14697266 55.24981689 6.46151829
v -36.92105865 57.58315277 8.88136482
v -36.92105865 55.24981689 8.88136482
v -36.91456985 55.24981689 9.01419353
v -36.93118286 55.24981689 9.14613914
v -36.97039795 55.24981689 9.27321339
v -37.03102493 55.24981689 9.39157677
v -37.11123276 55.24981689 9.49765301
v -37.20859909 55.24981689 9.58823395
v -37.3201828 55.24981689 9.6605854
v -37.3201828 57.58315277 9.6605854
v -37.20859909 57.58315277 9.58823395
v -37.11123276 57.58315277 9.49765301
v -37.03102493 57.58315277 9.39157677
v -36.97039795 57.58315277 9.27321339
v -36.93118286 57.58315277 9.14613914
v -36.91456985 57.58315277 9.01419353
v -40.70506287 57.58315277 9.31780434
v -40.70506287 55.24981689 9.31780434
v -40.58117676 55.24981689 9.27677631
v -40.45248032 55.24981689 9.25519466
v -40.32199478 55.24981689 9.2535677
v -40.19279861 55.24981689 9.27193356
v -40.19279861 57.58315277 9.27193356
v -40.32199478 57.58315277 9.2535677
v -40.45248032 57.58315277 9.25519466
v -40.58117676 57.58315277 9.27677631
v -38.43995667 55.24981689 9.93247604
v -38.43995667 57.58315277 9.93247604
v -38.30979919 57.58315277 9.94744682
v -38.17899704 57.58315277 9.93998909
v -38.17899704 55.24981689 9.93998909
v -38.30979919 55.24981689 9.94744682
v -37.1981163 55.24981689 8.01547623
v -37.1981163 57.58315277 8.01547623
v -37.26911163 57.58315277 7.90439653
v -37.35812378 57.58315277 7.80715561
v -37.35812378 55.24981689 7.80715561
v -37.26911163 55.24981689 7.90439653
v -37.40399933 55.24981689 1.34729123
v -37.40399933 57.58315277 1.34729123
v -37.34534073 57.58315277 1.46335483
v -37.26966095 57.58315277 1.56911135
v -37.17873001 57.58315277 1.66208529
v -37.07468414 57.58315277 1.74010038
v -37.07468414 55.24981689 1.74010038
v -37.17873001 55.24981689 1.66208529
v -37.26966095 55.24981689 1.56911135
v -37.34534073 55.24981689 1.46335483
v -34.76828384 57.58315277 3.50519896
v -34.76828384 55.24981689 3.50519896
v -34.7410965 55.24981689 3.63537765
v -34.736866 55.24981689 3.76829767
v -34.75571442 55.24981689 3.89994192
v -34.79708099 55.24981689 4.02633238
v -34.85970688 55.24981689 4.14364958
v -34.94170761 55.24981689 4.24834824
v -35.04059982 55.24981689 4.33726358
v -35.04059982 57.58315277 4.33726358
v -34.94170761 57.58315277 4.24834824
v -34.85970688 57.58315277 4.14364958
v -34.79708099 57.58315277 4.02633238
v -34.75571442 57.58315277 3.89994192
v -34.736866 57.58315277 3.76829767
v -34.7410965 57.58315277 3.63537765
v -38.43742371 57.58315277 4.5282135
v -38.43742371 55.24981689 4.5282135
v -38.32148743 55.24981689 4.46831226
v -38.19775009 55.24981689 4.42686319
v -38.06912231 55.24981689 4.40484333
v -37.93864441 55.24981689 4.40277195
v -37.93864441 57.58315277 4.40277195
v -38.06912231 57.58315277 4.40484333
v -38.19775009 57.58315277 4.42686319
v -38.32148743 57.58315277 4.46831226
v -36.10404968 55.24981689 4.78097773
v -36.10404968 57.58315277 4.78097773
v -35.97315598 57.58315277 4.77540302
v -35.84513092 57.58315277 4.74757481
v -35.84513092 55.24981689 4.74757481
v -35.97315598 55.24981689 4.77540302
v -35.17738724 55.24981689 2.69331217
v -35.17738724 57.58315277 2.69331217
v -35.26488495 57.58315277 2.59470701
v -35.36801147 57.58315277 2.51258802
v -35.36801147 55.24981689 2.51258802
v -35.26488495 55.24981689 2.59470701
v -36.42387009 55.24981689 -3.86056852
v -36.42387009 57.58315277 -3.86056852
v -36.34777451 57.58315277 -3.7551105
v -36.25648117 57.58315277 -3.66249514
v -36.15213013 57.58315277 -3.58488989
v -36.03715897 57.58315277 -3.52411175
v -36.03715897 55.24981689 -3.52411175
v -36.15213013 55.24981689 -3.58488989
v -36.25648117 55.24981689 -3.66249514
v -36.34777451 55.24981689 -3.7551105
v -33.48303223 57.58315277 -2.14154506
v -33.48303223 55.24981689 -2.14154506
v -33.4358139 55.24981689 -2.01722217
v -33.41083908 55.24981689 -1.88660073
v -33.40886688 55.24981689 -1.75362813
v -33.42995071 55.24981689 -1.6223228
v -33.47345352 55.24981689 -1.49665284
v -33.53806305 55.24981689 -1.38041592
v -33.62182999 55.24981689 -1.27712488
v -33.62182999 57.58315277 -1.27712488
v -33.53806305 57.58315277 -1.38041592
v -33.47345352 57.58315277 -1.49665284
v -33.42995071 57.58315277 -1.6223228
v -33.40886688 57.58315277 -1.75362813
v -33.41083908 57.58315277 -1.88660073
v -33.4358139 57.58315277 -2.01722217
v -36.94696045 57.58315277 -0.55714554
v -36.94696045 55.24981689 -0.55714554
v -36.84182358 55.24981689 -0.63444585
v -36.72609329 55.24981689 -0.69474161
v -36.6024971 55.24981689 -0.73661155
v -36.47394562 55.24981689 -0.75906885
v -36.47394562 57.58315277 -0.75906885
v -36.6024971 57.58315277 -0.73661155
v -36.72609329 57.58315277 -0.69474161
v -36.84182358 57.58315277 -0.63444585
v -34.60277557 55.24981689 -0.67251348
v -34.60277557 57.58315277 -0.67251348
v -34.47436523 57.58315277 -0.6984961
v -34.35226822 57.58315277 -0.74600875
v -34.35226822 55.24981689 -0.74600875
v -34.47436523 55.24981689 -0.6984961
v -34.01410294 55.24981689 -2.87943864
v -34.01410294 57.58315277 -2.87943864
v -34.11594772 57.58315277 -2.96314216
v -34.23065186 57.58315277 -3.02811766
v -34.23065186 55.24981689 -3.02811766
v -34.11594772 55.24981689 -2.96314216
v -36.27049255 55.24981689 -9.15763664
v -36.27049255 57.58315277 -9.15763664
v -36.17883682 57.58315277 -9.06538105
v -36.0741806 57.58315277 -8.98818779
v -35.95897293 57.58315277 -8.92786217
v -35.8359108 57.58315277 -8.88581753
v -35.8359108 55.24981689 -8.88581753
v -35.95897293 55.24981689 -8.92786217
v -36.0741806 55.24981689 -8.98818779
v -36.17883682 55.24981689 -9.06538105
v -33.09694672 57.58315277 -7.91982651
v -33.09694672 55.24981689 -7.91982651
v -33.0308609 55.24981689 -7.80442047
v -32.98576355 55.24981689 -7.67931414
v -32.9630127 55.24981689 -7.54828691
v -32.96329498 55.24981689 -7.41529989
v -32.9866066 55.24981689 -7.28437185
v -33.03223419 55.24981689 -7.15945816
v -33.0988121 55.24981689 -7.04433537
v -33.0988121 57.58315277 -7.04433537
v -33.03223419 57.58315277 -7.15945816
v -32.9866066 57.58315277 -7.28437185
v -32.96329498 57.58315277 -7.41529989
v -32.9630127 57.58315277 -7.54828691
v -32.98576355 57.58315277 -7.67931414
v -33.0308609 57.58315277 -7.80442047
v -36.2703743 57.58315277 -5.81305504
v -36.2703743 55.24981689 -5.81305504
v -36.1786232 55.24981689 -5.90585041
v -36.07375336 55.24981689 -5.98350811
v -35.95822525 55.24981689 -6.04419756
v -35.83477402 55.24981689 -6.08648825
v -35.83477402 57.58315277 -6.08648825
v -35.95822525 57.58315277 -6.04419756
v -36.07375336 57.58315277 -5.98350811
v -36.1786232 57.58315277 -5.90585041
v -33.97309875 55.24981689 -6.29371405
v -33.97309875 57.58315277 -6.29371405
v -33.85033417 57.58315277 -6.33946466
v -33.73717499 57.58315277 -6.40549231
v -33.73717499 55.24981689 -6.40549231
v -33.85033417 55.24981689 -6.33946466
v -33.73691177 55.24981689 -8.56555748
v -33.73691177 57.58315277 -8.56555748
v -33.85059738 57.58315277 -8.63229847
v -33.97405243 57.58315277 -8.67852974
v -33.97405243 55.24981689 -8.67852974
v -33.85059738 55.24981689 -8.63229847
v -36.94764709 55.24981689 -14.41348267
v -36.94764709 57.58315277 -14.41348267
v -36.84268951 57.58315277 -14.33670139
v -36.72724533 57.58315277 -14.27682972
v -36.60401917 57.58315277 -14.23526955
v -36.47589493 57.58315277 -14.21299362
v -36.47589493 55.24981689 -14.21299362
v -36.60401917 55.24981689 -14.23526955
v -36.72724533 55.24981689 -14.27682972
v -36.84268951 55.24981689 -14.33670139
v -33.61953735 57.58315277 -13.68736362
v -33.61953735 55.24981689 -13.68736362
v -33.53621674 55.24981689 -13.58371735
v -33.4720993 55.24981689 -13.467206
v -33.42913055 55.24981689 -13.34135151
v -33.40860748 55.24981689 -13.20995712
v -33.41114807 55.24981689 -13.07699394
v -33.43667603 55.24981689 -12.94648075
v -33.48442459 55.24981689 -12.82236004
v -33.48442459 57.58315277 -12.82236004
v -33.43667603 57.58315277 -12.94648075
v -33.41114807 57.58315277 -13.07699394
v -33.40860748 57.58315277 -13.20995712
v -33.42913055 57.58315277 -13.34135151
v -33.4720993 57.58315277 -13.467206
v -33.53621674 57.58315277 -13.58371735
v -36.42432785 57.58315277 -11.11009693
v -36.42432785 55.24981689 -11.11009693
v -36.34822083 55.24981689 -11.2161026
v -36.25678635 55.24981689 -11.30920982
v -36.15217972 55.24981689 -11.38722515
v -36.03686142 55.24981689 -11.44830704
v -36.03686142 57.58315277 -11.44830704
v -36.15217972 57.58315277 -11.38722515
v -36.25678635 57.58315277 -11.30920982
v -36.34822083 57.58315277 -11.2161026
v -34.23052216 55.24981689 -11.94421196
v -34.23052216 57.58315277 -11.94421196
v -34.11642456 57.58315277 -12.00860405
v -34.01498795 57.58315277 -12.09152031
v -34.01498795 55.24981689 -12.09152031
v -34.11642456 55.24981689 -12.00860405
v -34.35263824 55.24981689 -14.22503281
v -34.35263824 57.58315277 -14.22503281
v -34.4753685 57.58315277 -14.27316666
v -34.60453415 57.58315277 -14.29951668
v -34.60453415 55.24981689 -14.29951668
v -34.4753685 55.24981689 -14.27316666
v -38.43866348 55.24981689 -19.49868965
v -38.43866348 57.58315277 -19.49868965
v -38.3229866 57.58315277 -19.43927383
v -38.19959641 57.58315277 -19.39819717
v -38.07138824 57.58315277 -19.3764267
v -37.94135666 57.58315277 -19.37446785
v -37.94135666 55.24981689 -19.37446785
v -38.07138824 55.24981689 -19.3764267
v -38.19959641 55.24981689 -19.39819717
v -38.3229866 55.24981689 -19.43927383
v -35.03793716 57.58315277 -19.3021431
v -35.03793716 55.24981689 -19.3021431
v -34.93942642 55.24981689 -19.2128067
v -34.85787201 55.24981689 -19.10775948
v -34.79574585 55.24981689 -18.99017525
v -34.75492096 55.24981689 -18.86360931
v -34.73662949 55.24981689 -18.73188782
v -34.74142838 55.24981689 -18.59898567
v -34.76916885 55.24981689 -18.46892548
v -34.76916885 57.58315277 -18.46892548
v -34.74142838 57.58315277 -18.59898567
v -34.73662949 57.58315277 -18.73188782
v -34.75492096 57.58315277 -18.86360931
v -34.79574585 57.58315277 -18.99017525
v -34.85787201 57.58315277 -19.10775948
v -34.93942642 57.58315277 -19.2128067
v -37.40502167 57.58315277 -16.31784058
v -37.40502167 55.24981689 -16.31784058
v -37.34643555 55.24981689 -16.43444633
v -37.27069092 55.24981689 -16.54071045
v -37.17957306 55.24981689 -16.63412857
v -37.07523346 55.24981689 -16.71249962
v -37.07523346 57.58315277 -16.71249962
v -37.17957306 57.58315277 -16.63412857
v -37.27069092 57.58315277 -16.54071045
v -37.34643555 57.58315277 -16.43444633
v -35.36871338 55.24981689 -17.48487091
v -35.36871338 57.58315277 -17.48487091
v -35.26609039 57.58315277 -17.56632042
v -35.17887497 57.58315277 -17.66408539
v -35.17887497 55.24981689 -17.66408539
v -35.26609039 55.24981689 -17.56632042
v -35.84612274 55.24981689 -19.71850967
v -35.84612274 57.58315277 -19.71850967
v -35.97486877 57.58315277 -19.74685287
v -36.1065712 57.58315277 -19.75267029
v -36.1065712 55.24981689 -19.75267029
v -35.97486877 55.24981689 -19.74685287
v -40.70682526 55.24981689 -24.28804398
v -40.70682526 57.58315277 -24.28804398
v -40.58327484 57.58315277 -24.2474556
v -40.45497894 57.58315277 -24.22618866
v -40.32493973 57.58315277 -24.22474098
v -40.19620514 57.58315277 -24.2431469
v -40.19620514 55.24981689 -24.2431469
v -40.32493973 55.24981689 -24.22474098
v -40.45497894 55.24981689 -24.22618866
v -40.58327484 55.24981689 -24.2474556
v -37.31721878 57.58315277 -24.6259079
v -37.31721878 55.24981689 -24.6259079
v -37.20594406 55.24981689 -24.55308151
v -37.10896301 55.24981689 -24.46208572
v -37.02920532 55.24981689 -24.35566902
v -36.96908569 55.24981689 -24.2370491
v -36.93041229 55.24981689 -24.10980606
v -36.91436386 55.24981689 -23.97779274
v -36.92141724 55.24981689 -23.84499359
v -36.92141724 57.58315277 -23.84499359
v -36.91436386 57.58315277 -23.97779274
v -36.93041229 57.58315277 -24.10980606
v -36.96908569 57.58315277 -24.2370491
v -37.02920532 57.58315277 -24.35566902
v -37.10896301 57.58315277 -24.46208572
v -37.20594406 57.58315277 -24.55308151
v -39.18831253 57.58315277 -21.30805206
v -39.18831253 55.24981689 -21.30805206
v -39.14868927 55.24981689 -21.43238831
v -39.09050369 55.24981689 -21.54919434
v -39.01512146 55.24981689 -21.65571594
v -38.92432404 55.24981689 -21.74944305
v -38.92432404 57.58315277 -21.74944305
v -39.01512146 57.58315277 -21.65571594
v -39.09050369 57.58315277 -21.54919434
v -39.14868927 57.58315277 -21.43238831
v -37.35963821 55.24981689 -22.77926445
v -37.35963821 57.58315277 -22.77926445
v -37.2710228 57.58315277 -22.87576485
v -37.20017242 57.58315277 -22.98596954
v -37.20017242 55.24981689 -22.98596954
v -37.2710228 55.24981689 -22.87576485
v -38.18058777 55.24981689 -24.91071892
v -38.18058777 57.58315277 -24.91071892
v -38.31218338 57.58315277 -24.91857338
v -38.44317245 57.58315277 -24.90371704
v -38.44317245 55.24981689 -24.90371704
v -38.31218338 55.24981689 -24.91857338
v -43.69628143 55.24981689 -28.66361427
v -43.69628143 57.58315277 -28.66361427
v -43.56790161 57.58315277 -28.64285278
v -43.43785858 57.58315277 -28.64191818
v -43.30919266 57.58315277 -28.66083145
v -43.18492508 57.58315277 -28.69915009
v -43.18492508 55.24981689 -28.69915009
v -43.30919266 55.24981689 -28.66083145
v -43.43785858 55.24981689 -28.64191818
v -43.56790161 55.24981689 -28.64285278
v -40.40126038 57.58315277 -29.52756882
v -40.40126038 55.24981689 -29.52756882
v -40.27996063 55.24981689 -29.47304726
v -40.16994095 55.24981689 -29.39834404
v -40.0745163 55.24981689 -29.30571365
v -39.99657822 55.24981689 -29.19795799
v -39.93847656 55.24981689 -29.0783329
v -39.90197372 55.24981689 -28.95045471
v -39.88816833 55.24981689 -28.81818581
v -39.88816833 57.58315277 -28.81818581
v -39.90197372 57.58315277 -28.95045471
v -39.93847656 57.58315277 -29.0783329
v -39.99657822 57.58315277 -29.19795799
v -40.0745163 57.58315277 -29.30571365
v -40.16994095 57.58315277 -29.39834404
v -40.27996063 57.58315277 -29.47304726
v -41.73028946 57.58315277 -25.95786095
v -41.73028946 55.24981689 -25.95786095
v -41.71060562 55.24981689 -26.08686256
v -41.67140579 55.24981689 -26.21133423
v -41.61361694 55.24981689 -26.32833481
v -41.53859711 55.24981689 -26.435112
v -41.53859711 57.58315277 -26.435112
v -41.61361694 57.58315277 -26.32833481
v -41.67140579 57.58315277 -26.21133423
v -41.71060562 57.58315277 -26.08686256
v -40.15427399 55.24981689 -27.69702721
v -40.15427399 57.58315277 -27.69702721
v -40.08184814 57.58315277 -27.80620193
v -40.02910995 57.58315277 -27.92613029
v -40.02910995 55.24981689 -27.92613029
v -40.08184814 55.24981689 -27.80620193
v -41.29855347 55.24981689 -29.67381477
v -41.29855347 57.58315277 -29.67381477
v -41.42975616 57.58315277 -29.66098595
v -41.55681229 57.58315277 -29.62582016
v -41.55681229 55.24981689 -29.62582016
v -41.42975616 55.24981689 -29.66098595
v -47.33341599 55.24981689 -32.51766205
v -47.33341599 57.58315277 -32.51766205
v -47.20337296 57.58315277 -32.51723862
v -47.07478333 57.58315277 -32.53665543
v -46.95066452 57.58315277 -32.57546234
v -46.83391571 57.58315277 -32.63275146
v -46.83391571 55.24981689 -32.63275146
v -46.95066452 55.24981689 -32.57546234
v -47.07478333 55.24981689 -32.53665543
v -47.20337296 55.24981689 -32.51723862
v -44.21411896 57.58315277 -33.88643646
v -44.21411896 55.24981689 -33.88643646
v -44.08578491 55.24981689 -33.85155869
v -43.96543121 55.24981689 -33.79498291
v -43.85669327 55.24981689 -33.71842194
v -43.76285934 55.24981689 -33.62418747
v -43.68675995 55.24981689 -33.51512146
v -43.63069916 55.24981689 -33.39453125
v -43.59637451 55.24981689 -33.26604843
v -43.59637451 57.58315277 -33.26604843
v -43.63069916 57.58315277 -33.39453125
v -43.68675995 57.58315277 -33.51512146
v -43.76285934 57.58315277 -33.62418747
v -43.85669327 57.58315277 -33.71842194
v -43.96543121 57.58315277 -33.79498291
v -44.08578491 57.58315277 -33.85155869
v -44.9683609 57.58315277 -30.15276718
v -44.9683609 55.24981689 -30.15276718
v -44.96910095 55.24981689 -30.28326225
v -44.9498558 55.24981689 -30.41233063
v -44.91107941 55.24981689 -30.5369339
v -44.85368729 55.24981689 -30.65413284
v -44.85368729 57.58315277 -30.65413284
v -44.91107941 57.58315277 -30.5369339
v -44.9498558 57.58315277 -30.41233063
v -44.96910095 57.58315277 -30.28326225
v -43.683815 55.24981689 -32.11706543
v -43.683815 57.58315277 -32.11706543
v -43.6293602 57.58315277 -32.23622513
v -43.59603119 57.58315277 -32.3629303
v -43.59603119 55.24981689 -32.3629303
v -43.6293602 55.24981689 -32.23622513
v -45.12324524 55.24981689 -33.89051056
v -45.12324524 57.58315277 -33.89051056
v -45.25082397 57.58315277 -33.85731506
v -45.37081146 57.58315277 -33.80271149
v -45.37081146 55.24981689 -33.80271149
v -45.25082397 55.24981689 -33.85731506
v -51.52868652 55.24981689 -35.75528336
v -51.52868652 57.58315277 -35.75528336
v -51.400177 57.58315277 -35.77520752
v -51.27620697 57.58315277 -35.81450653
v -51.15968704 57.58315277 -35.87225342
v -51.0533371 57.58315277 -35.94709778
v -51.0533371 55.24981689 -35.94709778
v -51.15968704 55.24981689 -35.87225342
v -51.27620697 55.24981689 -35.81450653
v -51.400177 55.24981689 -35.77520752
v -48.66191101 57.58315277 -37.59517288
v -48.66191101 55.24981689 -37.59517288
v -48.52970123 55.24981689 -37.5807991
v -48.40198135 55.24981689 -37.54375076
v -48.28260422 55.24981689 -37.48514175
v -48.17518234 55.24981689 -37.40674591
v -48.08296204 55.24981689 -37.31092834
v -48.00872421 55.24981689 -37.20058823
v -47.95471954 55.24981689 -37.0790596
v -47.95471954 57.58315277 -37.0790596
v -48.00872421 57.58315277 -37.20058823
v -48.08296204 57.58315277 -37.31092834
v -48.17518234 57.58315277 -37.40674591
v -48.28260422 57.58315277 -37.48514175
v -48.40198135 57.58315277 -37.54375076
v -48.52970123 57.58315277 -37.5807991
v -48.82279205 57.58315277 -33.78948212
v -48.82279205 55.24981689 -33.78948212
v -48.84393692 55.24981689 -33.91825485
v -48.84511948 55.24981689 -34.0487442
v -48.82631302 55.24981689 -34.17787933
v -48.78796387 55.24981689 -34.3026123
v -48.78796387 57.58315277 -34.3026123
v -48.82631302 57.58315277 -34.17787933
v -48.84511948 57.58315277 -34.0487442
v -48.84393692 57.58315277 -33.91825485
v -47.8613472 55.24981689 -35.93054199
v -47.8613472 57.58315277 -35.93054199
v -47.82619858 57.58315277 -36.05675507
v -47.81310654 57.58315277 -36.1871109
v -47.81310654 55.24981689 -36.1871109
v -47.82619858 55.24981689 -36.05675507
v -49.56047821 55.24981689 -37.45697784
v -49.56047821 57.58315277 -37.45697784
v -49.6812973 57.58315277 -37.40423584
v -49.79126358 57.58315277 -37.33152771
v -49.79126358 55.24981689 -37.33152771
v -49.6812973 55.24981689 -37.40423584
v -56.17877579 55.24981689 -38.29676056
v -56.17877579 57.58315277 -38.29676056
v -56.05496216 57.58315277 -38.33654404
v -55.93867493 57.58315277 -38.39474869
v -55.83261871 57.58315277 -38.47001266
v -55.73928833 57.58315277 -38.56057358
v -55.73928833 55.24981689 -38.56057358
v -55.83261871 55.24981689 -38.47001266
v -55.93867493 55.24981689 -38.39474869
v -56.05496216 55.24981689 -38.33654404
v -53.63512039 57.58315277 -40.56245804
v -53.63512039 55.24981689 -40.56245804
v -53.50228882 55.24981689 -40.56894684
v -53.37034225 55.24981689 -40.55233383
v -53.24327087 55.24981689 -40.51311874
v -53.12490463 55.24981689 -40.45249557
v -53.01883316 55.24981689 -40.37228394
v -52.92824554 55.24981689 -40.2749176
v -52.855896 55.24981689 -40.16333008
v -52.855896 57.58315277 -40.16333008
v -52.92824554 57.58315277 -40.2749176
v -53.01883316 57.58315277 -40.37228394
v -53.12490463 57.58315277 -40.45249557
v -53.24327087 57.58315277 -40.51311874
v -53.37034225 57.58315277 -40.55233383
v -53.50228882 57.58315277 -40.56894684
v -53.19868088 57.58315277 -36.77845764
v -53.19868088 55.24981689 -36.77845764
v -53.23970795 55.24981689 -36.90233612
v -53.2612915 55.24981689 -37.03103638
v -53.26291656 55.24981689 -37.16152191
v -53.2445488 55.24981689 -37.29071808
v -53.2445488 57.58315277 -37.29071808
v -53.26291656 57.58315277 -37.16152191
v -53.2612915 57.58315277 -37.03103638
v -53.23970795 57.58315277 -36.90233612
v -52.58400726 55.24981689 -39.04356384
v -52.58400726 57.58315277 -39.04356384
v -52.56903839 57.58315277 -39.1737175
v -52.57649231 57.58315277 -39.30451965
v -52.57649231 55.24981689 -39.30451965
v -52.56903839 55.24981689 -39.1737175
v -54.50100708 55.24981689 -40.28540039
v -54.50100708 57.58315277 -40.28540039
v -54.61208725 57.58315277 -40.21440506
v -54.7093277 57.58315277 -40.12539291
v -54.7093277 55.24981689 -40.12539291
v -54.61208725 55.24981689 -40.21440506
v -61.16918945 55.24981689 -40.07951736
v -61.16918945 57.58315277 -40.07951736
v -61.05312729 57.58315277 -40.13817596
v -60.94737244 57.58315277 -40.21385574
v -60.85439682 57.58315277 -40.30478668
v -60.77638245 57.58315277 -40.40882874
v -60.77638245 55.24981689 -40.40882874
v -60.85439682 55.24981689 -40.30478668
v -60.94737244 55.24981689 -40.21385574
v -61.05312729 55.24981689 -40.13817596
v -59.01128387 57.58315277 -42.71523285
v -59.01128387 55.24981689 -42.71523285
v -58.88110733 55.24981689 -42.7424202
v -58.74818802 55.24981689 -42.74665451
v -58.61654282 55.24981689 -42.72779846
v -58.49015045 55.24981689 -42.68643951
v -58.37283707 55.24981689 -42.62380981
v -58.26813507 55.24981689 -42.54180908
v -58.17922211 55.24981689 -42.44291687
v -58.17922211 57.58315277 -42.44291687
v -58.26813507 57.58315277 -42.54180908
v -58.37283707 57.58315277 -42.62380981
v -58.49015045 57.58315277 -42.68643951
v -58.61654282 57.58315277 -42.72779846
v -58.74818802 57.58315277 -42.74665451
v -58.88110733 57.58315277 -42.7424202
v -57.98827362 57.58315277 -39.04609299
v -57.98827362 55.24981689 -39.04609299
v -58.048172 55.24981689 -39.16202927
v -58.08961868 55.24981689 -39.2857666
v -58.11164093 55.24981689 -39.41439438
v -58.11371231 55.24981689 -39.54487228
v -58.11371231 57.58315277 -39.54487228
v -58.11164093 57.58315277 -39.41439438
v -58.08961868 57.58315277 -39.2857666
v -58.048172 57.58315277 -39.16202927
v -57.73550415 55.24981689 -41.37946701
v -57.73550415 57.58315277 -41.37946701
v -57.74108124 57.58315277 -41.51036072
v -57.76890564 57.58315277 -41.63838196
v -57.76890564 55.24981689 -41.63838196
v -57.74108124 55.24981689 -41.51036072
v -59.82316971 55.24981689 -42.30613327
v -59.82316971 57.58315277 -42.30613327
v -59.92177582 57.58315277 -42.21863174
v -60.00389481 57.58315277 -42.11550903
v -60.00389481 55.24981689 -42.11550903
v -59.92177582 55.24981689 -42.21863174
v -66.37705231 55.24981689 -41.05964661
v -66.37705231 57.58315277 -41.05964661
v -66.27159882 57.58315277 -41.135746
v -66.17897797 57.58315277 -41.22703552
v -66.10137177 57.58315277 -41.33138657
v -66.04059601 57.58315277 -41.44635773
v -66.04059601 55.24981689 -41.44635773
v -66.10137177 55.24981689 -41.33138657
v -66.17897797 55.24981689 -41.22703552
v -66.27159882 55.24981689 -41.135746
v -64.65802765 57.58315277 -44.00048828
v -64.65802765 55.24981689 -44.00048828
v -64.53370667 55.24981689 -44.04770279
v -64.4030838 55.24981689 -44.07267761
v -64.27011108 55.24981689 -44.07464981
v -64.1388092 55.24981689 -44.05356979
v -64.01313782 55.24981689 -44.01006317
v -63.89690018 55.24981689 -43.94544983
v -63.7936058 55.24981689 -43.86168671
v -63.7936058 57.58315277 -43.86168671
v -63.89690018 57.58315277 -43.94544983
v -64.01313782 57.58315277 -44.01006317
v -64.1388092 57.58315277 -44.05356979
v -64.27011108 57.58315277 -44.07464981
v -64.4030838 57.58315277 -44.07267761
v -64.53370667 57.58315277 -44.04770279
v -63.07363129 57.58315277 -40.53655624
v -63.07363129 55.24981689 -40.53655624
v -63.15093231 55.24981689 -40.64169312
v -63.21122742 55.24981689 -40.7574234
v -63.25309372 55.24981689 -40.88101959
v -63.27555084 55.24981689 -41.00956726
v -63.27555084 57.58315277 -41.00956726
v -63.25309372 57.58315277 -40.88101959
v -63.21122742 57.58315277 -40.7574234
v -63.15093231 57.58315277 -40.64169312
v -63.18899536 55.24981689 -42.88074112
v -63.18899536 57.58315277 -42.88074112
v -63.21498108 57.58315277 -43.00915146
v -63.26248932 57.58315277 -43.13124847
v -63.26248932 55.24981689 -43.13124847
v -63.21498108 55.24981689 -43.00915146
v -65.3959198 55.24981689 -43.46941376
v -65.3959198 57.58315277 -43.46941376
v -65.47962952 57.58315277 -43.36756897
v -65.54460144 57.58315277 -43.25286484
v -65.54460144 55.24981689 -43.25286484
v -65.47962952 55.24981689 -43.36756897
vn 0 1 0
vn -0.99984 0 -0.01785
vn -0.99984 0 0.01785
vn -0.99857 0 0.05352
vn -0.99602 0 0.08913
vn -0.9922 0 0.12463
vn -0.98712 0 0.15996
vn -0.98079 0 0.19509
vn -0.9732 0 0.22997
vn -0.96437 0 0.26456
vn -0.95431 0 0.29881
vn -0.94304 0 0.33268
vn -0.93056 0 0.36613
vn -0.9169 0 0.39911
vn -0.90207 0 0.43158
vn -0.88609 0 0.46351
vn -0.86899 0 0.49484
vn -0.85077 0 0.52554
vn -0.83147 0 0.55557
vn -0.81111 0 0.58489
vn -0.78972 0 0.61347
vn -0.76732 0 0.64127
vn -0.74394 0 0.66825
vn -0.71961 0 0.69437
vn -0.69437 0 0.71962
vn -0.66825 0 0.74394
vn -0.64127 0 0.76732
vn -0.61347 0 0.78972
vn -0.58489 0 0.81111
vn -0.55557 0 0.83147
vn -0.52554 0 0.85077
vn -0.49484 0 0.86899
vn -0.46351 0 0.88609
vn -0.43159 0 0.90207
vn -0.39911 0 0.9169
vn -0.36613 0 0.93056
vn -0.33268 0 0.94304
vn -0.29881 0 0.95431
vn -0.26456 0 0.96437
vn -0.22997 0 0.9732
vn -0.19509 0 0.98079
vn -0.15996 0 0.98712
vn -0.12463 0 0.9922
vn -0.08913 0 0.99602
vn -0.05352 0 0.99857
vn -0.01785 0 0.99984
vn 0.01785 -0 0.99984
vn 0.05352 -0 0.99857
vn 0.08913 -0 0.99602
vn 0.12463 -0 0.9922
vn 0.15996 -0 0.98712
vn 0.19509 -0 0.98079
vn 0.22997 -0 0.9732
vn 0.26456 -0 0.96437
vn 0.29881 -0 0.95431
vn 0.33269 -0 0.94304
vn 0.36613 -0 0.93056
vn 0.39911 -0 0.9169
vn 0.43159 -0 0.90207
vn 0.46351 -0 0.88609
vn 0.49484 -0 0.86899
vn 0.52554 -0 0.85077
vn 0.55557 -0 0.83147
vn 0.58489 -0 0.81111
vn 0.61347 -0 0.78972
vn 0.64126 -0 0.76732
vn 0.66825 -0 0.74394
vn 0.69437 -0 0.71961
vn 0.71961 -0 0.69438
vn 0.74394 -0 0.66825
vn 0.76732 -0 0.64127
vn 0.78972 -0 0.61347
vn 0.81111 -0 0.58489
vn 0.83147 -0 0.55557
vn 0.85077 -0 0.52554
vn 0.86898 -0 0.49484
vn 0.8861 -0 0.4635
vn 0.90207 -0 0.43158
vn 0.9169 -0 0.39911
vn 0.93056 -0 0.36614
vn 0.94304 -0 0.33268
vn 0.95431 -0 0.29881
vn 0.96437 -0 0.26456
vn 0.9732 -0 0.22997
vn 0.98078 -0 0.19509
vn 0.98712 -0 0.15996
vn 0.9922 -0 0.12462
vn 0.99602 -0 0.08913
vn 0.99857 -0 0.05353
vn 0.99984 -0 0.01785
vn 0.99984 0 -0.01785
vn 0.99857 0 -0.05353
vn 0.99602 0 -0.08913
vn 0.9922 0 -0.12462
vn 0.98712 0 -0.15996
vn 0.98078 0 -0.19509
vn 0.9732 0 -0.22997
vn 0.96437 0 -0.26456
vn 0.95431 0 -0.29881
vn 0.94304 0 -0.33268
vn 0.93056 0 -0.36614
vn 0.9169 0 -0.39911
vn 0.90207 0 -0.43158
vn 0.8861 0 -0.4635
vn 0.86898 0 -0.49484
vn 0.85077 0 -0.52554
vn 0.83147 0 -0.55557
vn 0.81111 0 -0.58489
vn 0.78972 0 -0.61347
vn 0.76732 0 -0.64127
vn 0.74394 0 -0.66825
vn 0.71961 0 -0.69437
vn 0.69437 0 -0.71961
vn 0.66825 0 -0.74394
vn 0.64126 0 -0.76732
vn 0.61347 0 -0.78972
vn 0.58489 0 -0.81111
vn 0.55557 0 -0.83147
vn 0.52554 0 -0.85077
vn 0.49484 0 -0.86899
vn 0.46351 0 -0.88609
vn 0.43158 0 -0.90207
vn 0.39911 0 -0.9169
vn 0.36613 0 -0.93056
vn 0.33269 0 -0.94304
vn 0.29881 0 -0.95431
vn 0.26456 0 -0.96437
vn 0.22997 0 -0.9732
vn 0.19509 0 -0.98079
vn 0.15996 0 -0.98712
vn 0.12462 0 -0.9922
vn 0.08913 0 -0.99602
vn 0.05352 0 -0.99857
vn 0.01785 0 -0.99984
vn -0.01785 0 -0.99984
vn -0.05352 0 -0.99857
vn -0.08913 0 -0.99602
vn -0.12462 0 -0.9922
vn -0.15996 0 -0.98712
vn -0.19509 0 -0.98079
vn -0.22997 0 -0.9732
vn -0.26456 0 -0.96437
vn -0.29881 0 -0.95431
vn -0.33268 0 -0.94304
vn -0.36613 0 -0.93056
vn -0.39911 0 -0.9169
vn -0.43158 0 -0.90207
vn -0.46351 0 -0.88609
vn -0.49484 0 -0.86899
vn -0.52554 0 -0.85077
vn -0.55557 0 -0.83147
vn -0.58489 0 -0.81111
vn -0.61347 0 -0.78972
vn -0.64127 0 -0.76732
vn -0.66825 0 -0.74394
vn -0.69437 0 -0.71962
vn -0.71962 0 -0.69437
vn -0.74394 0 -0.66825
vn -0.76732 0 -0.64127
vn -0.78972 0 -0.61347
vn -0.81111 0 -0.58489
vn -0.83147 0 -0.55557
vn -0.85077 0 -0.52554
vn -0.86899 0 -0.49484
vn -0.88609 0 -0.46351
vn -0.90207 0 -0.43158
vn -0.9169 0 -0.39911
vn -0.93056 0 -0.36613
vn -0.94304 0 -0.33268
vn -0.95431 0 -0.29881
vn -0.96437 0 -0.26456
vn -0.9732 0 -0.22997
vn -0.98079 0 -0.19509
vn -0.98712 0 -0.15996
vn -0.9922 0 -0.12463
vn -0.99602 0 -0.08913
vn -0.99857 0 -0.05352
vn 0.76288 0 0.64654
vn 0.78548 0 0.61888
vn 0.8225 0 0.56876
vn 0.84427 0 0.53593
vn 0.67503 0 0.73779
vn 0.68348 0 0.72996
vn 0.69976 0 0.71438
vn 0.71341 0 0.70075
vn 0.74862 0 0.663
vn 0.72624 0 0.68744
vn 0.69548 0 0.71855
vn 0.67875 0 0.73437
vn 0.90456 0 0.42634
vn 0.87872 0 0.47735
vn 0.83279 0 0.55359
vn 0.80398 0 0.59466
vn 0.99844 0 0.05576
vn 0.99204 0 0.12594
vn 0.97001 0 0.24307
vn 0.95017 0 0.31173
vn 0.77023 0 -0.63777
vn 0.82772 0 -0.56114
vn 0.88884 0 -0.45822
vn 0.94668 0 -0.32216
vn 0.97808 0 -0.20822
vn 0.99338 0 -0.11484
vn 0.07247 0 -0.99737
vn 0.15362 0 -0.98813
vn 0.25286 0 -0.9675
vn 0.3788 0 -0.92548
vn 0.48396 0 -0.87509
vn 0.56418 0 -0.82565
vn -0.50345 0 -0.86402
vn -0.43277 0 -0.9015
vn -0.34217 0 -0.93964
vn -0.23232 0 -0.97264
vn -0.14482 0 -0.98946
vn -0.07283 0 -0.99734
vn -0.98575 0 -0.16819
vn -0.96814 0 -0.2504
vn -0.93662 0 -0.35036
vn -0.87865 0 -0.47747
vn -0.81061 0 -0.58559
vn -0.74593 0 -0.66602
vn -0.0995 0 0.99504
vn 0.83899 0 0.54415
vn 0.88566 0 0.46433
vn 0.93202 0 0.3624
vn 0.97741 0 0.21134
vn 0.99488 0 0.10104
vn 0.0867 0 0.99623
vn 0.17387 0 0.98477
vn 0.28058 0 0.95983
vn 0.41372 0 0.9104
vn 0.52088 0 0.85363
vn 0.60152 0 0.79886
vn -0.58695 0 0.80962
vn -0.50534 0 0.86292
vn -0.39745 0 0.91762
vn -0.26642 0 0.96386
vn -0.16264 0 0.98669
vn -0.0779 0 0.99696
vn -0.99758 0 0.06957
vn -0.98827 0 0.15272
vn -0.96704 0 0.25464
vn -0.92304 0 0.3847
vn -0.8692 0 0.49447
vn -0.81627 0 0.57767
vn -0.86512 0 -0.50156
vn -0.91252 0 -0.40902
vn -0.9612 0 -0.27587
vn -0.98182 0 -0.18981
vn -0.99299 0 -0.11818
vn -0.67943 0 -0.73374
vn -0.69737 0 -0.71671
vn -0.73131 0 -0.68204
vn -0.75908 0 -0.651
vn -0.80144 0 -0.59808
vn -0.76601 0 -0.64282
vn -0.71464 0 -0.69949
vn -0.68591 0 -0.72768
vn -0.98413 0 -0.17746
vn -0.96609 0 -0.25821
vn -0.92139 0 -0.38865
vn -0.88689 0 -0.46198
vn 0 0 1
vn 1 0 0
vn 0 0 -1
vn -0.70537 -0.7077 0.04033
vn -0.70661 -0.70661 0.03766
vn -0.70661 -0.70661 -0.03766
vn -0.69519 -0.70869 0.12031
vn -0.69953 -0.70566 0.11271
vn -0.67615 -0.70951 0.19854
vn -0.68436 -0.70485 0.18664
vn -0.64851 -0.71016 0.27406
vn -0.66126 -0.70419 0.25856
vn -0.61262 -0.71064 0.34596
vn -0.63048 -0.70369 0.32761
vn -0.56893 -0.71095 0.41336
vn -0.59237 -0.70333 0.39297
vn -0.518 -0.7111 0.47541
vn -0.54741 -0.70312 0.45384
vn -0.47003 -0.6963 0.54244
vn -0.43068 -0.71666 0.54855
vn -0.40391 -0.69853 0.59069
vn -0.37095 -0.71479 0.59285
vn -0.33301 -0.70056 0.63113
vn -0.3066 -0.71305 0.63052
vn -0.25824 -0.7024 0.66328
vn -0.2384 -0.71143 0.66108
vn -0.18053 -0.70406 0.68681
vn -0.16714 -0.70995 0.68413
vn -0.10085 -0.70554 0.70146
vn -0.09365 -0.70861 0.69936
vn -0.0202 -0.70684 0.70709
vn -0.01882 -0.70741 0.70655
vn 0.06044 -0.70796 0.70366
vn 0.05648 -0.70635 0.7056
vn 0.14007 -0.70891 0.69125
vn 0.13133 -0.70544 0.6965
vn 0.21771 -0.70968 0.67004
vn 0.20484 -0.70467 0.67932
vn 0.29241 -0.71029 0.6403
vn 0.27612 -0.70405 0.65427
vn 0.36327 -0.71073 0.60241
vn 0.34433 -0.70358 0.62162
vn 0.4294 -0.711 0.55686
vn 0.40863 -0.70326 0.58176
vn 0.49001 -0.71111 0.5042
vn 0.46827 -0.70309 0.53515
vn 0.55521 -0.69688 0.45399
vn 0.56022 -0.71619 0.41621
vn 0.60156 -0.69905 0.38659
vn 0.60291 -0.71434 0.35526
vn 0.63996 -0.70104 0.31465
vn 0.63885 -0.71263 0.28989
vn 0.66998 -0.70283 0.23905
vn 0.66756 -0.71105 0.22084
vn 0.69131 -0.70445 0.16076
vn 0.68868 -0.7096 0.14895
vn 0.70372 -0.70588 0.08074
vn 0.70191 -0.7083 0.07503
vn 0.70708 -0.70713 0
vn 0.7014 -0.70821 -0.08048
vn 0.70409 -0.70611 -0.07527
vn 0.68677 -0.70912 -0.1597
vn 0.69295 -0.70523 -0.14987
vn 0.66339 -0.70985 -0.2367
vn 0.67379 -0.7045 -0.2229
vn 0.63157 -0.71042 -0.31053
vn 0.6468 -0.70392 -0.2935
vn 0.59172 -0.71082 -0.38027
vn 0.61231 -0.70349 -0.3608
vn 0.54433 -0.71104 -0.4451
vn 0.57072 -0.70321 -0.42401
vn 0.50103 -0.69511 -0.51555
vn 0.45859 -0.71765 -0.52409
vn 0.43762 -0.69744 -0.56751
vn 0.40143 -0.71571 -0.5715
vn 0.369 -0.69957 -0.61192
vn 0.33931 -0.7139 -0.61255
vn 0.29605 -0.70151 -0.64826
vn 0.27294 -0.71222 -0.64672
vn 0.21969 -0.70326 -0.67614
vn 0.2031 -0.71068 -0.67357
vn 0.14088 -0.70482 -0.69525
vn 0.13062 -0.70927 -0.69273
vn 0.06059 -0.70621 -0.70541
vn 0.05635 -0.70799 -0.70397
vn -0.02018 -0.70742 -0.70651
vn -0.01883 -0.70686 -0.7071
vn -0.10044 -0.70845 -0.69857
vn -0.09401 -0.70588 -0.70207
vn -0.17919 -0.70932 -0.68173
vn -0.1683 -0.70504 -0.68891
vn -0.25549 -0.71001 -0.65621
vn -0.24081 -0.70434 -0.66776
vn -0.32837 -0.71053 -0.62234
vn -0.31066 -0.7038 -0.63887
vn -0.39698 -0.71089 -0.58056
vn -0.37702 -0.7034 -0.60256
vn -0.46045 -0.71107 -0.53138
vn -0.43908 -0.70316 -0.55926
vn -0.52922 -0.69571 -0.48571
vn -0.53651 -0.71715 -0.4448
vn -0.57934 -0.69799 -0.42092
vn -0.58238 -0.71525 -0.38634
vn -0.62178 -0.70007 -0.35113
vn -0.62176 -0.71347 -0.32308
vn -0.65604 -0.70196 -0.27724
vn -0.65413 -0.71182 -0.25577
vn -0.68175 -0.70367 -0.20018
vn -0.67909 -0.71031 -0.1852
vn -0.69864 -0.70519 -0.12091
vn -0.69629 -0.70894 -0.11219
vn -0.70537 -0.7077 -0.04033
vn -0.4961 -0.70306 -0.50949
vn 0.52251 -0.70307 -0.48236
vn 0.52251 -0.70307 0.48236
vn -0.4961 -0.70306 0.50949
vn -0.99858 0 -0.05322
vn -0.98727 0 -0.15907
vn -0.96477 0 -0.26311
vn -0.93134 0 -0.36416
vn -0.88736 0 -0.46109
vn -0.83331 0 -0.5528
vn -0.76983 0 -0.63824
vn -0.69763 0 -0.71646
vn -0.61753 0 -0.78655
vn -0.53042 0 -0.84773
vn -0.4373 0 -0.89931
vn -0.33924 0 -0.9407
vn -0.23733 0 -0.97143
vn -0.13273 0 -0.99115
vn -0.02662 0 -0.99965
vn 0.07979 0 -0.99681
vn 0.18529 0 -0.98268
vn 0.28869 0 -0.95742
vn 0.38883 0 -0.92131
vn 0.48455 0 -0.87476
vn 0.57479 0 -0.8183
vn 0.65851 0 -0.75257
vn 0.73477 0 -0.67831
vn 0.80271 0 -0.59637
vn 0.86156 0 -0.50766
vn 0.91063 0 -0.41321
vn 0.9494 0 -0.31408
vn 0.9774 0 -0.21139
vn 0.99433 0 -0.10629
vn 0.99433 0 0.10629
vn 0.9774 0 0.21139
vn 0.9494 0 0.31408
vn 0.91063 0 0.41321
vn 0.86156 0 0.50766
vn 0.80271 0 0.59637
vn 0.73478 0 0.67831
vn 0.65851 0 0.75257
vn 0.57479 0 0.8183
vn 0.48455 0 0.87476
vn 0.38883 0 0.92131
vn 0.28869 0 0.95742
vn 0.18529 0 0.98268
vn 0.07979 0 0.99681
vn -0.02662 0 0.99965
vn -0.13273 0 0.99115
vn -0.23733 0 0.97143
vn -0.33924 0 0.9407
vn -0.4373 0 0.89931
vn -0.53042 0 0.84773
vn -0.61753 0 0.78655
vn -0.69763 0 0.71646
vn -0.76984 0 0.63824
vn -0.83331 0 0.5528
vn -0.88736 0 0.46109
vn -0.93134 0 0.36416
vn -0.96477 0 0.26311
vn -0.98727 0 0.15907
vn -0.99858 0 0.05322
vn -0.70537 0.7077 -0.04033
vn -0.70661 0.70661 -0.03766
vn -0.70661 0.70661 0.03766
vn -0.69519 0.70869 -0.12031
vn -0.69953 0.70566 -0.11271
vn -0.67615 0.70951 -0.19854
vn -0.68436 0.70485 -0.18664
vn -0.64851 0.71016 -0.27406
vn -0.66126 0.70419 -0.25856
vn -0.61262 0.71064 -0.34596
vn -0.63048 0.70369 -0.32761
vn -0.56893 0.71095 -0.41336
vn -0.59237 0.70333 -0.39297
vn -0.518 0.7111 -0.47541
vn -0.54741 0.70312 -0.45384
vn -0.47003 0.6963 -0.54244
vn -0.43068 0.71666 -0.54855
vn -0.40391 0.69853 -0.59069
vn -0.37095 0.71479 -0.59285
vn -0.33301 0.70056 -0.63113
vn -0.3066 0.71305 -0.63052
vn -0.25824 0.7024 -0.66328
vn -0.2384 0.71143 -0.66108
vn -0.18053 0.70406 -0.68681
vn -0.16714 0.70995 -0.68413
vn -0.10085 0.70554 -0.70146
vn -0.09365 0.70861 -0.69936
vn -0.0202 0.70684 -0.70709
vn -0.01882 0.70741 -0.70655
vn 0.06044 0.70796 -0.70366
vn 0.05648 0.70635 -0.7056
vn 0.14007 0.70891 -0.69125
vn 0.13133 0.70544 -0.6965
vn 0.21771 0.70968 -0.67004
vn 0.20484 0.70467 -0.67932
vn 0.29241 0.71029 -0.6403
vn 0.27612 0.70405 -0.65427
vn 0.36327 0.71073 -0.60241
vn 0.34433 0.70358 -0.62162
vn 0.4294 0.711 -0.55686
vn 0.40864 0.70326 -0.58176
vn 0.49001 0.71111 -0.5042
vn 0.46827 0.70309 -0.53515
vn 0.55521 0.69688 -0.45399
vn 0.56022 0.71619 -0.41621
vn 0.60156 0.69905 -0.38659
vn 0.60291 0.71434 -0.35526
vn 0.63996 0.70104 -0.31465
vn 0.63885 0.71263 -0.28989
vn 0.66998 0.70283 -0.23905
vn 0.66756 0.71105 -0.22084
vn 0.69131 0.70445 -0.16076
vn 0.68868 0.7096 -0.14895
vn 0.70372 0.70588 -0.08074
vn 0.70191 0.7083 -0.07503
vn 0.70708 0.70713 0
vn 0.7014 0.70821 0.08048
vn 0.70409 0.70611 0.07527
vn 0.68677 0.70912 0.1597
vn 0.69295 0.70523 0.14987
vn 0.66339 0.70985 0.2367
vn 0.67379 0.7045 0.2229
vn 0.63157 0.71042 0.31053
vn 0.6468 0.70392 0.2935
vn 0.59172 0.71082 0.38027
vn 0.61231 0.70349 0.3608
vn 0.54433 0.71104 0.4451
vn 0.57072 0.70321 0.42401
vn 0.50103 0.69511 0.51555
vn 0.45859 0.71765 0.52409
vn 0.43762 0.69744 0.56751
vn 0.40143 0.71571 0.5715
vn 0.369 0.69957 0.61192
vn 0.33931 0.7139 0.61255
vn 0.29605 0.70151 0.64826
vn 0.27294 0.71222 0.64672
vn 0.21969 0.70326 0.67614
vn 0.2031 0.71068 0.67357
vn 0.14088 0.70482 0.69525
vn 0.13062 0.70927 0.69273
vn 0.06059 0.70621 0.70541
vn 0.05635 0.70799 0.70397
vn -0.02018 0.70742 0.70651
vn -0.01883 0.70686 0.7071
vn -0.10044 0.70845 0.69857
vn -0.09401 0.70588 0.70207
vn -0.17919 0.70932 0.68173
vn -0.1683 0.70504 0.68891
vn -0.25549 0.71001 0.65621
vn -0.24081 0.70434 0.66776
vn -0.32837 0.71053 0.62234
vn -0.31066 0.7038 0.63887
vn -0.39698 0.71089 0.58056
vn -0.37702 0.7034 0.60256
vn -0.46044 0.71107 0.53138
vn -0.43908 0.70316 0.55926
vn -0.52922 0.69571 0.48571
vn -0.53651 0.71715 0.4448
vn -0.57934 0.69799 0.42092
vn -0.58238 0.71525 0.38634
vn -0.62178 0.70007 0.35113
vn -0.62176 0.71347 0.32308
vn -0.65604 0.70196 0.27724
vn -0.65413 0.71182 0.25577
vn -0.68175 0.70367 0.20018
vn -0.67909 0.71031 0.1852
vn -0.69864 0.70519 0.12091
vn -0.69629 0.70894 0.11218
vn -0.70537 0.7077 0.04033
vn -0.4961 0.70306 0.50949
vn 0.52251 0.70307 0.48236
vn 0.52251 0.70307 -0.48236
vn -0.4961 0.70306 -0.50949
vn 0.05709 0.00642 0.99835
vn 0.08557 -0.00642 0.99631
vn 0.17052 0.00642 0.98533
vn 0.19859 -0.00642 0.98006
vn 0.28173 0.00642 0.95947
vn 0.30901 -0.00642 0.95104
vn 0.38926 0.00642 0.92111
vn 0.41541 -0.00642 0.90961
vn 0.49172 0.00642 0.87073
vn 0.51639 -0.00642 0.85633
vn 0.58777 0.00642 0.809
vn 0.61064 -0.00642 0.79189
vn 0.67616 0.00642 0.73672
vn 0.69693 -0.00642 0.71711
vn 0.75573 0.00642 0.65485
vn 0.77412 -0.00642 0.633
vn 0.82545 0.00642 0.56443
vn 0.84124 -0.00642 0.54063
vn 0.88441 0.00642 0.46666
vn 0.89738 -0.00641 0.44122
vn 0.93185 0.00642 0.3628
vn 0.94182 -0.00642 0.33604
vn 0.96713 0.00641 0.2542
vn 0.97399 -0.00642 0.2265
vn 0.9898 0.00642 0.14232
vn 0.99346 -0.00642 0.11399
vn 0.99957 0.00641 0.02854
vn 0.99998 -0.00642 0
vn 0.99631 0.00642 -0.08557
vn 0.99346 -0.00642 -0.11399
vn 0.98006 0.00642 -0.19859
vn 0.97399 -0.00642 -0.2265
vn 0.95104 0.00642 -0.30901
vn 0.94182 -0.00642 -0.33604
vn 0.90961 0.00642 -0.4154
vn 0.89738 -0.00642 -0.44122
vn 0.85633 0.00642 -0.51639
vn 0.84124 -0.00642 -0.54063
vn 0.79188 0.00642 -0.61064
vn 0.77412 -0.00642 -0.633
vn 0.71712 0.00642 -0.69692
vn 0.69693 -0.00642 -0.71711
vn 0.633 0.00642 -0.77412
vn 0.61064 -0.00642 -0.79189
vn 0.54063 0.00642 -0.84124
vn 0.51639 -0.00642 -0.85633
vn 0.44121 0.00642 -0.89738
vn 0.41541 -0.00642 -0.90961
vn 0.33604 0.00642 -0.94183
vn 0.30901 -0.00642 -0.95104
vn 0.22649 0.00642 -0.97399
vn 0.19859 -0.00642 -0.98006
vn 0.11399 0.00642 -0.99346
vn 0.08557 -0.00642 -0.99631
vn 0 0.00642 -0.99998
vn -0.02856 -0.00642 -0.99957
vn -0.11399 0.00642 -0.99346
vn -0.14231 -0.00642 -0.9898
vn -0.22649 0.00642 -0.97399
vn -0.25421 -0.00642 -0.96713
vn -0.33604 0.00642 -0.94183
vn -0.3628 -0.00642 -0.93184
vn -0.44121 0.00642 -0.89738
vn -0.46665 -0.00642 -0.88442
vn -0.54063 0.00642 -0.84124
vn -0.56443 -0.00642 -0.82545
vn -0.633 0.00642 -0.77412
vn -0.65485 -0.00642 -0.75573
vn -0.71712 0.00642 -0.69692
vn -0.73673 -0.00642 -0.67616
vn -0.79188 0.00642 -0.61064
vn -0.809 -0.00642 -0.58778
vn -0.85633 0.00642 -0.51639
vn -0.87073 -0.00642 -0.49172
vn -0.90961 0.00642 -0.4154
vn -0.92111 -0.00642 -0.38926
vn -0.95104 0.00642 -0.30901
vn -0.95947 -0.00642 -0.28173
vn -0.98006 0.00642 -0.19859
vn -0.98533 -0.00642 -0.17052
vn -0.99631 0.00641 -0.08557
vn -0.99835 -0.00642 -0.05709
vn -0.99957 0.00642 0.02854
vn -0.99835 -0.00642 0.05709
vn -0.9898 0.00642 0.14232
vn -0.98533 -0.00642 0.17052
vn -0.96713 0.00642 0.2542
vn -0.95947 -0.00642 0.28173
vn -0.93185 0.00642 0.3628
vn -0.92111 -0.00642 0.38926
vn -0.88441 0.00642 0.46666
vn -0.87073 -0.00642 0.49172
vn -0.82545 0.00642 0.56443
vn -0.809 -0.00642 0.58778
vn -0.75573 0.00642 0.65485
vn -0.73673 -0.00642 0.67616
vn -0.67616 0.00642 0.73672
vn -0.65485 -0.00642 0.75573
vn -0.58777 0.00642 0.809
vn -0.56443 -0.00642 0.82545
vn -0.49172 0.00642 0.87073
vn -0.46666 -0.00642 0.88442
vn -0.38926 0.00642 0.92111
vn -0.3628 -0.00642 0.93184
vn -0.28173 0.00642 0.95947
vn -0.25421 -0.00642 0.96713
vn -0.17052 0.00642 0.98533
vn -0.14231 -0.00642 0.9898
vn -0.05709 0.00642 0.99835
vn -0.02856 -0.00642 0.99957
vn -0.99836 -0.00385 0.05709
vn -0.99959 0.00385 0.02854
vn -0.98535 -0.00385 0.17052
vn -0.98981 0.00385 0.14232
vn -0.95949 -0.00385 0.28173
vn -0.96714 0.00385 0.25421
vn -0.92112 -0.00385 0.38927
vn -0.93186 0.00385 0.3628
vn -0.87074 -0.00385 0.49172
vn -0.88443 0.00385 0.46667
vn -0.80901 -0.00385 0.58779
vn -0.82546 0.00385 0.56444
vn -0.73674 -0.00385 0.67617
vn -0.75574 0.00385 0.65486
vn -0.65486 -0.00385 0.75574
vn -0.67617 0.00385 0.73673
vn -0.56444 -0.00385 0.82547
vn -0.58778 0.00385 0.80901
vn -0.46666 -0.00385 0.88443
vn -0.49173 0.00385 0.87074
vn -0.36281 -0.00385 0.93186
vn -0.38926 0.00385 0.92112
vn -0.25421 -0.00385 0.96714
vn -0.28173 0.00385 0.95949
vn -0.14231 -0.00385 0.98981
vn -0.17052 0.00385 0.98535
vn -0.02856 -0.00385 0.99958
vn -0.05709 0.00385 0.99836
vn 0.08558 -0.00385 0.99632
vn 0.05709 0.00385 0.99836
vn 0.19859 -0.00385 0.98008
vn 0.17052 0.00385 0.98535
vn 0.30901 -0.00385 0.95105
vn 0.28173 0.00385 0.95949
vn 0.41541 -0.00385 0.90962
vn 0.38926 0.00385 0.92112
vn 0.51639 -0.00385 0.85634
vn 0.49173 0.00385 0.87074
vn 0.61064 -0.00385 0.7919
vn 0.58778 0.00385 0.80901
vn 0.69694 -0.00385 0.71712
vn 0.67617 0.00385 0.73673
vn 0.77413 -0.00385 0.63301
vn 0.75574 0.00385 0.65486
vn 0.84125 -0.00386 0.54063
vn 0.82546 0.00385 0.56444
vn 0.89739 -0.00385 0.44122
vn 0.88443 0.00385 0.46667
vn 0.94184 -0.00385 0.33605
vn 0.93186 0.00385 0.3628
vn 0.974 -0.00385 0.2265
vn 0.96714 0.00385 0.25421
vn 0.99347 -0.00385 0.11399
vn 0.98981 0.00386 0.14232
vn 0.99999 -0.00385 0
vn 0.99959 0.00385 0.02854
vn 0.99347 -0.00385 -0.11399
vn 0.99632 0.00386 -0.08557
vn 0.974 -0.00385 -0.2265
vn 0.98008 0.00385 -0.19859
vn 0.94184 -0.00385 -0.33605
vn 0.95105 0.00385 -0.30902
vn 0.89739 -0.00385 -0.44122
vn 0.90963 0.00385 -0.41541
vn 0.84125 -0.00385 -0.54063
vn 0.85634 0.00385 -0.5164
vn 0.77413 -0.00385 -0.63301
vn 0.7919 0.00385 -0.61064
vn 0.69694 -0.00385 -0.71712
vn 0.71713 0.00385 -0.69693
vn 0.61064 -0.00385 -0.7919
vn 0.63301 0.00385 -0.77413
vn 0.51639 -0.00385 -0.85634
vn 0.54063 0.00385 -0.84125
vn 0.41541 -0.00385 -0.90963
vn 0.44122 0.00385 -0.89739
vn 0.30901 -0.00385 -0.95105
vn 0.33605 0.00385 -0.94184
vn 0.19859 -0.00385 -0.98007
vn 0.22649 0.00385 -0.974
vn 0.08557 -0.00385 -0.99632
vn 0.11399 0.00385 -0.99347
vn 0 0.00385 -0.99999
vn -0.02856 -0.00385 -0.99958
vn -0.14231 0.00642 -0.9898
vn -0.11399 -0.00642 -0.99346
vn -0.25421 0.00642 -0.96713
vn -0.22649 -0.00642 -0.97399
vn -0.3628 0.00642 -0.93184
vn -0.33604 -0.00642 -0.94183
vn -0.46665 0.00642 -0.88442
vn -0.44121 -0.00642 -0.89738
vn -0.56443 0.00642 -0.82545
vn -0.54063 -0.00642 -0.84124
vn -0.65485 0.00642 -0.75573
vn -0.633 -0.00642 -0.77412
vn -0.73673 0.00642 -0.67616
vn -0.71712 -0.00642 -0.69692
vn -0.809 0.00642 -0.58778
vn -0.79188 -0.00642 -0.61064
vn -0.87073 0.00642 -0.49172
vn -0.85633 -0.00642 -0.51639
vn -0.92111 0.00642 -0.38926
vn -0.90961 -0.00642 -0.4154
vn -0.95947 0.00642 -0.28173
vn -0.95104 -0.00642 -0.30901
vn -0.98533 0.00642 -0.17052
vn -0.98006 -0.00642 -0.19859
vn -0.99835 0.00642 -0.05709
vn -0.99631 -0.00641 -0.08557
vn 0.9433 -0 0.33193
vn 0.98611 0 0.16611
vn 0.99999 0 -0.00459
vn 0.98454 0 -0.17517
vn 0.96593 0 -0.25881
vn 0.93977 0 -0.34181
vn 0.86637 0 -0.4994
vn 0.76682 0 -0.64187
vn 0.64406 0 -0.76498
vn 0.50185 0 -0.86495
vn 0.34446 0 -0.9388
vn 0.17668 0 -0.98427
vn 0.00355 0 -0.99999
vn -0.16968 -0 -0.9855
vn -0.2547 0 -0.96702
vn -0.33706 0 -0.94148
vn -0.49371 -0 -0.86963
vn -0.63567 -0 -0.77196
vn -0.75877 -0 -0.65136
vn -0.81207 0 -0.58356
vn -0.38439 0 0.92317
vn -0.43139 0 0.90217
vn -0.47723 0 0.87878
vn -0.52182 0 0.85306
vn -0.56502 0 0.82508
vn -0.60672 0 0.79491
vn 0.80858 0 -0.58839
vn 0.81709 0.00061 -0.57651
vn 0.8984 -0.00088 -0.43917
vn 0.8863 0.00073 -0.46311
vn 0.95682 -0.00071 -0.29068
vn 0.95022 0.00057 -0.31159
vn 0.99088 -0.00056 -0.13472
vn 0.98844 0.00042 -0.15162
vn 0.9997 -0.00041 0.02464
vn 0.99992 0.00027 0.01245
vn 0.98304 -0.00026 0.18337
vn 0.98435 0.00013 0.17621
vn 0.94368 -0.00012 0.33087
vn 0.94134 0 0.33746
vn 0.94217 -0 0.33513
vn 0.93793 0.00065 0.34682
vn 0.9771 -0.00045 0.21276
vn 0.98435 0.00091 0.17621
vn 0.99722 -0.00071 0.0745
vn 0.99992 0.00107 0.01245
vn 0.99787 -0.00077 -0.06518
vn 0.97905 -0.00064 -0.20361
vn 0.98844 0.00103 -0.15162
vn 0.98844 0 -0.15162
vn 0.94112 -0.00031 -0.33806
vn 0.95022 0.0008 -0.31159
vn 0.95022 0 -0.31159
vn 0.88484 0.00022 -0.46589
vn 0.8863 0.00037 -0.46311
vn 0.8863 0 -0.46311
vn 0.81129 -0.00019 -0.58464
vn 0.74685 0 -0.66499
vn 0.02257 -0.99953 -0.02078
vn 0.04276 0.99814 -0.04348
vn 0.02043 -0.99953 -0.02295
vn 0.65246 0 -0.75782
vn 0.99992 0 0.01245
vn 0.98435 0 0.17621
vn 0.19799 0 -0.9802
vn 0.10236 0 -0.99475
vn -0.04258 0 -0.99909
vn -0.20568 0 -0.97862
vn -0.36323 0 -0.9317
vn -0.51093 0 -0.85962
vn -0.64487 0 -0.76429
vn -0.76136 0 -0.64833
vn -0.75061 0.00043 -0.66074
vn -0.76954 0 -0.6386
vn 0.00629 -0.99957 -0.02862
vn 0.01542 0.99829 -0.05636
vn 0.00915 -0.99957 -0.02779
vn 0.32871 0 -0.94443
vn 0.09568 0.00696 -0.99539
vn -0.04258 -0.00579 -0.99908
vn -0.0433 0.00029 -0.99906
vn -0.18145 -0.00024 -0.9834
vn -0.20568 0.00076 -0.97862
vn -0.31606 -0.00061 -0.94874
vn -0.36323 0.00102 -0.9317
vn -0.4446 -0.00076 -0.89573
vn -0.56453 -0.00072 -0.82541
vn -0.51093 0.00107 -0.85962
vn -0.67353 -0.00046 -0.73916
vn -0.64487 0.00092 -0.76429
vn -0.76315 -0.00014 -0.64622
vn -0.65122 0.00014 -0.75889
vn -0.64487 -0.00027 -0.76429
vn -0.52281 0.00026 -0.85245
vn -0.51093 -0.00039 -0.85962
vn -0.38126 0.00038 -0.92447
vn -0.36323 -0.0005 -0.9317
vn -0.23006 0.00048 -0.97318
vn -0.20568 -0.0006 -0.97862
vn -0.07306 0.00058 -0.99733
vn -0.04258 -0.0007 -0.99909
vn 0.08578 0.00067 -0.99631
vn 0.91142 0 0.41148
vn 0.30037 0 -0.95382
vn 0.25882 0 -0.96593
vn 0.21678 0 -0.97622
vn 0.67585 0 -0.73704
vn 0.70711 0 -0.7071
vn 0.73704 0 -0.67585
vn 0.26293 0 -0.96481
vn 0.17883 0 -0.98388
vn 0.00725 0 -0.99997
vn -0.16453 -0 -0.98637
vn -0.33143 -0 -0.94348
vn -0.4115 0 -0.91141
vn -0.33781 -0.00015 -0.94121
vn -0.3352 0 -0.94215
vn -0.31966 0.00043 -0.94753
vn -0.17632 -0.00077 -0.98433
vn -0.21373 0.00154 -0.97689
vn -0.01269 -0.00174 -0.99992
vn -0.07618 0.00261 -0.99709
vn 0.06284 -0.00076 -0.99802
vn 0.1513 0.00102 -0.98849
vn 0.20064 -0.00061 -0.97966
vn 0.31118 0.00076 -0.95035
vn 0.33459 -0.00024 -0.94236
vn 0.46202 0.00029 -0.88687
vn 0.46267 0.00032 -0.88653
vn 0.58057 -0.00027 -0.81421
vn 0.58602 0 -0.8103
vn 0.57244 0.00067 -0.81994
vn 0.46267 -0.0007 -0.88653
vn 0.43539 0.00058 -0.90024
vn 0.31118 -0.0006 -0.95035
vn 0.28735 0.00048 -0.95782
vn 0.1513 -0.0005 -0.98849
vn 0.13206 0.00038 -0.99124
vn -0.01269 -0.00039 -0.99992
vn -0.02656 0.00026 -0.99965
vn -0.17632 -0.00027 -0.98433
vn -0.18452 0.00014 -0.98283
vn 0.66157 0 -0.74988
vn 0.01975 -0.99957 -0.02164
vn 0.04153 0.99829 -0.04109
vn 0.02183 -0.99957 -0.0195
vn 0.75688 0 -0.65355
vn -0.34715 0 -0.93781
vn -0.17632 0 -0.98433
vn -0.01269 -0 -0.99992
vn 0.1513 0 -0.98849
vn 0.31118 0 -0.95035
vn 0.46267 0 -0.88653
vn -0.79448 0 0.60729
vn -0.82467 0 0.56561
vn -0.85268 0 0.52243
vn -0.87844 0 0.47786
vn -0.90186 0 0.43203
vn -0.92289 0 0.38506
vn 0.98477 -0 0.17387
vn 1 0 0.00072
vn 0.98501 0 -0.1725
vn 0.94026 0 -0.34045
vn 0.86709 0 -0.49815
vn 0.76772 0 -0.64078
vn 0.64513 0 -0.76408
vn 0.50308 0 -0.86424
vn 0.3458 0 -0.93831
vn 0.96593 0 0.25882
vn 0.99444 0 -0.10529
vn 0.99588 0.00061 -0.09072
vn 0.99763 -0.00088 0.06886
vn 0.99911 0.00073 0.04209
vn 0.97396 -0.00071 0.22671
vn 0.9787 0.00057 0.20527
vn 0.9255 -0.00056 0.37876
vn 0.93182 0.00042 0.36292
vn 0.85345 -0.00041 0.52118
vn 0.85972 0.00027 0.51076
vn 0.75964 -0.00026 0.65034
vn 0.7644 0.00013 0.64475
vn 0.65175 -0.00012 0.75843
vn 0.64652 0 0.7629
vn 0.64837 -0 0.76132
vn 0.63888 0.00065 0.76931
vn 0.73981 -0.00046 0.67281
vn 0.7644 0.00091 0.64475
vn 0.82637 -0.00071 0.56312
vn 0.85972 0.00107 0.51076
vn 0.89678 -0.00078 0.44248
vn 0.94969 -0.00064 0.3132
vn 0.93182 0.00103 0.36292
vn 0.93182 0 0.36292
vn 0.98406 -0.00031 0.17783
vn 0.9787 0.0008 0.20527
vn 0.9787 0 0.20527
vn 0.99924 0.00022 0.03895
vn 0.99911 0.00037 0.04209
vn 0.99911 0 0.04209
vn 0.99492 -0.00019 -0.10068
vn 0.97929 0 -0.20247
vn 0.02986 -0.99953 -0.00669
vn 0.05918 0.99811 -0.01639
vn 0.0291 -0.99953 -0.00964
vn 0.94395 0 -0.33009
vn 0.85972 0 0.51076
vn 0.7644 0 0.64475
vn 0.65096 -0 0.75911
vn 0.77095 0 0.63689
vn 0.86832 0 0.49601
vn 0.94021 0 0.34059
vn 0.58357 0 0.81206
vn 0.95382 0 -0.30038
vn 0.96593 0 -0.25881
vn 0.97622 0 -0.21678
vn 0.98289 0 -0.1842
vn 0.93705 0 -0.34919
vn 0.86372 0 -0.50397
vn 0.76506 0 -0.64396
vn 0.70711 0 -0.70711
vn 0.64297 0 -0.76589
vn 0.50062 0 -0.86567
vn 0.34313 0 -0.93929
vn 0.17528 0 -0.98452
vn 0.00213 0 -1
vn -0.17109 -0 -0.98526
vn -0.33912 -0 -0.94074
vn -0.49692 -0 -0.8678
vn -0.63969 -0 -0.76863
vn -0.70409 0 -0.71011
vn -0.76265 0 -0.64681
vn -0.86239 -0 -0.50625
vn -0.93648 -0 -0.35071
vn -0.9828 -0 -0.18469
vn -0.99505 0 -0.09934
vn 0.12869 0 0.99168
vn 0.07749 0 0.99699
vn 0.02609 0 0.99966
vn -0.02538 0 0.99968
vn -0.07678 0 0.99705
vn -0.12798 0 0.99178
vn 0.40604 0 -0.91385
vn 0.41936 0.00061 -0.90782
vn 0.55845 -0.00088 -0.82954
vn 0.536 0.00073 -0.84422
vn 0.68331 -0.00071 -0.73013
vn 0.66713 0.00057 -0.74495
vn 0.79077 -0.00056 -0.61211
vn 0.78022 0.00042 -0.62551
vn 0.87808 -0.00041 -0.47851
vn 0.87219 0.00027 -0.48917
vn 0.94302 -0.00026 -0.33274
vn 0.94056 0.00013 -0.33963
vn 0.9827 -0.00012 -0.18522
vn 0.98396 0 -0.17841
vn 0.98352 0 -0.18082
vn 0.98569 0.00065 -0.16859
vn 0.95257 -0.00046 -0.30433
vn 0.94056 0.00091 -0.33963
vn 0.90087 -0.00071 -0.43409
vn 0.87219 0.00107 -0.48917
vn 0.83158 -0.00078 -0.5554
vn 0.74609 -0.00064 -0.66584
vn 0.78022 0.00103 -0.62551
vn 0.78022 0 -0.62551
vn 0.64602 -0.00031 -0.76332
vn 0.66713 0.0008 -0.74495
vn 0.66713 0 -0.74495
vn 0.53334 0.00022 -0.8459
vn 0.536 0.00037 -0.84422
vn 0.536 0 -0.84422
vn 0.41028 -0.00019 -0.91196
vn 0.31428 0 -0.94933
vn 0.00917 -0.99953 -0.0293
vn 0.01531 0.99814 -0.05909
vn 0.00621 -0.99953 -0.03005
vn 0.1861 0 -0.98253
vn 0.87219 0 -0.48917
vn 0.94056 0 -0.33963
vn -0.31864 0 -0.94788
vn -0.40873 0 -0.91265
vn -0.53642 0 -0.84395
vn -0.66744 0 -0.74467
vn -0.78042 0 -0.62526
vn -0.87229 0 -0.48898
vn -0.94062 0 -0.33947
vn -0.98352 0 -0.18078
vn -0.98042 0.00043 -0.1969
vn -0.98574 0 -0.16827
vn -0.00886 -0.99957 -0.0279
vn -0.01485 0.99829 -0.0566
vn -0.00598 -0.99957 -0.02865
vn -0.18758 -0 -0.98225
vn -0.41484 0.00696 -0.90987
vn -0.53641 -0.00579 -0.84394
vn -0.53704 0.00029 -0.84356
vn -0.64884 -0.00024 -0.76093
vn -0.66744 0.00076 -0.74467
vn -0.74808 -0.00061 -0.66361
vn -0.78042 0.00102 -0.62526
vn -0.8329 -0.00076 -0.55342
vn -0.9016 -0.00071 -0.43257
vn -0.87229 0.00107 -0.48898
vn -0.95289 -0.00046 -0.30332
vn -0.94062 0.00092 -0.33947
vn -0.98402 -0.00015 -0.17803
vn -0.94341 0.00014 -0.33162
vn -0.94062 -0.00027 -0.33947
vn -0.87899 0.00026 -0.47684
vn -0.87229 -0.00039 -0.48898
vn -0.79241 0.00038 -0.60999
vn -0.78042 -0.0005 -0.62526
vn -0.68583 0.00048 -0.72776
vn -0.66744 -0.0006 -0.74467
vn -0.56195 0.00058 -0.82717
vn -0.53642 -0.0007 -0.84395
vn -0.42387 0.00067 -0.90572
vn 0.99505 0 -0.09936
vn -0.21678 -0 -0.97622
vn -0.25882 -0 -0.96593
vn -0.30037 -0 -0.95382
vn -0.96481 0 -0.26293
vn -0.98388 0 -0.17883
vn -0.99997 -0 -0.00727
vn -0.98637 0 0.16454
vn -0.94348 0 0.33144
vn -0.91141 0 0.4115
vn -0.94122 -0.00014 0.3378
vn -0.94215 0 0.3352
vn -0.94753 0.00043 0.31968
vn -0.98434 -0.00077 0.1763
vn -0.97689 0.00154 0.21374
vn -0.99992 -0.00174 0.0127
vn -0.99709 0.00261 0.07618
vn -0.99802 -0.00076 -0.06287
vn -0.98849 0.00102 -0.15129
vn -0.97967 -0.00061 -0.20063
vn -0.95035 0.00076 -0.31118
vn -0.94237 -0.00024 -0.33456
vn -0.88686 0.00029 -0.46203
vn -0.88653 0.00032 -0.46267
vn -0.81421 -0.00027 -0.58057
vn -0.81029 -0 -0.58603
vn -0.81994 0.00067 -0.57244
vn -0.88653 -0.0007 -0.46267
vn -0.90025 0.00058 -0.43538
vn -0.95035 -0.0006 -0.31118
vn -0.95782 0.00048 -0.28737
vn -0.98849 -0.0005 -0.15129
vn -0.99124 0.00038 -0.13205
vn -0.99992 -0.00039 0.0127
vn -0.99965 0.00026 0.02656
vn -0.98434 -0.00027 0.17631
vn -0.98283 0.00014 0.18453
vn -0.74988 0 -0.66157
vn -0.02165 -0.99957 -0.01976
vn -0.04109 0.99829 -0.04152
vn -0.01949 -0.99957 -0.02181
vn -0.65355 -0 -0.75688
vn -0.93781 0 0.34714
vn -0.98434 0 0.17631
vn -0.99992 0 0.0127
vn -0.98849 -0 -0.15129
vn -0.95035 -0 -0.31118
vn -0.88653 -0 -0.46267
vn 0.60729 0 0.79448
vn 0.56561 0 0.82468
vn 0.52243 0 0.85268
vn 0.47786 0 0.87844
vn 0.43203 0 0.90186
vn 0.38506 0 0.92289
vn 0.17388 0 -0.98477
vn 0.00071 0 -1
vn -0.17248 -0 -0.98501
vn -0.34046 -0 -0.94026
vn -0.49815 -0 -0.86709
vn -0.64079 -0 -0.76771
vn -0.76407 -0 -0.64513
vn -0.86423 -0 -0.50309
vn -0.93831 -0 -0.34579
vn 0.25882 0 -0.96593
vn -0.10529 -0 -0.99444
vn -0.09073 0.00061 -0.99588
vn 0.06887 -0.00088 -0.99763
vn 0.04208 0.00073 -0.99911
vn 0.22669 -0.00071 -0.97397
vn 0.20529 0.00057 -0.9787
vn 0.37877 -0.00056 -0.92549
vn 0.36292 0.00042 -0.93182
vn 0.52119 -0.00041 -0.85344
vn 0.51074 0.00027 -0.85973
vn 0.65033 -0.00026 -0.75965
vn 0.64477 0.00013 -0.76438
vn 0.75839 -0.00012 -0.6518
vn 0.7629 0 -0.64651
vn 0.76132 0 -0.64838
vn 0.76933 0.00065 -0.63886
vn 0.67278 -0.00045 -0.73984
vn 0.64477 0.00091 -0.76438
vn 0.56314 -0.00071 -0.82636
vn 0.51074 0.00107 -0.85973
vn 0.44249 -0.00077 -0.89677
vn 0.3132 -0.00064 -0.94969
vn 0.36292 0.00103 -0.93182
vn 0.36292 0 -0.93182
vn 0.17781 -0.00031 -0.98407
vn 0.20529 0.0008 -0.9787
vn 0.20529 0 -0.9787
vn 0.03894 0.00022 -0.99924
vn 0.04208 0.00037 -0.99911
vn 0.04208 0 -0.99911
vn -0.10067 -0.00019 -0.99492
vn -0.20248 0 -0.97929
vn -0.00671 -0.99953 -0.02993
vn -0.01632 0.99813 -0.05895
vn -0.00964 -0.99953 -0.02911
vn -0.33009 0 -0.94395
vn 0.51074 0 -0.85973
vn 0.64477 0 -0.76438
vn 0.75912 0 -0.65095
vn 0.6369 0 -0.77094
vn 0.496 0 -0.86832
vn 0.34058 0 -0.94021
vn 0.81206 0 -0.58357
vn 0.33193 0 -0.9433
vn 0.1661 0 -0.98611
vn -0.00459 -0 -0.99999
vn -0.17516 -0 -0.98454
vn -0.25882 0 -0.96593
vn -0.34179 0 -0.93978
vn -0.4994 -0 -0.86637
vn -0.64188 -0 -0.76681
vn -0.76498 -0 -0.64405
vn -0.86496 -0 -0.50184
vn -0.93879 -0 -0.3445
vn -0.98428 -0 -0.17663
vn -0.99999 -0 -0.00359
vn -0.9855 0 0.16967
vn -0.96702 0 0.25471
vn -0.94149 0 0.33704
vn -0.86962 0 0.49373
vn -0.77196 0 0.63567
vn -0.65139 0 0.75875
vn -0.58356 0 0.81207
vn 0.92317 0 0.38439
vn 0.90217 0 0.43138
vn 0.87878 0 0.47724
vn 0.85306 0 0.52181
vn 0.82508 0 0.56502
vn 0.79491 0 0.60672
vn -0.58842 -0 -0.80856
vn -0.57652 0.00061 -0.81709
vn -0.43919 -0.00088 -0.89839
vn -0.46311 0.00073 -0.8863
vn -0.29065 -0.00071 -0.95683
vn -0.31157 0.00057 -0.95022
vn -0.13472 -0.00056 -0.99088
vn -0.15161 0.00042 -0.98844
vn 0.02464 -0.00041 -0.9997
vn 0.01245 0.00027 -0.99992
vn 0.18338 -0.00026 -0.98304
vn 0.17618 0.00013 -0.98436
vn 0.33093 -0.00012 -0.94365
vn 0.33742 0 -0.94135
vn 0.33513 0 -0.94217
vn 0.34681 0.00065 -0.93794
vn 0.21274 -0.00046 -0.97711
vn 0.17618 0.00091 -0.98436
vn 0.0745 -0.00071 -0.99722
vn 0.01245 0.00107 -0.99992
vn -0.06519 -0.00078 -0.99787
vn -0.2036 -0.00064 -0.97905
vn -0.15161 0.00103 -0.98844
vn -0.15161 0 -0.98844
vn -0.33804 -0.00031 -0.94113
vn -0.31157 0.0008 -0.95022
vn -0.31157 0 -0.95022
vn -0.4659 0.00022 -0.88484
vn -0.46311 0.00037 -0.8863
vn -0.46311 0 -0.8863
vn -0.58464 -0.00019 -0.81129
vn -0.66497 0 -0.74687
vn -0.02075 -0.99953 -0.02255
vn -0.04356 0.99813 -0.04284
vn -0.02294 -0.99953 -0.02042
vn -0.75783 0 -0.65245
vn 0.01245 0 -0.99992
vn 0.17618 0 -0.98436
vn -0.98022 0 -0.19793
vn -0.99475 0 -0.10235
vn -0.99909 0 0.04256
vn -0.97862 0 0.20569
vn -0.9317 0 0.36322
vn -0.85961 0 0.51095
vn -0.7643 0 0.64486
vn -0.64833 0 0.76136
vn -0.66074 0.00043 0.75062
vn -0.63861 0 0.76953
vn -0.02857 -0.99957 -0.00628
vn -0.05628 0.9983 -0.0154
vn -0.02785 -0.99957 -0.00917
vn -0.94445 -0 -0.32867
vn -0.99539 0.00696 -0.09567
vn -0.99908 -0.00579 0.04256
vn -0.99906 0.00029 0.0433
vn -0.98341 -0.00024 0.18142
vn -0.97862 0.00076 0.20569
vn -0.94873 -0.00061 0.31608
vn -0.9317 0.00102 0.36322
vn -0.89573 -0.00076 0.4446
vn -0.82542 -0.00071 0.56452
vn -0.85961 0.00107 0.51095
vn -0.73915 -0.00046 0.67354
vn -0.7643 0.00092 0.64486
vn -0.64621 -0.00015 0.76316
vn -0.7589 0.00014 0.6512
vn -0.7643 -0.00027 0.64486
vn -0.85244 0.00026 0.52283
vn -0.85961 -0.00039 0.51095
vn -0.92447 0.00038 0.38124
vn -0.9317 -0.0005 0.36322
vn -0.97318 0.00048 0.23005
vn -0.97862 -0.0006 0.20569
vn -0.99733 0.00058 0.07307
vn -0.99909 -0.0007 0.04256
vn -0.99631 0.00067 -0.08578
vn 0.41148 0 -0.91142
vn -0.95382 -0 -0.30037
vn -0.96593 -0 -0.25882
vn -0.97622 -0 -0.21678
vn -0.67585 -0 -0.73704
vn -0.7071 -0 -0.70711
vn -0.73704 -0 -0.67585
vn -0.71011 0 0.70409
vn -0.64682 0 0.76264
vn -0.50627 0 0.86238
vn -0.3507 0 0.93649
vn -0.1847 0 0.9828
vn -0.09934 0 0.99505
vn -0.17806 -0.00015 0.98402
vn -0.18079 0 0.98352
vn -0.19692 0.00043 0.98042
vn -0.33946 -0.00077 0.94062
vn -0.30335 0.00154 0.95288
vn -0.48897 -0.00174 0.8723
vn -0.43256 0.00261 0.9016
vn -0.55343 -0.00076 0.8329
vn -0.62528 0.00102 0.7804
vn -0.6636 -0.00061 0.74809
vn -0.74467 0.00076 0.66744
vn -0.76094 -0.00024 0.64882
vn -0.84356 0.00029 0.53704
vn -0.84395 0.00032 0.53642
vn -0.90989 -0.00027 0.41486
vn -0.91265 0 0.40874
vn -0.90572 0.00067 0.42387
vn -0.84395 -0.0007 0.53642
vn -0.82717 0.00058 0.56195
vn -0.74467 -0.0006 0.66744
vn -0.72777 0.00048 0.68582
vn -0.62528 -0.0005 0.7804
vn -0.60998 0.00038 0.79242
vn -0.48897 -0.00039 0.8723
vn -0.47684 0.00026 0.87899
vn -0.33946 -0.00027 0.94062
vn -0.33161 0.00014 0.94342
vn -0.94789 0 0.31859
vn -0.02794 -0.99957 0.00887
vn -0.05661 0.99829 0.01485
vn -0.02865 -0.99957 0.00598
vn -0.98225 0 0.18759
vn -0.16827 0 0.98574
vn -0.33946 0 0.94062
vn -0.48897 0 0.8723
vn -0.62528 0 0.7804
vn -0.74467 0 0.66744
vn -0.84395 0 0.53642
vn 0.99169 0 -0.12869
vn 0.99699 0 -0.07749
vn 0.99966 0 -0.0261
vn 0.99968 0 0.02538
vn 0.99705 0 0.07678
vn 0.99178 0 0.12798
vn -0.76589 0 -0.64297
vn -0.86567 -0 -0.50062
vn -0.93928 -0 -0.34314
vn -0.98452 -0 -0.17526
vn -1 -0 -0.00215
vn -0.98525 0 0.1711
vn -0.94074 0 0.33912
vn -0.86781 0 0.4969
vn -0.76864 0 0.63968
vn -0.70711 0 -0.7071
vn -0.91386 -0 -0.40602
vn -0.90782 0.00061 -0.41935
vn -0.82955 -0.00088 -0.55844
vn -0.84422 0.00073 -0.536
vn -0.73012 -0.00071 -0.68331
vn -0.74493 0.00057 -0.66714
vn -0.61212 -0.00056 -0.79076
vn -0.62553 0.00042 -0.7802
vn -0.47851 -0.00041 -0.87808
vn -0.48918 0.00027 -0.87219
vn -0.33272 -0.00026 -0.94303
vn -0.33961 0.00013 -0.94057
vn -0.18523 -0.00012 -0.9827
vn -0.17845 -0 -0.98395
vn -0.18084 0 -0.98351
vn -0.16861 0.00065 -0.98568
vn -0.30431 -0.00046 -0.95257
vn -0.33961 0.00091 -0.94056
vn -0.4341 -0.00071 -0.90087
vn -0.48918 0.00107 -0.87218
vn -0.55539 -0.00077 -0.83159
vn -0.66585 -0.00064 -0.74608
vn -0.62553 0.00103 -0.7802
vn -0.62553 0 -0.7802
vn -0.76331 -0.00031 -0.64603
vn -0.74493 0.0008 -0.66714
vn -0.74493 0 -0.66714
vn -0.84591 0.00022 -0.53332
vn -0.84422 0.00037 -0.536
vn -0.84422 0 -0.536
vn -0.91196 -0.00019 -0.41027
vn -0.94931 0 -0.31433
vn -0.02922 -0.99953 -0.00914
vn -0.05938 0.99812 -0.01538
vn -0.03003 -0.99953 -0.0062
vn -0.98253 0 -0.18613
vn -0.48918 -0 -0.87219
vn -0.33961 -0 -0.94057
vn -0.18419 0 -0.98289
vn -0.3492 -0 -0.93705
vn -0.50399 -0 -0.86371
vn -0.64393 -0 -0.76508
vn -0.09935 0 -0.99505
vn -0.65098 0 -0.75909
vn -0.77093 -0 -0.63692
vn -0.86832 -0 -0.49601
vn -0.94021 -0 -0.34059
vn -0.96593 0 -0.25882
vn -0.98476 0 -0.1739
vn -1 -0 -0.00065
vn -0.98502 0 0.17247
vn -0.94027 0 0.34042
vn -0.86708 0 0.49817
vn -0.7677 0 0.6408
vn -0.64517 0 0.76404
vn -0.50306 0 0.86425
vn -0.34581 0 0.9383
vn -0.26293 0 0.96481
vn -0.17882 0 0.98388
vn -0.00725 0 0.99997
vn 0.16454 0 0.98637
vn 0.33144 0 0.94348
vn 0.4115 0 0.91141
vn 0.79448 0 -0.60729
vn 0.82467 0 -0.56561
vn 0.85268 0 -0.52243
vn 0.87844 0 -0.47786
vn 0.90186 0 -0.43203
vn 0.92289 0 -0.38506
vn -0.99444 0 0.10529
vn -0.99588 0.00061 0.09072
vn -0.99763 -0.00088 -0.06886
vn -0.99911 0.00073 -0.04209
vn -0.97396 -0.00071 -0.22671
vn -0.9787 0.00057 -0.20527
vn -0.9255 -0.00056 -0.37876
vn -0.93182 0.00042 -0.36293
vn -0.85345 -0.00041 -0.52118
vn -0.85973 0.00027 -0.51075
vn -0.75964 -0.00026 -0.65034
vn -0.7644 0.00013 -0.64475
vn -0.65175 -0.00012 -0.75844
vn -0.64652 -0 -0.7629
vn -0.64837 0 -0.76133
vn -0.63888 0.00065 -0.76931
vn -0.73981 -0.00046 -0.67281
vn -0.7644 0.00091 -0.64475
vn -0.82638 -0.00071 -0.56312
vn -0.85973 0.00107 -0.51075
vn -0.89678 -0.00078 -0.44248
vn -0.94969 -0.00064 -0.3132
vn -0.93182 0.00103 -0.36293
vn -0.93182 0 -0.36293
vn -0.98406 -0.00031 -0.17783
vn -0.9787 0.0008 -0.20527
vn -0.9787 0 -0.20527
vn -0.99924 0.00022 -0.03895
vn -0.99911 0.00037 -0.04209
vn -0.99911 0 -0.04209
vn -0.99492 -0.00019 0.10068
vn -0.97929 0 0.20247
vn -0.02986 -0.99953 0.00669
vn -0.05916 0.99811 0.01639
vn -0.02911 -0.99953 0.00964
vn -0.94395 0 0.33009
vn -0.85973 -0 -0.51075
vn -0.7644 -0 -0.64475
vn -0.66158 0 0.74988
vn -0.58602 0 0.8103
vn -0.46267 0 0.88653
vn -0.31118 0 0.95035
vn -0.1513 0 0.98849
vn 0.01269 -0 0.99992
vn 0.17633 -0 0.98433
vn 0.33519 -0 0.94215
vn 0.31966 0.00043 0.94753
vn 0.34715 -0 0.93781
vn -0.01976 -0.99957 0.02164
vn -0.04151 0.99829 0.04108
vn -0.02183 -0.99957 0.01951
vn -0.75688 0 0.65355
vn -0.58055 0.00696 0.8142
vn -0.46266 -0.00579 0.88652
vn -0.46202 0.00029 0.88687
vn -0.33458 -0.00024 0.94237
vn -0.31118 0.00076 0.95035
vn -0.20064 -0.00061 0.97966
vn -0.1513 0.00102 0.98849
vn -0.06284 -0.00076 0.99802
vn 0.07618 -0.00072 0.99709
vn 0.01269 0.00107 0.99992
vn 0.21373 -0.00046 0.97689
vn 0.17633 0.00092 0.98433
vn 0.33781 -0.00015 0.94122
vn 0.18451 0.00014 0.98283
vn 0.17633 -0.00027 0.98433
vn 0.02656 0.00026 0.99965
vn 0.01269 -0.00039 0.99992
vn -0.13206 0.00038 0.99124
vn -0.1513 -0.0005 0.98849
vn -0.28735 0.00048 0.95783
vn -0.31118 -0.0006 0.95035
vn -0.43538 0.00058 0.90024
vn -0.46267 -0.0007 0.88653
vn -0.57244 0.00067 0.81994
vn -0.58357 0 -0.81206
vn -0.73704 0 0.67585
vn -0.70711 0 0.7071
vn -0.67585 0 0.73704
vn -0.97622 0 0.21678
vn -0.96593 0 0.25881
vn -0.95382 0 0.30038
vn 0.2547 0 0.96702
vn 0.33707 -0 0.94148
vn 0.49371 0 0.86963
vn 0.63567 0 0.77196
vn 0.75877 0 0.65136
vn 0.81207 0 0.58356
vn 0.76315 -0.00014 0.64622
vn 0.76136 0 0.64833
vn 0.75062 0.00043 0.66074
vn 0.64487 -0.00077 0.76429
vn 0.67353 0.00154 0.73915
vn 0.51093 -0.00174 0.85962
vn 0.56453 0.00261 0.82541
vn 0.44459 -0.00076 0.89573
vn 0.36322 0.00102 0.9317
vn 0.31606 -0.00061 0.94874
vn 0.20568 0.00076 0.97862
vn 0.18144 -0.00024 0.9834
vn 0.0433 0.00029 0.99906
vn 0.04258 0.00032 0.99909
vn -0.09567 -0.00027 0.99541
vn -0.10236 0 0.99475
vn -0.08578 0.00067 0.99631
vn 0.04258 -0.0007 0.99909
vn 0.07306 0.00058 0.99733
vn 0.20568 -0.0006 0.97862
vn 0.23006 0.00048 0.97318
vn 0.36322 -0.0005 0.9317
vn 0.38126 0.00038 0.92447
vn 0.51093 -0.00039 0.85962
vn 0.52281 0.00026 0.85245
vn 0.64487 -0.00027 0.76429
vn 0.65122 0.00014 0.75889
vn -0.19799 0 0.9802
vn -0.00629 -0.99957 0.02862
vn -0.01541 0.99829 0.05633
vn -0.00915 -0.99957 0.02781
vn -0.3287 0 0.94444
vn 0.76954 0 0.6386
vn 0.64487 0 0.76429
vn 0.51093 0 0.85962
vn 0.36322 0 0.9317
vn 0.20568 0 0.97862
vn 0.04258 0 0.99909
vn 0.38439 0 -0.92317
vn 0.43139 0 -0.90217
vn 0.47723 0 -0.87878
vn 0.52182 0 -0.85306
vn 0.56502 0 -0.82508
vn 0.60672 0 -0.79491
vn -0.93977 0 0.34181
vn -0.86637 0 0.4994
vn -0.76682 0 0.64187
vn -0.64405 0 0.76498
vn -0.50185 0 0.86496
vn -0.34446 0 0.9388
vn -0.17668 0 0.98427
vn -0.00355 0 0.99999
vn 0.16968 0 0.9855
vn -0.96593 0 0.25881
vn -0.80858 0 0.58839
vn -0.81709 0.00061 0.57651
vn -0.8984 -0.00088 0.43918
vn -0.8863 0.00073 0.46311
vn -0.95682 -0.00071 0.29067
vn -0.95022 0.00057 0.31159
vn -0.99088 -0.00056 0.13472
vn -0.98844 0.00042 0.15162
vn -0.9997 -0.00041 -0.02464
vn -0.99992 0.00027 -0.01245
vn -0.98304 -0.00026 -0.18337
vn -0.98435 0.00013 -0.17621
vn -0.94368 -0.00012 -0.33086
vn -0.94134 -0 -0.33746
vn -0.94217 0 -0.33513
vn -0.93793 0.00065 -0.34682
vn -0.9771 -0.00045 -0.21276
vn -0.98435 0.00091 -0.17621
vn -0.99722 -0.00071 -0.0745
vn -0.99992 0.00107 -0.01245
vn -0.99787 -0.00077 0.06518
vn -0.97905 -0.00064 0.20361
vn -0.98844 0.00103 0.15162
vn -0.98844 0 0.15162
vn -0.94112 -0.00031 0.33806
vn -0.95022 0.0008 0.31159
vn -0.95022 0 0.31159
vn -0.88484 0.00022 0.46589
vn -0.8863 0.00037 0.46311
vn -0.8863 0 0.46311
vn -0.81129 -0.00019 0.58464
vn -0.74685 0 0.66499
vn -0.02257 -0.99953 0.02078
vn -0.0428 0.99814 0.04352
vn -0.02042 -0.99953 0.02294
vn -0.65246 0 0.75783
vn -0.99992 -0 -0.01245
vn -0.98435 -0 -0.17621
vn -0.9433 0 -0.33193
vn -0.98611 -0 -0.16611
vn -0.99999 0 0.00459
vn -0.98454 0 0.17517
vn -0.91142 0 -0.41148
vn -0.98289 0 0.1842
vn -0.93705 0 0.34919
vn -0.86372 0 0.50397
vn -0.76506 0 0.64396
vn -0.70711 0 0.70711
vn -0.64298 0 0.76589
vn -0.50062 0 0.86567
vn -0.34313 0 0.93929
vn -0.17528 0 0.98452
vn -0.00213 0 1
vn 0.17108 0 0.98526
vn 0.33913 0 0.94074
vn 0.49692 0 0.86779
vn 0.63969 0 0.76863
vn 0.70409 0 0.71011
vn 0.76265 -0 0.64681
vn 0.86239 0 0.50625
vn 0.93648 0 0.35071
vn 0.9828 0 0.18469
vn 0.99505 0 0.09934
vn -0.12869 0 -0.99169
vn -0.07749 0 -0.99699
vn -0.02609 0 -0.99966
vn 0.02538 0 -0.99968
vn 0.07678 0 -0.99705
vn 0.12798 0 -0.99178
vn -0.40604 0 0.91385
vn -0.41936 0.00061 0.90782
vn -0.55845 -0.00088 0.82954
vn -0.53601 0.00073 0.84421
vn -0.68331 -0.00071 0.73013
vn -0.66712 0.00057 0.74495
vn -0.79077 -0.00056 0.61211
vn -0.78022 0.00042 0.62551
vn -0.87808 -0.00041 0.47851
vn -0.87219 0.00027 0.48917
vn -0.94302 -0.00026 0.33274
vn -0.94056 0.00013 0.33963
vn -0.9827 -0.00012 0.18522
vn -0.98396 0 0.17841
vn -0.98352 0 0.18082
vn -0.98569 0.00065 0.16859
vn -0.95257 -0.00046 0.30433
vn -0.94056 0.00091 0.33963
vn -0.90087 -0.00071 0.43408
vn -0.87219 0.00107 0.48917
vn -0.83158 -0.00077 0.5554
vn -0.74609 -0.00064 0.66585
vn -0.78022 0.00103 0.62551
vn -0.78022 0 0.62551
vn -0.64603 -0.00031 0.76332
vn -0.66712 0.0008 0.74495
vn -0.66712 0 0.74495
vn -0.53334 0.00022 0.8459
vn -0.53601 0.00037 0.84421
vn -0.53601 0 0.84421
vn -0.41028 -0.00019 0.91196
vn -0.31429 0 0.94933
vn -0.00916 -0.99953 0.02928
vn -0.01533 0.99813 0.0592
vn -0.00621 -0.99953 0.03003
vn -0.18611 0 0.98253
vn -0.87219 0 0.48917
vn -0.94056 0 0.33963
vn 0.31865 0 0.94787
vn 0.40873 -0 0.91266
vn 0.53643 -0 0.84395
vn 0.66743 -0 0.74467
vn 0.78042 -0 0.62526
vn 0.87229 -0 0.48898
vn 0.94062 -0 0.33947
vn 0.98352 -0 0.18077
vn 0.98042 0.00043 0.1969
vn 0.98574 -0 0.16827
vn 0.00886 -0.99957 0.0279
vn 0.01483 0.99829 0.05655
vn 0.00598 -0.99957 0.02867
vn 0.18758 0 0.98225
vn 0.41484 0.00696 0.90987
vn 0.53642 -0.00579 0.84393
vn 0.53703 0.00029 0.84356
vn 0.64884 -0.00024 0.76092
vn 0.66743 0.00076 0.74467
vn 0.74808 -0.00061 0.66361
vn 0.78042 0.00102 0.62526
vn 0.8329 -0.00076 0.55343
vn 0.9016 -0.00071 0.43257
vn 0.87229 0.00107 0.48898
vn 0.95289 -0.00046 0.30333
vn 0.94062 0.00092 0.33947
vn 0.98402 -0.00015 0.17803
vn 0.94341 0.00014 0.33162
vn 0.94062 -0.00027 0.33947
vn 0.87899 0.00026 0.47684
vn 0.87229 -0.00039 0.48898
vn 0.79241 0.00038 0.60999
vn 0.78042 -0.0005 0.62526
vn 0.68582 0.00048 0.72777
vn 0.66743 -0.0006 0.74467
vn 0.56195 0.00058 0.82717
vn 0.53643 -0.0007 0.84395
vn 0.42387 0.00067 0.90572
vn -0.99505 0 0.09936
vn 0.21678 0 0.97622
vn 0.25882 0 0.96593
vn 0.30037 0 0.95382
vn -0.30037 0 0.95382
vn -0.25882 0 0.96593
vn -0.21678 0 0.97622
vn -0.33193 0 0.94331
vn -0.1661 0 0.98611
vn 0.00459 0 0.99999
vn 0.17516 0 0.98454
vn 0.25882 0 0.96593
vn 0.34179 -0 0.93977
vn 0.49938 0 0.86638
vn 0.64188 0 0.76681
vn 0.76498 0 0.64405
vn 0.86496 0 0.50184
vn 0.9388 0 0.34447
vn 0.98427 0 0.1767
vn 0.99999 0 0.00355
vn 0.9855 0 -0.16967
vn 0.96702 0 -0.2547
vn 0.94148 0 -0.33708
vn 0.86963 0 -0.4937
vn 0.77196 0 -0.63567
vn 0.65135 0 -0.75878
vn 0.58356 0 -0.81207
vn -0.92317 0 -0.38439
vn -0.90217 0 -0.43138
vn -0.87878 0 -0.47724
vn -0.85306 0 -0.52181
vn -0.82508 0 -0.56502
vn -0.79491 0 -0.60672
vn 0.58842 0 0.80856
vn 0.57652 0.00061 0.81709
vn 0.43918 -0.00088 0.8984
vn 0.46311 0.00073 0.8863
vn 0.29065 -0.00071 0.95683
vn 0.31157 0.00057 0.95022
vn 0.13472 -0.00056 0.99088
vn 0.15161 0.00042 0.98844
vn -0.02464 -0.00041 0.9997
vn -0.01245 0.00027 0.99992
vn -0.18338 -0.00026 0.98304
vn -0.17618 0.00013 0.98436
vn -0.33094 -0.00012 0.94365
vn -0.33743 0 0.94135
vn -0.33514 0 0.94217
vn -0.34681 0.00065 0.93793
vn -0.21274 -0.00046 0.97711
vn -0.17618 0.00091 0.98436
vn -0.0745 -0.00071 0.99722
vn -0.01245 0.00107 0.99992
vn 0.06519 -0.00078 0.99787
vn 0.2036 -0.00064 0.97905
vn 0.15161 0.00103 0.98844
vn 0.15161 0 0.98844
vn 0.33804 -0.00031 0.94113
vn 0.31157 0.0008 0.95022
vn 0.31157 0 0.95022
vn 0.4659 0.00022 0.88484
vn 0.46311 0.00037 0.8863
vn 0.46311 0 0.8863
vn 0.58464 -0.00019 0.81129
vn 0.66497 -0 0.74687
vn 0.02076 -0.99953 0.02255
vn 0.04357 0.99813 0.04285
vn 0.02293 -0.99953 0.02042
vn 0.75783 0 0.65245
vn -0.01245 0 0.99992
vn -0.17618 0 0.98436
vn 0.98022 0 0.19793
vn 0.99475 -0 0.10235
vn 0.99909 0 -0.04256
vn 0.97862 0 -0.20569
vn 0.9317 0 -0.36322
vn 0.85961 0 -0.51096
vn 0.76431 0 -0.64485
vn 0.64833 0 -0.76136
vn 0.66073 0.00043 -0.75062
vn 0.63861 0 -0.76953
vn 0.02857 -0.99957 0.00628
vn 0.0563 0.9983 0.01541
vn 0.02784 -0.99957 0.00916
vn 0.94444 0 0.32867
vn 0.99539 0.00696 0.09567
vn 0.99908 -0.00579 -0.04256
vn 0.99906 0.00029 -0.0433
vn 0.98341 -0.00024 -0.18142
vn 0.97862 0.00076 -0.20569
vn 0.94873 -0.00061 -0.31607
vn 0.9317 0.00102 -0.36322
vn 0.89573 -0.00076 -0.4446
vn 0.82542 -0.00071 -0.56452
vn 0.85961 0.00107 -0.51096
vn 0.73914 -0.00046 -0.67355
vn 0.76431 0.00092 -0.64485
vn 0.64621 -0.00015 -0.76316
vn 0.7589 0.00014 -0.6512
vn 0.76431 -0.00027 -0.64485
vn 0.85244 0.00026 -0.52283
vn 0.85961 -0.00039 -0.51096
vn 0.92447 0.00038 -0.38124
vn 0.9317 -0.0005 -0.36322
vn 0.97318 0.00048 -0.23005
vn 0.97862 -0.0006 -0.20569
vn 0.99733 0.00058 -0.07307
vn 0.99909 -0.0007 -0.04256
vn 0.99631 0.00067 0.08578
vn -0.41148 0 0.91142
vn 0.95382 0 0.30037
vn 0.96593 0 0.25882
vn 0.97622 0 0.21678
vn 0.73704 -0 0.67585
vn 0.7071 -0 0.70711
vn 0.67585 -0 0.73704
vn 0.96481 0 0.26293
vn 0.98388 -0 0.17883
vn 0.99997 0 0.00727
vn 0.98637 0 -0.16454
vn 0.94348 0 -0.33143
vn 0.91141 0 -0.4115
vn 0.94122 -0.00014 -0.3378
vn 0.94215 0 -0.3352
vn 0.94752 0.00043 -0.31968
vn 0.98434 -0.00077 -0.1763
vn 0.97689 0.00154 -0.21374
vn 0.99992 -0.00174 -0.0127
vn 0.99709 0.00261 -0.07618
vn 0.99802 -0.00076 0.06287
vn 0.98849 0.00102 0.15129
vn 0.97967 -0.00061 0.20063
vn 0.95035 0.00076 0.31118
vn 0.94237 -0.00024 0.33456
vn 0.88686 0.00029 0.46203
vn 0.88653 0.00032 0.46267
vn 0.81421 -0.00027 0.58058
vn 0.81029 0 0.58603
vn 0.81994 0.00067 0.57245
vn 0.88653 -0.0007 0.46267
vn 0.90024 0.00058 0.43538
vn 0.95035 -0.0006 0.31118
vn 0.95782 0.00048 0.28737
vn 0.98849 -0.0005 0.15129
vn 0.99124 0.00038 0.13205
vn 0.99992 -0.00039 -0.0127
vn 0.99965 0.00026 -0.02656
vn 0.98434 -0.00027 -0.1763
vn 0.98283 0.00014 -0.18453
vn 0.74989 -0 0.66156
vn 0.02164 -0.99957 0.01975
vn 0.04114 0.99829 0.04158
vn 0.01949 -0.99957 0.02181
vn 0.65356 0 0.75688
vn 0.93781 0 -0.34715
vn 0.98434 0 -0.1763
vn 0.99992 0 -0.0127
vn 0.98849 0 0.15129
vn 0.95035 0 0.31118
vn 0.88653 0 0.46267
vn -0.60729 0 -0.79448
vn -0.56561 0 -0.82467
vn -0.52243 0 -0.85268
vn -0.47786 0 -0.87844
vn -0.43203 0 -0.90186
vn -0.38505 0 -0.92289
vn -0.17388 0 0.98477
vn -0.00071 0 1
vn 0.17248 0 0.98501
vn 0.34046 0 0.94026
vn 0.49815 0 0.86709
vn 0.64079 0 0.76771
vn 0.76407 0 0.64513
vn 0.86424 0 0.50309
vn 0.93831 0 0.34579
vn -0.25882 0 0.96593
vn 0.10529 0 0.99444
vn 0.09074 0.00061 0.99587
vn -0.06886 -0.00088 0.99763
vn -0.04209 0.00073 0.99911
vn -0.22669 -0.00071 0.97397
vn -0.20529 0.00057 0.9787
vn -0.37877 -0.00056 0.92549
vn -0.36291 0.00042 0.93182
vn -0.52119 -0.00041 0.85344
vn -0.51074 0.00027 0.85973
vn -0.65033 -0.00026 0.75966
vn -0.64477 0.00013 0.76438
vn -0.75839 -0.00012 0.6518
vn -0.7629 0 0.64651
vn -0.76131 0 0.64838
vn -0.76932 0.00065 0.63886
vn -0.67278 -0.00045 0.73984
vn -0.64477 0.00091 0.76438
vn -0.56314 -0.00071 0.82636
vn -0.51074 0.00107 0.85973
vn -0.44249 -0.00077 0.89677
vn -0.3132 -0.00064 0.94969
vn -0.36291 0.00103 0.93182
vn -0.36291 0 0.93182
vn -0.17781 -0.00031 0.98406
vn -0.20529 0.0008 0.9787
vn -0.20529 0 0.9787
vn -0.03895 0.00022 0.99924
vn -0.04209 0.00037 0.99911
vn -0.04209 0 0.99911
vn 0.10067 -0.00019 0.99492
vn 0.20248 -0 0.97929
vn 0.00671 -0.99953 0.02994
vn 0.01632 0.99813 0.05893
vn 0.00964 -0.99953 0.02911
vn 0.33009 0 0.94395
vn -0.51074 0 0.85973
vn -0.64477 0 0.76438
vn -0.75912 0 0.65095
vn -0.6369 0 0.77094
vn -0.49601 0 0.86832
vn -0.34058 0 0.94022
vn -0.81206 0 0.58357
vn 0.7071 0 0.70711
vn 0.76589 -0 0.64297
vn 0.86567 0 0.50062
vn 0.9393 0 0.34311
vn 0.98452 0 0.1753
vn 1 0 0.00212
vn 0.98526 0 -0.17107
vn 0.94074 0 -0.33912
vn 0.86779 0 -0.49692
vn 0.76862 0 -0.6397
vn 0.71011 0 -0.70409
vn 0.6468 0 -0.76266
vn 0.50628 0 -0.86237
vn 0.35069 0 -0.93649
vn 0.18471 0 -0.98279
vn 0.09934 0 -0.99505
vn 0.17806 -0.00015 -0.98402
vn 0.18079 0 -0.98352
vn 0.19693 0.00043 -0.98042
vn 0.33946 -0.00077 -0.94062
vn 0.30335 0.00154 -0.95288
vn 0.48897 -0.00174 -0.8723
vn 0.43256 0.00261 -0.9016
vn 0.55343 -0.00076 -0.8329
vn 0.62527 0.00102 -0.78041
vn 0.6636 -0.00061 -0.74809
vn 0.74467 0.00076 -0.66744
vn 0.76094 -0.00024 -0.64882
vn 0.84356 0.00029 -0.53704
vn 0.84395 0.00032 -0.53642
vn 0.90989 -0.00027 -0.41485
vn 0.91265 0 -0.40874
vn 0.90572 0.00067 -0.42387
vn 0.84395 -0.0007 -0.53642
vn 0.82717 0.00058 -0.56195
vn 0.74467 -0.0006 -0.66744
vn 0.72777 0.00048 -0.68582
vn 0.62527 -0.0005 -0.78041
vn 0.60998 0.00038 -0.79242
vn 0.48897 -0.00039 -0.8723
vn 0.47682 0.00026 -0.879
vn 0.33946 -0.00027 -0.94062
vn 0.33162 0.00014 -0.94341
vn 0.94789 0 -0.31859
vn 0.02794 -0.99957 -0.00887
vn 0.05659 0.99829 -0.01484
vn 0.02866 -0.99957 -0.00598
vn 0.98225 0 -0.18759
vn 0.16826 0 -0.98574
vn 0.33946 0 -0.94062
vn 0.48897 0 -0.8723
vn 0.62527 0 -0.78041
vn 0.74467 0 -0.66744
vn 0.84395 0 -0.53642
vn -0.99169 0 0.12869
vn -0.99699 0 0.07749
vn -0.99966 0 0.0261
vn -0.99968 0 -0.02538
vn -0.99705 0 -0.07678
vn -0.99178 0 -0.12798
vn 0.91386 0 0.40602
vn 0.90782 0.00061 0.41935
vn 0.82955 -0.00088 0.55844
vn 0.84422 0.00073 0.536
vn 0.73013 -0.00071 0.68331
vn 0.74493 0.00057 0.66714
vn 0.61212 -0.00056 0.79077
vn 0.62553 0.00042 0.7802
vn 0.47852 -0.00041 0.87808
vn 0.48918 0.00027 0.87219
vn 0.33271 -0.00026 0.94303
vn 0.3396 0.00013 0.94057
vn 0.18524 -0.00012 0.98269
vn 0.17844 0 0.98395
vn 0.18084 -0 0.98351
vn 0.1686 0.00065 0.98568
vn 0.30433 -0.00045 0.95257
vn 0.3396 0.00091 0.94057
vn 0.43408 -0.00071 0.90088
vn 0.48918 0.00107 0.87218
vn 0.55539 -0.00077 0.83159
vn 0.66585 -0.00064 0.74608
vn 0.62553 0.00103 0.7802
vn 0.62553 0 0.7802
vn 0.76331 -0.00031 0.64603
vn 0.74493 0.0008 0.66714
vn 0.74493 0 0.66714
vn 0.84591 0.00022 0.53332
vn 0.84422 0.00037 0.536
vn 0.84422 0 0.536
vn 0.91196 -0.00019 0.41027
vn 0.94931 -0 0.31433
vn 0.02921 -0.99953 0.00914
vn 0.05938 0.99812 0.01538
vn 0.03003 -0.99953 0.00621
vn 0.98253 0 0.18613
vn 0.48918 0 0.87219
vn 0.3396 0 0.94057
vn 0.18419 -0 0.98289
vn 0.34922 0 0.93704
vn 0.50396 0 0.86373
vn 0.64397 0 0.76505
vn 0.09935 0 0.99505
vn -1 0 0
vn 0.13786 0 0.99045
vn 0.19105 0 0.98158
vn 0.24367 0 0.96986
vn 0.29559 0 0.95531
vn 0.34665 0 0.93799
vn 0.39671 0 0.91795
vn 0.44561 0 0.89523
vn 0.49321 0 0.86991
vn 0.53938 0 0.84206
vn 0.58398 0 0.81177
vn 0.62689 0 0.77911
vn 0.66797 0 0.74419
vn 0.70711 0 0.70711
vn 0.74419 0 0.66797
vn 0.77911 0 0.62688
vn 0.81177 0 0.58398
vn 0.84206 0 0.53938
vn 0.86991 0 0.49321
vn 0.89523 0 0.44561
vn 0.91795 0 0.3967
vn 0.93799 0 0.34665
vn 0.95531 0 0.2956
vn 0.96986 0 0.24367
vn 0.98158 0 0.19104
vn 0.99045 0 0.13786
vn 0.13786 0 -0.99045
vn 0.19105 0 -0.98158
vn 0.24367 0 -0.96986
vn 0.29559 0 -0.95531
vn 0.34665 0 -0.93799
vn 0.39671 0 -0.91795
vn 0.44561 0 -0.89523
vn 0.49321 0 -0.86991
vn 0.53938 0 -0.84206
vn 0.58398 0 -0.81177
vn 0.62689 0 -0.77911
vn 0.66797 0 -0.74419
vn 0.70711 0 -0.70711
vn 0.74419 0 -0.66797
vn 0.77911 0 -0.62688
vn 0.81177 0 -0.58398
vn 0.84206 0 -0.53938
vn 0.86991 0 -0.49321
vn 0.89523 0 -0.44561
vn 0.91795 0 -0.3967
vn 0.93799 0 -0.34665
vn 0.95531 0 -0.2956
vn 0.96986 0 -0.24367
vn 0.98158 0 -0.19104
vn 0.99045 0 -0.13786
vn 0.06529 0 -0.99787
vn 0.10117 0 -0.99487
vn 0.13691 0 -0.99058
vn 0.17248 0 -0.98501
vn 0.20782 0 -0.97817
vn 0.2429 0 -0.97005
vn 0.27766 0 -0.96068
vn 0.31206 0 -0.95006
vn 0.34605 0 -0.93822
vn 0.3796 0 -0.92515
vn 0.41266 0 -0.91089
vn 0.44518 0 -0.89544
vn 0.47712 0 -0.87884
vn 0.50844 0 -0.8611
vn 0.53911 0 -0.84224
vn 0.56908 0 -0.82228
vn 0.59831 0 -0.80127
vn 0.62676 0 -0.77921
vn 0.6544 0 -0.75615
vn 0.6812 0 -0.7321
vn 0.7071 0 -0.70711
vn 0.7321 0 -0.6812
vn 0.75615 0 -0.6544
vn 0.77921 0 -0.62676
vn 0.80127 0 -0.5983
vn 0.82228 0 -0.56908
vn 0.84223 0 -0.53911
vn 0.8611 0 -0.50844
vn 0.87884 0 -0.47712
vn 0.89544 0 -0.44518
vn 0.91089 0 -0.41265
vn 0.92515 0 -0.3796
vn 0.93822 0 -0.34605
vn 0.95006 0 -0.31207
vn 0.96068 0 -0.27765
vn 0.97005 0 -0.2429
vn 0.97817 0 -0.20783
vn 0.98501 0 -0.17248
vn 0.99058 0 -0.13691
vn 0.99487 0 -0.10116
vn 0.99787 0 -0.0653
vn -0.06529 0 -0.99787
vn -0.10117 0 -0.99487
vn -0.13691 0 -0.99058
vn -0.17248 0 -0.98501
vn -0.20782 0 -0.97817
vn -0.2429 0 -0.97005
vn -0.27766 0 -0.96068
vn -0.31206 0 -0.95006
vn -0.34605 0 -0.93821
vn -0.3796 0 -0.92515
vn -0.41266 0 -0.91089
vn -0.44518 0 -0.89544
vn -0.47712 0 -0.87884
vn -0.50844 0 -0.8611
vn -0.53911 0 -0.84223
vn -0.56908 0 -0.82228
vn -0.59831 0 -0.80127
vn -0.62676 0 -0.77921
vn -0.6544 0 -0.75615
vn -0.6812 0 -0.7321
vn -0.70711 0 -0.70711
vn -0.7321 0 -0.6812
vn -0.75615 0 -0.6544
vn -0.77921 0 -0.62676
vn -0.80127 0 -0.59831
vn -0.82228 0 -0.56908
vn -0.84224 0 -0.53911
vn -0.8611 0 -0.50844
vn -0.87884 0 -0.47712
vn -0.89544 0 -0.44518
vn -0.91089 0 -0.41266
vn -0.92515 0 -0.3796
vn -0.93821 0 -0.34606
vn -0.95006 0 -0.31206
vn -0.96068 0 -0.27766
vn -0.97005 0 -0.2429
vn -0.97817 0 -0.20782
vn -0.98501 0 -0.17248
vn -0.99058 0 -0.13691
vn -0.99487 0 -0.10117
vn -0.99787 0 -0.06529
vn -0.06529 0 0.99787
vn -0.10117 0 0.99487
vn -0.13691 0 0.99058
vn -0.17248 0 0.98501
vn -0.20782 0 0.97817
vn -0.2429 0 0.97005
vn -0.27766 0 0.96068
vn -0.31206 0 0.95006
vn -0.34605 0 0.93821
vn -0.3796 0 0.92515
vn -0.41266 0 0.91089
vn -0.44518 0 0.89544
vn -0.47712 0 0.87884
vn -0.50844 0 0.8611
vn -0.53911 0 0.84223
vn -0.56908 0 0.82228
vn -0.59831 0 0.80127
vn -0.62676 0 0.77921
vn -0.6544 0 0.75615
vn -0.6812 0 0.7321
vn -0.70711 0 0.70711
vn -0.7321 0 0.6812
vn -0.75615 0 0.6544
vn -0.77921 0 0.62676
vn -0.80127 0 0.59831
vn -0.82228 0 0.56908
vn -0.84224 0 0.53911
vn -0.8611 0 0.50844
vn -0.87884 0 0.47712
vn -0.89544 0 0.44518
vn -0.91089 0 0.41266
vn -0.92515 0 0.3796
vn -0.93821 0 0.34606
vn -0.95006 0 0.31206
vn -0.96068 0 0.27766
vn -0.97005 0 0.2429
vn -0.97817 0 0.20782
vn -0.98501 0 0.17248
vn -0.99058 0 0.13691
vn -0.99487 0 0.10117
vn -0.99787 0 0.06529
vn 0.06529 -0 0.99787
vn 0.10117 -0 0.99487
vn 0.13691 -0 0.99058
vn 0.17248 -0 0.98501
vn 0.20782 -0 0.97817
vn 0.2429 -0 0.97005
vn 0.27766 -0 0.96068
vn 0.31206 -0 0.95006
vn 0.34605 -0 0.93822
vn 0.3796 -0 0.92515
vn 0.41266 -0 0.91089
vn 0.44518 -0 0.89544
vn 0.47712 -0 0.87884
vn 0.50844 -0 0.8611
vn 0.53911 -0 0.84224
vn 0.56908 -0 0.82228
vn 0.59831 -0 0.80127
vn 0.62676 -0 0.77921
vn 0.6544 -0 0.75615
vn 0.6812 -0 0.7321
vn 0.7071 -0 0.70711
vn 0.7321 -0 0.6812
vn 0.75615 -0 0.6544
vn 0.77921 -0 0.62676
vn 0.80127 -0 0.5983
vn 0.82228 -0 0.56908
vn 0.84223 -0 0.53911
vn 0.8611 -0 0.50844
vn 0.87884 -0 0.47712
vn 0.89544 -0 0.44518
vn 0.91089 -0 0.41265
vn 0.92515 -0 0.3796
vn 0.93822 -0 0.34605
vn 0.95006 -0 0.31207
vn 0.96068 -0 0.27765
vn 0.97005 -0 0.2429
vn 0.97817 -0 0.20783
vn 0.98501 -0 0.17248
vn 0.99058 -0 0.13691
vn 0.99487 -0 0.10116
vn 0.99787 -0 0.0653
vn -0.13786 0 0.99045
vn -0.19105 0 0.98158
vn -0.24367 0 0.96986
vn -0.29559 0 0.95531
vn -0.34665 0 0.93799
vn -0.39671 0 0.91795
vn -0.44561 0 0.89523
vn -0.49321 0 0.86991
vn -0.53938 0 0.84206
vn -0.58398 0 0.81177
vn -0.62689 0 0.77911
vn -0.66797 0 0.74419
vn -0.70711 0 0.70711
vn -0.74419 0 0.66797
vn -0.77911 0 0.62689
vn -0.81177 0 0.58398
vn -0.84206 0 0.53938
vn -0.86991 0 0.49322
vn -0.89523 0 0.4456
vn -0.91794 0 0.39671
vn -0.93799 0 0.34666
vn -0.95531 0 0.29559
vn -0.96986 0 0.24367
vn -0.98158 0 0.19105
vn -0.99045 0 0.13786
vn -0.13786 -0 -0.99045
vn -0.19105 -0 -0.98158
vn -0.24367 -0 -0.96986
vn -0.29559 -0 -0.95531
vn -0.34665 -0 -0.93799
vn -0.39671 -0 -0.91795
vn -0.44561 -0 -0.89523
vn -0.49321 -0 -0.86991
vn -0.53938 -0 -0.84206
vn -0.58398 -0 -0.81177
vn -0.62689 -0 -0.77911
vn -0.66797 -0 -0.74419
vn -0.70711 -0 -0.70711
vn -0.74419 -0 -0.66797
vn -0.77911 -0 -0.62689
vn -0.81177 -0 -0.58398
vn -0.84206 -0 -0.53938
vn -0.86991 -0 -0.49322
vn -0.89523 -0 -0.4456
vn -0.91794 -0 -0.39671
vn -0.93799 -0 -0.34666
vn -0.95531 -0 -0.29559
vn -0.96986 -0 -0.24367
vn -0.98158 -0 -0.19105
vn -0.99045 -0 -0.13786
vn 0 -1 0
vn -0.58831 0 -0.80864
vn -0.70481 0 -0.70939
vn -0.80476 0 -0.5936
vn -0.8859 0 -0.46387
vn -0.9463 0 -0.32329
vn -0.98454 0 -0.17516
vn -0.63971 -0 -0.76861
vn -0.49689 0 -0.86781
vn -0.33913 0 -0.94074
vn -0.1711 0 -0.98525
vn 0.00215 0 -1
vn 0.17526 0 -0.98452
vn 0.34314 0 -0.93928
vn 0.7071 0 -0.70711
vn -0.70409 -0 -0.71012
vn 0.58595 0 -0.81034
vn 0.70308 0 -0.71111
vn 0.80366 0 -0.59509
vn 0.88529 0 -0.46504
vn 0.94603 0 -0.32408
vn 0.98449 0 -0.17543
vn 0.98289 0 -0.1842
vn 0.93704 0 -0.34922
vn 0.86372 0 -0.50398
vn 0.76507 0 -0.64395
vn -0.76266 0 -0.6468
vn -0.86237 -0 -0.50628
vn -0.9365 -0 -0.35068
vn -0.98279 -0 -0.18473
vn -0.99505 0 -0.09934
vn 0.99505 0 -0.09935
vn -0.70756 0 -0.70665
vn -0.80711 0 -0.59041
vn -0.88772 0 -0.46038
vn -0.94756 0 -0.31959
vn -0.98522 0 -0.17127
vn -0.99982 0 -0.01899
vn -0.75206 -0 -0.65909
vn -0.62656 0 -0.77938
vn -0.48212 0 -0.87611
vn -0.32309 0 -0.94637
vn -0.15436 0 -0.98801
vn 0.01911 0 -0.99982
vn 0.19198 0 -0.9814
vn 0.35906 0 -0.93332
vn 0.51521 0 -0.85706
vn 0.58779 0 -0.80902
vn -0.8065 -0 -0.59123
vn 0.45197 0 -0.89203
vn 0.58321 0 -0.81232
vn 0.70066 0 -0.71349
vn 0.80162 0 -0.59783
vn 0.88369 0 -0.46808
vn 0.94492 0 -0.32729
vn 0.94196 0 -0.33572
vn 0.87088 0 -0.49149
vn 0.77426 0 -0.63286
vn 0.6549 0 -0.75572
vn -0.85445 0 -0.51953
vn -0.93095 -0 -0.36514
vn -0.97982 -0 -0.19988
vn -0.99959 -0 -0.02868
vn -0.99834 0 0.05754
vn 0.96726 0 -0.25379
vn -0.80941 0 -0.58725
vn -0.88953 0 -0.45687
vn -0.94881 0 -0.31585
vn -0.98589 0 -0.16742
vn -0.99989 0 -0.01503
vn -0.99048 0 0.13765
vn -0.84591 -0 -0.53332
vn -0.74076 0 -0.67177
vn -0.61322 0 -0.78992
vn -0.46718 0 -0.88416
vn -0.30698 0 -0.95171
vn -0.13754 0 -0.9905
vn 0.03607 0 -0.99935
vn 0.20862 0 -0.978
vn 0.37481 0 -0.9271
vn 0.45399 0 -0.89101
vn -0.88906 -0 -0.45778
vn 0.30686 0 -0.95175
vn 0.44894 0 -0.89356
vn 0.58042 0 -0.81432
vn 0.69823 0 -0.71588
vn 0.79959 0 -0.60055
vn 0.8821 0 -0.47107
vn 0.87787 0 -0.4789
vn 0.78326 0 -0.6217
vn 0.6657 0 -0.74622
vn 0.52866 0 -0.84884
vn -0.92519 0 -0.3795
vn -0.97661 -0 -0.215
vn -0.99903 -0 -0.04413
vn -0.99177 0 0.12804
vn -0.97705 0 0.21301
vn 0.91565 0 -0.40198
vn -0.8913 0 -0.45341
vn -0.95005 0 -0.31211
vn -0.98654 0 -0.16353
vn -0.99994 0 -0.01107
vn -0.98993 0 0.14153
vn -0.95677 0 0.29084
vn -0.91893 -0 -0.39442
vn -0.83674 0 -0.5476
vn -0.72925 0 -0.68425
vn -0.59971 0 -0.80022
vn -0.45208 0 -0.89198
vn -0.29079 0 -0.95679
vn -0.12069 0 -0.99269
vn 0.05303 0 -0.99859
vn 0.22517 0 -0.97432
vn 0.30902 0 -0.95105
vn -0.94973 -0 -0.31307
vn 0.1542 0 -0.98804
vn 0.30364 0 -0.95279
vn 0.44588 0 -0.89509
vn 0.57765 0 -0.81629
vn 0.69579 0 -0.71824
vn 0.79754 0 -0.60327
vn 0.79212 0 -0.61036
vn 0.6764 0 -0.73653
vn 0.54079 0 -0.84116
vn 0.38929 0 -0.92111
vn -0.97316 0 -0.23012
vn -0.99823 -0 -0.05954
vn -0.99364 0 0.11264
vn -0.95952 0 0.28163
vn -0.9317 0 0.36324
vn 0.84149 0 -0.54027
vn -0.95127 0 -0.30836
vn -0.98717 0 -0.15965
vn -0.99997 0 -0.00719
vn -0.98937 0 0.14542
vn -0.9556 0 0.29465
vn -0.89947 0 0.43699
vn -0.96931 -0 -0.24583
vn -0.9121 0 -0.40997
vn -0.82732 0 -0.56173
vn -0.71753 0 -0.69653
vn -0.58606 0 -0.81027
vn -0.4369 0 -0.89951
vn -0.2745 0 -0.96159
vn -0.10382 0 -0.9946
vn 0.06999 0 -0.99755
vn 0.15643 0 -0.98769
vn -0.98701 -0 -0.16066
vn -0.00225 -0 -1
vn 0.15084 0 -0.98856
vn 0.30037 0 -0.95382
vn 0.44284 0 -0.8966
vn 0.57489 0 -0.81823
vn 0.69335 0 -0.7206
vn 0.6869 0 -0.72675
vn 0.55282 0 -0.8333
vn 0.40251 0 -0.91541
vn 0.24046 0 -0.97066
vn -0.99719 0 -0.07495
vn -0.99526 0 0.0973
vn -0.96377 0 0.26672
vn -0.90365 0 0.42826
vn -0.86341 0 0.50451
vn 0.74662 0 -0.66526
vn -0.98779 0 -0.15576
vn -0.99999 0 -0.00323
vn -0.98879 0 0.14931
vn -0.95444 0 0.2984
vn -0.89772 0 0.44057
vn -0.82004 0 0.5723
vn -0.99584 -0 -0.09115
vn -0.965 0 -0.26225
vn -0.90498 0 -0.42546
vn -0.81766 0 -0.5757
vn -0.70561 0 -0.7086
vn -0.57222 0 -0.8201
vn -0.42155 0 -0.90681
vn -0.25813 0 -0.96611
vn -0.08692 0 -0.99622
vn -0.99999 -0 -0.00426
vn -0.15868 -0 -0.98733
vn -0.00566 -0 -0.99998
vn 0.14749 0 -0.98906
vn 0.29712 0 -0.95484
vn 0.4398 0 -0.89809
vn 0.57208 0 -0.8202
vn 0.56478 0 -0.82524
vn 0.41565 0 -0.90952
vn 0.25439 0 -0.9671
vn 0.08564 0 -0.99633
vn -0.99664 0 0.08189
vn -0.96777 0 0.25182
vn -0.91017 0 0.41423
vn -0.82554 0 0.56434
vn -0.77385 0 0.63336
vn 0.63335 0 -0.77386
vn -1 0 0.00073
vn -0.9882 0 0.15319
vn -0.95326 0 0.30214
vn -0.89598 0 0.44409
vn -0.81778 0 0.57553
vn -0.72043 0 0.69353
vn -0.99784 0 0.06576
vn -0.99414 0 -0.10807
vn -0.96041 0 -0.2786
vn -0.89764 0 -0.44073
vn -0.80778 0 -0.58948
vn -0.69347 0 -0.72049
vn -0.5582 0 -0.8297
vn -0.40609 0 -0.91383
vn -0.24169 0 -0.97035
vn -0.15643 0 -0.98769
vn -0.98835 0 0.15222
vn -0.31116 -0 -0.95036
vn -0.16203 -0 -0.98679
vn -0.00906 -0 -0.99996
vn 0.14411 0 -0.98956
vn 0.29388 0 -0.95584
vn 0.43672 0 -0.8996
vn 0.42872 0 -0.90344
vn 0.26826 0 -0.96335
vn 0.09996 0 -0.99499
vn -0.07128 -0 -0.99746
vn -0.97155 0 0.23685
vn -0.91649 0 0.40005
vn -0.83416 0 0.55152
vn -0.7271 0 0.68653
vn -0.66524 0 0.74663
vn 0.5045 0 -0.86341
vn -0.95086 0 0.30962
vn -0.89248 0 0.45108
vn -0.81321 0 0.58197
vn -0.71495 0 0.69918
vn -0.59987 0 0.8001
vn -0.47085 0 0.88222
vn -0.9287 0 0.37083
vn -0.97888 0 0.20445
vn -0.99949 0 0.03184
vn -0.9899 0 -0.14177
vn -0.9504 0 -0.31102
vn -0.88217 0 -0.47093
vn -0.78725 0 -0.61663
vn -0.66862 0 -0.7436
vn -0.5297 0 -0.84818
vn -0.45399 0 -0.89101
vn -0.89293 0 0.4502
vn -0.58961 -0 -0.80769
vn -0.45902 -0 -0.88843
vn -0.31763 -0 -0.94822
vn -0.16874 -0 -0.98566
vn -0.01588 -0 -0.99987
vn 0.13737 0 -0.99052
vn 0.12855 0 -0.9917
vn -0.04256 -0 -0.99909
vn -0.21239 -0 -0.97719
vn -0.37604 -0 -0.9266
vn -0.85084 0 0.52542
vn -0.74797 0 0.66373
vn -0.62291 0 0.78229
vn -0.47939 0 0.8776
vn -0.40197 0 0.91565
vn 0.213 0 -0.97705
vn -0.98759 0 0.15708
vn -0.95205 0 0.30595
vn -0.89425 0 0.44756
vn -0.81551 0 0.57875
vn -0.71768 0 0.69637
vn -0.60303 0 0.79772
vn -0.97525 0 0.22109
vn -0.99881 0 0.04876
vn -0.99217 0 -0.12492
vn -0.95554 0 -0.29488
vn -0.89005 0 -0.45587
vn -0.79762 0 -0.60316
vn -0.68113 0 -0.73217
vn -0.54406 0 -0.83905
vn -0.39049 0 -0.92061
vn -0.30902 0 -0.95106
vn -0.95237 0 0.30495
vn -0.45601 -0 -0.88998
vn -0.31439 -0 -0.9493
vn -0.16538 -0 -0.98623
vn -0.01248 -0 -0.99992
vn 0.14073 0 -0.99005
vn 0.29064 0 -0.95683
vn 0.2821 0 -0.95938
vn 0.11427 0 -0.99345
vn -0.05692 -0 -0.99838
vn -0.22644 -0 -0.97403
vn -0.92255 0 0.38588
vn -0.84258 0 0.53857
vn -0.73765 0 0.67518
vn -0.61073 0 0.79184
vn -0.54026 0 0.8415
vn 0.36322 0 -0.9317
vn -0.89073 0 0.45454
vn -0.8109 0 0.58519
vn -0.7122 0 0.70197
vn -0.59672 0 0.80245
vn -0.46737 0 0.88406
vn -0.32702 0 0.94502
vn -0.85923 0 0.51159
vn -0.93485 0 0.35504
vn -0.9822 0 0.18781
vn -0.99989 0 0.01484
vn -0.98735 0 -0.15855
vn -0.94497 0 -0.32715
vn -0.87404 0 -0.48585
vn -0.77671 0 -0.62985
vn -0.65586 0 -0.75488
vn -0.58779 0 -0.80902
vn -0.81152 0 0.58433
vn -0.70869 -0 -0.70552
vn -0.59234 -0 -0.80569
vn -0.46205 -0 -0.88685
vn -0.32085 -0 -0.94713
vn -0.1721 -0 -0.98508
vn -0.01927 -0 -0.99981
vn -0.02817 0 -0.9996
vn -0.19832 -0 -0.98014
vn -0.36266 -0 -0.93192
vn -0.51634 -0 -0.85638
vn -0.75815 0 0.65208
vn -0.63495 0 0.77255
vn -0.49286 0 0.87011
vn -0.33617 0 0.9418
vn -0.25378 0 0.96726
vn 0.05753 0 -0.99834
vn -0.80861 0 0.58835
vn -0.7094 0 0.7048
vn -0.59359 0 0.80477
vn -0.46389 0 0.88589
vn -0.32331 0 0.94629
vn -0.17516 0 0.98454
vn -0.76861 0 0.63972
vn -0.98525 0 0.1711
vn -0.98452 0 -0.17526
vn -0.93928 0 -0.34314
vn -0.86567 0 -0.50062
vn -0.76589 0 -0.64297
vn -0.70711 0 -0.70711
vn -0.71012 0 0.70408
vn -0.81034 -0 -0.58596
vn -0.71109 -0 -0.7031
vn -0.59509 -0 -0.80366
vn -0.46506 -0 -0.88528
vn -0.32407 -0 -0.94603
vn -0.17545 -0 -0.98449
vn -0.18421 0 -0.98289
vn -0.50396 -0 -0.86373
vn -0.64397 -0 -0.76505
vn -0.64678 0 0.76267
vn -0.50629 0 0.86236
vn -0.35068 0 0.9365
vn -0.18471 0 0.98279
vn -0.09935 -0 -0.99505
vn -0.70662 0 0.70759
vn -0.59041 0 0.8071
vn -0.46039 0 0.88772
vn -0.31959 0 0.94756
vn -0.17129 0 0.98522
vn -0.01899 0 0.99982
vn -0.6591 0 0.75205
vn -0.77938 0 0.62655
vn -0.87611 0 0.48212
vn -0.94635 0 0.32313
vn -0.98802 0 0.15432
vn -0.99982 0 -0.01915
vn -0.9814 0 -0.19197
vn -0.93334 0 -0.35899
vn -0.85704 0 -0.51525
vn -0.80902 0 -0.58779
vn -0.59123 0 0.80651
vn -0.89202 -0 -0.452
vn -0.81234 -0 -0.58319
vn -0.71351 -0 -0.70065
vn -0.59783 -0 -0.80162
vn -0.46808 -0 -0.88369
vn -0.32729 -0 -0.94492
vn -0.3357 0 -0.94197
vn -0.49149 -0 -0.87088
vn -0.63286 -0 -0.77426
vn -0.75571 -0 -0.65491
vn -0.51955 0 0.85444
vn -0.36513 0 0.93096
vn -0.19987 0 0.97982
vn -0.02869 0 0.99959
vn 0.05754 -0 0.99834
vn -0.25379 -0 -0.96726
vn -0.58722 0 0.80943
vn -0.45689 0 0.88953
vn -0.31585 0 0.94881
vn -0.16741 0 0.98589
vn -0.01506 0 0.99989
vn 0.13765 -0 0.99048
vn -0.53333 0 0.84591
vn -0.67176 0 0.74077
vn -0.78991 0 0.61322
vn -0.88415 0 0.46719
vn -0.95171 0 0.307
vn -0.99051 0 0.13747
vn -0.99935 0 -0.03607
vn -0.978 0 -0.20861
vn -0.92709 0 -0.37484
vn -0.89101 0 -0.45398
vn -0.45779 0 0.88906
vn -0.95175 -0 -0.30687
vn -0.89356 -0 -0.44894
vn -0.81429 -0 -0.58046
vn -0.71588 -0 -0.69822
vn -0.60056 -0 -0.79958
vn -0.47108 -0 -0.88209
vn -0.47891 0 -0.87787
vn -0.62169 -0 -0.78326
vn -0.74619 -0 -0.66573
vn -0.84886 -0 -0.52862
vn -0.37949 0 0.9252
vn -0.215 0 0.97661
vn -0.04414 0 0.99903
vn 0.12803 0 0.99177
vn 0.21301 -0 0.97705
vn -0.40198 -0 -0.91565
vn -0.4534 0 0.89131
vn -0.31211 0 0.95004
vn -0.16353 0 0.98654
vn -0.01113 0 0.99994
vn 0.14154 -0 0.98993
vn 0.29089 -0 0.95676
vn -0.39444 0 0.91892
vn -0.54761 0 0.83673
vn -0.68426 0 0.72924
vn -0.8002 0 0.59973
vn -0.89195 0 0.45213
vn -0.95679 0 0.29079
vn -0.99269 0 0.12069
vn -0.99859 0 -0.05307
vn -0.97432 0 -0.22517
vn -0.95106 0 -0.30902
vn -0.31307 0 0.94973
vn -0.98804 -0 -0.1542
vn -0.95281 -0 -0.30358
vn -0.89507 -0 -0.44593
vn -0.81629 -0 -0.57764
vn -0.71824 -0 -0.6958
vn -0.60327 -0 -0.79753
vn -0.61035 0 -0.79213
vn -0.73655 -0 -0.67638
vn -0.84117 -0 -0.54078
vn -0.92109 -0 -0.38936
vn -0.23006 0 0.97318
vn -0.05958 0 0.99822
vn 0.11269 0 0.99363
vn 0.2816 0 0.95953
vn 0.36323 -0 0.9317
vn -0.54027 -0 -0.84149
vn -0.30836 0 0.95127
vn -0.15966 0 0.98717
vn -0.00719 0 0.99997
vn 0.14542 -0 0.98937
vn 0.29466 -0 0.9556
vn 0.43699 -0 0.89947
vn -0.24582 0 0.96931
vn -0.40997 0 0.9121
vn -0.56173 0 0.82732
vn -0.69655 0 0.7175
vn -0.81025 0 0.58608
vn -0.89953 0 0.43687
vn -0.96158 0 0.27451
vn -0.9946 0 0.10377
vn -0.99755 0 -0.06999
vn -0.98769 0 -0.15642
vn -0.16064 0 0.98701
vn -1 0 0.00227
vn -0.98856 -0 -0.15084
vn -0.95383 -0 -0.30036
vn -0.89659 -0 -0.44287
vn -0.81825 -0 -0.57486
vn -0.72058 -0 -0.69337
vn -0.72673 0 -0.68692
vn -0.83328 -0 -0.55285
vn -0.9154 -0 -0.40254
vn -0.97067 -0 -0.24043
vn -0.075 0 0.99718
vn 0.09731 0 0.99525
vn 0.26675 0 0.96377
vn 0.42823 0 0.90367
vn 0.50451 -0 0.86341
vn -0.66526 -0 -0.74661
vn -0.15577 0 0.98779
vn -0.00325 0 0.99999
vn 0.14933 -0 0.98879
vn 0.29841 -0 0.95444
vn 0.44052 -0 0.89774
vn 0.57232 -0 0.82003
vn -0.09116 0 0.99584
vn -0.26226 0 0.965
vn -0.42541 0 0.905
vn -0.5757 0 0.81766
vn -0.70859 0 0.70562
vn -0.82011 0 0.5722
vn -0.90682 0 0.42152
vn -0.9661 0 0.25816
vn -0.99622 0 0.08691
vn -0.00426 0 0.99999
vn -0.98733 0 0.15866
vn -0.99998 0 0.0057
vn -0.98907 -0 -0.14748
vn -0.95483 -0 -0.29715
vn -0.8981 -0 -0.4398
vn -0.8202 -0 -0.57207
vn -0.82524 0 -0.56478
vn -0.90953 -0 -0.41565
vn -0.9671 -0 -0.25441
vn -0.99633 -0 -0.0856
vn 0.08192 -0 0.99664
vn 0.2518 0 0.96778
vn 0.41424 0 0.91017
vn 0.56433 0 0.82555
vn 0.63336 -0 0.77385
vn -0.77386 -0 -0.63335
vn 0.00066 -0 1
vn 0.15323 -0 0.98819
vn 0.30217 -0 0.95325
vn 0.44404 -0 0.89601
vn 0.57552 -0 0.81779
vn 0.69358 -0 0.72038
vn 0.06574 0 0.99784
vn -0.10807 0 0.99414
vn -0.2786 0 0.96041
vn -0.4407 0 0.89765
vn -0.58951 0 0.80776
vn -0.7205 0 0.69346
vn -0.8297 0 0.5582
vn -0.91383 0 0.40611
vn -0.97036 0 0.24167
vn -0.98769 0 0.15644
vn 0.15222 0 0.98835
vn -0.95035 0 0.31118
vn -0.98679 0 0.16202
vn -0.99996 0 0.00906
vn -0.98956 -0 -0.14412
vn -0.95585 -0 -0.29386
vn -0.89959 -0 -0.43673
vn -0.90343 0 -0.42873
vn -0.96335 -0 -0.26824
vn -0.99499 -0 -0.09994
vn -0.99746 0 0.07126
vn 0.23681 -0 0.97156
vn 0.40009 0 0.91647
vn 0.5515 0 0.83418
vn 0.68653 0 0.7271
vn 0.74662 -0 0.66525
vn -0.86341 -0 -0.5045
vn 0.15712 -0 0.98758
vn 0.3059 -0 0.95206
vn 0.44758 -0 0.89424
vn 0.57873 -0 0.81552
vn 0.69639 -0 0.71766
vn 0.79772 -0 0.60303
vn 0.22103 0 0.97527
vn 0.04878 -0 0.99881
vn -0.12492 0 0.99217
vn -0.29486 0 0.95554
vn -0.4559 0 0.89003
vn -0.60314 0 0.79764
vn -0.73217 0 0.68113
vn -0.83907 0 0.54402
vn -0.92059 0 0.39054
vn -0.95106 0 0.30901
vn 0.30496 0 0.95236
vn -0.88997 0 0.45601
vn -0.94929 0 0.3144
vn -0.98623 0 0.16538
vn -0.99992 0 0.0125
vn -0.99005 -0 -0.14075
vn -0.95683 -0 -0.29064
vn -0.95939 0 -0.28207
vn -0.99345 -0 -0.11428
vn -0.99838 0 0.05692
vn -0.97402 0 0.22645
vn 0.38588 -0 0.92255
vn 0.53856 0 0.84259
vn 0.67518 0 0.73765
vn 0.79184 0 0.61073
vn 0.8415 -0 0.54026
vn -0.9317 -0 -0.36322
vn 0.30966 -0 0.95085
vn 0.45108 -0 0.89248
vn 0.58195 -0 0.81322
vn 0.6992 -0 0.71493
vn 0.80007 -0 0.59991
vn 0.88222 -0 0.47084
vn 0.37088 0 0.92868
vn 0.20442 -0 0.97888
vn 0.03182 -0 0.99949
vn -0.14176 0 0.9899
vn -0.31103 0 0.9504
vn -0.47093 0 0.88217
vn -0.61661 0 0.78727
vn -0.7436 0 0.66863
vn -0.8482 0 0.52968
vn -0.891 0 0.45399
vn 0.45019 0 0.89293
vn -0.80769 0 0.58961
vn -0.88843 0 0.45902
vn -0.94822 0 0.31761
vn -0.98566 0 0.16874
vn -0.99987 0 0.01586
vn -0.99053 -0 -0.13732
vn -0.9917 0 -0.12855
vn -0.9991 0 0.04251
vn -0.97718 0 0.21241
vn -0.92661 0 0.37604
vn 0.52546 -0 0.85082
vn 0.6637 0 0.748
vn 0.7823 0 0.62291
vn 0.87761 0 0.47937
vn 0.91566 -0 0.40196
vn -0.97705 -0 -0.213
vn 0.45461 -0 0.89069
vn 0.58515 -0 0.81093
vn 0.702 -0 0.71218
vn 0.80242 -0 0.59676
vn 0.88407 -0 0.46735
vn 0.94501 -0 0.32703
vn 0.51157 0 0.85924
vn 0.35505 -0 0.93485
vn 0.1878 -0 0.98221
vn 0.01484 -0 0.99989
vn -0.15854 0 0.98735
vn -0.32713 0 0.94498
vn -0.48584 0 0.87405
vn -0.62987 0 0.7767
vn -0.75486 0 0.65588
vn -0.80902 0 0.58779
vn 0.58433 0 0.81152
vn -0.70552 0 0.70869
vn -0.80568 0 0.59235
vn -0.88685 0 0.46205
vn -0.94714 0 0.32083
vn -0.98508 0 0.1721
vn -0.99981 0 0.01929
vn -0.9996 0 0.02817
vn -0.98014 0 0.19832
vn -0.93193 0 0.36265
vn -0.85638 0 0.51635
vn 0.65209 -0 0.75814
vn 0.77256 0 0.63494
vn 0.87011 0 0.49286
vn 0.9418 0 0.33617
vn 0.96726 -0 0.25378
vn -0.99834 -0 -0.05753
vn -0.99908 -0.03912 -0.01754
vn -0.99862 0.03894 -0.03511
vn -0.99853 0.01297 -0.05262
vn -0.99806 -0.00126 -0.06227
vn -0.99692 0.00142 -0.07841
vn -0.99618 0.00068 -0.08735
vn -0.99543 0 -0.09551
vn -0.99246 0.00138 -0.12254
vn -0.99258 -0.00148 -0.12155
vn -0.98755 0.00128 -0.15731
vn -0.98769 -0.0014 -0.15639
vn -0.98142 0.00115 -0.19186
vn -0.98158 -0.00127 -0.19104
vn -0.97408 0.00012 -0.22618
vn -0.97238 0.00125 -0.23339
vn -0.965 -0.0336 -0.26008
vn -0.96081 0.03343 -0.27517
vn -0.95527 -0.03383 -0.29379
vn -0.95053 0.03366 -0.3088
vn -0.94437 -0.03408 -0.32713
vn -0.93907 0.03389 -0.34204
vn -0.93277 0.01284 -0.36025
vn -0.92998 8E-05 -0.36762
vn -0.93033 -0 -0.36672
vn -0.9202 -0.00016 -0.39145
vn -0.9239 0.00142 -0.38264
vn -0.91719 0 -0.39845
vn -0.90527 0.00371 -0.42482
vn -0.90644 -0.00381 -0.42233
vn -0.8898 0.0036 -0.45633
vn -0.89102 -0.00372 -0.45395
vn -0.87324 0.00349 -0.48727
vn -0.8745 -0.00362 -0.48501
vn -0.8556 0.00024 -0.51763
vn -0.85267 0.00106 -0.52246
vn -0.83657 -0.02883 -0.54711
vn -0.82888 0.02864 -0.55869
vn -0.81685 -0.02904 -0.57612
vn -0.80871 0.02886 -0.5875
vn -0.79612 -0.02928 -0.60443
vn -0.78753 0.02909 -0.61559
vn -0.77469 0.01246 -0.63222
vn -0.77032 0.00015 -0.63765
vn -0.77148 -0 -0.63626
vn -0.75365 -0.0003 -0.65727
vn -0.76044 0.00142 -0.64941
vn -0.74916 0 -0.66238
vn -0.72847 0.00578 -0.68505
vn -0.73156 -0.00589 -0.68175
vn -0.70399 0.00568 -0.71019
vn -0.70713 -0.00578 -0.70706
vn -0.67863 0.00559 -0.73446
vn -0.68182 -0.00569 -0.7315
vn -0.65245 0.00035 -0.75784
vn -0.64948 0.00088 -0.76038
vn -0.62526 -0.02429 -0.78004
vn -0.61574 0.02412 -0.78758
vn -0.5975 -0.02449 -0.80149
vn -0.58765 0.02434 -0.80875
vn -0.569 -0.02472 -0.82196
vn -0.55883 0.02456 -0.82892
vn -0.53993 0.01184 -0.84163
vn -0.53485 0.00022 -0.84495
vn -0.53711 -0 -0.84352
vn -0.51296 -0.00043 -0.85841
vn -0.52253 0.00142 -0.85262
vn -0.50782 0 -0.86146
vn -0.47958 0.00758 -0.87746
vn -0.48508 -0.00768 -0.87444
vn -0.4485 0.00749 -0.89375
vn -0.45402 -0.00759 -0.89096
vn -0.41686 0.00741 -0.90894
vn -0.4224 -0.00752 -0.90638
vn -0.38471 0.00044 -0.92304
vn -0.38273 0.00072 -0.92386
vn -0.35201 -0.02003 -0.93578
vn -0.34226 0.01987 -0.9394
vn -0.31895 -0.02023 -0.94756
vn -0.309 0.02007 -0.95085
vn -0.2855 -0.02042 -0.95816
vn -0.27536 0.02026 -0.96113
vn -0.25173 0.01095 -0.96773
vn -0.24675 0.00029 -0.96908
vn -0.25016 -0 -0.96821
vn -0.22181 -0.00056 -0.97509
vn -0.23349 0.00142 -0.97236
vn -0.21676 0 -0.97623
vn -0.18324 0.00912 -0.98303
vn -0.19112 -0.00921 -0.98152
vn -0.14862 0.00906 -0.98885
vn -0.15647 -0.00915 -0.98764
vn -0.11383 0.00899 -0.99346
vn -0.12163 -0.00907 -0.99253
vn -0.0789 0.00052 -0.99688
vn -0.0785 0.00057 -0.99691
vn -0.04385 -0.01602 -0.99891
vn -0.03522 0.01587 -0.99925
vn -0.00877 -0.01621 -0.99983
vn -4E-05 0.01606 -0.99987
vn 0.02632 -0.01639 -0.99952
vn 0.03513 0.01623 -0.99925
vn 0.06138 0.00979 -0.99807
vn 0.06609 -0.00062 -0.99781
vn 0.07842 0.00142 -0.99692
vn 0.09164 0.00032 -0.99579
vn 0.09552 0 -0.99543
vn 0.13125 0.0104 -0.9913
vn 0.12154 -0.0105 -0.99253
vn 0.16595 0.01035 -0.98608
vn 0.15638 -0.01044 -0.98764
vn 0.20046 0.0103 -0.97965
vn 0.19103 -0.01039 -0.98153
vn 0.23473 0.00058 -0.97206
vn 0.2334 0.00043 -0.97238
vn 0.26867 -0.01228 -0.96315
vn 0.27531 0.01213 -0.96128
vn 0.30231 -0.01245 -0.95313
vn 0.30895 0.01229 -0.951
vn 0.33557 -0.01262 -0.94193
vn 0.34221 0.01246 -0.93954
vn 0.36844 0.00837 -0.92962
vn 0.37194 -0.00049 -0.92826
vn 0.38264 0.00142 -0.9239
vn 0.39566 0.00025 -0.9184
vn 0.39845 0 -0.91719
vn 0.43273 0.01143 -0.90145
vn 0.4223 -0.01151 -0.90638
vn 0.4641 0.01139 -0.88571
vn 0.45392 -0.01147 -0.89097
vn 0.49489 0.01135 -0.86888
vn 0.48498 -0.01143 -0.87445
vn 0.52511 0.00063 -0.85103
vn 0.52246 0.00031 -0.85267
vn 0.55464 -0.00878 -0.83205
vn 0.5589 0.00865 -0.82919
vn 0.58349 -0.00895 -0.81207
vn 0.58773 0.0088 -0.80901
vn 0.61163 -0.0091 -0.79109
vn 0.61582 0.00896 -0.78784
vn 0.63903 0.0067 -0.76915
vn 0.64121 -0.00036 -0.76737
vn 0.64941 0.00142 -0.76043
vn 0.66073 0.00018 -0.75062
vn 0.66238 0 -0.74917
vn 0.69137 0.0122 -0.72239
vn 0.68171 -0.01227 -0.73152
vn 0.7163 0.01217 -0.69769
vn 0.70702 -0.01224 -0.70709
vn 0.74034 0.01214 -0.67212
vn 0.73146 -0.01221 -0.68178
vn 0.76353 0.00067 -0.64577
vn 0.76038 0.0002 -0.64948
vn 0.78571 -0.00555 -0.61857
vn 0.7878 0.00543 -0.61591
vn 0.80694 -0.0057 -0.59061
vn 0.80898 0.00558 -0.58781
vn 0.82716 -0.00584 -0.56193
vn 0.82915 0.00572 -0.55899
vn 0.84638 0.00477 -0.53256
vn 0.84739 -0.00022 -0.53097
vn 0.85262 0.00142 -0.52254
vn 0.86078 0.00011 -0.50898
vn 0.86146 0 -0.50782
vn 0.88159 0.0127 -0.47184
vn 0.87439 -0.01277 -0.48505
vn 0.89761 0.01268 -0.44061
vn 0.89091 -0.01275 -0.45399
vn 0.91252 0.01267 -0.40884
vn 0.90633 -0.01273 -0.42237
vn 0.92638 0.00069 -0.37659
vn 0.92386 0.0001 -0.38272
vn 0.93902 -0.00258 -0.34385
vn 0.93958 0.00246 -0.34232
vn 0.95051 -0.00272 -0.31068
vn 0.95104 0.00259 -0.30906
vn 0.96083 -0.00286 -0.27714
vn 0.96132 0.00272 -0.27541
vn 0.96996 0.00257 -0.24324
vn 0.97019 -8E-05 -0.24233
vn 0.97236 0.00142 -0.23349
vn 0.97611 4E-05 -0.21726
vn 0.97623 0 -0.21675
vn 0.98456 0.01295 -0.17459
vn 0.98148 -0.01301 -0.19111
vn 0.99008 0.01294 -0.13993
vn 0.9876 -0.01301 -0.15647
vn 0.99438 0.01294 -0.1051
vn 0.99249 -0.013 -0.12163
vn 0.99754 0.00025 -0.07015
vn 0.99755 0.00071 -0.06999
vn 0.99691 2E-05 -0.07851
vn 0.99938 0.00013 -0.0351
vn 0.99938 -0.00025 -0.03522
vn 1 1E-05 -0
vn 1 -0.00013 -5E-05
vn 0.99938 -0.00011 0.0351
vn 0.99938 -1E-05 0.03513
vn 0.99754 0.00012 0.07015
vn 0.99755 0.00072 0.06994
vn 0.99812 0 0.06128
vn 0.99381 -0.03609 0.10504
vn 0.99195 0.03591 0.12147
vn 0.98951 -0.03633 0.13985
vn 0.98705 0.03614 0.15629
vn 0.98398 -0.03656 0.17449
vn 0.98093 0.03638 0.19091
vn 0.97782 0.01295 0.20904
vn 0.97612 5E-05 0.21721
vn 0.97625 0 0.21667
vn 0.97021 -9E-05 0.24228
vn 0.97238 0.00142 0.2334
vn 0.96823 0 0.25007
vn 0.96083 0.00258 0.27714
vn 0.96135 -0.0027 0.27532
vn 0.95051 0.00247 0.31068
vn 0.95107 -0.00259 0.30897
vn 0.93902 0.00236 0.34385
vn 0.93961 -0.00248 0.34224
vn 0.92638 0.00018 0.37659
vn 0.9239 0.00115 0.38264
vn 0.91215 -0.03118 0.40867
vn 0.90601 0.03101 0.42212
vn 0.89724 -0.03141 0.44043
vn 0.89059 0.03123 0.45373
vn 0.88122 -0.03163 0.47165
vn 0.87407 0.03145 0.48477
vn 0.86449 0.0127 0.50249
vn 0.8608 0.00012 0.50894
vn 0.86151 0 0.50773
vn 0.84742 -0.00023 0.53093
vn 0.85266 0.00142 0.52246
vn 0.84357 0 0.53703
vn 0.82717 0.00478 0.56193
vn 0.82921 -0.00488 0.55892
vn 0.80694 0.00468 0.59062
vn 0.80903 -0.00478 0.58774
vn 0.78572 0.00459 0.61857
vn 0.78786 -0.00468 0.61584
vn 0.76353 0.00029 0.64577
vn 0.76044 0.00097 0.64941
vn 0.74014 -0.02653 0.67193
vn 0.73132 0.02636 0.68153
vn 0.7161 -0.02674 0.69749
vn 0.70689 0.02657 0.70682
vn 0.69117 -0.02695 0.72219
vn 0.68158 0.02679 0.73125
vn 0.6656 0.01219 0.74621
vn 0.66077 0.00019 0.75059
vn 0.66245 0 0.74911
vn 0.64124 -0.00036 0.76734
vn 0.64948 0.00142 0.76038
vn 0.63633 0 0.77142
vn 0.61164 0.00671 0.7911
vn 0.6159 -0.00681 0.78779
vn 0.58351 0.00662 0.81208
vn 0.58781 -0.00673 0.80897
vn 0.55465 0.00654 0.83206
vn 0.55899 -0.00664 0.82915
vn 0.52511 0.00039 0.85103
vn 0.52254 0.0008 0.85262
vn 0.4948 -0.02213 0.86872
vn 0.48498 0.02197 0.87425
vn 0.46401 -0.02232 0.88555
vn 0.45392 0.02217 0.89077
vn 0.43264 -0.02253 0.90128
vn 0.4223 0.02238 0.90618
vn 0.40082 0.01143 0.91608
vn 0.3957 0.00026 0.91838
vn 0.39854 0 0.91715
vn 0.37199 -0.0005 0.92824
vn 0.38272 0.00142 0.92386
vn 0.3668 0 0.9303
vn 0.33559 0.00838 0.94197
vn 0.34231 -0.00847 0.93955
vn 0.30232 0.00831 0.95317
vn 0.30905 -0.0084 0.95101
vn 0.26869 0.00823 0.96319
vn 0.2754 -0.00833 0.96129
vn 0.23473 0.00048 0.97206
vn 0.23349 0.00064 0.97236
vn 0.20043 -0.01799 0.97954
vn 0.1911 0.01784 0.98141
vn 0.16593 -0.01818 0.98597
vn 0.15645 0.01803 0.98752
vn 0.13123 -0.01838 0.99118
vn 0.12162 0.01822 0.99241
vn 0.09637 0.0104 0.99529
vn 0.09169 0.00033 0.99579
vn 0.09562 0 0.99542
vn 0.06614 -0.00063 0.99781
vn 0.0785 0.00142 0.99691
vn 0.06137 0 0.99812
vn 0.02632 0.0098 0.99961
vn 0.03522 -0.00989 0.99933
vn -0.00878 0.00973 0.99991
vn 4E-05 -0.00983 0.99995
vn -0.04386 0.00967 0.99899
vn -0.03513 -0.00977 0.99934
vn -0.0789 0.00055 0.99688
vn -0.07841 0.00049 0.99692
vn -0.11382 -0.01412 0.9934
vn -0.12154 0.01397 0.99249
vn -0.14861 -0.01429 0.98879
vn -0.15637 0.01414 0.9876
vn -0.18322 -0.01447 0.98296
vn -0.19102 0.01432 0.98148
vn -0.21762 0.00911 0.97599
vn -0.22176 -0.00056 0.9751
vn -0.2334 0.00142 0.97238
vn -0.2467 0.00029 0.96909
vn -0.25007 0 0.96823
vn -0.28554 0.01095 0.9583
vn -0.27531 -0.01104 0.96129
vn -0.31899 0.0109 0.94769
vn -0.30895 -0.01098 0.95101
vn -0.35206 0.01085 0.93591
vn -0.34222 -0.01094 0.93956
vn -0.38471 0.00061 0.92304
vn -0.38264 0.00037 0.9239
vn -0.41684 -0.01049 0.90892
vn -0.4223 0.01034 0.9064
vn -0.44848 -0.01066 0.89373
vn -0.45393 0.01052 0.89098
vn -0.47957 -0.01083 0.87744
vn -0.48498 0.01068 0.87446
vn -0.51008 0.00757 0.86009
vn -0.51292 -0.00042 0.85844
vn -0.52246 0.00142 0.85266
vn -0.53481 0.00022 0.84497
vn -0.53702 0 0.84357
vn -0.56914 0.01185 0.82216
vn -0.55888 -0.01192 0.82916
vn -0.59764 0.01182 0.80168
vn -0.58771 -0.01188 0.80899
vn -0.6254 0.01178 0.78021
vn -0.6158 -0.01184 0.78781
vn -0.65245 0.00065 0.75784
vn -0.64942 0.00025 0.76043
vn -0.67862 -0.00713 0.73445
vn -0.68174 0.007 0.73156
vn -0.70398 -0.00728 0.71018
vn -0.70706 0.00716 0.70712
vn -0.72847 -0.00745 0.68504
vn -0.73149 0.00731 0.68181
vn -0.75207 0.00576 0.65906
vn -0.75362 -0.00029 0.65731
vn -0.76037 0.00142 0.64948
vn -0.77029 0.00015 0.63769
vn -0.77142 0 0.63632
vn -0.7964 0.01248 0.60464
vn -0.78775 -0.01256 0.61587
vn -0.81713 0.01247 0.57632
vn -0.80893 -0.01253 0.58778
vn -0.83685 0.01244 0.54729
vn -0.8291 -0.0125 0.55895
vn -0.8556 0.00068 0.51763
vn -0.85262 0.00015 0.52254
vn -0.87324 -0.00403 0.48727
vn -0.87446 0.0039 0.48509
vn -0.8898 -0.00417 0.45633
vn -0.89098 0.00405 0.45403
vn -0.90527 -0.0043 0.42482
vn -0.9064 0.00419 0.42241
vn -0.91962 0.00371 0.3928
vn -0.92018 -0.00015 0.3915
vn -0.92386 0.00142 0.38272
vn -0.92996 8E-05 0.36766
vn -0.9303 0 0.3668
vn -0.94484 0.01286 0.32729
vn -0.9395 -0.01293 0.3423
vn -0.95574 0.01285 0.29393
vn -0.95096 -0.01291 0.30904
vn -0.96547 0.01282 0.26021
vn -0.96125 -0.0129 0.27539
vn -0.97408 0.0007 0.22618
vn -0.97236 6E-05 0.23349
vn -0.98142 -0.00119 0.19186
vn -0.98156 0.00107 0.19113
vn -0.98755 -0.00134 0.15731
vn -0.98768 0.00121 0.15648
vn -0.99246 -0.00144 0.12254
vn -0.99257 0.00131 0.12164
vn -0.99615 0.00139 0.08765
vn -0.99617 0.00068 0.0874
vn -0.99542 0 0.09561
vn -0.99806 -0.00126 0.06232
vn -0.99691 0.00142 0.07851
vn -0.99812 0 0.06136
vn -0.99976 0.01297 0.01755
vn -0.99929 -0.01304 0.03522
vn -0.21667 0 0.97625
vn -0.09552 0 0.99543
vn -0.09969 -0.00035 0.99502
vn -0.06128 0 0.99812
vn -0.05747 -0.00032 0.99835
vn 0.21676 0 0.97623
vn 0.21335 -0.00029 0.97698
vn 0.25016 -0.00016 0.96821
vn 0.2551 0 0.96691
vn 0.50781 0 0.86147
vn 0.50546 -0.00023 0.86285
vn 0.5371 -0.00014 0.84352
vn 0.54215 0 0.84028
vn 0.74917 0 0.66238
vn 0.74788 -0.00016 0.66383
vn 0.77147 -0.00011 0.63626
vn 0.77581 0 0.63097
vn 0.91719 0 0.39845
vn 0.91674 -9E-05 0.3995
vn 0.93033 -6E-05 0.36671
vn 0.93315 0 0.35948
vn 0.99543 0 0.09552
vn 0.9954 -3E-05 0.09584
vn 0.99692 3E-05 0.07842
vn 0.99812 0 -0.06137
vn 0.99542 0 -0.09561
vn 0.99539 -2E-05 -0.09589
vn 0.96821 0 -0.25015
vn 0.93313 0 -0.35955
vn 0.9303 -6E-05 -0.3668
vn 0.91715 0 -0.39853
vn 0.91672 -9E-05 -0.39954
vn 0.84352 0 -0.5371
vn 0.77578 0 -0.631
vn 0.77142 -0.0001 -0.63633
vn 0.74911 0 -0.66244
vn 0.74785 -0.00016 -0.66387
vn 0.63626 0 -0.77148
vn 0.54211 0 -0.84031
vn 0.53703 -0.00014 -0.84356
vn 0.50774 0 -0.86151
vn 0.50542 -0.00022 -0.86287
vn 0.36672 0 -0.93033
vn 0.25506 0 -0.96692
vn 0.25007 -0.00016 -0.96823
vn 0.21667 0 -0.97625
vn 0.2133 -0.00028 -0.97699
vn 0.06128 0 -0.99812
vn -0.06138 -0 -0.99811
vn -0.05753 -0.00032 -0.99834
vn -0.09561 0 -0.99542
vn -0.09975 -0.00034 -0.99501
vn -0.3668 -0 -0.9303
vn -0.36391 -0.00026 -0.93144
vn -0.39854 -0.00015 -0.91715
vn -0.40363 0 -0.91492
vn -0.63632 -0 -0.77142
vn -0.63452 -0.00019 -0.77291
vn -0.66245 -0.00013 -0.74911
vn -0.66725 0 -0.74484
vn -0.84356 -0 -0.53703
vn -0.84273 -0.00013 -0.53833
vn -0.86151 -9E-05 -0.50774
vn -0.86523 0 -0.50138
vn -0.96823 -0 -0.25006
vn -0.96805 -6E-05 -0.25077
vn -0.97625 -3E-05 -0.21667
vn -0.978 0 -0.20861
vn -0.99812 0 -0.06128
vn -0.99991 -0.01304 5E-05
vn -0.97798 0 0.2087
vn -0.97623 -3E-05 0.21675
vn -0.9682 0 0.25016
vn -0.96803 -6E-05 0.25083
vn -0.91715 0 0.39853
vn -0.86519 0 0.50144
vn -0.86146 -8E-05 0.50782
vn -0.84352 0 0.5371
vn -0.84271 -0.00012 0.53837
vn -0.74911 0 0.66244
vn -0.66722 0 0.74486
vn -0.66238 -0.00012 0.74917
vn -0.63626 0 0.77148
vn -0.63448 -0.00019 0.77294
vn -0.50774 0 0.86151
vn -0.4036 0 0.91494
vn -0.39846 -0.00015 0.91719
vn -0.36672 0 0.93033
vn -0.36386 -0.00025 0.93145
vn -0.99615 0.00152 -0.08765
vn -0.91962 0.00383 -0.3928
vn -0.75207 0.00585 -0.65906
vn -0.51008 0.00765 -0.86009
vn -0.21762 0.00919 -0.97599
vn 0.09637 0.01045 -0.99529
vn 0.40082 0.01147 -0.91608
vn 0.6656 0.01223 -0.74621
vn 0.86449 0.01272 -0.50249
vn 0.97782 0.01295 -0.20904
vn 0.96996 0.00269 0.24324
vn 0.84638 0.00487 0.53256
vn 0.63903 0.0068 0.76915
vn 0.36844 0.00846 0.92961
vn 0.06139 0.00985 0.99807
vn -0.25173 0.011 0.96773
vn -0.53993 0.01188 0.84163
vn -0.77469 0.01249 0.63222
vn -0.93277 0.01285 0.36025
vn -0.99853 0.01296 0.05262
vn 0.58832 -0 0.80863
vn 0.70481 -0 0.70939
vn 0.80476 -0 0.5936
vn 0.8859 -0 0.46387
vn 0.9463 -0 0.32329
vn 0.98454 -0 0.17516
vn 0.6397 0 0.76862
vn 0.49691 -0 0.8678
vn 0.33913 -0 0.94074
vn 0.17108 -0 0.98526
vn -0.00213 0 1
vn -0.34314 0 0.93928
vn -0.50061 0 0.86568
vn -0.64297 0 0.76589
vn 0.70409 0 0.71012
vn -0.58595 0 0.81034
vn -0.70309 0 0.71111
vn -0.80366 0 0.59509
vn -0.88528 0 0.46506
vn -0.94603 0 0.32407
vn -0.98449 0 0.17543
vn -0.93704 0 0.34922
vn -0.86372 0 0.50398
vn -0.76506 0 0.64396
vn 0.76266 -0 0.6468
vn 0.86237 0 0.50628
vn 0.9365 0 0.35068
vn 0.98279 0 0.18473
vn 0.99505 -0 0.09934
vn -0.99505 0 0.09935
vn 0.70757 -0 0.70664
vn 0.80711 -0 0.59041
vn 0.88771 -0 0.46039
vn 0.94756 -0 0.31959
vn 0.98522 -0 0.17127
vn 0.99982 -0 0.01899
vn 0.75206 0 0.65909
vn 0.62656 -0 0.77938
vn 0.48212 -0 0.87611
vn 0.32309 -0 0.94637
vn 0.15434 -0 0.98802
vn -0.01911 0 0.99982
vn -0.19198 0 0.9814
vn -0.35904 0 0.93332
vn -0.51523 0 0.85705
vn -0.58779 0 0.80902
vn 0.8065 0 0.59123
vn -0.45199 0 0.89202
vn -0.5832 0 0.81233
vn -0.70066 0 0.71349
vn -0.80162 0 0.59783
vn -0.88369 0 0.46808
vn -0.94492 0 0.32729
vn -0.94196 0 0.33572
vn -0.87088 0 0.49149
vn -0.77426 0 0.63286
vn -0.6549 0 0.75572
vn 0.85445 -0 0.51953
vn 0.93095 0 0.36515
vn 0.97982 0 0.19988
vn 0.99959 0 0.02868
vn 0.99834 0 -0.05754
vn -0.96726 0 0.25379
vn 0.80942 -0 0.58723
vn 0.88952 -0 0.4569
vn 0.94881 -0 0.31585
vn 0.98589 -0 0.16742
vn 0.99989 -0 0.01507
vn 0.99048 0 -0.13765
vn 0.84591 0 0.53332
vn 0.74075 -0 0.67178
vn 0.61323 -0 0.78991
vn 0.46717 -0 0.88417
vn 0.307 -0 0.95171
vn 0.13752 -0 0.9905
vn -0.03609 0 0.99935
vn -0.20859 0 0.978
vn -0.37484 0 0.92709
vn -0.45399 0 0.89101
vn 0.88906 0 0.45779
vn -0.30686 0 0.95175
vn -0.44894 0 0.89356
vn -0.58043 0 0.81431
vn -0.69822 0 0.71589
vn -0.79959 0 0.60054
vn -0.88209 0 0.47108
vn -0.87787 0 0.4789
vn -0.78327 0 0.62168
vn -0.6657 0 0.74622
vn -0.52861 0 0.84886
vn 0.9252 -0 0.37947
vn 0.97661 0 0.215
vn 0.99903 0 0.04413
vn 0.99177 0 -0.12804
vn 0.97705 0 -0.21301
vn -0.91565 0 0.40198
vn 0.89131 -0 0.45338
vn 0.95005 -0 0.31211
vn 0.98654 -0 0.16353
vn 0.99994 -0 0.01115
vn 0.98993 0 -0.14153
vn 0.95675 0 -0.29092
vn 0.91893 0 0.39441
vn 0.83673 -0 0.54762
vn 0.72925 -0 0.68425
vn 0.59974 -0 0.80019
vn 0.45208 -0 0.89198
vn 0.29079 -0 0.95679
vn 0.12069 -0 0.99269
vn -0.05305 0 0.99859
vn -0.22518 0 0.97432
vn -0.30902 0 0.95106
vn 0.94973 0 0.31307
vn -0.1542 0 0.98804
vn -0.30362 0 0.95279
vn -0.44591 0 0.89508
vn -0.57764 0 0.81629
vn -0.6958 0 0.71824
vn -0.79755 0 0.60326
vn -0.79215 0 0.61033
vn -0.67639 0 0.73655
vn -0.54076 0 0.84117
vn -0.38932 0 0.9211
vn 0.97318 -0 0.23005
vn 0.99822 0 0.05957
vn 0.99363 0 -0.11267
vn 0.95954 0 -0.28159
vn 0.9317 0 -0.36323
vn -0.84149 0 0.54027
vn 0.95127 -0 0.30837
vn 0.98717 -0 0.15968
vn 0.99997 -0 0.00719
vn 0.98936 0 -0.14546
vn 0.9556 0 -0.29465
vn 0.89946 0 -0.43699
vn 0.96931 0 0.24582
vn 0.91209 -0 0.40998
vn 0.82731 -0 0.56175
vn 0.71753 -0 0.69653
vn 0.58606 -0 0.81027
vn 0.43687 -0 0.89952
vn 0.2745 -0 0.96159
vn 0.10384 -0 0.99459
vn -0.07001 0 0.99755
vn -0.15643 0 0.98769
vn 0.98701 0 0.16064
vn 0.00227 0 1
vn -0.15084 0 0.98856
vn -0.30038 0 0.95382
vn -0.44285 0 0.89659
vn -0.57487 0 0.81825
vn -0.69335 0 0.7206
vn -0.68692 0 0.72674
vn -0.55282 0 0.8333
vn -0.40254 0 0.9154
vn -0.24043 0 0.97067
vn 0.99718 -0 0.07502
vn 0.99525 0 -0.09734
vn 0.96377 0 -0.26673
vn 0.90367 0 -0.42823
vn 0.86341 0 -0.50451
vn -0.74661 0 0.66526
vn 0.98779 -0 0.15576
vn 0.99999 -0 0.00326
vn 0.98879 0 -0.14931
vn 0.95443 0 -0.29843
vn 0.89774 0 -0.44052
vn 0.82003 0 -0.57233
vn 0.99583 0 0.09118
vn 0.965 -0 0.26225
vn 0.90501 -0 0.42539
vn 0.81766 -0 0.57571
vn 0.70559 -0 0.70862
vn 0.57222 -0 0.8201
vn 0.42153 -0 0.90681
vn 0.25814 -0 0.96611
vn 0.08692 -0 0.99621
vn 0.99999 0 0.00426
vn 0.15866 0 0.98733
vn 0.00566 0 0.99998
vn -0.14748 0 0.98907
vn -0.29714 0 0.95483
vn -0.4398 0 0.8981
vn -0.57207 0 0.8202
vn -0.56475 0 0.82526
vn -0.41568 0 0.90951
vn -0.25438 0 0.9671
vn -0.08563 0 0.99633
vn 0.99664 0 -0.08193
vn 0.96777 0 -0.25182
vn 0.91019 0 -0.4142
vn 0.82554 0 -0.56434
vn 0.77385 0 -0.63336
vn -0.63335 0 0.77386
vn 1 0 -0.00066
vn 0.98819 0 -0.15323
vn 0.95325 0 -0.30217
vn 0.89601 0 -0.44404
vn 0.81777 0 -0.57555
vn 0.72043 0 -0.69353
vn 0.99784 0 -0.06574
vn 0.99415 -0 0.10805
vn 0.96041 -0 0.2786
vn 0.89765 -0 0.4407
vn 0.80776 -0 0.58951
vn 0.69347 -0 0.72049
vn 0.55821 -0 0.8297
vn 0.40608 -0 0.91384
vn 0.24169 -0 0.97035
vn 0.15643 -0 0.98769
vn 0.98835 0 -0.15222
vn 0.31117 0 0.95035
vn 0.16202 0 0.98679
vn 0.00907 0 0.99996
vn -0.1441 0 0.98956
vn -0.29389 0 0.95584
vn -0.43673 0 0.89959
vn -0.4287 0 0.90345
vn -0.26828 0 0.96334
vn -0.09995 0 0.99499
vn 0.07128 0 0.99746
vn 0.97156 0 -0.2368
vn 0.91646 0 -0.40012
vn 0.83418 0 -0.5515
vn 0.72711 0 -0.68652
vn 0.66524 0 -0.74663
vn -0.5045 0 0.86341
vn 0.98758 0 -0.1571
vn 0.95206 0 -0.30591
vn 0.89425 0 -0.44757
vn 0.81551 0 -0.57875
vn 0.71768 0 -0.69637
vn 0.60305 0 -0.79771
vn 0.97527 0 -0.22103
vn 0.99881 0 -0.04878
vn 0.99217 -0 0.12492
vn 0.95554 -0 0.29486
vn 0.89004 -0 0.45589
vn 0.79764 -0 0.60313
vn 0.68113 -0 0.73216
vn 0.54404 -0 0.83906
vn 0.39051 -0 0.9206
vn 0.30902 -0 0.95106
vn 0.95237 0 -0.30496
vn 0.45601 0 0.88998
vn 0.31439 0 0.94929
vn 0.16538 0 0.98623
vn 0.01247 0 0.99992
vn -0.14074 0 0.99005
vn -0.29063 0 0.95684
vn -0.28211 0 0.95938
vn -0.11426 0 0.99345
vn 0.05692 0 0.99838
vn 0.22645 0 0.97402
vn 0.92255 0 -0.38589
vn 0.8426 0 -0.53853
vn 0.73762 0 -0.67521
vn 0.61076 0 -0.79182
vn 0.54026 0 -0.8415
vn -0.36322 0 0.9317
vn 0.95084 0 -0.30967
vn 0.89249 0 -0.45108
vn 0.81322 0 -0.58196
vn 0.71493 0 -0.6992
vn 0.5999 0 -0.80007
vn 0.47083 0 -0.88222
vn 0.92868 0 -0.37087
vn 0.97888 0 -0.20443
vn 0.99949 0 -0.03182
vn 0.9899 -0 0.14174
vn 0.95039 -0 0.31105
vn 0.88217 -0 0.47093
vn 0.78728 -0 0.61659
vn 0.6686 -0 0.74363
vn 0.52972 -0 0.84817
vn 0.45399 -0 0.89101
vn 0.89293 0 -0.45019
vn 0.58961 0 0.80769
vn 0.45903 0 0.88842
vn 0.31763 0 0.94822
vn 0.16874 0 0.98566
vn 0.01587 0 0.99987
vn -0.13737 0 0.99052
vn -0.12855 0 0.9917
vn 0.04255 0 0.99909
vn 0.2124 0 0.97718
vn 0.37603 0 0.92661
vn 0.85082 0 -0.52545
vn 0.74798 0 -0.66372
vn 0.62292 0 -0.78228
vn 0.47937 0 -0.87761
vn 0.40197 0 -0.91565
vn -0.213 0 0.97705
vn 0.8907 0 -0.45459
vn 0.81093 0 -0.58515
vn 0.71217 0 -0.702
vn 0.59676 0 -0.80242
vn 0.46736 0 -0.88407
vn 0.32703 0 -0.94501
vn 0.85924 0 -0.51158
vn 0.93484 0 -0.35506
vn 0.98221 0 -0.18778
vn 0.99989 0 -0.01484
vn 0.98735 -0 0.15854
vn 0.94498 -0 0.32713
vn 0.87404 -0 0.48585
vn 0.77669 -0 0.62988
vn 0.65589 -0 0.75486
vn 0.58779 -0 0.80902
vn 0.81152 0 -0.58433
vn 0.70871 0 0.7055
vn 0.59236 0 0.80568
vn 0.46205 0 0.88685
vn 0.32085 0 0.94713
vn 0.17209 0 0.98508
vn 0.01927 0 0.99981
vn 0.02817 -0 0.9996
vn 0.19832 0 0.98014
vn 0.36266 0 0.93192
vn 0.51635 0 0.85638
vn 0.75815 0 -0.65208
vn 0.63494 0 -0.77256
vn 0.49288 0 -0.8701
vn 0.33617 0 -0.9418
vn 0.25378 0 -0.96726
vn -0.05753 0 0.99834
vn 0.80862 0 -0.58833
vn 0.70941 0 -0.7048
vn 0.59359 0 -0.80477
vn 0.46387 0 -0.8859
vn 0.3233 0 -0.9463
vn 0.17517 0 -0.98454
vn 0.76862 0 -0.6397
vn 0.8678 0 -0.49691
vn 0.98526 0 -0.17109
vn 1 -0 0.00213
vn 0.98452 -0 0.17528
vn 0.93929 -0 0.34312
vn 0.86567 -0 0.50062
vn 0.70711 -0 0.70711
vn 0.71012 0 -0.70409
vn 0.81034 0 0.58596
vn 0.7111 0 0.70309
vn 0.5951 0 0.80365
vn 0.46506 0 0.88528
vn 0.32408 0 0.94603
vn 0.17544 0 0.98449
vn 0.1842 -0 0.98289
vn 0.34921 0 0.93704
vn 0.50397 0 0.86372
vn 0.64396 0 0.76506
vn 0.50627 0 -0.86237
vn 0.3507 0 -0.93649
vn 0.09934 0 -0.99505
vn 0.09935 0 0.99505
vn 0.70662 0 -0.70759
vn 0.59042 0 -0.8071
vn 0.46039 0 -0.88772
vn 0.31958 0 -0.94756
vn 0.1713 0 -0.98522
vn 0.01899 0 -0.99982
vn 0.65909 0 -0.75206
vn 0.77938 0 -0.62655
vn 0.87611 0 -0.48212
vn 0.94636 0 -0.32311
vn 0.98802 0 -0.15432
vn 0.99982 -0 0.01911
vn 0.9814 -0 0.19197
vn 0.93333 -0 0.35902
vn 0.85704 -0 0.51525
vn 0.80902 -0 0.58779
vn 0.59123 0 -0.8065
vn 0.89203 0 0.45197
vn 0.81233 0 0.5832
vn 0.71349 0 0.70066
vn 0.59783 0 0.80162
vn 0.46807 0 0.88369
vn 0.32729 0 0.94492
vn 0.33569 -0 0.94197
vn 0.49149 0 0.87088
vn 0.63288 0 0.77425
vn 0.75572 0 0.65489
vn 0.51954 0 -0.85445
vn 0.36512 0 -0.93096
vn 0.19988 0 -0.97982
vn 0.02869 0 -0.99959
vn -0.05754 0 -0.99834
vn 0.25379 0 0.96726
vn 0.58723 0 -0.80942
vn 0.45689 0 -0.88952
vn 0.31586 0 -0.94881
vn 0.16741 0 -0.98589
vn 0.01506 0 -0.99989
vn -0.13764 0 -0.99048
vn 0.53333 0 -0.84591
vn 0.67177 0 -0.74076
vn 0.78991 0 -0.61323
vn 0.88416 0 -0.46718
vn 0.95172 0 -0.30698
vn 0.9905 0 -0.13753
vn 0.99935 -0 0.03607
vn 0.978 -0 0.20861
vn 0.9271 -0 0.37482
vn 0.89101 -0 0.45399
vn 0.45779 0 -0.88906
vn 0.95175 0 0.30687
vn 0.89356 0 0.44893
vn 0.8143 0 0.58044
vn 0.71587 0 0.69823
vn 0.60056 0 0.79958
vn 0.47107 0 0.88209
vn 0.47891 -0 0.87787
vn 0.62168 0 0.78327
vn 0.74622 0 0.6657
vn 0.84885 0 0.52863
vn 0.37947 0 -0.9252
vn 0.215 0 -0.97661
vn 0.04414 0 -0.99903
vn -0.12803 -0 -0.99177
vn -0.21301 0 -0.97705
vn 0.40198 0 0.91565
vn 0.45339 0 -0.89131
vn 0.31211 0 -0.95005
vn 0.16353 0 -0.98654
vn 0.01113 0 -0.99994
vn -0.14153 0 -0.98993
vn -0.2909 0 -0.95675
vn 0.39443 0 -0.91893
vn 0.54761 0 -0.83673
vn 0.68425 0 -0.72925
vn 0.8002 0 -0.59973
vn 0.89197 0 -0.45209
vn 0.95679 0 -0.29079
vn 0.99269 0 -0.12069
vn 0.99859 -0 0.05305
vn 0.97432 -0 0.22517
vn 0.95106 -0 0.30902
vn 0.31307 0 -0.94973
vn 0.98804 0 0.1542
vn 0.95279 0 0.30363
vn 0.89509 0 0.44588
vn 0.81629 0 0.57764
vn 0.71824 0 0.6958
vn 0.60327 0 0.79754
vn 0.61035 -0 0.79213
vn 0.73656 0 0.67638
vn 0.84116 0 0.54079
vn 0.92111 0 0.38931
vn 0.23009 0 -0.97317
vn 0.05957 0 -0.99822
vn -0.11269 -0 -0.99363
vn -0.28159 -0 -0.95954
vn -0.36323 0 -0.9317
vn 0.54027 0 0.84149
vn 0.30839 0 -0.95126
vn 0.15965 0 -0.98717
vn 0.00719 0 -0.99997
vn -0.14544 0 -0.98937
vn -0.29466 0 -0.9556
vn -0.43698 0 -0.89947
vn 0.24582 0 -0.96931
vn 0.40997 0 -0.9121
vn 0.56174 0 -0.82731
vn 0.69652 0 -0.71753
vn 0.81028 0 -0.58605
vn 0.89952 0 -0.43689
vn 0.96159 0 -0.2745
vn 0.9946 0 -0.10382
vn 0.99755 -0 0.06999
vn 0.98769 -0 0.15644
vn 0.16065 0 -0.98701
vn 1 0 -0.00227
vn 0.98856 0 0.15084
vn 0.95382 0 0.30039
vn 0.8966 0 0.44284
vn 0.81824 0 0.57488
vn 0.72062 0 0.69333
vn 0.72674 -0 0.68691
vn 0.8333 0 0.55282
vn 0.9154 0 0.40254
vn 0.97067 0 0.24043
vn 0.075 0 -0.99718
vn -0.09732 -0 -0.99525
vn -0.26674 -0 -0.96377
vn -0.42825 -0 -0.90366
vn -0.50451 0 -0.86341
vn 0.66526 0 0.74662
vn 0.15576 0 -0.9878
vn 0.00326 0 -0.99999
vn -0.14932 0 -0.98879
vn -0.29841 0 -0.95444
vn -0.44051 0 -0.89775
vn -0.57232 0 -0.82003
vn 0.09116 0 -0.99584
vn 0.26224 0 -0.965
vn 0.42541 0 -0.905
vn 0.57572 0 -0.81765
vn 0.70862 0 -0.70559
vn 0.8201 0 -0.57222
vn 0.9068 0 -0.42156
vn 0.96611 0 -0.25812
vn 0.99622 0 -0.08691
vn 0.00426 0 -0.99999
vn 0.98733 0 -0.1587
vn 0.99998 0 -0.00566
vn 0.98907 0 0.14748
vn 0.95483 0 0.29715
vn 0.8981 0 0.4398
vn 0.8202 0 0.57207
vn 0.82524 -0 0.56479
vn 0.90953 0 0.41564
vn 0.9671 0 0.25441
vn 0.99633 0 0.0856
vn -0.08193 0 -0.99664
vn -0.2518 -0 -0.96778
vn -0.41422 -0 -0.91018
vn -0.56435 -0 -0.82554
vn -0.63337 0 -0.77385
vn 0.77386 0 0.63335
vn -0.00068 0 -1
vn -0.15321 0 -0.98819
vn -0.30217 0 -0.95325
vn -0.44406 0 -0.896
vn -0.57554 0 -0.81778
vn -0.69353 0 -0.72043
vn -0.06574 -0 -0.99784
vn 0.10807 0 -0.99414
vn 0.2786 0 -0.96041
vn 0.4407 0 -0.89765
vn 0.58951 0 -0.80776
vn 0.7205 0 -0.69346
vn 0.82969 0 -0.55823
vn 0.91384 0 -0.40607
vn 0.97035 0 -0.2417
vn 0.98769 0 -0.15643
vn -0.15222 -0 -0.98835
vn 0.95035 0 -0.31118
vn 0.98679 0 -0.16202
vn 0.99996 0 -0.00906
vn 0.98956 0 0.14411
vn 0.95585 0 0.29386
vn 0.89959 0 0.43673
vn 0.90344 -0 0.42871
vn 0.96334 0 0.26827
vn 0.99499 0 0.09994
vn 0.99746 0 -0.0713
vn -0.23683 0 -0.97155
vn -0.40009 -0 -0.91647
vn -0.55151 -0 -0.83417
vn -0.68652 -0 -0.72711
vn -0.74663 0 -0.66524
vn 0.86341 0 0.5045
vn -0.1571 0 -0.98758
vn -0.30591 0 -0.95206
vn -0.44758 0 -0.89424
vn -0.57875 0 -0.81551
vn -0.69637 0 -0.71768
vn -0.7977 0 -0.60306
vn -0.22102 -0 -0.97527
vn -0.0488 0 -0.99881
vn 0.12492 0 -0.99217
vn 0.29488 0 -0.95553
vn 0.45587 0 -0.89005
vn 0.60315 0 -0.79763
vn 0.73216 0 -0.68114
vn 0.83906 0 -0.54404
vn 0.9206 0 -0.39051
vn 0.95106 0 -0.30902
vn -0.30496 -0 -0.95236
vn 0.88997 0 -0.45602
vn 0.94929 0 -0.31439
vn 0.98623 0 -0.16538
vn 0.99992 0 -0.01246
vn 0.99004 0 0.14075
vn 0.95684 0 0.2906
vn 0.95938 -0 0.2821
vn 0.99345 0 0.11428
vn 0.99838 0 -0.05692
vn 0.97402 0 -0.22645
vn -0.38586 0 -0.92256
vn -0.53855 -0 -0.8426
vn -0.6752 -0 -0.73763
vn -0.79182 -0 -0.61075
vn -0.8415 0 -0.54026
vn 0.9317 0 0.36322
vn -0.30968 0 -0.95084
vn -0.45108 0 -0.89248
vn -0.58194 0 -0.81323
vn -0.6992 0 -0.71493
vn -0.80007 0 -0.59991
vn -0.88222 0 -0.47083
vn -0.37088 -0 -0.92868
vn -0.20442 0 -0.97888
vn -0.03184 0 -0.99949
vn 0.14177 0 -0.9899
vn 0.31102 0 -0.9504
vn 0.47093 0 -0.88217
vn 0.6166 0 -0.78727
vn 0.74362 0 -0.66861
vn 0.84817 0 -0.52973
vn 0.89101 0 -0.45399
vn -0.45018 -0 -0.89294
vn 0.80769 0 -0.58961
vn 0.88843 0 -0.45902
vn 0.94822 0 -0.31761
vn 0.98566 0 -0.16874
vn 0.99987 0 -0.0159
vn 0.99052 0 0.13739
vn 0.9917 -0 0.12855
vn 0.99909 0 -0.04255
vn 0.97718 0 -0.21241
vn 0.92661 0 -0.37603
vn -0.52546 0 -0.85082
vn -0.66373 -0 -0.74797
vn -0.78227 -0 -0.62294
vn -0.87761 -0 -0.47937
vn -0.91566 0 -0.40196
vn 0.97705 0 0.213
vn -0.45461 0 -0.89069
vn -0.58516 0 -0.81092
vn -0.70199 0 -0.71219
vn -0.80242 0 -0.59676
vn -0.88407 0 -0.46735
vn -0.94501 0 -0.32703
vn -0.51158 -0 -0.85923
vn -0.35505 0 -0.93485
vn -0.18778 0 -0.98221
vn -0.01484 0 -0.99989
vn 0.15852 0 -0.98736
vn 0.32715 0 -0.94497
vn 0.48584 0 -0.87405
vn 0.62987 0 -0.7767
vn 0.75486 0 -0.65589
vn 0.80902 0 -0.58779
vn -0.58433 -0 -0.81152
vn 0.70552 0 -0.70869
vn 0.80568 0 -0.59235
vn 0.88685 0 -0.46206
vn 0.94714 0 -0.32083
vn 0.98508 0 -0.1721
vn 0.99981 0 -0.01929
vn 0.9996 0 -0.02817
vn 0.98014 0 -0.19832
vn 0.93192 0 -0.36265
vn 0.85638 0 -0.51634
vn -0.65209 0 -0.75814
vn -0.77256 -0 -0.63494
vn -0.8701 -0 -0.49287
vn -0.9418 -0 -0.33617
vn -0.96726 0 -0.25378
vn 0.99834 0 0.05753
usemtl mat2
f 1//1 3//1 4//1
f 2//1 5//1 6//1
f 2//1 6//1 3//1
f 5//1 7//1 8//1
f 5//1 8//1 6//1
f 7//1 9//1 10//1
f 7//1 10//1 8//1
f 9//1 11//1 12//1
f 9//1 12//1 10//1
f 11//1 13//1 14//1
f 11//1 14//1 12//1
f 13//1 15//1 16//1
f 13//1 16//1 14//1
f 15//1 17//1 18//1
f 15//1 18//1 16//1
f 17//1 19//1 20//1
f 17//1 20//1 18//1
f 19//1 21//1 22//1
f 19//1 22//1 20//1
f 21//1 23//1 24//1
f 21//1 24//1 22//1
f 23//1 25//1 26//1
f 23//1 26//1 24//1
f 25//1 27//1 28//1
f 25//1 28//1 26//1
f 27//1 29//1 30//1
f 27//1 30//1 28//1
f 29//1 31//1 32//1
f 29//1 32//1 30//1
f 31//1 33//1 34//1
f 31//1 34//1 32//1
f 33//1 35//1 36//1
f 33//1 36//1 34//1
f 35//1 37//1 38//1
f 35//1 38//1 36//1
f 37//1 39//1 40//1
f 37//1 40//1 38//1
f 39//1 41//1 42//1
f 39//1 42//1 40//1
f 41//1 43//1 44//1
f 41//1 44//1 42//1
f 43//1 45//1 46//1
f 43//1 46//1 44//1
f 45//1 47//1 48//1
f 45//1 48//1 46//1
f 47//1 49//1 50//1
f 47//1 50//1 48//1
f 49//1 51//1 52//1
f 49//1 52//1 50//1
f 51//1 53//1 54//1
f 51//1 54//1 52//1
f 53//1 55//1 56//1
f 53//1 56//1 54//1
f 55//1 57//1 58//1
f 55//1 58//1 56//1
f 57//1 59//1 60//1
f 57//1 60//1 58//1
f 59//1 61//1 60//1
f 60//1 61//1 62//1
f 60//1 62//1 63//1
f 63//1 62//1 64//1
f 63//1 64//1 65//1
f 65//1 64//1 66//1
f 65//1 66//1 67//1
f 67//1 66//1 68//1
f 67//1 68//1 69//1
f 69//1 68//1 70//1
f 69//1 70//1 71//1
f 71//1 70//1 72//1
f 71//1 72//1 73//1
f 73//1 72//1 74//1
f 73//1 74//1 75//1
f 75//1 74//1 76//1
f 75//1 76//1 77//1
f 77//1 76//1 78//1
f 77//1 78//1 79//1
f 79//1 78//1 80//1
f 79//1 80//1 81//1
f 81//1 80//1 82//1
f 81//1 82//1 83//1
f 83//1 82//1 84//1
f 83//1 84//1 85//1
f 85//1 84//1 86//1
f 85//1 86//1 87//1
f 87//1 86//1 88//1
f 87//1 88//1 89//1
f 89//1 88//1 90//1
f 89//1 90//1 91//1
f 91//1 90//1 92//1
f 91//1 92//1 93//1
f 93//1 92//1 94//1
f 93//1 94//1 95//1
f 95//1 94//1 96//1
f 95//1 96//1 97//1
f 97//1 96//1 98//1
f 97//1 98//1 99//1
f 99//1 98//1 100//1
f 99//1 100//1 101//1
f 101//1 100//1 102//1
f 101//1 102//1 103//1
f 103//1 102//1 104//1
f 103//1 104//1 105//1
f 105//1 104//1 106//1
f 105//1 106//1 107//1
f 107//1 106//1 108//1
f 107//1 108//1 109//1
f 109//1 108//1 110//1
f 109//1 110//1 111//1
f 111//1 110//1 112//1
f 111//1 112//1 113//1
f 113//1 112//1 114//1
f 113//1 114//1 115//1
f 115//1 114//1 116//1
f 115//1 116//1 117//1
f 117//1 116//1 118//1
f 117//1 118//1 119//1
f 119//1 118//1 120//1
f 119//1 120//1 121//1
f 121//1 120//1 122//1
f 121//1 122//1 123//1
f 123//1 122//1 124//1
f 123//1 124//1 125//1
f 125//1 124//1 126//1
f 125//1 126//1 127//1
f 127//1 126//1 128//1
f 127//1 128//1 129//1
f 129//1 128//1 130//1
f 129//1 130//1 131//1
f 131//1 130//1 132//1
f 131//1 132//1 133//1
f 133//1 132//1 134//1
f 133//1 134//1 135//1
f 135//1 134//1 136//1
f 135//1 136//1 137//1
f 137//1 136//1 138//1
f 137//1 138//1 139//1
f 139//1 138//1 140//1
f 139//1 140//1 141//1
f 141//1 140//1 142//1
f 141//1 142//1 143//1
f 143//1 142//1 144//1
f 143//1 144//1 145//1
f 145//1 144//1 146//1
f 145//1 146//1 147//1
f 147//1 146//1 148//1
f 147//1 148//1 149//1
f 149//1 148//1 150//1
f 149//1 150//1 151//1
f 151//1 150//1 152//1
f 151//1 152//1 153//1
f 153//1 152//1 154//1
f 153//1 154//1 155//1
f 155//1 154//1 156//1
f 155//1 156//1 157//1
f 157//1 156//1 158//1
f 157//1 158//1 159//1
f 159//1 158//1 160//1
f 159//1 160//1 161//1
f 161//1 160//1 162//1
f 161//1 162//1 163//1
f 163//1 162//1 164//1
f 163//1 164//1 165//1
f 165//1 164//1 166//1
f 165//1 166//1 167//1
f 167//1 166//1 168//1
f 167//1 168//1 169//1
f 169//1 168//1 170//1
f 169//1 170//1 171//1
f 171//1 170//1 172//1
f 171//1 172//1 173//1
f 173//1 172//1 174//1
f 173//1 174//1 175//1
f 175//1 174//1 176//1
f 175//1 176//1 177//1
f 177//1 176//1 178//1
f 177//1 178//1 179//1
f 179//1 178//1 180//1
f 180//1 181//1 182//1
f 180//1 182//1 179//1
f 181//1 183//1 184//1
f 181//1 184//1 182//1
f 183//1 185//1 186//1
f 183//1 186//1 184//1
f 185//1 187//1 188//1
f 185//1 188//1 186//1
f 187//1 189//1 190//1
f 187//1 190//1 188//1
f 189//1 191//1 192//1
f 189//1 192//1 190//1
f 191//1 193//1 194//1
f 191//1 194//1 192//1
f 193//1 195//1 196//1
f 193//1 196//1 194//1
f 195//1 197//1 198//1
f 195//1 198//1 196//1
f 197//1 199//1 200//1
f 197//1 200//1 198//1
f 199//1 201//1 202//1
f 199//1 202//1 200//1
f 201//1 203//1 204//1
f 201//1 204//1 202//1
f 203//1 205//1 206//1
f 203//1 206//1 204//1
f 205//1 207//1 208//1
f 205//1 208//1 206//1
f 207//1 209//1 210//1
f 207//1 210//1 208//1
f 209//1 211//1 212//1
f 209//1 212//1 210//1
f 211//1 213//1 214//1
f 211//1 214//1 212//1
f 213//1 215//1 216//1
f 213//1 216//1 214//1
f 215//1 217//1 218//1
f 215//1 218//1 216//1
f 217//1 219//1 220//1
f 217//1 220//1 218//1
f 219//1 221//1 222//1
f 219//1 222//1 220//1
f 221//1 223//1 224//1
f 221//1 224//1 222//1
f 223//1 225//1 226//1
f 223//1 226//1 224//1
f 225//1 227//1 228//1
f 225//1 228//1 226//1
f 227//1 229//1 230//1
f 227//1 230//1 228//1
f 229//1 231//1 232//1
f 229//1 232//1 230//1
f 231//1 233//1 234//1
f 231//1 234//1 232//1
f 233//1 235//1 236//1
f 233//1 236//1 234//1
f 235//1 237//1 238//1
f 235//1 238//1 236//1
f 237//1 239//1 240//1
f 237//1 240//1 238//1
f 239//1 241//1 242//1
f 239//1 242//1 240//1
f 241//1 243//1 244//1
f 241//1 244//1 242//1
f 243//1 245//1 246//1
f 243//1 246//1 244//1
f 245//1 247//1 248//1
f 245//1 248//1 246//1
f 247//1 249//1 250//1
f 247//1 250//1 248//1
f 249//1 251//1 252//1
f 249//1 252//1 250//1
f 251//1 253//1 254//1
f 251//1 254//1 252//1
f 253//1 255//1 256//1
f 253//1 256//1 254//1
f 255//1 257//1 258//1
f 255//1 258//1 256//1
f 257//1 259//1 260//1
f 257//1 260//1 258//1
f 259//1 261//1 262//1
f 259//1 262//1 260//1
f 261//1 263//1 264//1
f 261//1 264//1 262//1
f 263//1 265//1 266//1
f 263//1 266//1 264//1
f 265//1 267//1 268//1
f 265//1 268//1 266//1
f 267//1 269//1 270//1
f 267//1 270//1 268//1
f 269//1 271//1 272//1
f 269//1 272//1 270//1
f 271//1 273//1 274//1
f 271//1 274//1 272//1
f 273//1 275//1 276//1
f 273//1 276//1 274//1
f 275//1 277//1 278//1
f 275//1 278//1 276//1
f 277//1 279//1 280//1
f 277//1 280//1 278//1
f 279//1 281//1 282//1
f 279//1 282//1 280//1
f 281//1 283//1 284//1
f 281//1 284//1 282//1
f 283//1 285//1 286//1
f 283//1 286//1 284//1
f 285//1 287//1 288//1
f 285//1 288//1 286//1
f 287//1 289//1 290//1
f 287//1 290//1 288//1
f 289//1 291//1 292//1
f 289//1 292//1 290//1
f 291//1 293//1 294//1
f 291//1 294//1 292//1
f 293//1 295//1 296//1
f 293//1 296//1 294//1
f 295//1 297//1 298//1
f 295//1 298//1 296//1
f 297//1 299//1 298//1
f 298//1 299//1 300//1
f 298//1 300//1 301//1
f 301//1 300//1 302//1
f 301//1 302//1 303//1
f 303//1 302//1 304//1
f 303//1 304//1 305//1
f 305//1 304//1 306//1
f 305//1 306//1 307//1
f 307//1 306//1 308//1
f 307//1 308//1 309//1
f 309//1 308//1 310//1
f 309//1 310//1 311//1
f 311//1 310//1 312//1
f 311//1 312//1 313//1
f 313//1 312//1 314//1
f 313//1 314//1 315//1
f 315//1 314//1 316//1
f 315//1 316//1 317//1
f 317//1 316//1 318//1
f 317//1 318//1 319//1
f 319//1 318//1 320//1
f 319//1 320//1 321//1
f 321//1 320//1 322//1
f 321//1 322//1 323//1
f 323//1 322//1 324//1
f 323//1 324//1 325//1
f 325//1 324//1 326//1
f 325//1 326//1 327//1
f 327//1 326//1 328//1
f 327//1 328//1 329//1
f 329//1 328//1 330//1
f 329//1 330//1 331//1
f 331//1 330//1 332//1
f 331//1 332//1 333//1
f 333//1 332//1 334//1
f 333//1 334//1 335//1
f 335//1 334//1 336//1
f 335//1 336//1 337//1
f 337//1 336//1 338//1
f 337//1 338//1 339//1
f 339//1 338//1 340//1
f 339//1 340//1 341//1
f 341//1 340//1 342//1
f 341//1 342//1 343//1
f 343//1 342//1 344//1
f 343//1 344//1 345//1
f 345//1 344//1 346//1
f 345//1 346//1 347//1
f 347//1 346//1 348//1
f 347//1 348//1 349//1
f 349//1 348//1 350//1
f 349//1 350//1 351//1
f 351//1 350//1 352//1
f 351//1 352//1 353//1
f 353//1 352//1 354//1
f 353//1 354//1 355//1
f 355//1 354//1 1//1
f 355//1 1//1 4//1
f 356//2 177//2 357//2
f 357//2 177//2 179//2
f 357//3 179//3 358//3
f 358//3 179//3 182//3
f 358//4 182//4 184//4
f 358//4 184//4 359//4
f 359//5 184//5 186//5
f 359//5 186//5 360//5
f 360//6 186//6 188//6
f 360//6 188//6 361//6
f 361//7 188//7 190//7
f 361//7 190//7 362//7
f 362//8 190//8 192//8
f 362//8 192//8 363//8
f 363//9 192//9 194//9
f 363//9 194//9 364//9
f 364//10 194//10 196//10
f 364//10 196//10 365//10
f 365//11 196//11 198//11
f 365//11 198//11 366//11
f 366//12 198//12 200//12
f 366//12 200//12 367//12
f 367//13 200//13 202//13
f 367//13 202//13 368//13
f 368//14 202//14 204//14
f 368//14 204//14 369//14
f 369//15 204//15 206//15
f 369//15 206//15 370//15
f 370//16 206//16 208//16
f 370//16 208//16 371//16
f 371//17 208//17 210//17
f 371//17 210//17 372//17
f 372//18 210//18 212//18
f 372//18 212//18 373//18
f 373//19 212//19 214//19
f 373//19 214//19 374//19
f 374//20 214//20 216//20
f 374//20 216//20 375//20
f 375//21 216//21 218//21
f 375//21 218//21 376//21
f 376//22 218//22 220//22
f 376//22 220//22 377//22
f 377//23 220//23 222//23
f 377//23 222//23 378//23
f 378//24 222//24 224//24
f 378//24 224//24 379//24
f 379//25 224//25 226//25
f 379//25 226//25 380//25
f 380//26 226//26 228//26
f 380//26 228//26 381//26
f 381//27 228//27 230//27
f 381//27 230//27 382//27
f 382//28 230//28 232//28
f 382//28 232//28 383//28
f 383//29 232//29 234//29
f 383//29 234//29 384//29
f 384//30 234//30 236//30
f 384//30 236//30 385//30
f 385//31 236//31 238//31
f 385//31 238//31 386//31
f 386//32 238//32 240//32
f 386//32 240//32 387//32
f 387//33 240//33 242//33
f 387//33 242//33 388//33
f 388//34 242//34 244//34
f 388//34 244//34 389//34
f 389//35 244//35 246//35
f 389//35 246//35 390//35
f 390//36 246//36 248//36
f 390//36 248//36 391//36
f 391//37 248//37 250//37
f 391//37 250//37 392//37
f 392//38 250//38 252//38
f 392//38 252//38 393//38
f 393//39 252//39 254//39
f 393//39 254//39 394//39
f 394//40 254//40 256//40
f 394//40 256//40 395//40
f 395//41 256//41 258//41
f 395//41 258//41 396//41
f 396//42 258//42 260//42
f 396//42 260//42 397//42
f 397//43 260//43 262//43
f 397//43 262//43 398//43
f 398//44 262//44 264//44
f 398//44 264//44 399//44
f 399//45 264//45 266//45
f 399//45 266//45 400//45
f 400//46 266//46 268//46
f 400//46 268//46 401//46
f 401//47 268//47 270//47
f 401//47 270//47 402//47
f 402//48 270//48 272//48
f 402//48 272//48 403//48
f 403//49 272//49 274//49
f 403//49 274//49 404//49
f 404//50 274//50 276//50
f 404//50 276//50 405//50
f 405//51 276//51 278//51
f 405//51 278//51 406//51
f 406//52 278//52 280//52
f 406//52 280//52 407//52
f 407//53 280//53 282//53
f 407//53 282//53 408//53
f 408//54 282//54 284//54
f 408//54 284//54 409//54
f 409//55 284//55 286//55
f 409//55 286//55 410//55
f 410//56 286//56 288//56
f 410//56 288//56 411//56
f 411//57 288//57 290//57
f 411//57 290//57 412//57
f 412//58 290//58 292//58
f 412//58 292//58 413//58
f 413//59 292//59 294//59
f 413//59 294//59 414//59
f 414//60 294//60 296//60
f 414//60 296//60 415//60
f 415//61 296//61 298//61
f 415//61 298//61 416//61
f 416//62 298//62 301//62
f 416//62 301//62 417//62
f 417//63 301//63 303//63
f 417//63 303//63 418//63
f 418//64 303//64 305//64
f 418//64 305//64 419//64
f 419//65 305//65 307//65
f 419//65 307//65 420//65
f 420//66 307//66 309//66
f 420//66 309//66 421//66
f 421//67 309//67 311//67
f 421//67 311//67 422//67
f 422//68 311//68 313//68
f 422//68 313//68 423//68
f 423//69 313//69 315//69
f 423//69 315//69 424//69
f 424//70 315//70 317//70
f 424//70 317//70 425//70
f 425//71 317//71 319//71
f 425//71 319//71 426//71
f 426//72 319//72 321//72
f 426//72 321//72 427//72
f 427//73 321//73 323//73
f 427//73 323//73 428//73
f 428//74 323//74 325//74
f 428//74 325//74 429//74
f 429//75 325//75 327//75
f 429//75 327//75 430//75
f 430//76 327//76 329//76
f 430//76 329//76 431//76
f 431//77 329//77 331//77
f 431//77 331//77 432//77
f 432//78 331//78 333//78
f 432//78 333//78 433//78
f 433//79 333//79 335//79
f 433//79 335//79 434//79
f 434//80 335//80 337//80
f 434//80 337//80 435//80
f 435//81 337//81 339//81
f 435//81 339//81 436//81
f 436//82 339//82 341//82
f 436//82 341//82 437//82
f 437//83 341//83 343//83
f 437//83 343//83 438//83
f 438//84 343//84 345//84
f 438//84 345//84 439//84
f 439//85 345//85 347//85
f 439//85 347//85 440//85
f 440//86 347//86 349//86
f 440//86 349//86 441//86
f 441//87 349//87 351//87
f 441//87 351//87 442//87
f 442//88 351//88 353//88
f 442//88 353//88 443//88
f 443//89 353//89 355//89
f 443//89 355//89 444//89
f 444//90 355//90 4//90
f 444//90 4//90 445//90
f 445//91 4//91 3//91
f 445//91 3//91 446//91
f 446//92 3//92 6//92
f 446//92 6//92 447//92
f 447//93 6//93 8//93
f 447//93 8//93 448//93
f 448//94 8//94 10//94
f 448//94 10//94 449//94
f 449//95 10//95 12//95
f 449//95 12//95 450//95
f 450//96 12//96 14//96
f 450//96 14//96 451//96
f 451//97 14//97 16//97
f 451//97 16//97 452//97
f 452//98 16//98 18//98
f 452//98 18//98 453//98
f 453//99 18//99 20//99
f 453//99 20//99 454//99
f 454//100 20//100 22//100
f 454//100 22//100 455//100
f 455//101 22//101 24//101
f 455//101 24//101 456//101
f 456//102 24//102 26//102
f 456//102 26//102 457//102
f 457//103 26//103 28//103
f 457//103 28//103 458//103
f 458//104 28//104 30//104
f 458//104 30//104 459//104
f 459//105 30//105 32//105
f 459//105 32//105 460//105
f 460//106 32//106 34//106
f 460//106 34//106 461//106
f 461//107 34//107 36//107
f 461//107 36//107 462//107
f 462//108 36//108 38//108
f 462//108 38//108 463//108
f 463//109 38//109 40//109
f 463//109 40//109 464//109
f 464//110 40//110 42//110
f 464//110 42//110 465//110
f 465//111 42//111 44//111
f 465//111 44//111 466//111
f 466//112 44//112 46//112
f 466//112 46//112 467//112
f 467//113 46//113 48//113
f 467//113 48//113 468//113
f 468//114 48//114 50//114
f 468//114 50//114 469//114
f 469//115 50//115 52//115
f 469//115 52//115 470//115
f 470//116 52//116 54//116
f 470//116 54//116 471//116
f 471//117 54//117 56//117
f 471//117 56//117 472//117
f 472//118 56//118 58//118
f 472//118 58//118 473//118
f 473//119 58//119 60//119
f 473//119 60//119 474//119
f 474//120 60//120 63//120
f 474//120 63//120 475//120
f 475//121 63//121 65//121
f 475//121 65//121 476//121
f 476//122 65//122 67//122
f 476//122 67//122 477//122
f 477//123 67//123 69//123
f 477//123 69//123 478//123
f 478//124 69//124 71//124
f 478//124 71//124 479//124
f 479//125 71//125 73//125
f 479//125 73//125 480//125
f 480//126 73//126 75//126
f 480//126 75//126 481//126
f 481//127 75//127 77//127
f 481//127 77//127 482//127
f 482//128 77//128 79//128
f 482//128 79//128 483//128
f 483//129 79//129 81//129
f 483//129 81//129 484//129
f 484//130 81//130 83//130
f 484//130 83//130 485//130
f 485//131 83//131 85//131
f 485//131 85//131 486//131
f 486//132 85//132 87//132
f 486//132 87//132 487//132
f 487//133 87//133 89//133
f 487//133 89//133 488//133
f 488//134 89//134 91//134
f 488//134 91//134 489//134
f 489//135 91//135 93//135
f 489//135 93//135 490//135
f 490//136 93//136 95//136
f 490//136 95//136 491//136
f 491//137 95//137 97//137
f 491//137 97//137 492//137
f 492//138 97//138 99//138
f 492//138 99//138 493//138
f 493//139 99//139 101//139
f 493//139 101//139 494//139
f 494//140 101//140 103//140
f 494//140 103//140 495//140
f 495//141 103//141 105//141
f 495//141 105//141 496//141
f 496//142 105//142 107//142
f 496//142 107//142 497//142
f 497//143 107//143 109//143
f 497//143 109//143 498//143
f 498//144 109//144 111//144
f 498//144 111//144 499//144
f 499//145 111//145 113//145
f 499//145 113//145 500//145
f 500//146 113//146 115//146
f 500//146 115//146 501//146
f 501//147 115//147 117//147
f 501//147 117//147 502//147
f 502//148 117//148 119//148
f 502//148 119//148 503//148
f 503//149 119//149 121//149
f 503//149 121//149 504//149
f 504//150 121//150 123//150
f 504//150 123//150 505//150
f 505//151 123//151 125//151
f 505//151 125//151 506//151
f 506//152 125//152 127//152
f 506//152 127//152 507//152
f 507//153 127//153 129//153
f 507//153 129//153 508//153
f 508//154 129//154 131//154
f 508//154 131//154 509//154
f 509//155 131//155 133//155
f 509//155 133//155 510//155
f 510//156 133//156 135//156
f 510//156 135//156 511//156
f 511//157 135//157 137//157
f 511//157 137//157 512//157
f 512//158 137//158 139//158
f 512//158 139//158 513//158
f 513//159 139//159 141//159
f 513//159 141//159 514//159
f 514//160 141//160 143//160
f 514//160 143//160 515//160
f 515//161 143//161 145//161
f 515//161 145//161 516//161
f 516//162 145//162 147//162
f 516//162 147//162 517//162
f 517//163 147//163 149//163
f 517//163 149//163 518//163
f 518//164 149//164 151//164
f 518//164 151//164 519//164
f 519//165 151//165 153//165
f 519//165 153//165 520//165
f 520//166 153//166 155//166
f 520//166 155//166 521//166
f 521//167 155//167 157//167
f 521//167 157//167 522//167
f 522//168 157//168 159//168
f 522//168 159//168 523//168
f 523//169 159//169 161//169
f 523//169 161//169 524//169
f 524//170 161//170 163//170
f 524//170 163//170 525//170
f 525//171 163//171 165//171
f 525//171 165//171 526//171
f 526//172 165//172 167//172
f 526//172 167//172 527//172
f 527//173 167//173 169//173
f 527//173 169//173 528//173
f 528//174 169//174 171//174
f 528//174 171//174 529//174
f 529//175 171//175 173//175
f 529//175 173//175 530//175
f 530//176 173//176 175//176
f 530//176 175//176 531//176
f 531//177 175//177 177//177
f 531//177 177//177 356//177
f 532//1 533//1 534//1
f 534//1 533//1 535//1
f 535//1 533//1 536//1
f 536//1 533//1 537//1
f 537//1 533//1 538//1
f 538//1 533//1 539//1
f 539//1 533//1 540//1
f 539//1 540//1 541//1
f 541//1 540//1 542//1
f 541//1 542//1 543//1
f 544//1 545//1 540//1
f 540//1 545//1 546//1
f 540//1 546//1 547//1
f 547//1 548//1 540//1
f 540//1 548//1 542//1
f 543//1 549//1 550//1
f 543//1 550//1 551//1
f 543//1 551//1 541//1
f 541//1 551//1 552//1
f 549//1 553//1 554//1
f 549//1 554//1 555//1
f 549//1 555//1 550//1
f 556//1 557//1 553//1
f 553//1 557//1 554//1
f 554//1 558//1 559//1
f 554//1 559//1 555//1
f 560//1 561//1 558//1
f 558//1 561//1 562//1
f 558//1 562//1 563//1
f 563//1 564//1 558//1
f 558//1 564//1 565//1
f 558//1 565//1 566//1
f 566//1 559//1 558//1
f 552//1 567//1 541//1
f 568//1 569//1 570//1
f 570//1 569//1 571//1
f 571//1 569//1 572//1
f 572//1 569//1 573//1
f 573//1 569//1 574//1
f 574//1 569//1 575//1
f 575//1 569//1 576//1
f 575//1 576//1 577//1
f 577//1 576//1 578//1
f 577//1 578//1 579//1
f 580//1 581//1 576//1
f 576//1 581//1 582//1
f 576//1 582//1 583//1
f 583//1 584//1 576//1
f 576//1 584//1 578//1
f 579//1 585//1 586//1
f 579//1 586//1 587//1
f 579//1 587//1 577//1
f 577//1 587//1 588//1
f 585//1 589//1 590//1
f 585//1 590//1 591//1
f 585//1 591//1 586//1
f 589//1 592//1 590//1
f 590//1 592//1 593//1
f 590//1 594//1 595//1
f 590//1 595//1 591//1
f 596//1 597//1 594//1
f 594//1 597//1 598//1
f 594//1 598//1 599//1
f 599//1 600//1 594//1
f 594//1 600//1 601//1
f 594//1 601//1 602//1
f 602//1 595//1 594//1
f 588//1 603//1 577//1
f 604//1 605//1 606//1
f 606//1 605//1 607//1
f 607//1 605//1 608//1
f 608//1 605//1 609//1
f 609//1 605//1 610//1
f 610//1 605//1 611//1
f 611//1 605//1 612//1
f 611//1 612//1 613//1
f 613//1 612//1 614//1
f 613//1 614//1 615//1
f 615//1 614//1 616//1
f 605//1 617//1 618//1
f 605//1 618//1 612//1
f 619//1 620//1 617//1
f 617//1 620//1 621//1
f 617//1 621//1 622//1
f 622//1 623//1 617//1
f 617//1 623//1 624//1
f 617//1 624//1 618//1
f 616//1 625//1 615//1
f 615//1 626//1 627//1
f 615//1 627//1 628//1
f 629//1 630//1 626//1
f 626//1 630//1 631//1
f 626//1 631//1 632//1
f 632//1 633//1 626//1
f 626//1 633//1 634//1
f 626//1 634//1 635//1
f 635//1 636//1 626//1
f 626//1 636//1 627//1
f 628//1 637//1 613//1
f 628//1 613//1 615//1
f 637//1 638//1 613//1
f 613//1 638//1 639//1
f 640//1 641//1 642//1
f 642//1 641//1 643//1
f 643//1 641//1 644//1
f 644//1 641//1 645//1
f 645//1 641//1 646//1
f 646//1 641//1 647//1
f 646//1 647//1 648//1
f 648//1 647//1 649//1
f 648//1 649//1 650//1
f 648//1 650//1 651//1
f 651//1 650//1 652//1
f 651//1 652//1 653//1
f 651//1 653//1 654//1
f 654//1 653//1 655//1
f 655//1 653//1 656//1
f 641//1 657//1 658//1
f 641//1 658//1 647//1
f 659//1 660//1 657//1
f 657//1 660//1 661//1
f 657//1 661//1 662//1
f 662//1 663//1 657//1
f 657//1 663//1 664//1
f 657//1 664//1 658//1
f 665//1 666//1 647//1
f 647//1 666//1 649//1
f 652//1 667//1 668//1
f 652//1 668//1 653//1
f 667//1 669//1 668//1
f 668//1 669//1 670//1
f 668//1 670//1 671//1
f 671//1 672//1 668//1
f 668//1 672//1 673//1
f 668//1 673//1 674//1
f 674//1 675//1 668//1
f 676//1 677//1 678//1
f 678//1 677//1 679//1
f 679//1 677//1 680//1
f 680//1 677//1 681//1
f 681//1 677//1 682//1
f 682//1 677//1 683//1
f 682//1 683//1 684//1
f 684//1 683//1 685//1
f 684//1 685//1 686//1
f 684//1 686//1 687//1
f 687//1 686//1 688//1
f 687//1 688//1 689//1
f 687//1 689//1 690//1
f 690//1 689//1 691//1
f 677//1 692//1 693//1
f 677//1 693//1 683//1
f 694//1 695//1 692//1
f 692//1 695//1 696//1
f 692//1 696//1 697//1
f 697//1 698//1 692//1
f 692//1 698//1 699//1
f 692//1 699//1 693//1
f 700//1 701//1 683//1
f 683//1 701//1 685//1
f 688//1 702//1 703//1
f 688//1 703//1 689//1
f 702//1 704//1 703//1
f 703//1 704//1 705//1
f 703//1 705//1 706//1
f 706//1 707//1 703//1
f 703//1 707//1 708//1
f 703//1 708//1 709//1
f 709//1 710//1 703//1
f 691//1 711//1 690//1
f 712//1 713//1 714//1
f 714//1 713//1 715//1
f 715//1 713//1 716//1
f 716//1 713//1 717//1
f 717//1 713//1 718//1
f 718//1 713//1 719//1
f 719//1 713//1 720//1
f 719//1 720//1 721//1
f 721//1 720//1 722//1
f 721//1 722//1 723//1
f 713//1 724//1 725//1
f 713//1 725//1 720//1
f 726//1 727//1 724//1
f 724//1 727//1 728//1
f 724//1 728//1 729//1
f 729//1 730//1 724//1
f 724//1 730//1 731//1
f 724//1 731//1 725//1
f 732//1 733//1 720//1
f 720//1 733//1 722//1
f 723//1 734//1 735//1
f 723//1 735//1 721//1
f 721//1 735//1 736//1
f 737//1 738//1 734//1
f 734//1 738//1 739//1
f 734//1 739//1 740//1
f 740//1 741//1 734//1
f 734//1 741//1 742//1
f 734//1 742//1 743//1
f 743//1 744//1 734//1
f 734//1 744//1 745//1
f 734//1 745//1 735//1
f 736//1 746//1 721//1
f 721//1 746//1 747//1
f 748//1 749//1 750//1
f 750//1 749//1 751//1
f 751//1 749//1 752//1
f 752//1 749//1 753//1
f 753//1 749//1 754//1
f 754//1 749//1 755//1
f 755//1 749//1 756//1
f 755//1 756//1 757//1
f 757//1 756//1 758//1
f 757//1 758//1 759//1
f 749//1 760//1 761//1
f 749//1 761//1 756//1
f 762//1 763//1 760//1
f 760//1 763//1 764//1
f 760//1 764//1 765//1
f 765//1 766//1 760//1
f 760//1 766//1 767//1
f 760//1 767//1 761//1
f 768//1 769//1 756//1
f 756//1 769//1 758//1
f 759//1 770//1 771//1
f 759//1 771//1 757//1
f 757//1 771//1 772//1
f 773//1 774//1 770//1
f 770//1 774//1 775//1
f 770//1 775//1 776//1
f 776//1 777//1 770//1
f 770//1 777//1 778//1
f 770//1 778//1 779//1
f 779//1 780//1 770//1
f 770//1 780//1 781//1
f 770//1 781//1 771//1
f 772//1 782//1 757//1
f 757//1 782//1 783//1
f 784//1 785//1 786//1
f 786//1 785//1 787//1
f 787//1 785//1 788//1
f 788//1 785//1 789//1
f 789//1 785//1 790//1
f 790//1 785//1 791//1
f 790//1 791//1 792//1
f 792//1 791//1 793//1
f 792//1 793//1 794//1
f 792//1 794//1 795//1
f 795//1 794//1 796//1
f 795//1 796//1 797//1
f 797//1 796//1 798//1
f 798//1 796//1 799//1
f 785//1 800//1 801//1
f 785//1 801//1 791//1
f 802//1 803//1 800//1
f 800//1 803//1 804//1
f 800//1 804//1 805//1
f 805//1 806//1 800//1
f 800//1 806//1 807//1
f 800//1 807//1 801//1
f 793//1 808//1 794//1
f 794//1 808//1 809//1
f 794//1 810//1 796//1
f 796//1 810//1 811//1
f 796//1 811//1 812//1
f 812//1 811//1 813//1
f 812//1 813//1 814//1
f 814//1 813//1 815//1
f 815//1 813//1 816//1
f 815//1 816//1 817//1
f 817//1 816//1 818//1
f 817//1 818//1 819//1
f 820//1 821//1 822//1
f 822//1 821//1 823//1
f 823//1 821//1 824//1
f 824//1 821//1 825//1
f 825//1 821//1 826//1
f 826//1 821//1 827//1
f 827//1 821//1 828//1
f 827//1 828//1 829//1
f 829//1 828//1 830//1
f 829//1 830//1 831//1
f 832//1 833//1 828//1
f 828//1 833//1 834//1
f 828//1 834//1 835//1
f 835//1 836//1 828//1
f 828//1 836//1 837//1
f 828//1 837//1 830//1
f 838//1 839//1 831//1
f 831//1 839//1 840//1
f 831//1 840//1 841//1
f 841//1 842//1 843//1
f 841//1 843//1 844//1
f 845//1 846//1 842//1
f 842//1 846//1 847//1
f 842//1 847//1 848//1
f 848//1 849//1 842//1
f 842//1 849//1 850//1
f 842//1 850//1 851//1
f 851//1 843//1 842//1
f 844//1 852//1 831//1
f 844//1 831//1 841//1
f 852//1 853//1 829//1
f 852//1 829//1 831//1
f 853//1 854//1 829//1
f 829//1 854//1 855//1
f 856//1 857//1 858//1
f 858//1 857//1 859//1
f 859//1 857//1 860//1
f 860//1 857//1 861//1
f 861//1 857//1 862//1
f 862//1 857//1 863//1
f 863//1 857//1 864//1
f 863//1 864//1 865//1
f 865//1 864//1 866//1
f 865//1 866//1 867//1
f 868//1 869//1 864//1
f 864//1 869//1 870//1
f 864//1 870//1 871//1
f 871//1 872//1 864//1
f 864//1 872//1 873//1
f 864//1 873//1 866//1
f 874//1 875//1 867//1
f 867//1 875//1 876//1
f 867//1 876//1 877//1
f 877//1 878//1 879//1
f 877//1 879//1 880//1
f 881//1 882//1 878//1
f 878//1 882//1 883//1
f 878//1 883//1 884//1
f 884//1 885//1 878//1
f 878//1 885//1 886//1
f 878//1 886//1 887//1
f 887//1 879//1 878//1
f 880//1 888//1 867//1
f 880//1 867//1 877//1
f 888//1 889//1 865//1
f 888//1 865//1 867//1
f 889//1 890//1 865//1
f 865//1 890//1 891//1
f 892//1 893//1 894//1
f 894//1 893//1 895//1
f 895//1 893//1 896//1
f 896//1 893//1 897//1
f 897//1 893//1 898//1
f 898//1 893//1 899//1
f 899//1 893//1 900//1
f 899//1 900//1 901//1
f 901//1 900//1 902//1
f 901//1 902//1 903//1
f 904//1 905//1 900//1
f 900//1 905//1 906//1
f 900//1 906//1 907//1
f 907//1 908//1 900//1
f 900//1 908//1 902//1
f 903//1 909//1 910//1
f 903//1 910//1 911//1
f 903//1 911//1 901//1
f 901//1 911//1 912//1
f 909//1 913//1 914//1
f 909//1 914//1 915//1
f 909//1 915//1 910//1
f 916//1 917//1 913//1
f 913//1 917//1 914//1
f 914//1 918//1 919//1
f 914//1 919//1 915//1
f 920//1 921//1 918//1
f 918//1 921//1 922//1
f 918//1 922//1 923//1
f 923//1 924//1 918//1
f 918//1 924//1 925//1
f 918//1 925//1 926//1
f 926//1 919//1 918//1
f 912//1 927//1 901//1
f 928//1 929//1 930//1
f 930//1 929//1 931//1
f 931//1 929//1 932//1
f 932//1 929//1 933//1
f 933//1 929//1 934//1
f 934//1 929//1 935//1
f 935//1 929//1 936//1
f 935//1 936//1 937//1
f 937//1 936//1 938//1
f 937//1 938//1 939//1
f 940//1 941//1 936//1
f 936//1 941//1 942//1
f 936//1 942//1 943//1
f 943//1 944//1 936//1
f 936//1 944//1 938//1
f 939//1 945//1 946//1
f 939//1 946//1 947//1
f 939//1 947//1 937//1
f 937//1 947//1 948//1
f 945//1 949//1 950//1
f 945//1 950//1 951//1
f 945//1 951//1 946//1
f 949//1 952//1 950//1
f 950//1 952//1 953//1
f 950//1 954//1 955//1
f 950//1 955//1 951//1
f 956//1 957//1 954//1
f 954//1 957//1 958//1
f 954//1 958//1 959//1
f 959//1 960//1 954//1
f 954//1 960//1 961//1
f 954//1 961//1 962//1
f 962//1 955//1 954//1
f 948//1 963//1 937//1
f 964//1 965//1 966//1
f 966//1 965//1 967//1
f 967//1 965//1 968//1
f 968//1 965//1 969//1
f 969//1 965//1 970//1
f 970//1 965//1 971//1
f 971//1 965//1 972//1
f 971//1 972//1 973//1
f 973//1 972//1 974//1
f 973//1 974//1 975//1
f 975//1 974//1 976//1
f 965//1 977//1 978//1
f 965//1 978//1 972//1
f 979//1 980//1 977//1
f 977//1 980//1 981//1
f 977//1 981//1 982//1
f 982//1 983//1 977//1
f 977//1 983//1 984//1
f 977//1 984//1 978//1
f 976//1 985//1 975//1
f 975//1 986//1 987//1
f 975//1 987//1 988//1
f 989//1 990//1 986//1
f 986//1 990//1 991//1
f 986//1 991//1 992//1
f 992//1 993//1 986//1
f 986//1 993//1 994//1
f 986//1 994//1 995//1
f 995//1 996//1 986//1
f 986//1 996//1 987//1
f 988//1 997//1 973//1
f 988//1 973//1 975//1
f 997//1 998//1 973//1
f 973//1 998//1 999//1
f 1000//1 1001//1 1002//1
f 1002//1 1001//1 1003//1
f 1003//1 1001//1 1004//1
f 1004//1 1001//1 1005//1
f 1005//1 1001//1 1006//1
f 1006//1 1001//1 1007//1
f 1006//1 1007//1 1008//1
f 1008//1 1007//1 1009//1
f 1008//1 1009//1 1010//1
f 1008//1 1010//1 1011//1
f 1011//1 1010//1 1012//1
f 1011//1 1012//1 1013//1
f 1011//1 1013//1 1014//1
f 1014//1 1013//1 1015//1
f 1015//1 1013//1 1016//1
f 1001//1 1017//1 1018//1
f 1001//1 1018//1 1007//1
f 1019//1 1020//1 1017//1
f 1017//1 1020//1 1021//1
f 1017//1 1021//1 1022//1
f 1022//1 1023//1 1017//1
f 1017//1 1023//1 1024//1
f 1017//1 1024//1 1018//1
f 1025//1 1026//1 1007//1
f 1007//1 1026//1 1009//1
f 1012//1 1027//1 1028//1
f 1012//1 1028//1 1013//1
f 1027//1 1029//1 1028//1
f 1028//1 1029//1 1030//1
f 1028//1 1030//1 1031//1
f 1031//1 1032//1 1028//1
f 1028//1 1032//1 1033//1
f 1028//1 1033//1 1034//1
f 1034//1 1035//1 1028//1
f 1036//1 1037//1 1038//1
f 1038//1 1037//1 1039//1
f 1039//1 1037//1 1040//1
f 1040//1 1037//1 1041//1
f 1041//1 1037//1 1042//1
f 1042//1 1037//1 1043//1
f 1042//1 1043//1 1044//1
f 1044//1 1043//1 1045//1
f 1044//1 1045//1 1046//1
f 1044//1 1046//1 1047//1
f 1047//1 1046//1 1048//1
f 1047//1 1048//1 1049//1
f 1049//1 1048//1 1050//1
f 1037//1 1051//1 1052//1
f 1037//1 1052//1 1043//1
f 1053//1 1054//1 1051//1
f 1051//1 1054//1 1055//1
f 1051//1 1055//1 1056//1
f 1056//1 1057//1 1051//1
f 1051//1 1057//1 1058//1
f 1051//1 1058//1 1052//1
f 1059//1 1060//1 1043//1
f 1043//1 1060//1 1045//1
f 1046//1 1061//1 1062//1
f 1046//1 1062//1 1048//1
f 1063//1 1064//1 1061//1
f 1061//1 1064//1 1065//1
f 1061//1 1065//1 1066//1
f 1066//1 1067//1 1061//1
f 1061//1 1067//1 1068//1
f 1061//1 1068//1 1069//1
f 1069//1 1070//1 1061//1
f 1061//1 1070//1 1062//1
f 1050//1 1071//1 1049//1
f 1072//1 1073//1 1074//1
f 1074//1 1073//1 1075//1
f 1075//1 1073//1 1076//1
f 1076//1 1073//1 1077//1
f 1077//1 1073//1 1078//1
f 1078//1 1073//1 1079//1
f 1079//1 1073//1 1080//1
f 1079//1 1080//1 1081//1
f 1081//1 1080//1 1082//1
f 1081//1 1082//1 1083//1
f 1073//1 1084//1 1085//1
f 1073//1 1085//1 1080//1
f 1086//1 1087//1 1084//1
f 1084//1 1087//1 1088//1
f 1084//1 1088//1 1089//1
f 1089//1 1090//1 1084//1
f 1084//1 1090//1 1091//1
f 1084//1 1091//1 1085//1
f 1092//1 1093//1 1080//1
f 1080//1 1093//1 1082//1
f 1083//1 1094//1 1095//1
f 1083//1 1095//1 1081//1
f 1081//1 1095//1 1096//1
f 1097//1 1098//1 1094//1
f 1094//1 1098//1 1099//1
f 1094//1 1099//1 1100//1
f 1100//1 1101//1 1094//1
f 1094//1 1101//1 1102//1
f 1094//1 1102//1 1103//1
f 1103//1 1104//1 1094//1
f 1094//1 1104//1 1105//1
f 1094//1 1105//1 1095//1
f 1096//1 1106//1 1081//1
f 1081//1 1106//1 1107//1
f 1108//1 1109//1 1110//1
f 1110//1 1109//1 1111//1
f 1111//1 1109//1 1112//1
f 1112//1 1109//1 1113//1
f 1113//1 1109//1 1114//1
f 1114//1 1109//1 1115//1
f 1115//1 1109//1 1116//1
f 1115//1 1116//1 1117//1
f 1117//1 1116//1 1118//1
f 1117//1 1118//1 1119//1
f 1109//1 1120//1 1121//1
f 1109//1 1121//1 1116//1
f 1122//1 1123//1 1120//1
f 1120//1 1123//1 1124//1
f 1120//1 1124//1 1125//1
f 1125//1 1126//1 1120//1
f 1120//1 1126//1 1127//1
f 1120//1 1127//1 1121//1
f 1128//1 1129//1 1116//1
f 1116//1 1129//1 1118//1
f 1119//1 1130//1 1131//1
f 1119//1 1131//1 1117//1
f 1117//1 1131//1 1132//1
f 1133//1 1134//1 1130//1
f 1130//1 1134//1 1135//1
f 1130//1 1135//1 1136//1
f 1136//1 1137//1 1130//1
f 1130//1 1137//1 1138//1
f 1130//1 1138//1 1139//1
f 1139//1 1140//1 1130//1
f 1130//1 1140//1 1141//1
f 1130//1 1141//1 1131//1
f 1132//1 1142//1 1117//1
f 1117//1 1142//1 1143//1
f 1144//1 1145//1 1146//1
f 1146//1 1145//1 1147//1
f 1147//1 1145//1 1148//1
f 1148//1 1145//1 1149//1
f 1149//1 1145//1 1150//1
f 1150//1 1145//1 1151//1
f 1151//1 1145//1 1152//1
f 1151//1 1152//1 1153//1
f 1153//1 1152//1 1154//1
f 1153//1 1154//1 1155//1
f 1156//1 1157//1 1152//1
f 1152//1 1157//1 1158//1
f 1152//1 1158//1 1159//1
f 1159//1 1160//1 1152//1
f 1152//1 1160//1 1154//1
f 1155//1 1161//1 1153//1
f 1153//1 1161//1 1162//1
f 1153//1 1162//1 1163//1
f 1163//1 1162//1 1164//1
f 1164//1 1165//1 1163//1
f 1153//1 1163//1 1166//1
f 1153//1 1166//1 1167//1
f 1167//1 1166//1 1168//1
f 1168//1 1166//1 1169//1
f 1170//1 1171//1 1172//1
f 1170//1 1172//1 1166//1
f 1171//1 1173//1 1174//1
f 1171//1 1174//1 1172//1
f 1174//1 1173//1 1175//1
f 1175//1 1173//1 1176//1
f 1175//1 1176//1 1177//1
f 1177//1 1176//1 1178//1
f 1177//1 1178//1 1179//1
f 1166//1 1163//1 1170//1
f 1180//1 1181//1 1182//1
f 1182//1 1181//1 1183//1
f 1183//1 1181//1 1184//1
f 1184//1 1181//1 1185//1
f 1185//1 1181//1 1186//1
f 1186//1 1181//1 1187//1
f 1187//1 1181//1 1188//1
f 1187//1 1188//1 1189//1
f 1189//1 1188//1 1190//1
f 1189//1 1190//1 1191//1
f 1192//1 1193//1 1188//1
f 1188//1 1193//1 1194//1
f 1188//1 1194//1 1195//1
f 1195//1 1196//1 1188//1
f 1188//1 1196//1 1197//1
f 1188//1 1197//1 1190//1
f 1198//1 1199//1 1191//1
f 1191//1 1199//1 1200//1
f 1191//1 1200//1 1201//1
f 1191//1 1201//1 1202//1
f 1191//1 1202//1 1203//1
f 1201//1 1204//1 1202//1
f 1202//1 1204//1 1205//1
f 1202//1 1205//1 1206//1
f 1206//1 1207//1 1202//1
f 1202//1 1207//1 1208//1
f 1202//1 1208//1 1209//1
f 1209//1 1210//1 1202//1
f 1202//1 1210//1 1211//1
f 1202//1 1211//1 1212//1
f 1203//1 1213//1 1189//1
f 1203//1 1189//1 1191//1
f 1213//1 1214//1 1189//1
f 1189//1 1214//1 1215//1
f 1216//1 1217//1 1218//1
f 1218//1 1217//1 1219//1
f 1219//1 1217//1 1220//1
f 1220//1 1217//1 1221//1
f 1221//1 1217//1 1222//1
f 1222//1 1217//1 1223//1
f 1223//1 1217//1 1224//1
f 1223//1 1224//1 1225//1
f 1225//1 1224//1 1226//1
f 1225//1 1226//1 1227//1
f 1228//1 1229//1 1224//1
f 1224//1 1229//1 1230//1
f 1224//1 1230//1 1231//1
f 1231//1 1232//1 1224//1
f 1224//1 1232//1 1233//1
f 1224//1 1233//1 1226//1
f 1234//1 1235//1 1227//1
f 1227//1 1235//1 1236//1
f 1227//1 1236//1 1237//1
f 1227//1 1237//1 1238//1
f 1227//1 1238//1 1239//1
f 1237//1 1240//1 1238//1
f 1238//1 1240//1 1241//1
f 1238//1 1241//1 1242//1
f 1242//1 1243//1 1238//1
f 1238//1 1243//1 1244//1
f 1238//1 1244//1 1245//1
f 1245//1 1246//1 1238//1
f 1238//1 1246//1 1247//1
f 1238//1 1247//1 1248//1
f 1239//1 1249//1 1225//1
f 1239//1 1225//1 1227//1
f 1249//1 1250//1 1225//1
f 1225//1 1250//1 1251//1
f 1252//1 1253//1 1254//1
f 1254//1 1253//1 1255//1
f 1255//1 1253//1 1256//1
f 1256//1 1253//1 1257//1
f 1257//1 1253//1 1258//1
f 1258//1 1253//1 1259//1
f 1259//1 1253//1 1260//1
f 1259//1 1260//1 1261//1
f 1261//1 1260//1 1262//1
f 1261//1 1262//1 1263//1
f 1264//1 1265//1 1260//1
f 1260//1 1265//1 1266//1
f 1260//1 1266//1 1267//1
f 1267//1 1268//1 1260//1
f 1260//1 1268//1 1262//1
f 1263//1 1269//1 1270//1
f 1263//1 1270//1 1271//1
f 1263//1 1271//1 1261//1
f 1261//1 1271//1 1272//1
f 1269//1 1273//1 1274//1
f 1269//1 1274//1 1270//1
f 1270//1 1274//1 1275//1
f 1270//1 1275//1 1276//1
f 1276//1 1275//1 1277//1
f 1278//1 1279//1 1273//1
f 1273//1 1279//1 1274//1
f 1277//1 1280//1 1276//1
f 1276//1 1280//1 1281//1
f 1276//1 1281//1 1282//1
f 1282//1 1283//1 1276//1
f 1276//1 1283//1 1284//1
f 1276//1 1284//1 1285//1
f 1285//1 1286//1 1276//1
f 1272//1 1287//1 1261//1
f 1288//1 1289//1 1290//1
f 1290//1 1289//1 1291//1
f 1291//1 1289//1 1292//1
f 1292//1 1289//1 1293//1
f 1293//1 1289//1 1294//1
f 1294//1 1289//1 1295//1
f 1295//1 1289//1 1296//1
f 1295//1 1296//1 1297//1
f 1297//1 1296//1 1298//1
f 1297//1 1298//1 1299//1
f 1300//1 1301//1 1296//1
f 1296//1 1301//1 1302//1
f 1296//1 1302//1 1303//1
f 1303//1 1304//1 1296//1
f 1296//1 1304//1 1298//1
f 1299//1 1305//1 1306//1
f 1299//1 1306//1 1307//1
f 1299//1 1307//1 1297//1
f 1297//1 1307//1 1308//1
f 1305//1 1309//1 1310//1
f 1305//1 1310//1 1311//1
f 1305//1 1311//1 1306//1
f 1309//1 1312//1 1310//1
f 1310//1 1312//1 1313//1
f 1310//1 1314//1 1315//1
f 1310//1 1315//1 1311//1
f 1316//1 1317//1 1314//1
f 1314//1 1317//1 1318//1
f 1314//1 1318//1 1319//1
f 1319//1 1320//1 1314//1
f 1314//1 1320//1 1321//1
f 1314//1 1321//1 1322//1
f 1322//1 1315//1 1314//1
f 1308//1 1323//1 1297//1
f 1324//1 1325//1 1326//1
f 1326//1 1325//1 1327//1
f 1327//1 1325//1 1328//1
f 1328//1 1325//1 1329//1
f 1329//1 1325//1 1330//1
f 1330//1 1325//1 1331//1
f 1331//1 1325//1 1332//1
f 1331//1 1332//1 1333//1
f 1333//1 1332//1 1334//1
f 1333//1 1334//1 1335//1
f 1335//1 1334//1 1336//1
f 1325//1 1337//1 1338//1
f 1325//1 1338//1 1332//1
f 1339//1 1340//1 1337//1
f 1337//1 1340//1 1341//1
f 1337//1 1341//1 1342//1
f 1342//1 1343//1 1337//1
f 1337//1 1343//1 1344//1
f 1337//1 1344//1 1338//1
f 1336//1 1345//1 1335//1
f 1335//1 1346//1 1347//1
f 1335//1 1347//1 1348//1
f 1349//1 1350//1 1346//1
f 1346//1 1350//1 1351//1
f 1346//1 1351//1 1352//1
f 1352//1 1353//1 1346//1
f 1346//1 1353//1 1354//1
f 1346//1 1354//1 1355//1
f 1355//1 1356//1 1346//1
f 1346//1 1356//1 1347//1
f 1348//1 1357//1 1333//1
f 1348//1 1333//1 1335//1
f 1357//1 1358//1 1333//1
f 1333//1 1358//1 1359//1
f 1360//1 1361//1 1362//1
f 1362//1 1361//1 1363//1
f 1363//1 1361//1 1364//1
f 1364//1 1361//1 1365//1
f 1365//1 1361//1 1366//1
f 1366//1 1361//1 1367//1
f 1366//1 1367//1 1368//1
f 1368//1 1367//1 1369//1
f 1368//1 1369//1 1370//1
f 1368//1 1370//1 1371//1
f 1371//1 1370//1 1372//1
f 1371//1 1372//1 1373//1
f 1371//1 1373//1 1374//1
f 1374//1 1373//1 1375//1
f 1375//1 1373//1 1376//1
f 1361//1 1377//1 1378//1
f 1361//1 1378//1 1367//1
f 1379//1 1380//1 1377//1
f 1377//1 1380//1 1381//1
f 1377//1 1381//1 1382//1
f 1382//1 1383//1 1377//1
f 1377//1 1383//1 1384//1
f 1377//1 1384//1 1378//1
f 1385//1 1386//1 1367//1
f 1367//1 1386//1 1369//1
f 1372//1 1387//1 1388//1
f 1372//1 1388//1 1373//1
f 1387//1 1389//1 1388//1
f 1388//1 1389//1 1390//1
f 1388//1 1390//1 1391//1
f 1391//1 1392//1 1388//1
f 1388//1 1392//1 1393//1
f 1388//1 1393//1 1394//1
f 1394//1 1395//1 1388//1
f 1396//1 1397//1 1398//1
f 1398//1 1397//1 1399//1
f 1399//1 1397//1 1400//1
f 1400//1 1397//1 1401//1
f 1401//1 1397//1 1402//1
f 1402//1 1397//1 1403//1
f 1402//1 1403//1 1404//1
f 1404//1 1403//1 1405//1
f 1404//1 1405//1 1406//1
f 1404//1 1406//1 1407//1
f 1407//1 1406//1 1408//1
f 1407//1 1408//1 1409//1
f 1407//1 1409//1 1410//1
f 1410//1 1409//1 1411//1
f 1397//1 1412//1 1413//1
f 1397//1 1413//1 1403//1
f 1414//1 1415//1 1412//1
f 1412//1 1415//1 1416//1
f 1412//1 1416//1 1417//1
f 1417//1 1418//1 1412//1
f 1412//1 1418//1 1419//1
f 1412//1 1419//1 1413//1
f 1420//1 1421//1 1403//1
f 1403//1 1421//1 1405//1
f 1408//1 1422//1 1423//1
f 1408//1 1423//1 1409//1
f 1422//1 1424//1 1423//1
f 1423//1 1424//1 1425//1
f 1423//1 1425//1 1426//1
f 1426//1 1427//1 1423//1
f 1423//1 1427//1 1428//1
f 1423//1 1428//1 1429//1
f 1429//1 1430//1 1423//1
f 1411//1 1431//1 1410//1
f 1432//1 1433//1 1434//1
f 1434//1 1433//1 1435//1
f 1435//1 1433//1 1436//1
f 1436//1 1433//1 1437//1
f 1437//1 1433//1 1438//1
f 1438//1 1433//1 1439//1
f 1439//1 1433//1 1440//1
f 1439//1 1440//1 1441//1
f 1441//1 1440//1 1442//1
f 1441//1 1442//1 1443//1
f 1433//1 1444//1 1445//1
f 1433//1 1445//1 1440//1
f 1446//1 1447//1 1444//1
f 1444//1 1447//1 1448//1
f 1444//1 1448//1 1449//1
f 1449//1 1450//1 1444//1
f 1444//1 1450//1 1451//1
f 1444//1 1451//1 1445//1
f 1452//1 1453//1 1440//1
f 1440//1 1453//1 1442//1
f 1443//1 1454//1 1455//1
f 1443//1 1455//1 1441//1
f 1441//1 1455//1 1456//1
f 1454//1 1457//1 1458//1
f 1454//1 1458//1 1455//1
f 1457//1 1459//1 1458//1
f 1458//1 1459//1 1460//1
f 1458//1 1460//1 1461//1
f 1461//1 1462//1 1458//1
f 1458//1 1462//1 1463//1
f 1458//1 1463//1 1464//1
f 1464//1 1465//1 1458//1
f 1456//1 1466//1 1441//1
f 1441//1 1466//1 1467//1
f 1468//1 1469//1 1470//1
f 1470//1 1469//1 1471//1
f 1471//1 1469//1 1472//1
f 1472//1 1469//1 1473//1
f 1473//1 1469//1 1474//1
f 1474//1 1469//1 1475//1
f 1475//1 1469//1 1476//1
f 1475//1 1476//1 1477//1
f 1477//1 1476//1 1478//1
f 1477//1 1478//1 1479//1
f 1469//1 1480//1 1481//1
f 1469//1 1481//1 1476//1
f 1482//1 1483//1 1480//1
f 1480//1 1483//1 1484//1
f 1480//1 1484//1 1485//1
f 1485//1 1486//1 1480//1
f 1480//1 1486//1 1487//1
f 1480//1 1487//1 1481//1
f 1488//1 1489//1 1476//1
f 1476//1 1489//1 1478//1
f 1479//1 1490//1 1491//1
f 1479//1 1491//1 1477//1
f 1477//1 1491//1 1492//1
f 1490//1 1493//1 1494//1
f 1490//1 1494//1 1491//1
f 1493//1 1495//1 1494//1
f 1494//1 1495//1 1496//1
f 1494//1 1496//1 1497//1
f 1497//1 1498//1 1494//1
f 1494//1 1498//1 1499//1
f 1494//1 1499//1 1500//1
f 1500//1 1501//1 1494//1
f 1492//1 1502//1 1477//1
f 1477//1 1502//1 1503//1
f 1504//1 1505//1 1506//1
f 1506//1 1505//1 1507//1
f 1507//1 1505//1 1508//1
f 1508//1 1505//1 1509//1
f 1509//1 1505//1 1510//1
f 1510//1 1505//1 1511//1
f 1511//1 1505//1 1512//1
f 1511//1 1512//1 1513//1
f 1513//1 1512//1 1514//1
f 1513//1 1514//1 1515//1
f 1516//1 1517//1 1512//1
f 1512//1 1517//1 1518//1
f 1512//1 1518//1 1519//1
f 1519//1 1520//1 1512//1
f 1512//1 1520//1 1514//1
f 1515//1 1521//1 1513//1
f 1513//1 1521//1 1522//1
f 1513//1 1522//1 1523//1
f 1523//1 1522//1 1524//1
f 1524//1 1525//1 1523//1
f 1513//1 1523//1 1526//1
f 1513//1 1526//1 1527//1
f 1527//1 1526//1 1528//1
f 1528//1 1526//1 1529//1
f 1530//1 1531//1 1532//1
f 1530//1 1532//1 1526//1
f 1531//1 1533//1 1534//1
f 1531//1 1534//1 1532//1
f 1534//1 1533//1 1535//1
f 1535//1 1533//1 1536//1
f 1535//1 1536//1 1537//1
f 1537//1 1536//1 1538//1
f 1537//1 1538//1 1539//1
f 1526//1 1523//1 1530//1
f 1540//1 1541//1 1542//1
f 1542//1 1541//1 1543//1
f 1543//1 1541//1 1544//1
f 1544//1 1541//1 1545//1
f 1545//1 1541//1 1546//1
f 1546//1 1541//1 1547//1
f 1547//1 1541//1 1548//1
f 1547//1 1548//1 1549//1
f 1549//1 1548//1 1550//1
f 1549//1 1550//1 1551//1
f 1552//1 1553//1 1548//1
f 1548//1 1553//1 1554//1
f 1548//1 1554//1 1555//1
f 1555//1 1556//1 1548//1
f 1548//1 1556//1 1557//1
f 1548//1 1557//1 1550//1
f 1558//1 1559//1 1551//1
f 1551//1 1559//1 1560//1
f 1551//1 1560//1 1561//1
f 1551//1 1561//1 1562//1
f 1551//1 1562//1 1563//1
f 1561//1 1564//1 1562//1
f 1562//1 1564//1 1565//1
f 1562//1 1565//1 1566//1
f 1566//1 1567//1 1562//1
f 1562//1 1567//1 1568//1
f 1562//1 1568//1 1569//1
f 1569//1 1570//1 1562//1
f 1562//1 1570//1 1571//1
f 1562//1 1571//1 1572//1
f 1563//1 1573//1 1549//1
f 1563//1 1549//1 1551//1
f 1573//1 1574//1 1549//1
f 1549//1 1574//1 1575//1
f 1576//1 1577//1 1578//1
f 1578//1 1577//1 1579//1
f 1579//1 1577//1 1580//1
f 1580//1 1577//1 1581//1
f 1581//1 1577//1 1582//1
f 1582//1 1577//1 1583//1
f 1583//1 1577//1 1584//1
f 1583//1 1584//1 1585//1
f 1585//1 1584//1 1586//1
f 1585//1 1586//1 1587//1
f 1588//1 1589//1 1584//1
f 1584//1 1589//1 1590//1
f 1584//1 1590//1 1591//1
f 1591//1 1592//1 1584//1
f 1584//1 1592//1 1593//1
f 1584//1 1593//1 1586//1
f 1594//1 1595//1 1587//1
f 1587//1 1595//1 1596//1
f 1587//1 1596//1 1597//1
f 1587//1 1597//1 1598//1
f 1587//1 1598//1 1599//1
f 1597//1 1600//1 1598//1
f 1598//1 1600//1 1601//1
f 1598//1 1601//1 1602//1
f 1602//1 1603//1 1598//1
f 1598//1 1603//1 1604//1
f 1598//1 1604//1 1605//1
f 1605//1 1606//1 1598//1
f 1598//1 1606//1 1607//1
f 1598//1 1607//1 1608//1
f 1599//1 1609//1 1585//1
f 1599//1 1585//1 1587//1
f 1609//1 1610//1 1585//1
f 1585//1 1610//1 1611//1
f 1612//1 1613//1 1614//1
f 1614//1 1613//1 1615//1
f 1615//1 1613//1 1616//1
f 1616//1 1613//1 1617//1
f 1617//1 1613//1 1618//1
f 1618//1 1613//1 1619//1
f 1619//1 1613//1 1620//1
f 1619//1 1620//1 1621//1
f 1621//1 1620//1 1622//1
f 1621//1 1622//1 1623//1
f 1624//1 1625//1 1620//1
f 1620//1 1625//1 1626//1
f 1620//1 1626//1 1627//1
f 1627//1 1628//1 1620//1
f 1620//1 1628//1 1622//1
f 1623//1 1629//1 1630//1
f 1623//1 1630//1 1631//1
f 1623//1 1631//1 1621//1
f 1621//1 1631//1 1632//1
f 1629//1 1633//1 1634//1
f 1629//1 1634//1 1635//1
f 1629//1 1635//1 1630//1
f 1636//1 1637//1 1633//1
f 1633//1 1637//1 1634//1
f 1634//1 1638//1 1639//1
f 1634//1 1639//1 1635//1
f 1640//1 1641//1 1638//1
f 1638//1 1641//1 1642//1
f 1638//1 1642//1 1643//1
f 1643//1 1644//1 1638//1
f 1638//1 1644//1 1645//1
f 1638//1 1645//1 1646//1
f 1646//1 1639//1 1638//1
f 1632//1 1647//1 1621//1
f 1648//1 1649//1 1650//1
f 1650//1 1649//1 1651//1
f 1651//1 1649//1 1652//1
f 1652//1 1649//1 1653//1
f 1653//1 1649//1 1654//1
f 1654//1 1649//1 1655//1
f 1655//1 1649//1 1656//1
f 1655//1 1656//1 1657//1
f 1657//1 1656//1 1658//1
f 1657//1 1658//1 1659//1
f 1660//1 1661//1 1656//1
f 1656//1 1661//1 1662//1
f 1656//1 1662//1 1663//1
f 1663//1 1664//1 1656//1
f 1656//1 1664//1 1658//1
f 1659//1 1665//1 1666//1
f 1659//1 1666//1 1667//1
f 1659//1 1667//1 1657//1
f 1657//1 1667//1 1668//1
f 1665//1 1669//1 1670//1
f 1665//1 1670//1 1671//1
f 1665//1 1671//1 1666//1
f 1669//1 1672//1 1670//1
f 1670//1 1672//1 1673//1
f 1670//1 1674//1 1675//1
f 1670//1 1675//1 1671//1
f 1676//1 1677//1 1674//1
f 1674//1 1677//1 1678//1
f 1674//1 1678//1 1679//1
f 1679//1 1680//1 1674//1
f 1674//1 1680//1 1681//1
f 1674//1 1681//1 1682//1
f 1682//1 1675//1 1674//1
f 1668//1 1683//1 1657//1
f 1684//1 1685//1 1686//1
f 1686//1 1685//1 1687//1
f 1687//1 1685//1 1688//1
f 1688//1 1685//1 1689//1
f 1689//1 1685//1 1690//1
f 1690//1 1685//1 1691//1
f 1691//1 1685//1 1692//1
f 1691//1 1692//1 1693//1
f 1693//1 1692//1 1694//1
f 1693//1 1694//1 1695//1
f 1695//1 1694//1 1696//1
f 1685//1 1697//1 1698//1
f 1685//1 1698//1 1692//1
f 1699//1 1700//1 1697//1
f 1697//1 1700//1 1701//1
f 1697//1 1701//1 1702//1
f 1702//1 1703//1 1697//1
f 1697//1 1703//1 1704//1
f 1697//1 1704//1 1698//1
f 1696//1 1705//1 1695//1
f 1695//1 1706//1 1707//1
f 1695//1 1707//1 1708//1
f 1709//1 1710//1 1706//1
f 1706//1 1710//1 1711//1
f 1706//1 1711//1 1712//1
f 1712//1 1713//1 1706//1
f 1706//1 1713//1 1714//1
f 1706//1 1714//1 1715//1
f 1715//1 1716//1 1706//1
f 1706//1 1716//1 1707//1
f 1708//1 1717//1 1693//1
f 1708//1 1693//1 1695//1
f 1717//1 1718//1 1693//1
f 1693//1 1718//1 1719//1
f 1720//1 1721//1 1722//1
f 1722//1 1721//1 1723//1
f 1723//1 1721//1 1724//1
f 1724//1 1721//1 1725//1
f 1725//1 1721//1 1726//1
f 1726//1 1721//1 1727//1
f 1726//1 1727//1 1728//1
f 1728//1 1727//1 1729//1
f 1728//1 1729//1 1730//1
f 1728//1 1730//1 1731//1
f 1731//1 1730//1 1732//1
f 1731//1 1732//1 1733//1
f 1731//1 1733//1 1734//1
f 1734//1 1733//1 1735//1
f 1735//1 1733//1 1736//1
f 1721//1 1737//1 1738//1
f 1721//1 1738//1 1727//1
f 1739//1 1740//1 1737//1
f 1737//1 1740//1 1741//1
f 1737//1 1741//1 1742//1
f 1742//1 1743//1 1737//1
f 1737//1 1743//1 1744//1
f 1737//1 1744//1 1738//1
f 1745//1 1746//1 1727//1
f 1727//1 1746//1 1729//1
f 1732//1 1747//1 1748//1
f 1732//1 1748//1 1733//1
f 1747//1 1749//1 1748//1
f 1748//1 1749//1 1750//1
f 1748//1 1750//1 1751//1
f 1751//1 1752//1 1748//1
f 1748//1 1752//1 1753//1
f 1748//1 1753//1 1754//1
f 1754//1 1755//1 1748//1
f 1756//1 1757//1 1758//1
f 1758//1 1757//1 1759//1
f 1759//1 1757//1 1760//1
f 1760//1 1757//1 1761//1
f 1761//1 1757//1 1762//1
f 1762//1 1757//1 1763//1
f 1762//1 1763//1 1764//1
f 1764//1 1763//1 1765//1
f 1764//1 1765//1 1766//1
f 1764//1 1766//1 1767//1
f 1767//1 1766//1 1768//1
f 1767//1 1768//1 1769//1
f 1767//1 1769//1 1770//1
f 1770//1 1769//1 1771//1
f 1757//1 1772//1 1773//1
f 1757//1 1773//1 1763//1
f 1774//1 1775//1 1772//1
f 1772//1 1775//1 1776//1
f 1772//1 1776//1 1777//1
f 1777//1 1778//1 1772//1
f 1772//1 1778//1 1779//1
f 1772//1 1779//1 1773//1
f 1780//1 1781//1 1763//1
f 1763//1 1781//1 1765//1
f 1768//1 1782//1 1783//1
f 1768//1 1783//1 1769//1
f 1782//1 1784//1 1783//1
f 1783//1 1784//1 1785//1
f 1783//1 1785//1 1786//1
f 1786//1 1787//1 1783//1
f 1783//1 1787//1 1788//1
f 1783//1 1788//1 1789//1
f 1789//1 1790//1 1783//1
f 1771//1 1791//1 1770//1
f 1792//1 1793//1 1794//1
f 1794//1 1793//1 1795//1
f 1795//1 1793//1 1796//1
f 1796//1 1793//1 1797//1
f 1797//1 1793//1 1798//1
f 1798//1 1793//1 1799//1
f 1799//1 1793//1 1800//1
f 1799//1 1800//1 1801//1
f 1801//1 1800//1 1802//1
f 1801//1 1802//1 1803//1
f 1793//1 1804//1 1805//1
f 1793//1 1805//1 1800//1
f 1806//1 1807//1 1804//1
f 1804//1 1807//1 1808//1
f 1804//1 1808//1 1809//1
f 1809//1 1810//1 1804//1
f 1804//1 1810//1 1811//1
f 1804//1 1811//1 1805//1
f 1812//1 1813//1 1800//1
f 1800//1 1813//1 1802//1
f 1803//1 1814//1 1815//1
f 1803//1 1815//1 1801//1
f 1801//1 1815//1 1816//1
f 1814//1 1817//1 1818//1
f 1814//1 1818//1 1815//1
f 1817//1 1819//1 1818//1
f 1818//1 1819//1 1820//1
f 1818//1 1820//1 1821//1
f 1821//1 1822//1 1818//1
f 1818//1 1822//1 1823//1
f 1818//1 1823//1 1824//1
f 1824//1 1825//1 1818//1
f 1816//1 1826//1 1801//1
f 1801//1 1826//1 1827//1
f 1828//1 1829//1 1830//1
f 1830//1 1829//1 1831//1
f 1831//1 1829//1 1832//1
f 1832//1 1829//1 1833//1
f 1833//1 1829//1 1834//1
f 1834//1 1829//1 1835//1
f 1835//1 1829//1 1836//1
f 1835//1 1836//1 1837//1
f 1837//1 1836//1 1838//1
f 1837//1 1838//1 1839//1
f 1829//1 1840//1 1841//1
f 1829//1 1841//1 1836//1
f 1842//1 1843//1 1840//1
f 1840//1 1843//1 1844//1
f 1840//1 1844//1 1845//1
f 1845//1 1846//1 1840//1
f 1840//1 1846//1 1847//1
f 1840//1 1847//1 1841//1
f 1848//1 1849//1 1836//1
f 1836//1 1849//1 1838//1
f 1839//1 1850//1 1851//1
f 1839//1 1851//1 1837//1
f 1837//1 1851//1 1852//1
f 1850//1 1853//1 1854//1
f 1850//1 1854//1 1851//1
f 1853//1 1855//1 1854//1
f 1854//1 1855//1 1856//1
f 1854//1 1856//1 1857//1
f 1857//1 1858//1 1854//1
f 1854//1 1858//1 1859//1
f 1854//1 1859//1 1860//1
f 1860//1 1861//1 1854//1
f 1852//1 1862//1 1837//1
f 1837//1 1862//1 1863//1
f 1864//1 1865//1 1866//1
f 1866//1 1865//1 1867//1
f 1867//1 1865//1 1868//1
f 1868//1 1865//1 1869//1
f 1869//1 1865//1 1870//1
f 1870//1 1865//1 1871//1
f 1871//1 1865//1 1872//1
f 1871//1 1872//1 1873//1
f 1873//1 1872//1 1874//1
f 1873//1 1874//1 1875//1
f 1876//1 1877//1 1872//1
f 1872//1 1877//1 1878//1
f 1872//1 1878//1 1879//1
f 1879//1 1880//1 1872//1
f 1872//1 1880//1 1874//1
f 1875//1 1881//1 1873//1
f 1873//1 1881//1 1882//1
f 1873//1 1882//1 1883//1
f 1883//1 1882//1 1884//1
f 1884//1 1885//1 1883//1
f 1873//1 1883//1 1886//1
f 1873//1 1886//1 1887//1
f 1887//1 1886//1 1888//1
f 1888//1 1886//1 1889//1
f 1890//1 1891//1 1892//1
f 1890//1 1892//1 1886//1
f 1891//1 1893//1 1894//1
f 1891//1 1894//1 1892//1
f 1894//1 1893//1 1895//1
f 1895//1 1893//1 1896//1
f 1895//1 1896//1 1897//1
f 1897//1 1896//1 1898//1
f 1897//1 1898//1 1899//1
f 1890//1 1886//1 1883//1
f 1900//1 1901//1 1902//1
f 1902//1 1901//1 1903//1
f 1903//1 1901//1 1904//1
f 1904//1 1901//1 1905//1
f 1905//1 1901//1 1906//1
f 1906//1 1901//1 1907//1
f 1907//1 1901//1 1908//1
f 1907//1 1908//1 1909//1
f 1909//1 1908//1 1910//1
f 1909//1 1910//1 1911//1
f 1912//1 1913//1 1908//1
f 1908//1 1913//1 1914//1
f 1908//1 1914//1 1915//1
f 1915//1 1916//1 1908//1
f 1908//1 1916//1 1917//1
f 1908//1 1917//1 1910//1
f 1918//1 1919//1 1911//1
f 1911//1 1919//1 1920//1
f 1911//1 1920//1 1921//1
f 1921//1 1922//1 1923//1
f 1921//1 1923//1 1924//1
f 1925//1 1926//1 1922//1
f 1922//1 1926//1 1927//1
f 1922//1 1927//1 1928//1
f 1928//1 1929//1 1922//1
f 1922//1 1929//1 1930//1
f 1922//1 1930//1 1931//1
f 1931//1 1923//1 1922//1
f 1924//1 1932//1 1911//1
f 1924//1 1911//1 1921//1
f 1932//1 1933//1 1909//1
f 1932//1 1909//1 1911//1
f 1933//1 1934//1 1909//1
f 1909//1 1934//1 1935//1
f 1936//1 1937//1 1938//1
f 1938//1 1937//1 1939//1
f 1939//1 1937//1 1940//1
f 1940//1 1937//1 1941//1
f 1941//1 1937//1 1942//1
f 1942//1 1937//1 1943//1
f 1943//1 1937//1 1944//1
f 1943//1 1944//1 1945//1
f 1945//1 1944//1 1946//1
f 1945//1 1946//1 1947//1
f 1948//1 1949//1 1944//1
f 1944//1 1949//1 1950//1
f 1944//1 1950//1 1951//1
f 1951//1 1952//1 1944//1
f 1944//1 1952//1 1953//1
f 1944//1 1953//1 1946//1
f 1954//1 1955//1 1947//1
f 1947//1 1955//1 1956//1
f 1947//1 1956//1 1957//1
f 1957//1 1958//1 1959//1
f 1957//1 1959//1 1960//1
f 1961//1 1962//1 1958//1
f 1958//1 1962//1 1963//1
f 1958//1 1963//1 1964//1
f 1964//1 1965//1 1958//1
f 1958//1 1965//1 1966//1
f 1958//1 1966//1 1967//1
f 1967//1 1959//1 1958//1
f 1960//1 1968//1 1947//1
f 1960//1 1947//1 1957//1
f 1968//1 1969//1 1945//1
f 1968//1 1945//1 1947//1
f 1969//1 1970//1 1945//1
f 1945//1 1970//1 1971//1
f 1972//1 1973//1 1974//1
f 1972//1 1974//1 1975//1
f 1973//1 1976//1 1974//1
f 1974//1 1976//1 1977//1
f 1974//1 1977//1 1978//1
f 1978//1 1979//1 1980//1
f 1978//1 1980//1 1974//1
f 1979//1 1981//1 1980//1
f 1980//1 1981//1 1982//1
f 1980//1 1982//1 1983//1
f 1983//1 1982//1 1984//1
f 1983//1 1984//1 1985//1
f 1985//1 1984//1 1986//1
f 1985//1 1986//1 1987//1
f 1987//1 1986//1 1988//1
f 1988//1 1989//1 1990//1
f 1988//1 1990//1 1987//1
f 1989//1 1991//1 1992//1
f 1989//1 1992//1 1990//1
f 1991//1 1993//1 1994//1
f 1991//1 1994//1 1992//1
f 1993//1 1995//1 1994//1
f 1994//1 1995//1 1996//1
f 1994//1 1996//1 1997//1
f 1997//1 1996//1 1998//1
f 1997//1 1998//1 1999//1
f 1999//1 1998//1 2000//1
f 1999//1 2000//1 2001//1
f 2001//1 2000//1 2002//1
f 2002//1 2003//1 2001//1
f 2001//1 2003//1 2004//1
f 2001//1 2004//1 2005//1
f 2001//1 2005//1 2006//1
f 2006//1 2005//1 2007//1
f 2007//1 2008//1 2006//1
f 2006//1 2008//1 2009//1
f 2006//1 2009//1 2010//1
f 2006//1 2010//1 2011//1
f 2011//1 2010//1 2012//1
f 2012//1 2010//1 2013//1
f 2012//1 2013//1 2014//1
f 2014//1 2013//1 2015//1
f 2014//1 2015//1 2016//1
f 2016//1 2015//1 2017//1
f 2016//1 2017//1 2018//1
f 2018//1 2017//1 2019//1
f 2018//1 2019//1 2020//1
f 2020//1 2019//1 2021//1
f 2020//1 2021//1 2022//1
f 2022//1 2021//1 2023//1
f 2022//1 2023//1 2024//1
f 2024//1 2023//1 2025//1
f 2025//1 2023//1 2026//1
f 2026//1 2023//1 2027//1
f 2026//1 2027//1 2028//1
f 2028//1 2027//1 2029//1
f 2029//1 2027//1 2030//1
f 2029//1 2030//1 2031//1
f 2031//1 2030//1 2032//1
f 2031//1 2032//1 2033//1
f 2033//1 2032//1 2034//1
f 2033//1 2034//1 2035//1
f 2035//1 2034//1 2036//1
f 2036//1 2034//1 2037//1
f 2036//1 2037//1 2038//1
f 2038//1 2037//1 2039//1
f 2039//1 2040//1 2041//1
f 2039//1 2041//1 2038//1
f 2040//1 2042//1 2043//1
f 2040//1 2043//1 2044//1
f 2042//1 2045//1 2043//1
f 2043//1 2045//1 2046//1
f 2043//1 2046//1 2047//1
f 2047//1 2046//1 2048//1
f 2048//1 2049//1 2047//1
f 2047//1 2049//1 2050//1
f 2047//1 2050//1 2051//1
f 2044//1 2041//1 2040//1
f 1975//1 2052//1 1972//1
f 1972//1 2052//1 2053//1
f 1972//1 2053//1 2054//1
f 2054//1 2055//1 1972//1
f 1972//1 2055//1 2056//1
f 1972//1 2056//1 2057//1
f 1972//1 2057//1 2058//1
f 2058//1 2059//1 1972//1
f 1978//178 1977//178 2060//178
f 1978//178 2060//178 2061//178
f 1977//179 1976//179 2062//179
f 1977//179 2062//179 2060//179
f 1976//180 1973//180 2063//180
f 1976//180 2063//180 2062//180
f 1973//181 1972//181 2064//181
f 1973//181 2064//181 2063//181
f 1984//182 1982//182 2065//182
f 1984//182 2065//182 2066//182
f 1982//183 1981//183 2067//183
f 1982//183 2067//183 2065//183
f 1981//184 1979//184 2068//184
f 1981//184 2068//184 2067//184
f 1979//185 1978//185 2061//185
f 1979//185 2061//185 2068//185
f 1991//186 1989//186 2069//186
f 1991//186 2069//186 2070//186
f 1989//187 1988//187 2071//187
f 1989//187 2071//187 2069//187
f 1988//188 1986//188 2072//188
f 1988//188 2072//188 2071//188
f 1986//189 1984//189 2066//189
f 1986//189 2066//189 2072//189
f 1998//190 1996//190 2073//190
f 1998//190 2073//190 2074//190
f 1996//191 1995//191 2075//191
f 1996//191 2075//191 2073//191
f 1995//192 1993//192 2076//192
f 1995//192 2076//192 2075//192
f 1993//193 1991//193 2070//193
f 1993//193 2070//193 2076//193
f 2004//194 2003//194 2077//194
f 2004//194 2077//194 2078//194
f 2003//195 2002//195 2079//195
f 2003//195 2079//195 2077//195
f 2002//196 2000//196 2080//196
f 2002//196 2080//196 2079//196
f 2000//197 1998//197 2074//197
f 2000//197 2074//197 2080//197
f 2013//198 2010//198 2081//198
f 2013//198 2081//198 2082//198
f 2010//199 2009//199 2083//199
f 2010//199 2083//199 2081//199
f 2009//200 2008//200 2084//200
f 2009//200 2084//200 2083//200
f 2008//201 2007//201 2085//201
f 2008//201 2085//201 2084//201
f 2007//202 2005//202 2086//202
f 2007//202 2086//202 2085//202
f 2005//203 2004//203 2078//203
f 2005//203 2078//203 2086//203
f 2027//204 2023//204 2087//204
f 2027//204 2087//204 2088//204
f 2023//205 2021//205 2089//205
f 2023//205 2089//205 2087//205
f 2021//206 2019//206 2090//206
f 2021//206 2090//206 2089//206
f 2019//207 2017//207 2091//207
f 2019//207 2091//207 2090//207
f 2017//208 2015//208 2092//208
f 2017//208 2092//208 2091//208
f 2015//209 2013//209 2082//209
f 2015//209 2082//209 2092//209
f 2040//210 2039//210 2093//210
f 2040//210 2093//210 2094//210
f 2039//211 2037//211 2095//211
f 2039//211 2095//211 2093//211
f 2037//212 2034//212 2096//212
f 2037//212 2096//212 2095//212
f 2034//213 2032//213 2097//213
f 2034//213 2097//213 2096//213
f 2032//214 2030//214 2098//214
f 2032//214 2098//214 2097//214
f 2030//215 2027//215 2088//215
f 2030//215 2088//215 2098//215
f 2050//216 2049//216 2099//216
f 2050//216 2099//216 2100//216
f 2049//217 2048//217 2101//217
f 2049//217 2101//217 2099//217
f 2048//218 2046//218 2102//218
f 2048//218 2102//218 2101//218
f 2046//219 2045//219 2103//219
f 2046//219 2103//219 2102//219
f 2045//220 2042//220 2104//220
f 2045//220 2104//220 2103//220
f 2042//221 2040//221 2094//221
f 2042//221 2094//221 2104//221
f 2051//222 2050//222 2100//222
f 2051//222 2100//222 2105//222
f 2038//223 2041//223 2106//223
f 2038//223 2106//223 2107//223
f 2041//224 2044//224 2108//224
f 2041//224 2108//224 2106//224
f 2044//225 2043//225 2109//225
f 2044//225 2109//225 2108//225
f 2043//226 2047//226 2110//226
f 2043//226 2110//226 2109//226
f 2047//227 2051//227 2105//227
f 2047//227 2105//227 2110//227
f 2028//228 2029//228 2111//228
f 2028//228 2111//228 2112//228
f 2029//229 2031//229 2113//229
f 2029//229 2113//229 2111//229
f 2031//230 2033//230 2114//230
f 2031//230 2114//230 2113//230
f 2033//231 2035//231 2115//231
f 2033//231 2115//231 2114//231
f 2035//232 2036//232 2116//232
f 2035//232 2116//232 2115//232
f 2036//233 2038//233 2107//233
f 2036//233 2107//233 2116//233
f 2018//234 2020//234 2117//234
f 2018//234 2117//234 2118//234
f 2020//235 2022//235 2119//235
f 2020//235 2119//235 2117//235
f 2022//236 2024//236 2120//236
f 2022//236 2120//236 2119//236
f 2024//237 2025//237 2121//237
f 2024//237 2121//237 2120//237
f 2025//238 2026//238 2122//238
f 2025//238 2122//238 2121//238
f 2026//239 2028//239 2112//239
f 2026//239 2112//239 2122//239
f 2001//240 2006//240 2123//240
f 2001//240 2123//240 2124//240
f 2006//241 2011//241 2125//241
f 2006//241 2125//241 2123//241
f 2011//242 2012//242 2126//242
f 2011//242 2126//242 2125//242
f 2012//243 2014//243 2127//243
f 2012//243 2127//243 2126//243
f 2014//244 2016//244 2128//244
f 2014//244 2128//244 2127//244
f 2016//245 2018//245 2118//245
f 2016//245 2118//245 2128//245
f 1990//246 1992//246 2129//246
f 1990//246 2129//246 2130//246
f 1992//247 1994//247 2131//247
f 1992//247 2131//247 2129//247
f 1994//248 1997//248 2132//248
f 1994//248 2132//248 2131//248
f 1997//249 1999//249 2133//249
f 1997//249 2133//249 2132//249
f 1999//250 2001//250 2124//250
f 1999//250 2124//250 2133//250
f 1980//251 1983//251 2134//251
f 1980//251 2134//251 2135//251
f 1983//252 1985//252 2136//252
f 1983//252 2136//252 2134//252
f 1985//253 1987//253 2137//253
f 1985//253 2137//253 2136//253
f 1987//254 1990//254 2130//254
f 1987//254 2130//254 2137//254
f 2053//255 2052//255 2138//255
f 2053//255 2138//255 2139//255
f 2052//256 1975//256 2140//256
f 2052//256 2140//256 2138//256
f 1975//257 1974//257 2141//257
f 1975//257 2141//257 2140//257
f 1974//258 1980//258 2135//258
f 1974//258 2135//258 2141//258
f 2057//259 2056//259 2142//259
f 2057//259 2142//259 2143//259
f 2056//260 2055//260 2144//260
f 2056//260 2144//260 2142//260
f 2055//261 2054//261 2145//261
f 2055//261 2145//261 2144//261
f 2054//262 2053//262 2139//262
f 2054//262 2139//262 2145//262
f 2058//263 2057//263 2143//263
f 2058//263 2143//263 2146//263
f 2059//264 2058//264 2146//264
f 2059//264 2146//264 2147//264
f 1972//265 2059//265 2147//265
f 1972//265 2147//265 2064//265
f 2148//266 2149//266 2150//266
f 2150//267 2149//267 2151//267
f 2150//268 2151//268 2152//268
f 2148//269 2153//269 2154//269
f 2148//270 2154//270 2149//270
f 2153//271 2155//271 2156//271
f 2153//272 2156//272 2154//272
f 2155//273 2157//273 2158//273
f 2155//274 2158//274 2156//274
f 2157//275 2159//275 2160//275
f 2157//276 2160//276 2158//276
f 2159//277 2161//277 2162//277
f 2159//278 2162//278 2160//278
f 2161//279 2163//279 2164//279
f 2161//280 2164//280 2162//280
f 2163//281 2165//281 2166//281
f 2163//282 2166//282 2167//282
f 2165//283 2168//283 2169//283
f 2165//284 2169//284 2166//284
f 2168//285 2170//285 2171//285
f 2168//286 2171//286 2169//286
f 2170//287 2172//287 2173//287
f 2170//288 2173//288 2171//288
f 2172//289 2174//289 2175//289
f 2172//290 2175//290 2173//290
f 2174//291 2176//291 2177//291
f 2174//292 2177//292 2175//292
f 2176//293 2178//293 2179//293
f 2176//294 2179//294 2177//294
f 2178//295 2180//295 2181//295
f 2178//296 2181//296 2179//296
f 2180//297 2182//297 2183//297
f 2180//298 2183//298 2181//298
f 2182//299 2184//299 2185//299
f 2182//300 2185//300 2183//300
f 2184//301 2186//301 2187//301
f 2184//302 2187//302 2185//302
f 2186//303 2188//303 2189//303
f 2186//304 2189//304 2187//304
f 2188//305 2190//305 2191//305
f 2188//306 2191//306 2189//306
f 2190//307 2192//307 2193//307
f 2190//308 2193//308 2191//308
f 2192//309 2194//309 2195//309
f 2192//310 2195//310 2196//310
f 2194//311 2197//311 2198//311
f 2194//312 2198//312 2195//312
f 2197//313 2199//313 2200//313
f 2197//314 2200//314 2198//314
f 2199//315 2201//315 2202//315
f 2199//316 2202//316 2200//316
f 2201//317 2203//317 2204//317
f 2201//318 2204//318 2202//318
f 2203//319 2205//319 2206//319
f 2203//320 2206//320 2204//320
f 2205//321 2207//321 2208//321
f 2205//321 2208//321 2206//321
f 2207//322 2209//322 2210//322
f 2207//323 2210//323 2208//323
f 2209//324 2211//324 2212//324
f 2209//325 2212//325 2210//325
f 2211//326 2213//326 2214//326
f 2211//327 2214//327 2212//327
f 2213//328 2215//328 2216//328
f 2213//329 2216//329 2214//329
f 2215//330 2217//330 2218//330
f 2215//331 2218//331 2216//331
f 2217//332 2219//332 2220//332
f 2217//333 2220//333 2218//333
f 2219//334 2221//334 2222//334
f 2219//335 2222//335 2223//335
f 2221//336 2224//336 2225//336
f 2221//337 2225//337 2222//337
f 2224//338 2226//338 2227//338
f 2224//339 2227//339 2225//339
f 2226//340 2228//340 2229//340
f 2226//341 2229//341 2227//341
f 2228//342 2230//342 2231//342
f 2228//343 2231//343 2229//343
f 2230//344 2232//344 2233//344
f 2230//345 2233//345 2231//345
f 2232//346 2234//346 2235//346
f 2232//347 2235//347 2233//347
f 2234//348 2236//348 2237//348
f 2234//349 2237//349 2235//349
f 2236//350 2238//350 2239//350
f 2236//351 2239//351 2237//351
f 2238//352 2240//352 2241//352
f 2238//353 2241//353 2239//353
f 2240//354 2242//354 2243//354
f 2240//355 2243//355 2241//355
f 2242//356 2244//356 2245//356
f 2242//357 2245//357 2243//357
f 2244//358 2246//358 2247//358
f 2244//359 2247//359 2245//359
f 2246//360 2248//360 2249//360
f 2246//361 2249//361 2247//361
f 2248//362 2250//362 2251//362
f 2248//363 2251//363 2252//363
f 2250//364 2253//364 2254//364
f 2250//365 2254//365 2251//365
f 2253//366 2255//366 2256//366
f 2253//367 2256//367 2254//367
f 2255//368 2257//368 2258//368
f 2255//369 2258//369 2256//369
f 2257//370 2259//370 2260//370
f 2257//371 2260//371 2258//371
f 2259//372 2261//372 2152//372
f 2259//373 2152//373 2260//373
f 2261//374 2150//374 2152//374
f 2252//375 2249//375 2248//375
f 2223//376 2220//376 2219//376
f 2196//377 2193//377 2192//377
f 2167//378 2164//378 2163//378
f 2262//379 2263//379 2264//379
f 2262//379 2264//379 2265//379
f 2265//379 2264//379 2152//379
f 2265//379 2152//379 2151//379
f 2263//380 2266//380 2267//380
f 2263//380 2267//380 2264//380
f 2264//380 2267//380 2260//380
f 2264//380 2260//380 2152//380
f 2266//381 2268//381 2269//381
f 2266//381 2269//381 2267//381
f 2267//381 2269//381 2258//381
f 2267//381 2258//381 2260//381
f 2268//382 2270//382 2271//382
f 2268//382 2271//382 2269//382
f 2269//382 2271//382 2256//382
f 2269//382 2256//382 2258//382
f 2270//383 2272//383 2273//383
f 2270//383 2273//383 2271//383
f 2271//383 2273//383 2254//383
f 2271//383 2254//383 2256//383
f 2272//384 2274//384 2275//384
f 2272//384 2275//384 2273//384
f 2273//384 2275//384 2251//384
f 2273//384 2251//384 2254//384
f 2274//385 2276//385 2277//385
f 2274//385 2277//385 2275//385
f 2275//385 2277//385 2252//385
f 2275//385 2252//385 2251//385
f 2276//386 2278//386 2279//386
f 2276//386 2279//386 2277//386
f 2277//386 2279//386 2249//386
f 2277//386 2249//386 2252//386
f 2278//387 2280//387 2281//387
f 2278//387 2281//387 2279//387
f 2279//387 2281//387 2247//387
f 2279//387 2247//387 2249//387
f 2280//388 2282//388 2283//388
f 2280//388 2283//388 2281//388
f 2281//388 2283//388 2245//388
f 2281//388 2245//388 2247//388
f 2282//389 2284//389 2285//389
f 2282//389 2285//389 2283//389
f 2283//389 2285//389 2243//389
f 2283//389 2243//389 2245//389
f 2284//390 2286//390 2287//390
f 2284//390 2287//390 2285//390
f 2285//390 2287//390 2241//390
f 2285//390 2241//390 2243//390
f 2286//391 2288//391 2289//391
f 2286//391 2289//391 2287//391
f 2287//391 2289//391 2239//391
f 2287//391 2239//391 2241//391
f 2288//392 2290//392 2291//392
f 2288//392 2291//392 2289//392
f 2289//392 2291//392 2237//392
f 2289//392 2237//392 2239//392
f 2290//393 2292//393 2293//393
f 2290//393 2293//393 2291//393
f 2291//393 2293//393 2235//393
f 2291//393 2235//393 2237//393
f 2292//394 2294//394 2295//394
f 2292//394 2295//394 2293//394
f 2293//394 2295//394 2233//394
f 2293//394 2233//394 2235//394
f 2294//395 2296//395 2297//395
f 2294//395 2297//395 2295//395
f 2295//395 2297//395 2231//395
f 2295//395 2231//395 2233//395
f 2296//396 2298//396 2299//396
f 2296//396 2299//396 2297//396
f 2297//396 2299//396 2229//396
f 2297//396 2229//396 2231//396
f 2298//397 2300//397 2301//397
f 2298//397 2301//397 2299//397
f 2299//397 2301//397 2227//397
f 2299//397 2227//397 2229//397
f 2300//398 2302//398 2303//398
f 2300//398 2303//398 2301//398
f 2301//398 2303//398 2225//398
f 2301//398 2225//398 2227//398
f 2302//399 2304//399 2305//399
f 2302//399 2305//399 2303//399
f 2303//399 2305//399 2222//399
f 2303//399 2222//399 2225//399
f 2304//400 2306//400 2307//400
f 2304//400 2307//400 2305//400
f 2305//400 2307//400 2223//400
f 2305//400 2223//400 2222//400
f 2306//401 2308//401 2309//401
f 2306//401 2309//401 2307//401
f 2307//401 2309//401 2220//401
f 2307//401 2220//401 2223//401
f 2308//402 2310//402 2311//402
f 2308//402 2311//402 2309//402
f 2309//402 2311//402 2218//402
f 2309//402 2218//402 2220//402
f 2310//403 2312//403 2313//403
f 2310//403 2313//403 2311//403
f 2311//403 2313//403 2216//403
f 2311//403 2216//403 2218//403
f 2312//404 2314//404 2315//404
f 2312//404 2315//404 2313//404
f 2313//404 2315//404 2214//404
f 2313//404 2214//404 2216//404
f 2314//405 2316//405 2317//405
f 2314//405 2317//405 2315//405
f 2315//405 2317//405 2212//405
f 2315//405 2212//405 2214//405
f 2316//406 2318//406 2319//406
f 2316//406 2319//406 2317//406
f 2317//406 2319//406 2210//406
f 2317//406 2210//406 2212//406
f 2318//407 2320//407 2321//407
f 2318//407 2321//407 2319//407
f 2319//407 2321//407 2208//407
f 2319//407 2208//407 2210//407
f 2320//264 2322//264 2323//264
f 2320//264 2323//264 2321//264
f 2321//264 2323//264 2206//264
f 2321//264 2206//264 2208//264
f 2322//408 2324//408 2325//408
f 2322//408 2325//408 2323//408
f 2323//408 2325//408 2204//408
f 2323//408 2204//408 2206//408
f 2324//409 2326//409 2327//409
f 2324//409 2327//409 2325//409
f 2325//409 2327//409 2202//409
f 2325//409 2202//409 2204//409
f 2326//410 2328//410 2329//410
f 2326//410 2329//410 2327//410
f 2327//410 2329//410 2200//410
f 2327//410 2200//410 2202//410
f 2328//411 2330//411 2331//411
f 2328//411 2331//411 2329//411
f 2329//411 2331//411 2198//411
f 2329//411 2198//411 2200//411
f 2330//412 2332//412 2333//412
f 2330//412 2333//412 2331//412
f 2331//412 2333//412 2195//412
f 2331//412 2195//412 2198//412
f 2332//413 2334//413 2335//413
f 2332//413 2335//413 2333//413
f 2333//413 2335//413 2196//413
f 2333//413 2196//413 2195//413
f 2334//414 2336//414 2337//414
f 2334//414 2337//414 2335//414
f 2335//414 2337//414 2193//414
f 2335//414 2193//414 2196//414
f 2336//415 2338//415 2339//415
f 2336//415 2339//415 2337//415
f 2337//415 2339//415 2191//415
f 2337//415 2191//415 2193//415
f 2338//416 2340//416 2341//416
f 2338//416 2341//416 2339//416
f 2339//416 2341//416 2189//416
f 2339//416 2189//416 2191//416
f 2340//417 2342//417 2343//417
f 2340//417 2343//417 2341//417
f 2341//417 2343//417 2187//417
f 2341//417 2187//417 2189//417
f 2342//418 2344//418 2345//418
f 2342//418 2345//418 2343//418
f 2343//418 2345//418 2185//418
f 2343//418 2185//418 2187//418
f 2344//419 2346//419 2347//419
f 2344//419 2347//419 2345//419
f 2345//419 2347//419 2183//419
f 2345//419 2183//419 2185//419
f 2346//420 2348//420 2349//420
f 2346//420 2349//420 2347//420
f 2347//420 2349//420 2181//420
f 2347//420 2181//420 2183//420
f 2348//421 2350//421 2351//421
f 2348//421 2351//421 2349//421
f 2349//421 2351//421 2179//421
f 2349//421 2179//421 2181//421
f 2350//422 2352//422 2353//422
f 2350//422 2353//422 2351//422
f 2351//422 2353//422 2177//422
f 2351//422 2177//422 2179//422
f 2352//423 2354//423 2355//423
f 2352//423 2355//423 2353//423
f 2353//423 2355//423 2175//423
f 2353//423 2175//423 2177//423
f 2354//424 2356//424 2357//424
f 2354//424 2357//424 2355//424
f 2355//424 2357//424 2173//424
f 2355//424 2173//424 2175//424
f 2356//425 2358//425 2359//425
f 2356//425 2359//425 2357//425
f 2357//425 2359//425 2171//425
f 2357//425 2171//425 2173//425
f 2358//426 2360//426 2361//426
f 2358//426 2361//426 2359//426
f 2359//426 2361//426 2169//426
f 2359//426 2169//426 2171//426
f 2360//427 2362//427 2363//427
f 2360//427 2363//427 2361//427
f 2361//427 2363//427 2166//427
f 2361//427 2166//427 2169//427
f 2362//428 2364//428 2365//428
f 2362//428 2365//428 2363//428
f 2363//428 2365//428 2167//428
f 2363//428 2167//428 2166//428
f 2364//429 2366//429 2367//429
f 2364//429 2367//429 2365//429
f 2365//429 2367//429 2164//429
f 2365//429 2164//429 2167//429
f 2366//430 2368//430 2369//430
f 2366//430 2369//430 2367//430
f 2367//430 2369//430 2162//430
f 2367//430 2162//430 2164//430
f 2368//431 2370//431 2371//431
f 2368//431 2371//431 2369//431
f 2369//431 2371//431 2160//431
f 2369//431 2160//431 2162//431
f 2370//432 2372//432 2373//432
f 2370//432 2373//432 2371//432
f 2371//432 2373//432 2158//432
f 2371//432 2158//432 2160//432
f 2372//433 2374//433 2375//433
f 2372//433 2375//433 2373//433
f 2373//433 2375//433 2156//433
f 2373//433 2156//433 2158//433
f 2374//434 2376//434 2377//434
f 2374//434 2377//434 2375//434
f 2375//434 2377//434 2154//434
f 2375//434 2154//434 2156//434
f 2376//435 2378//435 2379//435
f 2376//435 2379//435 2377//435
f 2377//435 2379//435 2149//435
f 2377//435 2149//435 2154//435
f 2378//436 2262//436 2265//436
f 2378//436 2265//436 2379//436
f 2379//436 2265//436 2151//436
f 2379//436 2151//436 2149//436
f 2380//437 2263//437 2381//437
f 2381//438 2263//438 2262//438
f 2381//439 2262//439 2378//439
f 2380//440 2382//440 2266//440
f 2380//441 2266//441 2263//441
f 2382//442 2383//442 2268//442
f 2382//443 2268//443 2266//443
f 2383//444 2384//444 2270//444
f 2383//445 2270//445 2268//445
f 2384//446 2385//446 2272//446
f 2384//447 2272//447 2270//447
f 2385//448 2386//448 2274//448
f 2385//449 2274//449 2272//449
f 2386//450 2387//450 2276//450
f 2386//451 2276//451 2274//451
f 2387//452 2388//452 2280//452
f 2387//453 2280//453 2278//453
f 2388//454 2389//454 2282//454
f 2388//455 2282//455 2280//455
f 2389//456 2390//456 2284//456
f 2389//457 2284//457 2282//457
f 2390//458 2391//458 2286//458
f 2390//459 2286//459 2284//459
f 2391//460 2392//460 2288//460
f 2391//461 2288//461 2286//461
f 2392//462 2393//462 2290//462
f 2392//463 2290//463 2288//463
f 2393//464 2394//464 2292//464
f 2393//465 2292//465 2290//465
f 2394//466 2395//466 2294//466
f 2394//467 2294//467 2292//467
f 2395//468 2396//468 2296//468
f 2395//469 2296//469 2294//469
f 2396//470 2397//470 2298//470
f 2396//471 2298//471 2296//471
f 2397//472 2398//472 2300//472
f 2397//473 2300//473 2298//473
f 2398//474 2399//474 2302//474
f 2398//475 2302//475 2300//475
f 2399//476 2400//476 2304//476
f 2399//477 2304//477 2302//477
f 2400//478 2401//478 2306//478
f 2400//479 2306//479 2304//479
f 2401//480 2402//480 2310//480
f 2401//481 2310//481 2308//481
f 2402//482 2403//482 2312//482
f 2402//483 2312//483 2310//483
f 2403//484 2404//484 2314//484
f 2403//485 2314//485 2312//485
f 2404//486 2405//486 2316//486
f 2404//487 2316//487 2314//487
f 2405//488 2406//488 2318//488
f 2405//489 2318//489 2316//489
f 2406//490 2407//490 2320//490
f 2406//491 2320//491 2318//491
f 2407//492 2408//492 2322//492
f 2407//492 2322//492 2320//492
f 2408//493 2409//493 2324//493
f 2408//494 2324//494 2322//494
f 2409//495 2410//495 2326//495
f 2409//496 2326//496 2324//496
f 2410//497 2411//497 2328//497
f 2410//498 2328//498 2326//498
f 2411//499 2412//499 2330//499
f 2411//500 2330//500 2328//500
f 2412//501 2413//501 2332//501
f 2412//502 2332//502 2330//502
f 2413//503 2414//503 2334//503
f 2413//504 2334//504 2332//504
f 2414//505 2415//505 2338//505
f 2414//506 2338//506 2336//506
f 2415//507 2416//507 2340//507
f 2415//508 2340//508 2338//508
f 2416//509 2417//509 2342//509
f 2416//510 2342//510 2340//510
f 2417//511 2418//511 2344//511
f 2417//512 2344//512 2342//512
f 2418//513 2419//513 2346//513
f 2418//514 2346//514 2344//514
f 2419//515 2420//515 2348//515
f 2419//516 2348//516 2346//516
f 2420//517 2421//517 2350//517
f 2420//518 2350//518 2348//518
f 2421//519 2422//519 2352//519
f 2421//520 2352//520 2350//520
f 2422//521 2423//521 2354//521
f 2422//522 2354//522 2352//522
f 2423//523 2424//523 2356//523
f 2423//524 2356//524 2354//524
f 2424//525 2425//525 2358//525
f 2424//526 2358//526 2356//526
f 2425//527 2426//527 2360//527
f 2425//528 2360//528 2358//528
f 2426//529 2427//529 2362//529
f 2426//530 2362//530 2360//530
f 2427//531 2428//531 2364//531
f 2427//532 2364//532 2362//532
f 2428//533 2429//533 2368//533
f 2428//534 2368//534 2366//534
f 2429//535 2430//535 2370//535
f 2429//536 2370//536 2368//536
f 2430//537 2431//537 2372//537
f 2430//538 2372//538 2370//538
f 2431//539 2432//539 2374//539
f 2431//540 2374//540 2372//540
f 2432//541 2433//541 2376//541
f 2432//542 2376//542 2374//542
f 2433//543 2434//543 2378//543
f 2433//544 2378//544 2376//544
f 2434//545 2381//545 2378//545
f 2366//546 2364//546 2428//546
f 2336//547 2334//547 2414//547
f 2308//548 2306//548 2401//548
f 2278//549 2276//549 2387//549
f 2435//550 2436//550 2180//550
f 2435//551 2180//551 2178//551
f 2436//552 2437//552 2182//552
f 2436//553 2182//553 2180//553
f 2437//554 2438//554 2184//554
f 2437//555 2184//555 2182//555
f 2438//556 2439//556 2186//556
f 2438//557 2186//557 2184//557
f 2439//558 2440//558 2188//558
f 2439//559 2188//559 2186//559
f 2440//560 2441//560 2190//560
f 2440//561 2190//561 2188//561
f 2441//562 2442//562 2192//562
f 2441//563 2192//563 2190//563
f 2442//564 2443//564 2194//564
f 2442//565 2194//565 2192//565
f 2443//566 2444//566 2197//566
f 2443//567 2197//567 2194//567
f 2444//568 2445//568 2199//568
f 2444//569 2199//569 2197//569
f 2445//570 2446//570 2201//570
f 2445//571 2201//571 2199//571
f 2446//572 2447//572 2203//572
f 2446//573 2203//573 2201//573
f 2447//574 2448//574 2205//574
f 2447//575 2205//575 2203//575
f 2448//576 2449//576 2207//576
f 2448//577 2207//577 2205//577
f 2449//578 2450//578 2209//578
f 2449//579 2209//579 2207//579
f 2450//580 2451//580 2211//580
f 2450//581 2211//581 2209//581
f 2451//582 2452//582 2213//582
f 2451//583 2213//583 2211//583
f 2452//584 2453//584 2215//584
f 2452//585 2215//585 2213//585
f 2453//586 2454//586 2217//586
f 2453//587 2217//587 2215//587
f 2454//588 2455//588 2219//588
f 2454//589 2219//589 2217//589
f 2455//590 2456//590 2221//590
f 2455//591 2221//591 2219//591
f 2456//592 2457//592 2224//592
f 2456//593 2224//593 2221//593
f 2457//594 2458//594 2226//594
f 2457//595 2226//595 2224//595
f 2458//596 2459//596 2228//596
f 2458//597 2228//597 2226//597
f 2459//598 2460//598 2230//598
f 2459//599 2230//599 2228//599
f 2460//600 2461//600 2232//600
f 2460//601 2232//601 2230//601
f 2461//602 2462//602 2234//602
f 2461//603 2234//603 2232//603
f 2462//604 2463//604 2236//604
f 2462//605 2236//605 2234//605
f 2463//606 2464//606 2238//606
f 2463//607 2238//607 2236//607
f 2464//608 2465//608 2240//608
f 2464//609 2240//609 2238//609
f 2465//610 2466//610 2242//610
f 2465//611 2242//611 2240//611
f 2466//612 2467//612 2244//612
f 2466//613 2244//613 2242//613
f 2467//614 2468//614 2246//614
f 2467//615 2246//615 2244//615
f 2468//616 2469//616 2248//616
f 2468//617 2248//617 2246//617
f 2469//618 2470//618 2250//618
f 2469//619 2250//619 2248//619
f 2470//620 2471//620 2253//620
f 2470//621 2253//621 2250//621
f 2471//622 2472//622 2255//622
f 2471//623 2255//623 2253//623
f 2472//624 2473//624 2257//624
f 2472//625 2257//625 2255//625
f 2473//626 2474//626 2259//626
f 2473//627 2259//627 2257//627
f 2474//628 2475//628 2261//628
f 2474//629 2261//629 2259//629
f 2475//630 2476//630 2150//630
f 2475//631 2150//631 2261//631
f 2476//632 2477//632 2148//632
f 2476//633 2148//633 2150//633
f 2477//634 2478//634 2153//634
f 2477//635 2153//635 2148//635
f 2478//636 2479//636 2155//636
f 2478//637 2155//637 2153//637
f 2479//638 2480//638 2157//638
f 2479//639 2157//639 2155//639
f 2480//640 2481//640 2159//640
f 2480//641 2159//641 2157//641
f 2481//642 2482//642 2161//642
f 2481//643 2161//643 2159//643
f 2482//644 2483//644 2163//644
f 2482//645 2163//645 2161//645
f 2483//646 2484//646 2165//646
f 2483//647 2165//647 2163//647
f 2484//648 2485//648 2168//648
f 2484//649 2168//649 2165//649
f 2485//650 2486//650 2170//650
f 2485//651 2170//651 2168//651
f 2486//652 2487//652 2172//652
f 2486//653 2172//653 2170//653
f 2487//654 2488//654 2174//654
f 2487//655 2174//655 2172//655
f 2488//656 2489//656 2176//656
f 2488//657 2176//657 2174//657
f 2489//658 2435//658 2178//658
f 2489//659 2178//659 2176//659
f 2381//660 2434//660 2490//660
f 2381//661 2490//661 2491//661
f 2434//662 2433//662 2492//662
f 2434//663 2492//663 2490//663
f 2433//664 2432//664 2493//664
f 2433//665 2493//665 2492//665
f 2432//666 2431//666 2494//666
f 2432//667 2494//667 2493//667
f 2431//668 2430//668 2495//668
f 2431//669 2495//669 2494//669
f 2430//670 2429//670 2496//670
f 2430//671 2496//671 2495//671
f 2429//672 2428//672 2497//672
f 2429//673 2497//673 2496//673
f 2428//674 2427//674 2498//674
f 2428//675 2498//675 2497//675
f 2427//676 2426//676 2499//676
f 2427//677 2499//677 2498//677
f 2426//678 2425//678 2500//678
f 2426//679 2500//679 2499//679
f 2425//680 2424//680 2501//680
f 2425//681 2501//681 2500//681
f 2424//682 2423//682 2502//682
f 2424//683 2502//683 2501//683
f 2423//684 2422//684 2503//684
f 2423//685 2503//685 2502//685
f 2422//686 2421//686 2504//686
f 2422//687 2504//687 2503//687
f 2421//688 2420//688 2505//688
f 2421//689 2505//689 2504//689
f 2420//690 2419//690 2506//690
f 2420//691 2506//691 2505//691
f 2419//692 2418//692 2507//692
f 2419//693 2507//693 2506//693
f 2418//694 2417//694 2508//694
f 2418//695 2508//695 2507//695
f 2417//696 2416//696 2509//696
f 2417//697 2509//697 2508//697
f 2416//698 2415//698 2510//698
f 2416//699 2510//699 2509//699
f 2415//700 2414//700 2511//700
f 2415//701 2511//701 2510//701
f 2414//702 2413//702 2512//702
f 2414//703 2512//703 2511//703
f 2413//704 2412//704 2513//704
f 2413//705 2513//705 2512//705
f 2412//706 2411//706 2514//706
f 2412//707 2514//707 2513//707
f 2411//708 2410//708 2515//708
f 2411//709 2515//709 2514//709
f 2410//710 2409//710 2516//710
f 2410//711 2516//711 2515//711
f 2409//712 2408//712 2517//712
f 2409//713 2517//713 2516//713
f 2408//714 2407//714 2518//714
f 2408//715 2518//715 2517//715
f 2407//716 2406//716 2519//716
f 2407//717 2519//717 2518//717
f 2406//718 2405//718 2520//718
f 2406//719 2520//719 2519//719
f 2405//720 2404//720 2521//720
f 2405//721 2521//721 2520//721
f 2404//722 2403//722 2522//722
f 2404//723 2522//723 2521//723
f 2403//724 2402//724 2523//724
f 2403//725 2523//725 2522//725
f 2402//726 2401//726 2524//726
f 2402//727 2524//727 2523//727
f 2401//728 2400//728 2525//728
f 2401//729 2525//729 2524//729
f 2400//730 2399//730 2526//730
f 2400//731 2526//731 2525//731
f 2399//732 2398//732 2527//732
f 2399//733 2527//733 2526//733
f 2398//734 2397//734 2528//734
f 2398//735 2528//735 2527//735
f 2397//736 2396//736 2529//736
f 2397//737 2529//737 2528//737
f 2396//738 2395//738 2530//738
f 2396//739 2530//739 2529//739
f 2395//740 2394//740 2531//740
f 2395//741 2531//741 2530//741
f 2531//742 2394//742 2532//742
f 2532//743 2394//743 2393//743
f 2532//744 2393//744 2392//744
f 2532//745 2392//745 2533//745
f 2533//746 2392//746 2391//746
f 2533//747 2391//747 2534//747
f 2534//748 2391//748 2390//748
f 2534//749 2390//749 2535//749
f 2535//750 2390//750 2389//750
f 2535//751 2389//751 2536//751
f 2536//752 2389//752 2388//752
f 2536//753 2388//753 2537//753
f 2537//754 2388//754 2387//754
f 2537//755 2387//755 2538//755
f 2538//756 2387//756 2386//756
f 2538//757 2386//757 2539//757
f 2539//758 2386//758 2385//758
f 2539//759 2385//759 2540//759
f 2540//760 2385//760 2384//760
f 2540//761 2384//761 2541//761
f 2541//762 2384//762 2383//762
f 2541//763 2383//763 2542//763
f 2542//764 2383//764 2382//764
f 2542//765 2382//765 2543//765
f 2543//766 2382//766 2380//766
f 2543//767 2380//767 2544//767
f 2544//768 2380//768 2381//768
f 2544//769 2381//769 2491//769
f 2545//770 2546//770 2547//770
f 2547//770 2546//770 2548//770
f 2547//770 2548//770 2549//770
f 2549//770 2548//770 2550//770
f 2550//771 2548//771 2551//771
f 2550//771 2551//771 2552//771
f 2552//772 2551//772 2553//772
f 2552//772 2553//772 2554//772
f 2554//773 2553//773 2555//773
f 2555//773 2553//773 2556//773
f 2555//773 2556//773 2557//773
f 2557//773 2556//773 2558//773
f 2558//772 2556//772 2559//772
f 2558//772 2559//772 2560//772
f 2560//771 2559//771 2546//771
f 2560//771 2546//771 2545//771
f 2551//771 2548//771 2546//771
f 2551//771 2546//771 2559//771
f 2551//772 2559//772 2556//772
f 2551//772 2556//772 2553//772
f 2557//774 2561//774 2562//774
f 2557//774 2562//774 2555//774
f 2563//775 2564//775 2561//775
f 2561//775 2564//775 2565//775
f 2561//775 2565//775 2562//775
f 2562//775 2565//775 2566//775
f 2566//776 2565//776 2567//776
f 2566//776 2567//776 2568//776
f 2568//777 2567//777 2569//777
f 2568//777 2569//777 2570//777
f 2570//778 2569//778 2571//778
f 2570//778 2571//778 2572//778
f 2572//779 2571//779 2573//779
f 2572//779 2573//779 2574//779
f 2574//780 2573//780 2575//780
f 2574//780 2575//780 2576//780
f 2576//781 2575//781 2577//781
f 2576//781 2577//781 2578//781
f 2578//782 2577//782 2579//782
f 2578//782 2579//782 2580//782
f 2580//783 2579//783 2581//783
f 2581//783 2579//783 2582//783
f 2581//783 2582//783 2583//783
f 2583//783 2582//783 2584//783
f 2584//782 2582//782 2585//782
f 2584//782 2585//782 2586//782
f 2586//781 2585//781 2587//781
f 2586//781 2587//781 2588//781
f 2588//780 2587//780 2589//780
f 2588//780 2589//780 2590//780
f 2590//779 2589//779 2591//779
f 2590//779 2591//779 2592//779
f 2592//778 2591//778 2593//778
f 2592//778 2593//778 2594//778
f 2594//777 2593//777 2595//777
f 2594//777 2595//777 2596//777
f 2596//776 2595//776 2564//776
f 2596//776 2564//776 2563//776
f 2567//776 2565//776 2564//776
f 2567//776 2564//776 2595//776
f 2567//777 2595//777 2593//777
f 2567//777 2593//777 2569//777
f 2569//778 2593//778 2591//778
f 2569//778 2591//778 2571//778
f 2571//779 2591//779 2589//779
f 2571//779 2589//779 2573//779
f 2573//780 2589//780 2587//780
f 2573//780 2587//780 2575//780
f 2575//781 2587//781 2585//781
f 2575//781 2585//781 2577//781
f 2577//782 2585//782 2582//782
f 2577//782 2582//782 2579//782
f 2583//784 2597//784 2598//784
f 2583//784 2598//784 2581//784
f 2599//785 2600//785 2597//785
f 2597//785 2600//785 2601//785
f 2597//785 2601//785 2598//785
f 2598//785 2601//785 2602//785
f 2602//786 2601//786 2603//786
f 2602//786 2603//786 2604//786
f 2604//787 2603//787 2605//787
f 2604//787 2605//787 2606//787
f 2606//788 2605//788 2607//788
f 2607//788 2605//788 2608//788
f 2607//788 2608//788 2609//788
f 2609//788 2608//788 2610//788
f 2610//787 2608//787 2611//787
f 2610//787 2611//787 2612//787
f 2612//786 2611//786 2600//786
f 2612//786 2600//786 2599//786
f 2603//786 2601//786 2600//786
f 2603//786 2600//786 2611//786
f 2603//787 2611//787 2608//787
f 2603//787 2608//787 2605//787
f 2609//789 2613//789 2614//789
f 2609//789 2614//789 2607//789
f 2615//790 2616//790 2617//790
f 2615//790 2617//790 2618//790
f 2616//791 2619//791 2620//791
f 2616//791 2620//791 2617//791
f 2619//792 2621//792 2622//792
f 2619//792 2622//792 2620//792
f 2621//793 2623//793 2624//793
f 2621//793 2624//793 2622//793
f 2623//794 2625//794 2626//794
f 2623//794 2626//794 2624//794
f 2625//795 2627//795 2628//795
f 2625//795 2628//795 2626//795
f 2629//796 2630//796 2631//796
f 2631//797 2630//797 2632//797
f 2631//798 2632//798 2633//798
f 2631//799 2633//799 2634//799
f 2634//800 2633//800 2635//800
f 2634//801 2635//801 2636//801
f 2636//802 2635//802 2637//802
f 2636//803 2637//803 2638//803
f 2638//804 2637//804 2639//804
f 2638//805 2639//805 2640//805
f 2640//806 2639//806 2641//806
f 2640//807 2641//807 2642//807
f 2642//808 2641//808 2643//808
f 2643//809 2641//809 2644//809
f 2642//810 2643//810 2645//810
f 2645//811 2643//811 2646//811
f 2645//812 2646//812 2647//812
f 2645//813 2647//813 2648//813
f 2648//814 2647//814 2649//814
f 2648//815 2649//815 2650//815
f 2650//816 2649//816 2651//816
f 2651//817 2652//817 2653//817
f 2651//818 2653//818 2650//818
f 2650//819 2653//819 2636//819
f 2650//819 2636//819 2638//819
f 2652//820 2654//820 2655//820
f 2652//821 2655//821 2653//821
f 2653//822 2655//822 2634//822
f 2653//822 2634//822 2636//822
f 2654//823 2656//823 2657//823
f 2654//824 2657//824 2655//824
f 2655//825 2657//825 2631//825
f 2655//825 2631//825 2634//825
f 2656//826 2658//826 2657//826
f 2657//796 2658//796 2629//796
f 2657//796 2629//796 2631//796
f 2629//827 2658//827 2659//827
f 2659//828 2658//828 2660//828
f 2659//829 2660//829 2661//829
f 2661//830 2660//830 2628//830
f 2661//831 2628//831 2627//831
f 2650//832 2638//832 2640//832
f 2650//832 2640//832 2648//832
f 2648//833 2640//833 2642//833
f 2648//833 2642//833 2645//833
f 2662//834 2663//834 2664//834
f 2664//835 2663//835 2665//835
f 2664//835 2665//835 2666//835
f 2666//836 2665//836 2667//836
f 2666//836 2667//836 2668//836
f 2668//837 2667//837 2669//837
f 2668//837 2669//837 2670//837
f 2670//838 2669//838 2671//838
f 2670//838 2671//838 2672//838
f 2672//839 2671//839 2673//839
f 2672//839 2673//839 2674//839
f 2674//840 2673//840 2675//840
f 2674//840 2675//840 2676//840
f 2676//841 2675//841 2613//841
f 2613//842 2675//842 2677//842
f 2613//843 2677//843 2614//843
f 2663//844 2662//844 2678//844
f 2678//845 2662//845 2679//845
f 2678//846 2679//846 2618//846
f 2618//847 2679//847 2615//847
f 2663//848 2680//848 2667//848
f 2663//849 2667//849 2665//849
f 2680//850 2681//850 2667//850
f 2667//851 2681//851 2682//851
f 2667//852 2682//852 2669//852
f 2669//853 2682//853 2683//853
f 2669//854 2683//854 2671//854
f 2671//855 2683//855 2684//855
f 2684//856 2685//856 2673//856
f 2684//857 2673//857 2671//857
f 2685//858 2677//858 2675//858
f 2685//859 2675//859 2673//859
f 2613//860 2686//860 2676//860
f 2676//861 2686//861 2687//861
f 2676//862 2687//862 2674//862
f 2674//863 2687//863 2688//863
f 2674//864 2688//864 2672//864
f 2672//865 2688//865 2689//865
f 2672//866 2689//866 2670//866
f 2670//867 2689//867 2690//867
f 2670//868 2690//868 2668//868
f 2668//869 2690//869 2691//869
f 2668//870 2691//870 2666//870
f 2666//871 2691//871 2692//871
f 2692//835 2664//835 2666//835
f 2644//872 2547//872 2549//872
f 2644//872 2549//872 2643//872
f 2562//1 2566//1 2581//1
f 2562//1 2581//1 2598//1
f 2566//1 2568//1 2580//1
f 2566//1 2580//1 2581//1
f 2580//1 2568//1 2578//1
f 2578//1 2568//1 2570//1
f 2578//1 2570//1 2576//1
f 2576//1 2570//1 2572//1
f 2576//1 2572//1 2574//1
f 2562//1 2598//1 2555//1
f 2555//1 2598//1 2602//1
f 2555//1 2602//1 2604//1
f 2604//1 2606//1 2554//1
f 2604//1 2554//1 2555//1
f 2606//1 2607//1 2549//1
f 2606//1 2549//1 2550//1
f 2607//1 2614//1 2620//1
f 2607//1 2620//1 2622//1
f 2614//1 2677//1 2620//1
f 2620//1 2677//1 2685//1
f 2620//1 2685//1 2684//1
f 2684//1 2683//1 2617//1
f 2684//1 2617//1 2620//1
f 2683//1 2682//1 2617//1
f 2617//1 2682//1 2681//1
f 2617//1 2681//1 2680//1
f 2680//1 2663//1 2617//1
f 2617//1 2663//1 2678//1
f 2617//1 2678//1 2618//1
f 2622//1 2624//1 2643//1
f 2622//1 2643//1 2549//1
f 2622//1 2549//1 2607//1
f 2624//1 2626//1 2651//1
f 2624//1 2651//1 2649//1
f 2628//1 2660//1 2626//1
f 2626//1 2660//1 2658//1
f 2626//1 2658//1 2656//1
f 2656//1 2654//1 2626//1
f 2626//1 2654//1 2652//1
f 2626//1 2652//1 2651//1
f 2649//1 2647//1 2624//1
f 2624//1 2647//1 2646//1
f 2624//1 2646//1 2643//1
f 2550//1 2552//1 2606//1
f 2606//1 2552//1 2554//1
f 2068//1 2061//1 2147//1
f 2147//1 2061//1 2060//1
f 2147//1 2060//1 2062//1
f 2062//1 2063//1 2147//1
f 2147//1 2063//1 2064//1
f 2147//1 2146//1 2482//1
f 2147//1 2482//1 2481//1
f 2146//1 2143//1 2693//1
f 2146//1 2693//1 2694//1
f 2143//1 2142//1 2695//1
f 2143//1 2695//1 2696//1
f 2142//1 2144//1 2697//1
f 2142//1 2697//1 2695//1
f 2695//1 2697//1 2698//1
f 2698//1 2697//1 2699//1
f 2698//1 2699//1 2700//1
f 2144//1 2145//1 2701//1
f 2144//1 2701//1 2697//1
f 2145//1 2139//1 2702//1
f 2145//1 2702//1 2701//1
f 2139//1 2138//1 2703//1
f 2139//1 2703//1 2702//1
f 2138//1 2140//1 2703//1
f 2703//1 2140//1 2141//1
f 2703//1 2141//1 2100//1
f 2703//1 2100//1 2704//1
f 2704//1 2100//1 2705//1
f 2705//1 2100//1 2099//1
f 2705//1 2099//1 2706//1
f 2706//1 2099//1 2101//1
f 2706//1 2101//1 2707//1
f 2707//1 2101//1 2102//1
f 2707//1 2102//1 2708//1
f 2708//1 2102//1 2103//1
f 2708//1 2103//1 2709//1
f 2709//1 2103//1 2104//1
f 2709//1 2104//1 2710//1
f 2710//1 2104//1 2094//1
f 2710//1 2094//1 2711//1
f 2711//1 2094//1 2093//1
f 2711//1 2093//1 2712//1
f 2712//1 2093//1 2095//1
f 2141//1 2135//1 2105//1
f 2141//1 2105//1 2100//1
f 2135//1 2134//1 2105//1
f 2105//1 2134//1 2136//1
f 2105//1 2136//1 2137//1
f 2137//1 2130//1 2105//1
f 2105//1 2130//1 2129//1
f 2105//1 2129//1 2131//1
f 2131//1 2132//1 2110//1
f 2131//1 2110//1 2105//1
f 2132//1 2133//1 2110//1
f 2110//1 2133//1 2124//1
f 2110//1 2124//1 2109//1
f 2109//1 2124//1 2108//1
f 2108//1 2124//1 2106//1
f 2106//1 2124//1 2111//1
f 2106//1 2111//1 2113//1
f 2124//1 2123//1 2122//1
f 2124//1 2122//1 2112//1
f 2123//1 2125//1 2121//1
f 2123//1 2121//1 2122//1
f 2121//1 2125//1 2120//1
f 2120//1 2125//1 2126//1
f 2120//1 2126//1 2127//1
f 2127//1 2128//1 2120//1
f 2120//1 2128//1 2119//1
f 2119//1 2128//1 2117//1
f 2117//1 2128//1 2118//1
f 2112//1 2111//1 2124//1
f 2113//1 2114//1 2106//1
f 2106//1 2114//1 2115//1
f 2106//1 2115//1 2116//1
f 2116//1 2107//1 2106//1
f 2095//1 2096//1 2713//1
f 2095//1 2713//1 2712//1
f 2096//1 2097//1 2713//1
f 2713//1 2097//1 2098//1
f 2713//1 2098//1 2714//1
f 2714//1 2098//1 2088//1
f 2714//1 2088//1 2715//1
f 2715//1 2088//1 2087//1
f 2715//1 2087//1 2716//1
f 2716//1 2087//1 2717//1
f 2717//1 2087//1 2718//1
f 2717//1 2718//1 2719//1
f 2719//1 2718//1 2720//1
f 2719//1 2720//1 2721//1
f 2087//1 2089//1 2722//1
f 2087//1 2722//1 2718//1
f 2089//1 2090//1 2723//1
f 2089//1 2723//1 2722//1
f 2090//1 2091//1 2724//1
f 2090//1 2724//1 2723//1
f 2091//1 2092//1 2724//1
f 2724//1 2092//1 2082//1
f 2724//1 2082//1 2467//1
f 2724//1 2467//1 2725//1
f 2725//1 2467//1 2466//1
f 2725//1 2466//1 2726//1
f 2726//1 2466//1 2465//1
f 2726//1 2465//1 2727//1
f 2727//1 2465//1 2728//1
f 2728//1 2465//1 2729//1
f 2729//1 2465//1 2464//1
f 2729//1 2464//1 2730//1
f 2730//1 2464//1 2731//1
f 2731//1 2464//1 2732//1
f 2732//1 2464//1 2463//1
f 2732//1 2463//1 2733//1
f 2733//1 2463//1 2462//1
f 2733//1 2462//1 2734//1
f 2734//1 2462//1 2461//1
f 2734//1 2461//1 2735//1
f 2735//1 2461//1 2460//1
f 2735//1 2460//1 2736//1
f 2736//1 2460//1 2737//1
f 2737//1 2460//1 2738//1
f 2738//1 2460//1 2739//1
f 2738//1 2739//1 2740//1
f 2740//1 2739//1 2741//1
f 2741//1 2739//1 2742//1
f 2082//1 2081//1 2470//1
f 2082//1 2470//1 2469//1
f 2081//1 2083//1 2470//1
f 2470//1 2083//1 2084//1
f 2470//1 2084//1 2085//1
f 2470//1 2085//1 2471//1
f 2471//1 2085//1 2086//1
f 2086//1 2078//1 2472//1
f 2086//1 2472//1 2471//1
f 2078//1 2077//1 2473//1
f 2078//1 2473//1 2472//1
f 2077//1 2079//1 2474//1
f 2077//1 2474//1 2473//1
f 2079//1 2080//1 2474//1
f 2474//1 2080//1 2074//1
f 2474//1 2074//1 2475//1
f 2475//1 2074//1 2073//1
f 2475//1 2073//1 2476//1
f 2476//1 2073//1 2075//1
f 2476//1 2075//1 2477//1
f 2477//1 2075//1 2076//1
f 2076//1 2070//1 2478//1
f 2076//1 2478//1 2477//1
f 2070//1 2069//1 2147//1
f 2070//1 2147//1 2479//1
f 2070//1 2479//1 2478//1
f 2069//1 2071//1 2147//1
f 2147//1 2071//1 2072//1
f 2147//1 2072//1 2066//1
f 2066//1 2065//1 2147//1
f 2147//1 2065//1 2067//1
f 2147//1 2067//1 2068//1
f 2435//1 2489//1 2743//1
f 2435//1 2743//1 2744//1
f 2489//1 2488//1 2745//1
f 2489//1 2745//1 2743//1
f 2488//1 2487//1 2615//1
f 2488//1 2615//1 2746//1
f 2746//1 2615//1 2664//1
f 2664//1 2615//1 2679//1
f 2664//1 2679//1 2662//1
f 2487//1 2486//1 2616//1
f 2487//1 2616//1 2615//1
f 2486//1 2485//1 2146//1
f 2486//1 2146//1 2621//1
f 2486//1 2621//1 2619//1
f 2485//1 2484//1 2146//1
f 2146//1 2484//1 2483//1
f 2146//1 2483//1 2482//1
f 2481//1 2480//1 2147//1
f 2147//1 2480//1 2479//1
f 2469//1 2468//1 2082//1
f 2082//1 2468//1 2467//1
f 2460//1 2459//1 2747//1
f 2460//1 2747//1 2739//1
f 2459//1 2458//1 2748//1
f 2459//1 2748//1 2747//1
f 2458//1 2457//1 2749//1
f 2458//1 2749//1 2750//1
f 2457//1 2456//1 2751//1
f 2457//1 2751//1 2749//1
f 2456//1 2455//1 2752//1
f 2456//1 2752//1 2753//1
f 2455//1 2454//1 2754//1
f 2455//1 2754//1 2755//1
f 2454//1 2453//1 2756//1
f 2454//1 2756//1 2757//1
f 2453//1 2452//1 2758//1
f 2453//1 2758//1 2756//1
f 2452//1 2451//1 2759//1
f 2452//1 2759//1 2758//1
f 2451//1 2450//1 2760//1
f 2451//1 2760//1 2761//1
f 2450//1 2449//1 2762//1
f 2450//1 2762//1 2760//1
f 2449//1 2448//1 2763//1
f 2449//1 2763//1 2762//1
f 2448//1 2447//1 2764//1
f 2448//1 2764//1 2765//1
f 2447//1 2446//1 2766//1
f 2447//1 2766//1 2767//1
f 2446//1 2445//1 2768//1
f 2446//1 2768//1 2769//1
f 2445//1 2444//1 2770//1
f 2445//1 2770//1 2771//1
f 2444//1 2443//1 2772//1
f 2444//1 2772//1 2770//1
f 2443//1 2442//1 2773//1
f 2443//1 2773//1 2772//1
f 2442//1 2441//1 2774//1
f 2442//1 2774//1 2775//1
f 2441//1 2440//1 2776//1
f 2441//1 2776//1 2774//1
f 2440//1 2439//1 2777//1
f 2440//1 2777//1 2776//1
f 2439//1 2438//1 2778//1
f 2439//1 2778//1 2779//1
f 2438//1 2437//1 2780//1
f 2438//1 2780//1 2778//1
f 2778//1 2780//1 2781//1
f 2437//1 2436//1 2782//1
f 2437//1 2782//1 2783//1
f 2436//1 2435//1 2784//1
f 2436//1 2784//1 2782//1
f 2785//1 2629//1 2627//1
f 2627//1 2629//1 2659//1
f 2627//1 2659//1 2661//1
f 2785//1 2627//1 2146//1
f 2146//1 2627//1 2625//1
f 2146//1 2625//1 2623//1
f 2623//1 2621//1 2146//1
f 2619//1 2616//1 2486//1
f 2746//1 2786//1 2488//1
f 2488//1 2786//1 2745//1
f 2786//1 2787//1 2745//1
f 2745//1 2787//1 2788//1
f 2745//1 2788//1 2789//1
f 2744//1 2790//1 2435//1
f 2435//1 2790//1 2784//1
f 2791//1 2792//1 2783//1
f 2783//1 2792//1 2793//1
f 2783//1 2793//1 2794//1
f 2783//1 2794//1 2437//1
f 2437//1 2794//1 2780//1
f 2795//1 2796//1 2781//1
f 2781//1 2796//1 2778//1
f 2779//1 2797//1 2439//1
f 2439//1 2797//1 2777//1
f 2798//1 2799//1 2775//1
f 2775//1 2799//1 2800//1
f 2775//1 2800//1 2801//1
f 2775//1 2801//1 2442//1
f 2442//1 2801//1 2802//1
f 2442//1 2802//1 2773//1
f 2773//1 2802//1 2803//1
f 2773//1 2803//1 2804//1
f 2804//1 2803//1 2805//1
f 2771//1 2806//1 2445//1
f 2445//1 2806//1 2768//1
f 2807//1 2808//1 2769//1
f 2769//1 2808//1 2809//1
f 2769//1 2809//1 2766//1
f 2447//1 2767//1 2810//1
f 2810//1 2767//1 2811//1
f 2810//1 2811//1 2812//1
f 2812//1 2811//1 2813//1
f 2810//1 2764//1 2447//1
f 2765//1 2763//1 2448//1
f 2814//1 2815//1 2761//1
f 2761//1 2815//1 2816//1
f 2761//1 2816//1 2817//1
f 2761//1 2817//1 2451//1
f 2451//1 2817//1 2818//1
f 2451//1 2818//1 2759//1
f 2759//1 2818//1 2819//1
f 2759//1 2819//1 2820//1
f 2820//1 2819//1 2821//1
f 2757//1 2754//1 2454//1
f 2755//1 2822//1 2455//1
f 2455//1 2822//1 2752//1
f 2823//1 2824//1 2822//1
f 2822//1 2824//1 2825//1
f 2822//1 2825//1 2752//1
f 2456//1 2753//1 2826//1
f 2826//1 2753//1 2827//1
f 2826//1 2827//1 2828//1
f 2828//1 2827//1 2829//1
f 2826//1 2751//1 2456//1
f 2750//1 2748//1 2458//1
f 2737//1 2830//1 2736//1
f 2736//1 2830//1 2831//1
f 2831//1 2830//1 2832//1
f 2729//1 2730//1 2833//1
f 2833//1 2730//1 2834//1
f 2833//1 2834//1 2835//1
f 2728//1 2836//1 2727//1
f 2727//1 2836//1 2837//1
f 2727//1 2837//1 2838//1
f 2716//1 2839//1 2715//1
f 2715//1 2839//1 2840//1
f 2715//1 2840//1 2841//1
f 2708//1 2709//1 2842//1
f 2842//1 2709//1 2843//1
f 2842//1 2843//1 2844//1
f 2707//1 2845//1 2706//1
f 2706//1 2845//1 2846//1
f 2706//1 2846//1 2847//1
f 2143//1 2696//1 2848//1
f 2848//1 2696//1 2849//1
f 2848//1 2849//1 2850//1
f 2850//1 2851//1 2848//1
f 2848//1 2852//1 2143//1
f 2143//1 2852//1 2853//1
f 2143//1 2853//1 2693//1
f 2694//1 2854//1 2146//1
f 2146//1 2854//1 2855//1
f 2146//1 2855//1 2856//1
f 2856//1 2855//1 2857//1
f 2857//1 2855//1 2858//1
f 2857//1 2858//1 2859//1
f 2856//1 2785//1 2146//1
f 2766//1 2446//1 2769//1
f 2664//873 2692//873 2860//873
f 2664//873 2860//873 2746//873
f 2746//874 2860//874 2861//874
f 2746//874 2861//874 2786//874
f 2786//875 2861//875 2862//875
f 2786//875 2862//875 2787//875
f 2630//876 2629//876 2785//876
f 2630//876 2785//876 2863//876
f 2863//877 2785//877 2856//877
f 2863//877 2856//877 2864//877
f 2864//878 2856//878 2857//878
f 2864//878 2857//878 2865//878
f 2866//879 2867//879 2868//879
f 2866//879 2868//879 2869//879
f 2870//880 2871//880 2867//880
f 2867//880 2871//880 2872//880
f 2867//880 2872//880 2868//880
f 2868//880 2872//880 2873//880
f 2873//881 2872//881 2874//881
f 2873//881 2874//881 2875//881
f 2875//882 2874//882 2876//882
f 2875//882 2876//882 2877//882
f 2877//883 2876//883 2878//883
f 2878//883 2876//883 2879//883
f 2878//883 2879//883 2880//883
f 2880//883 2879//883 2881//883
f 2881//882 2879//882 2882//882
f 2881//882 2882//882 2883//882
f 2883//881 2882//881 2871//881
f 2883//881 2871//881 2870//881
f 2874//881 2872//881 2871//881
f 2874//881 2871//881 2882//881
f 2874//882 2882//882 2879//882
f 2874//882 2879//882 2876//882
f 2880//884 2884//884 2885//884
f 2880//884 2885//884 2878//884
f 2886//885 2887//885 2884//885
f 2884//886 2887//886 2888//886
f 2884//887 2888//887 2889//887
f 2889//888 2888//888 2890//888
f 2889//889 2890//889 2891//889
f 2891//890 2890//890 2892//890
f 2891//891 2892//891 2893//891
f 2893//892 2892//892 2894//892
f 2894//893 2892//893 2895//893
f 2894//894 2895//894 2896//894
f 2896//895 2895//895 2897//895
f 2896//896 2897//896 2898//896
f 2898//897 2897//897 2899//897
f 2899//898 2897//898 2900//898
f 2899//899 2900//899 2901//899
f 2901//900 2900//900 2857//900
f 2857//900 2900//900 2902//900
f 2857//900 2902//900 2865//900
f 2865//901 2902//901 2903//901
f 2903//902 2902//902 2904//902
f 2903//903 2904//903 2905//903
f 2905//904 2904//904 2906//904
f 2905//905 2906//905 2907//905
f 2907//906 2906//906 2908//906
f 2907//907 2908//907 2909//907
f 2909//908 2908//908 2910//908
f 2909//909 2910//909 2911//909
f 2911//910 2910//910 2887//910
f 2911//911 2887//911 2886//911
f 2857//912 2859//912 2901//912
f 2901//913 2859//913 2912//913
f 2912//914 2859//914 2858//914
f 2912//915 2858//915 2913//915
f 2913//916 2858//916 2855//916
f 2889//917 2885//917 2884//917
f 2890//918 2888//918 2887//918
f 2890//918 2887//918 2910//918
f 2890//919 2910//919 2908//919
f 2890//919 2908//919 2892//919
f 2892//920 2908//920 2906//920
f 2892//920 2906//920 2895//920
f 2895//921 2906//921 2904//921
f 2895//921 2904//921 2897//921
f 2897//922 2904//922 2902//922
f 2897//922 2902//922 2900//922
f 2855//923 2854//923 2914//923
f 2855//923 2914//923 2913//923
f 2854//924 2694//924 2915//924
f 2854//924 2915//924 2914//924
f 2694//925 2693//925 2916//925
f 2694//925 2916//925 2915//925
f 2693//926 2853//926 2917//926
f 2693//926 2917//926 2916//926
f 2853//927 2852//927 2918//927
f 2853//927 2918//927 2917//927
f 2852//928 2848//928 2919//928
f 2852//928 2919//928 2918//928
f 2920//929 2921//929 2922//929
f 2922//929 2921//929 2923//929
f 2922//929 2923//929 2924//929
f 2924//929 2923//929 2925//929
f 2925//930 2923//930 2926//930
f 2925//930 2926//930 2927//930
f 2927//931 2926//931 2928//931
f 2927//931 2928//931 2929//931
f 2929//932 2928//932 2930//932
f 2929//932 2930//932 2931//932
f 2931//933 2930//933 2932//933
f 2931//933 2932//933 2933//933
f 2933//934 2932//934 2934//934
f 2933//934 2934//934 2935//934
f 2935//935 2934//935 2936//935
f 2935//935 2936//935 2937//935
f 2937//936 2936//936 2938//936
f 2937//936 2938//936 2939//936
f 2939//937 2938//937 2869//937
f 2869//937 2938//937 2940//937
f 2869//937 2940//937 2866//937
f 2866//937 2940//937 2941//937
f 2941//936 2940//936 2942//936
f 2941//936 2942//936 2943//936
f 2943//935 2942//935 2944//935
f 2943//935 2944//935 2945//935
f 2945//934 2944//934 2946//934
f 2945//934 2946//934 2947//934
f 2947//933 2946//933 2948//933
f 2947//933 2948//933 2949//933
f 2949//932 2948//932 2950//932
f 2949//932 2950//932 2951//932
f 2951//931 2950//931 2952//931
f 2951//931 2952//931 2953//931
f 2953//930 2952//930 2921//930
f 2953//930 2921//930 2920//930
f 2926//930 2923//930 2921//930
f 2926//930 2921//930 2952//930
f 2926//931 2952//931 2950//931
f 2926//931 2950//931 2928//931
f 2928//932 2950//932 2948//932
f 2928//932 2948//932 2930//932
f 2930//933 2948//933 2946//933
f 2930//933 2946//933 2932//933
f 2932//934 2946//934 2944//934
f 2932//934 2944//934 2934//934
f 2934//935 2944//935 2942//935
f 2934//935 2942//935 2936//935
f 2936//936 2942//936 2940//936
f 2936//936 2940//936 2938//936
f 2954//938 2922//938 2924//938
f 2954//938 2924//938 2955//938
f 2849//939 2956//939 2957//939
f 2957//940 2956//940 2958//940
f 2957//941 2958//941 2959//941
f 2957//942 2959//942 2960//942
f 2960//943 2959//943 2961//943
f 2960//944 2961//944 2962//944
f 2962//945 2961//945 2963//945
f 2962//946 2963//946 2964//946
f 2964//947 2963//947 2965//947
f 2964//948 2965//948 2966//948
f 2966//949 2965//949 2967//949
f 2966//950 2967//950 2968//950
f 2968//951 2967//951 2969//951
f 2969//952 2967//952 2970//952
f 2968//953 2969//953 2971//953
f 2971//954 2969//954 2972//954
f 2971//955 2972//955 2973//955
f 2971//956 2973//956 2974//956
f 2974//957 2973//957 2975//957
f 2974//958 2975//958 2976//958
f 2976//959 2975//959 2977//959
f 2977//960 2978//960 2979//960
f 2977//961 2979//961 2976//961
f 2976//962 2979//962 2962//962
f 2976//962 2962//962 2964//962
f 2978//963 2980//963 2981//963
f 2978//964 2981//964 2979//964
f 2979//965 2981//965 2960//965
f 2979//965 2960//965 2962//965
f 2980//966 2982//966 2983//966
f 2980//967 2983//967 2981//967
f 2981//968 2983//968 2957//968
f 2981//968 2957//968 2960//968
f 2982//969 2984//969 2983//969
f 2983//939 2984//939 2849//939
f 2983//939 2849//939 2957//939
f 2849//970 2984//970 2850//970
f 2850//971 2984//971 2985//971
f 2850//972 2985//972 2851//972
f 2851//973 2985//973 2919//973
f 2851//974 2919//974 2848//974
f 2976//975 2964//975 2966//975
f 2976//975 2966//975 2974//975
f 2974//976 2966//976 2968//976
f 2974//976 2968//976 2971//976
f 2986//977 2987//977 2988//977
f 2988//977 2987//977 2989//977
f 2988//977 2989//977 2990//977
f 2990//977 2989//977 2991//977
f 2991//978 2989//978 2992//978
f 2991//978 2992//978 2993//978
f 2993//979 2992//979 2994//979
f 2993//979 2994//979 2995//979
f 2995//980 2994//980 2955//980
f 2955//980 2994//980 2996//980
f 2955//980 2996//980 2954//980
f 2954//980 2996//980 2997//980
f 2997//979 2996//979 2998//979
f 2997//979 2998//979 2999//979
f 2999//978 2998//978 2987//978
f 2999//978 2987//978 2986//978
f 2992//978 2989//978 2987//978
f 2992//978 2987//978 2998//978
f 2992//979 2998//979 2996//979
f 2992//979 2996//979 2994//979
f 2970//981 2988//981 2990//981
f 2970//981 2990//981 2969//981
f 2924//1 2925//1 2869//1
f 2924//1 2869//1 2868//1
f 2925//1 2927//1 2939//1
f 2925//1 2939//1 2869//1
f 2939//1 2927//1 2937//1
f 2937//1 2927//1 2929//1
f 2937//1 2929//1 2935//1
f 2935//1 2929//1 2931//1
f 2935//1 2931//1 2933//1
f 2924//1 2868//1 2955//1
f 2955//1 2868//1 2873//1
f 2955//1 2873//1 2875//1
f 2875//1 2877//1 2995//1
f 2875//1 2995//1 2955//1
f 2877//1 2878//1 2990//1
f 2877//1 2990//1 2991//1
f 2878//1 2885//1 2915//1
f 2878//1 2915//1 2916//1
f 2885//1 2889//1 2915//1
f 2915//1 2889//1 2891//1
f 2915//1 2891//1 2893//1
f 2893//1 2894//1 2914//1
f 2893//1 2914//1 2915//1
f 2894//1 2896//1 2914//1
f 2914//1 2896//1 2898//1
f 2914//1 2898//1 2899//1
f 2899//1 2901//1 2914//1
f 2914//1 2901//1 2912//1
f 2914//1 2912//1 2913//1
f 2916//1 2917//1 2969//1
f 2916//1 2969//1 2990//1
f 2916//1 2990//1 2878//1
f 2917//1 2918//1 2977//1
f 2917//1 2977//1 2975//1
f 2919//1 2985//1 2918//1
f 2918//1 2985//1 2984//1
f 2918//1 2984//1 2982//1
f 2982//1 2980//1 2918//1
f 2918//1 2980//1 2978//1
f 2918//1 2978//1 2977//1
f 2975//1 2973//1 2917//1
f 2917//1 2973//1 2972//1
f 2917//1 2972//1 2969//1
f 2991//1 2993//1 2877//1
f 2877//1 2993//1 2995//1
f 358//1 3000//1 357//1
f 357//1 3000//1 3001//1
f 357//1 3001//1 356//1
f 356//1 3001//1 3002//1
f 356//1 3002//1 531//1
f 531//1 3002//1 3003//1
f 531//1 3003//1 530//1
f 530//1 3003//1 3004//1
f 530//1 3004//1 529//1
f 529//1 3004//1 3005//1
f 529//1 3005//1 528//1
f 528//1 3005//1 3006//1
f 528//1 3006//1 527//1
f 527//1 3006//1 3007//1
f 527//1 3007//1 526//1
f 526//1 3007//1 3008//1
f 526//1 3008//1 525//1
f 525//1 3008//1 3009//1
f 525//1 3009//1 524//1
f 524//1 3009//1 3010//1
f 524//1 3010//1 523//1
f 523//1 3010//1 3011//1
f 523//1 3011//1 522//1
f 522//1 3011//1 3012//1
f 522//1 3012//1 521//1
f 521//1 3012//1 3013//1
f 521//1 3013//1 520//1
f 520//1 3013//1 3014//1
f 520//1 3014//1 519//1
f 519//1 3014//1 3015//1
f 519//1 3015//1 518//1
f 518//1 3015//1 3016//1
f 518//1 3016//1 517//1
f 517//1 3016//1 3017//1
f 517//1 3017//1 516//1
f 516//1 3017//1 3018//1
f 516//1 3018//1 515//1
f 515//1 3018//1 3019//1
f 515//1 3019//1 514//1
f 514//1 3019//1 3020//1
f 514//1 3020//1 513//1
f 513//1 3020//1 3021//1
f 513//1 3021//1 512//1
f 512//1 3021//1 511//1
f 511//1 3021//1 3022//1
f 511//1 3022//1 510//1
f 510//1 3022//1 3023//1
f 510//1 3023//1 509//1
f 509//1 3023//1 3024//1
f 509//1 3024//1 508//1
f 508//1 3024//1 3025//1
f 508//1 3025//1 507//1
f 507//1 3025//1 3026//1
f 507//1 3026//1 506//1
f 506//1 3026//1 3027//1
f 506//1 3027//1 505//1
f 505//1 3027//1 3028//1
f 505//1 3028//1 504//1
f 504//1 3028//1 3029//1
f 504//1 3029//1 503//1
f 503//1 3029//1 3030//1
f 503//1 3030//1 502//1
f 502//1 3030//1 3031//1
f 502//1 3031//1 501//1
f 501//1 3031//1 3032//1
f 501//1 3032//1 500//1
f 500//1 3032//1 3033//1
f 500//1 3033//1 499//1
f 499//1 3033//1 3034//1
f 499//1 3034//1 498//1
f 498//1 3034//1 3035//1
f 498//1 3035//1 497//1
f 497//1 3035//1 3036//1
f 497//1 3036//1 496//1
f 496//1 3036//1 3037//1
f 496//1 3037//1 495//1
f 495//1 3037//1 3038//1
f 495//1 3038//1 494//1
f 494//1 3038//1 3039//1
f 494//1 3039//1 493//1
f 493//1 3039//1 3040//1
f 493//1 3040//1 492//1
f 492//1 3040//1 3041//1
f 492//1 3041//1 491//1
f 491//1 3041//1 3042//1
f 491//1 3042//1 490//1
f 490//1 3042//1 489//1
f 489//1 3042//1 3043//1
f 489//1 3043//1 488//1
f 488//1 3043//1 3044//1
f 488//1 3044//1 487//1
f 487//1 3044//1 3045//1
f 487//1 3045//1 486//1
f 486//1 3045//1 3046//1
f 486//1 3046//1 485//1
f 485//1 3046//1 3047//1
f 485//1 3047//1 484//1
f 484//1 3047//1 3048//1
f 484//1 3048//1 483//1
f 483//1 3048//1 3049//1
f 483//1 3049//1 482//1
f 482//1 3049//1 3050//1
f 482//1 3050//1 481//1
f 481//1 3050//1 3051//1
f 481//1 3051//1 480//1
f 480//1 3051//1 3052//1
f 480//1 3052//1 479//1
f 479//1 3052//1 3053//1
f 479//1 3053//1 478//1
f 478//1 3053//1 3054//1
f 478//1 3054//1 477//1
f 477//1 3054//1 3055//1
f 477//1 3055//1 476//1
f 476//1 3055//1 3056//1
f 476//1 3056//1 475//1
f 475//1 3056//1 3057//1
f 475//1 3057//1 474//1
f 474//1 3057//1 3058//1
f 474//1 3058//1 473//1
f 473//1 3058//1 3059//1
f 473//1 3059//1 472//1
f 472//1 3059//1 3060//1
f 472//1 3060//1 471//1
f 471//1 3060//1 3061//1
f 471//1 3061//1 470//1
f 470//1 3061//1 3062//1
f 470//1 3062//1 469//1
f 469//1 3062//1 3063//1
f 469//1 3063//1 468//1
f 468//1 3063//1 3064//1
f 468//1 3064//1 467//1
f 467//1 3064//1 466//1
f 466//1 3064//1 3065//1
f 466//1 3065//1 465//1
f 465//1 3065//1 3066//1
f 465//1 3066//1 464//1
f 464//1 3066//1 3067//1
f 464//1 3067//1 463//1
f 463//1 3067//1 3068//1
f 463//1 3068//1 462//1
f 462//1 3068//1 3069//1
f 462//1 3069//1 461//1
f 461//1 3069//1 3070//1
f 461//1 3070//1 460//1
f 460//1 3070//1 3071//1
f 460//1 3071//1 459//1
f 459//1 3071//1 3072//1
f 459//1 3072//1 458//1
f 458//1 3072//1 3073//1
f 458//1 3073//1 457//1
f 457//1 3073//1 3074//1
f 457//1 3074//1 456//1
f 456//1 3074//1 3075//1
f 456//1 3075//1 455//1
f 455//1 3075//1 3076//1
f 455//1 3076//1 454//1
f 454//1 3076//1 3077//1
f 454//1 3077//1 453//1
f 453//1 3077//1 3078//1
f 453//1 3078//1 452//1
f 452//1 3078//1 3079//1
f 452//1 3079//1 451//1
f 451//1 3079//1 3080//1
f 451//1 3080//1 450//1
f 450//1 3080//1 3081//1
f 450//1 3081//1 449//1
f 449//1 3081//1 3082//1
f 449//1 3082//1 448//1
f 448//1 3082//1 3083//1
f 448//1 3083//1 447//1
f 447//1 3083//1 3084//1
f 447//1 3084//1 446//1
f 446//1 3084//1 445//1
f 445//1 3084//1 3085//1
f 445//1 3085//1 444//1
f 444//1 3085//1 3086//1
f 444//1 3086//1 443//1
f 443//1 3086//1 3087//1
f 443//1 3087//1 442//1
f 442//1 3087//1 3088//1
f 442//1 3088//1 441//1
f 441//1 3088//1 3089//1
f 441//1 3089//1 440//1
f 440//1 3089//1 3090//1
f 440//1 3090//1 439//1
f 439//1 3090//1 3091//1
f 439//1 3091//1 438//1
f 438//1 3091//1 3092//1
f 438//1 3092//1 437//1
f 437//1 3092//1 3093//1
f 437//1 3093//1 436//1
f 436//1 3093//1 3094//1
f 436//1 3094//1 435//1
f 435//1 3094//1 3095//1
f 435//1 3095//1 434//1
f 434//1 3095//1 3096//1
f 434//1 3096//1 433//1
f 433//1 3096//1 3097//1
f 433//1 3097//1 432//1
f 432//1 3097//1 3098//1
f 432//1 3098//1 431//1
f 431//1 3098//1 3099//1
f 431//1 3099//1 430//1
f 430//1 3099//1 3100//1
f 430//1 3100//1 429//1
f 429//1 3100//1 3101//1
f 429//1 3101//1 428//1
f 428//1 3101//1 3102//1
f 428//1 3102//1 427//1
f 427//1 3102//1 3103//1
f 427//1 3103//1 426//1
f 426//1 3103//1 3104//1
f 426//1 3104//1 425//1
f 425//1 3104//1 3105//1
f 425//1 3105//1 424//1
f 424//1 3105//1 3106//1
f 424//1 3106//1 423//1
f 423//1 3106//1 422//1
f 422//1 3106//1 3107//1
f 422//1 3107//1 421//1
f 421//1 3107//1 3108//1
f 421//1 3108//1 420//1
f 420//1 3108//1 3109//1
f 420//1 3109//1 419//1
f 419//1 3109//1 3110//1
f 419//1 3110//1 418//1
f 418//1 3110//1 3111//1
f 418//1 3111//1 417//1
f 417//1 3111//1 3112//1
f 417//1 3112//1 416//1
f 416//1 3112//1 3113//1
f 416//1 3113//1 415//1
f 415//1 3113//1 3114//1
f 415//1 3114//1 414//1
f 414//1 3114//1 3115//1
f 414//1 3115//1 413//1
f 413//1 3115//1 3116//1
f 413//1 3116//1 412//1
f 412//1 3116//1 3117//1
f 412//1 3117//1 411//1
f 411//1 3117//1 3118//1
f 411//1 3118//1 410//1
f 410//1 3118//1 3119//1
f 410//1 3119//1 409//1
f 409//1 3119//1 3120//1
f 409//1 3120//1 408//1
f 408//1 3120//1 3121//1
f 408//1 3121//1 407//1
f 407//1 3121//1 3122//1
f 407//1 3122//1 406//1
f 406//1 3122//1 3123//1
f 406//1 3123//1 405//1
f 405//1 3123//1 3124//1
f 405//1 3124//1 404//1
f 404//1 3124//1 3125//1
f 404//1 3125//1 403//1
f 403//1 3125//1 3126//1
f 403//1 3126//1 402//1
f 402//1 3126//1 401//1
f 401//1 3126//1 3127//1
f 401//1 3127//1 400//1
f 400//1 3127//1 3128//1
f 400//1 3128//1 399//1
f 399//1 3128//1 3129//1
f 399//1 3129//1 398//1
f 398//1 3129//1 3130//1
f 398//1 3130//1 397//1
f 397//1 3130//1 3131//1
f 397//1 3131//1 396//1
f 396//1 3131//1 3132//1
f 396//1 3132//1 395//1
f 395//1 3132//1 3133//1
f 395//1 3133//1 394//1
f 394//1 3133//1 3134//1
f 394//1 3134//1 393//1
f 393//1 3134//1 3135//1
f 393//1 3135//1 392//1
f 392//1 3135//1 3136//1
f 392//1 3136//1 391//1
f 391//1 3136//1 3137//1
f 391//1 3137//1 390//1
f 390//1 3137//1 3138//1
f 390//1 3138//1 389//1
f 389//1 3138//1 3139//1
f 389//1 3139//1 388//1
f 388//1 3139//1 3140//1
f 388//1 3140//1 387//1
f 387//1 3140//1 3141//1
f 387//1 3141//1 386//1
f 386//1 3141//1 3142//1
f 386//1 3142//1 385//1
f 385//1 3142//1 3143//1
f 385//1 3143//1 384//1
f 384//1 3143//1 3144//1
f 384//1 3144//1 383//1
f 383//1 3144//1 3145//1
f 383//1 3145//1 382//1
f 382//1 3145//1 3146//1
f 382//1 3146//1 381//1
f 381//1 3146//1 3147//1
f 381//1 3147//1 380//1
f 380//1 3147//1 379//1
f 379//1 3147//1 3148//1
f 379//1 3148//1 378//1
f 378//1 3148//1 3149//1
f 378//1 3149//1 377//1
f 377//1 3149//1 3150//1
f 377//1 3150//1 376//1
f 376//1 3150//1 3151//1
f 376//1 3151//1 375//1
f 375//1 3151//1 3152//1
f 375//1 3152//1 374//1
f 374//1 3152//1 3153//1
f 374//1 3153//1 373//1
f 373//1 3153//1 3154//1
f 373//1 3154//1 372//1
f 372//1 3154//1 3155//1
f 372//1 3155//1 371//1
f 371//1 3155//1 3156//1
f 371//1 3156//1 370//1
f 370//1 3156//1 3157//1
f 370//1 3157//1 369//1
f 369//1 3157//1 3158//1
f 369//1 3158//1 368//1
f 368//1 3158//1 3159//1
f 368//1 3159//1 367//1
f 367//1 3159//1 3160//1
f 367//1 3160//1 366//1
f 366//1 3160//1 3161//1
f 366//1 3161//1 365//1
f 365//1 3161//1 3162//1
f 365//1 3162//1 364//1
f 364//1 3162//1 3163//1
f 364//1 3163//1 363//1
f 363//1 3163//1 3164//1
f 363//1 3164//1 362//1
f 362//1 3164//1 3165//1
f 362//1 3165//1 361//1
f 361//1 3165//1 3166//1
f 361//1 3166//1 360//1
f 360//1 3166//1 3167//1
f 360//1 3167//1 359//1
f 359//1 3167//1 3000//1
f 359//1 3000//1 358//1
f 2641//1 2639//1 2644//1
f 2644//1 2639//1 2637//1
f 2644//1 2637//1 2635//1
f 2635//1 2633//1 2644//1
f 2644//1 2633//1 2632//1
f 2644//1 2632//1 2630//1
f 2630//1 2863//1 3168//1
f 2630//1 3168//1 2644//1
f 2644//1 3168//1 2547//1
f 2547//1 3168//1 3169//1
f 2547//1 3169//1 2545//1
f 2545//1 3169//1 2560//1
f 2560//1 3169//1 3170//1
f 2560//1 3170//1 2558//1
f 2558//1 3170//1 3171//1
f 2558//1 3171//1 2557//1
f 2557//1 3171//1 2561//1
f 2561//1 3171//1 2563//1
f 2563//1 3171//1 3172//1
f 2563//1 3172//1 2596//1
f 2596//1 3172//1 2594//1
f 2594//1 3172//1 2592//1
f 2592//1 3172//1 3173//1
f 2592//1 3173//1 2590//1
f 2590//1 3173//1 2588//1
f 2588//1 3173//1 2586//1
f 2586//1 3173//1 2584//1
f 2584//1 3173//1 3174//1
f 2584//1 3174//1 2583//1
f 2583//1 3174//1 3175//1
f 2583//1 3175//1 2597//1
f 2597//1 3175//1 2599//1
f 2599//1 3175//1 2612//1
f 2612//1 3175//1 3176//1
f 2612//1 3176//1 2610//1
f 2610//1 3176//1 3177//1
f 2610//1 3177//1 2609//1
f 2609//1 3177//1 2613//1
f 2613//1 3177//1 2860//1
f 2613//1 2860//1 2692//1
f 2613//1 2692//1 2686//1
f 2686//1 2692//1 2687//1
f 2687//1 2692//1 2688//1
f 2688//1 2692//1 2689//1
f 2689//1 2692//1 2690//1
f 2690//1 2692//1 2691//1
f 2863//1 2864//1 3178//1
f 2863//1 3178//1 3168//1
f 2864//1 2865//1 2884//1
f 2864//1 2884//1 3178//1
f 3178//1 2884//1 2880//1
f 2865//1 2903//1 2884//1
f 2884//1 2903//1 2905//1
f 2884//1 2905//1 2886//1
f 2886//1 2905//1 2907//1
f 2886//1 2907//1 2911//1
f 2911//1 2907//1 2909//1
f 2880//1 2881//1 3179//1
f 2880//1 3179//1 3178//1
f 2881//1 2883//1 3179//1
f 3179//1 2883//1 2870//1
f 3179//1 2870//1 3180//1
f 3180//1 2870//1 2867//1
f 3180//1 2867//1 3181//1
f 3181//1 2867//1 2866//1
f 2866//1 2941//1 3181//1
f 3181//1 2941//1 2943//1
f 3181//1 2943//1 3182//1
f 3182//1 2943//1 2945//1
f 2945//1 2947//1 3182//1
f 3182//1 2947//1 2949//1
f 3182//1 2949//1 3183//1
f 3183//1 2949//1 2951//1
f 2951//1 2953//1 3183//1
f 3183//1 2953//1 2920//1
f 3183//1 2920//1 2922//1
f 3183//1 2922//1 3184//1
f 3184//1 2922//1 2954//1
f 3184//1 2954//1 3185//1
f 3185//1 2954//1 2997//1
f 2997//1 2999//1 3185//1
f 3185//1 2999//1 2986//1
f 3185//1 2986//1 3186//1
f 3186//1 2986//1 2988//1
f 3186//1 2988//1 3187//1
f 3187//1 2988//1 2970//1
f 2967//1 2965//1 2970//1
f 2970//1 2965//1 2963//1
f 2970//1 2963//1 2961//1
f 2961//1 2959//1 2970//1
f 2970//1 2959//1 2958//1
f 2970//1 2958//1 2956//1
f 2956//1 3188//1 3187//1
f 2956//1 3187//1 2970//1
f 3188//1 3189//1 3187//1
f 3187//1 3189//1 3190//1
f 3187//1 3190//1 3191//1
f 3187//1 3191//1 3192//1
f 3192//1 3191//1 3193//1
f 3192//1 3193//1 3194//1
f 3194//1 3193//1 3195//1
f 3196//1 3197//1 3190//1
f 3190//1 3197//1 3198//1
f 3190//1 3198//1 3199//1
f 3199//1 3200//1 3190//1
f 3190//1 3200//1 3201//1
f 3190//1 3201//1 3191//1
f 3195//1 3202//1 3194//1
f 3194//1 3202//1 3203//1
f 3194//1 3203//1 3204//1
f 3194//1 3204//1 3205//1
f 3205//1 3204//1 3206//1
f 3206//1 3207//1 3205//1
f 3205//1 3207//1 3208//1
f 3205//1 3208//1 3209//1
f 3209//1 3210//1 3205//1
f 3205//1 3210//1 3211//1
f 3205//1 3211//1 3001//1
f 3205//1 3001//1 3000//1
f 3210//1 3212//1 3211//1
f 3211//1 3212//1 3213//1
f 3211//1 3213//1 3214//1
f 3214//1 3215//1 3211//1
f 3211//1 3215//1 3216//1
f 3211//1 3216//1 3217//1
f 3217//1 3218//1 3219//1
f 3217//1 3219//1 3211//1
f 3218//1 3220//1 3219//1
f 3219//1 3220//1 3221//1
f 3219//1 3221//1 3222//1
f 3222//1 3223//1 3224//1
f 3222//1 3224//1 3219//1
f 3224//1 3223//1 3225//1
f 3224//1 3225//1 3226//1
f 3224//1 3226//1 3227//1
f 3227//1 3226//1 3228//1
f 3223//1 3229//1 3225//1
f 3225//1 3229//1 3230//1
f 3225//1 3230//1 3231//1
f 3231//1 3230//1 3232//1
f 3232//1 3230//1 3233//1
f 3233//1 3230//1 3234//1
f 3228//1 3235//1 3236//1
f 3228//1 3236//1 3237//1
f 3228//1 3237//1 3227//1
f 3227//1 3237//1 3238//1
f 3239//1 3240//1 3235//1
f 3235//1 3240//1 3241//1
f 3235//1 3241//1 3242//1
f 3242//1 3243//1 3235//1
f 3235//1 3243//1 3236//1
f 3238//1 3244//1 3245//1
f 3238//1 3245//1 3227//1
f 3244//1 3246//1 3247//1
f 3244//1 3247//1 3245//1
f 3246//1 3248//1 3247//1
f 3247//1 3248//1 3249//1
f 3247//1 3249//1 3250//1
f 3247//1 3250//1 3251//1
f 3251//1 3250//1 3252//1
f 3251//1 3252//1 3253//1
f 3253//1 3252//1 3254//1
f 3254//1 3255//1 3253//1
f 3253//1 3255//1 3256//1
f 3253//1 3256//1 3257//1
f 3253//1 3257//1 3258//1
f 3258//1 3257//1 3259//1
f 3259//1 3260//1 3258//1
f 3258//1 3260//1 3261//1
f 3258//1 3261//1 3262//1
f 3262//1 3261//1 3263//1
f 3263//1 3264//1 3262//1
f 3262//1 3264//1 3265//1
f 3262//1 3265//1 3266//1
f 3266//1 3265//1 3267//1
f 3266//1 3267//1 3268//1
f 3268//1 3267//1 3269//1
f 3269//1 3270//1 3271//1
f 3269//1 3271//1 3268//1
f 3270//1 3272//1 3271//1
f 3271//1 3272//1 3273//1
f 3271//1 3273//1 3274//1
f 3275//1 3276//1 3272//1
f 3272//1 3276//1 3277//1
f 3272//1 3277//1 3273//1
f 3276//1 3275//1 3278//1
f 3278//1 3275//1 3279//1
f 3278//1 3279//1 3280//1
f 3274//1 3281//1 3282//1
f 3274//1 3282//1 3271//1
f 3281//1 3283//1 3284//1
f 3281//1 3284//1 3285//1
f 3281//1 3285//1 3282//1
f 3282//1 3285//1 3286//1
f 3287//1 3288//1 3283//1
f 3283//1 3288//1 3289//1
f 3283//1 3289//1 3290//1
f 3290//1 3291//1 3283//1
f 3283//1 3291//1 3284//1
f 3286//1 3292//1 3293//1
f 3286//1 3293//1 3282//1
f 3292//1 3294//1 3293//1
f 3293//1 3294//1 3295//1
f 3293//1 3295//1 3296//1
f 3296//1 3295//1 3297//1
f 3296//1 3297//1 3298//1
f 3298//1 3297//1 3299//1
f 3299//1 3300//1 3298//1
f 3298//1 3300//1 3301//1
f 3298//1 3301//1 3302//1
f 3302//1 3301//1 3303//1
f 3303//1 3304//1 3302//1
f 3302//1 3304//1 3305//1
f 3302//1 3305//1 3306//1
f 3306//1 3305//1 3307//1
f 3307//1 3308//1 3306//1
f 3306//1 3308//1 3309//1
f 3306//1 3309//1 3310//1
f 3306//1 3310//1 3311//1
f 3311//1 3310//1 3312//1
f 3311//1 3312//1 3313//1
f 3313//1 3312//1 3314//1
f 3314//1 3315//1 3313//1
f 3313//1 3315//1 3316//1
f 3313//1 3316//1 3317//1
f 3313//1 3317//1 3318//1
f 3318//1 3317//1 3319//1
f 3318//1 3319//1 3320//1
f 3318//1 3320//1 3321//1
f 3321//1 3320//1 3322//1
f 3322//1 3320//1 3323//1
f 3322//1 3323//1 3324//1
f 3324//1 3323//1 3325//1
f 3326//1 3327//1 3317//1
f 3317//1 3327//1 3328//1
f 3317//1 3328//1 3329//1
f 3317//1 3329//1 3330//1
f 3317//1 3330//1 3319//1
f 3326//1 3331//1 3332//1
f 3326//1 3332//1 3327//1
f 3331//1 3333//1 3332//1
f 3332//1 3333//1 3334//1
f 3332//1 3334//1 3335//1
f 3335//1 3336//1 3332//1
f 3332//1 3336//1 3337//1
f 3338//1 3339//1 3329//1
f 3329//1 3339//1 3340//1
f 3329//1 3340//1 3341//1
f 3341//1 3342//1 3329//1
f 3329//1 3342//1 3330//1
f 3325//1 3343//1 3324//1
f 3324//1 3343//1 3344//1
f 3324//1 3344//1 3345//1
f 3345//1 3344//1 3346//1
f 3346//1 3347//1 3345//1
f 3345//1 3347//1 3348//1
f 3345//1 3348//1 3349//1
f 3349//1 3350//1 3345//1
f 3345//1 3350//1 3351//1
f 3345//1 3351//1 3043//1
f 3345//1 3043//1 3042//1
f 3350//1 3352//1 3351//1
f 3351//1 3352//1 3353//1
f 3351//1 3353//1 3354//1
f 3354//1 3355//1 3351//1
f 3351//1 3355//1 3356//1
f 3351//1 3356//1 3357//1
f 3357//1 3358//1 3359//1
f 3357//1 3359//1 3351//1
f 3358//1 3360//1 3359//1
f 3359//1 3360//1 3361//1
f 3359//1 3361//1 3362//1
f 3359//1 3362//1 3363//1
f 3363//1 3362//1 3364//1
f 3364//1 3362//1 3365//1
f 3364//1 3365//1 3366//1
f 3364//1 3366//1 3367//1
f 3367//1 3366//1 3368//1
f 3367//1 3368//1 3369//1
f 3369//1 3368//1 3370//1
f 3365//1 3371//1 3372//1
f 3365//1 3372//1 3373//1
f 3365//1 3373//1 3366//1
f 3366//1 3373//1 3374//1
f 3371//1 3375//1 3372//1
f 3372//1 3375//1 3376//1
f 3372//1 3376//1 3377//1
f 3377//1 3378//1 3372//1
f 3372//1 3378//1 3379//1
f 3374//1 3380//1 3381//1
f 3374//1 3381//1 3382//1
f 3383//1 3384//1 3380//1
f 3380//1 3384//1 3385//1
f 3380//1 3385//1 3386//1
f 3386//1 3387//1 3380//1
f 3380//1 3387//1 3381//1
f 3382//1 3366//1 3374//1
f 3370//1 3388//1 3369//1
f 3369//1 3388//1 3389//1
f 3369//1 3389//1 3390//1
f 3369//1 3390//1 3391//1
f 3391//1 3390//1 3392//1
f 3391//1 3392//1 3393//1
f 3393//1 3392//1 3394//1
f 3394//1 3395//1 3393//1
f 3393//1 3395//1 3396//1
f 3393//1 3396//1 3397//1
f 3393//1 3397//1 3398//1
f 3398//1 3397//1 3399//1
f 3399//1 3400//1 3398//1
f 3398//1 3400//1 3401//1
f 3398//1 3401//1 3402//1
f 3402//1 3401//1 3403//1
f 3403//1 3404//1 3402//1
f 3402//1 3404//1 3405//1
f 3402//1 3405//1 3406//1
f 3406//1 3405//1 3407//1
f 3406//1 3407//1 3408//1
f 3408//1 3407//1 3409//1
f 3409//1 3410//1 3411//1
f 3409//1 3411//1 3408//1
f 3410//1 3412//1 3411//1
f 3411//1 3412//1 3413//1
f 3411//1 3413//1 3414//1
f 3411//1 3414//1 3415//1
f 3413//1 3416//1 3414//1
f 3414//1 3416//1 3417//1
f 3414//1 3417//1 3418//1
f 3418//1 3419//1 3414//1
f 3414//1 3419//1 3420//1
f 3415//1 3421//1 3422//1
f 3415//1 3422//1 3411//1
f 3421//1 3423//1 3424//1
f 3421//1 3424//1 3422//1
f 3422//1 3424//1 3425//1
f 3423//1 3426//1 3424//1
f 3424//1 3426//1 3427//1
f 3424//1 3427//1 3428//1
f 3428//1 3427//1 3429//1
f 3428//1 3429//1 3430//1
f 3430//1 3429//1 3431//1
f 3425//1 3432//1 3433//1
f 3425//1 3433//1 3422//1
f 3432//1 3434//1 3433//1
f 3433//1 3434//1 3435//1
f 3433//1 3435//1 3436//1
f 3436//1 3435//1 3437//1
f 3436//1 3437//1 3438//1
f 3438//1 3437//1 3439//1
f 3439//1 3440//1 3438//1
f 3438//1 3440//1 3441//1
f 3438//1 3441//1 3442//1
f 3442//1 3441//1 3443//1
f 3443//1 3444//1 3442//1
f 3442//1 3444//1 3445//1
f 3442//1 3445//1 3446//1
f 3446//1 3445//1 3447//1
f 3447//1 3448//1 3446//1
f 3446//1 3448//1 3449//1
f 3446//1 3449//1 3450//1
f 3446//1 3450//1 3451//1
f 3451//1 3450//1 3452//1
f 3451//1 3452//1 3453//1
f 3453//1 3452//1 3454//1
f 3454//1 3455//1 3453//1
f 3453//1 3455//1 3456//1
f 3453//1 3456//1 3457//1
f 3457//1 3456//1 3458//1
f 3457//1 3458//1 3459//1
f 3459//1 3458//1 3460//1
f 3460//1 3461//1 3462//1
f 3460//1 3462//1 3463//1
f 3460//1 3463//1 3459//1
f 3459//1 3463//1 3464//1
f 3461//1 3465//1 3462//1
f 3462//1 3465//1 3466//1
f 3462//1 3466//1 3467//1
f 3467//1 3468//1 3462//1
f 3462//1 3468//1 3469//1
f 3464//1 3470//1 3471//1
f 3464//1 3471//1 3472//1
f 3464//1 3472//1 3459//1
f 3470//1 3473//1 3471//1
f 3471//1 3473//1 3474//1
f 3471//1 3474//1 3475//1
f 3475//1 3476//1 3471//1
f 3471//1 3476//1 3477//1
f 3471//1 3477//1 3478//1
f 3471//1 3479//1 3480//1
f 3471//1 3480//1 3472//1
f 3479//1 3481//1 3480//1
f 3480//1 3481//1 3482//1
f 3480//1 3482//1 3483//1
f 3483//1 3484//1 3485//1
f 3483//1 3485//1 3480//1
f 3484//1 3486//1 3485//1
f 3485//1 3486//1 3487//1
f 3485//1 3487//1 3488//1
f 3488//1 3489//1 3485//1
f 3485//1 3489//1 3490//1
f 3485//1 3490//1 3491//1
f 3485//1 3491//1 3085//1
f 3485//1 3085//1 3084//1
f 3490//1 3492//1 3491//1
f 3491//1 3492//1 3493//1
f 3491//1 3493//1 3494//1
f 3494//1 3495//1 3491//1
f 3491//1 3495//1 3496//1
f 3491//1 3496//1 3497//1
f 3497//1 3498//1 3499//1
f 3497//1 3499//1 3491//1
f 3498//1 3500//1 3499//1
f 3499//1 3500//1 3501//1
f 3499//1 3501//1 3502//1
f 3502//1 3503//1 3504//1
f 3502//1 3504//1 3499//1
f 3504//1 3503//1 3505//1
f 3504//1 3505//1 3506//1
f 3504//1 3506//1 3507//1
f 3507//1 3506//1 3508//1
f 3503//1 3509//1 3505//1
f 3505//1 3509//1 3510//1
f 3505//1 3510//1 3511//1
f 3511//1 3512//1 3505//1
f 3505//1 3512//1 3513//1
f 3505//1 3513//1 3514//1
f 3508//1 3515//1 3516//1
f 3508//1 3516//1 3507//1
f 3507//1 3516//1 3517//1
f 3515//1 3518//1 3516//1
f 3516//1 3518//1 3519//1
f 3516//1 3519//1 3520//1
f 3520//1 3521//1 3516//1
f 3516//1 3521//1 3522//1
f 3516//1 3522//1 3523//1
f 3517//1 3524//1 3525//1
f 3517//1 3525//1 3507//1
f 3524//1 3526//1 3527//1
f 3524//1 3527//1 3525//1
f 3526//1 3528//1 3527//1
f 3527//1 3528//1 3529//1
f 3527//1 3529//1 3530//1
f 3527//1 3530//1 3531//1
f 3531//1 3530//1 3532//1
f 3531//1 3532//1 3533//1
f 3533//1 3532//1 3534//1
f 3534//1 3535//1 3533//1
f 3533//1 3535//1 3536//1
f 3533//1 3536//1 3537//1
f 3533//1 3537//1 3538//1
f 3538//1 3537//1 3539//1
f 3539//1 3540//1 3538//1
f 3538//1 3540//1 3541//1
f 3538//1 3541//1 3542//1
f 3542//1 3541//1 3543//1
f 3543//1 3544//1 3542//1
f 3542//1 3544//1 3545//1
f 3542//1 3545//1 3546//1
f 3546//1 3545//1 3547//1
f 3546//1 3547//1 3548//1
f 3548//1 3547//1 3549//1
f 3549//1 3550//1 3551//1
f 3549//1 3551//1 3548//1
f 3550//1 3552//1 3551//1
f 3551//1 3552//1 3553//1
f 3551//1 3553//1 3554//1
f 3555//1 3556//1 3552//1
f 3552//1 3556//1 3557//1
f 3552//1 3557//1 3553//1
f 3556//1 3555//1 3558//1
f 3558//1 3555//1 3559//1
f 3558//1 3559//1 3560//1
f 3554//1 3561//1 3562//1
f 3554//1 3562//1 3551//1
f 3561//1 3563//1 3564//1
f 3561//1 3564//1 3562//1
f 3562//1 3564//1 3565//1
f 3563//1 3566//1 3564//1
f 3564//1 3566//1 3567//1
f 3564//1 3567//1 3568//1
f 3568//1 3569//1 3564//1
f 3564//1 3569//1 3570//1
f 3564//1 3570//1 3571//1
f 3565//1 3572//1 3573//1
f 3565//1 3573//1 3562//1
f 3572//1 3574//1 3573//1
f 3573//1 3574//1 3575//1
f 3573//1 3575//1 3576//1
f 3576//1 3575//1 3577//1
f 3576//1 3577//1 3578//1
f 3578//1 3577//1 3579//1
f 3579//1 3580//1 3578//1
f 3578//1 3580//1 3581//1
f 3578//1 3581//1 3582//1
f 3582//1 3581//1 3583//1
f 3583//1 3584//1 3582//1
f 3582//1 3584//1 3585//1
f 3582//1 3585//1 3586//1
f 3586//1 3585//1 3587//1
f 3587//1 3588//1 3586//1
f 3586//1 3588//1 3589//1
f 3586//1 3589//1 3590//1
f 3586//1 3590//1 3591//1
f 3591//1 3590//1 3592//1
f 3591//1 3592//1 3593//1
f 3593//1 3592//1 3594//1
f 3594//1 3595//1 3593//1
f 3593//1 3595//1 3596//1
f 3593//1 3596//1 3597//1
f 3597//1 3596//1 3598//1
f 3597//1 3598//1 3599//1
f 3599//1 3598//1 3600//1
f 3600//1 3601//1 3602//1
f 3600//1 3602//1 3603//1
f 3600//1 3603//1 3599//1
f 3599//1 3603//1 3604//1
f 3601//1 3605//1 3602//1
f 3602//1 3605//1 3606//1
f 3602//1 3606//1 3607//1
f 3607//1 3608//1 3602//1
f 3602//1 3608//1 3609//1
f 3604//1 3610//1 3611//1
f 3604//1 3611//1 3612//1
f 3604//1 3612//1 3599//1
f 3610//1 3613//1 3611//1
f 3611//1 3613//1 3614//1
f 3611//1 3614//1 3615//1
f 3615//1 3616//1 3611//1
f 3611//1 3616//1 3617//1
f 3611//1 3617//1 3618//1
f 3611//1 3619//1 3620//1
f 3611//1 3620//1 3612//1
f 3619//1 3621//1 3620//1
f 3620//1 3621//1 3622//1
f 3620//1 3622//1 3623//1
f 3623//1 3624//1 3625//1
f 3623//1 3625//1 3620//1
f 3624//1 3626//1 3625//1
f 3625//1 3626//1 3627//1
f 3625//1 3627//1 3628//1
f 3628//1 3629//1 3625//1
f 3625//1 3629//1 3630//1
f 3625//1 3630//1 3631//1
f 3625//1 3631//1 3127//1
f 3625//1 3127//1 3126//1
f 3630//1 3632//1 3631//1
f 3631//1 3632//1 3633//1
f 3631//1 3633//1 3634//1
f 3634//1 3635//1 3631//1
f 3631//1 3635//1 3636//1
f 3631//1 3636//1 3637//1
f 3637//1 3638//1 3639//1
f 3637//1 3639//1 3631//1
f 3638//1 3640//1 3639//1
f 3639//1 3640//1 3641//1
f 3639//1 3641//1 3642//1
f 3642//1 3643//1 3644//1
f 3642//1 3644//1 3639//1
f 3645//1 3646//1 3643//1
f 3643//1 3646//1 3647//1
f 3643//1 3647//1 3648//1
f 3648//1 3649//1 3643//1
f 3643//1 3649//1 3650//1
f 3643//1 3650//1 2862//1
f 2862//1 2861//1 3177//1
f 2862//1 3177//1 3644//1
f 2862//1 3644//1 3643//1
f 2861//1 2860//1 3177//1
f 2956//982 2849//982 2696//982
f 2956//982 2696//982 3188//982
f 3188//983 2696//983 2695//983
f 3188//983 2695//983 3189//983
f 3189//984 2695//984 2698//984
f 3189//984 2698//984 3190//984
f 3641//985 3651//985 3642//985
f 3642//985 3651//985 3652//985
f 3642//985 3652//985 3653//985
f 3653//985 3652//985 3654//985
f 3654//986 3652//986 3655//986
f 3654//986 3655//986 3656//986
f 3656//987 3655//987 3657//987
f 3656//987 3657//987 3658//987
f 3658//988 3657//988 3659//988
f 3659//988 3657//988 3660//988
f 3659//988 3660//988 3637//988
f 3637//988 3660//988 3638//988
f 3638//987 3660//987 3661//987
f 3638//987 3661//987 3640//987
f 3640//986 3661//986 3651//986
f 3640//986 3651//986 3641//986
f 3655//986 3652//986 3651//986
f 3655//986 3651//986 3661//986
f 3655//987 3661//987 3660//987
f 3655//987 3660//987 3657//987
f 3637//989 3636//989 3662//989
f 3637//989 3662//989 3659//989
f 3635//990 3663//990 3636//990
f 3636//990 3663//990 3664//990
f 3636//990 3664//990 3662//990
f 3662//990 3664//990 3665//990
f 3665//991 3664//991 3666//991
f 3665//991 3666//991 3667//991
f 3667//992 3666//992 3668//992
f 3667//992 3668//992 3669//992
f 3669//993 3668//993 3670//993
f 3669//993 3670//993 3671//993
f 3671//994 3670//994 3672//994
f 3671//994 3672//994 3673//994
f 3673//995 3672//995 3674//995
f 3673//995 3674//995 3675//995
f 3675//996 3674//996 3676//996
f 3675//996 3676//996 3677//996
f 3677//997 3676//997 3678//997
f 3677//997 3678//997 3679//997
f 3679//998 3678//998 3680//998
f 3680//998 3678//998 3681//998
f 3680//998 3681//998 3626//998
f 3626//998 3681//998 3627//998
f 3627//997 3681//997 3682//997
f 3627//997 3682//997 3628//997
f 3628//996 3682//996 3683//996
f 3628//996 3683//996 3629//996
f 3629//995 3683//995 3684//995
f 3629//995 3684//995 3630//995
f 3630//994 3684//994 3685//994
f 3630//994 3685//994 3632//994
f 3632//993 3685//993 3686//993
f 3632//993 3686//993 3633//993
f 3633//992 3686//992 3687//992
f 3633//992 3687//992 3634//992
f 3634//991 3687//991 3663//991
f 3634//991 3663//991 3635//991
f 3666//991 3664//991 3663//991
f 3666//991 3663//991 3687//991
f 3666//992 3687//992 3686//992
f 3666//992 3686//992 3668//992
f 3668//993 3686//993 3685//993
f 3668//993 3685//993 3670//993
f 3670//994 3685//994 3684//994
f 3670//994 3684//994 3672//994
f 3672//995 3684//995 3683//995
f 3672//995 3683//995 3674//995
f 3674//996 3683//996 3682//996
f 3674//996 3682//996 3676//996
f 3676//997 3682//997 3681//997
f 3676//997 3681//997 3678//997
f 3626//999 3624//999 3688//999
f 3626//999 3688//999 3680//999
f 3623//1000 3689//1000 3624//1000
f 3624//1000 3689//1000 3690//1000
f 3624//1000 3690//1000 3688//1000
f 3688//1000 3690//1000 3691//1000
f 3691//1001 3690//1001 3692//1001
f 3691//1001 3692//1001 3693//1001
f 3693//1002 3692//1002 3694//1002
f 3693//1002 3694//1002 3695//1002
f 3695//1003 3694//1003 3696//1003
f 3696//1003 3694//1003 3697//1003
f 3696//1003 3697//1003 3619//1003
f 3619//1003 3697//1003 3621//1003
f 3621//1002 3697//1002 3698//1002
f 3621//1002 3698//1002 3622//1002
f 3622//1001 3698//1001 3689//1001
f 3622//1001 3689//1001 3623//1001
f 3692//1001 3690//1001 3689//1001
f 3692//1001 3689//1001 3698//1001
f 3692//1002 3698//1002 3697//1002
f 3692//1002 3697//1002 3694//1002
f 3619//1004 3611//1004 3699//1004
f 3619//1004 3699//1004 3696//1004
f 2783//1005 2782//1005 3700//1005
f 2783//1005 3700//1005 3701//1005
f 2782//1006 2784//1006 3702//1006
f 2782//1006 3702//1006 3700//1006
f 2784//1007 2790//1007 3703//1007
f 2784//1007 3703//1007 3702//1007
f 2790//1008 2744//1008 3704//1008
f 2790//1008 3704//1008 3703//1008
f 2744//1009 2743//1009 3705//1009
f 2744//1009 3705//1009 3704//1009
f 2743//1010 2745//1010 3706//1010
f 2743//1010 3706//1010 3705//1010
f 2787//1011 2862//1011 3707//1011
f 3707//1012 2862//1012 3650//1012
f 3707//1013 3650//1013 3649//1013
f 3707//1014 3649//1014 3708//1014
f 3708//1015 3649//1015 3648//1015
f 3708//1016 3648//1016 3709//1016
f 3709//1017 3648//1017 3647//1017
f 3709//1018 3647//1018 3710//1018
f 3710//1019 3647//1019 3646//1019
f 3710//1020 3646//1020 3711//1020
f 3711//1021 3646//1021 3645//1021
f 3711//1022 3645//1022 3712//1022
f 3712//1023 3645//1023 3713//1023
f 3713//1024 3645//1024 3643//1024
f 3712//1025 3713//1025 3714//1025
f 3714//1026 3713//1026 3715//1026
f 3714//1027 3715//1027 3716//1027
f 3714//1028 3716//1028 3717//1028
f 3717//1029 3716//1029 3718//1029
f 3717//1030 3718//1030 3719//1030
f 3719//1031 3718//1031 3720//1031
f 3720//1032 3721//1032 3722//1032
f 3720//1033 3722//1033 3719//1033
f 3719//1034 3722//1034 3709//1034
f 3719//1034 3709//1034 3710//1034
f 3721//1035 3723//1035 3724//1035
f 3721//1036 3724//1036 3722//1036
f 3722//1037 3724//1037 3708//1037
f 3722//1037 3708//1037 3709//1037
f 3723//1038 3725//1038 3726//1038
f 3723//1039 3726//1039 3724//1039
f 3724//1040 3726//1040 3707//1040
f 3724//1040 3707//1040 3708//1040
f 3725//1041 3727//1041 3726//1041
f 3726//1011 3727//1011 2787//1011
f 3726//1011 2787//1011 3707//1011
f 2787//1042 3727//1042 2788//1042
f 2788//1043 3727//1043 3728//1043
f 2788//1044 3728//1044 2789//1044
f 2789//1045 3728//1045 3706//1045
f 2789//1046 3706//1046 2745//1046
f 3719//1047 3710//1047 3711//1047
f 3719//1047 3711//1047 3717//1047
f 3717//1048 3711//1048 3712//1048
f 3717//1048 3712//1048 3714//1048
f 2792//1049 3729//1049 2793//1049
f 2793//1050 3729//1050 3730//1050
f 2793//1050 3730//1050 3731//1050
f 3731//1051 3730//1051 3732//1051
f 3731//1051 3732//1051 3733//1051
f 3733//1052 3732//1052 3734//1052
f 3733//1052 3734//1052 3735//1052
f 3735//1053 3734//1053 3736//1053
f 3735//1053 3736//1053 3737//1053
f 3737//1054 3736//1054 3738//1054
f 3737//1054 3738//1054 3739//1054
f 3739//1055 3738//1055 3740//1055
f 3739//1055 3740//1055 3741//1055
f 3741//1056 3740//1056 3611//1056
f 3611//1057 3740//1057 3742//1057
f 3611//1058 3742//1058 3699//1058
f 3729//1059 2792//1059 3743//1059
f 3743//1060 2792//1060 2791//1060
f 3743//1061 2791//1061 3701//1061
f 3701//1062 2791//1062 2783//1062
f 3729//1063 3744//1063 3732//1063
f 3729//1064 3732//1064 3730//1064
f 3744//1065 3745//1065 3732//1065
f 3732//1066 3745//1066 3746//1066
f 3732//1067 3746//1067 3734//1067
f 3734//1068 3746//1068 3747//1068
f 3734//1069 3747//1069 3736//1069
f 3736//1070 3747//1070 3748//1070
f 3748//1071 3749//1071 3738//1071
f 3748//1072 3738//1072 3736//1072
f 3749//1073 3742//1073 3740//1073
f 3749//1074 3740//1074 3738//1074
f 3611//1075 3618//1075 3741//1075
f 3741//1076 3618//1076 3617//1076
f 3741//1077 3617//1077 3739//1077
f 3739//1078 3617//1078 3616//1078
f 3739//1079 3616//1079 3737//1079
f 3737//1080 3616//1080 3615//1080
f 3737//1081 3615//1081 3735//1081
f 3735//1082 3615//1082 3614//1082
f 3735//1083 3614//1083 3733//1083
f 3733//1084 3614//1084 3613//1084
f 3733//1085 3613//1085 3731//1085
f 3731//1086 3613//1086 3610//1086
f 3610//1050 2793//1050 3731//1050
f 3643//1087 3642//1087 3653//1087
f 3643//1087 3653//1087 3713//1087
f 3662//1 3665//1 3680//1
f 3662//1 3680//1 3688//1
f 3665//1 3667//1 3679//1
f 3665//1 3679//1 3680//1
f 3679//1 3667//1 3677//1
f 3677//1 3667//1 3669//1
f 3677//1 3669//1 3675//1
f 3675//1 3669//1 3671//1
f 3675//1 3671//1 3673//1
f 3662//1 3688//1 3659//1
f 3659//1 3688//1 3691//1
f 3659//1 3691//1 3693//1
f 3693//1 3695//1 3658//1
f 3693//1 3658//1 3659//1
f 3695//1 3696//1 3653//1
f 3695//1 3653//1 3654//1
f 3696//1 3699//1 3702//1
f 3696//1 3702//1 3703//1
f 3699//1 3742//1 3702//1
f 3702//1 3742//1 3749//1
f 3702//1 3749//1 3748//1
f 3748//1 3747//1 3700//1
f 3748//1 3700//1 3702//1
f 3747//1 3746//1 3700//1
f 3700//1 3746//1 3745//1
f 3700//1 3745//1 3744//1
f 3744//1 3729//1 3700//1
f 3700//1 3729//1 3743//1
f 3700//1 3743//1 3701//1
f 3703//1 3704//1 3713//1
f 3703//1 3713//1 3653//1
f 3703//1 3653//1 3696//1
f 3704//1 3705//1 3720//1
f 3704//1 3720//1 3718//1
f 3706//1 3728//1 3705//1
f 3705//1 3728//1 3727//1
f 3705//1 3727//1 3725//1
f 3725//1 3723//1 3705//1
f 3705//1 3723//1 3721//1
f 3705//1 3721//1 3720//1
f 3718//1 3716//1 3704//1
f 3704//1 3716//1 3715//1
f 3704//1 3715//1 3713//1
f 3654//1 3656//1 3695//1
f 3695//1 3656//1 3658//1
f 2793//1088 3610//1088 3604//1088
f 2793//1088 3604//1088 2794//1088
f 2794//1089 3604//1089 3603//1089
f 2794//1089 3603//1089 2780//1089
f 2780//1090 3603//1090 3602//1090
f 2780//1090 3602//1090 2781//1090
f 3579//1091 3577//1091 3750//1091
f 3579//1091 3750//1091 3751//1091
f 3575//1092 3752//1092 3577//1092
f 3577//1092 3752//1092 3753//1092
f 3577//1092 3753//1092 3750//1092
f 3750//1092 3753//1092 3754//1092
f 3754//1093 3753//1093 3755//1093
f 3754//1093 3755//1093 3756//1093
f 3756//1094 3755//1094 3757//1094
f 3756//1094 3757//1094 3758//1094
f 3758//1095 3757//1095 3759//1095
f 3759//1095 3757//1095 3760//1095
f 3759//1095 3760//1095 3565//1095
f 3565//1095 3760//1095 3572//1095
f 3572//1094 3760//1094 3761//1094
f 3572//1094 3761//1094 3574//1094
f 3574//1093 3761//1093 3752//1093
f 3574//1093 3752//1093 3575//1093
f 3755//1093 3753//1093 3752//1093
f 3755//1093 3752//1093 3761//1093
f 3755//1094 3761//1094 3760//1094
f 3755//1094 3760//1094 3757//1094
f 3565//1096 3564//1096 3762//1096
f 3565//1096 3762//1096 3759//1096
f 3571//1097 3763//1097 3564//1097
f 3564//1098 3763//1098 3764//1098
f 3564//1099 3764//1099 3765//1099
f 3765//1100 3764//1100 3766//1100
f 3765//1101 3766//1101 3767//1101
f 3767//1102 3766//1102 3768//1102
f 3767//1103 3768//1103 3769//1103
f 3769//1104 3768//1104 3770//1104
f 3770//1105 3768//1105 3771//1105
f 3770//1106 3771//1106 3772//1106
f 3772//1107 3771//1107 3773//1107
f 3772//1108 3773//1108 3774//1108
f 3774//1109 3773//1109 3775//1109
f 3775//1110 3773//1110 3776//1110
f 3775//1111 3776//1111 3777//1111
f 3777//1112 3776//1112 2800//1112
f 2800//1112 3776//1112 3778//1112
f 2800//1112 3778//1112 3563//1112
f 3563//1113 3778//1113 3566//1113
f 3566//1114 3778//1114 3779//1114
f 3566//1115 3779//1115 3567//1115
f 3567//1116 3779//1116 3780//1116
f 3567//1117 3780//1117 3568//1117
f 3568//1118 3780//1118 3781//1118
f 3568//1119 3781//1119 3569//1119
f 3569//1120 3781//1120 3782//1120
f 3569//1121 3782//1121 3570//1121
f 3570//1122 3782//1122 3763//1122
f 3570//1123 3763//1123 3571//1123
f 2800//1124 2799//1124 3777//1124
f 3777//1125 2799//1125 3783//1125
f 3783//1126 2799//1126 2798//1126
f 3783//1127 2798//1127 3784//1127
f 3784//1128 2798//1128 2775//1128
f 3765//1129 3762//1129 3564//1129
f 3766//1130 3764//1130 3763//1130
f 3766//1130 3763//1130 3782//1130
f 3766//1131 3782//1131 3781//1131
f 3766//1131 3781//1131 3768//1131
f 3768//1132 3781//1132 3780//1132
f 3768//1132 3780//1132 3771//1132
f 3771//1133 3780//1133 3779//1133
f 3771//1133 3779//1133 3773//1133
f 3773//1134 3779//1134 3778//1134
f 3773//1134 3778//1134 3776//1134
f 2775//1135 2774//1135 3785//1135
f 2775//1135 3785//1135 3784//1135
f 2774//1136 2776//1136 3786//1136
f 2774//1136 3786//1136 3785//1136
f 2776//1137 2777//1137 3787//1137
f 2776//1137 3787//1137 3786//1137
f 2777//1138 2797//1138 3788//1138
f 2777//1138 3788//1138 3787//1138
f 2797//1139 2779//1139 3789//1139
f 2797//1139 3789//1139 3788//1139
f 2779//1140 2778//1140 3790//1140
f 2779//1140 3790//1140 3789//1140
f 3589//1141 3791//1141 3590//1141
f 3590//1141 3791//1141 3792//1141
f 3590//1141 3792//1141 3793//1141
f 3793//1141 3792//1141 3794//1141
f 3794//1142 3792//1142 3795//1142
f 3794//1142 3795//1142 3796//1142
f 3796//1143 3795//1143 3797//1143
f 3796//1143 3797//1143 3798//1143
f 3798//1144 3797//1144 3799//1144
f 3798//1144 3799//1144 3800//1144
f 3800//1145 3799//1145 3801//1145
f 3800//1145 3801//1145 3802//1145
f 3802//1146 3801//1146 3803//1146
f 3802//1146 3803//1146 3804//1146
f 3804//1147 3803//1147 3805//1147
f 3804//1147 3805//1147 3806//1147
f 3806//1148 3805//1148 3807//1148
f 3806//1148 3807//1148 3808//1148
f 3808//1149 3807//1149 3751//1149
f 3751//1149 3807//1149 3809//1149
f 3751//1149 3809//1149 3579//1149
f 3579//1149 3809//1149 3580//1149
f 3580//1148 3809//1148 3810//1148
f 3580//1148 3810//1148 3581//1148
f 3581//1147 3810//1147 3811//1147
f 3581//1147 3811//1147 3583//1147
f 3583//1146 3811//1146 3812//1146
f 3583//1146 3812//1146 3584//1146
f 3584//1145 3812//1145 3813//1145
f 3584//1145 3813//1145 3585//1145
f 3585//1144 3813//1144 3814//1144
f 3585//1144 3814//1144 3587//1144
f 3587//1143 3814//1143 3815//1143
f 3587//1143 3815//1143 3588//1143
f 3588//1142 3815//1142 3791//1142
f 3588//1142 3791//1142 3589//1142
f 3795//1142 3792//1142 3791//1142
f 3795//1142 3791//1142 3815//1142
f 3795//1143 3815//1143 3814//1143
f 3795//1143 3814//1143 3797//1143
f 3797//1144 3814//1144 3813//1144
f 3797//1144 3813//1144 3799//1144
f 3799//1145 3813//1145 3812//1145
f 3799//1145 3812//1145 3801//1145
f 3801//1146 3812//1146 3811//1146
f 3801//1146 3811//1146 3803//1146
f 3803//1147 3811//1147 3810//1147
f 3803//1147 3810//1147 3805//1147
f 3805//1148 3810//1148 3809//1148
f 3805//1148 3809//1148 3807//1148
f 3592//1150 3590//1150 3793//1150
f 3592//1150 3793//1150 3816//1150
f 2781//1151 3602//1151 3817//1151
f 3817//1152 3602//1152 3609//1152
f 3817//1153 3609//1153 3608//1153
f 3817//1154 3608//1154 3818//1154
f 3818//1155 3608//1155 3607//1155
f 3818//1156 3607//1156 3819//1156
f 3819//1157 3607//1157 3606//1157
f 3819//1158 3606//1158 3820//1158
f 3820//1159 3606//1159 3605//1159
f 3820//1160 3605//1160 3821//1160
f 3821//1161 3605//1161 3601//1161
f 3821//1162 3601//1162 3822//1162
f 3822//1163 3601//1163 3823//1163
f 3823//1164 3601//1164 3600//1164
f 3822//1165 3823//1165 3824//1165
f 3824//1166 3823//1166 3825//1166
f 3824//1167 3825//1167 3826//1167
f 3824//1168 3826//1168 3827//1168
f 3827//1169 3826//1169 3828//1169
f 3827//1170 3828//1170 3829//1170
f 3829//1171 3828//1171 3830//1171
f 3830//1172 3831//1172 3832//1172
f 3830//1173 3832//1173 3829//1173
f 3829//1174 3832//1174 3819//1174
f 3829//1174 3819//1174 3820//1174
f 3831//1175 3833//1175 3834//1175
f 3831//1176 3834//1176 3832//1176
f 3832//1177 3834//1177 3818//1177
f 3832//1177 3818//1177 3819//1177
f 3833//1178 3835//1178 3836//1178
f 3833//1179 3836//1179 3834//1179
f 3834//1180 3836//1180 3817//1180
f 3834//1180 3817//1180 3818//1180
f 3835//1181 3837//1181 3836//1181
f 3836//1151 3837//1151 2781//1151
f 3836//1151 2781//1151 3817//1151
f 2781//1182 3837//1182 2795//1182
f 2795//1183 3837//1183 3838//1183
f 2795//1184 3838//1184 2796//1184
f 2796//1185 3838//1185 3790//1185
f 2796//1186 3790//1186 2778//1186
f 3829//1187 3820//1187 3821//1187
f 3829//1187 3821//1187 3827//1187
f 3827//1188 3821//1188 3822//1188
f 3827//1188 3822//1188 3824//1188
f 3596//1189 3839//1189 3598//1189
f 3598//1189 3839//1189 3840//1189
f 3598//1189 3840//1189 3841//1189
f 3841//1189 3840//1189 3842//1189
f 3842//1190 3840//1190 3843//1190
f 3842//1190 3843//1190 3844//1190
f 3844//1191 3843//1191 3845//1191
f 3844//1191 3845//1191 3846//1191
f 3846//1192 3845//1192 3816//1192
f 3816//1192 3845//1192 3847//1192
f 3816//1192 3847//1192 3592//1192
f 3592//1192 3847//1192 3594//1192
f 3594//1191 3847//1191 3848//1191
f 3594//1191 3848//1191 3595//1191
f 3595//1190 3848//1190 3839//1190
f 3595//1190 3839//1190 3596//1190
f 3843//1190 3840//1190 3839//1190
f 3843//1190 3839//1190 3848//1190
f 3843//1191 3848//1191 3847//1191
f 3843//1191 3847//1191 3845//1191
f 3600//1193 3598//1193 3841//1193
f 3600//1193 3841//1193 3823//1193
f 3793//1 3794//1 3751//1
f 3793//1 3751//1 3750//1
f 3794//1 3796//1 3808//1
f 3794//1 3808//1 3751//1
f 3808//1 3796//1 3806//1
f 3806//1 3796//1 3798//1
f 3806//1 3798//1 3804//1
f 3804//1 3798//1 3800//1
f 3804//1 3800//1 3802//1
f 3793//1 3750//1 3816//1
f 3816//1 3750//1 3754//1
f 3816//1 3754//1 3756//1
f 3756//1 3758//1 3846//1
f 3756//1 3846//1 3816//1
f 3758//1 3759//1 3841//1
f 3758//1 3841//1 3842//1
f 3759//1 3762//1 3786//1
f 3759//1 3786//1 3787//1
f 3762//1 3765//1 3786//1
f 3786//1 3765//1 3767//1
f 3786//1 3767//1 3769//1
f 3769//1 3770//1 3785//1
f 3769//1 3785//1 3786//1
f 3770//1 3772//1 3785//1
f 3785//1 3772//1 3774//1
f 3785//1 3774//1 3775//1
f 3775//1 3777//1 3785//1
f 3785//1 3777//1 3783//1
f 3785//1 3783//1 3784//1
f 3787//1 3788//1 3823//1
f 3787//1 3823//1 3841//1
f 3787//1 3841//1 3759//1
f 3788//1 3789//1 3830//1
f 3788//1 3830//1 3828//1
f 3790//1 3838//1 3789//1
f 3789//1 3838//1 3837//1
f 3789//1 3837//1 3835//1
f 3835//1 3833//1 3789//1
f 3789//1 3833//1 3831//1
f 3789//1 3831//1 3830//1
f 3828//1 3826//1 3788//1
f 3788//1 3826//1 3825//1
f 3788//1 3825//1 3823//1
f 3842//1 3844//1 3758//1
f 3758//1 3844//1 3846//1
f 3549//1194 3849//1194 3550//1194
f 3550//1194 3849//1194 3850//1194
f 3550//1194 3850//1194 3851//1194
f 3851//1194 3850//1194 3852//1194
f 3852//1195 3850//1195 3853//1195
f 3852//1195 3853//1195 3854//1195
f 3854//1196 3853//1196 3855//1196
f 3854//1196 3855//1196 3856//1196
f 3856//1197 3855//1197 3857//1197
f 3857//1197 3855//1197 3858//1197
f 3857//1197 3858//1197 3544//1197
f 3544//1197 3858//1197 3545//1197
f 3545//1196 3858//1196 3859//1196
f 3545//1196 3859//1196 3547//1196
f 3547//1195 3859//1195 3849//1195
f 3547//1195 3849//1195 3549//1195
f 3853//1195 3850//1195 3849//1195
f 3853//1195 3849//1195 3859//1195
f 3853//1196 3859//1196 3858//1196
f 3853//1196 3858//1196 3855//1196
f 3544//1198 3543//1198 3860//1198
f 3544//1198 3860//1198 3857//1198
f 3541//1199 3861//1199 3543//1199
f 3543//1199 3861//1199 3862//1199
f 3543//1199 3862//1199 3860//1199
f 3860//1199 3862//1199 3863//1199
f 3863//1200 3862//1200 3864//1200
f 3863//1200 3864//1200 3865//1200
f 3865//1201 3864//1201 3866//1201
f 3865//1201 3866//1201 3867//1201
f 3867//1202 3866//1202 3868//1202
f 3867//1202 3868//1202 3869//1202
f 3869//1203 3868//1203 3870//1203
f 3869//1203 3870//1203 3871//1203
f 3871//1204 3870//1204 3872//1204
f 3871//1204 3872//1204 3873//1204
f 3873//1205 3872//1205 3874//1205
f 3873//1205 3874//1205 3875//1205
f 3875//1206 3874//1206 3876//1206
f 3875//1206 3876//1206 3877//1206
f 3877//1207 3876//1207 3878//1207
f 3878//1207 3876//1207 3879//1207
f 3878//1207 3879//1207 3530//1207
f 3530//1207 3879//1207 3532//1207
f 3532//1206 3879//1206 3880//1206
f 3532//1206 3880//1206 3534//1206
f 3534//1205 3880//1205 3881//1205
f 3534//1205 3881//1205 3535//1205
f 3535//1204 3881//1204 3882//1204
f 3535//1204 3882//1204 3536//1204
f 3536//1203 3882//1203 3883//1203
f 3536//1203 3883//1203 3537//1203
f 3537//1202 3883//1202 3884//1202
f 3537//1202 3884//1202 3539//1202
f 3539//1201 3884//1201 3885//1201
f 3539//1201 3885//1201 3540//1201
f 3540//1200 3885//1200 3861//1200
f 3540//1200 3861//1200 3541//1200
f 3864//1200 3862//1200 3861//1200
f 3864//1200 3861//1200 3885//1200
f 3864//1201 3885//1201 3884//1201
f 3864//1201 3884//1201 3866//1201
f 3866//1202 3884//1202 3883//1202
f 3866//1202 3883//1202 3868//1202
f 3868//1203 3883//1203 3882//1203
f 3868//1203 3882//1203 3870//1203
f 3870//1204 3882//1204 3881//1204
f 3870//1204 3881//1204 3872//1204
f 3872//1205 3881//1205 3880//1205
f 3872//1205 3880//1205 3874//1205
f 3874//1206 3880//1206 3879//1206
f 3874//1206 3879//1206 3876//1206
f 3530//1208 3529//1208 3886//1208
f 3530//1208 3886//1208 3878//1208
f 3528//1209 3887//1209 3529//1209
f 3529//1209 3887//1209 3888//1209
f 3529//1209 3888//1209 3886//1209
f 3886//1209 3888//1209 3889//1209
f 3889//1210 3888//1210 3890//1210
f 3889//1210 3890//1210 3891//1210
f 3891//1211 3890//1211 3892//1211
f 3891//1211 3892//1211 3893//1211
f 3893//1212 3892//1212 3894//1212
f 3894//1212 3892//1212 3895//1212
f 3894//1212 3895//1212 3517//1212
f 3517//1212 3895//1212 3524//1212
f 3524//1211 3895//1211 3896//1211
f 3524//1211 3896//1211 3526//1211
f 3526//1210 3896//1210 3887//1210
f 3526//1210 3887//1210 3528//1210
f 3890//1210 3888//1210 3887//1210
f 3890//1210 3887//1210 3896//1210
f 3890//1211 3896//1211 3895//1211
f 3890//1211 3895//1211 3892//1211
f 3517//1213 3516//1213 3897//1213
f 3517//1213 3897//1213 3894//1213
f 2769//1214 2768//1214 3898//1214
f 2769//1214 3898//1214 3899//1214
f 2768//1215 2806//1215 3900//1215
f 2768//1215 3900//1215 3898//1215
f 2806//1216 2771//1216 3901//1216
f 2806//1216 3901//1216 3900//1216
f 2771//1217 2770//1217 3902//1217
f 2771//1217 3902//1217 3901//1217
f 2770//1218 2772//1218 3903//1218
f 2770//1218 3903//1218 3902//1218
f 2772//1219 2773//1219 3904//1219
f 2772//1219 3904//1219 3903//1219
f 2803//1220 3553//1220 3905//1220
f 3905//1221 3553//1221 3557//1221
f 3905//1222 3557//1222 3556//1222
f 3905//1223 3556//1223 3906//1223
f 3906//1224 3556//1224 3558//1224
f 3906//1225 3558//1225 3907//1225
f 3907//1226 3558//1226 3560//1226
f 3907//1227 3560//1227 3908//1227
f 3908//1228 3560//1228 3559//1228
f 3908//1229 3559//1229 3909//1229
f 3909//1230 3559//1230 3555//1230
f 3909//1231 3555//1231 3910//1231
f 3910//1232 3555//1232 3911//1232
f 3911//1233 3555//1233 3552//1233
f 3910//1234 3911//1234 3912//1234
f 3912//1235 3911//1235 3913//1235
f 3912//1236 3913//1236 3914//1236
f 3912//1237 3914//1237 3915//1237
f 3915//1238 3914//1238 3916//1238
f 3915//1239 3916//1239 3917//1239
f 3917//1240 3916//1240 3918//1240
f 3918//1241 3919//1241 3920//1241
f 3918//1242 3920//1242 3917//1242
f 3917//1243 3920//1243 3907//1243
f 3917//1243 3907//1243 3908//1243
f 3919//1244 3921//1244 3922//1244
f 3919//1245 3922//1245 3920//1245
f 3920//1246 3922//1246 3906//1246
f 3920//1246 3906//1246 3907//1246
f 3921//1247 3923//1247 3924//1247
f 3921//1248 3924//1248 3922//1248
f 3922//1249 3924//1249 3905//1249
f 3922//1249 3905//1249 3906//1249
f 3923//1250 3925//1250 3924//1250
f 3924//1220 3925//1220 2803//1220
f 3924//1220 2803//1220 3905//1220
f 2803//1251 3925//1251 2805//1251
f 2805//1252 3925//1252 3926//1252
f 2805//1253 3926//1253 2804//1253
f 2804//1254 3926//1254 3904//1254
f 2804//1255 3904//1255 2773//1255
f 3917//1256 3908//1256 3909//1256
f 3917//1256 3909//1256 3915//1256
f 3915//1257 3909//1257 3910//1257
f 3915//1257 3910//1257 3912//1257
f 2808//1258 3927//1258 2809//1258
f 2809//1259 3927//1259 3928//1259
f 2809//1259 3928//1259 3929//1259
f 3929//1260 3928//1260 3930//1260
f 3929//1260 3930//1260 3931//1260
f 3931//1261 3930//1261 3932//1261
f 3931//1261 3932//1261 3933//1261
f 3933//1262 3932//1262 3934//1262
f 3933//1262 3934//1262 3935//1262
f 3935//1263 3934//1263 3936//1263
f 3935//1263 3936//1263 3937//1263
f 3937//1264 3936//1264 3938//1264
f 3937//1264 3938//1264 3939//1264
f 3939//1265 3938//1265 3516//1265
f 3516//1266 3938//1266 3940//1266
f 3516//1267 3940//1267 3897//1267
f 3927//1268 2808//1268 3941//1268
f 3941//1269 2808//1269 2807//1269
f 3941//1270 2807//1270 3899//1270
f 3899//1271 2807//1271 2769//1271
f 3927//1272 3942//1272 3930//1272
f 3927//1273 3930//1273 3928//1273
f 3942//1274 3943//1274 3930//1274
f 3930//1275 3943//1275 3944//1275
f 3930//1276 3944//1276 3932//1276
f 3932//1277 3944//1277 3945//1277
f 3932//1278 3945//1278 3934//1278
f 3934//1279 3945//1279 3946//1279
f 3946//1280 3947//1280 3936//1280
f 3946//1281 3936//1281 3934//1281
f 3947//1282 3940//1282 3938//1282
f 3947//1283 3938//1283 3936//1283
f 3516//1284 3523//1284 3939//1284
f 3939//1285 3523//1285 3522//1285
f 3939//1286 3522//1286 3937//1286
f 3937//1287 3522//1287 3521//1287
f 3937//1288 3521//1288 3935//1288
f 3935//1289 3521//1289 3520//1289
f 3935//1290 3520//1290 3933//1290
f 3933//1291 3520//1291 3519//1291
f 3933//1292 3519//1292 3931//1292
f 3931//1293 3519//1293 3518//1293
f 3931//1294 3518//1294 3929//1294
f 3929//1295 3518//1295 3515//1295
f 3515//1259 2809//1259 3929//1259
f 3552//1296 3550//1296 3851//1296
f 3552//1296 3851//1296 3911//1296
f 3860//1 3863//1 3878//1
f 3860//1 3878//1 3886//1
f 3863//1 3865//1 3877//1
f 3863//1 3877//1 3878//1
f 3877//1 3865//1 3875//1
f 3875//1 3865//1 3867//1
f 3875//1 3867//1 3873//1
f 3873//1 3867//1 3869//1
f 3873//1 3869//1 3871//1
f 3860//1 3886//1 3857//1
f 3857//1 3886//1 3889//1
f 3857//1 3889//1 3891//1
f 3891//1 3893//1 3856//1
f 3891//1 3856//1 3857//1
f 3893//1 3894//1 3851//1
f 3893//1 3851//1 3852//1
f 3894//1 3897//1 3900//1
f 3894//1 3900//1 3901//1
f 3897//1 3940//1 3900//1
f 3900//1 3940//1 3947//1
f 3900//1 3947//1 3946//1
f 3946//1 3945//1 3898//1
f 3946//1 3898//1 3900//1
f 3945//1 3944//1 3898//1
f 3898//1 3944//1 3943//1
f 3898//1 3943//1 3942//1
f 3942//1 3927//1 3898//1
f 3898//1 3927//1 3941//1
f 3898//1 3941//1 3899//1
f 3901//1 3902//1 3911//1
f 3901//1 3911//1 3851//1
f 3901//1 3851//1 3894//1
f 3902//1 3903//1 3918//1
f 3902//1 3918//1 3916//1
f 3904//1 3926//1 3903//1
f 3903//1 3926//1 3925//1
f 3903//1 3925//1 3923//1
f 3923//1 3921//1 3903//1
f 3903//1 3921//1 3919//1
f 3903//1 3919//1 3918//1
f 3916//1 3914//1 3902//1
f 3902//1 3914//1 3913//1
f 3902//1 3913//1 3911//1
f 3852//1 3854//1 3893//1
f 3893//1 3854//1 3856//1
f 2809//1297 3515//1297 3508//1297
f 2809//1297 3508//1297 2766//1297
f 2766//1298 3508//1298 3506//1298
f 2766//1298 3506//1298 2767//1298
f 2767//1299 3506//1299 3505//1299
f 2767//1299 3505//1299 2811//1299
f 2800//1300 3563//1300 3561//1300
f 2800//1300 3561//1300 2801//1300
f 2801//1301 3561//1301 3554//1301
f 2801//1301 3554//1301 2802//1301
f 2802//1302 3554//1302 3553//1302
f 2802//1302 3553//1302 2803//1302
f 3486//1303 3484//1303 3948//1303
f 3486//1303 3948//1303 3949//1303
f 3483//1304 3950//1304 3484//1304
f 3484//1304 3950//1304 3951//1304
f 3484//1304 3951//1304 3948//1304
f 3948//1304 3951//1304 3952//1304
f 3952//1305 3951//1305 3953//1305
f 3952//1305 3953//1305 3954//1305
f 3954//1306 3953//1306 3955//1306
f 3954//1306 3955//1306 3956//1306
f 3956//1307 3955//1307 3957//1307
f 3957//1307 3955//1307 3958//1307
f 3957//1307 3958//1307 3479//1307
f 3479//1307 3958//1307 3481//1307
f 3481//1306 3958//1306 3959//1306
f 3481//1306 3959//1306 3482//1306
f 3482//1305 3959//1305 3950//1305
f 3482//1305 3950//1305 3483//1305
f 3953//1305 3951//1305 3950//1305
f 3953//1305 3950//1305 3959//1305
f 3953//1306 3959//1306 3958//1306
f 3953//1306 3958//1306 3955//1306
f 3479//1308 3471//1308 3960//1308
f 3479//1308 3960//1308 3957//1308
f 3478//1309 3961//1309 3471//1309
f 3471//1310 3961//1310 3962//1310
f 3471//1311 3962//1311 3963//1311
f 3963//1312 3962//1312 3964//1312
f 3963//1313 3964//1313 3965//1313
f 3965//1314 3964//1314 3966//1314
f 3965//1315 3966//1315 3967//1315
f 3967//1316 3966//1316 3968//1316
f 3968//1317 3966//1317 3969//1317
f 3968//1318 3969//1318 3970//1318
f 3970//1319 3969//1319 3971//1319
f 3970//1320 3971//1320 3972//1320
f 3972//1321 3971//1321 3973//1321
f 3973//1322 3971//1322 3974//1322
f 3973//1323 3974//1323 3975//1323
f 3975//1324 3974//1324 2816//1324
f 2816//1324 3974//1324 3976//1324
f 2816//1324 3976//1324 3470//1324
f 3470//1325 3976//1325 3473//1325
f 3473//1326 3976//1326 3977//1326
f 3473//1327 3977//1327 3474//1327
f 3474//1328 3977//1328 3978//1328
f 3474//1329 3978//1329 3475//1329
f 3475//1330 3978//1330 3979//1330
f 3475//1331 3979//1331 3476//1331
f 3476//1332 3979//1332 3980//1332
f 3476//1333 3980//1333 3477//1333
f 3477//1334 3980//1334 3961//1334
f 3477//1335 3961//1335 3478//1335
f 2816//1336 2815//1336 3975//1336
f 3975//1337 2815//1337 3981//1337
f 3981//1338 2815//1338 2814//1338
f 3981//1339 2814//1339 3982//1339
f 3982//1340 2814//1340 2761//1340
f 3963//1341 3960//1341 3471//1341
f 3964//1342 3962//1342 3961//1342
f 3964//1342 3961//1342 3980//1342
f 3964//1343 3980//1343 3979//1343
f 3964//1343 3979//1343 3966//1343
f 3966//1344 3979//1344 3978//1344
f 3966//1344 3978//1344 3969//1344
f 3969//1345 3978//1345 3977//1345
f 3969//1345 3977//1345 3971//1345
f 3971//1346 3977//1346 3976//1346
f 3971//1346 3976//1346 3974//1346
f 2761//1347 2760//1347 3983//1347
f 2761//1347 3983//1347 3982//1347
f 2760//1348 2762//1348 3984//1348
f 2760//1348 3984//1348 3983//1348
f 2762//1349 2763//1349 3985//1349
f 2762//1349 3985//1349 3984//1349
f 2763//1350 2765//1350 3986//1350
f 2763//1350 3986//1350 3985//1350
f 2765//1351 2764//1351 3987//1351
f 2765//1351 3987//1351 3986//1351
f 2764//1352 2810//1352 3988//1352
f 2764//1352 3988//1352 3987//1352
f 3495//1353 3989//1353 3496//1353
f 3496//1353 3989//1353 3990//1353
f 3496//1353 3990//1353 3991//1353
f 3991//1353 3990//1353 3992//1353
f 3992//1354 3990//1354 3993//1354
f 3992//1354 3993//1354 3994//1354
f 3994//1355 3993//1355 3995//1355
f 3994//1355 3995//1355 3996//1355
f 3996//1356 3995//1356 3997//1356
f 3996//1356 3997//1356 3998//1356
f 3998//1357 3997//1357 3999//1357
f 3998//1357 3999//1357 4000//1357
f 4000//1358 3999//1358 4001//1358
f 4000//1358 4001//1358 4002//1358
f 4002//1359 4001//1359 4003//1359
f 4002//1359 4003//1359 4004//1359
f 4004//1360 4003//1360 4005//1360
f 4004//1360 4005//1360 4006//1360
f 4006//1361 4005//1361 3949//1361
f 3949//1361 4005//1361 4007//1361
f 3949//1361 4007//1361 3486//1361
f 3486//1361 4007//1361 3487//1361
f 3487//1360 4007//1360 4008//1360
f 3487//1360 4008//1360 3488//1360
f 3488//1359 4008//1359 4009//1359
f 3488//1359 4009//1359 3489//1359
f 3489//1358 4009//1358 4010//1358
f 3489//1358 4010//1358 3490//1358
f 3490//1357 4010//1357 4011//1357
f 3490//1357 4011//1357 3492//1357
f 3492//1356 4011//1356 4012//1356
f 3492//1356 4012//1356 3493//1356
f 3493//1355 4012//1355 4013//1355
f 3493//1355 4013//1355 3494//1355
f 3494//1354 4013//1354 3989//1354
f 3494//1354 3989//1354 3495//1354
f 3993//1354 3990//1354 3989//1354
f 3993//1354 3989//1354 4013//1354
f 3993//1355 4013//1355 4012//1355
f 3993//1355 4012//1355 3995//1355
f 3995//1356 4012//1356 4011//1356
f 3995//1356 4011//1356 3997//1356
f 3997//1357 4011//1357 4010//1357
f 3997//1357 4010//1357 3999//1357
f 3999//1358 4010//1358 4009//1358
f 3999//1358 4009//1358 4001//1358
f 4001//1359 4009//1359 4008//1359
f 4001//1359 4008//1359 4003//1359
f 4003//1360 4008//1360 4007//1360
f 4003//1360 4007//1360 4005//1360
f 3497//1362 3496//1362 3991//1362
f 3497//1362 3991//1362 4014//1362
f 2811//1363 3505//1363 4015//1363
f 4015//1364 3505//1364 3514//1364
f 4015//1365 3514//1365 3513//1365
f 4015//1366 3513//1366 4016//1366
f 4016//1367 3513//1367 3512//1367
f 4016//1368 3512//1368 4017//1368
f 4017//1369 3512//1369 3511//1369
f 4017//1370 3511//1370 4018//1370
f 4018//1371 3511//1371 3510//1371
f 4018//1372 3510//1372 4019//1372
f 4019//1373 3510//1373 3509//1373
f 4019//1374 3509//1374 4020//1374
f 4020//1375 3509//1375 4021//1375
f 4021//1376 3509//1376 3503//1376
f 4020//1377 4021//1377 4022//1377
f 4022//1378 4021//1378 4023//1378
f 4022//1379 4023//1379 4024//1379
f 4022//1380 4024//1380 4025//1380
f 4025//1381 4024//1381 4026//1381
f 4025//1382 4026//1382 4027//1382
f 4027//1383 4026//1383 4028//1383
f 4028//1384 4029//1384 4030//1384
f 4028//1385 4030//1385 4027//1385
f 4027//1386 4030//1386 4017//1386
f 4027//1386 4017//1386 4018//1386
f 4029//1387 4031//1387 4032//1387
f 4029//1388 4032//1388 4030//1388
f 4030//1389 4032//1389 4016//1389
f 4030//1389 4016//1389 4017//1389
f 4031//1390 4033//1390 4034//1390
f 4031//1391 4034//1391 4032//1391
f 4032//1392 4034//1392 4015//1392
f 4032//1392 4015//1392 4016//1392
f 4033//1393 4035//1393 4034//1393
f 4034//1363 4035//1363 2811//1363
f 4034//1363 2811//1363 4015//1363
f 2811//1394 4035//1394 2813//1394
f 2813//1395 4035//1395 4036//1395
f 2813//1396 4036//1396 2812//1396
f 2812//1397 4036//1397 3988//1397
f 2812//1398 3988//1398 2810//1398
f 4027//1399 4018//1399 4019//1399
f 4027//1399 4019//1399 4025//1399
f 4025//1400 4019//1400 4020//1400
f 4025//1400 4020//1400 4022//1400
f 3501//1401 4037//1401 3502//1401
f 3502//1401 4037//1401 4038//1401
f 3502//1401 4038//1401 4039//1401
f 4039//1401 4038//1401 4040//1401
f 4040//1402 4038//1402 4041//1402
f 4040//1402 4041//1402 4042//1402
f 4042//1403 4041//1403 4043//1403
f 4042//1403 4043//1403 4044//1403
f 4044//1404 4043//1404 4014//1404
f 4014//1404 4043//1404 4045//1404
f 4014//1404 4045//1404 3497//1404
f 3497//1404 4045//1404 3498//1404
f 3498//1403 4045//1403 4046//1403
f 3498//1403 4046//1403 3500//1403
f 3500//1402 4046//1402 4037//1402
f 3500//1402 4037//1402 3501//1402
f 4041//1402 4038//1402 4037//1402
f 4041//1402 4037//1402 4046//1402
f 4041//1403 4046//1403 4045//1403
f 4041//1403 4045//1403 4043//1403
f 3503//1405 3502//1405 4039//1405
f 3503//1405 4039//1405 4021//1405
f 3991//1 3992//1 3949//1
f 3991//1 3949//1 3948//1
f 3992//1 3994//1 4006//1
f 3992//1 4006//1 3949//1
f 4006//1 3994//1 4004//1
f 4004//1 3994//1 3996//1
f 4004//1 3996//1 4002//1
f 4002//1 3996//1 3998//1
f 4002//1 3998//1 4000//1
f 3991//1 3948//1 4014//1
f 4014//1 3948//1 3952//1
f 4014//1 3952//1 3954//1
f 3954//1 3956//1 4044//1
f 3954//1 4044//1 4014//1
f 3956//1 3957//1 4039//1
f 3956//1 4039//1 4040//1
f 3957//1 3960//1 3984//1
f 3957//1 3984//1 3985//1
f 3960//1 3963//1 3984//1
f 3984//1 3963//1 3965//1
f 3984//1 3965//1 3967//1
f 3967//1 3968//1 3983//1
f 3967//1 3983//1 3984//1
f 3968//1 3970//1 3983//1
f 3983//1 3970//1 3972//1
f 3983//1 3972//1 3973//1
f 3973//1 3975//1 3983//1
f 3983//1 3975//1 3981//1
f 3983//1 3981//1 3982//1
f 3985//1 3986//1 4021//1
f 3985//1 4021//1 4039//1
f 3985//1 4039//1 3957//1
f 3986//1 3987//1 4028//1
f 3986//1 4028//1 4026//1
f 3988//1 4036//1 3987//1
f 3987//1 4036//1 4035//1
f 3987//1 4035//1 4033//1
f 4033//1 4031//1 3987//1
f 3987//1 4031//1 4029//1
f 3987//1 4029//1 4028//1
f 4026//1 4024//1 3986//1
f 3986//1 4024//1 4023//1
f 3986//1 4023//1 4021//1
f 4040//1 4042//1 3956//1
f 3956//1 4042//1 4044//1
f 3456//1406 4047//1406 3458//1406
f 3458//1406 4047//1406 4048//1406
f 3458//1406 4048//1406 4049//1406
f 4049//1406 4048//1406 4050//1406
f 4050//1407 4048//1407 4051//1407
f 4050//1407 4051//1407 4052//1407
f 4052//1408 4051//1408 4053//1408
f 4052//1408 4053//1408 4054//1408
f 4054//1409 4053//1409 4055//1409
f 4055//1409 4053//1409 4056//1409
f 4055//1409 4056//1409 3452//1409
f 3452//1409 4056//1409 3454//1409
f 3454//1408 4056//1408 4057//1408
f 3454//1408 4057//1408 3455//1408
f 3455//1407 4057//1407 4047//1407
f 3455//1407 4047//1407 3456//1407
f 4051//1407 4048//1407 4047//1407
f 4051//1407 4047//1407 4057//1407
f 4051//1408 4057//1408 4056//1408
f 4051//1408 4056//1408 4053//1408
f 3452//1410 3450//1410 4058//1410
f 3452//1410 4058//1410 4055//1410
f 3449//1411 4059//1411 3450//1411
f 3450//1411 4059//1411 4060//1411
f 3450//1411 4060//1411 4058//1411
f 4058//1411 4060//1411 4061//1411
f 4061//1412 4060//1412 4062//1412
f 4061//1412 4062//1412 4063//1412
f 4063//1413 4062//1413 4064//1413
f 4063//1413 4064//1413 4065//1413
f 4065//1414 4064//1414 4066//1414
f 4065//1414 4066//1414 4067//1414
f 4067//1415 4066//1415 4068//1415
f 4067//1415 4068//1415 4069//1415
f 4069//1416 4068//1416 4070//1416
f 4069//1416 4070//1416 4071//1416
f 4071//1417 4070//1417 4072//1417
f 4071//1417 4072//1417 4073//1417
f 4073//1418 4072//1418 4074//1418
f 4073//1418 4074//1418 4075//1418
f 4075//1419 4074//1419 4076//1419
f 4076//1419 4074//1419 4077//1419
f 4076//1419 4077//1419 3439//1419
f 3439//1419 4077//1419 3440//1419
f 3440//1418 4077//1418 4078//1418
f 3440//1418 4078//1418 3441//1418
f 3441//1417 4078//1417 4079//1417
f 3441//1417 4079//1417 3443//1417
f 3443//1416 4079//1416 4080//1416
f 3443//1416 4080//1416 3444//1416
f 3444//1415 4080//1415 4081//1415
f 3444//1415 4081//1415 3445//1415
f 3445//1414 4081//1414 4082//1414
f 3445//1414 4082//1414 3447//1414
f 3447//1413 4082//1413 4083//1413
f 3447//1413 4083//1413 3448//1413
f 3448//1412 4083//1412 4059//1412
f 3448//1412 4059//1412 3449//1412
f 4062//1412 4060//1412 4059//1412
f 4062//1412 4059//1412 4083//1412
f 4062//1413 4083//1413 4082//1413
f 4062//1413 4082//1413 4064//1413
f 4064//1414 4082//1414 4081//1414
f 4064//1414 4081//1414 4066//1414
f 4066//1415 4081//1415 4080//1415
f 4066//1415 4080//1415 4068//1415
f 4068//1416 4080//1416 4079//1416
f 4068//1416 4079//1416 4070//1416
f 4070//1417 4079//1417 4078//1417
f 4070//1417 4078//1417 4072//1417
f 4072//1418 4078//1418 4077//1418
f 4072//1418 4077//1418 4074//1418
f 3439//1420 3437//1420 4084//1420
f 3439//1420 4084//1420 4076//1420
f 3435//1421 4085//1421 3437//1421
f 3437//1421 4085//1421 4086//1421
f 3437//1421 4086//1421 4084//1421
f 4084//1421 4086//1421 4087//1421
f 4087//1422 4086//1422 4088//1422
f 4087//1422 4088//1422 4089//1422
f 4089//1423 4088//1423 4090//1423
f 4089//1423 4090//1423 4091//1423
f 4091//1424 4090//1424 4092//1424
f 4092//1424 4090//1424 4093//1424
f 4092//1424 4093//1424 3425//1424
f 3425//1424 4093//1424 3432//1424
f 3432//1423 4093//1423 4094//1423
f 3432//1423 4094//1423 3434//1423
f 3434//1422 4094//1422 4085//1422
f 3434//1422 4085//1422 3435//1422
f 4088//1422 4086//1422 4085//1422
f 4088//1422 4085//1422 4094//1422
f 4088//1423 4094//1423 4093//1423
f 4088//1423 4093//1423 4090//1423
f 3425//1425 3424//1425 4095//1425
f 3425//1425 4095//1425 4092//1425
f 2822//1426 2755//1426 4096//1426
f 2822//1426 4096//1426 4097//1426
f 2755//1427 2754//1427 4098//1427
f 2755//1427 4098//1427 4096//1427
f 2754//1428 2757//1428 4099//1428
f 2754//1428 4099//1428 4098//1428
f 2757//1429 2756//1429 4100//1429
f 2757//1429 4100//1429 4099//1429
f 2756//1430 2758//1430 4101//1430
f 2756//1430 4101//1430 4100//1430
f 2758//1431 2759//1431 4102//1431
f 2758//1431 4102//1431 4101//1431
f 2819//1432 3462//1432 4103//1432
f 4103//1433 3462//1433 3469//1433
f 4103//1434 3469//1434 3468//1434
f 4103//1435 3468//1435 4104//1435
f 4104//1436 3468//1436 3467//1436
f 4104//1437 3467//1437 4105//1437
f 4105//1438 3467//1438 3466//1438
f 4105//1439 3466//1439 4106//1439
f 4106//1440 3466//1440 3465//1440
f 4106//1441 3465//1441 4107//1441
f 4107//1442 3465//1442 3461//1442
f 4107//1443 3461//1443 4108//1443
f 4108//1444 3461//1444 4109//1444
f 4109//1445 3461//1445 3460//1445
f 4108//1446 4109//1446 4110//1446
f 4110//1447 4109//1447 4111//1447
f 4110//1448 4111//1448 4112//1448
f 4110//1449 4112//1449 4113//1449
f 4113//1450 4112//1450 4114//1450
f 4113//1451 4114//1451 4115//1451
f 4115//1452 4114//1452 4116//1452
f 4116//1453 4117//1453 4118//1453
f 4116//1454 4118//1454 4115//1454
f 4115//1455 4118//1455 4105//1455
f 4115//1455 4105//1455 4106//1455
f 4117//1456 4119//1456 4120//1456
f 4117//1457 4120//1457 4118//1457
f 4118//1458 4120//1458 4104//1458
f 4118//1458 4104//1458 4105//1458
f 4119//1459 4121//1459 4122//1459
f 4119//1460 4122//1460 4120//1460
f 4120//1461 4122//1461 4103//1461
f 4120//1461 4103//1461 4104//1461
f 4121//1462 4123//1462 4122//1462
f 4122//1432 4123//1432 2819//1432
f 4122//1432 2819//1432 4103//1432
f 2819//1463 4123//1463 2821//1463
f 2821//1464 4123//1464 4124//1464
f 2821//1465 4124//1465 2820//1465
f 2820//1466 4124//1466 4102//1466
f 2820//1467 4102//1467 2759//1467
f 4115//1468 4106//1468 4107//1468
f 4115//1468 4107//1468 4113//1468
f 4113//1469 4107//1469 4108//1469
f 4113//1469 4108//1469 4110//1469
f 2824//1470 4125//1470 2825//1470
f 2825//1471 4125//1471 4126//1471
f 2825//1471 4126//1471 4127//1471
f 4127//1472 4126//1472 4128//1472
f 4127//1472 4128//1472 4129//1472
f 4129//1473 4128//1473 4130//1473
f 4129//1473 4130//1473 4131//1473
f 4131//1474 4130//1474 4132//1474
f 4131//1474 4132//1474 4133//1474
f 4133//1475 4132//1475 4134//1475
f 4133//1475 4134//1475 4135//1475
f 4135//1476 4134//1476 4136//1476
f 4135//1476 4136//1476 4137//1476
f 4137//1477 4136//1477 3424//1477
f 3424//1478 4136//1478 4138//1478
f 3424//1479 4138//1479 4095//1479
f 4125//1480 2824//1480 4139//1480
f 4139//1481 2824//1481 2823//1481
f 4139//1482 2823//1482 4097//1482
f 4097//1483 2823//1483 2822//1483
f 4125//1484 4140//1484 4128//1484
f 4125//1485 4128//1485 4126//1485
f 4140//1486 4141//1486 4128//1486
f 4128//1487 4141//1487 4142//1487
f 4128//1488 4142//1488 4130//1488
f 4130//1489 4142//1489 4143//1489
f 4130//1490 4143//1490 4132//1490
f 4132//1491 4143//1491 4144//1491
f 4144//1492 4145//1492 4134//1492
f 4144//1493 4134//1493 4132//1493
f 4145//1494 4138//1494 4136//1494
f 4145//1495 4136//1495 4134//1495
f 3424//1496 3428//1496 4137//1496
f 4137//1497 3428//1497 3430//1497
f 4137//1498 3430//1498 4135//1498
f 4135//1499 3430//1499 3431//1499
f 4135//1500 3431//1500 4133//1500
f 4133//1501 3431//1501 3429//1501
f 4133//1502 3429//1502 4131//1502
f 4131//1503 3429//1503 3427//1503
f 4131//1504 3427//1504 4129//1504
f 4129//1505 3427//1505 3426//1505
f 4129//1506 3426//1506 4127//1506
f 4127//1507 3426//1507 3423//1507
f 3423//1471 2825//1471 4127//1471
f 3460//1508 3458//1508 4049//1508
f 3460//1508 4049//1508 4109//1508
f 4058//1 4061//1 4076//1
f 4058//1 4076//1 4084//1
f 4061//1 4063//1 4075//1
f 4061//1 4075//1 4076//1
f 4075//1 4063//1 4073//1
f 4073//1 4063//1 4065//1
f 4073//1 4065//1 4071//1
f 4071//1 4065//1 4067//1
f 4071//1 4067//1 4069//1
f 4058//1 4084//1 4055//1
f 4055//1 4084//1 4087//1
f 4055//1 4087//1 4089//1
f 4089//1 4091//1 4054//1
f 4089//1 4054//1 4055//1
f 4091//1 4092//1 4049//1
f 4091//1 4049//1 4050//1
f 4092//1 4095//1 4098//1
f 4092//1 4098//1 4099//1
f 4095//1 4138//1 4098//1
f 4098//1 4138//1 4145//1
f 4098//1 4145//1 4144//1
f 4144//1 4143//1 4096//1
f 4144//1 4096//1 4098//1
f 4143//1 4142//1 4096//1
f 4096//1 4142//1 4141//1
f 4096//1 4141//1 4140//1
f 4140//1 4125//1 4096//1
f 4096//1 4125//1 4139//1
f 4096//1 4139//1 4097//1
f 4099//1 4100//1 4109//1
f 4099//1 4109//1 4049//1
f 4099//1 4049//1 4092//1
f 4100//1 4101//1 4116//1
f 4100//1 4116//1 4114//1
f 4102//1 4124//1 4101//1
f 4101//1 4124//1 4123//1
f 4101//1 4123//1 4121//1
f 4121//1 4119//1 4101//1
f 4101//1 4119//1 4117//1
f 4101//1 4117//1 4116//1
f 4114//1 4112//1 4100//1
f 4100//1 4112//1 4111//1
f 4100//1 4111//1 4109//1
f 4050//1 4052//1 4091//1
f 4091//1 4052//1 4054//1
f 2825//1509 3423//1509 3421//1509
f 2825//1509 3421//1509 2752//1509
f 2752//1510 3421//1510 3415//1510
f 2752//1510 3415//1510 2753//1510
f 2753//1511 3415//1511 3414//1511
f 2753//1511 3414//1511 2827//1511
f 2816//1512 3470//1512 3464//1512
f 2816//1512 3464//1512 2817//1512
f 2817//1513 3464//1513 3463//1513
f 2817//1513 3463//1513 2818//1513
f 2818//1514 3463//1514 3462//1514
f 2818//1514 3462//1514 2819//1514
f 3390//1515 3389//1515 4146//1515
f 3390//1515 4146//1515 4147//1515
f 3388//1516 4148//1516 3389//1516
f 3389//1516 4148//1516 4149//1516
f 3389//1516 4149//1516 4146//1516
f 4146//1516 4149//1516 4150//1516
f 4150//1517 4149//1517 4151//1517
f 4150//1517 4151//1517 4152//1517
f 4152//1518 4151//1518 4153//1518
f 4152//1518 4153//1518 4154//1518
f 4154//1519 4153//1519 4155//1519
f 4155//1519 4153//1519 4156//1519
f 4155//1519 4156//1519 3366//1519
f 3366//1519 4156//1519 3368//1519
f 3368//1518 4156//1518 4157//1518
f 3368//1518 4157//1518 3370//1518
f 3370//1517 4157//1517 4148//1517
f 3370//1517 4148//1517 3388//1517
f 4151//1517 4149//1517 4148//1517
f 4151//1517 4148//1517 4157//1517
f 4151//1518 4157//1518 4156//1518
f 4151//1518 4156//1518 4153//1518
f 3366//1520 3382//1520 4158//1520
f 3366//1520 4158//1520 4155//1520
f 3381//1521 4159//1521 3382//1521
f 3382//1522 4159//1522 4160//1522
f 3382//1523 4160//1523 4161//1523
f 4161//1524 4160//1524 4162//1524
f 4161//1525 4162//1525 4163//1525
f 4163//1526 4162//1526 4164//1526
f 4163//1527 4164//1527 4165//1527
f 4165//1528 4164//1528 4166//1528
f 4166//1529 4164//1529 4167//1529
f 4166//1530 4167//1530 4168//1530
f 4168//1531 4167//1531 4169//1531
f 4168//1532 4169//1532 4170//1532
f 4170//1533 4169//1533 4171//1533
f 4171//1534 4169//1534 4172//1534
f 4171//1535 4172//1535 4173//1535
f 4173//1536 4172//1536 2740//1536
f 2740//1536 4172//1536 4174//1536
f 2740//1536 4174//1536 3380//1536
f 3380//1537 4174//1537 3383//1537
f 3383//1538 4174//1538 4175//1538
f 3383//1539 4175//1539 3384//1539
f 3384//1540 4175//1540 4176//1540
f 3384//1541 4176//1541 3385//1541
f 3385//1542 4176//1542 4177//1542
f 3385//1543 4177//1543 3386//1543
f 3386//1544 4177//1544 4178//1544
f 3386//1545 4178//1545 3387//1545
f 3387//1546 4178//1546 4159//1546
f 3387//1547 4159//1547 3381//1547
f 2740//1548 2741//1548 4173//1548
f 4173//1549 2741//1549 4179//1549
f 4179//1550 2741//1550 2742//1550
f 4179//1551 2742//1551 4180//1551
f 4180//1552 2742//1552 2739//1552
f 4161//1553 4158//1553 3382//1553
f 4162//1554 4160//1554 4159//1554
f 4162//1554 4159//1554 4178//1554
f 4162//1555 4178//1555 4177//1555
f 4162//1555 4177//1555 4164//1555
f 4164//1556 4177//1556 4176//1556
f 4164//1556 4176//1556 4167//1556
f 4167//1557 4176//1557 4175//1557
f 4167//1557 4175//1557 4169//1557
f 4169//1558 4175//1558 4174//1558
f 4169//1558 4174//1558 4172//1558
f 2739//1559 2747//1559 4181//1559
f 2739//1559 4181//1559 4180//1559
f 2747//1560 2748//1560 4182//1560
f 2747//1560 4182//1560 4181//1560
f 2748//1561 2750//1561 4183//1561
f 2748//1561 4183//1561 4182//1561
f 2750//1562 2749//1562 4184//1562
f 2750//1562 4184//1562 4183//1562
f 2749//1563 2751//1563 4185//1563
f 2749//1563 4185//1563 4184//1563
f 2751//1564 2826//1564 4186//1564
f 2751//1564 4186//1564 4185//1564
f 3401//1565 4187//1565 3403//1565
f 3403//1565 4187//1565 4188//1565
f 3403//1565 4188//1565 4189//1565
f 4189//1565 4188//1565 4190//1565
f 4190//1566 4188//1566 4191//1566
f 4190//1566 4191//1566 4192//1566
f 4192//1567 4191//1567 4193//1567
f 4192//1567 4193//1567 4194//1567
f 4194//1568 4193//1568 4195//1568
f 4194//1568 4195//1568 4196//1568
f 4196//1569 4195//1569 4197//1569
f 4196//1569 4197//1569 4198//1569
f 4198//1570 4197//1570 4199//1570
f 4198//1570 4199//1570 4200//1570
f 4200//1571 4199//1571 4201//1571
f 4200//1571 4201//1571 4202//1571
f 4202//1572 4201//1572 4203//1572
f 4202//1572 4203//1572 4204//1572
f 4204//1573 4203//1573 4147//1573
f 4147//1573 4203//1573 4205//1573
f 4147//1573 4205//1573 3390//1573
f 3390//1573 4205//1573 3392//1573
f 3392//1572 4205//1572 4206//1572
f 3392//1572 4206//1572 3394//1572
f 3394//1571 4206//1571 4207//1571
f 3394//1571 4207//1571 3395//1571
f 3395//1570 4207//1570 4208//1570
f 3395//1570 4208//1570 3396//1570
f 3396//1569 4208//1569 4209//1569
f 3396//1569 4209//1569 3397//1569
f 3397//1568 4209//1568 4210//1568
f 3397//1568 4210//1568 3399//1568
f 3399//1567 4210//1567 4211//1567
f 3399//1567 4211//1567 3400//1567
f 3400//1566 4211//1566 4187//1566
f 3400//1566 4187//1566 3401//1566
f 4191//1566 4188//1566 4187//1566
f 4191//1566 4187//1566 4211//1566
f 4191//1567 4211//1567 4210//1567
f 4191//1567 4210//1567 4193//1567
f 4193//1568 4210//1568 4209//1568
f 4193//1568 4209//1568 4195//1568
f 4195//1569 4209//1569 4208//1569
f 4195//1569 4208//1569 4197//1569
f 4197//1570 4208//1570 4207//1570
f 4197//1570 4207//1570 4199//1570
f 4199//1571 4207//1571 4206//1571
f 4199//1571 4206//1571 4201//1571
f 4201//1572 4206//1572 4205//1572
f 4201//1572 4205//1572 4203//1572
f 3404//1574 3403//1574 4189//1574
f 3404//1574 4189//1574 4212//1574
f 2827//1575 3414//1575 4213//1575
f 4213//1576 3414//1576 3420//1576
f 4213//1577 3420//1577 3419//1577
f 4213//1578 3419//1578 4214//1578
f 4214//1579 3419//1579 3418//1579
f 4214//1580 3418//1580 4215//1580
f 4215//1581 3418//1581 3417//1581
f 4215//1582 3417//1582 4216//1582
f 4216//1583 3417//1583 3416//1583
f 4216//1584 3416//1584 4217//1584
f 4217//1585 3416//1585 3413//1585
f 4217//1586 3413//1586 4218//1586
f 4218//1587 3413//1587 4219//1587
f 4219//1588 3413//1588 3412//1588
f 4218//1589 4219//1589 4220//1589
f 4220//1590 4219//1590 4221//1590
f 4220//1591 4221//1591 4222//1591
f 4220//1592 4222//1592 4223//1592
f 4223//1593 4222//1593 4224//1593
f 4223//1594 4224//1594 4225//1594
f 4225//1595 4224//1595 4226//1595
f 4226//1596 4227//1596 4228//1596
f 4226//1597 4228//1597 4225//1597
f 4225//1598 4228//1598 4215//1598
f 4225//1598 4215//1598 4216//1598
f 4227//1599 4229//1599 4230//1599
f 4227//1600 4230//1600 4228//1600
f 4228//1601 4230//1601 4214//1601
f 4228//1601 4214//1601 4215//1601
f 4229//1602 4231//1602 4232//1602
f 4229//1603 4232//1603 4230//1603
f 4230//1604 4232//1604 4213//1604
f 4230//1604 4213//1604 4214//1604
f 4231//1605 4233//1605 4232//1605
f 4232//1575 4233//1575 2827//1575
f 4232//1575 2827//1575 4213//1575
f 2827//1606 4233//1606 2829//1606
f 2829//1607 4233//1607 4234//1607
f 2829//1608 4234//1608 2828//1608
f 2828//1609 4234//1609 4186//1609
f 2828//1610 4186//1610 2826//1610
f 4225//1611 4216//1611 4217//1611
f 4225//1611 4217//1611 4223//1611
f 4223//1612 4217//1612 4218//1612
f 4223//1612 4218//1612 4220//1612
f 3409//1613 4235//1613 3410//1613
f 3410//1613 4235//1613 4236//1613
f 3410//1613 4236//1613 4237//1613
f 4237//1613 4236//1613 4238//1613
f 4238//1614 4236//1614 4239//1614
f 4238//1614 4239//1614 4240//1614
f 4240//1615 4239//1615 4241//1615
f 4240//1615 4241//1615 4242//1615
f 4242//1616 4241//1616 4212//1616
f 4212//1616 4241//1616 4243//1616
f 4212//1616 4243//1616 3404//1616
f 3404//1616 4243//1616 3405//1616
f 3405//1615 4243//1615 4244//1615
f 3405//1615 4244//1615 3407//1615
f 3407//1614 4244//1614 4235//1614
f 3407//1614 4235//1614 3409//1614
f 4239//1614 4236//1614 4235//1614
f 4239//1614 4235//1614 4244//1614
f 4239//1615 4244//1615 4243//1615
f 4239//1615 4243//1615 4241//1615
f 3412//1617 3410//1617 4237//1617
f 3412//1617 4237//1617 4219//1617
f 4189//1 4190//1 4147//1
f 4189//1 4147//1 4146//1
f 4190//1 4192//1 4204//1
f 4190//1 4204//1 4147//1
f 4204//1 4192//1 4202//1
f 4202//1 4192//1 4194//1
f 4202//1 4194//1 4200//1
f 4200//1 4194//1 4196//1
f 4200//1 4196//1 4198//1
f 4189//1 4146//1 4212//1
f 4212//1 4146//1 4150//1
f 4212//1 4150//1 4152//1
f 4152//1 4154//1 4242//1
f 4152//1 4242//1 4212//1
f 4154//1 4155//1 4237//1
f 4154//1 4237//1 4238//1
f 4155//1 4158//1 4182//1
f 4155//1 4182//1 4183//1
f 4158//1 4161//1 4182//1
f 4182//1 4161//1 4163//1
f 4182//1 4163//1 4165//1
f 4165//1 4166//1 4181//1
f 4165//1 4181//1 4182//1
f 4166//1 4168//1 4181//1
f 4181//1 4168//1 4170//1
f 4181//1 4170//1 4171//1
f 4171//1 4173//1 4181//1
f 4181//1 4173//1 4179//1
f 4181//1 4179//1 4180//1
f 4183//1 4184//1 4219//1
f 4183//1 4219//1 4237//1
f 4183//1 4237//1 4155//1
f 4184//1 4185//1 4226//1
f 4184//1 4226//1 4224//1
f 4186//1 4234//1 4185//1
f 4185//1 4234//1 4233//1
f 4185//1 4233//1 4231//1
f 4231//1 4229//1 4185//1
f 4185//1 4229//1 4227//1
f 4185//1 4227//1 4226//1
f 4224//1 4222//1 4184//1
f 4184//1 4222//1 4221//1
f 4184//1 4221//1 4219//1
f 4238//1 4240//1 4154//1
f 4154//1 4240//1 4242//1
f 3361//1618 4245//1618 3362//1618
f 3362//1618 4245//1618 4246//1618
f 3362//1618 4246//1618 4247//1618
f 4247//1618 4246//1618 4248//1618
f 4248//1619 4246//1619 4249//1619
f 4248//1619 4249//1619 4250//1619
f 4250//1620 4249//1620 4251//1620
f 4250//1620 4251//1620 4252//1620
f 4252//1621 4251//1621 4253//1621
f 4253//1621 4251//1621 4254//1621
f 4253//1621 4254//1621 3357//1621
f 3357//1621 4254//1621 3358//1621
f 3358//1620 4254//1620 4255//1620
f 3358//1620 4255//1620 3360//1620
f 3360//1619 4255//1619 4245//1619
f 3360//1619 4245//1619 3361//1619
f 4249//1619 4246//1619 4245//1619
f 4249//1619 4245//1619 4255//1619
f 4249//1620 4255//1620 4254//1620
f 4249//1620 4254//1620 4251//1620
f 3357//1622 3356//1622 4256//1622
f 3357//1622 4256//1622 4253//1622
f 3355//1623 4257//1623 3356//1623
f 3356//1623 4257//1623 4258//1623
f 3356//1623 4258//1623 4256//1623
f 4256//1623 4258//1623 4259//1623
f 4259//1624 4258//1624 4260//1624
f 4259//1624 4260//1624 4261//1624
f 4261//1625 4260//1625 4262//1625
f 4261//1625 4262//1625 4263//1625
f 4263//1626 4262//1626 4264//1626
f 4263//1626 4264//1626 4265//1626
f 4265//1627 4264//1627 4266//1627
f 4265//1627 4266//1627 4267//1627
f 4267//1628 4266//1628 4268//1628
f 4267//1628 4268//1628 4269//1628
f 4269//1629 4268//1629 4270//1629
f 4269//1629 4270//1629 4271//1629
f 4271//1630 4270//1630 4272//1630
f 4271//1630 4272//1630 4273//1630
f 4273//1631 4272//1631 4274//1631
f 4274//1631 4272//1631 4275//1631
f 4274//1631 4275//1631 3346//1631
f 3346//1631 4275//1631 3347//1631
f 3347//1630 4275//1630 4276//1630
f 3347//1630 4276//1630 3348//1630
f 3348//1629 4276//1629 4277//1629
f 3348//1629 4277//1629 3349//1629
f 3349//1628 4277//1628 4278//1628
f 3349//1628 4278//1628 3350//1628
f 3350//1627 4278//1627 4279//1627
f 3350//1627 4279//1627 3352//1627
f 3352//1626 4279//1626 4280//1626
f 3352//1626 4280//1626 3353//1626
f 3353//1625 4280//1625 4281//1625
f 3353//1625 4281//1625 3354//1625
f 3354//1624 4281//1624 4257//1624
f 3354//1624 4257//1624 3355//1624
f 4260//1624 4258//1624 4257//1624
f 4260//1624 4257//1624 4281//1624
f 4260//1625 4281//1625 4280//1625
f 4260//1625 4280//1625 4262//1625
f 4262//1626 4280//1626 4279//1626
f 4262//1626 4279//1626 4264//1626
f 4264//1627 4279//1627 4278//1627
f 4264//1627 4278//1627 4266//1627
f 4266//1628 4278//1628 4277//1628
f 4266//1628 4277//1628 4268//1628
f 4268//1629 4277//1629 4276//1629
f 4268//1629 4276//1629 4270//1629
f 4270//1630 4276//1630 4275//1630
f 4270//1630 4275//1630 4272//1630
f 3346//1632 3344//1632 4282//1632
f 3346//1632 4282//1632 4274//1632
f 3343//1633 4283//1633 3344//1633
f 3344//1633 4283//1633 4284//1633
f 3344//1633 4284//1633 4282//1633
f 4282//1633 4284//1633 4285//1633
f 4285//1634 4284//1634 4286//1634
f 4285//1634 4286//1634 4287//1634
f 4287//1635 4286//1635 4288//1635
f 4287//1635 4288//1635 4289//1635
f 4289//1636 4288//1636 4290//1636
f 4290//1636 4288//1636 4291//1636
f 4290//1636 4291//1636 3320//1636
f 3320//1636 4291//1636 3323//1636
f 3323//1635 4291//1635 4292//1635
f 3323//1635 4292//1635 3325//1635
f 3325//1634 4292//1634 4283//1634
f 3325//1634 4283//1634 3343//1634
f 4286//1634 4284//1634 4283//1634
f 4286//1634 4283//1634 4292//1634
f 4286//1635 4292//1635 4291//1635
f 4286//1635 4291//1635 4288//1635
f 3320//1637 3319//1637 4293//1637
f 3320//1637 4293//1637 4290//1637
f 2730//1638 2731//1638 4294//1638
f 2730//1638 4294//1638 4295//1638
f 2731//1639 2732//1639 4296//1639
f 2731//1639 4296//1639 4294//1639
f 2732//1640 2733//1640 4297//1640
f 2732//1640 4297//1640 4296//1640
f 2733//1641 2734//1641 4298//1641
f 2733//1641 4298//1641 4297//1641
f 2734//1642 2735//1642 4299//1642
f 2734//1642 4299//1642 4298//1642
f 2735//1643 2736//1643 4300//1643
f 2735//1643 4300//1643 4299//1643
f 2830//1644 3372//1644 4301//1644
f 4301//1645 3372//1645 3379//1645
f 4301//1646 3379//1646 3378//1646
f 4301//1647 3378//1647 4302//1647
f 4302//1648 3378//1648 3377//1648
f 4302//1649 3377//1649 4303//1649
f 4303//1650 3377//1650 3376//1650
f 4303//1651 3376//1651 4304//1651
f 4304//1652 3376//1652 3375//1652
f 4304//1653 3375//1653 4305//1653
f 4305//1654 3375//1654 3371//1654
f 4305//1655 3371//1655 4306//1655
f 4306//1656 3371//1656 4307//1656
f 4307//1657 3371//1657 3365//1657
f 4306//1658 4307//1658 4308//1658
f 4308//1659 4307//1659 4309//1659
f 4308//1660 4309//1660 4310//1660
f 4308//1661 4310//1661 4311//1661
f 4311//1662 4310//1662 4312//1662
f 4311//1663 4312//1663 4313//1663
f 4313//1664 4312//1664 4314//1664
f 4314//1665 4315//1665 4316//1665
f 4314//1666 4316//1666 4313//1666
f 4313//1667 4316//1667 4303//1667
f 4313//1667 4303//1667 4304//1667
f 4315//1668 4317//1668 4318//1668
f 4315//1669 4318//1669 4316//1669
f 4316//1670 4318//1670 4302//1670
f 4316//1670 4302//1670 4303//1670
f 4317//1671 4319//1671 4320//1671
f 4317//1672 4320//1672 4318//1672
f 4318//1673 4320//1673 4301//1673
f 4318//1673 4301//1673 4302//1673
f 4319//1674 4321//1674 4320//1674
f 4320//1644 4321//1644 2830//1644
f 4320//1644 2830//1644 4301//1644
f 2830//1675 4321//1675 2832//1675
f 2832//1676 4321//1676 4322//1676
f 2832//1677 4322//1677 2831//1677
f 2831//1678 4322//1678 4300//1678
f 2831//1679 4300//1679 2736//1679
f 4313//1680 4304//1680 4305//1680
f 4313//1680 4305//1680 4311//1680
f 4311//1681 4305//1681 4306//1681
f 4311//1681 4306//1681 4308//1681
f 2835//1682 4323//1682 2833//1682
f 2833//1683 4323//1683 4324//1683
f 2833//1683 4324//1683 4325//1683
f 4325//1684 4324//1684 4326//1684
f 4325//1684 4326//1684 4327//1684
f 4327//1685 4326//1685 4328//1685
f 4327//1685 4328//1685 4329//1685
f 4329//1686 4328//1686 4330//1686
f 4329//1686 4330//1686 4331//1686
f 4331//1687 4330//1687 4332//1687
f 4331//1687 4332//1687 4333//1687
f 4333//1688 4332//1688 4334//1688
f 4333//1688 4334//1688 4335//1688
f 4335//1689 4334//1689 3319//1689
f 3319//1690 4334//1690 4336//1690
f 3319//1691 4336//1691 4293//1691
f 4323//1692 2835//1692 4337//1692
f 4337//1693 2835//1693 2834//1693
f 4337//1694 2834//1694 4295//1694
f 4295//1695 2834//1695 2730//1695
f 4323//1696 4338//1696 4326//1696
f 4323//1697 4326//1697 4324//1697
f 4338//1698 4339//1698 4326//1698
f 4326//1699 4339//1699 4340//1699
f 4326//1700 4340//1700 4328//1700
f 4328//1701 4340//1701 4341//1701
f 4328//1702 4341//1702 4330//1702
f 4330//1703 4341//1703 4342//1703
f 4342//1704 4343//1704 4332//1704
f 4342//1705 4332//1705 4330//1705
f 4343//1706 4336//1706 4334//1706
f 4343//1707 4334//1707 4332//1707
f 3319//1708 3330//1708 4335//1708
f 4335//1709 3330//1709 3342//1709
f 4335//1710 3342//1710 4333//1710
f 4333//1711 3342//1711 3341//1711
f 4333//1712 3341//1712 4331//1712
f 4331//1713 3341//1713 3340//1713
f 4331//1714 3340//1714 4329//1714
f 4329//1715 3340//1715 3339//1715
f 4329//1716 3339//1716 4327//1716
f 4327//1717 3339//1717 3338//1717
f 4327//1718 3338//1718 4325//1718
f 4325//1719 3338//1719 3329//1719
f 3329//1683 2833//1683 4325//1683
f 3365//1720 3362//1720 4247//1720
f 3365//1720 4247//1720 4307//1720
f 4256//1 4259//1 4274//1
f 4256//1 4274//1 4282//1
f 4259//1 4261//1 4273//1
f 4259//1 4273//1 4274//1
f 4273//1 4261//1 4271//1
f 4271//1 4261//1 4263//1
f 4271//1 4263//1 4269//1
f 4269//1 4263//1 4265//1
f 4269//1 4265//1 4267//1
f 4256//1 4282//1 4253//1
f 4253//1 4282//1 4285//1
f 4253//1 4285//1 4287//1
f 4287//1 4289//1 4252//1
f 4287//1 4252//1 4253//1
f 4289//1 4290//1 4247//1
f 4289//1 4247//1 4248//1
f 4290//1 4293//1 4296//1
f 4290//1 4296//1 4297//1
f 4293//1 4336//1 4296//1
f 4296//1 4336//1 4343//1
f 4296//1 4343//1 4342//1
f 4342//1 4341//1 4294//1
f 4342//1 4294//1 4296//1
f 4341//1 4340//1 4294//1
f 4294//1 4340//1 4339//1
f 4294//1 4339//1 4338//1
f 4338//1 4323//1 4294//1
f 4294//1 4323//1 4337//1
f 4294//1 4337//1 4295//1
f 4297//1 4298//1 4307//1
f 4297//1 4307//1 4247//1
f 4297//1 4247//1 4290//1
f 4298//1 4299//1 4314//1
f 4298//1 4314//1 4312//1
f 4300//1 4322//1 4299//1
f 4299//1 4322//1 4321//1
f 4299//1 4321//1 4319//1
f 4319//1 4317//1 4299//1
f 4299//1 4317//1 4315//1
f 4299//1 4315//1 4314//1
f 4312//1 4310//1 4298//1
f 4298//1 4310//1 4309//1
f 4298//1 4309//1 4307//1
f 4248//1 4250//1 4289//1
f 4289//1 4250//1 4252//1
f 2833//1721 3329//1721 3328//1721
f 2833//1721 3328//1721 2729//1721
f 2729//1722 3328//1722 3327//1722
f 2729//1722 3327//1722 2728//1722
f 2728//1723 3327//1723 3332//1723
f 2728//1723 3332//1723 2836//1723
f 2740//1724 3380//1724 3374//1724
f 2740//1724 3374//1724 2738//1724
f 2738//1725 3374//1725 3373//1725
f 2738//1725 3373//1725 2737//1725
f 2737//1726 3373//1726 3372//1726
f 2737//1726 3372//1726 2830//1726
f 3269//1727 4344//1727 3270//1727
f 3270//1727 4344//1727 4345//1727
f 3270//1727 4345//1727 4346//1727
f 4346//1727 4345//1727 4347//1727
f 4347//1728 4345//1728 4348//1728
f 4347//1728 4348//1728 4349//1728
f 4349//1729 4348//1729 4350//1729
f 4349//1729 4350//1729 4351//1729
f 4351//1730 4350//1730 4352//1730
f 4352//1730 4350//1730 4353//1730
f 4352//1730 4353//1730 3264//1730
f 3264//1730 4353//1730 3265//1730
f 3265//1729 4353//1729 4354//1729
f 3265//1729 4354//1729 3267//1729
f 3267//1728 4354//1728 4344//1728
f 3267//1728 4344//1728 3269//1728
f 4348//1728 4345//1728 4344//1728
f 4348//1728 4344//1728 4354//1728
f 4348//1729 4354//1729 4353//1729
f 4348//1729 4353//1729 4350//1729
f 3264//1731 3263//1731 4355//1731
f 3264//1731 4355//1731 4352//1731
f 3261//1732 4356//1732 3263//1732
f 3263//1732 4356//1732 4357//1732
f 3263//1732 4357//1732 4355//1732
f 4355//1732 4357//1732 4358//1732
f 4358//1733 4357//1733 4359//1733
f 4358//1733 4359//1733 4360//1733
f 4360//1734 4359//1734 4361//1734
f 4360//1734 4361//1734 4362//1734
f 4362//1735 4361//1735 4363//1735
f 4362//1735 4363//1735 4364//1735
f 4364//1736 4363//1736 4365//1736
f 4364//1736 4365//1736 4366//1736
f 4366//1737 4365//1737 4367//1737
f 4366//1737 4367//1737 4368//1737
f 4368//1738 4367//1738 4369//1738
f 4368//1738 4369//1738 4370//1738
f 4370//1739 4369//1739 4371//1739
f 4370//1739 4371//1739 4372//1739
f 4372//1740 4371//1740 4373//1740
f 4373//1740 4371//1740 4374//1740
f 4373//1740 4374//1740 3250//1740
f 3250//1740 4374//1740 3252//1740
f 3252//1739 4374//1739 4375//1739
f 3252//1739 4375//1739 3254//1739
f 3254//1738 4375//1738 4376//1738
f 3254//1738 4376//1738 3255//1738
f 3255//1737 4376//1737 4377//1737
f 3255//1737 4377//1737 3256//1737
f 3256//1736 4377//1736 4378//1736
f 3256//1736 4378//1736 3257//1736
f 3257//1735 4378//1735 4379//1735
f 3257//1735 4379//1735 3259//1735
f 3259//1734 4379//1734 4380//1734
f 3259//1734 4380//1734 3260//1734
f 3260//1733 4380//1733 4356//1733
f 3260//1733 4356//1733 3261//1733
f 4359//1733 4357//1733 4356//1733
f 4359//1733 4356//1733 4380//1733
f 4359//1734 4380//1734 4379//1734
f 4359//1734 4379//1734 4361//1734
f 4361//1735 4379//1735 4378//1735
f 4361//1735 4378//1735 4363//1735
f 4363//1736 4378//1736 4377//1736
f 4363//1736 4377//1736 4365//1736
f 4365//1737 4377//1737 4376//1737
f 4365//1737 4376//1737 4367//1737
f 4367//1738 4376//1738 4375//1738
f 4367//1738 4375//1738 4369//1738
f 4369//1739 4375//1739 4374//1739
f 4369//1739 4374//1739 4371//1739
f 3250//1741 3249//1741 4381//1741
f 3250//1741 4381//1741 4373//1741
f 3248//1742 4382//1742 3249//1742
f 3249//1742 4382//1742 4383//1742
f 3249//1742 4383//1742 4381//1742
f 4381//1742 4383//1742 4384//1742
f 4384//1743 4383//1743 4385//1743
f 4384//1743 4385//1743 4386//1743
f 4386//1744 4385//1744 4387//1744
f 4386//1744 4387//1744 4388//1744
f 4388//1745 4387//1745 4389//1745
f 4389//1745 4387//1745 4390//1745
f 4389//1745 4390//1745 3238//1745
f 3238//1745 4390//1745 3244//1745
f 3244//1744 4390//1744 4391//1744
f 3244//1744 4391//1744 3246//1744
f 3246//1743 4391//1743 4382//1743
f 3246//1743 4382//1743 3248//1743
f 4385//1743 4383//1743 4382//1743
f 4385//1743 4382//1743 4391//1743
f 4385//1744 4391//1744 4390//1744
f 4385//1744 4390//1744 4387//1744
f 3238//1746 3237//1746 4392//1746
f 3238//1746 4392//1746 4389//1746
f 2709//1747 2710//1747 4393//1747
f 2709//1747 4393//1747 4394//1747
f 2710//1748 2711//1748 4395//1748
f 2710//1748 4395//1748 4393//1748
f 2711//1749 2712//1749 4396//1749
f 2711//1749 4396//1749 4395//1749
f 2712//1750 2713//1750 4397//1750
f 2712//1750 4397//1750 4396//1750
f 2713//1751 2714//1751 4398//1751
f 2713//1751 4398//1751 4397//1751
f 2714//1752 2715//1752 4399//1752
f 2714//1752 4399//1752 4398//1752
f 2839//1753 3273//1753 4400//1753
f 4400//1754 3273//1754 3277//1754
f 4400//1755 3277//1755 3276//1755
f 4400//1756 3276//1756 4401//1756
f 4401//1757 3276//1757 3278//1757
f 4401//1758 3278//1758 4402//1758
f 4402//1759 3278//1759 3280//1759
f 4402//1760 3280//1760 4403//1760
f 4403//1761 3280//1761 3279//1761
f 4403//1762 3279//1762 4404//1762
f 4404//1763 3279//1763 3275//1763
f 4404//1764 3275//1764 4405//1764
f 4405//1765 3275//1765 4406//1765
f 4406//1766 3275//1766 3272//1766
f 4405//1767 4406//1767 4407//1767
f 4407//1768 4406//1768 4408//1768
f 4407//1769 4408//1769 4409//1769
f 4407//1770 4409//1770 4410//1770
f 4410//1771 4409//1771 4411//1771
f 4410//1772 4411//1772 4412//1772
f 4412//1773 4411//1773 4413//1773
f 4413//1774 4414//1774 4415//1774
f 4413//1775 4415//1775 4412//1775
f 4412//1776 4415//1776 4402//1776
f 4412//1776 4402//1776 4403//1776
f 4414//1777 4416//1777 4417//1777
f 4414//1778 4417//1778 4415//1778
f 4415//1779 4417//1779 4401//1779
f 4415//1779 4401//1779 4402//1779
f 4416//1780 4418//1780 4419//1780
f 4416//1781 4419//1781 4417//1781
f 4417//1782 4419//1782 4400//1782
f 4417//1782 4400//1782 4401//1782
f 4418//1783 4420//1783 4419//1783
f 4419//1753 4420//1753 2839//1753
f 4419//1753 2839//1753 4400//1753
f 2839//1784 4420//1784 2840//1784
f 2840//1785 4420//1785 4421//1785
f 2840//1786 4421//1786 2841//1786
f 2841//1787 4421//1787 4399//1787
f 2841//1788 4399//1788 2715//1788
f 4412//1789 4403//1789 4404//1789
f 4412//1789 4404//1789 4410//1789
f 4410//1790 4404//1790 4405//1790
f 4410//1790 4405//1790 4407//1790
f 2844//1791 4422//1791 2842//1791
f 2842//1792 4422//1792 4423//1792
f 2842//1792 4423//1792 4424//1792
f 4424//1793 4423//1793 4425//1793
f 4424//1793 4425//1793 4426//1793
f 4426//1794 4425//1794 4427//1794
f 4426//1794 4427//1794 4428//1794
f 4428//1795 4427//1795 4429//1795
f 4428//1795 4429//1795 4430//1795
f 4430//1796 4429//1796 4431//1796
f 4430//1796 4431//1796 4432//1796
f 4432//1797 4431//1797 4433//1797
f 4432//1797 4433//1797 4434//1797
f 4434//1798 4433//1798 3237//1798
f 3237//1799 4433//1799 4435//1799
f 3237//1800 4435//1800 4392//1800
f 4422//1801 2844//1801 4436//1801
f 4436//1802 2844//1802 2843//1802
f 4436//1803 2843//1803 4394//1803
f 4394//1804 2843//1804 2709//1804
f 4422//1805 4437//1805 4425//1805
f 4422//1806 4425//1806 4423//1806
f 4437//1807 4438//1807 4425//1807
f 4425//1808 4438//1808 4439//1808
f 4425//1809 4439//1809 4427//1809
f 4427//1810 4439//1810 4440//1810
f 4427//1811 4440//1811 4429//1811
f 4429//1812 4440//1812 4441//1812
f 4441//1813 4442//1813 4431//1813
f 4441//1814 4431//1814 4429//1814
f 4442//1815 4435//1815 4433//1815
f 4442//1816 4433//1816 4431//1816
f 3237//1817 3236//1817 4434//1817
f 4434//1818 3236//1818 3243//1818
f 4434//1819 3243//1819 4432//1819
f 4432//1820 3243//1820 3242//1820
f 4432//1821 3242//1821 4430//1821
f 4430//1822 3242//1822 3241//1822
f 4430//1823 3241//1823 4428//1823
f 4428//1824 3241//1824 3240//1824
f 4428//1825 3240//1825 4426//1825
f 4426//1826 3240//1826 3239//1826
f 4426//1827 3239//1827 4424//1827
f 4424//1828 3239//1828 3235//1828
f 3235//1792 2842//1792 4424//1792
f 3272//1829 3270//1829 4346//1829
f 3272//1829 4346//1829 4406//1829
f 4355//1 4358//1 4373//1
f 4355//1 4373//1 4381//1
f 4358//1 4360//1 4372//1
f 4358//1 4372//1 4373//1
f 4372//1 4360//1 4370//1
f 4370//1 4360//1 4362//1
f 4370//1 4362//1 4368//1
f 4368//1 4362//1 4364//1
f 4368//1 4364//1 4366//1
f 4355//1 4381//1 4352//1
f 4352//1 4381//1 4384//1
f 4352//1 4384//1 4386//1
f 4386//1 4388//1 4351//1
f 4386//1 4351//1 4352//1
f 4388//1 4389//1 4346//1
f 4388//1 4346//1 4347//1
f 4389//1 4392//1 4395//1
f 4389//1 4395//1 4396//1
f 4392//1 4435//1 4395//1
f 4395//1 4435//1 4442//1
f 4395//1 4442//1 4441//1
f 4441//1 4440//1 4393//1
f 4441//1 4393//1 4395//1
f 4440//1 4439//1 4393//1
f 4393//1 4439//1 4438//1
f 4393//1 4438//1 4437//1
f 4437//1 4422//1 4393//1
f 4393//1 4422//1 4436//1
f 4393//1 4436//1 4394//1
f 4396//1 4397//1 4406//1
f 4396//1 4406//1 4346//1
f 4396//1 4346//1 4389//1
f 4397//1 4398//1 4413//1
f 4397//1 4413//1 4411//1
f 4399//1 4421//1 4398//1
f 4398//1 4421//1 4420//1
f 4398//1 4420//1 4418//1
f 4418//1 4416//1 4398//1
f 4398//1 4416//1 4414//1
f 4398//1 4414//1 4413//1
f 4411//1 4409//1 4397//1
f 4397//1 4409//1 4408//1
f 4397//1 4408//1 4406//1
f 4347//1 4349//1 4388//1
f 4388//1 4349//1 4351//1
f 2842//1830 3235//1830 3228//1830
f 2842//1830 3228//1830 2708//1830
f 2708//1831 3228//1831 3226//1831
f 2708//1831 3226//1831 2707//1831
f 2707//1832 3226//1832 3225//1832
f 2707//1832 3225//1832 2845//1832
f 3273//1833 2839//1833 2716//1833
f 3273//1833 2716//1833 3274//1833
f 3274//1834 2716//1834 2717//1834
f 3274//1834 2717//1834 3281//1834
f 3281//1835 2717//1835 2719//1835
f 3281//1835 2719//1835 3283//1835
f 3299//1836 3297//1836 4443//1836
f 3299//1836 4443//1836 4444//1836
f 3295//1837 4445//1837 3297//1837
f 3297//1837 4445//1837 4446//1837
f 3297//1837 4446//1837 4443//1837
f 4443//1837 4446//1837 4447//1837
f 4447//1838 4446//1838 4448//1838
f 4447//1838 4448//1838 4449//1838
f 4449//1839 4448//1839 4450//1839
f 4449//1839 4450//1839 4451//1839
f 4451//1840 4450//1840 4452//1840
f 4452//1840 4450//1840 4453//1840
f 4452//1840 4453//1840 3286//1840
f 3286//1840 4453//1840 3292//1840
f 3292//1839 4453//1839 4454//1839
f 3292//1839 4454//1839 3294//1839
f 3294//1838 4454//1838 4445//1838
f 3294//1838 4445//1838 3295//1838
f 4448//1838 4446//1838 4445//1838
f 4448//1838 4445//1838 4454//1838
f 4448//1839 4454//1839 4453//1839
f 4448//1839 4453//1839 4450//1839
f 3286//1841 3285//1841 4455//1841
f 3286//1841 4455//1841 4452//1841
f 3284//1842 4456//1842 3285//1842
f 3285//1843 4456//1843 4457//1843
f 3285//1844 4457//1844 4458//1844
f 4458//1845 4457//1845 4459//1845
f 4458//1846 4459//1846 4460//1846
f 4460//1847 4459//1847 4461//1847
f 4460//1848 4461//1848 4462//1848
f 4462//1849 4461//1849 4463//1849
f 4463//1850 4461//1850 4464//1850
f 4463//1851 4464//1851 4465//1851
f 4465//1852 4464//1852 4466//1852
f 4465//1853 4466//1853 4467//1853
f 4467//1854 4466//1854 4468//1854
f 4468//1855 4466//1855 4469//1855
f 4468//1856 4469//1856 4470//1856
f 4470//1857 4469//1857 2719//1857
f 2719//1857 4469//1857 4471//1857
f 2719//1857 4471//1857 3283//1857
f 3283//1858 4471//1858 3287//1858
f 3287//1859 4471//1859 4472//1859
f 3287//1860 4472//1860 3288//1860
f 3288//1861 4472//1861 4473//1861
f 3288//1862 4473//1862 3289//1862
f 3289//1863 4473//1863 4474//1863
f 3289//1864 4474//1864 3290//1864
f 3290//1865 4474//1865 4475//1865
f 3290//1866 4475//1866 3291//1866
f 3291//1867 4475//1867 4456//1867
f 3291//1868 4456//1868 3284//1868
f 2719//1869 2721//1869 4470//1869
f 4470//1870 2721//1870 4476//1870
f 4476//1871 2721//1871 2720//1871
f 4476//1872 2720//1872 4477//1872
f 4477//1873 2720//1873 2718//1873
f 4458//1874 4455//1874 3285//1874
f 4459//1875 4457//1875 4456//1875
f 4459//1875 4456//1875 4475//1875
f 4459//1876 4475//1876 4474//1876
f 4459//1876 4474//1876 4461//1876
f 4461//1877 4474//1877 4473//1877
f 4461//1877 4473//1877 4464//1877
f 4464//1878 4473//1878 4472//1878
f 4464//1878 4472//1878 4466//1878
f 4466//1879 4472//1879 4471//1879
f 4466//1879 4471//1879 4469//1879
f 2718//1880 2722//1880 4478//1880
f 2718//1880 4478//1880 4477//1880
f 2722//1881 2723//1881 4479//1881
f 2722//1881 4479//1881 4478//1881
f 2723//1882 2724//1882 4480//1882
f 2723//1882 4480//1882 4479//1882
f 2724//1883 2725//1883 4481//1883
f 2724//1883 4481//1883 4480//1883
f 2725//1884 2726//1884 4482//1884
f 2725//1884 4482//1884 4481//1884
f 2726//1885 2727//1885 4483//1885
f 2726//1885 4483//1885 4482//1885
f 3309//1886 4484//1886 3310//1886
f 3310//1886 4484//1886 4485//1886
f 3310//1886 4485//1886 4486//1886
f 4486//1886 4485//1886 4487//1886
f 4487//1887 4485//1887 4488//1887
f 4487//1887 4488//1887 4489//1887
f 4489//1888 4488//1888 4490//1888
f 4489//1888 4490//1888 4491//1888
f 4491//1889 4490//1889 4492//1889
f 4491//1889 4492//1889 4493//1889
f 4493//1890 4492//1890 4494//1890
f 4493//1890 4494//1890 4495//1890
f 4495//1891 4494//1891 4496//1891
f 4495//1891 4496//1891 4497//1891
f 4497//1892 4496//1892 4498//1892
f 4497//1892 4498//1892 4499//1892
f 4499//1893 4498//1893 4500//1893
f 4499//1893 4500//1893 4501//1893
f 4501//1894 4500//1894 4444//1894
f 4444//1894 4500//1894 4502//1894
f 4444//1894 4502//1894 3299//1894
f 3299//1894 4502//1894 3300//1894
f 3300//1893 4502//1893 4503//1893
f 3300//1893 4503//1893 3301//1893
f 3301//1892 4503//1892 4504//1892
f 3301//1892 4504//1892 3303//1892
f 3303//1891 4504//1891 4505//1891
f 3303//1891 4505//1891 3304//1891
f 3304//1890 4505//1890 4506//1890
f 3304//1890 4506//1890 3305//1890
f 3305//1889 4506//1889 4507//1889
f 3305//1889 4507//1889 3307//1889
f 3307//1888 4507//1888 4508//1888
f 3307//1888 4508//1888 3308//1888
f 3308//1887 4508//1887 4484//1887
f 3308//1887 4484//1887 3309//1887
f 4488//1887 4485//1887 4484//1887
f 4488//1887 4484//1887 4508//1887
f 4488//1888 4508//1888 4507//1888
f 4488//1888 4507//1888 4490//1888
f 4490//1889 4507//1889 4506//1889
f 4490//1889 4506//1889 4492//1889
f 4492//1890 4506//1890 4505//1890
f 4492//1890 4505//1890 4494//1890
f 4494//1891 4505//1891 4504//1891
f 4494//1891 4504//1891 4496//1891
f 4496//1892 4504//1892 4503//1892
f 4496//1892 4503//1892 4498//1892
f 4498//1893 4503//1893 4502//1893
f 4498//1893 4502//1893 4500//1893
f 3312//1895 3310//1895 4486//1895
f 3312//1895 4486//1895 4509//1895
f 2836//1896 3332//1896 4510//1896
f 4510//1897 3332//1897 3337//1897
f 4510//1898 3337//1898 3336//1898
f 4510//1899 3336//1899 4511//1899
f 4511//1900 3336//1900 3335//1900
f 4511//1901 3335//1901 4512//1901
f 4512//1902 3335//1902 3334//1902
f 4512//1903 3334//1903 4513//1903
f 4513//1904 3334//1904 3333//1904
f 4513//1905 3333//1905 4514//1905
f 4514//1906 3333//1906 3331//1906
f 4514//1907 3331//1907 4515//1907
f 4515//1908 3331//1908 4516//1908
f 4516//1909 3331//1909 3326//1909
f 4515//1910 4516//1910 4517//1910
f 4517//1911 4516//1911 4518//1911
f 4517//1912 4518//1912 4519//1912
f 4517//1913 4519//1913 4520//1913
f 4520//1914 4519//1914 4521//1914
f 4520//1915 4521//1915 4522//1915
f 4522//1916 4521//1916 4523//1916
f 4523//1917 4524//1917 4525//1917
f 4523//1918 4525//1918 4522//1918
f 4522//1919 4525//1919 4512//1919
f 4522//1919 4512//1919 4513//1919
f 4524//1920 4526//1920 4527//1920
f 4524//1921 4527//1921 4525//1921
f 4525//1922 4527//1922 4511//1922
f 4525//1922 4511//1922 4512//1922
f 4526//1923 4528//1923 4529//1923
f 4526//1924 4529//1924 4527//1924
f 4527//1925 4529//1925 4510//1925
f 4527//1925 4510//1925 4511//1925
f 4528//1926 4530//1926 4529//1926
f 4529//1896 4530//1896 2836//1896
f 4529//1896 2836//1896 4510//1896
f 2836//1927 4530//1927 2837//1927
f 2837//1928 4530//1928 4531//1928
f 2837//1929 4531//1929 2838//1929
f 2838//1930 4531//1930 4483//1930
f 2838//1931 4483//1931 2727//1931
f 4522//1932 4513//1932 4514//1932
f 4522//1932 4514//1932 4520//1932
f 4520//1933 4514//1933 4515//1933
f 4520//1933 4515//1933 4517//1933
f 3316//1934 4532//1934 3317//1934
f 3317//1934 4532//1934 4533//1934
f 3317//1934 4533//1934 4534//1934
f 4534//1934 4533//1934 4535//1934
f 4535//1935 4533//1935 4536//1935
f 4535//1935 4536//1935 4537//1935
f 4537//1936 4536//1936 4538//1936
f 4537//1936 4538//1936 4539//1936
f 4539//1937 4538//1937 4509//1937
f 4509//1937 4538//1937 4540//1937
f 4509//1937 4540//1937 3312//1937
f 3312//1937 4540//1937 3314//1937
f 3314//1936 4540//1936 4541//1936
f 3314//1936 4541//1936 3315//1936
f 3315//1935 4541//1935 4532//1935
f 3315//1935 4532//1935 3316//1935
f 4536//1935 4533//1935 4532//1935
f 4536//1935 4532//1935 4541//1935
f 4536//1936 4541//1936 4540//1936
f 4536//1936 4540//1936 4538//1936
f 3326//1938 3317//1938 4534//1938
f 3326//1938 4534//1938 4516//1938
f 4486//1 4487//1 4444//1
f 4486//1 4444//1 4443//1
f 4487//1 4489//1 4501//1
f 4487//1 4501//1 4444//1
f 4501//1 4489//1 4499//1
f 4499//1 4489//1 4491//1
f 4499//1 4491//1 4497//1
f 4497//1 4491//1 4493//1
f 4497//1 4493//1 4495//1
f 4486//1 4443//1 4509//1
f 4509//1 4443//1 4447//1
f 4509//1 4447//1 4449//1
f 4449//1 4451//1 4539//1
f 4449//1 4539//1 4509//1
f 4451//1 4452//1 4534//1
f 4451//1 4534//1 4535//1
f 4452//1 4455//1 4479//1
f 4452//1 4479//1 4480//1
f 4455//1 4458//1 4479//1
f 4479//1 4458//1 4460//1
f 4479//1 4460//1 4462//1
f 4462//1 4463//1 4478//1
f 4462//1 4478//1 4479//1
f 4463//1 4465//1 4478//1
f 4478//1 4465//1 4467//1
f 4478//1 4467//1 4468//1
f 4468//1 4470//1 4478//1
f 4478//1 4470//1 4476//1
f 4478//1 4476//1 4477//1
f 4480//1 4481//1 4516//1
f 4480//1 4516//1 4534//1
f 4480//1 4534//1 4452//1
f 4481//1 4482//1 4523//1
f 4481//1 4523//1 4521//1
f 4483//1 4531//1 4482//1
f 4482//1 4531//1 4530//1
f 4482//1 4530//1 4528//1
f 4528//1 4526//1 4482//1
f 4482//1 4526//1 4524//1
f 4482//1 4524//1 4523//1
f 4521//1 4519//1 4481//1
f 4481//1 4519//1 4518//1
f 4481//1 4518//1 4516//1
f 4535//1 4537//1 4451//1
f 4451//1 4537//1 4539//1
f 3217//1939 3216//1939 4542//1939
f 3217//1939 4542//1939 4543//1939
f 3215//1940 4544//1940 3216//1940
f 3216//1940 4544//1940 4545//1940
f 3216//1940 4545//1940 4542//1940
f 4542//1940 4545//1940 4546//1940
f 4546//1941 4545//1941 4547//1941
f 4546//1941 4547//1941 4548//1941
f 4548//1942 4547//1942 4549//1942
f 4548//1942 4549//1942 4550//1942
f 4550//1943 4549//1943 4551//1943
f 4550//1943 4551//1943 4552//1943
f 4552//1944 4551//1944 4553//1944
f 4552//1944 4553//1944 4554//1944
f 4554//1945 4553//1945 4555//1945
f 4554//1945 4555//1945 4556//1945
f 4556//1946 4555//1946 4557//1946
f 4556//1946 4557//1946 4558//1946
f 4558//1947 4557//1947 4559//1947
f 4558//1947 4559//1947 4560//1947
f 4560//1948 4559//1948 4561//1948
f 4561//1948 4559//1948 4562//1948
f 4561//1948 4562//1948 3206//1948
f 3206//1948 4562//1948 3207//1948
f 3207//1947 4562//1947 4563//1947
f 3207//1947 4563//1947 3208//1947
f 3208//1946 4563//1946 4564//1946
f 3208//1946 4564//1946 3209//1946
f 3209//1945 4564//1945 4565//1945
f 3209//1945 4565//1945 3210//1945
f 3210//1944 4565//1944 4566//1944
f 3210//1944 4566//1944 3212//1944
f 3212//1943 4566//1943 4567//1943
f 3212//1943 4567//1943 3213//1943
f 3213//1942 4567//1942 4568//1942
f 3213//1942 4568//1942 3214//1942
f 3214//1941 4568//1941 4544//1941
f 3214//1941 4544//1941 3215//1941
f 4547//1941 4545//1941 4544//1941
f 4547//1941 4544//1941 4568//1941
f 4547//1942 4568//1942 4567//1942
f 4547//1942 4567//1942 4549//1942
f 4549//1943 4567//1943 4566//1943
f 4549//1943 4566//1943 4551//1943
f 4551//1944 4566//1944 4565//1944
f 4551//1944 4565//1944 4553//1944
f 4553//1945 4565//1945 4564//1945
f 4553//1945 4564//1945 4555//1945
f 4555//1946 4564//1946 4563//1946
f 4555//1946 4563//1946 4557//1946
f 4557//1947 4563//1947 4562//1947
f 4557//1947 4562//1947 4559//1947
f 3206//1949 3204//1949 4569//1949
f 3206//1949 4569//1949 4561//1949
f 3203//1950 4570//1950 3204//1950
f 3204//1950 4570//1950 4571//1950
f 3204//1950 4571//1950 4569//1950
f 4569//1950 4571//1950 4572//1950
f 4572//1951 4571//1951 4573//1951
f 4572//1951 4573//1951 4574//1951
f 4574//1952 4573//1952 4575//1952
f 4574//1952 4575//1952 4576//1952
f 4576//1953 4575//1953 4577//1953
f 4577//1953 4575//1953 4578//1953
f 4577//1953 4578//1953 3193//1953
f 3193//1953 4578//1953 3195//1953
f 3195//1952 4578//1952 4579//1952
f 3195//1952 4579//1952 3202//1952
f 3202//1951 4579//1951 4570//1951
f 3202//1951 4570//1951 3203//1951
f 4573//1951 4571//1951 4570//1951
f 4573//1951 4570//1951 4579//1951
f 4573//1952 4579//1952 4578//1952
f 4573//1952 4578//1952 4575//1952
f 3193//1954 3191//1954 4580//1954
f 3193//1954 4580//1954 4577//1954
f 3201//1955 4581//1955 3191//1955
f 3191//1956 4581//1956 4582//1956
f 3191//1957 4582//1957 4583//1957
f 4583//1958 4582//1958 4584//1958
f 4583//1959 4584//1959 4585//1959
f 4585//1960 4584//1960 4586//1960
f 4585//1961 4586//1961 4587//1961
f 4587//1962 4586//1962 4588//1962
f 4588//1963 4586//1963 4589//1963
f 4588//1964 4589//1964 4590//1964
f 4590//1965 4589//1965 4591//1965
f 4590//1966 4591//1966 4592//1966
f 4592//1967 4591//1967 4593//1967
f 4593//1968 4591//1968 4594//1968
f 4593//1969 4594//1969 4595//1969
f 4595//1970 4594//1970 2698//1970
f 2698//1970 4594//1970 4596//1970
f 2698//1970 4596//1970 3190//1970
f 3190//1971 4596//1971 3196//1971
f 3196//1972 4596//1972 4597//1972
f 3196//1973 4597//1973 3197//1973
f 3197//1974 4597//1974 4598//1974
f 3197//1975 4598//1975 3198//1975
f 3198//1976 4598//1976 4599//1976
f 3198//1977 4599//1977 3199//1977
f 3199//1978 4599//1978 4600//1978
f 3199//1979 4600//1979 3200//1979
f 3200//1980 4600//1980 4581//1980
f 3200//1981 4581//1981 3201//1981
f 2698//1982 2700//1982 4595//1982
f 4595//1983 2700//1983 4601//1983
f 4601//1984 2700//1984 2699//1984
f 4601//1985 2699//1985 4602//1985
f 4602//1986 2699//1986 2697//1986
f 4583//1987 4580//1987 3191//1987
f 4584//1988 4582//1988 4581//1988
f 4584//1988 4581//1988 4600//1988
f 4584//1989 4600//1989 4599//1989
f 4584//1989 4599//1989 4586//1989
f 4586//1990 4599//1990 4598//1990
f 4586//1990 4598//1990 4589//1990
f 4589//1991 4598//1991 4597//1991
f 4589//1991 4597//1991 4591//1991
f 4591//1992 4597//1992 4596//1992
f 4591//1992 4596//1992 4594//1992
f 2697//1993 2701//1993 4603//1993
f 2697//1993 4603//1993 4602//1993
f 2701//1994 2702//1994 4604//1994
f 2701//1994 4604//1994 4603//1994
f 2702//1995 2703//1995 4605//1995
f 2702//1995 4605//1995 4604//1995
f 2703//1996 2704//1996 4606//1996
f 2703//1996 4606//1996 4605//1996
f 2704//1997 2705//1997 4607//1997
f 2704//1997 4607//1997 4606//1997
f 2705//1998 2706//1998 4608//1998
f 2705//1998 4608//1998 4607//1998
f 2845//1999 3225//1999 4609//1999
f 4609//2000 3225//2000 3231//2000
f 4609//2001 3231//2001 3232//2001
f 4609//2002 3232//2002 4610//2002
f 4610//2003 3232//2003 3233//2003
f 4610//2004 3233//2004 4611//2004
f 4611//2005 3233//2005 3234//2005
f 4611//2006 3234//2006 4612//2006
f 4612//2007 3234//2007 3230//2007
f 4612//2008 3230//2008 4613//2008
f 4613//2009 3230//2009 3229//2009
f 4613//2010 3229//2010 4614//2010
f 4614//2011 3229//2011 4615//2011
f 4615//2012 3229//2012 3223//2012
f 4614//2013 4615//2013 4616//2013
f 4616//2014 4615//2014 4617//2014
f 4616//2015 4617//2015 4618//2015
f 4616//2016 4618//2016 4619//2016
f 4619//2017 4618//2017 4620//2017
f 4619//2018 4620//2018 4621//2018
f 4621//2019 4620//2019 4622//2019
f 4622//2020 4623//2020 4624//2020
f 4622//2021 4624//2021 4621//2021
f 4621//2022 4624//2022 4611//2022
f 4621//2022 4611//2022 4612//2022
f 4623//2023 4625//2023 4626//2023
f 4623//2024 4626//2024 4624//2024
f 4624//2025 4626//2025 4610//2025
f 4624//2025 4610//2025 4611//2025
f 4625//2026 4627//2026 4628//2026
f 4625//2027 4628//2027 4626//2027
f 4626//2028 4628//2028 4609//2028
f 4626//2028 4609//2028 4610//2028
f 4627//2029 4629//2029 4628//2029
f 4628//1999 4629//1999 2845//1999
f 4628//1999 2845//1999 4609//1999
f 2845//2030 4629//2030 2846//2030
f 2846//2031 4629//2031 4630//2031
f 2846//2032 4630//2032 2847//2032
f 2847//2033 4630//2033 4608//2033
f 2847//2034 4608//2034 2706//2034
f 4621//2035 4612//2035 4613//2035
f 4621//2035 4613//2035 4619//2035
f 4619//2036 4613//2036 4614//2036
f 4619//2036 4614//2036 4616//2036
f 3221//2037 4631//2037 3222//2037
f 3222//2037 4631//2037 4632//2037
f 3222//2037 4632//2037 4633//2037
f 4633//2037 4632//2037 4634//2037
f 4634//2038 4632//2038 4635//2038
f 4634//2038 4635//2038 4636//2038
f 4636//2039 4635//2039 4637//2039
f 4636//2039 4637//2039 4638//2039
f 4638//2040 4637//2040 4543//2040
f 4543//2040 4637//2040 4639//2040
f 4543//2040 4639//2040 3217//2040
f 3217//2040 4639//2040 3218//2040
f 3218//2039 4639//2039 4640//2039
f 3218//2039 4640//2039 3220//2039
f 3220//2038 4640//2038 4631//2038
f 3220//2038 4631//2038 3221//2038
f 4635//2038 4632//2038 4631//2038
f 4635//2038 4631//2038 4640//2038
f 4635//2039 4640//2039 4639//2039
f 4635//2039 4639//2039 4637//2039
f 3223//2041 3222//2041 4633//2041
f 3223//2041 4633//2041 4615//2041
f 4542//1 4546//1 4561//1
f 4542//1 4561//1 4569//1
f 4546//1 4548//1 4560//1
f 4546//1 4560//1 4561//1
f 4560//1 4548//1 4558//1
f 4558//1 4548//1 4550//1
f 4558//1 4550//1 4556//1
f 4556//1 4550//1 4552//1
f 4556//1 4552//1 4554//1
f 4542//1 4569//1 4543//1
f 4543//1 4569//1 4572//1
f 4543//1 4572//1 4574//1
f 4574//1 4576//1 4638//1
f 4574//1 4638//1 4543//1
f 4576//1 4577//1 4633//1
f 4576//1 4633//1 4634//1
f 4577//1 4580//1 4604//1
f 4577//1 4604//1 4605//1
f 4580//1 4583//1 4604//1
f 4604//1 4583//1 4585//1
f 4604//1 4585//1 4587//1
f 4587//1 4588//1 4603//1
f 4587//1 4603//1 4604//1
f 4588//1 4590//1 4603//1
f 4603//1 4590//1 4592//1
f 4603//1 4592//1 4593//1
f 4593//1 4595//1 4603//1
f 4603//1 4595//1 4601//1
f 4603//1 4601//1 4602//1
f 4605//1 4606//1 4615//1
f 4605//1 4615//1 4633//1
f 4605//1 4633//1 4577//1
f 4606//1 4607//1 4622//1
f 4606//1 4622//1 4620//1
f 4608//1 4630//1 4607//1
f 4607//1 4630//1 4629//1
f 4607//1 4629//1 4627//1
f 4627//1 4625//1 4607//1
f 4607//1 4625//1 4623//1
f 4607//1 4623//1 4622//1
f 4620//1 4618//1 4606//1
f 4606//1 4618//1 4617//1
f 4606//1 4617//1 4615//1
f 4634//1 4636//1 4576//1
f 4576//1 4636//1 4638//1
f 4641//2042 3625//2042 3126//2042
f 4641//2042 3126//2042 4642//2042
f 3351//2042 4643//2042 4644//2042
f 3351//2042 4644//2042 3043//2042
f 3631//264 4645//264 4646//264
f 3631//264 4646//264 3127//264
f 4647//264 3345//264 3042//264
f 4647//264 3042//264 4648//264
f 3345//2043 4647//2043 4649//2043
f 3345//2043 4649//2043 3324//2043
f 3324//2044 4649//2044 4650//2044
f 3324//2044 4650//2044 3322//2044
f 3322//2045 4650//2045 4651//2045
f 3322//2045 4651//2045 3321//2045
f 3321//2046 4651//2046 4652//2046
f 3321//2046 4652//2046 3318//2046
f 3318//2047 4652//2047 4653//2047
f 3318//2047 4653//2047 3313//2047
f 3313//2048 4653//2048 4654//2048
f 3313//2048 4654//2048 3311//2048
f 3311//2049 4654//2049 4655//2049
f 3311//2049 4655//2049 3306//2049
f 3306//2050 4655//2050 4656//2050
f 3306//2050 4656//2050 3302//2050
f 3302//2051 4656//2051 4657//2051
f 3302//2051 4657//2051 3298//2051
f 3298//2052 4657//2052 4658//2052
f 3298//2052 4658//2052 3296//2052
f 3296//2053 4658//2053 4659//2053
f 3296//2053 4659//2053 3293//2053
f 3293//2054 4659//2054 4660//2054
f 3293//2054 4660//2054 3282//2054
f 3282//2055 4660//2055 4661//2055
f 3282//2055 4661//2055 3271//2055
f 3271//2056 4661//2056 4662//2056
f 3271//2056 4662//2056 3268//2056
f 3268//2057 4662//2057 4663//2057
f 3268//2057 4663//2057 3266//2057
f 3266//2058 4663//2058 4664//2058
f 3266//2058 4664//2058 3262//2058
f 3262//2059 4664//2059 4665//2059
f 3262//2059 4665//2059 3258//2059
f 3258//2060 4665//2060 4666//2060
f 3258//2060 4666//2060 3253//2060
f 3253//2061 4666//2061 4667//2061
f 3253//2061 4667//2061 3251//2061
f 3251//2062 4667//2062 4668//2062
f 3251//2062 4668//2062 3247//2062
f 3247//2063 4668//2063 4669//2063
f 3247//2063 4669//2063 3245//2063
f 3245//2064 4669//2064 4670//2064
f 3245//2064 4670//2064 3227//2064
f 3227//2065 4670//2065 4671//2065
f 3227//2065 4671//2065 3224//2065
f 3224//2066 4671//2066 4672//2066
f 3224//2066 4672//2066 3219//2066
f 3219//2067 4672//2067 4673//2067
f 3219//2067 4673//2067 3211//2067
f 4645//2068 3631//2068 3639//2068
f 4645//2068 3639//2068 4674//2068
f 4674//2069 3639//2069 3644//2069
f 4674//2069 3644//2069 4675//2069
f 4675//2070 3644//2070 3177//2070
f 4675//2070 3177//2070 4676//2070
f 4676//2071 3177//2071 3176//2071
f 4676//2071 3176//2071 4677//2071
f 4677//2072 3176//2072 3175//2072
f 4677//2072 3175//2072 4678//2072
f 4678//2073 3175//2073 3174//2073
f 4678//2073 3174//2073 4679//2073
f 4679//2074 3174//2074 3173//2074
f 4679//2074 3173//2074 4680//2074
f 4680//2075 3173//2075 3172//2075
f 4680//2075 3172//2075 4681//2075
f 4681//2076 3172//2076 3171//2076
f 4681//2076 3171//2076 4682//2076
f 4682//2077 3171//2077 3170//2077
f 4682//2077 3170//2077 4683//2077
f 4683//2078 3170//2078 3169//2078
f 4683//2078 3169//2078 4684//2078
f 4684//2079 3169//2079 3168//2079
f 4684//2079 3168//2079 4685//2079
f 4685//2080 3168//2080 3178//2080
f 4685//2080 3178//2080 4686//2080
f 4686//2081 3178//2081 3179//2081
f 4686//2081 3179//2081 4687//2081
f 4687//2082 3179//2082 3180//2082
f 4687//2082 3180//2082 4688//2082
f 4688//2083 3180//2083 3181//2083
f 4688//2083 3181//2083 4689//2083
f 4689//2084 3181//2084 3182//2084
f 4689//2084 3182//2084 4690//2084
f 4690//2085 3182//2085 3183//2085
f 4690//2085 3183//2085 4691//2085
f 4691//2086 3183//2086 3184//2086
f 4691//2086 3184//2086 4692//2086
f 4692//2087 3184//2087 3185//2087
f 4692//2087 3185//2087 4693//2087
f 4693//2088 3185//2088 3186//2088
f 4693//2088 3186//2088 4694//2088
f 4694//2089 3186//2089 3187//2089
f 4694//2089 3187//2089 4695//2089
f 4695//2090 3187//2090 3192//2090
f 4695//2090 3192//2090 4696//2090
f 4696//2091 3192//2091 3194//2091
f 4696//2091 3194//2091 4697//2091
f 4697//2092 3194//2092 3205//2092
f 4697//2092 3205//2092 4698//2092
f 3043//2093 4644//2093 4699//2093
f 3043//2093 4699//2093 3044//2093
f 3044//2094 4699//2094 4700//2094
f 3044//2094 4700//2094 3045//2094
f 3045//2095 4700//2095 4701//2095
f 3045//2095 4701//2095 3046//2095
f 3046//2096 4701//2096 4702//2096
f 3046//2096 4702//2096 3047//2096
f 3047//2097 4702//2097 4703//2097
f 3047//2097 4703//2097 3048//2097
f 3048//2098 4703//2098 4704//2098
f 3048//2098 4704//2098 3049//2098
f 3049//2099 4704//2099 4705//2099
f 3049//2099 4705//2099 3050//2099
f 3050//2100 4705//2100 4706//2100
f 3050//2100 4706//2100 3051//2100
f 3051//2101 4706//2101 4707//2101
f 3051//2101 4707//2101 3052//2101
f 3052//2102 4707//2102 4708//2102
f 3052//2102 4708//2102 3053//2102
f 3053//2103 4708//2103 4709//2103
f 3053//2103 4709//2103 3054//2103
f 3054//2104 4709//2104 4710//2104
f 3054//2104 4710//2104 3055//2104
f 3055//2105 4710//2105 4711//2105
f 3055//2105 4711//2105 3056//2105
f 3056//2106 4711//2106 4712//2106
f 3056//2106 4712//2106 3057//2106
f 3057//2107 4712//2107 4713//2107
f 3057//2107 4713//2107 3058//2107
f 3058//2108 4713//2108 4714//2108
f 3058//2108 4714//2108 3059//2108
f 3059//2109 4714//2109 4715//2109
f 3059//2109 4715//2109 3060//2109
f 3060//2110 4715//2110 4716//2110
f 3060//2110 4716//2110 3061//2110
f 3061//2111 4716//2111 4717//2111
f 3061//2111 4717//2111 3062//2111
f 3062//2112 4717//2112 4718//2112
f 3062//2112 4718//2112 3063//2112
f 3063//2113 4718//2113 4719//2113
f 3063//2113 4719//2113 3064//2113
f 3064//2114 4719//2114 4720//2114
f 3064//2114 4720//2114 3065//2114
f 3065//2115 4720//2115 4721//2115
f 3065//2115 4721//2115 3066//2115
f 3066//2116 4721//2116 4722//2116
f 3066//2116 4722//2116 3067//2116
f 3067//2117 4722//2117 4723//2117
f 3067//2117 4723//2117 3068//2117
f 3068//2118 4723//2118 4724//2118
f 3068//2118 4724//2118 3069//2118
f 3069//2119 4724//2119 4725//2119
f 3069//2119 4725//2119 3070//2119
f 3070//2120 4725//2120 4726//2120
f 3070//2120 4726//2120 3071//2120
f 3071//2121 4726//2121 4727//2121
f 3071//2121 4727//2121 3072//2121
f 3072//2122 4727//2122 4728//2122
f 3072//2122 4728//2122 3073//2122
f 3073//2123 4728//2123 4729//2123
f 3073//2123 4729//2123 3074//2123
f 3074//2124 4729//2124 4730//2124
f 3074//2124 4730//2124 3075//2124
f 3075//2125 4730//2125 4731//2125
f 3075//2125 4731//2125 3076//2125
f 3076//2126 4731//2126 4732//2126
f 3076//2126 4732//2126 3077//2126
f 3077//2127 4732//2127 4733//2127
f 3077//2127 4733//2127 3078//2127
f 3078//2128 4733//2128 4734//2128
f 3078//2128 4734//2128 3079//2128
f 3079//2129 4734//2129 4735//2129
f 3079//2129 4735//2129 3080//2129
f 3080//2130 4735//2130 4736//2130
f 3080//2130 4736//2130 3081//2130
f 3081//2131 4736//2131 4737//2131
f 3081//2131 4737//2131 3082//2131
f 3082//2132 4737//2132 4738//2132
f 3082//2132 4738//2132 3083//2132
f 3083//2133 4738//2133 4739//2133
f 3083//2133 4739//2133 3084//2133
f 4648//2134 3042//2134 3041//2134
f 4648//2134 3041//2134 4740//2134
f 4740//2135 3041//2135 3040//2135
f 4740//2135 3040//2135 4741//2135
f 4741//2136 3040//2136 3039//2136
f 4741//2136 3039//2136 4742//2136
f 4742//2137 3039//2137 3038//2137
f 4742//2137 3038//2137 4743//2137
f 4743//2138 3038//2138 3037//2138
f 4743//2138 3037//2138 4744//2138
f 4744//2139 3037//2139 3036//2139
f 4744//2139 3036//2139 4745//2139
f 4745//2140 3036//2140 3035//2140
f 4745//2140 3035//2140 4746//2140
f 4746//2141 3035//2141 3034//2141
f 4746//2141 3034//2141 4747//2141
f 4747//2142 3034//2142 3033//2142
f 4747//2142 3033//2142 4748//2142
f 4748//2143 3033//2143 3032//2143
f 4748//2143 3032//2143 4749//2143
f 4749//2144 3032//2144 3031//2144
f 4749//2144 3031//2144 4750//2144
f 4750//2145 3031//2145 3030//2145
f 4750//2145 3030//2145 4751//2145
f 4751//2146 3030//2146 3029//2146
f 4751//2146 3029//2146 4752//2146
f 4752//2147 3029//2147 3028//2147
f 4752//2147 3028//2147 4753//2147
f 4753//2148 3028//2148 3027//2148
f 4753//2148 3027//2148 4754//2148
f 4754//2149 3027//2149 3026//2149
f 4754//2149 3026//2149 4755//2149
f 4755//2150 3026//2150 3025//2150
f 4755//2150 3025//2150 4756//2150
f 4756//2151 3025//2151 3024//2151
f 4756//2151 3024//2151 4757//2151
f 4757//2152 3024//2152 3023//2152
f 4757//2152 3023//2152 4758//2152
f 4758//2153 3023//2153 3022//2153
f 4758//2153 3022//2153 4759//2153
f 4759//2154 3022//2154 3021//2154
f 4759//2154 3021//2154 4760//2154
f 4760//2155 3021//2155 3020//2155
f 4760//2155 3020//2155 4761//2155
f 4761//2156 3020//2156 3019//2156
f 4761//2156 3019//2156 4762//2156
f 4762//2157 3019//2157 3018//2157
f 4762//2157 3018//2157 4763//2157
f 4763//2158 3018//2158 3017//2158
f 4763//2158 3017//2158 4764//2158
f 4764//2159 3017//2159 3016//2159
f 4764//2159 3016//2159 4765//2159
f 4765//2160 3016//2160 3015//2160
f 4765//2160 3015//2160 4766//2160
f 4766//2161 3015//2161 3014//2161
f 4766//2161 3014//2161 4767//2161
f 4767//2162 3014//2162 3013//2162
f 4767//2162 3013//2162 4768//2162
f 4768//2163 3013//2163 3012//2163
f 4768//2163 3012//2163 4769//2163
f 4769//2164 3012//2164 3011//2164
f 4769//2164 3011//2164 4770//2164
f 4770//2165 3011//2165 3010//2165
f 4770//2165 3010//2165 4771//2165
f 4771//2166 3010//2166 3009//2166
f 4771//2166 3009//2166 4772//2166
f 4772//2167 3009//2167 3008//2167
f 4772//2167 3008//2167 4773//2167
f 4773//2168 3008//2168 3007//2168
f 4773//2168 3007//2168 4774//2168
f 4774//2169 3007//2169 3006//2169
f 4774//2169 3006//2169 4775//2169
f 4775//2170 3006//2170 3005//2170
f 4775//2170 3005//2170 4776//2170
f 4776//2171 3005//2171 3004//2171
f 4776//2171 3004//2171 4777//2171
f 4777//2172 3004//2172 3003//2172
f 4777//2172 3003//2172 4778//2172
f 4778//2173 3003//2173 3002//2173
f 4778//2173 3002//2173 4779//2173
f 4779//2174 3002//2174 3001//2174
f 4779//2174 3001//2174 4780//2174
f 3127//2175 4646//2175 4781//2175
f 3127//2175 4781//2175 3128//2175
f 3128//2176 4781//2176 4782//2176
f 3128//2176 4782//2176 3129//2176
f 3129//2177 4782//2177 4783//2177
f 3129//2177 4783//2177 3130//2177
f 3130//2178 4783//2178 4784//2178
f 3130//2178 4784//2178 3131//2178
f 3131//2179 4784//2179 4785//2179
f 3131//2179 4785//2179 3132//2179
f 3132//2180 4785//2180 4786//2180
f 3132//2180 4786//2180 3133//2180
f 3133//2181 4786//2181 4787//2181
f 3133//2181 4787//2181 3134//2181
f 3134//2182 4787//2182 4788//2182
f 3134//2182 4788//2182 3135//2182
f 3135//2183 4788//2183 4789//2183
f 3135//2183 4789//2183 3136//2183
f 3136//2184 4789//2184 4790//2184
f 3136//2184 4790//2184 3137//2184
f 3137//2185 4790//2185 4791//2185
f 3137//2185 4791//2185 3138//2185
f 3138//2186 4791//2186 4792//2186
f 3138//2186 4792//2186 3139//2186
f 3139//2187 4792//2187 4793//2187
f 3139//2187 4793//2187 3140//2187
f 3140//2188 4793//2188 4794//2188
f 3140//2188 4794//2188 3141//2188
f 3141//2189 4794//2189 4795//2189
f 3141//2189 4795//2189 3142//2189
f 3142//2190 4795//2190 4796//2190
f 3142//2190 4796//2190 3143//2190
f 3143//2191 4796//2191 4797//2191
f 3143//2191 4797//2191 3144//2191
f 3144//2192 4797//2192 4798//2192
f 3144//2192 4798//2192 3145//2192
f 3145//2193 4798//2193 4799//2193
f 3145//2193 4799//2193 3146//2193
f 3146//2194 4799//2194 4800//2194
f 3146//2194 4800//2194 3147//2194
f 3147//2195 4800//2195 4801//2195
f 3147//2195 4801//2195 3148//2195
f 3148//2196 4801//2196 4802//2196
f 3148//2196 4802//2196 3149//2196
f 3149//2197 4802//2197 4803//2197
f 3149//2197 4803//2197 3150//2197
f 3150//2198 4803//2198 4804//2198
f 3150//2198 4804//2198 3151//2198
f 3151//2199 4804//2199 4805//2199
f 3151//2199 4805//2199 3152//2199
f 3152//2200 4805//2200 4806//2200
f 3152//2200 4806//2200 3153//2200
f 3153//2201 4806//2201 4807//2201
f 3153//2201 4807//2201 3154//2201
f 3154//2202 4807//2202 4808//2202
f 3154//2202 4808//2202 3155//2202
f 3155//2203 4808//2203 4809//2203
f 3155//2203 4809//2203 3156//2203
f 3156//2204 4809//2204 4810//2204
f 3156//2204 4810//2204 3157//2204
f 3157//2205 4810//2205 4811//2205
f 3157//2205 4811//2205 3158//2205
f 3158//2206 4811//2206 4812//2206
f 3158//2206 4812//2206 3159//2206
f 3159//2207 4812//2207 4813//2207
f 3159//2207 4813//2207 3160//2207
f 3160//2208 4813//2208 4814//2208
f 3160//2208 4814//2208 3161//2208
f 3161//2209 4814//2209 4815//2209
f 3161//2209 4815//2209 3162//2209
f 3162//2210 4815//2210 4816//2210
f 3162//2210 4816//2210 3163//2210
f 3163//2211 4816//2211 4817//2211
f 3163//2211 4817//2211 3164//2211
f 3164//2212 4817//2212 4818//2212
f 3164//2212 4818//2212 3165//2212
f 3165//2213 4818//2213 4819//2213
f 3165//2213 4819//2213 3166//2213
f 3166//2214 4819//2214 4820//2214
f 3166//2214 4820//2214 3167//2214
f 3167//2215 4820//2215 4821//2215
f 3167//2215 4821//2215 3000//2215
f 4642//2216 3126//2216 3125//2216
f 4642//2216 3125//2216 4822//2216
f 4822//2217 3125//2217 3124//2217
f 4822//2217 3124//2217 4823//2217
f 4823//2218 3124//2218 3123//2218
f 4823//2218 3123//2218 4824//2218
f 4824//2219 3123//2219 3122//2219
f 4824//2219 3122//2219 4825//2219
f 4825//2220 3122//2220 3121//2220
f 4825//2220 3121//2220 4826//2220
f 4826//2221 3121//2221 3120//2221
f 4826//2221 3120//2221 4827//2221
f 4827//2222 3120//2222 3119//2222
f 4827//2222 3119//2222 4828//2222
f 4828//2223 3119//2223 3118//2223
f 4828//2223 3118//2223 4829//2223
f 4829//2224 3118//2224 3117//2224
f 4829//2224 3117//2224 4830//2224
f 4830//2225 3117//2225 3116//2225
f 4830//2225 3116//2225 4831//2225
f 4831//2226 3116//2226 3115//2226
f 4831//2226 3115//2226 4832//2226
f 4832//2227 3115//2227 3114//2227
f 4832//2227 3114//2227 4833//2227
f 4833//2228 3114//2228 3113//2228
f 4833//2228 3113//2228 4834//2228
f 4834//2229 3113//2229 3112//2229
f 4834//2229 3112//2229 4835//2229
f 4835//2230 3112//2230 3111//2230
f 4835//2230 3111//2230 4836//2230
f 4836//2231 3111//2231 3110//2231
f 4836//2231 3110//2231 4837//2231
f 4837//2232 3110//2232 3109//2232
f 4837//2232 3109//2232 4838//2232
f 4838//2233 3109//2233 3108//2233
f 4838//2233 3108//2233 4839//2233
f 4839//2234 3108//2234 3107//2234
f 4839//2234 3107//2234 4840//2234
f 4840//2235 3107//2235 3106//2235
f 4840//2235 3106//2235 4841//2235
f 4841//2236 3106//2236 3105//2236
f 4841//2236 3105//2236 4842//2236
f 4842//2237 3105//2237 3104//2237
f 4842//2237 3104//2237 4843//2237
f 4843//2238 3104//2238 3103//2238
f 4843//2238 3103//2238 4844//2238
f 4844//2239 3103//2239 3102//2239
f 4844//2239 3102//2239 4845//2239
f 4845//2240 3102//2240 3101//2240
f 4845//2240 3101//2240 4846//2240
f 4846//2241 3101//2241 3100//2241
f 4846//2241 3100//2241 4847//2241
f 4847//2242 3100//2242 3099//2242
f 4847//2242 3099//2242 4848//2242
f 4848//2243 3099//2243 3098//2243
f 4848//2243 3098//2243 4849//2243
f 4849//2244 3098//2244 3097//2244
f 4849//2244 3097//2244 4850//2244
f 4850//2245 3097//2245 3096//2245
f 4850//2245 3096//2245 4851//2245
f 4851//2246 3096//2246 3095//2246
f 4851//2246 3095//2246 4852//2246
f 4852//2247 3095//2247 3094//2247
f 4852//2247 3094//2247 4853//2247
f 4853//2248 3094//2248 3093//2248
f 4853//2248 3093//2248 4854//2248
f 4854//2249 3093//2249 3092//2249
f 4854//2249 3092//2249 4855//2249
f 4855//2250 3092//2250 3091//2250
f 4855//2250 3091//2250 4856//2250
f 4856//2251 3091//2251 3090//2251
f 4856//2251 3090//2251 4857//2251
f 4857//2252 3090//2252 3089//2252
f 4857//2252 3089//2252 4858//2252
f 4858//2253 3089//2253 3088//2253
f 4858//2253 3088//2253 4859//2253
f 4859//2254 3088//2254 3087//2254
f 4859//2254 3087//2254 4860//2254
f 4860//2255 3087//2255 3086//2255
f 4860//2255 3086//2255 4861//2255
f 4861//2256 3086//2256 3085//2256
f 4861//2256 3085//2256 4862//2256
f 4643//2257 3351//2257 3359//2257
f 4643//2257 3359//2257 4863//2257
f 4863//2258 3359//2258 3363//2258
f 4863//2258 3363//2258 4864//2258
f 4864//2259 3363//2259 3364//2259
f 4864//2259 3364//2259 4865//2259
f 4865//2260 3364//2260 3367//2260
f 4865//2260 3367//2260 4866//2260
f 4866//2261 3367//2261 3369//2261
f 4866//2261 3369//2261 4867//2261
f 4867//2262 3369//2262 3391//2262
f 4867//2262 3391//2262 4868//2262
f 4868//2263 3391//2263 3393//2263
f 4868//2263 3393//2263 4869//2263
f 4869//2264 3393//2264 3398//2264
f 4869//2264 3398//2264 4870//2264
f 4870//2265 3398//2265 3402//2265
f 4870//2265 3402//2265 4871//2265
f 4871//2266 3402//2266 3406//2266
f 4871//2266 3406//2266 4872//2266
f 4872//2267 3406//2267 3408//2267
f 4872//2267 3408//2267 4873//2267
f 4873//2268 3408//2268 3411//2268
f 4873//2268 3411//2268 4874//2268
f 4874//2269 3411//2269 3422//2269
f 4874//2269 3422//2269 4875//2269
f 4875//2270 3422//2270 3433//2270
f 4875//2270 3433//2270 4876//2270
f 4876//2271 3433//2271 3436//2271
f 4876//2271 3436//2271 4877//2271
f 4877//2272 3436//2272 3438//2272
f 4877//2272 3438//2272 4878//2272
f 4878//2273 3438//2273 3442//2273
f 4878//2273 3442//2273 4879//2273
f 4879//2274 3442//2274 3446//2274
f 4879//2274 3446//2274 4880//2274
f 4880//2275 3446//2275 3451//2275
f 4880//2275 3451//2275 4881//2275
f 4881//2276 3451//2276 3453//2276
f 4881//2276 3453//2276 4882//2276
f 4882//2277 3453//2277 3457//2277
f 4882//2277 3457//2277 4883//2277
f 4883//2278 3457//2278 3459//2278
f 4883//2278 3459//2278 4884//2278
f 4884//2279 3459//2279 3472//2279
f 4884//2279 3472//2279 4885//2279
f 4885//2280 3472//2280 3480//2280
f 4885//2280 3480//2280 4886//2280
f 4886//2281 3480//2281 3485//2281
f 4886//2281 3485//2281 4887//2281
f 3625//2282 4641//2282 4888//2282
f 3625//2282 4888//2282 3620//2282
f 3620//2283 4888//2283 4889//2283
f 3620//2283 4889//2283 3612//2283
f 3612//2284 4889//2284 4890//2284
f 3612//2284 4890//2284 3599//2284
f 3599//2285 4890//2285 4891//2285
f 3599//2285 4891//2285 3597//2285
f 3597//2286 4891//2286 4892//2286
f 3597//2286 4892//2286 3593//2286
f 3593//2287 4892//2287 4893//2287
f 3593//2287 4893//2287 3591//2287
f 3591//2288 4893//2288 4894//2288
f 3591//2288 4894//2288 3586//2288
f 3586//2289 4894//2289 4895//2289
f 3586//2289 4895//2289 3582//2289
f 3582//2290 4895//2290 4896//2290
f 3582//2290 4896//2290 3578//2290
f 3578//2291 4896//2291 4897//2291
f 3578//2291 4897//2291 3576//2291
f 3576//2292 4897//2292 4898//2292
f 3576//2292 4898//2292 3573//2292
f 3573//2293 4898//2293 4899//2293
f 3573//2293 4899//2293 3562//2293
f 3562//2294 4899//2294 4900//2294
f 3562//2294 4900//2294 3551//2294
f 3551//2295 4900//2295 4901//2295
f 3551//2295 4901//2295 3548//2295
f 3548//2296 4901//2296 4902//2296
f 3548//2296 4902//2296 3546//2296
f 3546//2297 4902//2297 4903//2297
f 3546//2297 4903//2297 3542//2297
f 3542//2298 4903//2298 4904//2298
f 3542//2298 4904//2298 3538//2298
f 3538//2299 4904//2299 4905//2299
f 3538//2299 4905//2299 3533//2299
f 3533//2300 4905//2300 4906//2300
f 3533//2300 4906//2300 3531//2300
f 3531//2301 4906//2301 4907//2301
f 3531//2301 4907//2301 3527//2301
f 3527//2302 4907//2302 4908//2302
f 3527//2302 4908//2302 3525//2302
f 3525//2303 4908//2303 4909//2303
f 3525//2303 4909//2303 3507//2303
f 3507//2304 4909//2304 4910//2304
f 3507//2304 4910//2304 3504//2304
f 3504//2305 4910//2305 4911//2305
f 3504//2305 4911//2305 3499//2305
f 3499//2306 4911//2306 4912//2306
f 3499//2306 4912//2306 3491//2306
f 3491//265 4912//265 4862//265
f 3491//265 4862//265 3085//265
f 4887//263 3485//263 3084//263
f 4887//263 3084//263 4739//263
f 4698//265 3205//265 3000//265
f 4698//265 3000//265 4821//265
f 3211//263 4673//263 4780//263
f 3211//263 4780//263 3001//263
f 2503//2307 2504//2307 4641//2307
f 2503//2307 4641//2307 4645//2307
f 4645//2307 4641//2307 4642//2307
f 4645//2307 4642//2307 4646//2307
f 4646//2307 4642//2307 4913//2307
f 4646//2307 4913//2307 4914//2307
f 2505//2307 2506//2307 4888//2307
f 2505//2307 4888//2307 4641//2307
f 2506//2307 2507//2307 4891//2307
f 2506//2307 4891//2307 4890//2307
f 2507//2307 2508//2307 4893//2307
f 2507//2307 4893//2307 4892//2307
f 2508//2307 2509//2307 4895//2307
f 2508//2307 4895//2307 4894//2307
f 2509//2307 2510//2307 4897//2307
f 2509//2307 4897//2307 4896//2307
f 2510//2307 2511//2307 4899//2307
f 2510//2307 4899//2307 4898//2307
f 2511//2307 2512//2307 4901//2307
f 2511//2307 4901//2307 4900//2307
f 2512//2307 2513//2307 4903//2307
f 2512//2307 4903//2307 4902//2307
f 2513//2307 2514//2307 4906//2307
f 2513//2307 4906//2307 4905//2307
f 2514//2307 2515//2307 4908//2307
f 2514//2307 4908//2307 4907//2307
f 2515//2307 2516//2307 4910//2307
f 2515//2307 4910//2307 4909//2307
f 2516//2307 2517//2307 4912//2307
f 2516//2307 4912//2307 4911//2307
f 2517//2307 2518//2307 4887//2307
f 2517//2307 4887//2307 4912//2307
f 4912//2307 4887//2307 4739//2307
f 4912//2307 4739//2307 4862//2307
f 4862//2307 4739//2307 4915//2307
f 4862//2307 4915//2307 4916//2307
f 2518//2307 2519//2307 4886//2307
f 2518//2307 4886//2307 4887//2307
f 2519//2307 2520//2307 4885//2307
f 2519//2307 4885//2307 4886//2307
f 2520//2307 2521//2307 4883//2307
f 2520//2307 4883//2307 4884//2307
f 2521//2307 2522//2307 4881//2307
f 2521//2307 4881//2307 4882//2307
f 2522//2307 2523//2307 4879//2307
f 2522//2307 4879//2307 4880//2307
f 2523//2307 2524//2307 4876//2307
f 2523//2307 4876//2307 4877//2307
f 2524//2307 2525//2307 4874//2307
f 2524//2307 4874//2307 4875//2307
f 2525//2307 2526//2307 4872//2307
f 2525//2307 4872//2307 4873//2307
f 2526//2307 2527//2307 4870//2307
f 2526//2307 4870//2307 4871//2307
f 2527//2307 2528//2307 4868//2307
f 2527//2307 4868//2307 4869//2307
f 2528//2307 2529//2307 4866//2307
f 2528//2307 4866//2307 4867//2307
f 2529//2307 2530//2307 4864//2307
f 2529//2307 4864//2307 4865//2307
f 2530//2307 2531//2307 4643//2307
f 2530//2307 4643//2307 4863//2307
f 2531//2307 2532//2307 4647//2307
f 2531//2307 4647//2307 4643//2307
f 4643//2307 4647//2307 4648//2307
f 4643//2307 4648//2307 4644//2307
f 4644//2307 4648//2307 4917//2307
f 4644//2307 4917//2307 4918//2307
f 2532//2307 2533//2307 4649//2307
f 2532//2307 4649//2307 4647//2307
f 2533//2307 2534//2307 4651//2307
f 2533//2307 4651//2307 4650//2307
f 2534//2307 2535//2307 4653//2307
f 2534//2307 4653//2307 4652//2307
f 2535//2307 2536//2307 4655//2307
f 2535//2307 4655//2307 4654//2307
f 2536//2307 2537//2307 4657//2307
f 2536//2307 4657//2307 4656//2307
f 2537//2307 2538//2307 4659//2307
f 2537//2307 4659//2307 4658//2307
f 2538//2307 2539//2307 4661//2307
f 2538//2307 4661//2307 4660//2307
f 2539//2307 2540//2307 4663//2307
f 2539//2307 4663//2307 4662//2307
f 2540//2307 2541//2307 4666//2307
f 2540//2307 4666//2307 4665//2307
f 2541//2307 2542//2307 4668//2307
f 2541//2307 4668//2307 4667//2307
f 2542//2307 2543//2307 4670//2307
f 2542//2307 4670//2307 4669//2307
f 2543//2307 2544//2307 4672//2307
f 2543//2307 4672//2307 4671//2307
f 2544//2307 2491//2307 4673//2307
f 2544//2307 4673//2307 4672//2307
f 2491//2307 2490//2307 4698//2307
f 2491//2307 4698//2307 4673//2307
f 4673//2307 4698//2307 4821//2307
f 4673//2307 4821//2307 4780//2307
f 4780//2307 4821//2307 4919//2307
f 4780//2307 4919//2307 4920//2307
f 2490//2307 2492//2307 4697//2307
f 2490//2307 4697//2307 4698//2307
f 2492//2307 2493//2307 4695//2307
f 2492//2307 4695//2307 4696//2307
f 2493//2307 2494//2307 4693//2307
f 2493//2307 4693//2307 4694//2307
f 2494//2307 2495//2307 4691//2307
f 2494//2307 4691//2307 4692//2307
f 2495//2307 2496//2307 4688//2307
f 2495//2307 4688//2307 4689//2307
f 2496//2307 2497//2307 4686//2307
f 2496//2307 4686//2307 4687//2307
f 2497//2307 2498//2307 4684//2307
f 2497//2307 4684//2307 4685//2307
f 2498//2307 2499//2307 4682//2307
f 2498//2307 4682//2307 4683//2307
f 2499//2307 2500//2307 4680//2307
f 2499//2307 4680//2307 4681//2307
f 2500//2307 2501//2307 4678//2307
f 2500//2307 4678//2307 4679//2307
f 2501//2307 2502//2307 4676//2307
f 2501//2307 4676//2307 4677//2307
f 2502//2307 2503//2307 4645//2307
f 2502//2307 4645//2307 4674//2307
f 4863//2307 4864//2307 2530//2307
f 4865//2307 4866//2307 2529//2307
f 4867//2307 4868//2307 2528//2307
f 4869//2307 4870//2307 2527//2307
f 4871//2307 4872//2307 2526//2307
f 4873//2307 4874//2307 2525//2307
f 4875//2307 4876//2307 2524//2307
f 4877//2307 4878//2307 2523//2307
f 2523//2307 4878//2307 4879//2307
f 4880//2307 4881//2307 2522//2307
f 4882//2307 4883//2307 2521//2307
f 4884//2307 4885//2307 2520//2307
f 4739//2307 4738//2307 4921//2307
f 4739//2307 4921//2307 4922//2307
f 4738//2307 4737//2307 4923//2307
f 4738//2307 4923//2307 4924//2307
f 4737//2307 4736//2307 4925//2307
f 4737//2307 4925//2307 4926//2307
f 4736//2307 4735//2307 4927//2307
f 4736//2307 4927//2307 4928//2307
f 4735//2307 4734//2307 4929//2307
f 4735//2307 4929//2307 4930//2307
f 4734//2307 4733//2307 4931//2307
f 4734//2307 4931//2307 4932//2307
f 4733//2307 4732//2307 4933//2307
f 4733//2307 4933//2307 4931//2307
f 4732//2307 4731//2307 4934//2307
f 4732//2307 4934//2307 4935//2307
f 4731//2307 4730//2307 4936//2307
f 4731//2307 4936//2307 4937//2307
f 4730//2307 4729//2307 4938//2307
f 4730//2307 4938//2307 4936//2307
f 4729//2307 4728//2307 4939//2307
f 4729//2307 4939//2307 4940//2307
f 4728//2307 4727//2307 4941//2307
f 4728//2307 4941//2307 4942//2307
f 4727//2307 4726//2307 4943//2307
f 4727//2307 4943//2307 4944//2307
f 4726//2307 4725//2307 4945//2307
f 4726//2307 4945//2307 4943//2307
f 4725//2307 4724//2307 4946//2307
f 4725//2307 4946//2307 4947//2307
f 4724//2307 4723//2307 4948//2307
f 4724//2307 4948//2307 4946//2307
f 4723//2307 4722//2307 4949//2307
f 4723//2307 4949//2307 4950//2307
f 4722//2307 4721//2307 4951//2307
f 4722//2307 4951//2307 4949//2307
f 4721//2307 4720//2307 4952//2307
f 4721//2307 4952//2307 4953//2307
f 4720//2307 4719//2307 4954//2307
f 4720//2307 4954//2307 4952//2307
f 4719//2307 4718//2307 4955//2307
f 4719//2307 4955//2307 4956//2307
f 4718//2307 4717//2307 4957//2307
f 4718//2307 4957//2307 4958//2307
f 4717//2307 4716//2307 4959//2307
f 4717//2307 4959//2307 4957//2307
f 4716//2307 4715//2307 4960//2307
f 4716//2307 4960//2307 4961//2307
f 4715//2307 4714//2307 4962//2307
f 4715//2307 4962//2307 4960//2307
f 4714//2307 4713//2307 4963//2307
f 4714//2307 4963//2307 4964//2307
f 4713//2307 4712//2307 4965//2307
f 4713//2307 4965//2307 4963//2307
f 4712//2307 4711//2307 4966//2307
f 4712//2307 4966//2307 4967//2307
f 4711//2307 4710//2307 4968//2307
f 4711//2307 4968//2307 4966//2307
f 4710//2307 4709//2307 4969//2307
f 4710//2307 4969//2307 4970//2307
f 4709//2307 4708//2307 4971//2307
f 4709//2307 4971//2307 4972//2307
f 4708//2307 4707//2307 4973//2307
f 4708//2307 4973//2307 4974//2307
f 4707//2307 4706//2307 4975//2307
f 4707//2307 4975//2307 4973//2307
f 4706//2307 4705//2307 4976//2307
f 4706//2307 4976//2307 4977//2307
f 4705//2307 4704//2307 4978//2307
f 4705//2307 4978//2307 4979//2307
f 4704//2307 4703//2307 4980//2307
f 4704//2307 4980//2307 4978//2307
f 4703//2307 4702//2307 4981//2307
f 4703//2307 4981//2307 4982//2307
f 4702//2307 4701//2307 4983//2307
f 4702//2307 4983//2307 4984//2307
f 4701//2307 4700//2307 4985//2307
f 4701//2307 4985//2307 4986//2307
f 4700//2307 4699//2307 4987//2307
f 4700//2307 4987//2307 4988//2307
f 4699//2307 4644//2307 4989//2307
f 4699//2307 4989//2307 4990//2307
f 4674//2307 4675//2307 2502//2307
f 2502//2307 4675//2307 4676//2307
f 4677//2307 4678//2307 2501//2307
f 4679//2307 4680//2307 2500//2307
f 4681//2307 4682//2307 2499//2307
f 4683//2307 4684//2307 2498//2307
f 4685//2307 4686//2307 2497//2307
f 4687//2307 4688//2307 2496//2307
f 4689//2307 4690//2307 2495//2307
f 2495//2307 4690//2307 4691//2307
f 4692//2307 4693//2307 2494//2307
f 4694//2307 4695//2307 2493//2307
f 4696//2307 4697//2307 2492//2307
f 4821//2307 4820//2307 4991//2307
f 4821//2307 4991//2307 4992//2307
f 4820//2307 4819//2307 4993//2307
f 4820//2307 4993//2307 4994//2307
f 4819//2307 4818//2307 4995//2307
f 4819//2307 4995//2307 4996//2307
f 4818//2307 4817//2307 4997//2307
f 4818//2307 4997//2307 4998//2307
f 4817//2307 4816//2307 4999//2307
f 4817//2307 4999//2307 5000//2307
f 4816//2307 4815//2307 5001//2307
f 4816//2307 5001//2307 5002//2307
f 4815//2307 4814//2307 5003//2307
f 4815//2307 5003//2307 5001//2307
f 4814//2307 4813//2307 5004//2307
f 4814//2307 5004//2307 5005//2307
f 4813//2307 4812//2307 5006//2307
f 4813//2307 5006//2307 5007//2307
f 4812//2307 4811//2307 5008//2307
f 4812//2307 5008//2307 5006//2307
f 4811//2307 4810//2307 5009//2307
f 4811//2307 5009//2307 5010//2307
f 4810//2307 4809//2307 5011//2307
f 4810//2307 5011//2307 5012//2307
f 4809//2307 4808//2307 5013//2307
f 4809//2307 5013//2307 5014//2307
f 4808//2307 4807//2307 5015//2307
f 4808//2307 5015//2307 5013//2307
f 4807//2307 4806//2307 5016//2307
f 4807//2307 5016//2307 5017//2307
f 4806//2307 4805//2307 5018//2307
f 4806//2307 5018//2307 5016//2307
f 4805//2307 4804//2307 5019//2307
f 4805//2307 5019//2307 5020//2307
f 4804//2307 4803//2307 5021//2307
f 4804//2307 5021//2307 5019//2307
f 4803//2307 4802//2307 5022//2307
f 4803//2307 5022//2307 5023//2307
f 4802//2307 4801//2307 5024//2307
f 4802//2307 5024//2307 5022//2307
f 4801//2307 4800//2307 5025//2307
f 4801//2307 5025//2307 5026//2307
f 4800//2307 4799//2307 5027//2307
f 4800//2307 5027//2307 5028//2307
f 4799//2307 4798//2307 5029//2307
f 4799//2307 5029//2307 5027//2307
f 4798//2307 4797//2307 5030//2307
f 4798//2307 5030//2307 5031//2307
f 4797//2307 4796//2307 5032//2307
f 4797//2307 5032//2307 5030//2307
f 4796//2307 4795//2307 5033//2307
f 4796//2307 5033//2307 5034//2307
f 4795//2307 4794//2307 5035//2307
f 4795//2307 5035//2307 5033//2307
f 4794//2307 4793//2307 5036//2307
f 4794//2307 5036//2307 5037//2307
f 4793//2307 4792//2307 5038//2307
f 4793//2307 5038//2307 5036//2307
f 4792//2307 4791//2307 5039//2307
f 4792//2307 5039//2307 5040//2307
f 4791//2307 4790//2307 5041//2307
f 4791//2307 5041//2307 5042//2307
f 4790//2307 4789//2307 5043//2307
f 4790//2307 5043//2307 5044//2307
f 4789//2307 4788//2307 5045//2307
f 4789//2307 5045//2307 5043//2307
f 4788//2307 4787//2307 5046//2307
f 4788//2307 5046//2307 5047//2307
f 4787//2307 4786//2307 5048//2307
f 4787//2307 5048//2307 5049//2307
f 4786//2307 4785//2307 5050//2307
f 4786//2307 5050//2307 5048//2307
f 4785//2307 4784//2307 5051//2307
f 4785//2307 5051//2307 5052//2307
f 4784//2307 4783//2307 5053//2307
f 4784//2307 5053//2307 5054//2307
f 4783//2307 4782//2307 5055//2307
f 4783//2307 5055//2307 5056//2307
f 4782//2307 4781//2307 5057//2307
f 4782//2307 5057//2307 5058//2307
f 4781//2307 4646//2307 5059//2307
f 4781//2307 5059//2307 5060//2307
f 4648//2307 4740//2307 5061//2307
f 4648//2307 5061//2307 5062//2307
f 4740//2307 4741//2307 5063//2307
f 4740//2307 5063//2307 5064//2307
f 4741//2307 4742//2307 5065//2307
f 4741//2307 5065//2307 5066//2307
f 4742//2307 4743//2307 5067//2307
f 4742//2307 5067//2307 5068//2307
f 4743//2307 4744//2307 5069//2307
f 4743//2307 5069//2307 5070//2307
f 4744//2307 4745//2307 5071//2307
f 4744//2307 5071//2307 5072//2307
f 4745//2307 4746//2307 5073//2307
f 4745//2307 5073//2307 5071//2307
f 4746//2307 4747//2307 5074//2307
f 4746//2307 5074//2307 5075//2307
f 4747//2307 4748//2307 5076//2307
f 4747//2307 5076//2307 5077//2307
f 4748//2307 4749//2307 5078//2307
f 4748//2307 5078//2307 5076//2307
f 4749//2307 4750//2307 5079//2307
f 4749//2307 5079//2307 5080//2307
f 4750//2307 4751//2307 5081//2307
f 4750//2307 5081//2307 5082//2307
f 4751//2307 4752//2307 5083//2307
f 4751//2307 5083//2307 5084//2307
f 4752//2307 4753//2307 5085//2307
f 4752//2307 5085//2307 5083//2307
f 4753//2307 4754//2307 5086//2307
f 4753//2307 5086//2307 5087//2307
f 4754//2307 4755//2307 5088//2307
f 4754//2307 5088//2307 5086//2307
f 4755//2307 4756//2307 5089//2307
f 4755//2307 5089//2307 5090//2307
f 4756//2307 4757//2307 5091//2307
f 4756//2307 5091//2307 5089//2307
f 4757//2307 4758//2307 5092//2307
f 4757//2307 5092//2307 5093//2307
f 4758//2307 4759//2307 5094//2307
f 4758//2307 5094//2307 5092//2307
f 4759//2307 4760//2307 5095//2307
f 4759//2307 5095//2307 5096//2307
f 4760//2307 4761//2307 5097//2307
f 4760//2307 5097//2307 5098//2307
f 4761//2307 4762//2307 5099//2307
f 4761//2307 5099//2307 5097//2307
f 4762//2307 4763//2307 5100//2307
f 4762//2307 5100//2307 5101//2307
f 4763//2307 4764//2307 5102//2307
f 4763//2307 5102//2307 5100//2307
f 4764//2307 4765//2307 5103//2307
f 4764//2307 5103//2307 5104//2307
f 4765//2307 4766//2307 5105//2307
f 4765//2307 5105//2307 5103//2307
f 4766//2307 4767//2307 5106//2307
f 4766//2307 5106//2307 5107//2307
f 4767//2307 4768//2307 5108//2307
f 4767//2307 5108//2307 5106//2307
f 4768//2307 4769//2307 5109//2307
f 4768//2307 5109//2307 5110//2307
f 4769//2307 4770//2307 5111//2307
f 4769//2307 5111//2307 5112//2307
f 4770//2307 4771//2307 5113//2307
f 4770//2307 5113//2307 5114//2307
f 4771//2307 4772//2307 5115//2307
f 4771//2307 5115//2307 5113//2307
f 4772//2307 4773//2307 5116//2307
f 4772//2307 5116//2307 5117//2307
f 4773//2307 4774//2307 5118//2307
f 4773//2307 5118//2307 5119//2307
f 4774//2307 4775//2307 5120//2307
f 4774//2307 5120//2307 5118//2307
f 4775//2307 4776//2307 5121//2307
f 4775//2307 5121//2307 5122//2307
f 4776//2307 4777//2307 5123//2307
f 4776//2307 5123//2307 5124//2307
f 4777//2307 4778//2307 5125//2307
f 4777//2307 5125//2307 5126//2307
f 4778//2307 4779//2307 5127//2307
f 4778//2307 5127//2307 5128//2307
f 4779//2307 4780//2307 5129//2307
f 4779//2307 5129//2307 5130//2307
f 4671//2307 4670//2307 2543//2307
f 4669//2307 4668//2307 2542//2307
f 4667//2307 4666//2307 2541//2307
f 4665//2307 4664//2307 2540//2307
f 2540//2307 4664//2307 4663//2307
f 4662//2307 4661//2307 2539//2307
f 4660//2307 4659//2307 2538//2307
f 4658//2307 4657//2307 2537//2307
f 4656//2307 4655//2307 2536//2307
f 4654//2307 4653//2307 2535//2307
f 4652//2307 4651//2307 2534//2307
f 4650//2307 4649//2307 2533//2307
f 4642//2307 4822//2307 5131//2307
f 4642//2307 5131//2307 5132//2307
f 4822//2307 4823//2307 5133//2307
f 4822//2307 5133//2307 5134//2307
f 4823//2307 4824//2307 5135//2307
f 4823//2307 5135//2307 5136//2307
f 4824//2307 4825//2307 5137//2307
f 4824//2307 5137//2307 5138//2307
f 4825//2307 4826//2307 5139//2307
f 4825//2307 5139//2307 5140//2307
f 4826//2307 4827//2307 5141//2307
f 4826//2307 5141//2307 5142//2307
f 4827//2307 4828//2307 5143//2307
f 4827//2307 5143//2307 5141//2307
f 4828//2307 4829//2307 5144//2307
f 4828//2307 5144//2307 5145//2307
f 4829//2307 4830//2307 5146//2307
f 4829//2307 5146//2307 5147//2307
f 4830//2307 4831//2307 5148//2307
f 4830//2307 5148//2307 5146//2307
f 4831//2307 4832//2307 5149//2307
f 4831//2307 5149//2307 5150//2307
f 4832//2307 4833//2307 5151//2307
f 4832//2307 5151//2307 5152//2307
f 4833//2307 4834//2307 5153//2307
f 4833//2307 5153//2307 5154//2307
f 4834//2307 4835//2307 5155//2307
f 4834//2307 5155//2307 5153//2307
f 4835//2307 4836//2307 5156//2307
f 4835//2307 5156//2307 5157//2307
f 4836//2307 4837//2307 5158//2307
f 4836//2307 5158//2307 5156//2307
f 4837//2307 4838//2307 5159//2307
f 4837//2307 5159//2307 5160//2307
f 4838//2307 4839//2307 5161//2307
f 4838//2307 5161//2307 5159//2307
f 4839//2307 4840//2307 5162//2307
f 4839//2307 5162//2307 5163//2307
f 4840//2307 4841//2307 5164//2307
f 4840//2307 5164//2307 5162//2307
f 4841//2307 4842//2307 5165//2307
f 4841//2307 5165//2307 5166//2307
f 4842//2307 4843//2307 5167//2307
f 4842//2307 5167//2307 5168//2307
f 4843//2307 4844//2307 5169//2307
f 4843//2307 5169//2307 5167//2307
f 4844//2307 4845//2307 5170//2307
f 4844//2307 5170//2307 5171//2307
f 4845//2307 4846//2307 5172//2307
f 4845//2307 5172//2307 5170//2307
f 4846//2307 4847//2307 5173//2307
f 4846//2307 5173//2307 5174//2307
f 4847//2307 4848//2307 5175//2307
f 4847//2307 5175//2307 5173//2307
f 4848//2307 4849//2307 5176//2307
f 4848//2307 5176//2307 5177//2307
f 4849//2307 4850//2307 5178//2307
f 4849//2307 5178//2307 5176//2307
f 4850//2307 4851//2307 5179//2307
f 4850//2307 5179//2307 5180//2307
f 4851//2307 4852//2307 5181//2307
f 4851//2307 5181//2307 5182//2307
f 4852//2307 4853//2307 5183//2307
f 4852//2307 5183//2307 5184//2307
f 4853//2307 4854//2307 5185//2307
f 4853//2307 5185//2307 5183//2307
f 4854//2307 4855//2307 5186//2307
f 4854//2307 5186//2307 5187//2307
f 4855//2307 4856//2307 5188//2307
f 4855//2307 5188//2307 5189//2307
f 4856//2307 4857//2307 5190//2307
f 4856//2307 5190//2307 5188//2307
f 4857//2307 4858//2307 5191//2307
f 4857//2307 5191//2307 5192//2307
f 4858//2307 4859//2307 5193//2307
f 4858//2307 5193//2307 5194//2307
f 4859//2307 4860//2307 5195//2307
f 4859//2307 5195//2307 5196//2307
f 4860//2307 4861//2307 5197//2307
f 4860//2307 5197//2307 5198//2307
f 4861//2307 4862//2307 5199//2307
f 4861//2307 5199//2307 5200//2307
f 4911//2307 4910//2307 2516//2307
f 4909//2307 4908//2307 2515//2307
f 4907//2307 4906//2307 2514//2307
f 4905//2307 4904//2307 2513//2307
f 2513//2307 4904//2307 4903//2307
f 4902//2307 4901//2307 2512//2307
f 4900//2307 4899//2307 2511//2307
f 4898//2307 4897//2307 2510//2307
f 4896//2307 4895//2307 2509//2307
f 4894//2307 4893//2307 2508//2307
f 4892//2307 4891//2307 2507//2307
f 4890//2307 4889//2307 2506//2307
f 2506//2307 4889//2307 4888//2307
f 5060//2307 5057//2307 4781//2307
f 5058//2307 5055//2307 4782//2307
f 5056//2307 5201//2307 4783//2307
f 4783//2307 5201//2307 5202//2307
f 4783//2307 5202//2307 5203//2307
f 4783//2307 5203//2307 5204//2307
f 5202//2307 5205//2307 5206//2307
f 5202//2307 5206//2307 5203//2307
f 5205//2307 5207//2307 5208//2307
f 5205//2307 5208//2307 5206//2307
f 5207//2307 5209//2307 5210//2307
f 5207//2307 5210//2307 5208//2307
f 5209//2307 5211//2307 5212//2307
f 5209//2307 5212//2307 5213//2307
f 5213//2307 5212//2307 5214//2307
f 5214//2307 5212//2307 5215//2307
f 5214//2307 5215//2307 5216//2307
f 5216//2307 5215//2307 5217//2307
f 5216//2307 5217//2307 5218//2307
f 5218//2307 5217//2307 5219//2307
f 5219//2307 5217//2307 5220//2307
f 5219//2307 5220//2307 5221//2307
f 5221//2307 5220//2307 5222//2307
f 5221//2307 5222//2307 5223//2307
f 5211//2307 5224//2307 5212//2307
f 5212//2307 5224//2307 5225//2307
f 5226//2307 5227//2307 5213//2307
f 5213//2307 5227//2307 5228//2307
f 5213//2307 5228//2307 5210//2307
f 5213//2307 5210//2307 5209//2307
f 5204//2307 5053//2307 4783//2307
f 5054//2307 5051//2307 4784//2307
f 5052//2307 5050//2307 4785//2307
f 5049//2307 5229//2307 4787//2307
f 4787//2307 5229//2307 5230//2307
f 4787//2307 5230//2307 5231//2307
f 4787//2307 5231//2307 5232//2307
f 4787//2307 5232//2307 5046//2307
f 5231//2307 5233//2307 5234//2307
f 5231//2307 5234//2307 5232//2307
f 5233//2307 5235//2307 5236//2307
f 5233//2307 5236//2307 5234//2307
f 5235//2307 5237//2307 5238//2307
f 5235//2307 5238//2307 5236//2307
f 5237//2307 5239//2307 5240//2307
f 5237//2307 5240//2307 5241//2307
f 5241//2307 5240//2307 5242//2307
f 5242//2307 5240//2307 5243//2307
f 5242//2307 5243//2307 5244//2307
f 5244//2307 5243//2307 5245//2307
f 5245//2307 5243//2307 5246//2307
f 5246//2307 5243//2307 5247//2307
f 5247//2307 5243//2307 5248//2307
f 5247//2307 5248//2307 5249//2307
f 5249//2307 5248//2307 5250//2307
f 5249//2307 5250//2307 5251//2307
f 5239//2307 5252//2307 5240//2307
f 5240//2307 5252//2307 5253//2307
f 5254//2307 5255//2307 5241//2307
f 5241//2307 5255//2307 5256//2307
f 5241//2307 5256//2307 5238//2307
f 5241//2307 5238//2307 5237//2307
f 5047//2307 5045//2307 4788//2307
f 5044//2307 5041//2307 4790//2307
f 5042//2307 5257//2307 4791//2307
f 4791//2307 5257//2307 5039//2307
f 5040//2307 5258//2307 5259//2307
f 5040//2307 5259//2307 5260//2307
f 5040//2307 5260//2307 4792//2307
f 4792//2307 5260//2307 5261//2307
f 5258//2307 5262//2307 5263//2307
f 5258//2307 5263//2307 5259//2307
f 5262//2307 5264//2307 5265//2307
f 5262//2307 5265//2307 5263//2307
f 5264//2307 5266//2307 5267//2307
f 5264//2307 5267//2307 5265//2307
f 5266//2307 5268//2307 5269//2307
f 5266//2307 5269//2307 5270//2307
f 5270//2307 5269//2307 5271//2307
f 5271//2307 5269//2307 5272//2307
f 5271//2307 5272//2307 5273//2307
f 5273//2307 5272//2307 5274//2307
f 5274//2307 5272//2307 5275//2307
f 5275//2307 5272//2307 5276//2307
f 5276//2307 5272//2307 5277//2307
f 5277//2307 5272//2307 5278//2307
f 5278//2307 5272//2307 5279//2307
f 5278//2307 5279//2307 5280//2307
f 5268//2307 5281//2307 5269//2307
f 5269//2307 5281//2307 5282//2307
f 5283//2307 5284//2307 5270//2307
f 5270//2307 5284//2307 5285//2307
f 5270//2307 5285//2307 5267//2307
f 5270//2307 5267//2307 5266//2307
f 5261//2307 5038//2307 4792//2307
f 5037//2307 5035//2307 4794//2307
f 5034//2307 5286//2307 4796//2307
f 4796//2307 5286//2307 5287//2307
f 4796//2307 5287//2307 5288//2307
f 4796//2307 5288//2307 5289//2307
f 4796//2307 5289//2307 5290//2307
f 5288//2307 5291//2307 5292//2307
f 5288//2307 5292//2307 5289//2307
f 5291//2307 5293//2307 5294//2307
f 5291//2307 5294//2307 5292//2307
f 5293//2307 5295//2307 5296//2307
f 5293//2307 5296//2307 5294//2307
f 5295//2307 5297//2307 5298//2307
f 5295//2307 5298//2307 5299//2307
f 5299//2307 5298//2307 5300//2307
f 5300//2307 5298//2307 5301//2307
f 5300//2307 5301//2307 5302//2307
f 5302//2307 5301//2307 5303//2307
f 5303//2307 5301//2307 5304//2307
f 5304//2307 5301//2307 5305//2307
f 5305//2307 5301//2307 5306//2307
f 5306//2307 5301//2307 5307//2307
f 5307//2307 5301//2307 5308//2307
f 5308//2307 5301//2307 5309//2307
f 5297//2307 5310//2307 5298//2307
f 5298//2307 5310//2307 5311//2307
f 5312//2307 5313//2307 5299//2307
f 5299//2307 5313//2307 5314//2307
f 5299//2307 5314//2307 5296//2307
f 5299//2307 5296//2307 5295//2307
f 5290//2307 5032//2307 4796//2307
f 5031//2307 5315//2307 4798//2307
f 4798//2307 5315//2307 5029//2307
f 5028//2307 5316//2307 4800//2307
f 4800//2307 5316//2307 5317//2307
f 4800//2307 5317//2307 5318//2307
f 4800//2307 5318//2307 5025//2307
f 5025//2307 5318//2307 5319//2307
f 5025//2307 5319//2307 5320//2307
f 5320//2307 5319//2307 5321//2307
f 5320//2307 5321//2307 5322//2307
f 5322//2307 5321//2307 5323//2307
f 5322//2307 5323//2307 5324//2307
f 5324//2307 5323//2307 5325//2307
f 5324//2307 5325//2307 5326//2307
f 5326//2307 5325//2307 5327//2307
f 5327//2307 5325//2307 5328//2307
f 5323//2307 5329//2307 5330//2307
f 5323//2307 5330//2307 5325//2307
f 5325//2307 5330//2307 5331//2307
f 5331//2307 5330//2307 5332//2307
f 5331//2307 5332//2307 5333//2307
f 5333//2307 5332//2307 5334//2307
f 5334//2307 5332//2307 5335//2307
f 5335//2307 5332//2307 5336//2307
f 5336//2307 5332//2307 5337//2307
f 5337//2307 5332//2307 5338//2307
f 5338//2307 5332//2307 5339//2307
f 5339//2307 5332//2307 5340//2307
f 5329//2307 5341//2307 5330//2307
f 5330//2307 5341//2307 5342//2307
f 5026//2307 5343//2307 4801//2307
f 4801//2307 5343//2307 5024//2307
f 5023//2307 5344//2307 4803//2307
f 4803//2307 5344//2307 5021//2307
f 5020//2307 5345//2307 4805//2307
f 4805//2307 5345//2307 5346//2307
f 4805//2307 5346//2307 5347//2307
f 4805//2307 5347//2307 5348//2307
f 5346//2307 5349//2307 5350//2307
f 5346//2307 5350//2307 5347//2307
f 5349//2307 5351//2307 5352//2307
f 5349//2307 5352//2307 5350//2307
f 5351//2307 5353//2307 5354//2307
f 5351//2307 5354//2307 5352//2307
f 5353//2307 5355//2307 5356//2307
f 5353//2307 5356//2307 5357//2307
f 5357//2307 5356//2307 5358//2307
f 5358//2307 5356//2307 5359//2307
f 5358//2307 5359//2307 5360//2307
f 5360//2307 5359//2307 5361//2307
f 5361//2307 5359//2307 5362//2307
f 5362//2307 5359//2307 5363//2307
f 5363//2307 5359//2307 5364//2307
f 5364//2307 5359//2307 5365//2307
f 5365//2307 5359//2307 5366//2307
f 5366//2307 5359//2307 5367//2307
f 5355//2307 5368//2307 5356//2307
f 5356//2307 5368//2307 5369//2307
f 5370//2307 5371//2307 5357//2307
f 5357//2307 5371//2307 5372//2307
f 5357//2307 5372//2307 5354//2307
f 5357//2307 5354//2307 5353//2307
f 5348//2307 5373//2307 4805//2307
f 4805//2307 5373//2307 5018//2307
f 5017//2307 5015//2307 4807//2307
f 5014//2307 5374//2307 4809//2307
f 4809//2307 5374//2307 5375//2307
f 4809//2307 5375//2307 5376//2307
f 4809//2307 5376//2307 5377//2307
f 4809//2307 5377//2307 5011//2307
f 5376//2307 5378//2307 5379//2307
f 5376//2307 5379//2307 5377//2307
f 5378//2307 5380//2307 5381//2307
f 5378//2307 5381//2307 5379//2307
f 5380//2307 5382//2307 5383//2307
f 5380//2307 5383//2307 5381//2307
f 5382//2307 5384//2307 5385//2307
f 5382//2307 5385//2307 5386//2307
f 5386//2307 5385//2307 5387//2307
f 5387//2307 5385//2307 5388//2307
f 5387//2307 5388//2307 5389//2307
f 5389//2307 5388//2307 5390//2307
f 5390//2307 5388//2307 5391//2307
f 5391//2307 5388//2307 5392//2307
f 5392//2307 5388//2307 5393//2307
f 5393//2307 5388//2307 5394//2307
f 5394//2307 5388//2307 5395//2307
f 5395//2307 5388//2307 5396//2307
f 5397//2307 5398//2307 5384//2307
f 5384//2307 5398//2307 5385//2307
f 5399//2307 5400//2307 5386//2307
f 5386//2307 5400//2307 5401//2307
f 5386//2307 5401//2307 5383//2307
f 5386//2307 5383//2307 5382//2307
f 5012//2307 5402//2307 4810//2307
f 4810//2307 5402//2307 5009//2307
f 5010//2307 5008//2307 4811//2307
f 5007//2307 5004//2307 4813//2307
f 5005//2307 5403//2307 5404//2307
f 5005//2307 5404//2307 5405//2307
f 5005//2307 5405//2307 4814//2307
f 4814//2307 5405//2307 5406//2307
f 5403//2307 5407//2307 5408//2307
f 5403//2307 5408//2307 5404//2307
f 5407//2307 5409//2307 5410//2307
f 5407//2307 5410//2307 5408//2307
f 5409//2307 5411//2307 5412//2307
f 5409//2307 5412//2307 5410//2307
f 5413//2307 5414//2307 5411//2307
f 5411//2307 5414//2307 5415//2307
f 5411//2307 5415//2307 5416//2307
f 5411//2307 5416//2307 5417//2307
f 5417//2307 5416//2307 5418//2307
f 5418//2307 5416//2307 5419//2307
f 5418//2307 5419//2307 5420//2307
f 5420//2307 5419//2307 5421//2307
f 5421//2307 5419//2307 5422//2307
f 5422//2307 5419//2307 5423//2307
f 5423//2307 5419//2307 5424//2307
f 5424//2307 5419//2307 5425//2307
f 5425//2307 5419//2307 5426//2307
f 5426//2307 5419//2307 5427//2307
f 5428//2307 5429//2307 5417//2307
f 5417//2307 5429//2307 5430//2307
f 5417//2307 5430//2307 5412//2307
f 5417//2307 5412//2307 5411//2307
f 5406//2307 5003//2307 4814//2307
f 5002//2307 4999//2307 4816//2307
f 5000//2307 4997//2307 4817//2307
f 4998//2307 5431//2307 4818//2307
f 4818//2307 5431//2307 5432//2307
f 4818//2307 5432//2307 5433//2307
f 4818//2307 5433//2307 5434//2307
f 5432//2307 5435//2307 5436//2307
f 5432//2307 5436//2307 5433//2307
f 5435//2307 5437//2307 5438//2307
f 5435//2307 5438//2307 5436//2307
f 5437//2307 5439//2307 5440//2307
f 5437//2307 5440//2307 5438//2307
f 5441//2307 5442//2307 5439//2307
f 5439//2307 5442//2307 5443//2307
f 5439//2307 5443//2307 5444//2307
f 5439//2307 5444//2307 5445//2307
f 5445//2307 5444//2307 5446//2307
f 5446//2307 5444//2307 5447//2307
f 5446//2307 5447//2307 5448//2307
f 5448//2307 5447//2307 5449//2307
f 5449//2307 5447//2307 5450//2307
f 5450//2307 5447//2307 5451//2307
f 5451//2307 5447//2307 5452//2307
f 5452//2307 5447//2307 5453//2307
f 5453//2307 5447//2307 5454//2307
f 5454//2307 5447//2307 5455//2307
f 5456//2307 5457//2307 5445//2307
f 5445//2307 5457//2307 5458//2307
f 5445//2307 5458//2307 5440//2307
f 5445//2307 5440//2307 5439//2307
f 5434//2307 4995//2307 4818//2307
f 4996//2307 4993//2307 4819//2307
f 4994//2307 4991//2307 4820//2307
f 4992//2307 5459//2307 4821//2307
f 4821//2307 5459//2307 5460//2307
f 4821//2307 5460//2307 5461//2307
f 4821//2307 5461//2307 4919//2307
f 4919//2307 5461//2307 5462//2307
f 4919//2307 5462//2307 5463//2307
f 5463//2307 5462//2307 5464//2307
f 5463//2307 5464//2307 5465//2307
f 5465//2307 5464//2307 5466//2307
f 5465//2307 5466//2307 5467//2307
f 5467//2307 5466//2307 5468//2307
f 5467//2307 5468//2307 5469//2307
f 5469//2307 5468//2307 5470//2307
f 5469//2307 5470//2307 5471//2307
f 5471//2307 5470//2307 5472//2307
f 5472//2307 5470//2307 5473//2307
f 5474//2307 5475//2307 5468//2307
f 5468//2307 5475//2307 5476//2307
f 5468//2307 5476//2307 5477//2307
f 5468//2307 5477//2307 5470//2307
f 5470//2307 5477//2307 5478//2307
f 5478//2307 5477//2307 5479//2307
f 5478//2307 5479//2307 5480//2307
f 5480//2307 5479//2307 5481//2307
f 5481//2307 5479//2307 5482//2307
f 5482//2307 5479//2307 5483//2307
f 5483//2307 5479//2307 5484//2307
f 5484//2307 5479//2307 5485//2307
f 5485//2307 5479//2307 5486//2307
f 5486//2307 5479//2307 5487//2307
f 4920//2307 5488//2307 4780//2307
f 4780//2307 5488//2307 5129//2307
f 5130//2307 5127//2307 4779//2307
f 5128//2307 5125//2307 4778//2307
f 5126//2307 5489//2307 4777//2307
f 4777//2307 5489//2307 5490//2307
f 4777//2307 5490//2307 5491//2307
f 4777//2307 5491//2307 5492//2307
f 5490//2307 5493//2307 5494//2307
f 5490//2307 5494//2307 5491//2307
f 5493//2307 5495//2307 5496//2307
f 5493//2307 5496//2307 5494//2307
f 5495//2307 5497//2307 5498//2307
f 5495//2307 5498//2307 5496//2307
f 5499//2307 5500//2307 5497//2307
f 5497//2307 5500//2307 5501//2307
f 5497//2307 5501//2307 5502//2307
f 5502//2307 5503//2307 5504//2307
f 5502//2307 5504//2307 5505//2307
f 5506//2307 5507//2307 5503//2307
f 5503//2307 5507//2307 5508//2307
f 5503//2307 5508//2307 5509//2307
f 5509//2307 5510//2307 5503//2307
f 5503//2307 5510//2307 5511//2307
f 5503//2307 5511//2307 5512//2307
f 5512//2307 5504//2307 5503//2307
f 5505//2307 5513//2307 5497//2307
f 5505//2307 5497//2307 5502//2307
f 5513//2307 5514//2307 5498//2307
f 5513//2307 5498//2307 5497//2307
f 5514//2307 5515//2307 5498//2307
f 5498//2307 5515//2307 5516//2307
f 5492//2307 5123//2307 4777//2307
f 5124//2307 5121//2307 4776//2307
f 5122//2307 5120//2307 4775//2307
f 5119//2307 5517//2307 4773//2307
f 4773//2307 5517//2307 5518//2307
f 4773//2307 5518//2307 5519//2307
f 4773//2307 5519//2307 5520//2307
f 4773//2307 5520//2307 5116//2307
f 5519//2307 5521//2307 5522//2307
f 5519//2307 5522//2307 5520//2307
f 5521//2307 5523//2307 5524//2307
f 5521//2307 5524//2307 5522//2307
f 5523//2307 5525//2307 5526//2307
f 5523//2307 5526//2307 5524//2307
f 5527//2307 5528//2307 5525//2307
f 5525//2307 5528//2307 5529//2307
f 5525//2307 5529//2307 5530//2307
f 5530//2307 5531//2307 5532//2307
f 5530//2307 5532//2307 5533//2307
f 5534//2307 5535//2307 5531//2307
f 5531//2307 5535//2307 5536//2307
f 5531//2307 5536//2307 5537//2307
f 5537//2307 5538//2307 5531//2307
f 5531//2307 5538//2307 5539//2307
f 5531//2307 5539//2307 5540//2307
f 5540//2307 5532//2307 5531//2307
f 5533//2307 5541//2307 5525//2307
f 5533//2307 5525//2307 5530//2307
f 5541//2307 5542//2307 5526//2307
f 5541//2307 5526//2307 5525//2307
f 5542//2307 5543//2307 5526//2307
f 5526//2307 5543//2307 5544//2307
f 5117//2307 5115//2307 4772//2307
f 5114//2307 5111//2307 4770//2307
f 5112//2307 5545//2307 4769//2307
f 4769//2307 5545//2307 5109//2307
f 5110//2307 5546//2307 5547//2307
f 5110//2307 5547//2307 5548//2307
f 5110//2307 5548//2307 4768//2307
f 4768//2307 5548//2307 5549//2307
f 5546//2307 5550//2307 5551//2307
f 5546//2307 5551//2307 5547//2307
f 5550//2307 5552//2307 5553//2307
f 5550//2307 5553//2307 5551//2307
f 5552//2307 5554//2307 5555//2307
f 5552//2307 5555//2307 5553//2307
f 5556//2307 5557//2307 5554//2307
f 5554//2307 5557//2307 5558//2307
f 5554//2307 5558//2307 5559//2307
f 5554//2307 5559//2307 5560//2307
f 5560//2307 5559//2307 5561//2307
f 5560//2307 5561//2307 5562//2307
f 5562//2307 5561//2307 5563//2307
f 5563//2307 5564//2307 5562//2307
f 5562//2307 5564//2307 5565//2307
f 5562//2307 5565//2307 5566//2307
f 5566//2307 5565//2307 5567//2307
f 5567//2307 5565//2307 5568//2307
f 5568//2307 5565//2307 5569//2307
f 5569//2307 5565//2307 5570//2307
f 5554//2307 5560//2307 5571//2307
f 5554//2307 5571//2307 5555//2307
f 5572//2307 5571//2307 5573//2307
f 5573//2307 5571//2307 5560//2307
f 5549//2307 5108//2307 4768//2307
f 5107//2307 5105//2307 4766//2307
f 5104//2307 5574//2307 4764//2307
f 4764//2307 5574//2307 5575//2307
f 4764//2307 5575//2307 5576//2307
f 4764//2307 5576//2307 5577//2307
f 4764//2307 5577//2307 5578//2307
f 5576//2307 5579//2307 5580//2307
f 5576//2307 5580//2307 5577//2307
f 5579//2307 5581//2307 5582//2307
f 5579//2307 5582//2307 5580//2307
f 5581//2307 5583//2307 5584//2307
f 5581//2307 5584//2307 5582//2307
f 5585//2307 5586//2307 5583//2307
f 5583//2307 5586//2307 5587//2307
f 5583//2307 5587//2307 5588//2307
f 5583//2307 5588//2307 5589//2307
f 5589//2307 5588//2307 5590//2307
f 5590//2307 5588//2307 5591//2307
f 5590//2307 5591//2307 5592//2307
f 5592//2307 5591//2307 5593//2307
f 5593//2307 5591//2307 5594//2307
f 5594//2307 5591//2307 5595//2307
f 5595//2307 5591//2307 5596//2307
f 5596//2307 5591//2307 5597//2307
f 5596//2307 5597//2307 5598//2307
f 5598//2307 5599//2307 5596//2307
f 5600//2307 5601//2307 5589//2307
f 5589//2307 5601//2307 5602//2307
f 5589//2307 5602//2307 5584//2307
f 5589//2307 5584//2307 5583//2307
f 5578//2307 5102//2307 4764//2307
f 5101//2307 5603//2307 4762//2307
f 4762//2307 5603//2307 5099//2307
f 5098//2307 5604//2307 4760//2307
f 4760//2307 5604//2307 5605//2307
f 4760//2307 5605//2307 5606//2307
f 4760//2307 5606//2307 5095//2307
f 5095//2307 5606//2307 5607//2307
f 5095//2307 5607//2307 5608//2307
f 5608//2307 5607//2307 5609//2307
f 5608//2307 5609//2307 5610//2307
f 5610//2307 5609//2307 5611//2307
f 5610//2307 5611//2307 5612//2307
f 5612//2307 5611//2307 5613//2307
f 5612//2307 5613//2307 5614//2307
f 5615//2307 5616//2307 5611//2307
f 5611//2307 5616//2307 5617//2307
f 5611//2307 5617//2307 5618//2307
f 5618//2307 5619//2307 5620//2307
f 5618//2307 5620//2307 5621//2307
f 5622//2307 5623//2307 5619//2307
f 5619//2307 5623//2307 5624//2307
f 5619//2307 5624//2307 5625//2307
f 5622//2307 5626//2307 5623//2307
f 5623//2307 5626//2307 5627//2307
f 5625//2307 5628//2307 5619//2307
f 5619//2307 5628//2307 5620//2307
f 5621//2307 5613//2307 5611//2307
f 5621//2307 5611//2307 5618//2307
f 5614//2307 5629//2307 5612//2307
f 5612//2307 5629//2307 5630//2307
f 5096//2307 5631//2307 4759//2307
f 4759//2307 5631//2307 5094//2307
f 5093//2307 5632//2307 4757//2307
f 4757//2307 5632//2307 5091//2307
f 5090//2307 5633//2307 4755//2307
f 4755//2307 5633//2307 5634//2307
f 4755//2307 5634//2307 5635//2307
f 4755//2307 5635//2307 5636//2307
f 5634//2307 5637//2307 5638//2307
f 5634//2307 5638//2307 5635//2307
f 5637//2307 5639//2307 5640//2307
f 5637//2307 5640//2307 5638//2307
f 5639//2307 5641//2307 5642//2307
f 5639//2307 5642//2307 5640//2307
f 5643//2307 5644//2307 5641//2307
f 5641//2307 5644//2307 5645//2307
f 5641//2307 5645//2307 5646//2307
f 5641//2307 5646//2307 5647//2307
f 5641//2307 5647//2307 5648//2307
f 5646//2307 5649//2307 5647//2307
f 5647//2307 5649//2307 5650//2307
f 5647//2307 5650//2307 5651//2307
f 5651//2307 5652//2307 5647//2307
f 5647//2307 5652//2307 5653//2307
f 5647//2307 5653//2307 5654//2307
f 5654//2307 5655//2307 5647//2307
f 5647//2307 5655//2307 5656//2307
f 5647//2307 5656//2307 5657//2307
f 5648//2307 5658//2307 5642//2307
f 5648//2307 5642//2307 5641//2307
f 5658//2307 5659//2307 5642//2307
f 5642//2307 5659//2307 5660//2307
f 5636//2307 5661//2307 4755//2307
f 4755//2307 5661//2307 5088//2307
f 5087//2307 5085//2307 4753//2307
f 5084//2307 5662//2307 4751//2307
f 4751//2307 5662//2307 5663//2307
f 4751//2307 5663//2307 5664//2307
f 4751//2307 5664//2307 5665//2307
f 4751//2307 5665//2307 5081//2307
f 5664//2307 5666//2307 5667//2307
f 5664//2307 5667//2307 5665//2307
f 5666//2307 5668//2307 5669//2307
f 5666//2307 5669//2307 5667//2307
f 5668//2307 5670//2307 5671//2307
f 5668//2307 5671//2307 5669//2307
f 5672//2307 5673//2307 5670//2307
f 5670//2307 5673//2307 5674//2307
f 5670//2307 5674//2307 5675//2307
f 5670//2307 5675//2307 5676//2307
f 5670//2307 5676//2307 5677//2307
f 5675//2307 5678//2307 5676//2307
f 5676//2307 5678//2307 5679//2307
f 5676//2307 5679//2307 5680//2307
f 5680//2307 5681//2307 5676//2307
f 5676//2307 5681//2307 5682//2307
f 5676//2307 5682//2307 5683//2307
f 5683//2307 5684//2307 5676//2307
f 5676//2307 5684//2307 5685//2307
f 5685//2307 5684//2307 5686//2307
f 5677//2307 5687//2307 5671//2307
f 5677//2307 5671//2307 5670//2307
f 5687//2307 5688//2307 5671//2307
f 5671//2307 5688//2307 5689//2307
f 5082//2307 5690//2307 4750//2307
f 4750//2307 5690//2307 5079//2307
f 5080//2307 5078//2307 4749//2307
f 5077//2307 5074//2307 4747//2307
f 5075//2307 5691//2307 5692//2307
f 5075//2307 5692//2307 5693//2307
f 5075//2307 5693//2307 4746//2307
f 4746//2307 5693//2307 5694//2307
f 5691//2307 5695//2307 5696//2307
f 5691//2307 5696//2307 5692//2307
f 5695//2307 5697//2307 5698//2307
f 5695//2307 5698//2307 5696//2307
f 5697//2307 5699//2307 5700//2307
f 5697//2307 5700//2307 5698//2307
f 5701//2307 5702//2307 5699//2307
f 5699//2307 5702//2307 5703//2307
f 5699//2307 5703//2307 5704//2307
f 5699//2307 5704//2307 5705//2307
f 5699//2307 5705//2307 5706//2307
f 5704//2307 5707//2307 5705//2307
f 5705//2307 5707//2307 5708//2307
f 5705//2307 5708//2307 5709//2307
f 5709//2307 5710//2307 5705//2307
f 5705//2307 5710//2307 5711//2307
f 5705//2307 5711//2307 5712//2307
f 5712//2307 5711//2307 5713//2307
f 5712//2307 5713//2307 5714//2307
f 5714//2307 5713//2307 5715//2307
f 5706//2307 5716//2307 5700//2307
f 5706//2307 5700//2307 5699//2307
f 5716//2307 5717//2307 5700//2307
f 5700//2307 5717//2307 5718//2307
f 5694//2307 5073//2307 4746//2307
f 5072//2307 5069//2307 4744//2307
f 5070//2307 5067//2307 4743//2307
f 5068//2307 5719//2307 4742//2307
f 4742//2307 5719//2307 5720//2307
f 4742//2307 5720//2307 5721//2307
f 4742//2307 5721//2307 5722//2307
f 5720//2307 5723//2307 5724//2307
f 5720//2307 5724//2307 5721//2307
f 5723//2307 5725//2307 5726//2307
f 5723//2307 5726//2307 5724//2307
f 5725//2307 5727//2307 5728//2307
f 5725//2307 5728//2307 5726//2307
f 5729//2307 5730//2307 5727//2307
f 5727//2307 5730//2307 5731//2307
f 5727//2307 5731//2307 5732//2307
f 5727//2307 5732//2307 5733//2307
f 5727//2307 5733//2307 5734//2307
f 5732//2307 5735//2307 5733//2307
f 5733//2307 5735//2307 5736//2307
f 5733//2307 5736//2307 5737//2307
f 5733//2307 5737//2307 5738//2307
f 5738//2307 5737//2307 5739//2307
f 5738//2307 5739//2307 5740//2307
f 5740//2307 5739//2307 5741//2307
f 5740//2307 5741//2307 5742//2307
f 5742//2307 5741//2307 5743//2307
f 5734//2307 5744//2307 5728//2307
f 5734//2307 5728//2307 5727//2307
f 5744//2307 5745//2307 5728//2307
f 5728//2307 5745//2307 5746//2307
f 5722//2307 5065//2307 4742//2307
f 5066//2307 5063//2307 4741//2307
f 5064//2307 5061//2307 4740//2307
f 5062//2307 5747//2307 4648//2307
f 4648//2307 5747//2307 5748//2307
f 4648//2307 5748//2307 5749//2307
f 4648//2307 5749//2307 4917//2307
f 4917//2307 5749//2307 5750//2307
f 4917//2307 5750//2307 5751//2307
f 5751//2307 5750//2307 5752//2307
f 5751//2307 5752//2307 5753//2307
f 5753//2307 5752//2307 5754//2307
f 5753//2307 5754//2307 5755//2307
f 5755//2307 5754//2307 5756//2307
f 5755//2307 5756//2307 5757//2307
f 5757//2307 5756//2307 5758//2307
f 5757//2307 5758//2307 5759//2307
f 5760//2307 5761//2307 5756//2307
f 5756//2307 5761//2307 5762//2307
f 5756//2307 5762//2307 5763//2307
f 5763//2307 5764//2307 5765//2307
f 5763//2307 5765//2307 5766//2307
f 5764//2307 5767//2307 5768//2307
f 5764//2307 5768//2307 5765//2307
f 5767//2307 5769//2307 5768//2307
f 5768//2307 5769//2307 5770//2307
f 5770//2307 5769//2307 5771//2307
f 5770//2307 5771//2307 5772//2307
f 5772//2307 5771//2307 5773//2307
f 5766//2307 5758//2307 5756//2307
f 5766//2307 5756//2307 5763//2307
f 5759//2307 5774//2307 5757//2307
f 5757//2307 5774//2307 5775//2307
f 4918//2307 5776//2307 4644//2307
f 4644//2307 5776//2307 4989//2307
f 4990//2307 4987//2307 4699//2307
f 4988//2307 4985//2307 4700//2307
f 4986//2307 5777//2307 4701//2307
f 4701//2307 5777//2307 5778//2307
f 4701//2307 5778//2307 5779//2307
f 4701//2307 5779//2307 5780//2307
f 5778//2307 5781//2307 5782//2307
f 5778//2307 5782//2307 5779//2307
f 5781//2307 5783//2307 5784//2307
f 5781//2307 5784//2307 5782//2307
f 5783//2307 5785//2307 5786//2307
f 5783//2307 5786//2307 5784//2307
f 5787//2307 5788//2307 5785//2307
f 5785//2307 5788//2307 5789//2307
f 5785//2307 5789//2307 5790//2307
f 5790//2307 5791//2307 5792//2307
f 5790//2307 5792//2307 5793//2307
f 5791//2307 5794//2307 5795//2307
f 5791//2307 5795//2307 5792//2307
f 5795//2307 5794//2307 5796//2307
f 5796//2307 5794//2307 5797//2307
f 5796//2307 5797//2307 5798//2307
f 5798//2307 5797//2307 5799//2307
f 5798//2307 5799//2307 5800//2307
f 5793//2307 5801//2307 5785//2307
f 5793//2307 5785//2307 5790//2307
f 5801//2307 5802//2307 5786//2307
f 5801//2307 5786//2307 5785//2307
f 5802//2307 5803//2307 5786//2307
f 5786//2307 5803//2307 5804//2307
f 5780//2307 4983//2307 4701//2307
f 4984//2307 4981//2307 4702//2307
f 4982//2307 4980//2307 4703//2307
f 4979//2307 5805//2307 4705//2307
f 4705//2307 5805//2307 5806//2307
f 4705//2307 5806//2307 5807//2307
f 4705//2307 5807//2307 5808//2307
f 4705//2307 5808//2307 4976//2307
f 5807//2307 5809//2307 5810//2307
f 5807//2307 5810//2307 5808//2307
f 5809//2307 5811//2307 5812//2307
f 5809//2307 5812//2307 5810//2307
f 5811//2307 5813//2307 5814//2307
f 5811//2307 5814//2307 5812//2307
f 5815//2307 5816//2307 5813//2307
f 5813//2307 5816//2307 5817//2307
f 5813//2307 5817//2307 5818//2307
f 5818//2307 5819//2307 5820//2307
f 5818//2307 5820//2307 5821//2307
f 5822//2307 5823//2307 5819//2307
f 5819//2307 5823//2307 5824//2307
f 5819//2307 5824//2307 5825//2307
f 5823//2307 5822//2307 5826//2307
f 5826//2307 5822//2307 5827//2307
f 5826//2307 5827//2307 5828//2307
f 5825//2307 5820//2307 5819//2307
f 5821//2307 5829//2307 5813//2307
f 5821//2307 5813//2307 5818//2307
f 5829//2307 5830//2307 5814//2307
f 5829//2307 5814//2307 5813//2307
f 5830//2307 5831//2307 5814//2307
f 5814//2307 5831//2307 5832//2307
f 4977//2307 4975//2307 4706//2307
f 4974//2307 4971//2307 4708//2307
f 4972//2307 5833//2307 4709//2307
f 4709//2307 5833//2307 4969//2307
f 4970//2307 5834//2307 5835//2307
f 4970//2307 5835//2307 5836//2307
f 4970//2307 5836//2307 4710//2307
f 4710//2307 5836//2307 5837//2307
f 5834//2307 5838//2307 5839//2307
f 5834//2307 5839//2307 5835//2307
f 5838//2307 5840//2307 5841//2307
f 5838//2307 5841//2307 5839//2307
f 5840//2307 5842//2307 5843//2307
f 5840//2307 5843//2307 5841//2307
f 5844//2307 5845//2307 5842//2307
f 5842//2307 5845//2307 5846//2307
f 5842//2307 5846//2307 5847//2307
f 5847//2307 5848//2307 5849//2307
f 5847//2307 5849//2307 5850//2307
f 5851//2307 5852//2307 5848//2307
f 5848//2307 5852//2307 5853//2307
f 5848//2307 5853//2307 5854//2307
f 5851//2307 5855//2307 5852//2307
f 5854//2307 5856//2307 5848//2307
f 5848//2307 5856//2307 5857//2307
f 5848//2307 5857//2307 5849//2307
f 5850//2307 5858//2307 5842//2307
f 5850//2307 5842//2307 5847//2307
f 5858//2307 5859//2307 5843//2307
f 5858//2307 5843//2307 5842//2307
f 5859//2307 5860//2307 5843//2307
f 5843//2307 5860//2307 5861//2307
f 5837//2307 4968//2307 4710//2307
f 4967//2307 4965//2307 4712//2307
f 4964//2307 5862//2307 4714//2307
f 4714//2307 5862//2307 5863//2307
f 4714//2307 5863//2307 5864//2307
f 4714//2307 5864//2307 5865//2307
f 4714//2307 5865//2307 5866//2307
f 5864//2307 5867//2307 5868//2307
f 5864//2307 5868//2307 5865//2307
f 5867//2307 5869//2307 5870//2307
f 5867//2307 5870//2307 5868//2307
f 5869//2307 5871//2307 5872//2307
f 5869//2307 5872//2307 5870//2307
f 5873//2307 5874//2307 5871//2307
f 5871//2307 5874//2307 5875//2307
f 5871//2307 5875//2307 5876//2307
f 5871//2307 5876//2307 5877//2307
f 5871//2307 5877//2307 5878//2307
f 5876//2307 5879//2307 5877//2307
f 5877//2307 5879//2307 5880//2307
f 5877//2307 5880//2307 5881//2307
f 5881//2307 5882//2307 5877//2307
f 5877//2307 5882//2307 5883//2307
f 5877//2307 5883//2307 5884//2307
f 5884//2307 5883//2307 5885//2307
f 5885//2307 5883//2307 5886//2307
f 5886//2307 5883//2307 5887//2307
f 5878//2307 5888//2307 5872//2307
f 5878//2307 5872//2307 5871//2307
f 5888//2307 5889//2307 5872//2307
f 5872//2307 5889//2307 5890//2307
f 5866//2307 4962//2307 4714//2307
f 4961//2307 5891//2307 4716//2307
f 4716//2307 5891//2307 4959//2307
f 4958//2307 5892//2307 4718//2307
f 4718//2307 5892//2307 5893//2307
f 4718//2307 5893//2307 5894//2307
f 4718//2307 5894//2307 4955//2307
f 4955//2307 5894//2307 5895//2307
f 4955//2307 5895//2307 5896//2307
f 5896//2307 5895//2307 5897//2307
f 5896//2307 5897//2307 5898//2307
f 5898//2307 5897//2307 5899//2307
f 5898//2307 5899//2307 5900//2307
f 5900//2307 5899//2307 5901//2307
f 5900//2307 5901//2307 5902//2307
f 5903//2307 5904//2307 5899//2307
f 5899//2307 5904//2307 5905//2307
f 5899//2307 5905//2307 5906//2307
f 5899//2307 5906//2307 5907//2307
f 5899//2307 5907//2307 5901//2307
f 5906//2307 5908//2307 5907//2307
f 5907//2307 5908//2307 5909//2307
f 5907//2307 5909//2307 5910//2307
f 5910//2307 5911//2307 5907//2307
f 5907//2307 5911//2307 5912//2307
f 5907//2307 5912//2307 5913//2307
f 5914//2307 5915//2307 5913//2307
f 5913//2307 5915//2307 5916//2307
f 5913//2307 5916//2307 5907//2307
f 5902//2307 5917//2307 5900//2307
f 5900//2307 5917//2307 5918//2307
f 4956//2307 5919//2307 4719//2307
f 4719//2307 5919//2307 4954//2307
f 4953//2307 5920//2307 4721//2307
f 4721//2307 5920//2307 4951//2307
f 4950//2307 5921//2307 4723//2307
f 4723//2307 5921//2307 5922//2307
f 4723//2307 5922//2307 5923//2307
f 4723//2307 5923//2307 5924//2307
f 5922//2307 5925//2307 5926//2307
f 5922//2307 5926//2307 5923//2307
f 5925//2307 5927//2307 5928//2307
f 5925//2307 5928//2307 5926//2307
f 5927//2307 5929//2307 5930//2307
f 5927//2307 5930//2307 5928//2307
f 5929//2307 5931//2307 5932//2307
f 5929//2307 5932//2307 5933//2307
f 5929//2307 5933//2307 5934//2307
f 5931//2307 5935//2307 5932//2307
f 5932//2307 5935//2307 5936//2307
f 5932//2307 5937//2307 5933//2307
f 5933//2307 5937//2307 5938//2307
f 5933//2307 5938//2307 5939//2307
f 5939//2307 5940//2307 5933//2307
f 5933//2307 5940//2307 5941//2307
f 5933//2307 5941//2307 5942//2307
f 5943//2307 5944//2307 5942//2307
f 5942//2307 5944//2307 5945//2307
f 5942//2307 5945//2307 5933//2307
f 5934//2307 5946//2307 5930//2307
f 5934//2307 5930//2307 5929//2307
f 5946//2307 5947//2307 5930//2307
f 5930//2307 5947//2307 5948//2307
f 5924//2307 5949//2307 4723//2307
f 4723//2307 5949//2307 4948//2307
f 4947//2307 4945//2307 4725//2307
f 4944//2307 5950//2307 4727//2307
f 4727//2307 5950//2307 5951//2307
f 4727//2307 5951//2307 5952//2307
f 4727//2307 5952//2307 5953//2307
f 4727//2307 5953//2307 4941//2307
f 5952//2307 5954//2307 5955//2307
f 5952//2307 5955//2307 5953//2307
f 5954//2307 5956//2307 5957//2307
f 5954//2307 5957//2307 5955//2307
f 5956//2307 5958//2307 5959//2307
f 5956//2307 5959//2307 5957//2307
f 5958//2307 5960//2307 5961//2307
f 5958//2307 5961//2307 5962//2307
f 5958//2307 5962//2307 5963//2307
f 5964//2307 5965//2307 5960//2307
f 5960//2307 5965//2307 5961//2307
f 5961//2307 5966//2307 5962//2307
f 5962//2307 5966//2307 5967//2307
f 5962//2307 5967//2307 5968//2307
f 5968//2307 5969//2307 5962//2307
f 5962//2307 5969//2307 5970//2307
f 5962//2307 5970//2307 5971//2307
f 5971//2307 5972//2307 5962//2307
f 5962//2307 5972//2307 5973//2307
f 5962//2307 5973//2307 5974//2307
f 5963//2307 5975//2307 5959//2307
f 5963//2307 5959//2307 5958//2307
f 5975//2307 5976//2307 5959//2307
f 5959//2307 5976//2307 5977//2307
f 4942//2307 5978//2307 4728//2307
f 4728//2307 5978//2307 4939//2307
f 4940//2307 4938//2307 4729//2307
f 4937//2307 4934//2307 4731//2307
f 4935//2307 5979//2307 5980//2307
f 4935//2307 5980//2307 5981//2307
f 4935//2307 5981//2307 4732//2307
f 4732//2307 5981//2307 5982//2307
f 5979//2307 5983//2307 5984//2307
f 5979//2307 5984//2307 5980//2307
f 5983//2307 5985//2307 5986//2307
f 5983//2307 5986//2307 5984//2307
f 5985//2307 5987//2307 5988//2307
f 5985//2307 5988//2307 5986//2307
f 5989//2307 5990//2307 5987//2307
f 5987//2307 5990//2307 5991//2307
f 5987//2307 5991//2307 5992//2307
f 5987//2307 5992//2307 5993//2307
f 5987//2307 5993//2307 5994//2307
f 5992//2307 5995//2307 5993//2307
f 5993//2307 5995//2307 5996//2307
f 5993//2307 5996//2307 5997//2307
f 5997//2307 5998//2307 5993//2307
f 5993//2307 5998//2307 5999//2307
f 5993//2307 5999//2307 6000//2307
f 6000//2307 6001//2307 5993//2307
f 5993//2307 6001//2307 6002//2307
f 5993//2307 6002//2307 6003//2307
f 5994//2307 6004//2307 5988//2307
f 5994//2307 5988//2307 5987//2307
f 6004//2307 6005//2307 5988//2307
f 5988//2307 6005//2307 6006//2307
f 5982//2307 4933//2307 4732//2307
f 4932//2307 4929//2307 4734//2307
f 4930//2307 4927//2307 4735//2307
f 4928//2307 6007//2307 4736//2307
f 4736//2307 6007//2307 6008//2307
f 4736//2307 6008//2307 6009//2307
f 4736//2307 6009//2307 6010//2307
f 6008//2307 6011//2307 6012//2307
f 6008//2307 6012//2307 6009//2307
f 6011//2307 6013//2307 6014//2307
f 6011//2307 6014//2307 6012//2307
f 6013//2307 6015//2307 6016//2307
f 6013//2307 6016//2307 6014//2307
f 6017//2307 6018//2307 6015//2307
f 6015//2307 6018//2307 6019//2307
f 6015//2307 6019//2307 6020//2307
f 6015//2307 6020//2307 6021//2307
f 6015//2307 6021//2307 6022//2307
f 6020//2307 6023//2307 6021//2307
f 6021//2307 6023//2307 6024//2307
f 6021//2307 6024//2307 6025//2307
f 6025//2307 6026//2307 6021//2307
f 6021//2307 6026//2307 6027//2307
f 6021//2307 6027//2307 6028//2307
f 6028//2307 6029//2307 6021//2307
f 6021//2307 6029//2307 6030//2307
f 6021//2307 6030//2307 6031//2307
f 6022//2307 6032//2307 6016//2307
f 6022//2307 6016//2307 6015//2307
f 6032//2307 6033//2307 6016//2307
f 6016//2307 6033//2307 6034//2307
f 6010//2307 4925//2307 4736//2307
f 4926//2307 4923//2307 4737//2307
f 4924//2307 4921//2307 4738//2307
f 4922//2307 6035//2307 4739//2307
f 4739//2307 6035//2307 6036//2307
f 4739//2307 6036//2307 6037//2307
f 4739//2307 6037//2307 4915//2307
f 4915//2307 6037//2307 6038//2307
f 4915//2307 6038//2307 6039//2307
f 6039//2307 6038//2307 6040//2307
f 6039//2307 6040//2307 6041//2307
f 6041//2307 6040//2307 6042//2307
f 6041//2307 6042//2307 6043//2307
f 6043//2307 6042//2307 6044//2307
f 6043//2307 6044//2307 6045//2307
f 6045//2307 6044//2307 6046//2307
f 6045//2307 6046//2307 6047//2307
f 6044//2307 6048//2307 6049//2307
f 6044//2307 6049//2307 6050//2307
f 6044//2307 6050//2307 6046//2307
f 6048//2307 6051//2307 6049//2307
f 6049//2307 6051//2307 6052//2307
f 6049//2307 6053//2307 6050//2307
f 6050//2307 6053//2307 6054//2307
f 6050//2307 6054//2307 6055//2307
f 6055//2307 6056//2307 6050//2307
f 6050//2307 6056//2307 6057//2307
f 6050//2307 6057//2307 6058//2307
f 6058//2307 6059//2307 6050//2307
f 6050//2307 6059//2307 6060//2307
f 6050//2307 6060//2307 6061//2307
f 6047//2307 6062//2307 6045//2307
f 6045//2307 6062//2307 6063//2307
f 4916//2307 6064//2307 4862//2307
f 4862//2307 6064//2307 5199//2307
f 5200//2307 5197//2307 4861//2307
f 5198//2307 5195//2307 4860//2307
f 5196//2307 6065//2307 4859//2307
f 4859//2307 6065//2307 6066//2307
f 4859//2307 6066//2307 6067//2307
f 4859//2307 6067//2307 6068//2307
f 6066//2307 6069//2307 6070//2307
f 6066//2307 6070//2307 6067//2307
f 6069//2307 6071//2307 6072//2307
f 6069//2307 6072//2307 6070//2307
f 6071//2307 6073//2307 6074//2307
f 6071//2307 6074//2307 6072//2307
f 6073//2307 6075//2307 6076//2307
f 6073//2307 6076//2307 6077//2307
f 6073//2307 6077//2307 6078//2307
f 6075//2307 6079//2307 6076//2307
f 6076//2307 6079//2307 6080//2307
f 6076//2307 6081//2307 6077//2307
f 6077//2307 6081//2307 6082//2307
f 6077//2307 6082//2307 6083//2307
f 6083//2307 6084//2307 6077//2307
f 6077//2307 6084//2307 6085//2307
f 6077//2307 6085//2307 6086//2307
f 6086//2307 6087//2307 6077//2307
f 6077//2307 6087//2307 6088//2307
f 6077//2307 6088//2307 6089//2307
f 6078//2307 6090//2307 6074//2307
f 6078//2307 6074//2307 6073//2307
f 6090//2307 6091//2307 6074//2307
f 6074//2307 6091//2307 6092//2307
f 6068//2307 5193//2307 4859//2307
f 5194//2307 5191//2307 4858//2307
f 5192//2307 5190//2307 4857//2307
f 5189//2307 6093//2307 4855//2307
f 4855//2307 6093//2307 6094//2307
f 4855//2307 6094//2307 6095//2307
f 4855//2307 6095//2307 6096//2307
f 4855//2307 6096//2307 5186//2307
f 6095//2307 6097//2307 6098//2307
f 6095//2307 6098//2307 6096//2307
f 6097//2307 6099//2307 6100//2307
f 6097//2307 6100//2307 6098//2307
f 6099//2307 6101//2307 6102//2307
f 6099//2307 6102//2307 6100//2307
f 6101//2307 6103//2307 6104//2307
f 6101//2307 6104//2307 6105//2307
f 6101//2307 6105//2307 6106//2307
f 6103//2307 6107//2307 6104//2307
f 6104//2307 6107//2307 6108//2307
f 6104//2307 6109//2307 6110//2307
f 6104//2307 6110//2307 6105//2307
f 6109//2307 6111//2307 6110//2307
f 6110//2307 6111//2307 6112//2307
f 6110//2307 6112//2307 6113//2307
f 6113//2307 6114//2307 6110//2307
f 6110//2307 6114//2307 6115//2307
f 6110//2307 6115//2307 6116//2307
f 6116//2307 6117//2307 6110//2307
f 6106//2307 6118//2307 6102//2307
f 6106//2307 6102//2307 6101//2307
f 6118//2307 6119//2307 6102//2307
f 6102//2307 6119//2307 6120//2307
f 5187//2307 5185//2307 4854//2307
f 5184//2307 5181//2307 4852//2307
f 5182//2307 6121//2307 4851//2307
f 4851//2307 6121//2307 5179//2307
f 5180//2307 6122//2307 6123//2307
f 5180//2307 6123//2307 6124//2307
f 5180//2307 6124//2307 4850//2307
f 4850//2307 6124//2307 6125//2307
f 6122//2307 6126//2307 6127//2307
f 6122//2307 6127//2307 6123//2307
f 6126//2307 6128//2307 6129//2307
f 6126//2307 6129//2307 6127//2307
f 6128//2307 6130//2307 6131//2307
f 6128//2307 6131//2307 6129//2307
f 6130//2307 6132//2307 6133//2307
f 6130//2307 6133//2307 6134//2307
f 6134//2307 6133//2307 6135//2307
f 6134//2307 6135//2307 6136//2307
f 6136//2307 6135//2307 6137//2307
f 6132//2307 6138//2307 6133//2307
f 6133//2307 6138//2307 6139//2307
f 6137//2307 6140//2307 6136//2307
f 6136//2307 6140//2307 6141//2307
f 6136//2307 6141//2307 6142//2307
f 6142//2307 6143//2307 6136//2307
f 6136//2307 6143//2307 6144//2307
f 6136//2307 6144//2307 6145//2307
f 6145//2307 6146//2307 6136//2307
f 6130//2307 6134//2307 6147//2307
f 6130//2307 6147//2307 6131//2307
f 6148//2307 6147//2307 6149//2307
f 6149//2307 6147//2307 6134//2307
f 6125//2307 5178//2307 4850//2307
f 5177//2307 5175//2307 4848//2307
f 5174//2307 6150//2307 4846//2307
f 4846//2307 6150//2307 6151//2307
f 4846//2307 6151//2307 6152//2307
f 4846//2307 6152//2307 6153//2307
f 4846//2307 6153//2307 6154//2307
f 6152//2307 6155//2307 6156//2307
f 6152//2307 6156//2307 6153//2307
f 6155//2307 6157//2307 6158//2307
f 6155//2307 6158//2307 6156//2307
f 6157//2307 6159//2307 6160//2307
f 6157//2307 6160//2307 6158//2307
f 6159//2307 6161//2307 6162//2307
f 6159//2307 6162//2307 6163//2307
f 6163//2307 6162//2307 6164//2307
f 6163//2307 6164//2307 6165//2307
f 6165//2307 6164//2307 6166//2307
f 6161//2307 6167//2307 6162//2307
f 6162//2307 6167//2307 6168//2307
f 6166//2307 6169//2307 6165//2307
f 6165//2307 6169//2307 6170//2307
f 6165//2307 6170//2307 6171//2307
f 6171//2307 6172//2307 6165//2307
f 6165//2307 6172//2307 6173//2307
f 6165//2307 6173//2307 6174//2307
f 6174//2307 6175//2307 6165//2307
f 6176//2307 6177//2307 6163//2307
f 6163//2307 6177//2307 6178//2307
f 6163//2307 6178//2307 6160//2307
f 6163//2307 6160//2307 6159//2307
f 6154//2307 5172//2307 4846//2307
f 5171//2307 6179//2307 4844//2307
f 4844//2307 6179//2307 5169//2307
f 5168//2307 6180//2307 4842//2307
f 4842//2307 6180//2307 6181//2307
f 4842//2307 6181//2307 6182//2307
f 4842//2307 6182//2307 5165//2307
f 5165//2307 6182//2307 6183//2307
f 5165//2307 6183//2307 6184//2307
f 6184//2307 6183//2307 6185//2307
f 6184//2307 6185//2307 6186//2307
f 6186//2307 6185//2307 6187//2307
f 6186//2307 6187//2307 6188//2307
f 6188//2307 6187//2307 6189//2307
f 6188//2307 6189//2307 6190//2307
f 6190//2307 6189//2307 6191//2307
f 6191//2307 6189//2307 6192//2307
f 6187//2307 6193//2307 6194//2307
f 6187//2307 6194//2307 6189//2307
f 6189//2307 6194//2307 6195//2307
f 6189//2307 6195//2307 6196//2307
f 6196//2307 6195//2307 6197//2307
f 6193//2307 6198//2307 6194//2307
f 6194//2307 6198//2307 6199//2307
f 6197//2307 6200//2307 6196//2307
f 6196//2307 6200//2307 6201//2307
f 6196//2307 6201//2307 6202//2307
f 6202//2307 6203//2307 6196//2307
f 6196//2307 6203//2307 6204//2307
f 6196//2307 6204//2307 6205//2307
f 6205//2307 6206//2307 6196//2307
f 5166//2307 6207//2307 4841//2307
f 4841//2307 6207//2307 5164//2307
f 5163//2307 6208//2307 4839//2307
f 4839//2307 6208//2307 5161//2307
f 5160//2307 6209//2307 4837//2307
f 4837//2307 6209//2307 6210//2307
f 4837//2307 6210//2307 6211//2307
f 4837//2307 6211//2307 6212//2307
f 6210//2307 6213//2307 6214//2307
f 6210//2307 6214//2307 6211//2307
f 6213//2307 6215//2307 6216//2307
f 6213//2307 6216//2307 6214//2307
f 6215//2307 6217//2307 6218//2307
f 6215//2307 6218//2307 6216//2307
f 6217//2307 6219//2307 6220//2307
f 6217//2307 6220//2307 6221//2307
f 6221//2307 6220//2307 6222//2307
f 6221//2307 6222//2307 6223//2307
f 6223//2307 6222//2307 6224//2307
f 6219//2307 6225//2307 6220//2307
f 6220//2307 6225//2307 6226//2307
f 6224//2307 6227//2307 6223//2307
f 6223//2307 6227//2307 6228//2307
f 6223//2307 6228//2307 6229//2307
f 6229//2307 6230//2307 6223//2307
f 6223//2307 6230//2307 6231//2307
f 6223//2307 6231//2307 6232//2307
f 6232//2307 6233//2307 6223//2307
f 6234//2307 6235//2307 6221//2307
f 6221//2307 6235//2307 6236//2307
f 6221//2307 6236//2307 6218//2307
f 6221//2307 6218//2307 6217//2307
f 6212//2307 6237//2307 4837//2307
f 4837//2307 6237//2307 5158//2307
f 5157//2307 5155//2307 4835//2307
f 5154//2307 6238//2307 4833//2307
f 4833//2307 6238//2307 6239//2307
f 4833//2307 6239//2307 6240//2307
f 4833//2307 6240//2307 6241//2307
f 4833//2307 6241//2307 5151//2307
f 6240//2307 6242//2307 6243//2307
f 6240//2307 6243//2307 6241//2307
f 6242//2307 6244//2307 6245//2307
f 6242//2307 6245//2307 6243//2307
f 6244//2307 6246//2307 6247//2307
f 6244//2307 6247//2307 6245//2307
f 6246//2307 6248//2307 6249//2307
f 6246//2307 6249//2307 6250//2307
f 6250//2307 6249//2307 6251//2307
f 6250//2307 6251//2307 6252//2307
f 6252//2307 6251//2307 6253//2307
f 6248//2307 6254//2307 6249//2307
f 6249//2307 6254//2307 6255//2307
f 6253//2307 6256//2307 6252//2307
f 6252//2307 6256//2307 6257//2307
f 6252//2307 6257//2307 6258//2307
f 6258//2307 6259//2307 6252//2307
f 6252//2307 6259//2307 6260//2307
f 6252//2307 6260//2307 6261//2307
f 6261//2307 6260//2307 6262//2307
f 6263//2307 6264//2307 6250//2307
f 6250//2307 6264//2307 6265//2307
f 6250//2307 6265//2307 6247//2307
f 6250//2307 6247//2307 6246//2307
f 5152//2307 6266//2307 4832//2307
f 4832//2307 6266//2307 5149//2307
f 5150//2307 5148//2307 4831//2307
f 5147//2307 5144//2307 4829//2307
f 5145//2307 6267//2307 6268//2307
f 5145//2307 6268//2307 6269//2307
f 5145//2307 6269//2307 4828//2307
f 4828//2307 6269//2307 6270//2307
f 6267//2307 6271//2307 6272//2307
f 6267//2307 6272//2307 6268//2307
f 6271//2307 6273//2307 6274//2307
f 6271//2307 6274//2307 6272//2307
f 6273//2307 6275//2307 6276//2307
f 6273//2307 6276//2307 6274//2307
f 6275//2307 6277//2307 6278//2307
f 6275//2307 6278//2307 6279//2307
f 6279//2307 6278//2307 6280//2307
f 6279//2307 6280//2307 6281//2307
f 6281//2307 6280//2307 6282//2307
f 6277//2307 6283//2307 6278//2307
f 6278//2307 6283//2307 6284//2307
f 6282//2307 6285//2307 6281//2307
f 6281//2307 6285//2307 6286//2307
f 6281//2307 6286//2307 6287//2307
f 6281//2307 6287//2307 6288//2307
f 6288//2307 6287//2307 6289//2307
f 6288//2307 6289//2307 6290//2307
f 6290//2307 6289//2307 6291//2307
f 6292//2307 6293//2307 6279//2307
f 6279//2307 6293//2307 6294//2307
f 6279//2307 6294//2307 6276//2307
f 6279//2307 6276//2307 6275//2307
f 6270//2307 5143//2307 4828//2307
f 5142//2307 5139//2307 4826//2307
f 5140//2307 5137//2307 4825//2307
f 5138//2307 6295//2307 4824//2307
f 4824//2307 6295//2307 6296//2307
f 4824//2307 6296//2307 6297//2307
f 4824//2307 6297//2307 6298//2307
f 6296//2307 6299//2307 6300//2307
f 6296//2307 6300//2307 6297//2307
f 6299//2307 6301//2307 6302//2307
f 6299//2307 6302//2307 6300//2307
f 6301//2307 6303//2307 6304//2307
f 6301//2307 6304//2307 6302//2307
f 6303//2307 6305//2307 6306//2307
f 6303//2307 6306//2307 6307//2307
f 6307//2307 6306//2307 6308//2307
f 6307//2307 6308//2307 6309//2307
f 6309//2307 6308//2307 6310//2307
f 6305//2307 6311//2307 6306//2307
f 6306//2307 6311//2307 6312//2307
f 6310//2307 6313//2307 6314//2307
f 6310//2307 6314//2307 6309//2307
f 6313//2307 6315//2307 6314//2307
f 6314//2307 6315//2307 6316//2307
f 6316//2307 6315//2307 6317//2307
f 6316//2307 6317//2307 6318//2307
f 6318//2307 6317//2307 6319//2307
f 6320//2307 6321//2307 6307//2307
f 6307//2307 6321//2307 6322//2307
f 6307//2307 6322//2307 6304//2307
f 6307//2307 6304//2307 6303//2307
f 6298//2307 5135//2307 4824//2307
f 5136//2307 5133//2307 4823//2307
f 5134//2307 5131//2307 4822//2307
f 5132//2307 6323//2307 4642//2307
f 4642//2307 6323//2307 6324//2307
f 4642//2307 6324//2307 6325//2307
f 4642//2307 6325//2307 4913//2307
f 4913//2307 6325//2307 6326//2307
f 4913//2307 6326//2307 6327//2307
f 6327//2307 6326//2307 6328//2307
f 6327//2307 6328//2307 6329//2307
f 6329//2307 6328//2307 6330//2307
f 6329//2307 6330//2307 6331//2307
f 6331//2307 6330//2307 6332//2307
f 6331//2307 6332//2307 6333//2307
f 6333//2307 6332//2307 6334//2307
f 6333//2307 6334//2307 6335//2307
f 6335//2307 6334//2307 6336//2307
f 6336//2307 6334//2307 6337//2307
f 6332//2307 6338//2307 6339//2307
f 6332//2307 6339//2307 6334//2307
f 6334//2307 6339//2307 6340//2307
f 6340//2307 6339//2307 6341//2307
f 6340//2307 6341//2307 6342//2307
f 6342//2307 6341//2307 6343//2307
f 6342//2307 6343//2307 6344//2307
f 6344//2307 6343//2307 6345//2307
f 6338//2307 6346//2307 6339//2307
f 6339//2307 6346//2307 6347//2307
f 6344//2307 6345//2307 6348//2307
f 6348//2307 6345//2307 6349//2307
f 6348//2307 6349//2307 6350//2307
f 6350//2307 6349//2307 6351//2307
f 4914//2307 6352//2307 4646//2307
f 4646//2307 6352//2307 5059//2307
f 2505//2307 4641//2307 2504//2307
f 6323//2308 5132//2308 6353//2308
f 6353//2308 5132//2308 1144//2308
f 6353//2308 1144//2308 6354//2308
f 6354//2308 1144//2308 1146//2308
f 6354//2309 1146//2309 1147//2309
f 6354//2309 1147//2309 6355//2309
f 6355//2310 1147//2310 1148//2310
f 6355//2310 1148//2310 6356//2310
f 6356//2311 1148//2311 1149//2311
f 6356//2311 1149//2311 6357//2311
f 6357//2312 1149//2312 1150//2312
f 6357//2312 1150//2312 6358//2312
f 6358//2313 1150//2313 1151//2313
f 1151//2313 6330//2313 6358//2313
f 6358//2313 6330//2313 6359//2313
f 6358//2312 6359//2312 6360//2312
f 6358//2312 6360//2312 6357//2312
f 6357//2311 6360//2311 6361//2311
f 6357//2311 6361//2311 6356//2311
f 6356//2310 6361//2310 6362//2310
f 6356//2310 6362//2310 6355//2310
f 6355//2309 6362//2309 6353//2309
f 6355//2309 6353//2309 6354//2309
f 6330//2313 6328//2313 6359//2313
f 6359//2312 6328//2312 6326//2312
f 6359//2312 6326//2312 6360//2312
f 6360//2311 6326//2311 6325//2311
f 6360//2311 6325//2311 6361//2311
f 6361//2310 6325//2310 6324//2310
f 6361//2310 6324//2310 6362//2310
f 6362//2309 6324//2309 6323//2309
f 6362//2309 6323//2309 6353//2309
f 1174//2314 6363//2314 1172//2314
f 1172//2314 6363//2314 6364//2314
f 1172//2314 6364//2314 6341//2314
f 6341//2314 6364//2314 6343//2314
f 6343//2315 6364//2315 6365//2315
f 6343//2315 6365//2315 6345//2315
f 6345//2316 6365//2316 6366//2316
f 6345//2316 6366//2316 6349//2316
f 6349//2317 6366//2317 6367//2317
f 6349//2317 6367//2317 6351//2317
f 6351//2318 6367//2318 6368//2318
f 6351//2318 6368//2318 6350//2318
f 6350//2319 6368//2319 6369//2319
f 6350//2319 6369//2319 6348//2319
f 6348//2320 6369//2320 6370//2320
f 6348//2320 6370//2320 6344//2320
f 6344//991 6370//991 6371//991
f 6344//991 6371//991 6342//991
f 6342//990 6371//990 6340//990
f 6340//990 6371//990 6372//990
f 6340//990 6372//990 1170//990
f 1170//990 6372//990 1171//990
f 1171//991 6372//991 6373//991
f 1171//991 6373//991 1173//991
f 1173//2320 6373//2320 6374//2320
f 1173//2320 6374//2320 1176//2320
f 1176//2319 6374//2319 6375//2319
f 1176//2319 6375//2319 1178//2319
f 1178//2318 6375//2318 6376//2318
f 1178//2318 6376//2318 1179//2318
f 1179//2317 6376//2317 6377//2317
f 1179//2317 6377//2317 1177//2317
f 1177//2316 6377//2316 6378//2316
f 1177//2316 6378//2316 1175//2316
f 1175//2315 6378//2315 6363//2315
f 1175//2315 6363//2315 1174//2315
f 6365//2315 6364//2315 6363//2315
f 6365//2315 6363//2315 6378//2315
f 6365//2316 6378//2316 6377//2316
f 6365//2316 6377//2316 6366//2316
f 6366//2317 6377//2317 6376//2317
f 6366//2317 6376//2317 6367//2317
f 6367//2318 6376//2318 6375//2318
f 6367//2318 6375//2318 6368//2318
f 6368//2319 6375//2319 6374//2319
f 6368//2319 6374//2319 6369//2319
f 6369//2320 6374//2320 6373//2320
f 6369//2320 6373//2320 6370//2320
f 6370//991 6373//991 6372//991
f 6370//991 6372//991 6371//991
f 6340//2321 1170//2321 1163//2321
f 6340//2321 1163//2321 6334//2321
f 1172//2322 6341//2322 6339//2322
f 1172//2322 6339//2322 1166//2322
f 1157//2323 1156//2323 6379//2323
f 6379//2323 1156//2323 5059//2323
f 6379//2323 5059//2323 6380//2323
f 6380//2323 5059//2323 6352//2323
f 6380//2324 6352//2324 4914//2324
f 6380//2324 4914//2324 6381//2324
f 6381//2325 4914//2325 4913//2325
f 6381//2325 4913//2325 6382//2325
f 6382//2326 4913//2326 6327//2326
f 6382//2326 6327//2326 6383//2326
f 6383//2327 6327//2327 6329//2327
f 6383//2327 6329//2327 6384//2327
f 6384//2328 6329//2328 6331//2328
f 6331//2328 1155//2328 6384//2328
f 6384//2328 1155//2328 6385//2328
f 6384//2327 6385//2327 6386//2327
f 6384//2327 6386//2327 6383//2327
f 6383//2326 6386//2326 6387//2326
f 6383//2326 6387//2326 6382//2326
f 6382//2325 6387//2325 6388//2325
f 6382//2325 6388//2325 6381//2325
f 6381//2324 6388//2324 6379//2324
f 6381//2324 6379//2324 6380//2324
f 1155//2328 1154//2328 6385//2328
f 6385//2327 1154//2327 1160//2327
f 6385//2327 1160//2327 6386//2327
f 6386//2326 1160//2326 1159//2326
f 6386//2326 1159//2326 6387//2326
f 6387//2325 1159//2325 1158//2325
f 6387//2325 1158//2325 6388//2325
f 6388//2324 1158//2324 1157//2324
f 6388//2324 1157//2324 6379//2324
f 6335//2329 6389//2329 6333//2329
f 6333//2329 6389//2329 6390//2329
f 6333//2329 6390//2329 1161//2329
f 1161//2329 6390//2329 1162//2329
f 1162//2330 6390//2330 6391//2330
f 1162//2330 6391//2330 1164//2330
f 1164//2331 6391//2331 6392//2331
f 1164//2331 6392//2331 1165//2331
f 1165//2332 6392//2332 1163//2332
f 1163//2332 6392//2332 6393//2332
f 1163//2332 6393//2332 6334//2332
f 6334//2332 6393//2332 6337//2332
f 6337//2331 6393//2331 6394//2331
f 6337//2331 6394//2331 6336//2331
f 6336//2330 6394//2330 6389//2330
f 6336//2330 6389//2330 6335//2330
f 6391//2330 6390//2330 6389//2330
f 6391//2330 6389//2330 6394//2330
f 6391//2331 6394//2331 6393//2331
f 6391//2331 6393//2331 6392//2331
f 6347//2333 6395//2333 6339//2333
f 6339//2333 6395//2333 6396//2333
f 6339//2333 6396//2333 1166//2333
f 1166//2333 6396//2333 1169//2333
f 1169//2334 6396//2334 6397//2334
f 1169//2334 6397//2334 1168//2334
f 1168//2335 6397//2335 6398//2335
f 1168//2335 6398//2335 1167//2335
f 1167//2336 6398//2336 1153//2336
f 1153//2336 6398//2336 6399//2336
f 1153//2336 6399//2336 6332//2336
f 6332//2336 6399//2336 6338//2336
f 6338//2335 6399//2335 6400//2335
f 6338//2335 6400//2335 6346//2335
f 6346//2334 6400//2334 6395//2334
f 6346//2334 6395//2334 6347//2334
f 6397//2334 6396//2334 6395//2334
f 6397//2334 6395//2334 6400//2334
f 6397//2335 6400//2335 6399//2335
f 6397//2335 6399//2335 6398//2335
f 6330//2337 1151//2337 1153//2337
f 6330//2337 1153//2337 6332//2337
f 1155//2338 6331//2338 6333//2338
f 1155//2338 6333//2338 1161//2338
f 5137//2339 5140//2339 6401//2339
f 6401//2339 5140//2339 1108//2339
f 6401//2339 1108//2339 6402//2339
f 6402//2339 1108//2339 1110//2339
f 6402//2340 1110//2340 1111//2340
f 6402//2340 1111//2340 6403//2340
f 6403//2341 1111//2341 1112//2341
f 6403//2341 1112//2341 6404//2341
f 6404//2342 1112//2342 1113//2342
f 6404//2342 1113//2342 6405//2342
f 6405//2343 1113//2343 1114//2343
f 6405//2343 1114//2343 6406//2343
f 6406//2344 1114//2344 1115//2344
f 1115//2344 6301//2344 6406//2344
f 6406//2344 6301//2344 6407//2344
f 6406//2343 6407//2343 6408//2343
f 6406//2343 6408//2343 6405//2343
f 6405//2342 6408//2342 6409//2342
f 6405//2342 6409//2342 6404//2342
f 6404//2341 6409//2341 6410//2341
f 6404//2341 6410//2341 6403//2341
f 6403//2340 6410//2340 6401//2340
f 6403//2340 6401//2340 6402//2340
f 6301//2344 6299//2344 6407//2344
f 6407//2343 6299//2343 6296//2343
f 6407//2343 6296//2343 6408//2343
f 6408//2342 6296//2342 6295//2342
f 6408//2342 6295//2342 6409//2342
f 6409//2341 6295//2341 5138//2341
f 6409//2341 5138//2341 6410//2341
f 6410//2340 5138//2340 5137//2340
f 6410//2340 5137//2340 6401//2340
f 1140//2345 6411//2345 1141//2345
f 1141//2345 6411//2345 6412//2345
f 1141//2345 6412//2345 6308//2345
f 6308//2345 6412//2345 6310//2345
f 6310//2346 6412//2346 6413//2346
f 6310//2346 6413//2346 6313//2346
f 6313//2347 6413//2347 6414//2347
f 6313//2347 6414//2347 6315//2347
f 6315//2348 6414//2348 6415//2348
f 6315//2348 6415//2348 6317//2348
f 6317//2349 6415//2349 6416//2349
f 6317//2349 6416//2349 6319//2349
f 6319//2350 6416//2350 6417//2350
f 6319//2350 6417//2350 6318//2350
f 6318//2351 6417//2351 6418//2351
f 6318//2351 6418//2351 6316//2351
f 6316//2352 6418//2352 6419//2352
f 6316//2352 6419//2352 6314//2352
f 6314//2353 6419//2353 6309//2353
f 6309//2353 6419//2353 6420//2353
f 6309//2353 6420//2353 1130//2353
f 1130//2353 6420//2353 1133//2353
f 1133//2352 6420//2352 6421//2352
f 1133//2352 6421//2352 1134//2352
f 1134//2351 6421//2351 6422//2351
f 1134//2351 6422//2351 1135//2351
f 1135//2350 6422//2350 6423//2350
f 1135//2350 6423//2350 1136//2350
f 1136//2349 6423//2349 6424//2349
f 1136//2349 6424//2349 1137//2349
f 1137//2348 6424//2348 6425//2348
f 1137//2348 6425//2348 1138//2348
f 1138//2347 6425//2347 6426//2347
f 1138//2347 6426//2347 1139//2347
f 1139//2346 6426//2346 6411//2346
f 1139//2346 6411//2346 1140//2346
f 6413//2346 6412//2346 6411//2346
f 6413//2346 6411//2346 6426//2346
f 6413//2347 6426//2347 6425//2347
f 6413//2347 6425//2347 6414//2347
f 6414//2348 6425//2348 6424//2348
f 6414//2348 6424//2348 6415//2348
f 6415//2349 6424//2349 6423//2349
f 6415//2349 6423//2349 6416//2349
f 6416//2350 6423//2350 6422//2350
f 6416//2350 6422//2350 6417//2350
f 6417//2351 6422//2351 6421//2351
f 6417//2351 6421//2351 6418//2351
f 6418//2352 6421//2352 6420//2352
f 6418//2352 6420//2352 6419//2352
f 6309//2354 1130//2354 1119//2354
f 6309//2354 1119//2354 6307//2354
f 1141//2355 6308//2355 6306//2355
f 1141//2355 6306//2355 1131//2355
f 1123//2356 1122//2356 6427//2356
f 6427//2356 1122//2356 5133//2356
f 6427//2356 5133//2356 6428//2356
f 6428//2356 5133//2356 5136//2356
f 6428//2357 5136//2357 5135//2357
f 6428//2357 5135//2357 6429//2357
f 6429//2358 5135//2358 6298//2358
f 6429//2358 6298//2358 6430//2358
f 6430//2359 6298//2359 6297//2359
f 6430//2359 6297//2359 6431//2359
f 6431//2360 6297//2360 6300//2360
f 6431//2360 6300//2360 6432//2360
f 6432//2361 6300//2361 6302//2361
f 6302//2361 1121//2361 6432//2361
f 6432//2361 1121//2361 6433//2361
f 6432//2360 6433//2360 6434//2360
f 6432//2360 6434//2360 6431//2360
f 6431//2359 6434//2359 6435//2359
f 6431//2359 6435//2359 6430//2359
f 6430//2358 6435//2358 6436//2358
f 6430//2358 6436//2358 6429//2358
f 6429//2357 6436//2357 6427//2357
f 6429//2357 6427//2357 6428//2357
f 1121//2361 1127//2361 6433//2361
f 6433//2360 1127//2360 1126//2360
f 6433//2360 1126//2360 6434//2360
f 6434//2359 1126//2359 1125//2359
f 6434//2359 1125//2359 6435//2359
f 6435//2358 1125//2358 1124//2358
f 6435//2358 1124//2358 6436//2358
f 6436//2357 1124//2357 1123//2357
f 6436//2357 1123//2357 6427//2357
f 6322//2362 6437//2362 6304//2362
f 6304//2362 6437//2362 6438//2362
f 6304//2362 6438//2362 1116//2362
f 1116//2362 6438//2362 1128//2362
f 1128//2363 6438//2363 6439//2363
f 1128//2363 6439//2363 1129//2363
f 1129//2364 6439//2364 6440//2364
f 1129//2364 6440//2364 1118//2364
f 1118//2365 6440//2365 1119//2365
f 1119//2365 6440//2365 6441//2365
f 1119//2365 6441//2365 6307//2365
f 6307//2365 6441//2365 6320//2365
f 6320//2364 6441//2364 6442//2364
f 6320//2364 6442//2364 6321//2364
f 6321//2363 6442//2363 6437//2363
f 6321//2363 6437//2363 6322//2363
f 6439//2363 6438//2363 6437//2363
f 6439//2363 6437//2363 6442//2363
f 6439//2364 6442//2364 6441//2364
f 6439//2364 6441//2364 6440//2364
f 6312//2366 6443//2366 6306//2366
f 6306//2366 6443//2366 6444//2366
f 6306//2366 6444//2366 1131//2366
f 1131//2366 6444//2366 1132//2366
f 1132//2367 6444//2367 6445//2367
f 1132//2367 6445//2367 1142//2367
f 1142//2368 6445//2368 6446//2368
f 1142//2368 6446//2368 1143//2368
f 1143//2369 6446//2369 1117//2369
f 1117//2369 6446//2369 6447//2369
f 1117//2369 6447//2369 6303//2369
f 6303//2369 6447//2369 6305//2369
f 6305//2368 6447//2368 6448//2368
f 6305//2368 6448//2368 6311//2368
f 6311//2367 6448//2367 6443//2367
f 6311//2367 6443//2367 6312//2367
f 6445//2367 6444//2367 6443//2367
f 6445//2367 6443//2367 6448//2367
f 6445//2368 6448//2368 6447//2368
f 6445//2368 6447//2368 6446//2368
f 6301//2370 1115//2370 1117//2370
f 6301//2370 1117//2370 6303//2370
f 1121//2371 6302//2371 6304//2371
f 1121//2371 6304//2371 1116//2371
f 5147//2372 5146//2372 6449//2372
f 6449//2372 5146//2372 1072//2372
f 6449//2372 1072//2372 6450//2372
f 6450//2372 1072//2372 1074//2372
f 6450//2373 1074//2373 1075//2373
f 6450//2373 1075//2373 6451//2373
f 6451//2374 1075//2374 1076//2374
f 6451//2374 1076//2374 6452//2374
f 6452//2375 1076//2375 1077//2375
f 6452//2375 1077//2375 6453//2375
f 6453//2376 1077//2376 1078//2376
f 6453//2376 1078//2376 6454//2376
f 6454//2377 1078//2377 1079//2377
f 1079//2377 6273//2377 6454//2377
f 6454//2377 6273//2377 6455//2377
f 6454//2376 6455//2376 6456//2376
f 6454//2376 6456//2376 6453//2376
f 6453//2375 6456//2375 6457//2375
f 6453//2375 6457//2375 6452//2375
f 6452//2374 6457//2374 6458//2374
f 6452//2374 6458//2374 6451//2374
f 6451//2373 6458//2373 6449//2373
f 6451//2373 6449//2373 6450//2373
f 6273//2377 6271//2377 6455//2377
f 6455//2376 6271//2376 6267//2376
f 6455//2376 6267//2376 6456//2376
f 6456//2375 6267//2375 5145//2375
f 6456//2375 5145//2375 6457//2375
f 6457//2374 5145//2374 5144//2374
f 6457//2374 5144//2374 6458//2374
f 6458//2373 5144//2373 5147//2373
f 6458//2373 5147//2373 6449//2373
f 1104//2378 6459//2378 1105//2378
f 1105//2378 6459//2378 6460//2378
f 1105//2378 6460//2378 6280//2378
f 6280//2378 6460//2378 6282//2378
f 6282//2379 6460//2379 6461//2379
f 6282//2379 6461//2379 6285//2379
f 6285//2380 6461//2380 6462//2380
f 6285//2380 6462//2380 6286//2380
f 6286//2381 6462//2381 6463//2381
f 6286//2381 6463//2381 6287//2381
f 6287//2382 6463//2382 6464//2382
f 6287//2382 6464//2382 6289//2382
f 6289//2383 6464//2383 6465//2383
f 6289//2383 6465//2383 6291//2383
f 6291//2384 6465//2384 6466//2384
f 6291//2384 6466//2384 6290//2384
f 6290//2385 6466//2385 6467//2385
f 6290//2385 6467//2385 6288//2385
f 6288//2386 6467//2386 6281//2386
f 6281//2386 6467//2386 6468//2386
f 6281//2386 6468//2386 1094//2386
f 1094//2386 6468//2386 1097//2386
f 1097//2385 6468//2385 6469//2385
f 1097//2385 6469//2385 1098//2385
f 1098//2384 6469//2384 6470//2384
f 1098//2384 6470//2384 1099//2384
f 1099//2383 6470//2383 6471//2383
f 1099//2383 6471//2383 1100//2383
f 1100//2382 6471//2382 6472//2382
f 1100//2382 6472//2382 1101//2382
f 1101//2381 6472//2381 6473//2381
f 1101//2381 6473//2381 1102//2381
f 1102//2380 6473//2380 6474//2380
f 1102//2380 6474//2380 1103//2380
f 1103//2379 6474//2379 6459//2379
f 1103//2379 6459//2379 1104//2379
f 6461//2379 6460//2379 6459//2379
f 6461//2379 6459//2379 6474//2379
f 6461//2380 6474//2380 6473//2380
f 6461//2380 6473//2380 6462//2380
f 6462//2381 6473//2381 6472//2381
f 6462//2381 6472//2381 6463//2381
f 6463//2382 6472//2382 6471//2382
f 6463//2382 6471//2382 6464//2382
f 6464//2383 6471//2383 6470//2383
f 6464//2383 6470//2383 6465//2383
f 6465//2384 6470//2384 6469//2384
f 6465//2384 6469//2384 6466//2384
f 6466//2385 6469//2385 6468//2385
f 6466//2385 6468//2385 6467//2385
f 6281//2387 1094//2387 1083//2387
f 6281//2387 1083//2387 6279//2387
f 1105//2388 6280//2388 6278//2388
f 1105//2388 6278//2388 1095//2388
f 1087//2389 1086//2389 6475//2389
f 6475//2389 1086//2389 5141//2389
f 6475//2389 5141//2389 6476//2389
f 6476//2389 5141//2389 5143//2389
f 6476//2390 5143//2390 6270//2390
f 6476//2390 6270//2390 6477//2390
f 6477//2391 6270//2391 6269//2391
f 6477//2391 6269//2391 6478//2391
f 6478//2392 6269//2392 6268//2392
f 6478//2392 6268//2392 6479//2392
f 6479//2393 6268//2393 6272//2393
f 6479//2393 6272//2393 6480//2393
f 6480//2394 6272//2394 6274//2394
f 6274//2394 1085//2394 6480//2394
f 6480//2394 1085//2394 6481//2394
f 6480//2393 6481//2393 6482//2393
f 6480//2393 6482//2393 6479//2393
f 6479//2392 6482//2392 6483//2392
f 6479//2392 6483//2392 6478//2392
f 6478//2391 6483//2391 6484//2391
f 6478//2391 6484//2391 6477//2391
f 6477//2390 6484//2390 6475//2390
f 6477//2390 6475//2390 6476//2390
f 1085//2394 1091//2394 6481//2394
f 6481//2393 1091//2393 1090//2393
f 6481//2393 1090//2393 6482//2393
f 6482//2392 1090//2392 1089//2392
f 6482//2392 1089//2392 6483//2392
f 6483//2391 1089//2391 1088//2391
f 6483//2391 1088//2391 6484//2391
f 6484//2390 1088//2390 1087//2390
f 6484//2390 1087//2390 6475//2390
f 6294//2395 6485//2395 6276//2395
f 6276//2395 6485//2395 6486//2395
f 6276//2395 6486//2395 1080//2395
f 1080//2395 6486//2395 1092//2395
f 1092//2396 6486//2396 6487//2396
f 1092//2396 6487//2396 1093//2396
f 1093//2397 6487//2397 6488//2397
f 1093//2397 6488//2397 1082//2397
f 1082//2398 6488//2398 1083//2398
f 1083//2398 6488//2398 6489//2398
f 1083//2398 6489//2398 6279//2398
f 6279//2398 6489//2398 6292//2398
f 6292//2397 6489//2397 6490//2397
f 6292//2397 6490//2397 6293//2397
f 6293//2396 6490//2396 6485//2396
f 6293//2396 6485//2396 6294//2396
f 6487//2396 6486//2396 6485//2396
f 6487//2396 6485//2396 6490//2396
f 6487//2397 6490//2397 6489//2397
f 6487//2397 6489//2397 6488//2397
f 6284//2399 6491//2399 6278//2399
f 6278//2399 6491//2399 6492//2399
f 6278//2399 6492//2399 1095//2399
f 1095//2399 6492//2399 1096//2399
f 1096//2400 6492//2400 6493//2400
f 1096//2400 6493//2400 1106//2400
f 1106//2401 6493//2401 6494//2401
f 1106//2401 6494//2401 1107//2401
f 1107//2402 6494//2402 1081//2402
f 1081//2402 6494//2402 6495//2402
f 1081//2402 6495//2402 6275//2402
f 6275//2402 6495//2402 6277//2402
f 6277//2401 6495//2401 6496//2401
f 6277//2401 6496//2401 6283//2401
f 6283//2400 6496//2400 6491//2400
f 6283//2400 6491//2400 6284//2400
f 6493//2400 6492//2400 6491//2400
f 6493//2400 6491//2400 6496//2400
f 6493//2401 6496//2401 6495//2401
f 6493//2401 6495//2401 6494//2401
f 6273//2403 1079//2403 1081//2403
f 6273//2403 1081//2403 6275//2403
f 1085//2404 6274//2404 6276//2404
f 1085//2404 6276//2404 1080//2404
f 5154//2405 5153//2405 6497//2405
f 6497//2405 5153//2405 1036//2405
f 6497//2405 1036//2405 6498//2405
f 6498//2405 1036//2405 1038//2405
f 6498//2406 1038//2406 1039//2406
f 6498//2406 1039//2406 6499//2406
f 6499//2407 1039//2407 1040//2407
f 6499//2407 1040//2407 6500//2407
f 6500//2408 1040//2408 1041//2408
f 6500//2408 1041//2408 6501//2408
f 6501//2409 1041//2409 1042//2409
f 6501//2409 1042//2409 6502//2409
f 6502//2410 1042//2410 1044//2410
f 1044//2410 6244//2410 6502//2410
f 6502//2410 6244//2410 6503//2410
f 6502//2409 6503//2409 6504//2409
f 6502//2409 6504//2409 6501//2409
f 6501//2408 6504//2408 6505//2408
f 6501//2408 6505//2408 6500//2408
f 6500//2407 6505//2407 6506//2407
f 6500//2407 6506//2407 6499//2407
f 6499//2406 6506//2406 6497//2406
f 6499//2406 6497//2406 6498//2406
f 6244//2410 6242//2410 6503//2410
f 6503//2409 6242//2409 6240//2409
f 6503//2409 6240//2409 6504//2409
f 6504//2408 6240//2408 6239//2408
f 6504//2408 6239//2408 6505//2408
f 6505//2407 6239//2407 6238//2407
f 6505//2407 6238//2407 6506//2407
f 6506//2406 6238//2406 5154//2406
f 6506//2406 5154//2406 6497//2406
f 1070//2411 6507//2411 1062//2411
f 1062//2411 6507//2411 6508//2411
f 1062//2411 6508//2411 6251//2411
f 6251//2411 6508//2411 6253//2411
f 6253//2412 6508//2412 6509//2412
f 6253//2412 6509//2412 6256//2412
f 6256//2413 6509//2413 6510//2413
f 6256//2413 6510//2413 6257//2413
f 6257//2414 6510//2414 6511//2414
f 6257//2414 6511//2414 6258//2414
f 6258//2415 6511//2415 6512//2415
f 6258//2415 6512//2415 6259//2415
f 6259//2416 6512//2416 6513//2416
f 6259//2416 6513//2416 6260//2416
f 6260//2417 6513//2417 6514//2417
f 6260//2417 6514//2417 6262//2417
f 6262//2418 6514//2418 6515//2418
f 6262//2418 6515//2418 6261//2418
f 6261//2419 6515//2419 6252//2419
f 6252//2419 6515//2419 6516//2419
f 6252//2419 6516//2419 1061//2419
f 1061//2419 6516//2419 1063//2419
f 1063//2418 6516//2418 6517//2418
f 1063//2418 6517//2418 1064//2418
f 1064//2417 6517//2417 6518//2417
f 1064//2417 6518//2417 1065//2417
f 1065//2416 6518//2416 6519//2416
f 1065//2416 6519//2416 1066//2416
f 1066//2415 6519//2415 6520//2415
f 1066//2415 6520//2415 1067//2415
f 1067//2414 6520//2414 6521//2414
f 1067//2414 6521//2414 1068//2414
f 1068//2413 6521//2413 6522//2413
f 1068//2413 6522//2413 1069//2413
f 1069//2412 6522//2412 6507//2412
f 1069//2412 6507//2412 1070//2412
f 6509//2412 6508//2412 6507//2412
f 6509//2412 6507//2412 6522//2412
f 6509//2413 6522//2413 6521//2413
f 6509//2413 6521//2413 6510//2413
f 6510//2414 6521//2414 6520//2414
f 6510//2414 6520//2414 6511//2414
f 6511//2415 6520//2415 6519//2415
f 6511//2415 6519//2415 6512//2415
f 6512//2416 6519//2416 6518//2416
f 6512//2416 6518//2416 6513//2416
f 6513//2417 6518//2417 6517//2417
f 6513//2417 6517//2417 6514//2417
f 6514//2418 6517//2418 6516//2418
f 6514//2418 6516//2418 6515//2418
f 6252//2420 1061//2420 1046//2420
f 6252//2420 1046//2420 6250//2420
f 1062//2421 6251//2421 6249//2421
f 1062//2421 6249//2421 1048//2421
f 1054//2422 1053//2422 6523//2422
f 6523//2422 1053//2422 5149//2422
f 6523//2422 5149//2422 6524//2422
f 6524//2422 5149//2422 6266//2422
f 6524//2423 6266//2423 5152//2423
f 6524//2423 5152//2423 6525//2423
f 6525//2424 5152//2424 5151//2424
f 6525//2424 5151//2424 6526//2424
f 6526//2425 5151//2425 6241//2425
f 6526//2425 6241//2425 6527//2425
f 6527//2426 6241//2426 6243//2426
f 6527//2426 6243//2426 6528//2426
f 6528//2427 6243//2427 6245//2427
f 6245//2427 1052//2427 6528//2427
f 6528//2427 1052//2427 6529//2427
f 6528//2426 6529//2426 6530//2426
f 6528//2426 6530//2426 6527//2426
f 6527//2425 6530//2425 6531//2425
f 6527//2425 6531//2425 6526//2425
f 6526//2424 6531//2424 6532//2424
f 6526//2424 6532//2424 6525//2424
f 6525//2423 6532//2423 6523//2423
f 6525//2423 6523//2423 6524//2423
f 1052//2427 1058//2427 6529//2427
f 6529//2426 1058//2426 1057//2426
f 6529//2426 1057//2426 6530//2426
f 6530//2425 1057//2425 1056//2425
f 6530//2425 1056//2425 6531//2425
f 6531//2424 1056//2424 1055//2424
f 6531//2424 1055//2424 6532//2424
f 6532//2423 1055//2423 1054//2423
f 6532//2423 1054//2423 6523//2423
f 6265//2428 6533//2428 6247//2428
f 6247//2428 6533//2428 6534//2428
f 6247//2428 6534//2428 1043//2428
f 1043//2428 6534//2428 1059//2428
f 1059//2429 6534//2429 6535//2429
f 1059//2429 6535//2429 1060//2429
f 1060//2430 6535//2430 6536//2430
f 1060//2430 6536//2430 1045//2430
f 1045//2431 6536//2431 1046//2431
f 1046//2431 6536//2431 6537//2431
f 1046//2431 6537//2431 6250//2431
f 6250//2431 6537//2431 6263//2431
f 6263//2430 6537//2430 6538//2430
f 6263//2430 6538//2430 6264//2430
f 6264//2429 6538//2429 6533//2429
f 6264//2429 6533//2429 6265//2429
f 6535//2429 6534//2429 6533//2429
f 6535//2429 6533//2429 6538//2429
f 6535//2430 6538//2430 6537//2430
f 6535//2430 6537//2430 6536//2430
f 6255//2432 6539//2432 6249//2432
f 6249//2432 6539//2432 6540//2432
f 6249//2432 6540//2432 1048//2432
f 1048//2432 6540//2432 1050//2432
f 1050//2433 6540//2433 6541//2433
f 1050//2433 6541//2433 1071//2433
f 1071//2434 6541//2434 6542//2434
f 1071//2434 6542//2434 1049//2434
f 1049//2435 6542//2435 1047//2435
f 1047//2435 6542//2435 6543//2435
f 1047//2435 6543//2435 6246//2435
f 6246//2435 6543//2435 6248//2435
f 6248//2434 6543//2434 6544//2434
f 6248//2434 6544//2434 6254//2434
f 6254//2433 6544//2433 6539//2433
f 6254//2433 6539//2433 6255//2433
f 6541//2433 6540//2433 6539//2433
f 6541//2433 6539//2433 6544//2433
f 6541//2434 6544//2434 6543//2434
f 6541//2434 6543//2434 6542//2434
f 6244//2436 1044//2436 1047//2436
f 6244//2436 1047//2436 6246//2436
f 1052//2437 6245//2437 6247//2437
f 1052//2437 6247//2437 1043//2437
f 5159//2438 5161//2438 6545//2438
f 6545//2438 5161//2438 1000//2438
f 6545//2438 1000//2438 6546//2438
f 6546//2438 1000//2438 1002//2438
f 6546//2439 1002//2439 1003//2439
f 6546//2439 1003//2439 6547//2439
f 6547//2440 1003//2440 1004//2440
f 6547//2440 1004//2440 6548//2440
f 6548//2441 1004//2441 1005//2441
f 6548//2441 1005//2441 6549//2441
f 6549//2442 1005//2442 1006//2442
f 6549//2442 1006//2442 6550//2442
f 6550//2443 1006//2443 1008//2443
f 1008//2443 6215//2443 6550//2443
f 6550//2443 6215//2443 6551//2443
f 6550//2442 6551//2442 6552//2442
f 6550//2442 6552//2442 6549//2442
f 6549//2441 6552//2441 6553//2441
f 6549//2441 6553//2441 6548//2441
f 6548//2440 6553//2440 6554//2440
f 6548//2440 6554//2440 6547//2440
f 6547//2439 6554//2439 6545//2439
f 6547//2439 6545//2439 6546//2439
f 6215//2443 6213//2443 6551//2443
f 6551//2442 6213//2442 6210//2442
f 6551//2442 6210//2442 6552//2442
f 6552//2441 6210//2441 6209//2441
f 6552//2441 6209//2441 6553//2441
f 6553//2440 6209//2440 5160//2440
f 6553//2440 5160//2440 6554//2440
f 6554//2439 5160//2439 5159//2439
f 6554//2439 5159//2439 6545//2439
f 1035//2444 6555//2444 1028//2444
f 1028//2444 6555//2444 6556//2444
f 1028//2444 6556//2444 6222//2444
f 6222//2444 6556//2444 6224//2444
f 6224//2445 6556//2445 6557//2445
f 6224//2445 6557//2445 6227//2445
f 6227//2446 6557//2446 6558//2446
f 6227//2446 6558//2446 6228//2446
f 6228//2447 6558//2447 6559//2447
f 6228//2447 6559//2447 6229//2447
f 6229//2448 6559//2448 6560//2448
f 6229//2448 6560//2448 6230//2448
f 6230//2449 6560//2449 6561//2449
f 6230//2449 6561//2449 6231//2449
f 6231//2450 6561//2450 6562//2450
f 6231//2450 6562//2450 6232//2450
f 6232//2451 6562//2451 6563//2451
f 6232//2451 6563//2451 6233//2451
f 6233//2452 6563//2452 6223//2452
f 6223//2452 6563//2452 6564//2452
f 6223//2452 6564//2452 1012//2452
f 1012//2452 6564//2452 1027//2452
f 1027//2451 6564//2451 6565//2451
f 1027//2451 6565//2451 1029//2451
f 1029//2450 6565//2450 6566//2450
f 1029//2450 6566//2450 1030//2450
f 1030//2449 6566//2449 6567//2449
f 1030//2449 6567//2449 1031//2449
f 1031//2448 6567//2448 6568//2448
f 1031//2448 6568//2448 1032//2448
f 1032//2447 6568//2447 6569//2447
f 1032//2447 6569//2447 1033//2447
f 1033//2446 6569//2446 6570//2446
f 1033//2446 6570//2446 1034//2446
f 1034//2445 6570//2445 6555//2445
f 1034//2445 6555//2445 1035//2445
f 6557//2445 6556//2445 6555//2445
f 6557//2445 6555//2445 6570//2445
f 6557//2446 6570//2446 6569//2446
f 6557//2446 6569//2446 6558//2446
f 6558//2447 6569//2447 6568//2447
f 6558//2447 6568//2447 6559//2447
f 6559//2448 6568//2448 6567//2448
f 6559//2448 6567//2448 6560//2448
f 6560//2449 6567//2449 6566//2449
f 6560//2449 6566//2449 6561//2449
f 6561//2450 6566//2450 6565//2450
f 6561//2450 6565//2450 6562//2450
f 6562//2451 6565//2451 6564//2451
f 6562//2451 6564//2451 6563//2451
f 6223//2453 1012//2453 1010//2453
f 6223//2453 1010//2453 6221//2453
f 1028//2454 6222//2454 6220//2454
f 1028//2454 6220//2454 1013//2454
f 1020//2455 1019//2455 6571//2455
f 6571//2455 1019//2455 5156//2455
f 6571//2455 5156//2455 6572//2455
f 6572//2455 5156//2455 5158//2455
f 6572//2456 5158//2456 6237//2456
f 6572//2456 6237//2456 6573//2456
f 6573//2457 6237//2457 6212//2457
f 6573//2457 6212//2457 6574//2457
f 6574//2458 6212//2458 6211//2458
f 6574//2458 6211//2458 6575//2458
f 6575//2459 6211//2459 6214//2459
f 6575//2459 6214//2459 6576//2459
f 6576//2460 6214//2460 6216//2460
f 6216//2460 1018//2460 6576//2460
f 6576//2460 1018//2460 6577//2460
f 6576//2459 6577//2459 6578//2459
f 6576//2459 6578//2459 6575//2459
f 6575//2458 6578//2458 6579//2458
f 6575//2458 6579//2458 6574//2458
f 6574//2457 6579//2457 6580//2457
f 6574//2457 6580//2457 6573//2457
f 6573//2456 6580//2456 6571//2456
f 6573//2456 6571//2456 6572//2456
f 1018//2460 1024//2460 6577//2460
f 6577//2459 1024//2459 1023//2459
f 6577//2459 1023//2459 6578//2459
f 6578//2458 1023//2458 1022//2458
f 6578//2458 1022//2458 6579//2458
f 6579//2457 1022//2457 1021//2457
f 6579//2457 1021//2457 6580//2457
f 6580//2456 1021//2456 1020//2456
f 6580//2456 1020//2456 6571//2456
f 6236//2461 6581//2461 6218//2461
f 6218//2461 6581//2461 6582//2461
f 6218//2461 6582//2461 1007//2461
f 1007//2461 6582//2461 1025//2461
f 1025//2462 6582//2462 6583//2462
f 1025//2462 6583//2462 1026//2462
f 1026//2463 6583//2463 6584//2463
f 1026//2463 6584//2463 1009//2463
f 1009//2464 6584//2464 1010//2464
f 1010//2464 6584//2464 6585//2464
f 1010//2464 6585//2464 6221//2464
f 6221//2464 6585//2464 6234//2464
f 6234//2463 6585//2463 6586//2463
f 6234//2463 6586//2463 6235//2463
f 6235//2462 6586//2462 6581//2462
f 6235//2462 6581//2462 6236//2462
f 6583//2462 6582//2462 6581//2462
f 6583//2462 6581//2462 6586//2462
f 6583//2463 6586//2463 6585//2463
f 6583//2463 6585//2463 6584//2463
f 6226//2465 6587//2465 6220//2465
f 6220//2465 6587//2465 6588//2465
f 6220//2465 6588//2465 1013//2465
f 1013//2465 6588//2465 1016//2465
f 1016//2466 6588//2466 6589//2466
f 1016//2466 6589//2466 1015//2466
f 1015//2467 6589//2467 6590//2467
f 1015//2467 6590//2467 1014//2467
f 1014//2468 6590//2468 1011//2468
f 1011//2468 6590//2468 6591//2468
f 1011//2468 6591//2468 6217//2468
f 6217//2468 6591//2468 6219//2468
f 6219//2467 6591//2467 6592//2467
f 6219//2467 6592//2467 6225//2467
f 6225//2466 6592//2466 6587//2466
f 6225//2466 6587//2466 6226//2466
f 6589//2466 6588//2466 6587//2466
f 6589//2466 6587//2466 6592//2466
f 6589//2467 6592//2467 6591//2467
f 6589//2467 6591//2467 6590//2467
f 6215//2469 1008//2469 1011//2469
f 6215//2469 1011//2469 6217//2469
f 1018//2470 6216//2470 6218//2470
f 1018//2470 6218//2470 1007//2470
f 5168//2471 5167//2471 6593//2471
f 6593//2471 5167//2471 964//2471
f 6593//2471 964//2471 6594//2471
f 6594//2471 964//2471 966//2471
f 6594//2472 966//2472 967//2472
f 6594//2472 967//2472 6595//2472
f 6595//2473 967//2473 968//2473
f 6595//2473 968//2473 6596//2473
f 6596//2474 968//2474 969//2474
f 6596//2474 969//2474 6597//2474
f 6597//2475 969//2475 970//2475
f 6597//2475 970//2475 6598//2475
f 6598//2476 970//2476 971//2476
f 971//2476 6185//2476 6598//2476
f 6598//2476 6185//2476 6599//2476
f 6598//2475 6599//2475 6600//2475
f 6598//2475 6600//2475 6597//2475
f 6597//2474 6600//2474 6601//2474
f 6597//2474 6601//2474 6596//2474
f 6596//2473 6601//2473 6602//2473
f 6596//2473 6602//2473 6595//2473
f 6595//2472 6602//2472 6593//2472
f 6595//2472 6593//2472 6594//2472
f 6185//2476 6183//2476 6599//2476
f 6599//2475 6183//2475 6182//2475
f 6599//2475 6182//2475 6600//2475
f 6600//2474 6182//2474 6181//2474
f 6600//2474 6181//2474 6601//2474
f 6601//2473 6181//2473 6180//2473
f 6601//2473 6180//2473 6602//2473
f 6602//2472 6180//2472 5168//2472
f 6602//2472 5168//2472 6593//2472
f 996//2477 6603//2477 987//2477
f 987//2477 6603//2477 6604//2477
f 987//2477 6604//2477 6195//2477
f 6195//2477 6604//2477 6197//2477
f 6197//2478 6604//2478 6605//2478
f 6197//2478 6605//2478 6200//2478
f 6200//2479 6605//2479 6606//2479
f 6200//2479 6606//2479 6201//2479
f 6201//2480 6606//2480 6607//2480
f 6201//2480 6607//2480 6202//2480
f 6202//2481 6607//2481 6608//2481
f 6202//2481 6608//2481 6203//2481
f 6203//2482 6608//2482 6609//2482
f 6203//2482 6609//2482 6204//2482
f 6204//2483 6609//2483 6610//2483
f 6204//2483 6610//2483 6205//2483
f 6205//2484 6610//2484 6611//2484
f 6205//2484 6611//2484 6206//2484
f 6206//2485 6611//2485 6196//2485
f 6196//2485 6611//2485 6612//2485
f 6196//2485 6612//2485 986//2485
f 986//2485 6612//2485 989//2485
f 989//2484 6612//2484 6613//2484
f 989//2484 6613//2484 990//2484
f 990//2483 6613//2483 6614//2483
f 990//2483 6614//2483 991//2483
f 991//2482 6614//2482 6615//2482
f 991//2482 6615//2482 992//2482
f 992//2481 6615//2481 6616//2481
f 992//2481 6616//2481 993//2481
f 993//2480 6616//2480 6617//2480
f 993//2480 6617//2480 994//2480
f 994//2479 6617//2479 6618//2479
f 994//2479 6618//2479 995//2479
f 995//2478 6618//2478 6603//2478
f 995//2478 6603//2478 996//2478
f 6605//2478 6604//2478 6603//2478
f 6605//2478 6603//2478 6618//2478
f 6605//2479 6618//2479 6617//2479
f 6605//2479 6617//2479 6606//2479
f 6606//2480 6617//2480 6616//2480
f 6606//2480 6616//2480 6607//2480
f 6607//2481 6616//2481 6615//2481
f 6607//2481 6615//2481 6608//2481
f 6608//2482 6615//2482 6614//2482
f 6608//2482 6614//2482 6609//2482
f 6609//2483 6614//2483 6613//2483
f 6609//2483 6613//2483 6610//2483
f 6610//2484 6613//2484 6612//2484
f 6610//2484 6612//2484 6611//2484
f 6196//265 986//265 975//265
f 6196//265 975//265 6189//265
f 987//2486 6195//2486 6194//2486
f 987//2486 6194//2486 988//2486
f 980//2487 979//2487 6619//2487
f 6619//2487 979//2487 5162//2487
f 6619//2487 5162//2487 6620//2487
f 6620//2487 5162//2487 5164//2487
f 6620//2488 5164//2488 6207//2488
f 6620//2488 6207//2488 6621//2488
f 6621//2489 6207//2489 5166//2489
f 6621//2489 5166//2489 6622//2489
f 6622//2490 5166//2490 5165//2490
f 6622//2490 5165//2490 6623//2490
f 6623//2491 5165//2491 6184//2491
f 6623//2491 6184//2491 6624//2491
f 6624//2492 6184//2492 6186//2492
f 6186//2492 978//2492 6624//2492
f 6624//2492 978//2492 6625//2492
f 6624//2491 6625//2491 6626//2491
f 6624//2491 6626//2491 6623//2491
f 6623//2490 6626//2490 6627//2490
f 6623//2490 6627//2490 6622//2490
f 6622//2489 6627//2489 6628//2489
f 6622//2489 6628//2489 6621//2489
f 6621//2488 6628//2488 6619//2488
f 6621//2488 6619//2488 6620//2488
f 978//2492 984//2492 6625//2492
f 6625//2491 984//2491 983//2491
f 6625//2491 983//2491 6626//2491
f 6626//2490 983//2490 982//2490
f 6626//2490 982//2490 6627//2490
f 6627//2489 982//2489 981//2489
f 6627//2489 981//2489 6628//2489
f 6628//2488 981//2488 980//2488
f 6628//2488 980//2488 6619//2488
f 6190//2493 6629//2493 6188//2493
f 6188//2493 6629//2493 6630//2493
f 6188//2493 6630//2493 972//2493
f 972//2493 6630//2493 974//2493
f 974//2494 6630//2494 6631//2494
f 974//2494 6631//2494 976//2494
f 976//2495 6631//2495 6632//2495
f 976//2495 6632//2495 985//2495
f 985//2496 6632//2496 975//2496
f 975//2496 6632//2496 6633//2496
f 975//2496 6633//2496 6189//2496
f 6189//2496 6633//2496 6192//2496
f 6192//2495 6633//2495 6634//2495
f 6192//2495 6634//2495 6191//2495
f 6191//2494 6634//2494 6629//2494
f 6191//2494 6629//2494 6190//2494
f 6631//2494 6630//2494 6629//2494
f 6631//2494 6629//2494 6634//2494
f 6631//2495 6634//2495 6633//2495
f 6631//2495 6633//2495 6632//2495
f 6199//2497 6635//2497 6194//2497
f 6194//2497 6635//2497 6636//2497
f 6194//2497 6636//2497 988//2497
f 988//2497 6636//2497 997//2497
f 997//2498 6636//2498 6637//2498
f 997//2498 6637//2498 998//2498
f 998//2499 6637//2499 6638//2499
f 998//2499 6638//2499 999//2499
f 999//2500 6638//2500 973//2500
f 973//2500 6638//2500 6639//2500
f 973//2500 6639//2500 6187//2500
f 6187//2500 6639//2500 6193//2500
f 6193//2499 6639//2499 6640//2499
f 6193//2499 6640//2499 6198//2499
f 6198//2498 6640//2498 6635//2498
f 6198//2498 6635//2498 6199//2498
f 6637//2498 6636//2498 6635//2498
f 6637//2498 6635//2498 6640//2498
f 6637//2499 6640//2499 6639//2499
f 6637//2499 6639//2499 6638//2499
f 6185//2501 971//2501 973//2501
f 6185//2501 973//2501 6187//2501
f 978//2502 6186//2502 6188//2502
f 978//2502 6188//2502 972//2502
f 5174//2503 5173//2503 6641//2503
f 6641//2503 5173//2503 928//2503
f 6641//2503 928//2503 6642//2503
f 6642//2503 928//2503 930//2503
f 6642//2504 930//2504 931//2504
f 6642//2504 931//2504 6643//2504
f 6643//2505 931//2505 932//2505
f 6643//2505 932//2505 6644//2505
f 6644//2506 932//2506 933//2506
f 6644//2506 933//2506 6645//2506
f 6645//2507 933//2507 934//2507
f 6645//2507 934//2507 6646//2507
f 6646//2508 934//2508 935//2508
f 935//2508 6157//2508 6646//2508
f 6646//2508 6157//2508 6647//2508
f 6646//2507 6647//2507 6648//2507
f 6646//2507 6648//2507 6645//2507
f 6645//2506 6648//2506 6649//2506
f 6645//2506 6649//2506 6644//2506
f 6644//2505 6649//2505 6650//2505
f 6644//2505 6650//2505 6643//2505
f 6643//2504 6650//2504 6641//2504
f 6643//2504 6641//2504 6642//2504
f 6157//2508 6155//2508 6647//2508
f 6647//2507 6155//2507 6152//2507
f 6647//2507 6152//2507 6648//2507
f 6648//2506 6152//2506 6151//2506
f 6648//2506 6151//2506 6649//2506
f 6649//2505 6151//2505 6150//2505
f 6649//2505 6150//2505 6650//2505
f 6650//2504 6150//2504 5174//2504
f 6650//2504 5174//2504 6641//2504
f 955//2509 6651//2509 951//2509
f 951//2509 6651//2509 6652//2509
f 951//2509 6652//2509 6164//2509
f 6164//2509 6652//2509 6166//2509
f 6166//2510 6652//2510 6653//2510
f 6166//2510 6653//2510 6169//2510
f 6169//2511 6653//2511 6654//2511
f 6169//2511 6654//2511 6170//2511
f 6170//2512 6654//2512 6655//2512
f 6170//2512 6655//2512 6171//2512
f 6171//2513 6655//2513 6656//2513
f 6171//2513 6656//2513 6172//2513
f 6172//2514 6656//2514 6657//2514
f 6172//2514 6657//2514 6173//2514
f 6173//2515 6657//2515 6658//2515
f 6173//2515 6658//2515 6174//2515
f 6174//2516 6658//2516 6659//2516
f 6174//2516 6659//2516 6175//2516
f 6175//2517 6659//2517 6165//2517
f 6165//2517 6659//2517 6660//2517
f 6165//2517 6660//2517 954//2517
f 954//2517 6660//2517 956//2517
f 956//2516 6660//2516 6661//2516
f 956//2516 6661//2516 957//2516
f 957//2515 6661//2515 6662//2515
f 957//2515 6662//2515 958//2515
f 958//2514 6662//2514 6663//2514
f 958//2514 6663//2514 959//2514
f 959//2513 6663//2513 6664//2513
f 959//2513 6664//2513 960//2513
f 960//2512 6664//2512 6665//2512
f 960//2512 6665//2512 961//2512
f 961//2511 6665//2511 6666//2511
f 961//2511 6666//2511 962//2511
f 962//2510 6666//2510 6651//2510
f 962//2510 6651//2510 955//2510
f 6653//2510 6652//2510 6651//2510
f 6653//2510 6651//2510 6666//2510
f 6653//2511 6666//2511 6665//2511
f 6653//2511 6665//2511 6654//2511
f 6654//2512 6665//2512 6664//2512
f 6654//2512 6664//2512 6655//2512
f 6655//2513 6664//2513 6663//2513
f 6655//2513 6663//2513 6656//2513
f 6656//2514 6663//2514 6662//2514
f 6656//2514 6662//2514 6657//2514
f 6657//2515 6662//2515 6661//2515
f 6657//2515 6661//2515 6658//2515
f 6658//2516 6661//2516 6660//2516
f 6658//2516 6660//2516 6659//2516
f 6165//2518 954//2518 950//2518
f 6165//2518 950//2518 6163//2518
f 951//2519 6164//2519 6162//2519
f 951//2519 6162//2519 946//2519
f 941//2520 940//2520 6667//2520
f 6667//2520 940//2520 5171//2520
f 6667//2520 5171//2520 6668//2520
f 6668//2520 5171//2520 5170//2520
f 6668//2521 5170//2521 5172//2521
f 6668//2521 5172//2521 6669//2521
f 6669//2522 5172//2522 6154//2522
f 6669//2522 6154//2522 6670//2522
f 6670//2523 6154//2523 6153//2523
f 6670//2523 6153//2523 6671//2523
f 6671//2524 6153//2524 6156//2524
f 6671//2524 6156//2524 6672//2524
f 6672//2525 6156//2525 6158//2525
f 6158//2525 939//2525 6672//2525
f 6672//2525 939//2525 6673//2525
f 6672//2524 6673//2524 6674//2524
f 6672//2524 6674//2524 6671//2524
f 6671//2523 6674//2523 6675//2523
f 6671//2523 6675//2523 6670//2523
f 6670//2522 6675//2522 6676//2522
f 6670//2522 6676//2522 6669//2522
f 6669//2521 6676//2521 6667//2521
f 6669//2521 6667//2521 6668//2521
f 939//2525 938//2525 6673//2525
f 6673//2524 938//2524 944//2524
f 6673//2524 944//2524 6674//2524
f 6674//2523 944//2523 943//2523
f 6674//2523 943//2523 6675//2523
f 6675//2522 943//2522 942//2522
f 6675//2522 942//2522 6676//2522
f 6676//2521 942//2521 941//2521
f 6676//2521 941//2521 6667//2521
f 6178//2526 6677//2526 6160//2526
f 6160//2526 6677//2526 6678//2526
f 6160//2526 6678//2526 945//2526
f 945//2526 6678//2526 949//2526
f 949//2527 6678//2527 6679//2527
f 949//2527 6679//2527 952//2527
f 952//2528 6679//2528 6680//2528
f 952//2528 6680//2528 953//2528
f 953//2529 6680//2529 950//2529
f 950//2529 6680//2529 6681//2529
f 950//2529 6681//2529 6163//2529
f 6163//2529 6681//2529 6176//2529
f 6176//2528 6681//2528 6682//2528
f 6176//2528 6682//2528 6177//2528
f 6177//2527 6682//2527 6677//2527
f 6177//2527 6677//2527 6178//2527
f 6679//2527 6678//2527 6677//2527
f 6679//2527 6677//2527 6682//2527
f 6679//2528 6682//2528 6681//2528
f 6679//2528 6681//2528 6680//2528
f 6168//2530 6683//2530 6162//2530
f 6162//2530 6683//2530 6684//2530
f 6162//2530 6684//2530 946//2530
f 946//2530 6684//2530 947//2530
f 947//2531 6684//2531 6685//2531
f 947//2531 6685//2531 948//2531
f 948//2532 6685//2532 6686//2532
f 948//2532 6686//2532 963//2532
f 963//2533 6686//2533 937//2533
f 937//2533 6686//2533 6687//2533
f 937//2533 6687//2533 6159//2533
f 6159//2533 6687//2533 6161//2533
f 6161//2532 6687//2532 6688//2532
f 6161//2532 6688//2532 6167//2532
f 6167//2531 6688//2531 6683//2531
f 6167//2531 6683//2531 6168//2531
f 6685//2531 6684//2531 6683//2531
f 6685//2531 6683//2531 6688//2531
f 6685//2532 6688//2532 6687//2532
f 6685//2532 6687//2532 6686//2532
f 6157//2534 935//2534 937//2534
f 6157//2534 937//2534 6159//2534
f 939//2535 6158//2535 6160//2535
f 939//2535 6160//2535 945//2535
f 5189//2536 5188//2536 6689//2536
f 6689//2536 5188//2536 856//2536
f 6689//2536 856//2536 6690//2536
f 6690//2536 856//2536 858//2536
f 6690//2537 858//2537 859//2537
f 6690//2537 859//2537 6691//2537
f 6691//2538 859//2538 860//2538
f 6691//2538 860//2538 6692//2538
f 6692//2539 860//2539 861//2539
f 6692//2539 861//2539 6693//2539
f 6693//2540 861//2540 862//2540
f 6693//2540 862//2540 6694//2540
f 6694//2541 862//2541 863//2541
f 863//2541 6099//2541 6694//2541
f 6694//2541 6099//2541 6695//2541
f 6694//2540 6695//2540 6696//2540
f 6694//2540 6696//2540 6693//2540
f 6693//2539 6696//2539 6697//2539
f 6693//2539 6697//2539 6692//2539
f 6692//2538 6697//2538 6698//2538
f 6692//2538 6698//2538 6691//2538
f 6691//2537 6698//2537 6689//2537
f 6691//2537 6689//2537 6690//2537
f 6099//2541 6097//2541 6695//2541
f 6695//2540 6097//2540 6095//2540
f 6695//2540 6095//2540 6696//2540
f 6696//2539 6095//2539 6094//2539
f 6696//2539 6094//2539 6697//2539
f 6697//2538 6094//2538 6093//2538
f 6697//2538 6093//2538 6698//2538
f 6698//2537 6093//2537 5189//2537
f 6698//2537 5189//2537 6689//2537
f 879//2542 6699//2542 880//2542
f 880//2542 6699//2542 6700//2542
f 880//2542 6700//2542 6109//2542
f 6109//2542 6700//2542 6111//2542
f 6111//2543 6700//2543 6701//2543
f 6111//2543 6701//2543 6112//2543
f 6112//2544 6701//2544 6702//2544
f 6112//2544 6702//2544 6113//2544
f 6113//2545 6702//2545 6703//2545
f 6113//2545 6703//2545 6114//2545
f 6114//2546 6703//2546 6704//2546
f 6114//2546 6704//2546 6115//2546
f 6115//2547 6704//2547 6705//2547
f 6115//2547 6705//2547 6116//2547
f 6116//2548 6705//2548 6706//2548
f 6116//2548 6706//2548 6117//2548
f 6117//2549 6706//2549 6707//2549
f 6117//2549 6707//2549 6110//2549
f 6110//2550 6707//2550 6105//2550
f 6105//2550 6707//2550 6708//2550
f 6105//2550 6708//2550 878//2550
f 878//2550 6708//2550 881//2550
f 881//2549 6708//2549 6709//2549
f 881//2549 6709//2549 882//2549
f 882//2548 6709//2548 6710//2548
f 882//2548 6710//2548 883//2548
f 883//2547 6710//2547 6711//2547
f 883//2547 6711//2547 884//2547
f 884//2546 6711//2546 6712//2546
f 884//2546 6712//2546 885//2546
f 885//2545 6712//2545 6713//2545
f 885//2545 6713//2545 886//2545
f 886//2544 6713//2544 6714//2544
f 886//2544 6714//2544 887//2544
f 887//2543 6714//2543 6699//2543
f 887//2543 6699//2543 879//2543
f 6701//2543 6700//2543 6699//2543
f 6701//2543 6699//2543 6714//2543
f 6701//2544 6714//2544 6713//2544
f 6701//2544 6713//2544 6702//2544
f 6702//2545 6713//2545 6712//2545
f 6702//2545 6712//2545 6703//2545
f 6703//2546 6712//2546 6711//2546
f 6703//2546 6711//2546 6704//2546
f 6704//2547 6711//2547 6710//2547
f 6704//2547 6710//2547 6705//2547
f 6705//2548 6710//2548 6709//2548
f 6705//2548 6709//2548 6706//2548
f 6706//2549 6709//2549 6708//2549
f 6706//2549 6708//2549 6707//2549
f 6105//2551 878//2551 877//2551
f 6105//2551 877//2551 6106//2551
f 880//2552 6109//2552 6104//2552
f 880//2552 6104//2552 888//2552
f 869//2553 868//2553 6715//2553
f 6715//2553 868//2553 5183//2553
f 6715//2553 5183//2553 6716//2553
f 6716//2553 5183//2553 5185//2553
f 6716//2554 5185//2554 5187//2554
f 6716//2554 5187//2554 6717//2554
f 6717//2555 5187//2555 5186//2555
f 6717//2555 5186//2555 6718//2555
f 6718//2556 5186//2556 6096//2556
f 6718//2556 6096//2556 6719//2556
f 6719//2557 6096//2557 6098//2557
f 6719//2557 6098//2557 6720//2557
f 6720//2558 6098//2558 6100//2558
f 6100//2558 866//2558 6720//2558
f 6720//2558 866//2558 6721//2558
f 6720//2557 6721//2557 6722//2557
f 6720//2557 6722//2557 6719//2557
f 6719//2556 6722//2556 6723//2556
f 6719//2556 6723//2556 6718//2556
f 6718//2555 6723//2555 6724//2555
f 6718//2555 6724//2555 6717//2555
f 6717//2554 6724//2554 6715//2554
f 6717//2554 6715//2554 6716//2554
f 866//2558 873//2558 6721//2558
f 6721//2557 873//2557 872//2557
f 6721//2557 872//2557 6722//2557
f 6722//2556 872//2556 871//2556
f 6722//2556 871//2556 6723//2556
f 6723//2555 871//2555 870//2555
f 6723//2555 870//2555 6724//2555
f 6724//2554 870//2554 869//2554
f 6724//2554 869//2554 6715//2554
f 6120//2559 6725//2559 6102//2559
f 6102//2559 6725//2559 6726//2559
f 6102//2559 6726//2559 867//2559
f 867//2559 6726//2559 874//2559
f 874//2560 6726//2560 6727//2560
f 874//2560 6727//2560 875//2560
f 875//2561 6727//2561 6728//2561
f 875//2561 6728//2561 876//2561
f 876//2562 6728//2562 877//2562
f 877//2562 6728//2562 6729//2562
f 877//2562 6729//2562 6106//2562
f 6106//2562 6729//2562 6118//2562
f 6118//2561 6729//2561 6730//2561
f 6118//2561 6730//2561 6119//2561
f 6119//2560 6730//2560 6725//2560
f 6119//2560 6725//2560 6120//2560
f 6727//2560 6726//2560 6725//2560
f 6727//2560 6725//2560 6730//2560
f 6727//2561 6730//2561 6729//2561
f 6727//2561 6729//2561 6728//2561
f 6108//2563 6731//2563 6104//2563
f 6104//2563 6731//2563 6732//2563
f 6104//2563 6732//2563 888//2563
f 888//2563 6732//2563 889//2563
f 889//2564 6732//2564 6733//2564
f 889//2564 6733//2564 890//2564
f 890//2565 6733//2565 6734//2565
f 890//2565 6734//2565 891//2565
f 891//2566 6734//2566 865//2566
f 865//2566 6734//2566 6735//2566
f 865//2566 6735//2566 6101//2566
f 6101//2566 6735//2566 6103//2566
f 6103//2565 6735//2565 6736//2565
f 6103//2565 6736//2565 6107//2565
f 6107//2564 6736//2564 6731//2564
f 6107//2564 6731//2564 6108//2564
f 6733//2564 6732//2564 6731//2564
f 6733//2564 6731//2564 6736//2564
f 6733//2565 6736//2565 6735//2565
f 6733//2565 6735//2565 6734//2565
f 6099//2567 863//2567 865//2567
f 6099//2567 865//2567 6101//2567
f 866//2568 6100//2568 6102//2568
f 866//2568 6102//2568 867//2568
f 6121//2569 5182//2569 6737//2569
f 6737//2569 5182//2569 892//2569
f 6737//2569 892//2569 6738//2569
f 6738//2569 892//2569 894//2569
f 6738//2570 894//2570 895//2570
f 6738//2570 895//2570 6739//2570
f 6739//2571 895//2571 896//2571
f 6739//2571 896//2571 6740//2571
f 6740//2572 896//2572 897//2572
f 6740//2572 897//2572 6741//2572
f 6741//2573 897//2573 898//2573
f 6741//2573 898//2573 6742//2573
f 6742//2574 898//2574 899//2574
f 899//2574 6128//2574 6742//2574
f 6742//2574 6128//2574 6743//2574
f 6742//2573 6743//2573 6744//2573
f 6742//2573 6744//2573 6741//2573
f 6741//2572 6744//2572 6745//2572
f 6741//2572 6745//2572 6740//2572
f 6740//2571 6745//2571 6746//2571
f 6740//2571 6746//2571 6739//2571
f 6739//2570 6746//2570 6737//2570
f 6739//2570 6737//2570 6738//2570
f 6128//2574 6126//2574 6743//2574
f 6743//2573 6126//2573 6122//2573
f 6743//2573 6122//2573 6744//2573
f 6744//2572 6122//2572 5180//2572
f 6744//2572 5180//2572 6745//2572
f 6745//2571 5180//2571 5179//2571
f 6745//2571 5179//2571 6746//2571
f 6746//2570 5179//2570 6121//2570
f 6746//2570 6121//2570 6737//2570
f 919//2575 6747//2575 915//2575
f 915//2575 6747//2575 6748//2575
f 915//2575 6748//2575 6135//2575
f 6135//2575 6748//2575 6137//2575
f 6137//2576 6748//2576 6749//2576
f 6137//2576 6749//2576 6140//2576
f 6140//2577 6749//2577 6750//2577
f 6140//2577 6750//2577 6141//2577
f 6141//2578 6750//2578 6751//2578
f 6141//2578 6751//2578 6142//2578
f 6142//2579 6751//2579 6752//2579
f 6142//2579 6752//2579 6143//2579
f 6143//2580 6752//2580 6753//2580
f 6143//2580 6753//2580 6144//2580
f 6144//2581 6753//2581 6754//2581
f 6144//2581 6754//2581 6145//2581
f 6145//2582 6754//2582 6755//2582
f 6145//2582 6755//2582 6146//2582
f 6146//2583 6755//2583 6136//2583
f 6136//2583 6755//2583 6756//2583
f 6136//2583 6756//2583 918//2583
f 918//2583 6756//2583 920//2583
f 920//2582 6756//2582 6757//2582
f 920//2582 6757//2582 921//2582
f 921//2581 6757//2581 6758//2581
f 921//2581 6758//2581 922//2581
f 922//2580 6758//2580 6759//2580
f 922//2580 6759//2580 923//2580
f 923//2579 6759//2579 6760//2579
f 923//2579 6760//2579 924//2579
f 924//2578 6760//2578 6761//2578
f 924//2578 6761//2578 925//2578
f 925//2577 6761//2577 6762//2577
f 925//2577 6762//2577 926//2577
f 926//2576 6762//2576 6747//2576
f 926//2576 6747//2576 919//2576
f 6749//2576 6748//2576 6747//2576
f 6749//2576 6747//2576 6762//2576
f 6749//2577 6762//2577 6761//2577
f 6749//2577 6761//2577 6750//2577
f 6750//2578 6761//2578 6760//2578
f 6750//2578 6760//2578 6751//2578
f 6751//2579 6760//2579 6759//2579
f 6751//2579 6759//2579 6752//2579
f 6752//2580 6759//2580 6758//2580
f 6752//2580 6758//2580 6753//2580
f 6753//2581 6758//2581 6757//2581
f 6753//2581 6757//2581 6754//2581
f 6754//2582 6757//2582 6756//2582
f 6754//2582 6756//2582 6755//2582
f 6136//2584 918//2584 914//2584
f 6136//2584 914//2584 6134//2584
f 915//2585 6135//2585 6133//2585
f 915//2585 6133//2585 910//2585
f 905//2586 904//2586 6763//2586
f 6763//2586 904//2586 5176//2586
f 6763//2586 5176//2586 6764//2586
f 6764//2586 5176//2586 5178//2586
f 6764//2587 5178//2587 6125//2587
f 6764//2587 6125//2587 6765//2587
f 6765//2588 6125//2588 6124//2588
f 6765//2588 6124//2588 6766//2588
f 6766//2589 6124//2589 6123//2589
f 6766//2589 6123//2589 6767//2589
f 6767//2590 6123//2590 6127//2590
f 6767//2590 6127//2590 6768//2590
f 6768//2591 6127//2591 6129//2591
f 6129//2591 903//2591 6768//2591
f 6768//2591 903//2591 6769//2591
f 6768//2590 6769//2590 6770//2590
f 6768//2590 6770//2590 6767//2590
f 6767//2589 6770//2589 6771//2589
f 6767//2589 6771//2589 6766//2589
f 6766//2588 6771//2588 6772//2588
f 6766//2588 6772//2588 6765//2588
f 6765//2587 6772//2587 6763//2587
f 6765//2587 6763//2587 6764//2587
f 903//2591 902//2591 6769//2591
f 6769//2590 902//2590 908//2590
f 6769//2590 908//2590 6770//2590
f 6770//2589 908//2589 907//2589
f 6770//2589 907//2589 6771//2589
f 6771//2588 907//2588 906//2588
f 6771//2588 906//2588 6772//2588
f 6772//2587 906//2587 905//2587
f 6772//2587 905//2587 6763//2587
f 6147//2592 6773//2592 6131//2592
f 6131//2592 6773//2592 6774//2592
f 6131//2592 6774//2592 909//2592
f 909//2592 6774//2592 913//2592
f 913//2593 6774//2593 6775//2593
f 913//2593 6775//2593 916//2593
f 916//2594 6775//2594 6776//2594
f 916//2594 6776//2594 917//2594
f 917//2595 6776//2595 914//2595
f 914//2595 6776//2595 6777//2595
f 914//2595 6777//2595 6134//2595
f 6134//2595 6777//2595 6149//2595
f 6149//2594 6777//2594 6778//2594
f 6149//2594 6778//2594 6148//2594
f 6148//2593 6778//2593 6773//2593
f 6148//2593 6773//2593 6147//2593
f 6775//2593 6774//2593 6773//2593
f 6775//2593 6773//2593 6778//2593
f 6775//2594 6778//2594 6777//2594
f 6775//2594 6777//2594 6776//2594
f 6139//2596 6779//2596 6133//2596
f 6133//2596 6779//2596 6780//2596
f 6133//2596 6780//2596 910//2596
f 910//2596 6780//2596 911//2596
f 911//2597 6780//2597 6781//2597
f 911//2597 6781//2597 912//2597
f 912//2598 6781//2598 6782//2598
f 912//2598 6782//2598 927//2598
f 927//2599 6782//2599 901//2599
f 901//2599 6782//2599 6783//2599
f 901//2599 6783//2599 6130//2599
f 6130//2599 6783//2599 6132//2599
f 6132//2598 6783//2598 6784//2598
f 6132//2598 6784//2598 6138//2598
f 6138//2597 6784//2597 6779//2597
f 6138//2597 6779//2597 6139//2597
f 6781//2597 6780//2597 6779//2597
f 6781//2597 6779//2597 6784//2597
f 6781//2598 6784//2598 6783//2598
f 6781//2598 6783//2598 6782//2598
f 6128//2600 899//2600 901//2600
f 6128//2600 901//2600 6130//2600
f 903//2601 6129//2601 6131//2601
f 903//2601 6131//2601 909//2601
f 5195//2602 5198//2602 6785//2602
f 6785//2602 5198//2602 820//2602
f 6785//2602 820//2602 6786//2602
f 6786//2602 820//2602 822//2602
f 6786//2603 822//2603 823//2603
f 6786//2603 823//2603 6787//2603
f 6787//2604 823//2604 824//2604
f 6787//2604 824//2604 6788//2604
f 6788//2605 824//2605 825//2605
f 6788//2605 825//2605 6789//2605
f 6789//2606 825//2606 826//2606
f 6789//2606 826//2606 6790//2606
f 6790//2607 826//2607 827//2607
f 827//2607 6071//2607 6790//2607
f 6790//2607 6071//2607 6791//2607
f 6790//2606 6791//2606 6792//2606
f 6790//2606 6792//2606 6789//2606
f 6789//2605 6792//2605 6793//2605
f 6789//2605 6793//2605 6788//2605
f 6788//2604 6793//2604 6794//2604
f 6788//2604 6794//2604 6787//2604
f 6787//2603 6794//2603 6785//2603
f 6787//2603 6785//2603 6786//2603
f 6071//2607 6069//2607 6791//2607
f 6791//2606 6069//2606 6066//2606
f 6791//2606 6066//2606 6792//2606
f 6792//2605 6066//2605 6065//2605
f 6792//2605 6065//2605 6793//2605
f 6793//2604 6065//2604 5196//2604
f 6793//2604 5196//2604 6794//2604
f 6794//2603 5196//2603 5195//2603
f 6794//2603 5195//2603 6785//2603
f 843//2608 6795//2608 844//2608
f 844//2608 6795//2608 6796//2608
f 844//2608 6796//2608 6081//2608
f 6081//2608 6796//2608 6082//2608
f 6082//2609 6796//2609 6797//2609
f 6082//2609 6797//2609 6083//2609
f 6083//2610 6797//2610 6798//2610
f 6083//2610 6798//2610 6084//2610
f 6084//2611 6798//2611 6799//2611
f 6084//2611 6799//2611 6085//2611
f 6085//2612 6799//2612 6800//2612
f 6085//2612 6800//2612 6086//2612
f 6086//2613 6800//2613 6801//2613
f 6086//2613 6801//2613 6087//2613
f 6087//2614 6801//2614 6802//2614
f 6087//2614 6802//2614 6088//2614
f 6088//2615 6802//2615 6803//2615
f 6088//2615 6803//2615 6089//2615
f 6089//2616 6803//2616 6077//2616
f 6077//2616 6803//2616 6804//2616
f 6077//2616 6804//2616 842//2616
f 842//2616 6804//2616 845//2616
f 845//2615 6804//2615 6805//2615
f 845//2615 6805//2615 846//2615
f 846//2614 6805//2614 6806//2614
f 846//2614 6806//2614 847//2614
f 847//2613 6806//2613 6807//2613
f 847//2613 6807//2613 848//2613
f 848//2612 6807//2612 6808//2612
f 848//2612 6808//2612 849//2612
f 849//2611 6808//2611 6809//2611
f 849//2611 6809//2611 850//2611
f 850//2610 6809//2610 6810//2610
f 850//2610 6810//2610 851//2610
f 851//2609 6810//2609 6795//2609
f 851//2609 6795//2609 843//2609
f 6797//2609 6796//2609 6795//2609
f 6797//2609 6795//2609 6810//2609
f 6797//2610 6810//2610 6809//2610
f 6797//2610 6809//2610 6798//2610
f 6798//2611 6809//2611 6808//2611
f 6798//2611 6808//2611 6799//2611
f 6799//2612 6808//2612 6807//2612
f 6799//2612 6807//2612 6800//2612
f 6800//2613 6807//2613 6806//2613
f 6800//2613 6806//2613 6801//2613
f 6801//2614 6806//2614 6805//2614
f 6801//2614 6805//2614 6802//2614
f 6802//2615 6805//2615 6804//2615
f 6802//2615 6804//2615 6803//2615
f 6077//2617 842//2617 841//2617
f 6077//2617 841//2617 6078//2617
f 844//2618 6081//2618 6076//2618
f 844//2618 6076//2618 852//2618
f 833//2619 832//2619 6811//2619
f 6811//2619 832//2619 5191//2619
f 6811//2619 5191//2619 6812//2619
f 6812//2619 5191//2619 5194//2619
f 6812//2620 5194//2620 5193//2620
f 6812//2620 5193//2620 6813//2620
f 6813//2621 5193//2621 6068//2621
f 6813//2621 6068//2621 6814//2621
f 6814//2622 6068//2622 6067//2622
f 6814//2622 6067//2622 6815//2622
f 6815//2623 6067//2623 6070//2623
f 6815//2623 6070//2623 6816//2623
f 6816//2624 6070//2624 6072//2624
f 6072//2624 830//2624 6816//2624
f 6816//2624 830//2624 6817//2624
f 6816//2623 6817//2623 6818//2623
f 6816//2623 6818//2623 6815//2623
f 6815//2622 6818//2622 6819//2622
f 6815//2622 6819//2622 6814//2622
f 6814//2621 6819//2621 6820//2621
f 6814//2621 6820//2621 6813//2621
f 6813//2620 6820//2620 6811//2620
f 6813//2620 6811//2620 6812//2620
f 830//2624 837//2624 6817//2624
f 6817//2623 837//2623 836//2623
f 6817//2623 836//2623 6818//2623
f 6818//2622 836//2622 835//2622
f 6818//2622 835//2622 6819//2622
f 6819//2621 835//2621 834//2621
f 6819//2621 834//2621 6820//2621
f 6820//2620 834//2620 833//2620
f 6820//2620 833//2620 6811//2620
f 6092//2625 6821//2625 6074//2625
f 6074//2625 6821//2625 6822//2625
f 6074//2625 6822//2625 831//2625
f 831//2625 6822//2625 838//2625
f 838//2626 6822//2626 6823//2626
f 838//2626 6823//2626 839//2626
f 839//2627 6823//2627 6824//2627
f 839//2627 6824//2627 840//2627
f 840//2628 6824//2628 841//2628
f 841//2628 6824//2628 6825//2628
f 841//2628 6825//2628 6078//2628
f 6078//2628 6825//2628 6090//2628
f 6090//2627 6825//2627 6826//2627
f 6090//2627 6826//2627 6091//2627
f 6091//2626 6826//2626 6821//2626
f 6091//2626 6821//2626 6092//2626
f 6823//2626 6822//2626 6821//2626
f 6823//2626 6821//2626 6826//2626
f 6823//2627 6826//2627 6825//2627
f 6823//2627 6825//2627 6824//2627
f 6080//2629 6827//2629 6076//2629
f 6076//2629 6827//2629 6828//2629
f 6076//2629 6828//2629 852//2629
f 852//2629 6828//2629 853//2629
f 853//2630 6828//2630 6829//2630
f 853//2630 6829//2630 854//2630
f 854//2631 6829//2631 6830//2631
f 854//2631 6830//2631 855//2631
f 855//2632 6830//2632 829//2632
f 829//2632 6830//2632 6831//2632
f 829//2632 6831//2632 6073//2632
f 6073//2632 6831//2632 6075//2632
f 6075//2631 6831//2631 6832//2631
f 6075//2631 6832//2631 6079//2631
f 6079//2630 6832//2630 6827//2630
f 6079//2630 6827//2630 6080//2630
f 6829//2630 6828//2630 6827//2630
f 6829//2630 6827//2630 6832//2630
f 6829//2631 6832//2631 6831//2631
f 6829//2631 6831//2631 6830//2631
f 6071//2633 827//2633 829//2633
f 6071//2633 829//2633 6073//2633
f 830//2634 6072//2634 6074//2634
f 830//2634 6074//2634 831//2634
f 6035//2635 4922//2635 6833//2635
f 6833//2635 4922//2635 784//2635
f 6833//2635 784//2635 6834//2635
f 6834//2635 784//2635 786//2635
f 6834//2636 786//2636 787//2636
f 6834//2636 787//2636 6835//2636
f 6835//2637 787//2637 788//2637
f 6835//2637 788//2637 6836//2637
f 6836//2638 788//2638 789//2638
f 6836//2638 789//2638 6837//2638
f 6837//2639 789//2639 790//2639
f 6837//2639 790//2639 6838//2639
f 6838//2640 790//2640 792//2640
f 792//2640 6042//2640 6838//2640
f 6838//2640 6042//2640 6839//2640
f 6838//2639 6839//2639 6840//2639
f 6838//2639 6840//2639 6837//2639
f 6837//2638 6840//2638 6841//2638
f 6837//2638 6841//2638 6836//2638
f 6836//2637 6841//2637 6842//2637
f 6836//2637 6842//2637 6835//2637
f 6835//2636 6842//2636 6833//2636
f 6835//2636 6833//2636 6834//2636
f 6042//2640 6040//2640 6839//2640
f 6839//2639 6040//2639 6038//2639
f 6839//2639 6038//2639 6840//2639
f 6840//2638 6038//2638 6037//2638
f 6840//2638 6037//2638 6841//2638
f 6841//2637 6037//2637 6036//2637
f 6841//2637 6036//2637 6842//2637
f 6842//2636 6036//2636 6035//2636
f 6842//2636 6035//2636 6833//2636
f 814//2641 6843//2641 812//2641
f 812//2641 6843//2641 6844//2641
f 812//2641 6844//2641 6053//2641
f 6053//2641 6844//2641 6054//2641
f 6054//1360 6844//1360 6845//1360
f 6054//1360 6845//1360 6055//1360
f 6055//1359 6845//1359 6846//1359
f 6055//1359 6846//1359 6056//1359
f 6056//2642 6846//2642 6847//2642
f 6056//2642 6847//2642 6057//2642
f 6057//1357 6847//1357 6848//1357
f 6057//1357 6848//1357 6058//1357
f 6058//2643 6848//2643 6849//2643
f 6058//2643 6849//2643 6059//2643
f 6059//2644 6849//2644 6850//2644
f 6059//2644 6850//2644 6060//2644
f 6060//2645 6850//2645 6851//2645
f 6060//2645 6851//2645 6061//2645
f 6061//2646 6851//2646 6050//2646
f 6050//2646 6851//2646 6852//2646
f 6050//2646 6852//2646 810//2646
f 810//2646 6852//2646 811//2646
f 811//2645 6852//2645 6853//2645
f 811//2645 6853//2645 813//2645
f 813//2644 6853//2644 6854//2644
f 813//2644 6854//2644 816//2644
f 816//2643 6854//2643 6855//2643
f 816//2643 6855//2643 818//2643
f 818//1357 6855//1357 6856//1357
f 818//1357 6856//1357 819//1357
f 819//2642 6856//2642 6857//2642
f 819//2642 6857//2642 817//2642
f 817//1359 6857//1359 6858//1359
f 817//1359 6858//1359 815//1359
f 815//1360 6858//1360 6843//1360
f 815//1360 6843//1360 814//1360
f 6845//1360 6844//1360 6843//1360
f 6845//1360 6843//1360 6858//1360
f 6845//1359 6858//1359 6857//1359
f 6845//1359 6857//1359 6846//1359
f 6846//2642 6857//2642 6856//2642
f 6846//2642 6856//2642 6847//2642
f 6847//1357 6856//1357 6855//1357
f 6847//1357 6855//1357 6848//1357
f 6848//2643 6855//2643 6854//2643
f 6848//2643 6854//2643 6849//2643
f 6849//2644 6854//2644 6853//2644
f 6849//2644 6853//2644 6850//2644
f 6850//2645 6853//2645 6852//2645
f 6850//2645 6852//2645 6851//2645
f 6050//2647 810//2647 794//2647
f 6050//2647 794//2647 6046//2647
f 812//2648 6053//2648 6049//2648
f 812//2648 6049//2648 796//2648
f 803//2649 802//2649 6859//2649
f 6859//2649 802//2649 5199//2649
f 6859//2649 5199//2649 6860//2649
f 6860//2649 5199//2649 6064//2649
f 6860//2650 6064//2650 4916//2650
f 6860//2650 4916//2650 6861//2650
f 6861//2651 4916//2651 4915//2651
f 6861//2651 4915//2651 6862//2651
f 6862//2652 4915//2652 6039//2652
f 6862//2652 6039//2652 6863//2652
f 6863//2653 6039//2653 6041//2653
f 6863//2653 6041//2653 6864//2653
f 6864//2654 6041//2654 6043//2654
f 6043//2654 801//2654 6864//2654
f 6864//2654 801//2654 6865//2654
f 6864//2653 6865//2653 6866//2653
f 6864//2653 6866//2653 6863//2653
f 6863//2652 6866//2652 6867//2652
f 6863//2652 6867//2652 6862//2652
f 6862//2651 6867//2651 6868//2651
f 6862//2651 6868//2651 6861//2651
f 6861//2650 6868//2650 6859//2650
f 6861//2650 6859//2650 6860//2650
f 801//2654 807//2654 6865//2654
f 6865//2653 807//2653 806//2653
f 6865//2653 806//2653 6866//2653
f 6866//2652 806//2652 805//2652
f 6866//2652 805//2652 6867//2652
f 6867//2651 805//2651 804//2651
f 6867//2651 804//2651 6868//2651
f 6868//2650 804//2650 803//2650
f 6868//2650 803//2650 6859//2650
f 6063//2655 6869//2655 6045//2655
f 6045//2655 6869//2655 6870//2655
f 6045//2655 6870//2655 791//2655
f 791//2655 6870//2655 793//2655
f 793//1402 6870//1402 6871//1402
f 793//1402 6871//1402 808//1402
f 808//2656 6871//2656 6872//2656
f 808//2656 6872//2656 809//2656
f 809//2657 6872//2657 794//2657
f 794//2657 6872//2657 6873//2657
f 794//2657 6873//2657 6046//2657
f 6046//2657 6873//2657 6047//2657
f 6047//2656 6873//2656 6874//2656
f 6047//2656 6874//2656 6062//2656
f 6062//1402 6874//1402 6869//1402
f 6062//1402 6869//1402 6063//1402
f 6871//1402 6870//1402 6869//1402
f 6871//1402 6869//1402 6874//1402
f 6871//2656 6874//2656 6873//2656
f 6871//2656 6873//2656 6872//2656
f 6052//2658 6875//2658 6049//2658
f 6049//2658 6875//2658 6876//2658
f 6049//2658 6876//2658 796//2658
f 796//2658 6876//2658 799//2658
f 799//2659 6876//2659 6877//2659
f 799//2659 6877//2659 798//2659
f 798//2660 6877//2660 6878//2660
f 798//2660 6878//2660 797//2660
f 797//2661 6878//2661 795//2661
f 795//2661 6878//2661 6879//2661
f 795//2661 6879//2661 6044//2661
f 6044//2661 6879//2661 6048//2661
f 6048//2660 6879//2660 6880//2660
f 6048//2660 6880//2660 6051//2660
f 6051//2659 6880//2659 6875//2659
f 6051//2659 6875//2659 6052//2659
f 6877//2659 6876//2659 6875//2659
f 6877//2659 6875//2659 6880//2659
f 6877//2660 6880//2660 6879//2660
f 6877//2660 6879//2660 6878//2660
f 6042//1308 792//1308 795//1308
f 6042//1308 795//1308 6044//1308
f 801//2662 6043//2662 6045//2662
f 801//2662 6045//2662 791//2662
f 4927//2663 4930//2663 6881//2663
f 6881//2663 4930//2663 748//2663
f 6881//2663 748//2663 6882//2663
f 6882//2663 748//2663 750//2663
f 6882//2664 750//2664 751//2664
f 6882//2664 751//2664 6883//2664
f 6883//2665 751//2665 752//2665
f 6883//2665 752//2665 6884//2665
f 6884//2666 752//2666 753//2666
f 6884//2666 753//2666 6885//2666
f 6885//2667 753//2667 754//2667
f 6885//2667 754//2667 6886//2667
f 6886//2668 754//2668 755//2668
f 755//2668 6013//2668 6886//2668
f 6886//2668 6013//2668 6887//2668
f 6886//2667 6887//2667 6888//2667
f 6886//2667 6888//2667 6885//2667
f 6885//2666 6888//2666 6889//2666
f 6885//2666 6889//2666 6884//2666
f 6884//2665 6889//2665 6890//2665
f 6884//2665 6890//2665 6883//2665
f 6883//2664 6890//2664 6881//2664
f 6883//2664 6881//2664 6882//2664
f 6013//2668 6011//2668 6887//2668
f 6887//2667 6011//2667 6008//2667
f 6887//2667 6008//2667 6888//2667
f 6888//2666 6008//2666 6007//2666
f 6888//2666 6007//2666 6889//2666
f 6889//2665 6007//2665 4928//2665
f 6889//2665 4928//2665 6890//2665
f 6890//2664 4928//2664 4927//2664
f 6890//2664 4927//2664 6881//2664
f 780//2669 6891//2669 781//2669
f 781//2669 6891//2669 6892//2669
f 781//2669 6892//2669 6023//2669
f 6023//2669 6892//2669 6024//2669
f 6024//2670 6892//2670 6893//2670
f 6024//2670 6893//2670 6025//2670
f 6025//2671 6893//2671 6894//2671
f 6025//2671 6894//2671 6026//2671
f 6026//2672 6894//2672 6895//2672
f 6026//2672 6895//2672 6027//2672
f 6027//2673 6895//2673 6896//2673
f 6027//2673 6896//2673 6028//2673
f 6028//2674 6896//2674 6897//2674
f 6028//2674 6897//2674 6029//2674
f 6029//2675 6897//2675 6898//2675
f 6029//2675 6898//2675 6030//2675
f 6030//2676 6898//2676 6899//2676
f 6030//2676 6899//2676 6031//2676
f 6031//2677 6899//2677 6021//2677
f 6021//2677 6899//2677 6900//2677
f 6021//2677 6900//2677 770//2677
f 770//2677 6900//2677 773//2677
f 773//2676 6900//2676 6901//2676
f 773//2676 6901//2676 774//2676
f 774//2675 6901//2675 6902//2675
f 774//2675 6902//2675 775//2675
f 775//2674 6902//2674 6903//2674
f 775//2674 6903//2674 776//2674
f 776//2673 6903//2673 6904//2673
f 776//2673 6904//2673 777//2673
f 777//2672 6904//2672 6905//2672
f 777//2672 6905//2672 778//2672
f 778//2671 6905//2671 6906//2671
f 778//2671 6906//2671 779//2671
f 779//2670 6906//2670 6891//2670
f 779//2670 6891//2670 780//2670
f 6893//2670 6892//2670 6891//2670
f 6893//2670 6891//2670 6906//2670
f 6893//2671 6906//2671 6905//2671
f 6893//2671 6905//2671 6894//2671
f 6894//2672 6905//2672 6904//2672
f 6894//2672 6904//2672 6895//2672
f 6895//2673 6904//2673 6903//2673
f 6895//2673 6903//2673 6896//2673
f 6896//2674 6903//2674 6902//2674
f 6896//2674 6902//2674 6897//2674
f 6897//2675 6902//2675 6901//2675
f 6897//2675 6901//2675 6898//2675
f 6898//2676 6901//2676 6900//2676
f 6898//2676 6900//2676 6899//2676
f 6021//2678 770//2678 759//2678
f 6021//2678 759//2678 6022//2678
f 781//2679 6023//2679 6020//2679
f 781//2679 6020//2679 771//2679
f 763//2680 762//2680 6907//2680
f 6907//2680 762//2680 4923//2680
f 6907//2680 4923//2680 6908//2680
f 6908//2680 4923//2680 4926//2680
f 6908//2681 4926//2681 4925//2681
f 6908//2681 4925//2681 6909//2681
f 6909//2682 4925//2682 6010//2682
f 6909//2682 6010//2682 6910//2682
f 6910//2683 6010//2683 6009//2683
f 6910//2683 6009//2683 6911//2683
f 6911//2684 6009//2684 6012//2684
f 6911//2684 6012//2684 6912//2684
f 6912//2685 6012//2685 6014//2685
f 6014//2685 761//2685 6912//2685
f 6912//2685 761//2685 6913//2685
f 6912//2684 6913//2684 6914//2684
f 6912//2684 6914//2684 6911//2684
f 6911//2683 6914//2683 6915//2683
f 6911//2683 6915//2683 6910//2683
f 6910//2682 6915//2682 6916//2682
f 6910//2682 6916//2682 6909//2682
f 6909//2681 6916//2681 6907//2681
f 6909//2681 6907//2681 6908//2681
f 761//2685 767//2685 6913//2685
f 6913//2684 767//2684 766//2684
f 6913//2684 766//2684 6914//2684
f 6914//2683 766//2683 765//2683
f 6914//2683 765//2683 6915//2683
f 6915//2682 765//2682 764//2682
f 6915//2682 764//2682 6916//2682
f 6916//2681 764//2681 763//2681
f 6916//2681 763//2681 6907//2681
f 6034//2686 6917//2686 6016//2686
f 6016//2686 6917//2686 6918//2686
f 6016//2686 6918//2686 756//2686
f 756//2686 6918//2686 768//2686
f 768//2687 6918//2687 6919//2687
f 768//2687 6919//2687 769//2687
f 769//2688 6919//2688 6920//2688
f 769//2688 6920//2688 758//2688
f 758//2689 6920//2689 759//2689
f 759//2689 6920//2689 6921//2689
f 759//2689 6921//2689 6022//2689
f 6022//2689 6921//2689 6032//2689
f 6032//2688 6921//2688 6922//2688
f 6032//2688 6922//2688 6033//2688
f 6033//2687 6922//2687 6917//2687
f 6033//2687 6917//2687 6034//2687
f 6919//2687 6918//2687 6917//2687
f 6919//2687 6917//2687 6922//2687
f 6919//2688 6922//2688 6921//2688
f 6919//2688 6921//2688 6920//2688
f 6019//2690 6923//2690 6020//2690
f 6020//2690 6923//2690 6924//2690
f 6020//2690 6924//2690 771//2690
f 771//2690 6924//2690 772//2690
f 772//2691 6924//2691 6925//2691
f 772//2691 6925//2691 782//2691
f 782//2692 6925//2692 6926//2692
f 782//2692 6926//2692 783//2692
f 783//2693 6926//2693 757//2693
f 757//2693 6926//2693 6927//2693
f 757//2693 6927//2693 6015//2693
f 6015//2693 6927//2693 6017//2693
f 6017//2692 6927//2692 6928//2692
f 6017//2692 6928//2692 6018//2692
f 6018//2691 6928//2691 6923//2691
f 6018//2691 6923//2691 6019//2691
f 6925//2691 6924//2691 6923//2691
f 6925//2691 6923//2691 6928//2691
f 6925//2692 6928//2692 6927//2692
f 6925//2692 6927//2692 6926//2692
f 6013//2694 755//2694 757//2694
f 6013//2694 757//2694 6015//2694
f 761//2695 6014//2695 6016//2695
f 761//2695 6016//2695 756//2695
f 4937//2696 4936//2696 6929//2696
f 6929//2696 4936//2696 712//2696
f 6929//2696 712//2696 6930//2696
f 6930//2696 712//2696 714//2696
f 6930//2697 714//2697 715//2697
f 6930//2697 715//2697 6931//2697
f 6931//2698 715//2698 716//2698
f 6931//2698 716//2698 6932//2698
f 6932//2699 716//2699 717//2699
f 6932//2699 717//2699 6933//2699
f 6933//2700 717//2700 718//2700
f 6933//2700 718//2700 6934//2700
f 6934//2701 718//2701 719//2701
f 719//2701 5985//2701 6934//2701
f 6934//2701 5985//2701 6935//2701
f 6934//2700 6935//2700 6936//2700
f 6934//2700 6936//2700 6933//2700
f 6933//2699 6936//2699 6937//2699
f 6933//2699 6937//2699 6932//2699
f 6932//2698 6937//2698 6938//2698
f 6932//2698 6938//2698 6931//2698
f 6931//2697 6938//2697 6929//2697
f 6931//2697 6929//2697 6930//2697
f 5985//2701 5983//2701 6935//2701
f 6935//2700 5983//2700 5979//2700
f 6935//2700 5979//2700 6936//2700
f 6936//2699 5979//2699 4935//2699
f 6936//2699 4935//2699 6937//2699
f 6937//2698 4935//2698 4934//2698
f 6937//2698 4934//2698 6938//2698
f 6938//2697 4934//2697 4937//2697
f 6938//2697 4937//2697 6929//2697
f 744//2702 6939//2702 745//2702
f 745//2702 6939//2702 6940//2702
f 745//2702 6940//2702 5995//2702
f 5995//2702 6940//2702 5996//2702
f 5996//2703 6940//2703 6941//2703
f 5996//2703 6941//2703 5997//2703
f 5997//2704 6941//2704 6942//2704
f 5997//2704 6942//2704 5998//2704
f 5998//2705 6942//2705 6943//2705
f 5998//2705 6943//2705 5999//2705
f 5999//2706 6943//2706 6944//2706
f 5999//2706 6944//2706 6000//2706
f 6000//2707 6944//2707 6945//2707
f 6000//2707 6945//2707 6001//2707
f 6001//2708 6945//2708 6946//2708
f 6001//2708 6946//2708 6002//2708
f 6002//2709 6946//2709 6947//2709
f 6002//2709 6947//2709 6003//2709
f 6003//2710 6947//2710 5993//2710
f 5993//2710 6947//2710 6948//2710
f 5993//2710 6948//2710 734//2710
f 734//2710 6948//2710 737//2710
f 737//2709 6948//2709 6949//2709
f 737//2709 6949//2709 738//2709
f 738//2708 6949//2708 6950//2708
f 738//2708 6950//2708 739//2708
f 739//2707 6950//2707 6951//2707
f 739//2707 6951//2707 740//2707
f 740//2706 6951//2706 6952//2706
f 740//2706 6952//2706 741//2706
f 741//2705 6952//2705 6953//2705
f 741//2705 6953//2705 742//2705
f 742//2704 6953//2704 6954//2704
f 742//2704 6954//2704 743//2704
f 743//2703 6954//2703 6939//2703
f 743//2703 6939//2703 744//2703
f 6941//2703 6940//2703 6939//2703
f 6941//2703 6939//2703 6954//2703
f 6941//2704 6954//2704 6953//2704
f 6941//2704 6953//2704 6942//2704
f 6942//2705 6953//2705 6952//2705
f 6942//2705 6952//2705 6943//2705
f 6943//2706 6952//2706 6951//2706
f 6943//2706 6951//2706 6944//2706
f 6944//2707 6951//2707 6950//2707
f 6944//2707 6950//2707 6945//2707
f 6945//2708 6950//2708 6949//2708
f 6945//2708 6949//2708 6946//2708
f 6946//2709 6949//2709 6948//2709
f 6946//2709 6948//2709 6947//2709
f 5993//2711 734//2711 723//2711
f 5993//2711 723//2711 5994//2711
f 745//2712 5995//2712 5992//2712
f 745//2712 5992//2712 735//2712
f 727//2713 726//2713 6955//2713
f 6955//2713 726//2713 4931//2713
f 6955//2713 4931//2713 6956//2713
f 6956//2713 4931//2713 4933//2713
f 6956//2714 4933//2714 5982//2714
f 6956//2714 5982//2714 6957//2714
f 6957//2715 5982//2715 5981//2715
f 6957//2715 5981//2715 6958//2715
f 6958//2716 5981//2716 5980//2716
f 6958//2716 5980//2716 6959//2716
f 6959//2717 5980//2717 5984//2717
f 6959//2717 5984//2717 6960//2717
f 6960//2718 5984//2718 5986//2718
f 5986//2718 725//2718 6960//2718
f 6960//2718 725//2718 6961//2718
f 6960//2717 6961//2717 6962//2717
f 6960//2717 6962//2717 6959//2717
f 6959//2716 6962//2716 6963//2716
f 6959//2716 6963//2716 6958//2716
f 6958//2715 6963//2715 6964//2715
f 6958//2715 6964//2715 6957//2715
f 6957//2714 6964//2714 6955//2714
f 6957//2714 6955//2714 6956//2714
f 725//2718 731//2718 6961//2718
f 6961//2717 731//2717 730//2717
f 6961//2717 730//2717 6962//2717
f 6962//2716 730//2716 729//2716
f 6962//2716 729//2716 6963//2716
f 6963//2715 729//2715 728//2715
f 6963//2715 728//2715 6964//2715
f 6964//2714 728//2714 727//2714
f 6964//2714 727//2714 6955//2714
f 6006//2719 6965//2719 5988//2719
f 5988//2719 6965//2719 6966//2719
f 5988//2719 6966//2719 720//2719
f 720//2719 6966//2719 732//2719
f 732//2720 6966//2720 6967//2720
f 732//2720 6967//2720 733//2720
f 733//2721 6967//2721 6968//2721
f 733//2721 6968//2721 722//2721
f 722//2722 6968//2722 723//2722
f 723//2722 6968//2722 6969//2722
f 723//2722 6969//2722 5994//2722
f 5994//2722 6969//2722 6004//2722
f 6004//2721 6969//2721 6970//2721
f 6004//2721 6970//2721 6005//2721
f 6005//2720 6970//2720 6965//2720
f 6005//2720 6965//2720 6006//2720
f 6967//2720 6966//2720 6965//2720
f 6967//2720 6965//2720 6970//2720
f 6967//2721 6970//2721 6969//2721
f 6967//2721 6969//2721 6968//2721
f 5991//2723 6971//2723 5992//2723
f 5992//2723 6971//2723 6972//2723
f 5992//2723 6972//2723 735//2723
f 735//2723 6972//2723 736//2723
f 736//2724 6972//2724 6973//2724
f 736//2724 6973//2724 746//2724
f 746//2725 6973//2725 6974//2725
f 746//2725 6974//2725 747//2725
f 747//2726 6974//2726 721//2726
f 721//2726 6974//2726 6975//2726
f 721//2726 6975//2726 5987//2726
f 5987//2726 6975//2726 5989//2726
f 5989//2725 6975//2725 6976//2725
f 5989//2725 6976//2725 5990//2725
f 5990//2724 6976//2724 6971//2724
f 5990//2724 6971//2724 5991//2724
f 6973//2724 6972//2724 6971//2724
f 6973//2724 6971//2724 6976//2724
f 6973//2725 6976//2725 6975//2725
f 6973//2725 6975//2725 6974//2725
f 5985//2727 719//2727 721//2727
f 5985//2727 721//2727 5987//2727
f 725//2728 5986//2728 5988//2728
f 725//2728 5988//2728 720//2728
f 4944//2729 4943//2729 6977//2729
f 6977//2729 4943//2729 676//2729
f 6977//2729 676//2729 6978//2729
f 6978//2729 676//2729 678//2729
f 6978//2730 678//2730 679//2730
f 6978//2730 679//2730 6979//2730
f 6979//2731 679//2731 680//2731
f 6979//2731 680//2731 6980//2731
f 6980//2732 680//2732 681//2732
f 6980//2732 681//2732 6981//2732
f 6981//2733 681//2733 682//2733
f 6981//2733 682//2733 6982//2733
f 6982//2734 682//2734 684//2734
f 684//2734 5956//2734 6982//2734
f 6982//2734 5956//2734 6983//2734
f 6982//2733 6983//2733 6984//2733
f 6982//2733 6984//2733 6981//2733
f 6981//2732 6984//2732 6985//2732
f 6981//2732 6985//2732 6980//2732
f 6980//2731 6985//2731 6986//2731
f 6980//2731 6986//2731 6979//2731
f 6979//2730 6986//2730 6977//2730
f 6979//2730 6977//2730 6978//2730
f 5956//2734 5954//2734 6983//2734
f 6983//2733 5954//2733 5952//2733
f 6983//2733 5952//2733 6984//2733
f 6984//2732 5952//2732 5951//2732
f 6984//2732 5951//2732 6985//2732
f 6985//2731 5951//2731 5950//2731
f 6985//2731 5950//2731 6986//2731
f 6986//2730 5950//2730 4944//2730
f 6986//2730 4944//2730 6977//2730
f 710//2735 6987//2735 703//2735
f 703//2735 6987//2735 6988//2735
f 703//2735 6988//2735 5966//2735
f 5966//2735 6988//2735 5967//2735
f 5967//2736 6988//2736 6989//2736
f 5967//2736 6989//2736 5968//2736
f 5968//2737 6989//2737 6990//2737
f 5968//2737 6990//2737 5969//2737
f 5969//2738 6990//2738 6991//2738
f 5969//2738 6991//2738 5970//2738
f 5970//2739 6991//2739 6992//2739
f 5970//2739 6992//2739 5971//2739
f 5971//2740 6992//2740 6993//2740
f 5971//2740 6993//2740 5972//2740
f 5972//2741 6993//2741 6994//2741
f 5972//2741 6994//2741 5973//2741
f 5973//2742 6994//2742 6995//2742
f 5973//2742 6995//2742 5974//2742
f 5974//2743 6995//2743 5962//2743
f 5962//2743 6995//2743 6996//2743
f 5962//2743 6996//2743 688//2743
f 688//2743 6996//2743 702//2743
f 702//2742 6996//2742 6997//2742
f 702//2742 6997//2742 704//2742
f 704//2741 6997//2741 6998//2741
f 704//2741 6998//2741 705//2741
f 705//2740 6998//2740 6999//2740
f 705//2740 6999//2740 706//2740
f 706//2739 6999//2739 7000//2739
f 706//2739 7000//2739 707//2739
f 707//2738 7000//2738 7001//2738
f 707//2738 7001//2738 708//2738
f 708//2737 7001//2737 7002//2737
f 708//2737 7002//2737 709//2737
f 709//2736 7002//2736 6987//2736
f 709//2736 6987//2736 710//2736
f 6989//2736 6988//2736 6987//2736
f 6989//2736 6987//2736 7002//2736
f 6989//2737 7002//2737 7001//2737
f 6989//2737 7001//2737 6990//2737
f 6990//2738 7001//2738 7000//2738
f 6990//2738 7000//2738 6991//2738
f 6991//2739 7000//2739 6999//2739
f 6991//2739 6999//2739 6992//2739
f 6992//2740 6999//2740 6998//2740
f 6992//2740 6998//2740 6993//2740
f 6993//2741 6998//2741 6997//2741
f 6993//2741 6997//2741 6994//2741
f 6994//2742 6997//2742 6996//2742
f 6994//2742 6996//2742 6995//2742
f 5962//2744 688//2744 686//2744
f 5962//2744 686//2744 5963//2744
f 703//2745 5966//2745 5961//2745
f 703//2745 5961//2745 689//2745
f 695//2746 694//2746 7003//2746
f 7003//2746 694//2746 4939//2746
f 7003//2746 4939//2746 7004//2746
f 7004//2746 4939//2746 5978//2746
f 7004//2747 5978//2747 4942//2747
f 7004//2747 4942//2747 7005//2747
f 7005//2748 4942//2748 4941//2748
f 7005//2748 4941//2748 7006//2748
f 7006//2749 4941//2749 5953//2749
f 7006//2749 5953//2749 7007//2749
f 7007//2750 5953//2750 5955//2750
f 7007//2750 5955//2750 7008//2750
f 7008//2751 5955//2751 5957//2751
f 5957//2751 693//2751 7008//2751
f 7008//2751 693//2751 7009//2751
f 7008//2750 7009//2750 7010//2750
f 7008//2750 7010//2750 7007//2750
f 7007//2749 7010//2749 7011//2749
f 7007//2749 7011//2749 7006//2749
f 7006//2748 7011//2748 7012//2748
f 7006//2748 7012//2748 7005//2748
f 7005//2747 7012//2747 7003//2747
f 7005//2747 7003//2747 7004//2747
f 693//2751 699//2751 7009//2751
f 7009//2750 699//2750 698//2750
f 7009//2750 698//2750 7010//2750
f 7010//2749 698//2749 697//2749
f 7010//2749 697//2749 7011//2749
f 7011//2748 697//2748 696//2748
f 7011//2748 696//2748 7012//2748
f 7012//2747 696//2747 695//2747
f 7012//2747 695//2747 7003//2747
f 5977//2752 7013//2752 5959//2752
f 5959//2752 7013//2752 7014//2752
f 5959//2752 7014//2752 683//2752
f 683//2752 7014//2752 700//2752
f 700//2753 7014//2753 7015//2753
f 700//2753 7015//2753 701//2753
f 701//2754 7015//2754 7016//2754
f 701//2754 7016//2754 685//2754
f 685//2755 7016//2755 686//2755
f 686//2755 7016//2755 7017//2755
f 686//2755 7017//2755 5963//2755
f 5963//2755 7017//2755 5975//2755
f 5975//2754 7017//2754 7018//2754
f 5975//2754 7018//2754 5976//2754
f 5976//2753 7018//2753 7013//2753
f 5976//2753 7013//2753 5977//2753
f 7015//2753 7014//2753 7013//2753
f 7015//2753 7013//2753 7018//2753
f 7015//2754 7018//2754 7017//2754
f 7015//2754 7017//2754 7016//2754
f 5965//2756 7019//2756 5961//2756
f 5961//2756 7019//2756 7020//2756
f 5961//2756 7020//2756 689//2756
f 689//2756 7020//2756 691//2756
f 691//2757 7020//2757 7021//2757
f 691//2757 7021//2757 711//2757
f 711//2758 7021//2758 7022//2758
f 711//2758 7022//2758 690//2758
f 690//2759 7022//2759 687//2759
f 687//2759 7022//2759 7023//2759
f 687//2759 7023//2759 5958//2759
f 5958//2759 7023//2759 5960//2759
f 5960//2758 7023//2758 7024//2758
f 5960//2758 7024//2758 5964//2758
f 5964//2757 7024//2757 7019//2757
f 5964//2757 7019//2757 5965//2757
f 7021//2757 7020//2757 7019//2757
f 7021//2757 7019//2757 7024//2757
f 7021//2758 7024//2758 7023//2758
f 7021//2758 7023//2758 7022//2758
f 5956//2760 684//2760 687//2760
f 5956//2760 687//2760 5958//2760
f 693//2761 5957//2761 5959//2761
f 693//2761 5959//2761 683//2761
f 4949//2762 4951//2762 7025//2762
f 7025//2762 4951//2762 640//2762
f 7025//2762 640//2762 7026//2762
f 7026//2762 640//2762 642//2762
f 7026//2763 642//2763 643//2763
f 7026//2763 643//2763 7027//2763
f 7027//2764 643//2764 644//2764
f 7027//2764 644//2764 7028//2764
f 7028//2765 644//2765 645//2765
f 7028//2765 645//2765 7029//2765
f 7029//2766 645//2766 646//2766
f 7029//2766 646//2766 7030//2766
f 7030//2767 646//2767 648//2767
f 648//2767 5927//2767 7030//2767
f 7030//2767 5927//2767 7031//2767
f 7030//2766 7031//2766 7032//2766
f 7030//2766 7032//2766 7029//2766
f 7029//2765 7032//2765 7033//2765
f 7029//2765 7033//2765 7028//2765
f 7028//2764 7033//2764 7034//2764
f 7028//2764 7034//2764 7027//2764
f 7027//2763 7034//2763 7025//2763
f 7027//2763 7025//2763 7026//2763
f 5927//2767 5925//2767 7031//2767
f 7031//2766 5925//2766 5922//2766
f 7031//2766 5922//2766 7032//2766
f 7032//2765 5922//2765 5921//2765
f 7032//2765 5921//2765 7033//2765
f 7033//2764 5921//2764 4950//2764
f 7033//2764 4950//2764 7034//2764
f 7034//2763 4950//2763 4949//2763
f 7034//2763 4949//2763 7025//2763
f 675//2768 7035//2768 668//2768
f 668//2768 7035//2768 7036//2768
f 668//2768 7036//2768 5937//2768
f 5937//2768 7036//2768 5938//2768
f 5938//2769 7036//2769 7037//2769
f 5938//2769 7037//2769 5939//2769
f 5939//2770 7037//2770 7038//2770
f 5939//2770 7038//2770 5940//2770
f 5940//2771 7038//2771 7039//2771
f 5940//2771 7039//2771 5941//2771
f 5941//2772 7039//2772 7040//2772
f 5941//2772 7040//2772 5942//2772
f 5942//2773 7040//2773 7041//2773
f 5942//2773 7041//2773 5943//2773
f 5943//2774 7041//2774 7042//2774
f 5943//2774 7042//2774 5944//2774
f 5944//2775 7042//2775 7043//2775
f 5944//2775 7043//2775 5945//2775
f 5945//2776 7043//2776 5933//2776
f 5933//2776 7043//2776 7044//2776
f 5933//2776 7044//2776 652//2776
f 652//2776 7044//2776 667//2776
f 667//2775 7044//2775 7045//2775
f 667//2775 7045//2775 669//2775
f 669//2774 7045//2774 7046//2774
f 669//2774 7046//2774 670//2774
f 670//2773 7046//2773 7047//2773
f 670//2773 7047//2773 671//2773
f 671//2772 7047//2772 7048//2772
f 671//2772 7048//2772 672//2772
f 672//2771 7048//2771 7049//2771
f 672//2771 7049//2771 673//2771
f 673//2770 7049//2770 7050//2770
f 673//2770 7050//2770 674//2770
f 674//2769 7050//2769 7035//2769
f 674//2769 7035//2769 675//2769
f 7037//2769 7036//2769 7035//2769
f 7037//2769 7035//2769 7050//2769
f 7037//2770 7050//2770 7049//2770
f 7037//2770 7049//2770 7038//2770
f 7038//2771 7049//2771 7048//2771
f 7038//2771 7048//2771 7039//2771
f 7039//2772 7048//2772 7047//2772
f 7039//2772 7047//2772 7040//2772
f 7040//2773 7047//2773 7046//2773
f 7040//2773 7046//2773 7041//2773
f 7041//2774 7046//2774 7045//2774
f 7041//2774 7045//2774 7042//2774
f 7042//2775 7045//2775 7044//2775
f 7042//2775 7044//2775 7043//2775
f 5933//2777 652//2777 650//2777
f 5933//2777 650//2777 5934//2777
f 668//2778 5937//2778 5932//2778
f 668//2778 5932//2778 653//2778
f 660//2779 659//2779 7051//2779
f 7051//2779 659//2779 4946//2779
f 7051//2779 4946//2779 7052//2779
f 7052//2779 4946//2779 4948//2779
f 7052//2780 4948//2780 5949//2780
f 7052//2780 5949//2780 7053//2780
f 7053//2781 5949//2781 5924//2781
f 7053//2781 5924//2781 7054//2781
f 7054//2782 5924//2782 5923//2782
f 7054//2782 5923//2782 7055//2782
f 7055//2783 5923//2783 5926//2783
f 7055//2783 5926//2783 7056//2783
f 7056//2784 5926//2784 5928//2784
f 5928//2784 658//2784 7056//2784
f 7056//2784 658//2784 7057//2784
f 7056//2783 7057//2783 7058//2783
f 7056//2783 7058//2783 7055//2783
f 7055//2782 7058//2782 7059//2782
f 7055//2782 7059//2782 7054//2782
f 7054//2781 7059//2781 7060//2781
f 7054//2781 7060//2781 7053//2781
f 7053//2780 7060//2780 7051//2780
f 7053//2780 7051//2780 7052//2780
f 658//2784 664//2784 7057//2784
f 7057//2783 664//2783 663//2783
f 7057//2783 663//2783 7058//2783
f 7058//2782 663//2782 662//2782
f 7058//2782 662//2782 7059//2782
f 7059//2781 662//2781 661//2781
f 7059//2781 661//2781 7060//2781
f 7060//2780 661//2780 660//2780
f 7060//2780 660//2780 7051//2780
f 5948//2785 7061//2785 5930//2785
f 5930//2785 7061//2785 7062//2785
f 5930//2785 7062//2785 647//2785
f 647//2785 7062//2785 665//2785
f 665//2786 7062//2786 7063//2786
f 665//2786 7063//2786 666//2786
f 666//2787 7063//2787 7064//2787
f 666//2787 7064//2787 649//2787
f 649//2788 7064//2788 650//2788
f 650//2788 7064//2788 7065//2788
f 650//2788 7065//2788 5934//2788
f 5934//2788 7065//2788 5946//2788
f 5946//2787 7065//2787 7066//2787
f 5946//2787 7066//2787 5947//2787
f 5947//2786 7066//2786 7061//2786
f 5947//2786 7061//2786 5948//2786
f 7063//2786 7062//2786 7061//2786
f 7063//2786 7061//2786 7066//2786
f 7063//2787 7066//2787 7065//2787
f 7063//2787 7065//2787 7064//2787
f 5936//2789 7067//2789 5932//2789
f 5932//2789 7067//2789 7068//2789
f 5932//2789 7068//2789 653//2789
f 653//2789 7068//2789 656//2789
f 656//2790 7068//2790 7069//2790
f 656//2790 7069//2790 655//2790
f 655//2791 7069//2791 7070//2791
f 655//2791 7070//2791 654//2791
f 654//2792 7070//2792 651//2792
f 651//2792 7070//2792 7071//2792
f 651//2792 7071//2792 5929//2792
f 5929//2792 7071//2792 5931//2792
f 5931//2791 7071//2791 7072//2791
f 5931//2791 7072//2791 5935//2791
f 5935//2790 7072//2790 7067//2790
f 5935//2790 7067//2790 5936//2790
f 7069//2790 7068//2790 7067//2790
f 7069//2790 7067//2790 7072//2790
f 7069//2791 7072//2791 7071//2791
f 7069//2791 7071//2791 7070//2791
f 5927//2793 648//2793 651//2793
f 5927//2793 651//2793 5929//2793
f 658//2794 5928//2794 5930//2794
f 658//2794 5930//2794 647//2794
f 4958//2795 4957//2795 7073//2795
f 7073//2795 4957//2795 604//2795
f 7073//2795 604//2795 7074//2795
f 7074//2795 604//2795 606//2795
f 7074//2796 606//2796 607//2796
f 7074//2796 607//2796 7075//2796
f 7075//2797 607//2797 608//2797
f 7075//2797 608//2797 7076//2797
f 7076//2798 608//2798 609//2798
f 7076//2798 609//2798 7077//2798
f 7077//2799 609//2799 610//2799
f 7077//2799 610//2799 7078//2799
f 7078//2800 610//2800 611//2800
f 611//2800 5897//2800 7078//2800
f 7078//2800 5897//2800 7079//2800
f 7078//2799 7079//2799 7080//2799
f 7078//2799 7080//2799 7077//2799
f 7077//2798 7080//2798 7081//2798
f 7077//2798 7081//2798 7076//2798
f 7076//2797 7081//2797 7082//2797
f 7076//2797 7082//2797 7075//2797
f 7075//2796 7082//2796 7073//2796
f 7075//2796 7073//2796 7074//2796
f 5897//2800 5895//2800 7079//2800
f 7079//2799 5895//2799 5894//2799
f 7079//2799 5894//2799 7080//2799
f 7080//2798 5894//2798 5893//2798
f 7080//2798 5893//2798 7081//2798
f 7081//2797 5893//2797 5892//2797
f 7081//2797 5892//2797 7082//2797
f 7082//2796 5892//2796 4958//2796
f 7082//2796 4958//2796 7073//2796
f 636//2801 7083//2801 627//2801
f 627//2801 7083//2801 7084//2801
f 627//2801 7084//2801 5908//2801
f 5908//2801 7084//2801 5909//2801
f 5909//2802 7084//2802 7085//2802
f 5909//2802 7085//2802 5910//2802
f 5910//2803 7085//2803 7086//2803
f 5910//2803 7086//2803 5911//2803
f 5911//2804 7086//2804 7087//2804
f 5911//2804 7087//2804 5912//2804
f 5912//2805 7087//2805 7088//2805
f 5912//2805 7088//2805 5913//2805
f 5913//2806 7088//2806 7089//2806
f 5913//2806 7089//2806 5914//2806
f 5914//2807 7089//2807 7090//2807
f 5914//2807 7090//2807 5915//2807
f 5915//2808 7090//2808 7091//2808
f 5915//2808 7091//2808 5916//2808
f 5916//2809 7091//2809 5907//2809
f 5907//2809 7091//2809 7092//2809
f 5907//2809 7092//2809 626//2809
f 626//2809 7092//2809 629//2809
f 629//2808 7092//2808 7093//2808
f 629//2808 7093//2808 630//2808
f 630//2807 7093//2807 7094//2807
f 630//2807 7094//2807 631//2807
f 631//2806 7094//2806 7095//2806
f 631//2806 7095//2806 632//2806
f 632//2805 7095//2805 7096//2805
f 632//2805 7096//2805 633//2805
f 633//2804 7096//2804 7097//2804
f 633//2804 7097//2804 634//2804
f 634//2803 7097//2803 7098//2803
f 634//2803 7098//2803 635//2803
f 635//2802 7098//2802 7083//2802
f 635//2802 7083//2802 636//2802
f 7085//2802 7084//2802 7083//2802
f 7085//2802 7083//2802 7098//2802
f 7085//2803 7098//2803 7097//2803
f 7085//2803 7097//2803 7086//2803
f 7086//2804 7097//2804 7096//2804
f 7086//2804 7096//2804 7087//2804
f 7087//2805 7096//2805 7095//2805
f 7087//2805 7095//2805 7088//2805
f 7088//2806 7095//2806 7094//2806
f 7088//2806 7094//2806 7089//2806
f 7089//2807 7094//2807 7093//2807
f 7089//2807 7093//2807 7090//2807
f 7090//2808 7093//2808 7092//2808
f 7090//2808 7092//2808 7091//2808
f 5907//2042 626//2042 615//2042
f 5907//2042 615//2042 5901//2042
f 627//2810 5908//2810 5906//2810
f 627//2810 5906//2810 628//2810
f 620//2811 619//2811 7099//2811
f 7099//2811 619//2811 4952//2811
f 7099//2811 4952//2811 7100//2811
f 7100//2811 4952//2811 4954//2811
f 7100//2812 4954//2812 5919//2812
f 7100//2812 5919//2812 7101//2812
f 7101//2813 5919//2813 4956//2813
f 7101//2813 4956//2813 7102//2813
f 7102//2814 4956//2814 4955//2814
f 7102//2814 4955//2814 7103//2814
f 7103//2815 4955//2815 5896//2815
f 7103//2815 5896//2815 7104//2815
f 7104//2816 5896//2816 5898//2816
f 5898//2816 618//2816 7104//2816
f 7104//2816 618//2816 7105//2816
f 7104//2815 7105//2815 7106//2815
f 7104//2815 7106//2815 7103//2815
f 7103//2814 7106//2814 7107//2814
f 7103//2814 7107//2814 7102//2814
f 7102//2813 7107//2813 7108//2813
f 7102//2813 7108//2813 7101//2813
f 7101//2812 7108//2812 7099//2812
f 7101//2812 7099//2812 7100//2812
f 618//2816 624//2816 7105//2816
f 7105//2815 624//2815 623//2815
f 7105//2815 623//2815 7106//2815
f 7106//2814 623//2814 622//2814
f 7106//2814 622//2814 7107//2814
f 7107//2813 622//2813 621//2813
f 7107//2813 621//2813 7108//2813
f 7108//2812 621//2812 620//2812
f 7108//2812 620//2812 7099//2812
f 5918//2817 7109//2817 5900//2817
f 5900//2817 7109//2817 7110//2817
f 5900//2817 7110//2817 612//2817
f 612//2817 7110//2817 614//2817
f 614//2818 7110//2818 7111//2818
f 614//2818 7111//2818 616//2818
f 616//2819 7111//2819 7112//2819
f 616//2819 7112//2819 625//2819
f 625//2820 7112//2820 615//2820
f 615//2820 7112//2820 7113//2820
f 615//2820 7113//2820 5901//2820
f 5901//2820 7113//2820 5902//2820
f 5902//2819 7113//2819 7114//2819
f 5902//2819 7114//2819 5917//2819
f 5917//2818 7114//2818 7109//2818
f 5917//2818 7109//2818 5918//2818
f 7111//2818 7110//2818 7109//2818
f 7111//2818 7109//2818 7114//2818
f 7111//2819 7114//2819 7113//2819
f 7111//2819 7113//2819 7112//2819
f 5905//2821 7115//2821 5906//2821
f 5906//2821 7115//2821 7116//2821
f 5906//2821 7116//2821 628//2821
f 628//2821 7116//2821 637//2821
f 637//2822 7116//2822 7117//2822
f 637//2822 7117//2822 638//2822
f 638//2823 7117//2823 7118//2823
f 638//2823 7118//2823 639//2823
f 639//2824 7118//2824 613//2824
f 613//2824 7118//2824 7119//2824
f 613//2824 7119//2824 5899//2824
f 5899//2824 7119//2824 5903//2824
f 5903//2823 7119//2823 7120//2823
f 5903//2823 7120//2823 5904//2823
f 5904//2822 7120//2822 7115//2822
f 5904//2822 7115//2822 5905//2822
f 7117//2822 7116//2822 7115//2822
f 7117//2822 7115//2822 7120//2822
f 7117//2823 7120//2823 7119//2823
f 7117//2823 7119//2823 7118//2823
f 5897//2825 611//2825 613//2825
f 5897//2825 613//2825 5899//2825
f 618//2826 5898//2826 5900//2826
f 618//2826 5900//2826 612//2826
f 4964//2827 4963//2827 7121//2827
f 7121//2827 4963//2827 568//2827
f 7121//2827 568//2827 7122//2827
f 7122//2827 568//2827 570//2827
f 7122//2828 570//2828 571//2828
f 7122//2828 571//2828 7123//2828
f 7123//2829 571//2829 572//2829
f 7123//2829 572//2829 7124//2829
f 7124//2830 572//2830 573//2830
f 7124//2830 573//2830 7125//2830
f 7125//2831 573//2831 574//2831
f 7125//2831 574//2831 7126//2831
f 7126//2832 574//2832 575//2832
f 575//2832 5869//2832 7126//2832
f 7126//2832 5869//2832 7127//2832
f 7126//2831 7127//2831 7128//2831
f 7126//2831 7128//2831 7125//2831
f 7125//2830 7128//2830 7129//2830
f 7125//2830 7129//2830 7124//2830
f 7124//2829 7129//2829 7130//2829
f 7124//2829 7130//2829 7123//2829
f 7123//2828 7130//2828 7121//2828
f 7123//2828 7121//2828 7122//2828
f 5869//2832 5867//2832 7127//2832
f 7127//2831 5867//2831 5864//2831
f 7127//2831 5864//2831 7128//2831
f 7128//2830 5864//2830 5863//2830
f 7128//2830 5863//2830 7129//2830
f 7129//2829 5863//2829 5862//2829
f 7129//2829 5862//2829 7130//2829
f 7130//2828 5862//2828 4964//2828
f 7130//2828 4964//2828 7121//2828
f 595//2833 7131//2833 591//2833
f 591//2833 7131//2833 7132//2833
f 591//2833 7132//2833 5879//2833
f 5879//2833 7132//2833 5880//2833
f 5880//2834 7132//2834 7133//2834
f 5880//2834 7133//2834 5881//2834
f 5881//2835 7133//2835 7134//2835
f 5881//2835 7134//2835 5882//2835
f 5882//2836 7134//2836 7135//2836
f 5882//2836 7135//2836 5883//2836
f 5883//2837 7135//2837 7136//2837
f 5883//2837 7136//2837 5887//2837
f 5887//2838 7136//2838 7137//2838
f 5887//2838 7137//2838 5886//2838
f 5886//2839 7137//2839 7138//2839
f 5886//2839 7138//2839 5885//2839
f 5885//2840 7138//2840 7139//2840
f 5885//2840 7139//2840 5884//2840
f 5884//2841 7139//2841 5877//2841
f 5877//2841 7139//2841 7140//2841
f 5877//2841 7140//2841 594//2841
f 594//2841 7140//2841 596//2841
f 596//2840 7140//2840 7141//2840
f 596//2840 7141//2840 597//2840
f 597//2839 7141//2839 7142//2839
f 597//2839 7142//2839 598//2839
f 598//2838 7142//2838 7143//2838
f 598//2838 7143//2838 599//2838
f 599//2837 7143//2837 7144//2837
f 599//2837 7144//2837 600//2837
f 600//2836 7144//2836 7145//2836
f 600//2836 7145//2836 601//2836
f 601//2835 7145//2835 7146//2835
f 601//2835 7146//2835 602//2835
f 602//2834 7146//2834 7131//2834
f 602//2834 7131//2834 595//2834
f 7133//2834 7132//2834 7131//2834
f 7133//2834 7131//2834 7146//2834
f 7133//2835 7146//2835 7145//2835
f 7133//2835 7145//2835 7134//2835
f 7134//2836 7145//2836 7144//2836
f 7134//2836 7144//2836 7135//2836
f 7135//2837 7144//2837 7143//2837
f 7135//2837 7143//2837 7136//2837
f 7136//2838 7143//2838 7142//2838
f 7136//2838 7142//2838 7137//2838
f 7137//2839 7142//2839 7141//2839
f 7137//2839 7141//2839 7138//2839
f 7138//2840 7141//2840 7140//2840
f 7138//2840 7140//2840 7139//2840
f 5877//2842 594//2842 590//2842
f 5877//2842 590//2842 5878//2842
f 591//2843 5879//2843 5876//2843
f 591//2843 5876//2843 586//2843
f 581//2844 580//2844 7147//2844
f 7147//2844 580//2844 4961//2844
f 7147//2844 4961//2844 7148//2844
f 7148//2844 4961//2844 4960//2844
f 7148//2845 4960//2845 4962//2845
f 7148//2845 4962//2845 7149//2845
f 7149//2846 4962//2846 5866//2846
f 7149//2846 5866//2846 7150//2846
f 7150//2847 5866//2847 5865//2847
f 7150//2847 5865//2847 7151//2847
f 7151//2848 5865//2848 5868//2848
f 7151//2848 5868//2848 7152//2848
f 7152//2849 5868//2849 5870//2849
f 5870//2849 579//2849 7152//2849
f 7152//2849 579//2849 7153//2849
f 7152//2848 7153//2848 7154//2848
f 7152//2848 7154//2848 7151//2848
f 7151//2847 7154//2847 7155//2847
f 7151//2847 7155//2847 7150//2847
f 7150//2846 7155//2846 7156//2846
f 7150//2846 7156//2846 7149//2846
f 7149//2845 7156//2845 7147//2845
f 7149//2845 7147//2845 7148//2845
f 579//2849 578//2849 7153//2849
f 7153//2848 578//2848 584//2848
f 7153//2848 584//2848 7154//2848
f 7154//2847 584//2847 583//2847
f 7154//2847 583//2847 7155//2847
f 7155//2846 583//2846 582//2846
f 7155//2846 582//2846 7156//2846
f 7156//2845 582//2845 581//2845
f 7156//2845 581//2845 7147//2845
f 5890//2850 7157//2850 5872//2850
f 5872//2850 7157//2850 7158//2850
f 5872//2850 7158//2850 585//2850
f 585//2850 7158//2850 589//2850
f 589//2851 7158//2851 7159//2851
f 589//2851 7159//2851 592//2851
f 592//2852 7159//2852 7160//2852
f 592//2852 7160//2852 593//2852
f 593//2853 7160//2853 590//2853
f 590//2853 7160//2853 7161//2853
f 590//2853 7161//2853 5878//2853
f 5878//2853 7161//2853 5888//2853
f 5888//2852 7161//2852 7162//2852
f 5888//2852 7162//2852 5889//2852
f 5889//2851 7162//2851 7157//2851
f 5889//2851 7157//2851 5890//2851
f 7159//2851 7158//2851 7157//2851
f 7159//2851 7157//2851 7162//2851
f 7159//2852 7162//2852 7161//2852
f 7159//2852 7161//2852 7160//2852
f 5875//2854 7163//2854 5876//2854
f 5876//2854 7163//2854 7164//2854
f 5876//2854 7164//2854 586//2854
f 586//2854 7164//2854 587//2854
f 587//2855 7164//2855 7165//2855
f 587//2855 7165//2855 588//2855
f 588//2856 7165//2856 7166//2856
f 588//2856 7166//2856 603//2856
f 603//2857 7166//2857 577//2857
f 577//2857 7166//2857 7167//2857
f 577//2857 7167//2857 5871//2857
f 5871//2857 7167//2857 5873//2857
f 5873//2856 7167//2856 7168//2856
f 5873//2856 7168//2856 5874//2856
f 5874//2855 7168//2855 7163//2855
f 5874//2855 7163//2855 5875//2855
f 7165//2855 7164//2855 7163//2855
f 7165//2855 7163//2855 7168//2855
f 7165//2856 7168//2856 7167//2856
f 7165//2856 7167//2856 7166//2856
f 5869//2858 575//2858 577//2858
f 5869//2858 577//2858 5871//2858
f 579//2859 5870//2859 5872//2859
f 579//2859 5872//2859 585//2859
f 5833//2860 4972//2860 7169//2860
f 7169//2860 4972//2860 532//2860
f 7169//2860 532//2860 7170//2860
f 7170//2860 532//2860 534//2860
f 7170//2861 534//2861 535//2861
f 7170//2861 535//2861 7171//2861
f 7171//2862 535//2862 536//2862
f 7171//2862 536//2862 7172//2862
f 7172//2863 536//2863 537//2863
f 7172//2863 537//2863 7173//2863
f 7173//2864 537//2864 538//2864
f 7173//2864 538//2864 7174//2864
f 7174//2865 538//2865 539//2865
f 539//2865 5840//2865 7174//2865
f 7174//2865 5840//2865 7175//2865
f 7174//2864 7175//2864 7176//2864
f 7174//2864 7176//2864 7173//2864
f 7173//2863 7176//2863 7177//2863
f 7173//2863 7177//2863 7172//2863
f 7172//2862 7177//2862 7178//2862
f 7172//2862 7178//2862 7171//2862
f 7171//2861 7178//2861 7169//2861
f 7171//2861 7169//2861 7170//2861
f 5840//2865 5838//2865 7175//2865
f 7175//2864 5838//2864 5834//2864
f 7175//2864 5834//2864 7176//2864
f 7176//2863 5834//2863 4970//2863
f 7176//2863 4970//2863 7177//2863
f 7177//2862 4970//2862 4969//2862
f 7177//2862 4969//2862 7178//2862
f 7178//2861 4969//2861 5833//2861
f 7178//2861 5833//2861 7169//2861
f 559//2866 7179//2866 555//2866
f 555//2866 7179//2866 7180//2866
f 555//2866 7180//2866 5848//2866
f 5848//2866 7180//2866 5851//2866
f 5851//2867 7180//2867 7181//2867
f 5851//2867 7181//2867 5855//2867
f 5855//2868 7181//2868 7182//2868
f 5855//2868 7182//2868 5852//2868
f 5852//2869 7182//2869 7183//2869
f 5852//2869 7183//2869 5853//2869
f 5853//2870 7183//2870 7184//2870
f 5853//2870 7184//2870 5854//2870
f 5854//2871 7184//2871 7185//2871
f 5854//2871 7185//2871 5856//2871
f 5856//2872 7185//2872 7186//2872
f 5856//2872 7186//2872 5857//2872
f 5857//2873 7186//2873 7187//2873
f 5857//2873 7187//2873 5849//2873
f 5849//2874 7187//2874 5850//2874
f 5850//2874 7187//2874 7188//2874
f 5850//2874 7188//2874 558//2874
f 558//2874 7188//2874 560//2874
f 560//2873 7188//2873 7189//2873
f 560//2873 7189//2873 561//2873
f 561//2872 7189//2872 7190//2872
f 561//2872 7190//2872 562//2872
f 562//2871 7190//2871 7191//2871
f 562//2871 7191//2871 563//2871
f 563//2870 7191//2870 7192//2870
f 563//2870 7192//2870 564//2870
f 564//2869 7192//2869 7193//2869
f 564//2869 7193//2869 565//2869
f 565//2868 7193//2868 7194//2868
f 565//2868 7194//2868 566//2868
f 566//2867 7194//2867 7179//2867
f 566//2867 7179//2867 559//2867
f 7181//2867 7180//2867 7179//2867
f 7181//2867 7179//2867 7194//2867
f 7181//2868 7194//2868 7193//2868
f 7181//2868 7193//2868 7182//2868
f 7182//2869 7193//2869 7192//2869
f 7182//2869 7192//2869 7183//2869
f 7183//2870 7192//2870 7191//2870
f 7183//2870 7191//2870 7184//2870
f 7184//2871 7191//2871 7190//2871
f 7184//2871 7190//2871 7185//2871
f 7185//2872 7190//2872 7189//2872
f 7185//2872 7189//2872 7186//2872
f 7186//2873 7189//2873 7188//2873
f 7186//2873 7188//2873 7187//2873
f 5850//2875 558//2875 554//2875
f 5850//2875 554//2875 5858//2875
f 555//2876 5848//2876 5847//2876
f 555//2876 5847//2876 550//2876
f 545//2877 544//2877 7195//2877
f 7195//2877 544//2877 4966//2877
f 7195//2877 4966//2877 7196//2877
f 7196//2877 4966//2877 4968//2877
f 7196//2878 4968//2878 5837//2878
f 7196//2878 5837//2878 7197//2878
f 7197//2879 5837//2879 5836//2879
f 7197//2879 5836//2879 7198//2879
f 7198//2880 5836//2880 5835//2880
f 7198//2880 5835//2880 7199//2880
f 7199//2881 5835//2881 5839//2881
f 7199//2881 5839//2881 7200//2881
f 7200//2882 5839//2882 5841//2882
f 5841//2882 543//2882 7200//2882
f 7200//2882 543//2882 7201//2882
f 7200//2881 7201//2881 7202//2881
f 7200//2881 7202//2881 7199//2881
f 7199//2880 7202//2880 7203//2880
f 7199//2880 7203//2880 7198//2880
f 7198//2879 7203//2879 7204//2879
f 7198//2879 7204//2879 7197//2879
f 7197//2878 7204//2878 7195//2878
f 7197//2878 7195//2878 7196//2878
f 543//2882 542//2882 7201//2882
f 7201//2881 542//2881 548//2881
f 7201//2881 548//2881 7202//2881
f 7202//2880 548//2880 547//2880
f 7202//2880 547//2880 7203//2880
f 7203//2879 547//2879 546//2879
f 7203//2879 546//2879 7204//2879
f 7204//2878 546//2878 545//2878
f 7204//2878 545//2878 7195//2878
f 5861//2883 7205//2883 5843//2883
f 5843//2883 7205//2883 7206//2883
f 5843//2883 7206//2883 549//2883
f 549//2883 7206//2883 553//2883
f 553//2884 7206//2884 7207//2884
f 553//2884 7207//2884 556//2884
f 556//2885 7207//2885 7208//2885
f 556//2885 7208//2885 557//2885
f 557//2886 7208//2886 554//2886
f 554//2886 7208//2886 7209//2886
f 554//2886 7209//2886 5858//2886
f 5858//2886 7209//2886 5859//2886
f 5859//2885 7209//2885 7210//2885
f 5859//2885 7210//2885 5860//2885
f 5860//2884 7210//2884 7205//2884
f 5860//2884 7205//2884 5861//2884
f 7207//2884 7206//2884 7205//2884
f 7207//2884 7205//2884 7210//2884
f 7207//2885 7210//2885 7209//2885
f 7207//2885 7209//2885 7208//2885
f 5846//2887 7211//2887 5847//2887
f 5847//2887 7211//2887 7212//2887
f 5847//2887 7212//2887 550//2887
f 550//2887 7212//2887 551//2887
f 551//2888 7212//2888 7213//2888
f 551//2888 7213//2888 552//2888
f 552//2889 7213//2889 7214//2889
f 552//2889 7214//2889 567//2889
f 567//2890 7214//2890 541//2890
f 541//2890 7214//2890 7215//2890
f 541//2890 7215//2890 5842//2890
f 5842//2890 7215//2890 5844//2890
f 5844//2889 7215//2889 7216//2889
f 5844//2889 7216//2889 5845//2889
f 5845//2888 7216//2888 7211//2888
f 5845//2888 7211//2888 5846//2888
f 7213//2888 7212//2888 7211//2888
f 7213//2888 7211//2888 7216//2888
f 7213//2889 7216//2889 7215//2889
f 7213//2889 7215//2889 7214//2889
f 5840//2891 539//2891 541//2891
f 5840//2891 541//2891 5842//2891
f 543//2892 5841//2892 5843//2892
f 543//2892 5843//2892 549//2892
f 4979//2893 4978//2893 7217//2893
f 7217//2893 4978//2893 1936//2893
f 7217//2893 1936//2893 7218//2893
f 7218//2893 1936//2893 1938//2893
f 7218//2894 1938//2894 1939//2894
f 7218//2894 1939//2894 7219//2894
f 7219//2895 1939//2895 1940//2895
f 7219//2895 1940//2895 7220//2895
f 7220//2896 1940//2896 1941//2896
f 7220//2896 1941//2896 7221//2896
f 7221//2897 1941//2897 1942//2897
f 7221//2897 1942//2897 7222//2897
f 7222//2898 1942//2898 1943//2898
f 1943//2898 5811//2898 7222//2898
f 7222//2898 5811//2898 7223//2898
f 7222//2897 7223//2897 7224//2897
f 7222//2897 7224//2897 7221//2897
f 7221//2896 7224//2896 7225//2896
f 7221//2896 7225//2896 7220//2896
f 7220//2895 7225//2895 7226//2895
f 7220//2895 7226//2895 7219//2895
f 7219//2894 7226//2894 7217//2894
f 7219//2894 7217//2894 7218//2894
f 5811//2898 5809//2898 7223//2898
f 7223//2897 5809//2897 5807//2897
f 7223//2897 5807//2897 7224//2897
f 7224//2896 5807//2896 5806//2896
f 7224//2896 5806//2896 7225//2896
f 7225//2895 5806//2895 5805//2895
f 7225//2895 5805//2895 7226//2895
f 7226//2894 5805//2894 4979//2894
f 7226//2894 4979//2894 7217//2894
f 1959//2899 7227//2899 1960//2899
f 1960//2899 7227//2899 7228//2899
f 1960//2899 7228//2899 5819//2899
f 5819//2899 7228//2899 5822//2899
f 5822//2900 7228//2900 7229//2900
f 5822//2900 7229//2900 5827//2900
f 5827//2901 7229//2901 7230//2901
f 5827//2901 7230//2901 5828//2901
f 5828//2902 7230//2902 7231//2902
f 5828//2902 7231//2902 5826//2902
f 5826//2903 7231//2903 7232//2903
f 5826//2903 7232//2903 5823//2903
f 5823//2904 7232//2904 7233//2904
f 5823//2904 7233//2904 5824//2904
f 5824//2905 7233//2905 7234//2905
f 5824//2905 7234//2905 5825//2905
f 5825//2906 7234//2906 7235//2906
f 5825//2906 7235//2906 5820//2906
f 5820//2907 7235//2907 5821//2907
f 5821//2907 7235//2907 7236//2907
f 5821//2907 7236//2907 1958//2907
f 1958//2907 7236//2907 1961//2907
f 1961//2906 7236//2906 7237//2906
f 1961//2906 7237//2906 1962//2906
f 1962//2905 7237//2905 7238//2905
f 1962//2905 7238//2905 1963//2905
f 1963//2904 7238//2904 7239//2904
f 1963//2904 7239//2904 1964//2904
f 1964//2903 7239//2903 7240//2903
f 1964//2903 7240//2903 1965//2903
f 1965//2902 7240//2902 7241//2902
f 1965//2902 7241//2902 1966//2902
f 1966//2901 7241//2901 7242//2901
f 1966//2901 7242//2901 1967//2901
f 1967//2900 7242//2900 7227//2900
f 1967//2900 7227//2900 1959//2900
f 7229//2900 7228//2900 7227//2900
f 7229//2900 7227//2900 7242//2900
f 7229//2901 7242//2901 7241//2901
f 7229//2901 7241//2901 7230//2901
f 7230//2902 7241//2902 7240//2902
f 7230//2902 7240//2902 7231//2902
f 7231//2903 7240//2903 7239//2903
f 7231//2903 7239//2903 7232//2903
f 7232//2904 7239//2904 7238//2904
f 7232//2904 7238//2904 7233//2904
f 7233//2905 7238//2905 7237//2905
f 7233//2905 7237//2905 7234//2905
f 7234//2906 7237//2906 7236//2906
f 7234//2906 7236//2906 7235//2906
f 5821//2908 1958//2908 1957//2908
f 5821//2908 1957//2908 5829//2908
f 1960//2909 5819//2909 5818//2909
f 1960//2909 5818//2909 1968//2909
f 1949//2910 1948//2910 7243//2910
f 7243//2910 1948//2910 4973//2910
f 7243//2910 4973//2910 7244//2910
f 7244//2910 4973//2910 4975//2910
f 7244//2911 4975//2911 4977//2911
f 7244//2911 4977//2911 7245//2911
f 7245//2912 4977//2912 4976//2912
f 7245//2912 4976//2912 7246//2912
f 7246//2913 4976//2913 5808//2913
f 7246//2913 5808//2913 7247//2913
f 7247//2914 5808//2914 5810//2914
f 7247//2914 5810//2914 7248//2914
f 7248//2915 5810//2915 5812//2915
f 5812//2915 1946//2915 7248//2915
f 7248//2915 1946//2915 7249//2915
f 7248//2914 7249//2914 7250//2914
f 7248//2914 7250//2914 7247//2914
f 7247//2913 7250//2913 7251//2913
f 7247//2913 7251//2913 7246//2913
f 7246//2912 7251//2912 7252//2912
f 7246//2912 7252//2912 7245//2912
f 7245//2911 7252//2911 7243//2911
f 7245//2911 7243//2911 7244//2911
f 1946//2915 1953//2915 7249//2915
f 7249//2914 1953//2914 1952//2914
f 7249//2914 1952//2914 7250//2914
f 7250//2913 1952//2913 1951//2913
f 7250//2913 1951//2913 7251//2913
f 7251//2912 1951//2912 1950//2912
f 7251//2912 1950//2912 7252//2912
f 7252//2911 1950//2911 1949//2911
f 7252//2911 1949//2911 7243//2911
f 5832//2916 7253//2916 5814//2916
f 5814//2916 7253//2916 7254//2916
f 5814//2916 7254//2916 1947//2916
f 1947//2916 7254//2916 1954//2916
f 1954//2917 7254//2917 7255//2917
f 1954//2917 7255//2917 1955//2917
f 1955//2918 7255//2918 7256//2918
f 1955//2918 7256//2918 1956//2918
f 1956//2919 7256//2919 1957//2919
f 1957//2919 7256//2919 7257//2919
f 1957//2919 7257//2919 5829//2919
f 5829//2919 7257//2919 5830//2919
f 5830//2918 7257//2918 7258//2918
f 5830//2918 7258//2918 5831//2918
f 5831//2917 7258//2917 7253//2917
f 5831//2917 7253//2917 5832//2917
f 7255//2917 7254//2917 7253//2917
f 7255//2917 7253//2917 7258//2917
f 7255//2918 7258//2918 7257//2918
f 7255//2918 7257//2918 7256//2918
f 5817//2920 7259//2920 5818//2920
f 5818//2920 7259//2920 7260//2920
f 5818//2920 7260//2920 1968//2920
f 1968//2920 7260//2920 1969//2920
f 1969//2921 7260//2921 7261//2921
f 1969//2921 7261//2921 1970//2921
f 1970//2922 7261//2922 7262//2922
f 1970//2922 7262//2922 1971//2922
f 1971//2923 7262//2923 1945//2923
f 1945//2923 7262//2923 7263//2923
f 1945//2923 7263//2923 5813//2923
f 5813//2923 7263//2923 5815//2923
f 5815//2922 7263//2922 7264//2922
f 5815//2922 7264//2922 5816//2922
f 5816//2921 7264//2921 7259//2921
f 5816//2921 7259//2921 5817//2921
f 7261//2921 7260//2921 7259//2921
f 7261//2921 7259//2921 7264//2921
f 7261//2922 7264//2922 7263//2922
f 7261//2922 7263//2922 7262//2922
f 5811//2924 1943//2924 1945//2924
f 5811//2924 1945//2924 5813//2924
f 1946//2925 5812//2925 5814//2925
f 1946//2925 5814//2925 1947//2925
f 4985//2926 4988//2926 7265//2926
f 7265//2926 4988//2926 1900//2926
f 7265//2926 1900//2926 7266//2926
f 7266//2926 1900//2926 1902//2926
f 7266//2927 1902//2927 1903//2927
f 7266//2927 1903//2927 7267//2927
f 7267//2928 1903//2928 1904//2928
f 7267//2928 1904//2928 7268//2928
f 7268//2929 1904//2929 1905//2929
f 7268//2929 1905//2929 7269//2929
f 7269//2930 1905//2930 1906//2930
f 7269//2930 1906//2930 7270//2930
f 7270//2931 1906//2931 1907//2931
f 1907//2931 5783//2931 7270//2931
f 7270//2931 5783//2931 7271//2931
f 7270//2930 7271//2930 7272//2930
f 7270//2930 7272//2930 7269//2930
f 7269//2929 7272//2929 7273//2929
f 7269//2929 7273//2929 7268//2929
f 7268//2928 7273//2928 7274//2928
f 7268//2928 7274//2928 7267//2928
f 7267//2927 7274//2927 7265//2927
f 7267//2927 7265//2927 7266//2927
f 5783//2931 5781//2931 7271//2931
f 7271//2930 5781//2930 5778//2930
f 7271//2930 5778//2930 7272//2930
f 7272//2929 5778//2929 5777//2929
f 7272//2929 5777//2929 7273//2929
f 7273//2928 5777//2928 4986//2928
f 7273//2928 4986//2928 7274//2928
f 7274//2927 4986//2927 4985//2927
f 7274//2927 4985//2927 7265//2927
f 1923//2932 7275//2932 1924//2932
f 1924//2932 7275//2932 7276//2932
f 1924//2932 7276//2932 5791//2932
f 5791//2932 7276//2932 5794//2932
f 5794//2933 7276//2933 7277//2933
f 5794//2933 7277//2933 5797//2933
f 5797//2934 7277//2934 7278//2934
f 5797//2934 7278//2934 5799//2934
f 5799//2935 7278//2935 7279//2935
f 5799//2935 7279//2935 5800//2935
f 5800//2936 7279//2936 7280//2936
f 5800//2936 7280//2936 5798//2936
f 5798//2937 7280//2937 7281//2937
f 5798//2937 7281//2937 5796//2937
f 5796//2938 7281//2938 7282//2938
f 5796//2938 7282//2938 5795//2938
f 5795//2939 7282//2939 7283//2939
f 5795//2939 7283//2939 5792//2939
f 5792//2940 7283//2940 5793//2940
f 5793//2940 7283//2940 7284//2940
f 5793//2940 7284//2940 1922//2940
f 1922//2940 7284//2940 1925//2940
f 1925//2939 7284//2939 7285//2939
f 1925//2939 7285//2939 1926//2939
f 1926//2938 7285//2938 7286//2938
f 1926//2938 7286//2938 1927//2938
f 1927//2937 7286//2937 7287//2937
f 1927//2937 7287//2937 1928//2937
f 1928//2936 7287//2936 7288//2936
f 1928//2936 7288//2936 1929//2936
f 1929//2935 7288//2935 7289//2935
f 1929//2935 7289//2935 1930//2935
f 1930//2934 7289//2934 7290//2934
f 1930//2934 7290//2934 1931//2934
f 1931//2933 7290//2933 7275//2933
f 1931//2933 7275//2933 1923//2933
f 7277//2933 7276//2933 7275//2933
f 7277//2933 7275//2933 7290//2933
f 7277//2934 7290//2934 7289//2934
f 7277//2934 7289//2934 7278//2934
f 7278//2935 7289//2935 7288//2935
f 7278//2935 7288//2935 7279//2935
f 7279//2936 7288//2936 7287//2936
f 7279//2936 7287//2936 7280//2936
f 7280//2937 7287//2937 7286//2937
f 7280//2937 7286//2937 7281//2937
f 7281//2938 7286//2938 7285//2938
f 7281//2938 7285//2938 7282//2938
f 7282//2939 7285//2939 7284//2939
f 7282//2939 7284//2939 7283//2939
f 5793//2941 1922//2941 1921//2941
f 5793//2941 1921//2941 5801//2941
f 1924//2942 5791//2942 5790//2942
f 1924//2942 5790//2942 1932//2942
f 1913//2943 1912//2943 7291//2943
f 7291//2943 1912//2943 4981//2943
f 7291//2943 4981//2943 7292//2943
f 7292//2943 4981//2943 4984//2943
f 7292//2944 4984//2944 4983//2944
f 7292//2944 4983//2944 7293//2944
f 7293//2945 4983//2945 5780//2945
f 7293//2945 5780//2945 7294//2945
f 7294//2946 5780//2946 5779//2946
f 7294//2946 5779//2946 7295//2946
f 7295//2947 5779//2947 5782//2947
f 7295//2947 5782//2947 7296//2947
f 7296//2948 5782//2948 5784//2948
f 5784//2948 1910//2948 7296//2948
f 7296//2948 1910//2948 7297//2948
f 7296//2947 7297//2947 7298//2947
f 7296//2947 7298//2947 7295//2947
f 7295//2946 7298//2946 7299//2946
f 7295//2946 7299//2946 7294//2946
f 7294//2945 7299//2945 7300//2945
f 7294//2945 7300//2945 7293//2945
f 7293//2944 7300//2944 7291//2944
f 7293//2944 7291//2944 7292//2944
f 1910//2948 1917//2948 7297//2948
f 7297//2947 1917//2947 1916//2947
f 7297//2947 1916//2947 7298//2947
f 7298//2946 1916//2946 1915//2946
f 7298//2946 1915//2946 7299//2946
f 7299//2945 1915//2945 1914//2945
f 7299//2945 1914//2945 7300//2945
f 7300//2944 1914//2944 1913//2944
f 7300//2944 1913//2944 7291//2944
f 5804//2949 7301//2949 5786//2949
f 5786//2949 7301//2949 7302//2949
f 5786//2949 7302//2949 1911//2949
f 1911//2949 7302//2949 1918//2949
f 1918//2950 7302//2950 7303//2950
f 1918//2950 7303//2950 1919//2950
f 1919//2951 7303//2951 7304//2951
f 1919//2951 7304//2951 1920//2951
f 1920//2952 7304//2952 1921//2952
f 1921//2952 7304//2952 7305//2952
f 1921//2952 7305//2952 5801//2952
f 5801//2952 7305//2952 5802//2952
f 5802//2951 7305//2951 7306//2951
f 5802//2951 7306//2951 5803//2951
f 5803//2950 7306//2950 7301//2950
f 5803//2950 7301//2950 5804//2950
f 7303//2950 7302//2950 7301//2950
f 7303//2950 7301//2950 7306//2950
f 7303//2951 7306//2951 7305//2951
f 7303//2951 7305//2951 7304//2951
f 5789//2953 7307//2953 5790//2953
f 5790//2953 7307//2953 7308//2953
f 5790//2953 7308//2953 1932//2953
f 1932//2953 7308//2953 1933//2953
f 1933//2954 7308//2954 7309//2954
f 1933//2954 7309//2954 1934//2954
f 1934//2955 7309//2955 7310//2955
f 1934//2955 7310//2955 1935//2955
f 1935//2956 7310//2956 1909//2956
f 1909//2956 7310//2956 7311//2956
f 1909//2956 7311//2956 5785//2956
f 5785//2956 7311//2956 5787//2956
f 5787//2955 7311//2955 7312//2955
f 5787//2955 7312//2955 5788//2955
f 5788//2954 7312//2954 7307//2954
f 5788//2954 7307//2954 5789//2954
f 7309//2954 7308//2954 7307//2954
f 7309//2954 7307//2954 7312//2954
f 7309//2955 7312//2955 7311//2955
f 7309//2955 7311//2955 7310//2955
f 5783//2957 1907//2957 1909//2957
f 5783//2957 1909//2957 5785//2957
f 1910//2958 5784//2958 5786//2958
f 1910//2958 5786//2958 1911//2958
f 1//2959 354//2959 802//2959
f 1//2960 802//2960 800//2960
f 354//2961 352//2961 802//2961
f 802//2962 352//2962 5197//2962
f 802//2963 5197//2963 5200//2963
f 5197//2964 352//2964 820//2964
f 5197//2965 820//2965 5198//2965
f 350//2966 348//2966 821//2966
f 350//2967 821//2967 820//2967
f 348//2968 346//2968 828//2968
f 348//2969 828//2969 821//2969
f 346//2970 344//2970 832//2970
f 346//2971 832//2971 828//2971
f 344//2972 342//2972 5190//2972
f 344//2973 5190//2973 5192//2973
f 342//2974 340//2974 857//2974
f 342//2975 857//2975 856//2975
f 340//2976 338//2976 864//2976
f 340//2977 864//2977 857//2977
f 338//2978 336//2978 868//2978
f 338//2979 868//2979 864//2979
f 336//2980 334//2980 868//2980
f 868//2981 334//2981 5184//2981
f 868//2982 5184//2982 5183//2982
f 5184//2983 334//2983 892//2983
f 5184//2984 892//2984 5181//2984
f 5181//2985 892//2985 5182//2985
f 332//2986 330//2986 893//2986
f 332//2987 893//2987 892//2987
f 330//2988 328//2988 900//2988
f 330//2989 900//2989 893//2989
f 328//2990 326//2990 904//2990
f 328//2991 904//2991 900//2991
f 326//2992 324//2992 5175//2992
f 326//2993 5175//2993 5177//2993
f 324//2994 322//2994 929//2994
f 324//2995 929//2995 928//2995
f 322//2996 320//2996 936//2996
f 322//2997 936//2997 929//2997
f 320//2998 318//2998 940//2998
f 320//2999 940//2999 936//2999
f 318//3000 316//3000 940//3000
f 940//3001 316//3001 6179//3001
f 940//3002 6179//3002 5171//3002
f 6179//3003 316//3003 964//3003
f 6179//3004 964//3004 5169//3004
f 5169//3005 964//3005 5167//3005
f 314//3006 312//3006 965//3006
f 314//3007 965//3007 964//3007
f 312//3008 310//3008 977//3008
f 312//3009 977//3009 965//3009
f 310//3010 308//3010 979//3010
f 310//3011 979//3011 977//3011
f 308//3012 306//3012 6208//3012
f 308//3013 6208//3013 5163//3013
f 306//3014 304//3014 1001//3014
f 306//3015 1001//3015 1000//3015
f 304//3016 302//3016 1017//3016
f 304//3017 1017//3017 1001//3017
f 302//3018 300//3018 1019//3018
f 302//3019 1019//3019 1017//3019
f 300//3020 299//3020 1019//3020
f 1019//3021 299//3021 5157//3021
f 1019//3022 5157//3022 5156//3022
f 5157//3023 299//3023 1036//3023
f 5157//3024 1036//3024 5155//3024
f 5155//3025 1036//3025 5153//3025
f 297//3026 295//3026 1037//3026
f 297//3027 1037//3027 1036//3027
f 295//3028 293//3028 1051//3028
f 295//3029 1051//3029 1037//3029
f 293//3030 291//3030 1053//3030
f 293//3031 1053//3031 1051//3031
f 291//3032 289//3032 5148//3032
f 291//3033 5148//3033 5150//3033
f 289//3034 287//3034 1073//3034
f 289//3035 1073//3035 1072//3035
f 287//3036 285//3036 1084//3036
f 287//3037 1084//3037 1073//3037
f 285//3038 283//3038 1086//3038
f 285//3039 1086//3039 1084//3039
f 283//3040 281//3040 1086//3040
f 1086//3041 281//3041 5142//3041
f 1086//3042 5142//3042 5141//3042
f 5142//3043 281//3043 1108//3043
f 5142//3044 1108//3044 5139//3044
f 5139//3045 1108//3045 5140//3045
f 279//3046 277//3046 1109//3046
f 279//3047 1109//3047 1108//3047
f 277//3048 275//3048 1120//3048
f 277//3049 1120//3049 1109//3049
f 275//3050 273//3050 1122//3050
f 275//3051 1122//3051 1120//3051
f 273//3052 271//3052 5131//3052
f 273//3053 5131//3053 5134//3053
f 271//3054 269//3054 1145//3054
f 271//3055 1145//3055 1144//3055
f 269//3056 267//3056 1152//3056
f 269//3057 1152//3057 1145//3057
f 267//3058 265//3058 1156//3058
f 267//3059 1156//3059 1152//3059
f 265//3060 263//3060 1156//3060
f 1156//3061 263//3061 5057//3061
f 1156//3062 5057//3062 5060//3062
f 5057//3063 263//3063 1180//3063
f 5057//3064 1180//3064 5058//3064
f 261//3065 259//3065 1181//3065
f 261//3066 1181//3066 1180//3066
f 259//3067 257//3067 1188//3067
f 259//3068 1188//3068 1181//3068
f 257//3069 255//3069 1192//3069
f 257//3070 1192//3070 1188//3070
f 255//3071 253//3071 5050//3071
f 255//3072 5050//3072 5052//3072
f 253//3073 251//3073 1217//3073
f 253//3074 1217//3074 1216//3074
f 251//3075 249//3075 1224//3075
f 251//3076 1224//3076 1217//3076
f 249//3077 247//3077 1228//3077
f 249//3078 1228//3078 1224//3078
f 247//3079 245//3079 1228//3079
f 1228//3080 245//3080 5041//3080
f 1228//3081 5041//3081 5044//3081
f 5041//3082 245//3082 1252//3082
f 5041//3083 1252//3083 5042//3083
f 243//3084 241//3084 1253//3084
f 243//3085 1253//3085 1252//3085
f 241//3086 239//3086 1260//3086
f 241//3087 1260//3087 1253//3087
f 239//3088 237//3088 1264//3088
f 239//3089 1264//3089 1260//3089
f 237//3090 235//3090 5035//3090
f 237//3091 5035//3091 5037//3091
f 235//3092 233//3092 1289//3092
f 235//3093 1289//3093 1288//3093
f 233//3094 231//3094 1296//3094
f 233//3095 1296//3095 1289//3095
f 231//3096 229//3096 1300//3096
f 231//3097 1300//3097 1296//3097
f 229//3098 227//3098 1300//3098
f 1300//3099 227//3099 5029//3099
f 1300//3100 5029//3100 5315//3100
f 5029//3101 227//3101 1324//3101
f 5029//3102 1324//3102 5027//3102
f 225//3103 223//3103 1325//3103
f 225//3104 1325//3104 1324//3104
f 223//3105 221//3105 1337//3105
f 223//3106 1337//3106 1325//3106
f 221//3107 219//3107 1339//3107
f 221//3108 1339//3108 1337//3108
f 219//3109 217//3109 5344//3109
f 219//3110 5344//3110 5023//3110
f 217//3111 215//3111 1361//3111
f 217//3112 1361//3112 1360//3112
f 215//3113 213//3113 1377//3113
f 215//3114 1377//3114 1361//3114
f 213//3115 211//3115 1379//3115
f 213//3116 1379//3116 1377//3116
f 211//3117 209//3117 1379//3117
f 1379//3118 209//3118 5015//3118
f 1379//3119 5015//3119 5017//3119
f 5015//3120 209//3120 1396//3120
f 5015//3121 1396//3121 5013//3121
f 207//3122 205//3122 1397//3122
f 207//3123 1397//3123 1396//3123
f 205//3124 203//3124 1412//3124
f 205//3125 1412//3125 1397//3125
f 203//3126 201//3126 1414//3126
f 203//3127 1414//3127 1412//3127
f 201//3128 199//3128 5008//3128
f 201//3129 5008//3129 5010//3129
f 199//3130 197//3130 1433//3130
f 199//3131 1433//3131 1432//3131
f 197//3132 195//3132 1444//3132
f 197//3133 1444//3133 1433//3133
f 195//3134 193//3134 1446//3134
f 195//3135 1446//3135 1444//3135
f 193//3136 191//3136 1446//3136
f 1446//3137 191//3137 4999//3137
f 1446//3138 4999//3138 5002//3138
f 4999//3139 191//3139 1468//3139
f 4999//3140 1468//3140 5000//3140
f 189//3141 187//3141 1469//3141
f 189//3142 1469//3142 1468//3142
f 187//3143 185//3143 1480//3143
f 187//3144 1480//3144 1469//3144
f 185//3145 183//3145 1482//3145
f 185//3146 1482//3146 1480//3146
f 183//3147 181//3147 1504//3147
f 183//3148 1504//3148 4991//3148
f 183//3149 4991//3149 4994//3149
f 181//3150 180//3150 1505//3150
f 181//3151 1505//3151 1504//3151
f 180//3152 178//3152 1512//3152
f 180//3153 1512//3153 1505//3153
f 178//3154 176//3154 1516//3154
f 178//3155 1516//3155 1512//3155
f 176//3156 174//3156 1516//3156
f 1516//3157 174//3157 5130//3157
f 1516//3158 5130//3158 5129//3158
f 174//3159 172//3159 1541//3159
f 174//3160 1541//3160 1540//3160
f 172//3161 170//3161 1548//3161
f 172//3162 1548//3162 1541//3162
f 170//3163 168//3163 1552//3163
f 170//3164 1552//3164 1548//3164
f 168//3165 166//3165 1552//3165
f 1552//3166 166//3166 5122//3166
f 1552//3167 5122//3167 5121//3167
f 5122//3168 166//3168 1576//3168
f 5122//3169 1576//3169 5120//3169
f 5120//3170 1576//3170 5118//3170
f 164//3171 162//3171 1577//3171
f 164//3172 1577//3172 1576//3172
f 162//3173 160//3173 1584//3173
f 162//3174 1584//3174 1577//3174
f 160//3175 158//3175 1588//3175
f 160//3176 1588//3176 1584//3176
f 158//3177 156//3177 5111//3177
f 158//3178 5111//3178 5114//3178
f 156//3179 154//3179 1613//3179
f 156//3180 1613//3180 1612//3180
f 154//3181 152//3181 1620//3181
f 154//3182 1620//3182 1613//3182
f 152//3183 150//3183 1624//3183
f 152//3184 1624//3184 1620//3184
f 150//3185 148//3185 1624//3185
f 1624//3186 148//3186 5107//3186
f 1624//3187 5107//3187 5106//3187
f 5107//3188 148//3188 1648//3188
f 5107//3189 1648//3189 5105//3189
f 5105//3190 1648//3190 5103//3190
f 146//3191 144//3191 1649//3191
f 146//3192 1649//3192 1648//3192
f 144//3193 142//3193 1656//3193
f 144//3194 1656//3194 1649//3194
f 142//3195 140//3195 1660//3195
f 142//3196 1660//3196 1656//3196
f 140//3197 138//3197 5099//3197
f 140//3198 5099//3198 5603//3198
f 138//3199 136//3199 1685//3199
f 138//3200 1685//3200 1684//3200
f 136//3201 134//3201 1697//3201
f 136//3202 1697//3202 1685//3202
f 134//3203 132//3203 1699//3203
f 134//3204 1699//3204 1697//3204
f 132//3205 130//3205 1699//3205
f 1699//3206 130//3206 5093//3206
f 1699//3207 5093//3207 5092//3207
f 5093//3208 130//3208 1720//3208
f 5093//3209 1720//3209 5632//3209
f 5632//3210 1720//3210 5091//3210
f 128//3211 126//3211 1721//3211
f 128//3212 1721//3212 1720//3212
f 126//3213 124//3213 1737//3213
f 126//3214 1737//3214 1721//3214
f 124//3215 122//3215 1739//3215
f 124//3216 1739//3216 1737//3216
f 122//3217 120//3217 5085//3217
f 122//3218 5085//3218 5087//3218
f 120//3219 118//3219 1757//3219
f 120//3220 1757//3220 1756//3220
f 118//3221 116//3221 1772//3221
f 118//3222 1772//3222 1757//3222
f 116//3223 114//3223 1774//3223
f 116//3224 1774//3224 1772//3224
f 114//3225 112//3225 1774//3225
f 1774//3226 112//3226 5080//3226
f 1774//3227 5080//3227 5079//3227
f 5080//3228 112//3228 1792//3228
f 5080//3229 1792//3229 5078//3229
f 5078//3230 1792//3230 5076//3230
f 110//3231 108//3231 1793//3231
f 110//3232 1793//3232 1792//3232
f 108//3233 106//3233 1804//3233
f 108//3234 1804//3234 1793//3234
f 106//3235 104//3235 1806//3235
f 106//3236 1806//3236 1804//3236
f 104//3237 102//3237 5069//3237
f 104//3238 5069//3238 5072//3238
f 102//3239 100//3239 1829//3239
f 102//3240 1829//3240 1828//3240
f 100//3241 98//3241 1840//3241
f 100//3242 1840//3242 1829//3242
f 98//3243 96//3243 1842//3243
f 98//3244 1842//3244 1840//3244
f 96//3245 94//3245 1842//3245
f 1842//3246 94//3246 5064//3246
f 1842//3247 5064//3247 5063//3247
f 5064//3248 94//3248 1864//3248
f 5064//3249 1864//3249 5061//3249
f 5061//3250 1864//3250 5062//3250
f 92//3251 90//3251 1865//3251
f 92//3252 1865//3252 1864//3252
f 90//3253 88//3253 1872//3253
f 90//3254 1872//3254 1865//3254
f 88//3255 86//3255 1876//3255
f 88//3256 1876//3256 1872//3256
f 86//3257 84//3257 4987//3257
f 86//3258 4987//3258 4990//3258
f 84//3259 82//3259 1901//3259
f 84//3260 1901//3260 1900//3260
f 82//3261 80//3261 1908//3261
f 82//3262 1908//3262 1901//3262
f 80//3263 78//3263 1912//3263
f 80//3264 1912//3264 1908//3264
f 78//3265 76//3265 1912//3265
f 1912//3266 76//3266 4980//3266
f 1912//3267 4980//3267 4982//3267
f 4980//3268 76//3268 1936//3268
f 4980//3269 1936//3269 4978//3269
f 74//3270 72//3270 1937//3270
f 74//3271 1937//3271 1936//3271
f 72//3272 70//3272 1944//3272
f 72//3273 1944//3273 1937//3273
f 70//3274 68//3274 1948//3274
f 70//3275 1948//3275 1944//3275
f 68//3276 66//3276 4971//3276
f 68//3277 4971//3277 4974//3277
f 66//3278 64//3278 533//3278
f 66//3279 533//3279 532//3279
f 64//3280 62//3280 540//3280
f 64//3281 540//3281 533//3281
f 62//3282 61//3282 544//3282
f 62//3283 544//3283 540//3283
f 61//3284 59//3284 544//3284
f 544//3285 59//3285 4965//3285
f 544//3286 4965//3286 4967//3286
f 4965//3287 59//3287 568//3287
f 4965//3288 568//3288 4963//3288
f 57//3289 55//3289 569//3289
f 57//3290 569//3290 568//3290
f 55//3291 53//3291 576//3291
f 55//3292 576//3292 569//3292
f 53//3293 51//3293 580//3293
f 53//3294 580//3294 576//3294
f 51//3295 49//3295 4959//3295
f 51//3296 4959//3296 5891//3296
f 49//3297 47//3297 605//3297
f 49//3298 605//3298 604//3298
f 47//3299 45//3299 617//3299
f 47//3300 617//3300 605//3300
f 45//3301 43//3301 619//3301
f 45//3302 619//3302 617//3302
f 43//3303 41//3303 619//3303
f 619//3304 41//3304 5920//3304
f 619//3305 5920//3305 4953//3305
f 5920//3306 41//3306 640//3306
f 5920//3307 640//3307 4951//3307
f 39//3308 37//3308 641//3308
f 39//3309 641//3309 640//3309
f 37//3310 35//3310 657//3310
f 37//3311 657//3311 641//3311
f 35//3312 33//3312 659//3312
f 35//3313 659//3313 657//3313
f 33//3314 31//3314 4945//3314
f 33//3315 4945//3315 4947//3315
f 31//3316 29//3316 677//3316
f 31//3317 677//3317 676//3317
f 29//3318 27//3318 692//3318
f 29//3319 692//3319 677//3319
f 27//3320 25//3320 694//3320
f 27//3321 694//3321 692//3321
f 25//3322 23//3322 694//3322
f 694//3323 23//3323 4938//3323
f 694//3324 4938//3324 4940//3324
f 4938//3325 23//3325 712//3325
f 4938//3326 712//3326 4936//3326
f 21//3327 19//3327 713//3327
f 21//3328 713//3328 712//3328
f 19//3329 17//3329 724//3329
f 19//3330 724//3330 713//3330
f 17//3331 15//3331 726//3331
f 17//3332 726//3332 724//3332
f 15//3333 13//3333 4929//3333
f 15//3334 4929//3334 4932//3334
f 13//3335 11//3335 749//3335
f 13//3336 749//3336 748//3336
f 11//3337 9//3337 760//3337
f 11//3338 760//3338 749//3338
f 9//3339 7//3339 762//3339
f 9//3340 762//3340 760//3340
f 7//3341 5//3341 762//3341
f 762//3342 5//3342 4924//3342
f 762//3343 4924//3343 4923//3343
f 4924//3344 5//3344 784//3344
f 4924//3345 784//3345 4921//3345
f 4921//3346 784//3346 4922//3346
f 2//3347 1//3347 785//3347
f 2//3348 785//3348 784//3348
f 4982//3349 4981//3349 1912//3349
f 1900//3350 4988//3350 4987//3350
f 1900//3351 4987//3351 84//3351
f 4990//3352 4989//3352 1876//3352
f 4990//3353 1876//3353 86//3353
f 1828//3354 5070//3354 5069//3354
f 1828//3355 5069//3355 102//3355
f 5072//3356 5071//3356 104//3356
f 104//3357 5071//3357 1806//3357
f 1756//3358 5083//3358 5085//3358
f 1756//3359 5085//3359 120//3359
f 5087//3360 5086//3360 122//3360
f 122//3361 5086//3361 1739//3361
f 1684//3362 5097//3362 5099//3362
f 1684//3363 5099//3363 138//3363
f 5603//3364 5101//3364 140//3364
f 140//3365 5101//3365 1660//3365
f 1612//3366 5112//3366 5111//3366
f 1612//3367 5111//3367 156//3367
f 5114//3368 5113//3368 158//3368
f 158//3369 5113//3369 1588//3369
f 1540//3370 5128//3370 5127//3370
f 1540//3371 5127//3371 174//3371
f 174//3372 5127//3372 5130//3372
f 1504//3373 4992//3373 4991//3373
f 4994//3374 4993//3374 1482//3374
f 4994//3375 1482//3375 183//3375
f 5002//3376 5001//3376 1446//3376
f 1432//3377 5006//3377 199//3377
f 199//3378 5006//3378 5008//3378
f 5010//3379 5009//3379 1414//3379
f 5010//3380 1414//3380 201//3380
f 5017//3381 5016//3381 1379//3381
f 1360//3382 5021//3382 217//3382
f 217//3383 5021//3383 5344//3383
f 5023//3384 5022//3384 1339//3384
f 5023//3385 1339//3385 219//3385
f 5315//3386 5031//3386 1300//3386
f 1288//3387 5033//3387 235//3387
f 235//3388 5033//3388 5035//3388
f 5037//3389 5036//3389 1264//3389
f 5037//3390 1264//3390 237//3390
f 5044//3391 5043//3391 1228//3391
f 1216//3392 5048//3392 253//3392
f 253//3393 5048//3393 5050//3393
f 5052//3394 5051//3394 1192//3394
f 5052//3395 1192//3395 255//3395
f 5060//3396 5059//3396 1156//3396
f 1144//3397 5132//3397 5131//3397
f 1144//3398 5131//3398 271//3398
f 5134//3399 5133//3399 1122//3399
f 5134//3400 1122//3400 273//3400
f 1072//3401 5146//3401 5148//3401
f 1072//3402 5148//3402 289//3402
f 5150//3403 5149//3403 291//3403
f 291//3404 5149//3404 1053//3404
f 1000//3405 5161//3405 6208//3405
f 1000//3406 6208//3406 306//3406
f 5163//3407 5162//3407 308//3407
f 308//3408 5162//3408 979//3408
f 928//3409 5173//3409 5175//3409
f 928//3410 5175//3410 324//3410
f 5177//3411 5176//3411 326//3411
f 326//3412 5176//3412 904//3412
f 856//3413 5188//3413 5190//3413
f 856//3414 5190//3414 342//3414
f 5192//3415 5191//3415 344//3415
f 344//3416 5191//3416 832//3416
f 5200//3417 5199//3417 802//3417
f 800//3418 785//3418 1//3418
f 748//3419 4930//3419 13//3419
f 13//3420 4930//3420 4929//3420
f 4932//3421 4931//3421 726//3421
f 4932//3422 726//3422 15//3422
f 4940//3423 4939//3423 694//3423
f 676//3424 4943//3424 31//3424
f 31//3425 4943//3425 4945//3425
f 4947//3426 4946//3426 659//3426
f 4947//3427 659//3427 33//3427
f 4953//3428 4952//3428 619//3428
f 604//3429 4957//3429 49//3429
f 49//3430 4957//3430 4959//3430
f 5891//3431 4961//3431 580//3431
f 5891//3432 580//3432 51//3432
f 4967//3433 4966//3433 544//3433
f 532//3434 4972//3434 66//3434
f 66//3435 4972//3435 4971//3435
f 4974//3436 4973//3436 1948//3436
f 4974//3437 1948//3437 68//3437
f 350//3438 820//3438 352//3438
f 332//3439 892//3439 334//3439
f 314//3440 964//3440 316//3440
f 297//3441 1036//3441 299//3441
f 279//3442 1108//3442 281//3442
f 261//3443 1180//3443 263//3443
f 243//3444 1252//3444 245//3444
f 225//3445 1324//3445 227//3445
f 207//3446 1396//3446 209//3446
f 189//3447 1468//3447 191//3447
f 164//3448 1576//3448 166//3448
f 146//3449 1648//3449 148//3449
f 128//3450 1720//3450 130//3450
f 110//3451 1792//3451 112//3451
f 92//3452 1864//3452 94//3452
f 74//3453 1936//3453 76//3453
f 57//3454 568//3454 59//3454
f 39//3455 640//3455 41//3455
f 21//3456 712//3456 23//3456
f 2//3457 784//3457 5//3457
f 5747//3458 5062//3458 7313//3458
f 7313//3458 5062//3458 1864//3458
f 7313//3458 1864//3458 7314//3458
f 7314//3458 1864//3458 1866//3458
f 7314//3459 1866//3459 1867//3459
f 7314//3459 1867//3459 7315//3459
f 7315//3460 1867//3460 1868//3460
f 7315//3460 1868//3460 7316//3460
f 7316//3461 1868//3461 1869//3461
f 7316//3461 1869//3461 7317//3461
f 7317//3462 1869//3462 1870//3462
f 7317//3462 1870//3462 7318//3462
f 7318//3463 1870//3463 1871//3463
f 1871//3463 5754//3463 7318//3463
f 7318//3463 5754//3463 7319//3463
f 7318//3462 7319//3462 7320//3462
f 7318//3462 7320//3462 7317//3462
f 7317//3461 7320//3461 7321//3461
f 7317//3461 7321//3461 7316//3461
f 7316//3460 7321//3460 7322//3460
f 7316//3460 7322//3460 7315//3460
f 7315//3459 7322//3459 7313//3459
f 7315//3459 7313//3459 7314//3459
f 5754//3463 5752//3463 7319//3463
f 7319//3462 5752//3462 5750//3462
f 7319//3462 5750//3462 7320//3462
f 7320//3461 5750//3461 5749//3461
f 7320//3461 5749//3461 7321//3461
f 7321//3460 5749//3460 5748//3460
f 7321//3460 5748//3460 7322//3460
f 7322//3459 5748//3459 5747//3459
f 7322//3459 5747//3459 7313//3459
f 1894//3464 7323//3464 1892//3464
f 1892//3464 7323//3464 7324//3464
f 1892//3464 7324//3464 5764//3464
f 5764//3464 7324//3464 5767//3464
f 5767//3465 7324//3465 7325//3465
f 5767//3465 7325//3465 5769//3465
f 5769//3466 7325//3466 7326//3466
f 5769//3466 7326//3466 5771//3466
f 5771//3467 7326//3467 7327//3467
f 5771//3467 7327//3467 5773//3467
f 5773//3468 7327//3468 7328//3468
f 5773//3468 7328//3468 5772//3468
f 5772//1626 7328//1626 7329//1626
f 5772//1626 7329//1626 5770//1626
f 5770//3469 7329//3469 7330//3469
f 5770//3469 7330//3469 5768//3469
f 5768//3470 7330//3470 7331//3470
f 5768//3470 7331//3470 5765//3470
f 5765//3471 7331//3471 5766//3471
f 5766//3471 7331//3471 7332//3471
f 5766//3471 7332//3471 1890//3471
f 1890//3471 7332//3471 1891//3471
f 1891//3470 7332//3470 7333//3470
f 1891//3470 7333//3470 1893//3470
f 1893//3469 7333//3469 7334//3469
f 1893//3469 7334//3469 1896//3469
f 1896//1626 7334//1626 7335//1626
f 1896//1626 7335//1626 1898//1626
f 1898//3468 7335//3468 7336//3468
f 1898//3468 7336//3468 1899//3468
f 1899//3467 7336//3467 7337//3467
f 1899//3467 7337//3467 1897//3467
f 1897//3466 7337//3466 7338//3466
f 1897//3466 7338//3466 1895//3466
f 1895//3465 7338//3465 7323//3465
f 1895//3465 7323//3465 1894//3465
f 7325//3465 7324//3465 7323//3465
f 7325//3465 7323//3465 7338//3465
f 7325//3466 7338//3466 7337//3466
f 7325//3466 7337//3466 7326//3466
f 7326//3467 7337//3467 7336//3467
f 7326//3467 7336//3467 7327//3467
f 7327//3468 7336//3468 7335//3468
f 7327//3468 7335//3468 7328//3468
f 7328//1626 7335//1626 7334//1626
f 7328//1626 7334//1626 7329//1626
f 7329//3469 7334//3469 7333//3469
f 7329//3469 7333//3469 7330//3469
f 7330//3470 7333//3470 7332//3470
f 7330//3470 7332//3470 7331//3470
f 5766//2195 1890//2195 1883//2195
f 5766//2195 1883//2195 5758//2195
f 1892//3472 5764//3472 5763//3472
f 1892//3472 5763//3472 1886//3472
f 1877//3473 1876//3473 7339//3473
f 7339//3473 1876//3473 4989//3473
f 7339//3473 4989//3473 7340//3473
f 7340//3473 4989//3473 5776//3473
f 7340//3474 5776//3474 4918//3474
f 7340//3474 4918//3474 7341//3474
f 7341//3475 4918//3475 4917//3475
f 7341//3475 4917//3475 7342//3475
f 7342//3476 4917//3476 5751//3476
f 7342//3476 5751//3476 7343//3476
f 7343//3477 5751//3477 5753//3477
f 7343//3477 5753//3477 7344//3477
f 7344//3478 5753//3478 5755//3478
f 5755//3478 1875//3478 7344//3478
f 7344//3478 1875//3478 7345//3478
f 7344//3477 7345//3477 7346//3477
f 7344//3477 7346//3477 7343//3477
f 7343//3476 7346//3476 7347//3476
f 7343//3476 7347//3476 7342//3476
f 7342//3475 7347//3475 7348//3475
f 7342//3475 7348//3475 7341//3475
f 7341//3474 7348//3474 7339//3474
f 7341//3474 7339//3474 7340//3474
f 1875//3478 1874//3478 7345//3478
f 7345//3477 1874//3477 1880//3477
f 7345//3477 1880//3477 7346//3477
f 7346//3476 1880//3476 1879//3476
f 7346//3476 1879//3476 7347//3476
f 7347//3475 1879//3475 1878//3475
f 7347//3475 1878//3475 7348//3475
f 7348//3474 1878//3474 1877//3474
f 7348//3474 1877//3474 7339//3474
f 5775//1618 7349//1618 5757//1618
f 5757//1618 7349//1618 7350//1618
f 5757//1618 7350//1618 1881//1618
f 1881//1618 7350//1618 1882//1618
f 1882//3479 7350//3479 7351//3479
f 1882//3479 7351//3479 1884//3479
f 1884//3480 7351//3480 7352//3480
f 1884//3480 7352//3480 1885//3480
f 1885//3481 7352//3481 1883//3481
f 1883//3481 7352//3481 7353//3481
f 1883//3481 7353//3481 5758//3481
f 5758//3481 7353//3481 5759//3481
f 5759//3480 7353//3480 7354//3480
f 5759//3480 7354//3480 5774//3480
f 5774//3479 7354//3479 7349//3479
f 5774//3479 7349//3479 5775//3479
f 7351//3479 7350//3479 7349//3479
f 7351//3479 7349//3479 7354//3479
f 7351//3480 7354//3480 7353//3480
f 7351//3480 7353//3480 7352//3480
f 5762//3482 7355//3482 5763//3482
f 5763//3482 7355//3482 7356//3482
f 5763//3482 7356//3482 1886//3482
f 1886//3482 7356//3482 1889//3482
f 1889//3483 7356//3483 7357//3483
f 1889//3483 7357//3483 1888//3483
f 1888//3484 7357//3484 7358//3484
f 1888//3484 7358//3484 1887//3484
f 1887//3485 7358//3485 1873//3485
f 1873//3485 7358//3485 7359//3485
f 1873//3485 7359//3485 5756//3485
f 5756//3485 7359//3485 5760//3485
f 5760//3484 7359//3484 7360//3484
f 5760//3484 7360//3484 5761//3484
f 5761//3483 7360//3483 7355//3483
f 5761//3483 7355//3483 5762//3483
f 7357//3483 7356//3483 7355//3483
f 7357//3483 7355//3483 7360//3483
f 7357//3484 7360//3484 7359//3484
f 7357//3484 7359//3484 7358//3484
f 5754//3486 1871//3486 1873//3486
f 5754//3486 1873//3486 5756//3486
f 1875//3487 5755//3487 5757//3487
f 1875//3487 5757//3487 1881//3487
f 5067//3488 5070//3488 7361//3488
f 7361//3488 5070//3488 1828//3488
f 7361//3488 1828//3488 7362//3488
f 7362//3488 1828//3488 1830//3488
f 7362//3489 1830//3489 1831//3489
f 7362//3489 1831//3489 7363//3489
f 7363//3490 1831//3490 1832//3490
f 7363//3490 1832//3490 7364//3490
f 7364//3491 1832//3491 1833//3491
f 7364//3491 1833//3491 7365//3491
f 7365//3492 1833//3492 1834//3492
f 7365//3492 1834//3492 7366//3492
f 7366//3493 1834//3493 1835//3493
f 1835//3493 5725//3493 7366//3493
f 7366//3493 5725//3493 7367//3493
f 7366//3492 7367//3492 7368//3492
f 7366//3492 7368//3492 7365//3492
f 7365//3491 7368//3491 7369//3491
f 7365//3491 7369//3491 7364//3491
f 7364//3490 7369//3490 7370//3490
f 7364//3490 7370//3490 7363//3490
f 7363//3489 7370//3489 7361//3489
f 7363//3489 7361//3489 7362//3489
f 5725//3493 5723//3493 7367//3493
f 7367//3492 5723//3492 5720//3492
f 7367//3492 5720//3492 7368//3492
f 7368//3491 5720//3491 5719//3491
f 7368//3491 5719//3491 7369//3491
f 7369//3490 5719//3490 5068//3490
f 7369//3490 5068//3490 7370//3490
f 7370//3489 5068//3489 5067//3489
f 7370//3489 5067//3489 7361//3489
f 1861//3494 7371//3494 1854//3494
f 1854//3494 7371//3494 7372//3494
f 1854//3494 7372//3494 5735//3494
f 5735//3494 7372//3494 5736//3494
f 5736//3495 7372//3495 7373//3495
f 5736//3495 7373//3495 5737//3495
f 5737//3496 7373//3496 7374//3496
f 5737//3496 7374//3496 5739//3496
f 5739//3497 7374//3497 7375//3497
f 5739//3497 7375//3497 5741//3497
f 5741//3498 7375//3498 7376//3498
f 5741//3498 7376//3498 5743//3498
f 5743//3499 7376//3499 7377//3499
f 5743//3499 7377//3499 5742//3499
f 5742//3500 7377//3500 7378//3500
f 5742//3500 7378//3500 5740//3500
f 5740//3501 7378//3501 7379//3501
f 5740//3501 7379//3501 5738//3501
f 5738//3502 7379//3502 5733//3502
f 5733//3502 7379//3502 7380//3502
f 5733//3502 7380//3502 1850//3502
f 1850//3502 7380//3502 1853//3502
f 1853//3501 7380//3501 7381//3501
f 1853//3501 7381//3501 1855//3501
f 1855//3500 7381//3500 7382//3500
f 1855//3500 7382//3500 1856//3500
f 1856//3499 7382//3499 7383//3499
f 1856//3499 7383//3499 1857//3499
f 1857//3498 7383//3498 7384//3498
f 1857//3498 7384//3498 1858//3498
f 1858//3497 7384//3497 7385//3497
f 1858//3497 7385//3497 1859//3497
f 1859//3496 7385//3496 7386//3496
f 1859//3496 7386//3496 1860//3496
f 1860//3495 7386//3495 7371//3495
f 1860//3495 7371//3495 1861//3495
f 7373//3495 7372//3495 7371//3495
f 7373//3495 7371//3495 7386//3495
f 7373//3496 7386//3496 7385//3496
f 7373//3496 7385//3496 7374//3496
f 7374//3497 7385//3497 7384//3497
f 7374//3497 7384//3497 7375//3497
f 7375//3498 7384//3498 7383//3498
f 7375//3498 7383//3498 7376//3498
f 7376//3499 7383//3499 7382//3499
f 7376//3499 7382//3499 7377//3499
f 7377//3500 7382//3500 7381//3500
f 7377//3500 7381//3500 7378//3500
f 7378//3501 7381//3501 7380//3501
f 7378//3501 7380//3501 7379//3501
f 5733//3503 1850//3503 1839//3503
f 5733//3503 1839//3503 5734//3503
f 1854//3504 5735//3504 5732//3504
f 1854//3504 5732//3504 1851//3504
f 1843//3505 1842//3505 7387//3505
f 7387//3505 1842//3505 5063//3505
f 7387//3505 5063//3505 7388//3505
f 7388//3505 5063//3505 5066//3505
f 7388//3506 5066//3506 5065//3506
f 7388//3506 5065//3506 7389//3506
f 7389//3507 5065//3507 5722//3507
f 7389//3507 5722//3507 7390//3507
f 7390//3508 5722//3508 5721//3508
f 7390//3508 5721//3508 7391//3508
f 7391//3509 5721//3509 5724//3509
f 7391//3509 5724//3509 7392//3509
f 7392//3510 5724//3510 5726//3510
f 5726//3510 1841//3510 7392//3510
f 7392//3510 1841//3510 7393//3510
f 7392//3509 7393//3509 7394//3509
f 7392//3509 7394//3509 7391//3509
f 7391//3508 7394//3508 7395//3508
f 7391//3508 7395//3508 7390//3508
f 7390//3507 7395//3507 7396//3507
f 7390//3507 7396//3507 7389//3507
f 7389//3506 7396//3506 7387//3506
f 7389//3506 7387//3506 7388//3506
f 1841//3510 1847//3510 7393//3510
f 7393//3509 1847//3509 1846//3509
f 7393//3509 1846//3509 7394//3509
f 7394//3508 1846//3508 1845//3508
f 7394//3508 1845//3508 7395//3508
f 7395//3507 1845//3507 1844//3507
f 7395//3507 1844//3507 7396//3507
f 7396//3506 1844//3506 1843//3506
f 7396//3506 1843//3506 7387//3506
f 5746//3511 7397//3511 5728//3511
f 5728//3511 7397//3511 7398//3511
f 5728//3511 7398//3511 1836//3511
f 1836//3511 7398//3511 1848//3511
f 1848//3512 7398//3512 7399//3512
f 1848//3512 7399//3512 1849//3512
f 1849//3513 7399//3513 7400//3513
f 1849//3513 7400//3513 1838//3513
f 1838//3514 7400//3514 1839//3514
f 1839//3514 7400//3514 7401//3514
f 1839//3514 7401//3514 5734//3514
f 5734//3514 7401//3514 5744//3514
f 5744//3513 7401//3513 7402//3513
f 5744//3513 7402//3513 5745//3513
f 5745//3512 7402//3512 7397//3512
f 5745//3512 7397//3512 5746//3512
f 7399//3512 7398//3512 7397//3512
f 7399//3512 7397//3512 7402//3512
f 7399//3513 7402//3513 7401//3513
f 7399//3513 7401//3513 7400//3513
f 5731//3515 7403//3515 5732//3515
f 5732//3515 7403//3515 7404//3515
f 5732//3515 7404//3515 1851//3515
f 1851//3515 7404//3515 1852//3515
f 1852//3516 7404//3516 7405//3516
f 1852//3516 7405//3516 1862//3516
f 1862//3517 7405//3517 7406//3517
f 1862//3517 7406//3517 1863//3517
f 1863//3518 7406//3518 1837//3518
f 1837//3518 7406//3518 7407//3518
f 1837//3518 7407//3518 5727//3518
f 5727//3518 7407//3518 5729//3518
f 5729//3517 7407//3517 7408//3517
f 5729//3517 7408//3517 5730//3517
f 5730//3516 7408//3516 7403//3516
f 5730//3516 7403//3516 5731//3516
f 7405//3516 7404//3516 7403//3516
f 7405//3516 7403//3516 7408//3516
f 7405//3517 7408//3517 7407//3517
f 7405//3517 7407//3517 7406//3517
f 5725//3519 1835//3519 1837//3519
f 5725//3519 1837//3519 5727//3519
f 1841//3520 5726//3520 5728//3520
f 1841//3520 5728//3520 1836//3520
f 5077//3521 5076//3521 7409//3521
f 7409//3521 5076//3521 1792//3521
f 7409//3521 1792//3521 7410//3521
f 7410//3521 1792//3521 1794//3521
f 7410//3522 1794//3522 1795//3522
f 7410//3522 1795//3522 7411//3522
f 7411//3523 1795//3523 1796//3523
f 7411//3523 1796//3523 7412//3523
f 7412//3524 1796//3524 1797//3524
f 7412//3524 1797//3524 7413//3524
f 7413//3525 1797//3525 1798//3525
f 7413//3525 1798//3525 7414//3525
f 7414//3526 1798//3526 1799//3526
f 1799//3526 5697//3526 7414//3526
f 7414//3526 5697//3526 7415//3526
f 7414//3525 7415//3525 7416//3525
f 7414//3525 7416//3525 7413//3525
f 7413//3524 7416//3524 7417//3524
f 7413//3524 7417//3524 7412//3524
f 7412//3523 7417//3523 7418//3523
f 7412//3523 7418//3523 7411//3523
f 7411//3522 7418//3522 7409//3522
f 7411//3522 7409//3522 7410//3522
f 5697//3526 5695//3526 7415//3526
f 7415//3525 5695//3525 5691//3525
f 7415//3525 5691//3525 7416//3525
f 7416//3524 5691//3524 5075//3524
f 7416//3524 5075//3524 7417//3524
f 7417//3523 5075//3523 5074//3523
f 7417//3523 5074//3523 7418//3523
f 7418//3522 5074//3522 5077//3522
f 7418//3522 5077//3522 7409//3522
f 1825//3527 7419//3527 1818//3527
f 1818//3527 7419//3527 7420//3527
f 1818//3527 7420//3527 5707//3527
f 5707//3527 7420//3527 5708//3527
f 5708//3528 7420//3528 7421//3528
f 5708//3528 7421//3528 5709//3528
f 5709//3529 7421//3529 7422//3529
f 5709//3529 7422//3529 5710//3529
f 5710//3530 7422//3530 7423//3530
f 5710//3530 7423//3530 5711//3530
f 5711//3531 7423//3531 7424//3531
f 5711//3531 7424//3531 5713//3531
f 5713//3532 7424//3532 7425//3532
f 5713//3532 7425//3532 5715//3532
f 5715//3533 7425//3533 7426//3533
f 5715//3533 7426//3533 5714//3533
f 5714//3534 7426//3534 7427//3534
f 5714//3534 7427//3534 5712//3534
f 5712//3535 7427//3535 5705//3535
f 5705//3535 7427//3535 7428//3535
f 5705//3535 7428//3535 1814//3535
f 1814//3535 7428//3535 1817//3535
f 1817//3534 7428//3534 7429//3534
f 1817//3534 7429//3534 1819//3534
f 1819//3533 7429//3533 7430//3533
f 1819//3533 7430//3533 1820//3533
f 1820//3532 7430//3532 7431//3532
f 1820//3532 7431//3532 1821//3532
f 1821//3531 7431//3531 7432//3531
f 1821//3531 7432//3531 1822//3531
f 1822//3530 7432//3530 7433//3530
f 1822//3530 7433//3530 1823//3530
f 1823//3529 7433//3529 7434//3529
f 1823//3529 7434//3529 1824//3529
f 1824//3528 7434//3528 7419//3528
f 1824//3528 7419//3528 1825//3528
f 7421//3528 7420//3528 7419//3528
f 7421//3528 7419//3528 7434//3528
f 7421//3529 7434//3529 7433//3529
f 7421//3529 7433//3529 7422//3529
f 7422//3530 7433//3530 7432//3530
f 7422//3530 7432//3530 7423//3530
f 7423//3531 7432//3531 7431//3531
f 7423//3531 7431//3531 7424//3531
f 7424//3532 7431//3532 7430//3532
f 7424//3532 7430//3532 7425//3532
f 7425//3533 7430//3533 7429//3533
f 7425//3533 7429//3533 7426//3533
f 7426//3534 7429//3534 7428//3534
f 7426//3534 7428//3534 7427//3534
f 5705//3536 1814//3536 1803//3536
f 5705//3536 1803//3536 5706//3536
f 1818//3537 5707//3537 5704//3537
f 1818//3537 5704//3537 1815//3537
f 1807//3538 1806//3538 7435//3538
f 7435//3538 1806//3538 5071//3538
f 7435//3538 5071//3538 7436//3538
f 7436//3538 5071//3538 5073//3538
f 7436//3539 5073//3539 5694//3539
f 7436//3539 5694//3539 7437//3539
f 7437//3540 5694//3540 5693//3540
f 7437//3540 5693//3540 7438//3540
f 7438//3541 5693//3541 5692//3541
f 7438//3541 5692//3541 7439//3541
f 7439//3542 5692//3542 5696//3542
f 7439//3542 5696//3542 7440//3542
f 7440//3543 5696//3543 5698//3543
f 5698//3543 1805//3543 7440//3543
f 7440//3543 1805//3543 7441//3543
f 7440//3542 7441//3542 7442//3542
f 7440//3542 7442//3542 7439//3542
f 7439//3541 7442//3541 7443//3541
f 7439//3541 7443//3541 7438//3541
f 7438//3540 7443//3540 7444//3540
f 7438//3540 7444//3540 7437//3540
f 7437//3539 7444//3539 7435//3539
f 7437//3539 7435//3539 7436//3539
f 1805//3543 1811//3543 7441//3543
f 7441//3542 1811//3542 1810//3542
f 7441//3542 1810//3542 7442//3542
f 7442//3541 1810//3541 1809//3541
f 7442//3541 1809//3541 7443//3541
f 7443//3540 1809//3540 1808//3540
f 7443//3540 1808//3540 7444//3540
f 7444//3539 1808//3539 1807//3539
f 7444//3539 1807//3539 7435//3539
f 5718//3544 7445//3544 5700//3544
f 5700//3544 7445//3544 7446//3544
f 5700//3544 7446//3544 1800//3544
f 1800//3544 7446//3544 1812//3544
f 1812//3545 7446//3545 7447//3545
f 1812//3545 7447//3545 1813//3545
f 1813//3546 7447//3546 7448//3546
f 1813//3546 7448//3546 1802//3546
f 1802//3547 7448//3547 1803//3547
f 1803//3547 7448//3547 7449//3547
f 1803//3547 7449//3547 5706//3547
f 5706//3547 7449//3547 5716//3547
f 5716//3546 7449//3546 7450//3546
f 5716//3546 7450//3546 5717//3546
f 5717//3545 7450//3545 7445//3545
f 5717//3545 7445//3545 5718//3545
f 7447//3545 7446//3545 7445//3545
f 7447//3545 7445//3545 7450//3545
f 7447//3546 7450//3546 7449//3546
f 7447//3546 7449//3546 7448//3546
f 5703//3548 7451//3548 5704//3548
f 5704//3548 7451//3548 7452//3548
f 5704//3548 7452//3548 1815//3548
f 1815//3548 7452//3548 1816//3548
f 1816//3549 7452//3549 7453//3549
f 1816//3549 7453//3549 1826//3549
f 1826//3550 7453//3550 7454//3550
f 1826//3550 7454//3550 1827//3550
f 1827//3551 7454//3551 1801//3551
f 1801//3551 7454//3551 7455//3551
f 1801//3551 7455//3551 5699//3551
f 5699//3551 7455//3551 5701//3551
f 5701//3550 7455//3550 7456//3550
f 5701//3550 7456//3550 5702//3550
f 5702//3549 7456//3549 7451//3549
f 5702//3549 7451//3549 5703//3549
f 7453//3549 7452//3549 7451//3549
f 7453//3549 7451//3549 7456//3549
f 7453//3550 7456//3550 7455//3550
f 7453//3550 7455//3550 7454//3550
f 5697//3552 1799//3552 1801//3552
f 5697//3552 1801//3552 5699//3552
f 1805//3553 5698//3553 5700//3553
f 1805//3553 5700//3553 1800//3553
f 5084//3554 5083//3554 7457//3554
f 7457//3554 5083//3554 1756//3554
f 7457//3554 1756//3554 7458//3554
f 7458//3554 1756//3554 1758//3554
f 7458//3555 1758//3555 1759//3555
f 7458//3555 1759//3555 7459//3555
f 7459//3556 1759//3556 1760//3556
f 7459//3556 1760//3556 7460//3556
f 7460//3557 1760//3557 1761//3557
f 7460//3557 1761//3557 7461//3557
f 7461//3558 1761//3558 1762//3558
f 7461//3558 1762//3558 7462//3558
f 7462//3559 1762//3559 1764//3559
f 1764//3559 5668//3559 7462//3559
f 7462//3559 5668//3559 7463//3559
f 7462//3558 7463//3558 7464//3558
f 7462//3558 7464//3558 7461//3558
f 7461//3557 7464//3557 7465//3557
f 7461//3557 7465//3557 7460//3557
f 7460//3556 7465//3556 7466//3556
f 7460//3556 7466//3556 7459//3556
f 7459//3555 7466//3555 7457//3555
f 7459//3555 7457//3555 7458//3555
f 5668//3559 5666//3559 7463//3559
f 7463//3558 5666//3558 5664//3558
f 7463//3558 5664//3558 7464//3558
f 7464//3557 5664//3557 5663//3557
f 7464//3557 5663//3557 7465//3557
f 7465//3556 5663//3556 5662//3556
f 7465//3556 5662//3556 7466//3556
f 7466//3555 5662//3555 5084//3555
f 7466//3555 5084//3555 7457//3555
f 1790//3560 7467//3560 1783//3560
f 1783//3560 7467//3560 7468//3560
f 1783//3560 7468//3560 5678//3560
f 5678//3560 7468//3560 5679//3560
f 5679//3561 7468//3561 7469//3561
f 5679//3561 7469//3561 5680//3561
f 5680//3562 7469//3562 7470//3562
f 5680//3562 7470//3562 5681//3562
f 5681//3563 7470//3563 7471//3563
f 5681//3563 7471//3563 5682//3563
f 5682//3564 7471//3564 7472//3564
f 5682//3564 7472//3564 5683//3564
f 5683//3565 7472//3565 7473//3565
f 5683//3565 7473//3565 5684//3565
f 5684//3566 7473//3566 7474//3566
f 5684//3566 7474//3566 5686//3566
f 5686//3567 7474//3567 7475//3567
f 5686//3567 7475//3567 5685//3567
f 5685//3568 7475//3568 5676//3568
f 5676//3568 7475//3568 7476//3568
f 5676//3568 7476//3568 1768//3568
f 1768//3568 7476//3568 1782//3568
f 1782//3567 7476//3567 7477//3567
f 1782//3567 7477//3567 1784//3567
f 1784//3566 7477//3566 7478//3566
f 1784//3566 7478//3566 1785//3566
f 1785//3565 7478//3565 7479//3565
f 1785//3565 7479//3565 1786//3565
f 1786//3564 7479//3564 7480//3564
f 1786//3564 7480//3564 1787//3564
f 1787//3563 7480//3563 7481//3563
f 1787//3563 7481//3563 1788//3563
f 1788//3562 7481//3562 7482//3562
f 1788//3562 7482//3562 1789//3562
f 1789//3561 7482//3561 7467//3561
f 1789//3561 7467//3561 1790//3561
f 7469//3561 7468//3561 7467//3561
f 7469//3561 7467//3561 7482//3561
f 7469//3562 7482//3562 7481//3562
f 7469//3562 7481//3562 7470//3562
f 7470//3563 7481//3563 7480//3563
f 7470//3563 7480//3563 7471//3563
f 7471//3564 7480//3564 7479//3564
f 7471//3564 7479//3564 7472//3564
f 7472//3565 7479//3565 7478//3565
f 7472//3565 7478//3565 7473//3565
f 7473//3566 7478//3566 7477//3566
f 7473//3566 7477//3566 7474//3566
f 7474//3567 7477//3567 7476//3567
f 7474//3567 7476//3567 7475//3567
f 5676//3569 1768//3569 1766//3569
f 5676//3569 1766//3569 5677//3569
f 1783//3570 5678//3570 5675//3570
f 1783//3570 5675//3570 1769//3570
f 1775//3571 1774//3571 7483//3571
f 7483//3571 1774//3571 5079//3571
f 7483//3571 5079//3571 7484//3571
f 7484//3571 5079//3571 5690//3571
f 7484//3572 5690//3572 5082//3572
f 7484//3572 5082//3572 7485//3572
f 7485//3573 5082//3573 5081//3573
f 7485//3573 5081//3573 7486//3573
f 7486//3574 5081//3574 5665//3574
f 7486//3574 5665//3574 7487//3574
f 7487//3575 5665//3575 5667//3575
f 7487//3575 5667//3575 7488//3575
f 7488//3576 5667//3576 5669//3576
f 5669//3576 1773//3576 7488//3576
f 7488//3576 1773//3576 7489//3576
f 7488//3575 7489//3575 7490//3575
f 7488//3575 7490//3575 7487//3575
f 7487//3574 7490//3574 7491//3574
f 7487//3574 7491//3574 7486//3574
f 7486//3573 7491//3573 7492//3573
f 7486//3573 7492//3573 7485//3573
f 7485//3572 7492//3572 7483//3572
f 7485//3572 7483//3572 7484//3572
f 1773//3576 1779//3576 7489//3576
f 7489//3575 1779//3575 1778//3575
f 7489//3575 1778//3575 7490//3575
f 7490//3574 1778//3574 1777//3574
f 7490//3574 1777//3574 7491//3574
f 7491//3573 1777//3573 1776//3573
f 7491//3573 1776//3573 7492//3573
f 7492//3572 1776//3572 1775//3572
f 7492//3572 1775//3572 7483//3572
f 5689//3577 7493//3577 5671//3577
f 5671//3577 7493//3577 7494//3577
f 5671//3577 7494//3577 1763//3577
f 1763//3577 7494//3577 1780//3577
f 1780//3578 7494//3578 7495//3578
f 1780//3578 7495//3578 1781//3578
f 1781//3579 7495//3579 7496//3579
f 1781//3579 7496//3579 1765//3579
f 1765//3580 7496//3580 1766//3580
f 1766//3580 7496//3580 7497//3580
f 1766//3580 7497//3580 5677//3580
f 5677//3580 7497//3580 5687//3580
f 5687//3579 7497//3579 7498//3579
f 5687//3579 7498//3579 5688//3579
f 5688//3578 7498//3578 7493//3578
f 5688//3578 7493//3578 5689//3578
f 7495//3578 7494//3578 7493//3578
f 7495//3578 7493//3578 7498//3578
f 7495//3579 7498//3579 7497//3579
f 7495//3579 7497//3579 7496//3579
f 5674//3581 7499//3581 5675//3581
f 5675//3581 7499//3581 7500//3581
f 5675//3581 7500//3581 1769//3581
f 1769//3581 7500//3581 1771//3581
f 1771//3582 7500//3582 7501//3582
f 1771//3582 7501//3582 1791//3582
f 1791//3583 7501//3583 7502//3583
f 1791//3583 7502//3583 1770//3583
f 1770//3584 7502//3584 1767//3584
f 1767//3584 7502//3584 7503//3584
f 1767//3584 7503//3584 5670//3584
f 5670//3584 7503//3584 5672//3584
f 5672//3583 7503//3583 7504//3583
f 5672//3583 7504//3583 5673//3583
f 5673//3582 7504//3582 7499//3582
f 5673//3582 7499//3582 5674//3582
f 7501//3582 7500//3582 7499//3582
f 7501//3582 7499//3582 7504//3582
f 7501//3583 7504//3583 7503//3583
f 7501//3583 7503//3583 7502//3583
f 5668//3585 1764//3585 1767//3585
f 5668//3585 1767//3585 5670//3585
f 1773//3586 5669//3586 5671//3586
f 1773//3586 5671//3586 1763//3586
f 5089//3587 5091//3587 7505//3587
f 7505//3587 5091//3587 1720//3587
f 7505//3587 1720//3587 7506//3587
f 7506//3587 1720//3587 1722//3587
f 7506//3588 1722//3588 1723//3588
f 7506//3588 1723//3588 7507//3588
f 7507//3589 1723//3589 1724//3589
f 7507//3589 1724//3589 7508//3589
f 7508//3590 1724//3590 1725//3590
f 7508//3590 1725//3590 7509//3590
f 7509//3591 1725//3591 1726//3591
f 7509//3591 1726//3591 7510//3591
f 7510//3592 1726//3592 1728//3592
f 1728//3592 5639//3592 7510//3592
f 7510//3592 5639//3592 7511//3592
f 7510//3591 7511//3591 7512//3591
f 7510//3591 7512//3591 7509//3591
f 7509//3590 7512//3590 7513//3590
f 7509//3590 7513//3590 7508//3590
f 7508//3589 7513//3589 7514//3589
f 7508//3589 7514//3589 7507//3589
f 7507//3588 7514//3588 7505//3588
f 7507//3588 7505//3588 7506//3588
f 5639//3592 5637//3592 7511//3592
f 7511//3591 5637//3591 5634//3591
f 7511//3591 5634//3591 7512//3591
f 7512//3590 5634//3590 5633//3590
f 7512//3590 5633//3590 7513//3590
f 7513//3589 5633//3589 5090//3589
f 7513//3589 5090//3589 7514//3589
f 7514//3588 5090//3588 5089//3588
f 7514//3588 5089//3588 7505//3588
f 1755//3593 7515//3593 1748//3593
f 1748//3593 7515//3593 7516//3593
f 1748//3593 7516//3593 5649//3593
f 5649//3593 7516//3593 5650//3593
f 5650//3594 7516//3594 7517//3594
f 5650//3594 7517//3594 5651//3594
f 5651//3595 7517//3595 7518//3595
f 5651//3595 7518//3595 5652//3595
f 5652//3596 7518//3596 7519//3596
f 5652//3596 7519//3596 5653//3596
f 5653//3597 7519//3597 7520//3597
f 5653//3597 7520//3597 5654//3597
f 5654//3598 7520//3598 7521//3598
f 5654//3598 7521//3598 5655//3598
f 5655//3599 7521//3599 7522//3599
f 5655//3599 7522//3599 5656//3599
f 5656//3600 7522//3600 7523//3600
f 5656//3600 7523//3600 5657//3600
f 5657//3601 7523//3601 5647//3601
f 5647//3601 7523//3601 7524//3601
f 5647//3601 7524//3601 1732//3601
f 1732//3601 7524//3601 1747//3601
f 1747//3600 7524//3600 7525//3600
f 1747//3600 7525//3600 1749//3600
f 1749//3599 7525//3599 7526//3599
f 1749//3599 7526//3599 1750//3599
f 1750//3598 7526//3598 7527//3598
f 1750//3598 7527//3598 1751//3598
f 1751//3597 7527//3597 7528//3597
f 1751//3597 7528//3597 1752//3597
f 1752//3596 7528//3596 7529//3596
f 1752//3596 7529//3596 1753//3596
f 1753//3595 7529//3595 7530//3595
f 1753//3595 7530//3595 1754//3595
f 1754//3594 7530//3594 7515//3594
f 1754//3594 7515//3594 1755//3594
f 7517//3594 7516//3594 7515//3594
f 7517//3594 7515//3594 7530//3594
f 7517//3595 7530//3595 7529//3595
f 7517//3595 7529//3595 7518//3595
f 7518//3596 7529//3596 7528//3596
f 7518//3596 7528//3596 7519//3596
f 7519//3597 7528//3597 7527//3597
f 7519//3597 7527//3597 7520//3597
f 7520//3598 7527//3598 7526//3598
f 7520//3598 7526//3598 7521//3598
f 7521//3599 7526//3599 7525//3599
f 7521//3599 7525//3599 7522//3599
f 7522//3600 7525//3600 7524//3600
f 7522//3600 7524//3600 7523//3600
f 5647//3602 1732//3602 1730//3602
f 5647//3602 1730//3602 5648//3602
f 1748//3603 5649//3603 5646//3603
f 1748//3603 5646//3603 1733//3603
f 1740//3604 1739//3604 7531//3604
f 7531//3604 1739//3604 5086//3604
f 7531//3604 5086//3604 7532//3604
f 7532//3604 5086//3604 5088//3604
f 7532//3605 5088//3605 5661//3605
f 7532//3605 5661//3605 7533//3605
f 7533//3606 5661//3606 5636//3606
f 7533//3606 5636//3606 7534//3606
f 7534//3607 5636//3607 5635//3607
f 7534//3607 5635//3607 7535//3607
f 7535//3608 5635//3608 5638//3608
f 7535//3608 5638//3608 7536//3608
f 7536//3609 5638//3609 5640//3609
f 5640//3609 1738//3609 7536//3609
f 7536//3609 1738//3609 7537//3609
f 7536//3608 7537//3608 7538//3608
f 7536//3608 7538//3608 7535//3608
f 7535//3607 7538//3607 7539//3607
f 7535//3607 7539//3607 7534//3607
f 7534//3606 7539//3606 7540//3606
f 7534//3606 7540//3606 7533//3606
f 7533//3605 7540//3605 7531//3605
f 7533//3605 7531//3605 7532//3605
f 1738//3609 1744//3609 7537//3609
f 7537//3608 1744//3608 1743//3608
f 7537//3608 1743//3608 7538//3608
f 7538//3607 1743//3607 1742//3607
f 7538//3607 1742//3607 7539//3607
f 7539//3606 1742//3606 1741//3606
f 7539//3606 1741//3606 7540//3606
f 7540//3605 1741//3605 1740//3605
f 7540//3605 1740//3605 7531//3605
f 5660//3610 7541//3610 5642//3610
f 5642//3610 7541//3610 7542//3610
f 5642//3610 7542//3610 1727//3610
f 1727//3610 7542//3610 1745//3610
f 1745//3611 7542//3611 7543//3611
f 1745//3611 7543//3611 1746//3611
f 1746//3612 7543//3612 7544//3612
f 1746//3612 7544//3612 1729//3612
f 1729//3613 7544//3613 1730//3613
f 1730//3613 7544//3613 7545//3613
f 1730//3613 7545//3613 5648//3613
f 5648//3613 7545//3613 5658//3613
f 5658//3612 7545//3612 7546//3612
f 5658//3612 7546//3612 5659//3612
f 5659//3611 7546//3611 7541//3611
f 5659//3611 7541//3611 5660//3611
f 7543//3611 7542//3611 7541//3611
f 7543//3611 7541//3611 7546//3611
f 7543//3612 7546//3612 7545//3612
f 7543//3612 7545//3612 7544//3612
f 5645//3614 7547//3614 5646//3614
f 5646//3614 7547//3614 7548//3614
f 5646//3614 7548//3614 1733//3614
f 1733//3614 7548//3614 1736//3614
f 1736//3615 7548//3615 7549//3615
f 1736//3615 7549//3615 1735//3615
f 1735//3616 7549//3616 7550//3616
f 1735//3616 7550//3616 1734//3616
f 1734//3617 7550//3617 1731//3617
f 1731//3617 7550//3617 7551//3617
f 1731//3617 7551//3617 5641//3617
f 5641//3617 7551//3617 5643//3617
f 5643//3616 7551//3616 7552//3616
f 5643//3616 7552//3616 5644//3616
f 5644//3615 7552//3615 7547//3615
f 5644//3615 7547//3615 5645//3615
f 7549//3615 7548//3615 7547//3615
f 7549//3615 7547//3615 7552//3615
f 7549//3616 7552//3616 7551//3616
f 7549//3616 7551//3616 7550//3616
f 5639//3618 1728//3618 1731//3618
f 5639//3618 1731//3618 5641//3618
f 1738//3619 5640//3619 5642//3619
f 1738//3619 5642//3619 1727//3619
f 5098//3620 5097//3620 7553//3620
f 7553//3620 5097//3620 1684//3620
f 7553//3620 1684//3620 7554//3620
f 7554//3620 1684//3620 1686//3620
f 7554//3621 1686//3621 1687//3621
f 7554//3621 1687//3621 7555//3621
f 7555//3622 1687//3622 1688//3622
f 7555//3622 1688//3622 7556//3622
f 7556//3623 1688//3623 1689//3623
f 7556//3623 1689//3623 7557//3623
f 7557//3624 1689//3624 1690//3624
f 7557//3624 1690//3624 7558//3624
f 7558//3625 1690//3625 1691//3625
f 1691//3625 5609//3625 7558//3625
f 7558//3625 5609//3625 7559//3625
f 7558//3624 7559//3624 7560//3624
f 7558//3624 7560//3624 7557//3624
f 7557//3623 7560//3623 7561//3623
f 7557//3623 7561//3623 7556//3623
f 7556//3622 7561//3622 7562//3622
f 7556//3622 7562//3622 7555//3622
f 7555//3621 7562//3621 7553//3621
f 7555//3621 7553//3621 7554//3621
f 5609//3625 5607//3625 7559//3625
f 7559//3624 5607//3624 5606//3624
f 7559//3624 5606//3624 7560//3624
f 7560//3623 5606//3623 5605//3623
f 7560//3623 5605//3623 7561//3623
f 7561//3622 5605//3622 5604//3622
f 7561//3622 5604//3622 7562//3622
f 7562//3621 5604//3621 5098//3621
f 7562//3621 5098//3621 7553//3621
f 1716//3626 7563//3626 1707//3626
f 1707//3626 7563//3626 7564//3626
f 1707//3626 7564//3626 5619//3626
f 5619//3626 7564//3626 5622//3626
f 5622//3627 7564//3627 7565//3627
f 5622//3627 7565//3627 5626//3627
f 5626//3628 7565//3628 7566//3628
f 5626//3628 7566//3628 5627//3628
f 5627//3629 7566//3629 7567//3629
f 5627//3629 7567//3629 5623//3629
f 5623//3630 7567//3630 7568//3630
f 5623//3630 7568//3630 5624//3630
f 5624//3631 7568//3631 7569//3631
f 5624//3631 7569//3631 5625//3631
f 5625//3632 7569//3632 7570//3632
f 5625//3632 7570//3632 5628//3632
f 5628//3633 7570//3633 7571//3633
f 5628//3633 7571//3633 5620//3633
f 5620//3634 7571//3634 5621//3634
f 5621//3634 7571//3634 7572//3634
f 5621//3634 7572//3634 1706//3634
f 1706//3634 7572//3634 1709//3634
f 1709//3633 7572//3633 7573//3633
f 1709//3633 7573//3633 1710//3633
f 1710//3632 7573//3632 7574//3632
f 1710//3632 7574//3632 1711//3632
f 1711//3631 7574//3631 7575//3631
f 1711//3631 7575//3631 1712//3631
f 1712//3630 7575//3630 7576//3630
f 1712//3630 7576//3630 1713//3630
f 1713//3629 7576//3629 7577//3629
f 1713//3629 7577//3629 1714//3629
f 1714//3628 7577//3628 7578//3628
f 1714//3628 7578//3628 1715//3628
f 1715//3627 7578//3627 7563//3627
f 1715//3627 7563//3627 1716//3627
f 7565//3627 7564//3627 7563//3627
f 7565//3627 7563//3627 7578//3627
f 7565//3628 7578//3628 7577//3628
f 7565//3628 7577//3628 7566//3628
f 7566//3629 7577//3629 7576//3629
f 7566//3629 7576//3629 7567//3629
f 7567//3630 7576//3630 7575//3630
f 7567//3630 7575//3630 7568//3630
f 7568//3631 7575//3631 7574//3631
f 7568//3631 7574//3631 7569//3631
f 7569//3632 7574//3632 7573//3632
f 7569//3632 7573//3632 7570//3632
f 7570//3633 7573//3633 7572//3633
f 7570//3633 7572//3633 7571//3633
f 5621//263 1706//263 1695//263
f 5621//263 1695//263 5613//263
f 1707//3635 5619//3635 5618//3635
f 1707//3635 5618//3635 1708//3635
f 1700//3636 1699//3636 7579//3636
f 7579//3636 1699//3636 5092//3636
f 7579//3636 5092//3636 7580//3636
f 7580//3636 5092//3636 5094//3636
f 7580//3637 5094//3637 5631//3637
f 7580//3637 5631//3637 7581//3637
f 7581//3638 5631//3638 5096//3638
f 7581//3638 5096//3638 7582//3638
f 7582//3639 5096//3639 5095//3639
f 7582//3639 5095//3639 7583//3639
f 7583//3640 5095//3640 5608//3640
f 7583//3640 5608//3640 7584//3640
f 7584//3641 5608//3641 5610//3641
f 5610//3641 1698//3641 7584//3641
f 7584//3641 1698//3641 7585//3641
f 7584//3640 7585//3640 7586//3640
f 7584//3640 7586//3640 7583//3640
f 7583//3639 7586//3639 7587//3639
f 7583//3639 7587//3639 7582//3639
f 7582//3638 7587//3638 7588//3638
f 7582//3638 7588//3638 7581//3638
f 7581//3637 7588//3637 7579//3637
f 7581//3637 7579//3637 7580//3637
f 1698//3641 1704//3641 7585//3641
f 7585//3640 1704//3640 1703//3640
f 7585//3640 1703//3640 7586//3640
f 7586//3639 1703//3639 1702//3639
f 7586//3639 1702//3639 7587//3639
f 7587//3638 1702//3638 1701//3638
f 7587//3638 1701//3638 7588//3638
f 7588//3637 1701//3637 1700//3637
f 7588//3637 1700//3637 7579//3637
f 5630//3642 7589//3642 5612//3642
f 5612//3642 7589//3642 7590//3642
f 5612//3642 7590//3642 1692//3642
f 1692//3642 7590//3642 1694//3642
f 1694//3643 7590//3643 7591//3643
f 1694//3643 7591//3643 1696//3643
f 1696//3644 7591//3644 7592//3644
f 1696//3644 7592//3644 1705//3644
f 1705//3645 7592//3645 1695//3645
f 1695//3645 7592//3645 7593//3645
f 1695//3645 7593//3645 5613//3645
f 5613//3645 7593//3645 5614//3645
f 5614//3644 7593//3644 7594//3644
f 5614//3644 7594//3644 5629//3644
f 5629//3643 7594//3643 7589//3643
f 5629//3643 7589//3643 5630//3643
f 7591//3643 7590//3643 7589//3643
f 7591//3643 7589//3643 7594//3643
f 7591//3644 7594//3644 7593//3644
f 7591//3644 7593//3644 7592//3644
f 5617//3646 7595//3646 5618//3646
f 5618//3646 7595//3646 7596//3646
f 5618//3646 7596//3646 1708//3646
f 1708//3646 7596//3646 1717//3646
f 1717//3647 7596//3647 7597//3647
f 1717//3647 7597//3647 1718//3647
f 1718//3648 7597//3648 7598//3648
f 1718//3648 7598//3648 1719//3648
f 1719//3649 7598//3649 1693//3649
f 1693//3649 7598//3649 7599//3649
f 1693//3649 7599//3649 5611//3649
f 5611//3649 7599//3649 5615//3649
f 5615//3648 7599//3648 7600//3648
f 5615//3648 7600//3648 5616//3648
f 5616//3647 7600//3647 7595//3647
f 5616//3647 7595//3647 5617//3647
f 7597//3647 7596//3647 7595//3647
f 7597//3647 7595//3647 7600//3647
f 7597//3648 7600//3648 7599//3648
f 7597//3648 7599//3648 7598//3648
f 5609//3650 1691//3650 1693//3650
f 5609//3650 1693//3650 5611//3650
f 1698//3651 5610//3651 5612//3651
f 1698//3651 5612//3651 1692//3651
f 5104//3652 5103//3652 7601//3652
f 7601//3652 5103//3652 1648//3652
f 7601//3652 1648//3652 7602//3652
f 7602//3652 1648//3652 1650//3652
f 7602//3653 1650//3653 1651//3653
f 7602//3653 1651//3653 7603//3653
f 7603//3654 1651//3654 1652//3654
f 7603//3654 1652//3654 7604//3654
f 7604//3655 1652//3655 1653//3655
f 7604//3655 1653//3655 7605//3655
f 7605//3656 1653//3656 1654//3656
f 7605//3656 1654//3656 7606//3656
f 7606//3657 1654//3657 1655//3657
f 1655//3657 5581//3657 7606//3657
f 7606//3657 5581//3657 7607//3657
f 7606//3656 7607//3656 7608//3656
f 7606//3656 7608//3656 7605//3656
f 7605//3655 7608//3655 7609//3655
f 7605//3655 7609//3655 7604//3655
f 7604//3654 7609//3654 7610//3654
f 7604//3654 7610//3654 7603//3654
f 7603//3653 7610//3653 7601//3653
f 7603//3653 7601//3653 7602//3653
f 5581//3657 5579//3657 7607//3657
f 7607//3656 5579//3656 5576//3656
f 7607//3656 5576//3656 7608//3656
f 7608//3655 5576//3655 5575//3655
f 7608//3655 5575//3655 7609//3655
f 7609//3654 5575//3654 5574//3654
f 7609//3654 5574//3654 7610//3654
f 7610//3653 5574//3653 5104//3653
f 7610//3653 5104//3653 7601//3653
f 1675//3658 7611//3658 1671//3658
f 1671//3658 7611//3658 7612//3658
f 1671//3658 7612//3658 5591//3658
f 5591//3658 7612//3658 5597//3658
f 5597//3659 7612//3659 7613//3659
f 5597//3659 7613//3659 5598//3659
f 5598//3660 7613//3660 7614//3660
f 5598//3660 7614//3660 5599//3660
f 5599//3661 7614//3661 7615//3661
f 5599//3661 7615//3661 5596//3661
f 5596//3662 7615//3662 7616//3662
f 5596//3662 7616//3662 5595//3662
f 5595//3663 7616//3663 7617//3663
f 5595//3663 7617//3663 5594//3663
f 5594//3664 7617//3664 7618//3664
f 5594//3664 7618//3664 5593//3664
f 5593//3665 7618//3665 7619//3665
f 5593//3665 7619//3665 5592//3665
f 5592//3666 7619//3666 5590//3666
f 5590//3666 7619//3666 7620//3666
f 5590//3666 7620//3666 1674//3666
f 1674//3666 7620//3666 1676//3666
f 1676//3665 7620//3665 7621//3665
f 1676//3665 7621//3665 1677//3665
f 1677//3664 7621//3664 7622//3664
f 1677//3664 7622//3664 1678//3664
f 1678//3663 7622//3663 7623//3663
f 1678//3663 7623//3663 1679//3663
f 1679//3662 7623//3662 7624//3662
f 1679//3662 7624//3662 1680//3662
f 1680//3661 7624//3661 7625//3661
f 1680//3661 7625//3661 1681//3661
f 1681//3660 7625//3660 7626//3660
f 1681//3660 7626//3660 1682//3660
f 1682//3659 7626//3659 7611//3659
f 1682//3659 7611//3659 1675//3659
f 7613//3659 7612//3659 7611//3659
f 7613//3659 7611//3659 7626//3659
f 7613//3660 7626//3660 7625//3660
f 7613//3660 7625//3660 7614//3660
f 7614//3661 7625//3661 7624//3661
f 7614//3661 7624//3661 7615//3661
f 7615//3662 7624//3662 7623//3662
f 7615//3662 7623//3662 7616//3662
f 7616//3663 7623//3663 7622//3663
f 7616//3663 7622//3663 7617//3663
f 7617//3664 7622//3664 7621//3664
f 7617//3664 7621//3664 7618//3664
f 7618//3665 7621//3665 7620//3665
f 7618//3665 7620//3665 7619//3665
f 5590//3667 1674//3667 1670//3667
f 5590//3667 1670//3667 5589//3667
f 1671//3668 5591//3668 5588//3668
f 1671//3668 5588//3668 1666//3668
f 1661//3669 1660//3669 7627//3669
f 7627//3669 1660//3669 5101//3669
f 7627//3669 5101//3669 7628//3669
f 7628//3669 5101//3669 5100//3669
f 7628//3670 5100//3670 5102//3670
f 7628//3670 5102//3670 7629//3670
f 7629//3671 5102//3671 5578//3671
f 7629//3671 5578//3671 7630//3671
f 7630//3672 5578//3672 5577//3672
f 7630//3672 5577//3672 7631//3672
f 7631//3673 5577//3673 5580//3673
f 7631//3673 5580//3673 7632//3673
f 7632//3674 5580//3674 5582//3674
f 5582//3674 1659//3674 7632//3674
f 7632//3674 1659//3674 7633//3674
f 7632//3673 7633//3673 7634//3673
f 7632//3673 7634//3673 7631//3673
f 7631//3672 7634//3672 7635//3672
f 7631//3672 7635//3672 7630//3672
f 7630//3671 7635//3671 7636//3671
f 7630//3671 7636//3671 7629//3671
f 7629//3670 7636//3670 7627//3670
f 7629//3670 7627//3670 7628//3670
f 1659//3674 1658//3674 7633//3674
f 7633//3673 1658//3673 1664//3673
f 7633//3673 1664//3673 7634//3673
f 7634//3672 1664//3672 1663//3672
f 7634//3672 1663//3672 7635//3672
f 7635//3671 1663//3671 1662//3671
f 7635//3671 1662//3671 7636//3671
f 7636//3670 1662//3670 1661//3670
f 7636//3670 1661//3670 7627//3670
f 5602//3675 7637//3675 5584//3675
f 5584//3675 7637//3675 7638//3675
f 5584//3675 7638//3675 1665//3675
f 1665//3675 7638//3675 1669//3675
f 1669//3676 7638//3676 7639//3676
f 1669//3676 7639//3676 1672//3676
f 1672//3677 7639//3677 7640//3677
f 1672//3677 7640//3677 1673//3677
f 1673//3678 7640//3678 1670//3678
f 1670//3678 7640//3678 7641//3678
f 1670//3678 7641//3678 5589//3678
f 5589//3678 7641//3678 5600//3678
f 5600//3677 7641//3677 7642//3677
f 5600//3677 7642//3677 5601//3677
f 5601//3676 7642//3676 7637//3676
f 5601//3676 7637//3676 5602//3676
f 7639//3676 7638//3676 7637//3676
f 7639//3676 7637//3676 7642//3676
f 7639//3677 7642//3677 7641//3677
f 7639//3677 7641//3677 7640//3677
f 5587//3679 7643//3679 5588//3679
f 5588//3679 7643//3679 7644//3679
f 5588//3679 7644//3679 1666//3679
f 1666//3679 7644//3679 1667//3679
f 1667//3680 7644//3680 7645//3680
f 1667//3680 7645//3680 1668//3680
f 1668//3681 7645//3681 7646//3681
f 1668//3681 7646//3681 1683//3681
f 1683//3682 7646//3682 1657//3682
f 1657//3682 7646//3682 7647//3682
f 1657//3682 7647//3682 5583//3682
f 5583//3682 7647//3682 5585//3682
f 5585//3681 7647//3681 7648//3681
f 5585//3681 7648//3681 5586//3681
f 5586//3680 7648//3680 7643//3680
f 5586//3680 7643//3680 5587//3680
f 7645//3680 7644//3680 7643//3680
f 7645//3680 7643//3680 7648//3680
f 7645//3681 7648//3681 7647//3681
f 7645//3681 7647//3681 7646//3681
f 5581//3683 1655//3683 1657//3683
f 5581//3683 1657//3683 5583//3683
f 1659//3684 5582//3684 5584//3684
f 1659//3684 5584//3684 1665//3684
f 5545//3685 5112//3685 7649//3685
f 7649//3685 5112//3685 1612//3685
f 7649//3685 1612//3685 7650//3685
f 7650//3685 1612//3685 1614//3685
f 7650//3686 1614//3686 1615//3686
f 7650//3686 1615//3686 7651//3686
f 7651//3687 1615//3687 1616//3687
f 7651//3687 1616//3687 7652//3687
f 7652//3688 1616//3688 1617//3688
f 7652//3688 1617//3688 7653//3688
f 7653//3689 1617//3689 1618//3689
f 7653//3689 1618//3689 7654//3689
f 7654//3690 1618//3690 1619//3690
f 1619//3690 5552//3690 7654//3690
f 7654//3690 5552//3690 7655//3690
f 7654//3689 7655//3689 7656//3689
f 7654//3689 7656//3689 7653//3689
f 7653//3688 7656//3688 7657//3688
f 7653//3688 7657//3688 7652//3688
f 7652//3687 7657//3687 7658//3687
f 7652//3687 7658//3687 7651//3687
f 7651//3686 7658//3686 7649//3686
f 7651//3686 7649//3686 7650//3686
f 5552//3690 5550//3690 7655//3690
f 7655//3689 5550//3689 5546//3689
f 7655//3689 5546//3689 7656//3689
f 7656//3688 5546//3688 5110//3688
f 7656//3688 5110//3688 7657//3688
f 7657//3687 5110//3687 5109//3687
f 7657//3687 5109//3687 7658//3687
f 7658//3686 5109//3686 5545//3686
f 7658//3686 5545//3686 7649//3686
f 1639//3691 7659//3691 1635//3691
f 1635//3691 7659//3691 7660//3691
f 1635//3691 7660//3691 5561//3691
f 5561//3691 7660//3691 5563//3691
f 5563//3692 7660//3692 7661//3692
f 5563//3692 7661//3692 5564//3692
f 5564//3693 7661//3693 7662//3693
f 5564//3693 7662//3693 5565//3693
f 5565//3694 7662//3694 7663//3694
f 5565//3694 7663//3694 5570//3694
f 5570//3695 7663//3695 7664//3695
f 5570//3695 7664//3695 5569//3695
f 5569//3696 7664//3696 7665//3696
f 5569//3696 7665//3696 5568//3696
f 5568//3697 7665//3697 7666//3697
f 5568//3697 7666//3697 5567//3697
f 5567//3698 7666//3698 7667//3698
f 5567//3698 7667//3698 5566//3698
f 5566//3699 7667//3699 5562//3699
f 5562//3699 7667//3699 7668//3699
f 5562//3699 7668//3699 1638//3699
f 1638//3699 7668//3699 1640//3699
f 1640//3698 7668//3698 7669//3698
f 1640//3698 7669//3698 1641//3698
f 1641//3697 7669//3697 7670//3697
f 1641//3697 7670//3697 1642//3697
f 1642//3696 7670//3696 7671//3696
f 1642//3696 7671//3696 1643//3696
f 1643//3695 7671//3695 7672//3695
f 1643//3695 7672//3695 1644//3695
f 1644//3694 7672//3694 7673//3694
f 1644//3694 7673//3694 1645//3694
f 1645//3693 7673//3693 7674//3693
f 1645//3693 7674//3693 1646//3693
f 1646//3692 7674//3692 7659//3692
f 1646//3692 7659//3692 1639//3692
f 7661//3692 7660//3692 7659//3692
f 7661//3692 7659//3692 7674//3692
f 7661//3693 7674//3693 7673//3693
f 7661//3693 7673//3693 7662//3693
f 7662//3694 7673//3694 7672//3694
f 7662//3694 7672//3694 7663//3694
f 7663//3695 7672//3695 7671//3695
f 7663//3695 7671//3695 7664//3695
f 7664//3696 7671//3696 7670//3696
f 7664//3696 7670//3696 7665//3696
f 7665//3697 7670//3697 7669//3697
f 7665//3697 7669//3697 7666//3697
f 7666//3698 7669//3698 7668//3698
f 7666//3698 7668//3698 7667//3698
f 5562//3700 1638//3700 1634//3700
f 5562//3700 1634//3700 5560//3700
f 1635//3701 5561//3701 5559//3701
f 1635//3701 5559//3701 1630//3701
f 1625//3702 1624//3702 7675//3702
f 7675//3702 1624//3702 5106//3702
f 7675//3702 5106//3702 7676//3702
f 7676//3702 5106//3702 5108//3702
f 7676//3703 5108//3703 5549//3703
f 7676//3703 5549//3703 7677//3703
f 7677//3704 5549//3704 5548//3704
f 7677//3704 5548//3704 7678//3704
f 7678//3705 5548//3705 5547//3705
f 7678//3705 5547//3705 7679//3705
f 7679//3706 5547//3706 5551//3706
f 7679//3706 5551//3706 7680//3706
f 7680//3707 5551//3707 5553//3707
f 5553//3707 1623//3707 7680//3707
f 7680//3707 1623//3707 7681//3707
f 7680//3706 7681//3706 7682//3706
f 7680//3706 7682//3706 7679//3706
f 7679//3705 7682//3705 7683//3705
f 7679//3705 7683//3705 7678//3705
f 7678//3704 7683//3704 7684//3704
f 7678//3704 7684//3704 7677//3704
f 7677//3703 7684//3703 7675//3703
f 7677//3703 7675//3703 7676//3703
f 1623//3707 1622//3707 7681//3707
f 7681//3706 1622//3706 1628//3706
f 7681//3706 1628//3706 7682//3706
f 7682//3705 1628//3705 1627//3705
f 7682//3705 1627//3705 7683//3705
f 7683//3704 1627//3704 1626//3704
f 7683//3704 1626//3704 7684//3704
f 7684//3703 1626//3703 1625//3703
f 7684//3703 1625//3703 7675//3703
f 5571//3708 7685//3708 5555//3708
f 5555//3708 7685//3708 7686//3708
f 5555//3708 7686//3708 1629//3708
f 1629//3708 7686//3708 1633//3708
f 1633//3709 7686//3709 7687//3709
f 1633//3709 7687//3709 1636//3709
f 1636//3710 7687//3710 7688//3710
f 1636//3710 7688//3710 1637//3710
f 1637//3711 7688//3711 1634//3711
f 1634//3711 7688//3711 7689//3711
f 1634//3711 7689//3711 5560//3711
f 5560//3711 7689//3711 5573//3711
f 5573//3710 7689//3710 7690//3710
f 5573//3710 7690//3710 5572//3710
f 5572//3709 7690//3709 7685//3709
f 5572//3709 7685//3709 5571//3709
f 7687//3709 7686//3709 7685//3709
f 7687//3709 7685//3709 7690//3709
f 7687//3710 7690//3710 7689//3710
f 7687//3710 7689//3710 7688//3710
f 5558//3712 7691//3712 5559//3712
f 5559//3712 7691//3712 7692//3712
f 5559//3712 7692//3712 1630//3712
f 1630//3712 7692//3712 1631//3712
f 1631//3713 7692//3713 7693//3713
f 1631//3713 7693//3713 1632//3713
f 1632//3714 7693//3714 7694//3714
f 1632//3714 7694//3714 1647//3714
f 1647//3715 7694//3715 1621//3715
f 1621//3715 7694//3715 7695//3715
f 1621//3715 7695//3715 5554//3715
f 5554//3715 7695//3715 5556//3715
f 5556//3714 7695//3714 7696//3714
f 5556//3714 7696//3714 5557//3714
f 5557//3713 7696//3713 7691//3713
f 5557//3713 7691//3713 5558//3713
f 7693//3713 7692//3713 7691//3713
f 7693//3713 7691//3713 7696//3713
f 7693//3714 7696//3714 7695//3714
f 7693//3714 7695//3714 7694//3714
f 5552//3716 1619//3716 1621//3716
f 5552//3716 1621//3716 5554//3716
f 1623//3717 5553//3717 5555//3717
f 1623//3717 5555//3717 1629//3717
f 5119//3718 5118//3718 7697//3718
f 7697//3718 5118//3718 1576//3718
f 7697//3718 1576//3718 7698//3718
f 7698//3718 1576//3718 1578//3718
f 7698//3719 1578//3719 1579//3719
f 7698//3719 1579//3719 7699//3719
f 7699//3720 1579//3720 1580//3720
f 7699//3720 1580//3720 7700//3720
f 7700//3721 1580//3721 1581//3721
f 7700//3721 1581//3721 7701//3721
f 7701//3722 1581//3722 1582//3722
f 7701//3722 1582//3722 7702//3722
f 7702//3723 1582//3723 1583//3723
f 1583//3723 5523//3723 7702//3723
f 7702//3723 5523//3723 7703//3723
f 7702//3722 7703//3722 7704//3722
f 7702//3722 7704//3722 7701//3722
f 7701//3721 7704//3721 7705//3721
f 7701//3721 7705//3721 7700//3721
f 7700//3720 7705//3720 7706//3720
f 7700//3720 7706//3720 7699//3720
f 7699//3719 7706//3719 7697//3719
f 7699//3719 7697//3719 7698//3719
f 5523//3723 5521//3723 7703//3723
f 7703//3722 5521//3722 5519//3722
f 7703//3722 5519//3722 7704//3722
f 7704//3721 5519//3721 5518//3721
f 7704//3721 5518//3721 7705//3721
f 7705//3720 5518//3720 5517//3720
f 7705//3720 5517//3720 7706//3720
f 7706//3719 5517//3719 5119//3719
f 7706//3719 5119//3719 7697//3719
f 1608//3724 7707//3724 1598//3724
f 1598//3724 7707//3724 7708//3724
f 1598//3724 7708//3724 5531//3724
f 5531//3724 7708//3724 5534//3724
f 5534//3725 7708//3725 7709//3725
f 5534//3725 7709//3725 5535//3725
f 5535//3726 7709//3726 7710//3726
f 5535//3726 7710//3726 5536//3726
f 5536//3727 7710//3727 7711//3727
f 5536//3727 7711//3727 5537//3727
f 5537//3728 7711//3728 7712//3728
f 5537//3728 7712//3728 5538//3728
f 5538//3729 7712//3729 7713//3729
f 5538//3729 7713//3729 5539//3729
f 5539//3730 7713//3730 7714//3730
f 5539//3730 7714//3730 5540//3730
f 5540//3731 7714//3731 7715//3731
f 5540//3731 7715//3731 5532//3731
f 5532//3732 7715//3732 5533//3732
f 5533//3732 7715//3732 7716//3732
f 5533//3732 7716//3732 1600//3732
f 1600//3732 7716//3732 1601//3732
f 1601//3731 7716//3731 7717//3731
f 1601//3731 7717//3731 1602//3731
f 1602//3730 7717//3730 7718//3730
f 1602//3730 7718//3730 1603//3730
f 1603//3729 7718//3729 7719//3729
f 1603//3729 7719//3729 1604//3729
f 1604//3728 7719//3728 7720//3728
f 1604//3728 7720//3728 1605//3728
f 1605//3727 7720//3727 7721//3727
f 1605//3727 7721//3727 1606//3727
f 1606//3726 7721//3726 7722//3726
f 1606//3726 7722//3726 1607//3726
f 1607//3725 7722//3725 7707//3725
f 1607//3725 7707//3725 1608//3725
f 7709//3725 7708//3725 7707//3725
f 7709//3725 7707//3725 7722//3725
f 7709//3726 7722//3726 7721//3726
f 7709//3726 7721//3726 7710//3726
f 7710//3727 7721//3727 7720//3727
f 7710//3727 7720//3727 7711//3727
f 7711//3728 7720//3728 7719//3728
f 7711//3728 7719//3728 7712//3728
f 7712//3729 7719//3729 7718//3729
f 7712//3729 7718//3729 7713//3729
f 7713//3730 7718//3730 7717//3730
f 7713//3730 7717//3730 7714//3730
f 7714//3731 7717//3731 7716//3731
f 7714//3731 7716//3731 7715//3731
f 5533//3733 1600//3733 1597//3733
f 5533//3733 1597//3733 5541//3733
f 1598//3734 5531//3734 5530//3734
f 1598//3734 5530//3734 1599//3734
f 1589//3735 1588//3735 7723//3735
f 7723//3735 1588//3735 5113//3735
f 7723//3735 5113//3735 7724//3735
f 7724//3735 5113//3735 5115//3735
f 7724//3736 5115//3736 5117//3736
f 7724//3736 5117//3736 7725//3736
f 7725//3737 5117//3737 5116//3737
f 7725//3737 5116//3737 7726//3737
f 7726//3738 5116//3738 5520//3738
f 7726//3738 5520//3738 7727//3738
f 7727//3739 5520//3739 5522//3739
f 7727//3739 5522//3739 7728//3739
f 7728//3740 5522//3740 5524//3740
f 5524//3740 1586//3740 7728//3740
f 7728//3740 1586//3740 7729//3740
f 7728//3739 7729//3739 7730//3739
f 7728//3739 7730//3739 7727//3739
f 7727//3738 7730//3738 7731//3738
f 7727//3738 7731//3738 7726//3738
f 7726//3737 7731//3737 7732//3737
f 7726//3737 7732//3737 7725//3737
f 7725//3736 7732//3736 7723//3736
f 7725//3736 7723//3736 7724//3736
f 1586//3740 1593//3740 7729//3740
f 7729//3739 1593//3739 1592//3739
f 7729//3739 1592//3739 7730//3739
f 7730//3738 1592//3738 1591//3738
f 7730//3738 1591//3738 7731//3738
f 7731//3737 1591//3737 1590//3737
f 7731//3737 1590//3737 7732//3737
f 7732//3736 1590//3736 1589//3736
f 7732//3736 1589//3736 7723//3736
f 5544//3741 7733//3741 5526//3741
f 5526//3741 7733//3741 7734//3741
f 5526//3741 7734//3741 1587//3741
f 1587//3741 7734//3741 1594//3741
f 1594//3742 7734//3742 7735//3742
f 1594//3742 7735//3742 1595//3742
f 1595//3743 7735//3743 7736//3743
f 1595//3743 7736//3743 1596//3743
f 1596//3744 7736//3744 1597//3744
f 1597//3744 7736//3744 7737//3744
f 1597//3744 7737//3744 5541//3744
f 5541//3744 7737//3744 5542//3744
f 5542//3743 7737//3743 7738//3743
f 5542//3743 7738//3743 5543//3743
f 5543//3742 7738//3742 7733//3742
f 5543//3742 7733//3742 5544//3742
f 7735//3742 7734//3742 7733//3742
f 7735//3742 7733//3742 7738//3742
f 7735//3743 7738//3743 7737//3743
f 7735//3743 7737//3743 7736//3743
f 5529//3745 7739//3745 5530//3745
f 5530//3745 7739//3745 7740//3745
f 5530//3745 7740//3745 1599//3745
f 1599//3745 7740//3745 1609//3745
f 1609//3746 7740//3746 7741//3746
f 1609//3746 7741//3746 1610//3746
f 1610//3747 7741//3747 7742//3747
f 1610//3747 7742//3747 1611//3747
f 1611//3748 7742//3748 1585//3748
f 1585//3748 7742//3748 7743//3748
f 1585//3748 7743//3748 5525//3748
f 5525//3748 7743//3748 5527//3748
f 5527//3747 7743//3747 7744//3747
f 5527//3747 7744//3747 5528//3747
f 5528//3746 7744//3746 7739//3746
f 5528//3746 7739//3746 5529//3746
f 7741//3746 7740//3746 7739//3746
f 7741//3746 7739//3746 7744//3746
f 7741//3747 7744//3747 7743//3747
f 7741//3747 7743//3747 7742//3747
f 5523//3749 1583//3749 1585//3749
f 5523//3749 1585//3749 5525//3749
f 1586//3750 5524//3750 5526//3750
f 1586//3750 5526//3750 1587//3750
f 5125//3751 5128//3751 7745//3751
f 7745//3751 5128//3751 1540//3751
f 7745//3751 1540//3751 7746//3751
f 7746//3751 1540//3751 1542//3751
f 7746//3752 1542//3752 1543//3752
f 7746//3752 1543//3752 7747//3752
f 7747//3753 1543//3753 1544//3753
f 7747//3753 1544//3753 7748//3753
f 7748//3754 1544//3754 1545//3754
f 7748//3754 1545//3754 7749//3754
f 7749//3755 1545//3755 1546//3755
f 7749//3755 1546//3755 7750//3755
f 7750//3756 1546//3756 1547//3756
f 1547//3756 5495//3756 7750//3756
f 7750//3756 5495//3756 7751//3756
f 7750//3755 7751//3755 7752//3755
f 7750//3755 7752//3755 7749//3755
f 7749//3754 7752//3754 7753//3754
f 7749//3754 7753//3754 7748//3754
f 7748//3753 7753//3753 7754//3753
f 7748//3753 7754//3753 7747//3753
f 7747//3752 7754//3752 7745//3752
f 7747//3752 7745//3752 7746//3752
f 5495//3756 5493//3756 7751//3756
f 7751//3755 5493//3755 5490//3755
f 7751//3755 5490//3755 7752//3755
f 7752//3754 5490//3754 5489//3754
f 7752//3754 5489//3754 7753//3754
f 7753//3753 5489//3753 5126//3753
f 7753//3753 5126//3753 7754//3753
f 7754//3752 5126//3752 5125//3752
f 7754//3752 5125//3752 7745//3752
f 1572//3757 7755//3757 1562//3757
f 1562//3757 7755//3757 7756//3757
f 1562//3757 7756//3757 5503//3757
f 5503//3757 7756//3757 5506//3757
f 5506//3758 7756//3758 7757//3758
f 5506//3758 7757//3758 5507//3758
f 5507//3759 7757//3759 7758//3759
f 5507//3759 7758//3759 5508//3759
f 5508//3760 7758//3760 7759//3760
f 5508//3760 7759//3760 5509//3760
f 5509//3761 7759//3761 7760//3761
f 5509//3761 7760//3761 5510//3761
f 5510//3762 7760//3762 7761//3762
f 5510//3762 7761//3762 5511//3762
f 5511//3763 7761//3763 7762//3763
f 5511//3763 7762//3763 5512//3763
f 5512//3764 7762//3764 7763//3764
f 5512//3764 7763//3764 5504//3764
f 5504//3765 7763//3765 5505//3765
f 5505//3765 7763//3765 7764//3765
f 5505//3765 7764//3765 1564//3765
f 1564//3765 7764//3765 1565//3765
f 1565//3764 7764//3764 7765//3764
f 1565//3764 7765//3764 1566//3764
f 1566//3763 7765//3763 7766//3763
f 1566//3763 7766//3763 1567//3763
f 1567//3762 7766//3762 7767//3762
f 1567//3762 7767//3762 1568//3762
f 1568//3761 7767//3761 7768//3761
f 1568//3761 7768//3761 1569//3761
f 1569//3760 7768//3760 7769//3760
f 1569//3760 7769//3760 1570//3760
f 1570//3759 7769//3759 7770//3759
f 1570//3759 7770//3759 1571//3759
f 1571//3758 7770//3758 7755//3758
f 1571//3758 7755//3758 1572//3758
f 7757//3758 7756//3758 7755//3758
f 7757//3758 7755//3758 7770//3758
f 7757//3759 7770//3759 7769//3759
f 7757//3759 7769//3759 7758//3759
f 7758//3760 7769//3760 7768//3760
f 7758//3760 7768//3760 7759//3760
f 7759//3761 7768//3761 7767//3761
f 7759//3761 7767//3761 7760//3761
f 7760//3762 7767//3762 7766//3762
f 7760//3762 7766//3762 7761//3762
f 7761//3763 7766//3763 7765//3763
f 7761//3763 7765//3763 7762//3763
f 7762//3764 7765//3764 7764//3764
f 7762//3764 7764//3764 7763//3764
f 5505//3766 1564//3766 1561//3766
f 5505//3766 1561//3766 5513//3766
f 1562//3767 5503//3767 5502//3767
f 1562//3767 5502//3767 1563//3767
f 1553//3768 1552//3768 7771//3768
f 7771//3768 1552//3768 5121//3768
f 7771//3768 5121//3768 7772//3768
f 7772//3768 5121//3768 5124//3768
f 7772//3769 5124//3769 5123//3769
f 7772//3769 5123//3769 7773//3769
f 7773//3770 5123//3770 5492//3770
f 7773//3770 5492//3770 7774//3770
f 7774//3771 5492//3771 5491//3771
f 7774//3771 5491//3771 7775//3771
f 7775//3772 5491//3772 5494//3772
f 7775//3772 5494//3772 7776//3772
f 7776//3773 5494//3773 5496//3773
f 5496//3773 1550//3773 7776//3773
f 7776//3773 1550//3773 7777//3773
f 7776//3772 7777//3772 7778//3772
f 7776//3772 7778//3772 7775//3772
f 7775//3771 7778//3771 7779//3771
f 7775//3771 7779//3771 7774//3771
f 7774//3770 7779//3770 7780//3770
f 7774//3770 7780//3770 7773//3770
f 7773//3769 7780//3769 7771//3769
f 7773//3769 7771//3769 7772//3769
f 1550//3773 1557//3773 7777//3773
f 7777//3772 1557//3772 1556//3772
f 7777//3772 1556//3772 7778//3772
f 7778//3771 1556//3771 1555//3771
f 7778//3771 1555//3771 7779//3771
f 7779//3770 1555//3770 1554//3770
f 7779//3770 1554//3770 7780//3770
f 7780//3769 1554//3769 1553//3769
f 7780//3769 1553//3769 7771//3769
f 5516//3774 7781//3774 5498//3774
f 5498//3774 7781//3774 7782//3774
f 5498//3774 7782//3774 1551//3774
f 1551//3774 7782//3774 1558//3774
f 1558//3775 7782//3775 7783//3775
f 1558//3775 7783//3775 1559//3775
f 1559//3776 7783//3776 7784//3776
f 1559//3776 7784//3776 1560//3776
f 1560//3777 7784//3777 1561//3777
f 1561//3777 7784//3777 7785//3777
f 1561//3777 7785//3777 5513//3777
f 5513//3777 7785//3777 5514//3777
f 5514//3776 7785//3776 7786//3776
f 5514//3776 7786//3776 5515//3776
f 5515//3775 7786//3775 7781//3775
f 5515//3775 7781//3775 5516//3775
f 7783//3775 7782//3775 7781//3775
f 7783//3775 7781//3775 7786//3775
f 7783//3776 7786//3776 7785//3776
f 7783//3776 7785//3776 7784//3776
f 5501//3778 7787//3778 5502//3778
f 5502//3778 7787//3778 7788//3778
f 5502//3778 7788//3778 1563//3778
f 1563//3778 7788//3778 1573//3778
f 1573//3779 7788//3779 7789//3779
f 1573//3779 7789//3779 1574//3779
f 1574//3780 7789//3780 7790//3780
f 1574//3780 7790//3780 1575//3780
f 1575//3781 7790//3781 1549//3781
f 1549//3781 7790//3781 7791//3781
f 1549//3781 7791//3781 5497//3781
f 5497//3781 7791//3781 5499//3781
f 5499//3780 7791//3780 7792//3780
f 5499//3780 7792//3780 5500//3780
f 5500//3779 7792//3779 7787//3779
f 5500//3779 7787//3779 5501//3779
f 7789//3779 7788//3779 7787//3779
f 7789//3779 7787//3779 7792//3779
f 7789//3780 7792//3780 7791//3780
f 7789//3780 7791//3780 7790//3780
f 5495//3782 1547//3782 1549//3782
f 5495//3782 1549//3782 5497//3782
f 1550//3783 5496//3783 5498//3783
f 1550//3783 5498//3783 1551//3783
f 5459//3784 4992//3784 7793//3784
f 7793//3784 4992//3784 1504//3784
f 7793//3784 1504//3784 7794//3784
f 7794//3784 1504//3784 1506//3784
f 7794//3785 1506//3785 1507//3785
f 7794//3785 1507//3785 7795//3785
f 7795//3786 1507//3786 1508//3786
f 7795//3786 1508//3786 7796//3786
f 7796//3787 1508//3787 1509//3787
f 7796//3787 1509//3787 7797//3787
f 7797//3788 1509//3788 1510//3788
f 7797//3788 1510//3788 7798//3788
f 7798//3789 1510//3789 1511//3789
f 1511//3789 5466//3789 7798//3789
f 7798//3789 5466//3789 7799//3789
f 7798//3788 7799//3788 7800//3788
f 7798//3788 7800//3788 7797//3788
f 7797//3787 7800//3787 7801//3787
f 7797//3787 7801//3787 7796//3787
f 7796//3786 7801//3786 7802//3786
f 7796//3786 7802//3786 7795//3786
f 7795//3785 7802//3785 7793//3785
f 7795//3785 7793//3785 7794//3785
f 5466//3789 5464//3789 7799//3789
f 7799//3788 5464//3788 5462//3788
f 7799//3788 5462//3788 7800//3788
f 7800//3787 5462//3787 5461//3787
f 7800//3787 5461//3787 7801//3787
f 7801//3786 5461//3786 5460//3786
f 7801//3786 5460//3786 7802//3786
f 7802//3785 5460//3785 5459//3785
f 7802//3785 5459//3785 7793//3785
f 1534//3790 7803//3790 1532//3790
f 1532//3790 7803//3790 7804//3790
f 1532//3790 7804//3790 5479//3790
f 5479//3790 7804//3790 5487//3790
f 5487//3791 7804//3791 7805//3791
f 5487//3791 7805//3791 5486//3791
f 5486//1946 7805//1946 7806//1946
f 5486//1946 7806//1946 5485//1946
f 5485//3792 7806//3792 7807//3792
f 5485//3792 7807//3792 5484//3792
f 5484//3793 7807//3793 7808//3793
f 5484//3793 7808//3793 5483//3793
f 5483//3794 7808//3794 7809//3794
f 5483//3794 7809//3794 5482//3794
f 5482//3795 7809//3795 7810//3795
f 5482//3795 7810//3795 5481//3795
f 5481//3796 7810//3796 7811//3796
f 5481//3796 7811//3796 5480//3796
f 5480//1940 7811//1940 5478//1940
f 5478//1940 7811//1940 7812//1940
f 5478//1940 7812//1940 1530//1940
f 1530//1940 7812//1940 1531//1940
f 1531//3796 7812//3796 7813//3796
f 1531//3796 7813//3796 1533//3796
f 1533//3795 7813//3795 7814//3795
f 1533//3795 7814//3795 1536//3795
f 1536//3794 7814//3794 7815//3794
f 1536//3794 7815//3794 1538//3794
f 1538//3793 7815//3793 7816//3793
f 1538//3793 7816//3793 1539//3793
f 1539//3792 7816//3792 7817//3792
f 1539//3792 7817//3792 1537//3792
f 1537//1946 7817//1946 7818//1946
f 1537//1946 7818//1946 1535//1946
f 1535//3791 7818//3791 7803//3791
f 1535//3791 7803//3791 1534//3791
f 7805//3791 7804//3791 7803//3791
f 7805//3791 7803//3791 7818//3791
f 7805//1946 7818//1946 7817//1946
f 7805//1946 7817//1946 7806//1946
f 7806//3792 7817//3792 7816//3792
f 7806//3792 7816//3792 7807//3792
f 7807//3793 7816//3793 7815//3793
f 7807//3793 7815//3793 7808//3793
f 7808//3794 7815//3794 7814//3794
f 7808//3794 7814//3794 7809//3794
f 7809//3795 7814//3795 7813//3795
f 7809//3795 7813//3795 7810//3795
f 7810//3796 7813//3796 7812//3796
f 7810//3796 7812//3796 7811//3796
f 5478//3797 1530//3797 1523//3797
f 5478//3797 1523//3797 5470//3797
f 1532//3798 5479//3798 5477//3798
f 1532//3798 5477//3798 1526//3798
f 1517//3799 1516//3799 7819//3799
f 7819//3799 1516//3799 5129//3799
f 7819//3799 5129//3799 7820//3799
f 7820//3799 5129//3799 5488//3799
f 7820//3800 5488//3800 4920//3800
f 7820//3800 4920//3800 7821//3800
f 7821//3801 4920//3801 4919//3801
f 7821//3801 4919//3801 7822//3801
f 7822//3802 4919//3802 5463//3802
f 7822//3802 5463//3802 7823//3802
f 7823//3803 5463//3803 5465//3803
f 7823//3803 5465//3803 7824//3803
f 7824//3804 5465//3804 5467//3804
f 5467//3804 1515//3804 7824//3804
f 7824//3804 1515//3804 7825//3804
f 7824//3803 7825//3803 7826//3803
f 7824//3803 7826//3803 7823//3803
f 7823//3802 7826//3802 7827//3802
f 7823//3802 7827//3802 7822//3802
f 7822//3801 7827//3801 7828//3801
f 7822//3801 7828//3801 7821//3801
f 7821//3800 7828//3800 7819//3800
f 7821//3800 7819//3800 7820//3800
f 1515//3804 1514//3804 7825//3804
f 7825//3803 1514//3803 1520//3803
f 7825//3803 1520//3803 7826//3803
f 7826//3802 1520//3802 1519//3802
f 7826//3802 1519//3802 7827//3802
f 7827//3801 1519//3801 1518//3801
f 7827//3801 1518//3801 7828//3801
f 7828//3800 1518//3800 1517//3800
f 7828//3800 1517//3800 7819//3800
f 5471//3805 7829//3805 5469//3805
f 5469//3805 7829//3805 7830//3805
f 5469//3805 7830//3805 1521//3805
f 1521//3805 7830//3805 1522//3805
f 1522//3806 7830//3806 7831//3806
f 1522//3806 7831//3806 1524//3806
f 1524//3807 7831//3807 7832//3807
f 1524//3807 7832//3807 1525//3807
f 1525//3808 7832//3808 1523//3808
f 1523//3808 7832//3808 7833//3808
f 1523//3808 7833//3808 5470//3808
f 5470//3808 7833//3808 5473//3808
f 5473//3807 7833//3807 7834//3807
f 5473//3807 7834//3807 5472//3807
f 5472//3806 7834//3806 7829//3806
f 5472//3806 7829//3806 5471//3806
f 7831//3806 7830//3806 7829//3806
f 7831//3806 7829//3806 7834//3806
f 7831//3807 7834//3807 7833//3807
f 7831//3807 7833//3807 7832//3807
f 5476//1950 7835//1950 5477//1950
f 5477//1950 7835//1950 7836//1950
f 5477//1950 7836//1950 1526//1950
f 1526//1950 7836//1950 1529//1950
f 1529//3809 7836//3809 7837//3809
f 1529//3809 7837//3809 1528//3809
f 1528//3810 7837//3810 7838//3810
f 1528//3810 7838//3810 1527//3810
f 1527//1953 7838//1953 1513//1953
f 1513//1953 7838//1953 7839//1953
f 1513//1953 7839//1953 5468//1953
f 5468//1953 7839//1953 5474//1953
f 5474//3810 7839//3810 7840//3810
f 5474//3810 7840//3810 5475//3810
f 5475//3809 7840//3809 7835//3809
f 5475//3809 7835//3809 5476//3809
f 7837//3809 7836//3809 7835//3809
f 7837//3809 7835//3809 7840//3809
f 7837//3810 7840//3810 7839//3810
f 7837//3810 7839//3810 7838//3810
f 5466//3811 1511//3811 1513//3811
f 5466//3811 1513//3811 5468//3811
f 1515//3812 5467//3812 5469//3812
f 1515//3812 5469//3812 1521//3812
f 4997//3813 5000//3813 7841//3813
f 7841//3813 5000//3813 1468//3813
f 7841//3813 1468//3813 7842//3813
f 7842//3813 1468//3813 1470//3813
f 7842//3814 1470//3814 1471//3814
f 7842//3814 1471//3814 7843//3814
f 7843//3815 1471//3815 1472//3815
f 7843//3815 1472//3815 7844//3815
f 7844//3816 1472//3816 1473//3816
f 7844//3816 1473//3816 7845//3816
f 7845//3817 1473//3817 1474//3817
f 7845//3817 1474//3817 7846//3817
f 7846//3818 1474//3818 1475//3818
f 1475//3818 5437//3818 7846//3818
f 7846//3818 5437//3818 7847//3818
f 7846//3817 7847//3817 7848//3817
f 7846//3817 7848//3817 7845//3817
f 7845//3816 7848//3816 7849//3816
f 7845//3816 7849//3816 7844//3816
f 7844//3815 7849//3815 7850//3815
f 7844//3815 7850//3815 7843//3815
f 7843//3814 7850//3814 7841//3814
f 7843//3814 7841//3814 7842//3814
f 5437//3818 5435//3818 7847//3818
f 7847//3817 5435//3817 5432//3817
f 7847//3817 5432//3817 7848//3817
f 7848//3816 5432//3816 5431//3816
f 7848//3816 5431//3816 7849//3816
f 7849//3815 5431//3815 4998//3815
f 7849//3815 4998//3815 7850//3815
f 7850//3814 4998//3814 4997//3814
f 7850//3814 4997//3814 7841//3814
f 1501//3819 7851//3819 1494//3819
f 1494//3819 7851//3819 7852//3819
f 1494//3819 7852//3819 5447//3819
f 5447//3819 7852//3819 5455//3819
f 5455//3820 7852//3820 7853//3820
f 5455//3820 7853//3820 5454//3820
f 5454//3821 7853//3821 7854//3821
f 5454//3821 7854//3821 5453//3821
f 5453//3822 7854//3822 7855//3822
f 5453//3822 7855//3822 5452//3822
f 5452//3823 7855//3823 7856//3823
f 5452//3823 7856//3823 5451//3823
f 5451//3824 7856//3824 7857//3824
f 5451//3824 7857//3824 5450//3824
f 5450//3825 7857//3825 7858//3825
f 5450//3825 7858//3825 5449//3825
f 5449//3826 7858//3826 7859//3826
f 5449//3826 7859//3826 5448//3826
f 5448//3827 7859//3827 5446//3827
f 5446//3827 7859//3827 7860//3827
f 5446//3827 7860//3827 1490//3827
f 1490//3827 7860//3827 1493//3827
f 1493//3826 7860//3826 7861//3826
f 1493//3826 7861//3826 1495//3826
f 1495//3825 7861//3825 7862//3825
f 1495//3825 7862//3825 1496//3825
f 1496//3824 7862//3824 7863//3824
f 1496//3824 7863//3824 1497//3824
f 1497//3823 7863//3823 7864//3823
f 1497//3823 7864//3823 1498//3823
f 1498//3822 7864//3822 7865//3822
f 1498//3822 7865//3822 1499//3822
f 1499//3821 7865//3821 7866//3821
f 1499//3821 7866//3821 1500//3821
f 1500//3820 7866//3820 7851//3820
f 1500//3820 7851//3820 1501//3820
f 7853//3820 7852//3820 7851//3820
f 7853//3820 7851//3820 7866//3820
f 7853//3821 7866//3821 7865//3821
f 7853//3821 7865//3821 7854//3821
f 7854//3822 7865//3822 7864//3822
f 7854//3822 7864//3822 7855//3822
f 7855//3823 7864//3823 7863//3823
f 7855//3823 7863//3823 7856//3823
f 7856//3824 7863//3824 7862//3824
f 7856//3824 7862//3824 7857//3824
f 7857//3825 7862//3825 7861//3825
f 7857//3825 7861//3825 7858//3825
f 7858//3826 7861//3826 7860//3826
f 7858//3826 7860//3826 7859//3826
f 5446//3828 1490//3828 1479//3828
f 5446//3828 1479//3828 5445//3828
f 1494//3829 5447//3829 5444//3829
f 1494//3829 5444//3829 1491//3829
f 1483//3830 1482//3830 7867//3830
f 7867//3830 1482//3830 4993//3830
f 7867//3830 4993//3830 7868//3830
f 7868//3830 4993//3830 4996//3830
f 7868//3831 4996//3831 4995//3831
f 7868//3831 4995//3831 7869//3831
f 7869//3832 4995//3832 5434//3832
f 7869//3832 5434//3832 7870//3832
f 7870//3833 5434//3833 5433//3833
f 7870//3833 5433//3833 7871//3833
f 7871//3834 5433//3834 5436//3834
f 7871//3834 5436//3834 7872//3834
f 7872//3835 5436//3835 5438//3835
f 5438//3835 1481//3835 7872//3835
f 7872//3835 1481//3835 7873//3835
f 7872//3834 7873//3834 7874//3834
f 7872//3834 7874//3834 7871//3834
f 7871//3833 7874//3833 7875//3833
f 7871//3833 7875//3833 7870//3833
f 7870//3832 7875//3832 7876//3832
f 7870//3832 7876//3832 7869//3832
f 7869//3831 7876//3831 7867//3831
f 7869//3831 7867//3831 7868//3831
f 1481//3835 1487//3835 7873//3835
f 7873//3834 1487//3834 1486//3834
f 7873//3834 1486//3834 7874//3834
f 7874//3833 1486//3833 1485//3833
f 7874//3833 1485//3833 7875//3833
f 7875//3832 1485//3832 1484//3832
f 7875//3832 1484//3832 7876//3832
f 7876//3831 1484//3831 1483//3831
f 7876//3831 1483//3831 7867//3831
f 5458//3836 7877//3836 5440//3836
f 5440//3836 7877//3836 7878//3836
f 5440//3836 7878//3836 1476//3836
f 1476//3836 7878//3836 1488//3836
f 1488//3837 7878//3837 7879//3837
f 1488//3837 7879//3837 1489//3837
f 1489//3838 7879//3838 7880//3838
f 1489//3838 7880//3838 1478//3838
f 1478//3839 7880//3839 1479//3839
f 1479//3839 7880//3839 7881//3839
f 1479//3839 7881//3839 5445//3839
f 5445//3839 7881//3839 5456//3839
f 5456//3838 7881//3838 7882//3838
f 5456//3838 7882//3838 5457//3838
f 5457//3837 7882//3837 7877//3837
f 5457//3837 7877//3837 5458//3837
f 7879//3837 7878//3837 7877//3837
f 7879//3837 7877//3837 7882//3837
f 7879//3838 7882//3838 7881//3838
f 7879//3838 7881//3838 7880//3838
f 5443//3840 7883//3840 5444//3840
f 5444//3840 7883//3840 7884//3840
f 5444//3840 7884//3840 1491//3840
f 1491//3840 7884//3840 1492//3840
f 1492//3841 7884//3841 7885//3841
f 1492//3841 7885//3841 1502//3841
f 1502//3842 7885//3842 7886//3842
f 1502//3842 7886//3842 1503//3842
f 1503//3843 7886//3843 1477//3843
f 1477//3843 7886//3843 7887//3843
f 1477//3843 7887//3843 5439//3843
f 5439//3843 7887//3843 5441//3843
f 5441//3842 7887//3842 7888//3842
f 5441//3842 7888//3842 5442//3842
f 5442//3841 7888//3841 7883//3841
f 5442//3841 7883//3841 5443//3841
f 7885//3841 7884//3841 7883//3841
f 7885//3841 7883//3841 7888//3841
f 7885//3842 7888//3842 7887//3842
f 7885//3842 7887//3842 7886//3842
f 5437//3844 1475//3844 1477//3844
f 5437//3844 1477//3844 5439//3844
f 1481//3845 5438//3845 5440//3845
f 1481//3845 5440//3845 1476//3845
f 5007//3846 5006//3846 7889//3846
f 7889//3846 5006//3846 1432//3846
f 7889//3846 1432//3846 7890//3846
f 7890//3846 1432//3846 1434//3846
f 7890//3847 1434//3847 1435//3847
f 7890//3847 1435//3847 7891//3847
f 7891//3848 1435//3848 1436//3848
f 7891//3848 1436//3848 7892//3848
f 7892//3849 1436//3849 1437//3849
f 7892//3849 1437//3849 7893//3849
f 7893//3850 1437//3850 1438//3850
f 7893//3850 1438//3850 7894//3850
f 7894//3851 1438//3851 1439//3851
f 1439//3851 5409//3851 7894//3851
f 7894//3851 5409//3851 7895//3851
f 7894//3850 7895//3850 7896//3850
f 7894//3850 7896//3850 7893//3850
f 7893//3849 7896//3849 7897//3849
f 7893//3849 7897//3849 7892//3849
f 7892//3848 7897//3848 7898//3848
f 7892//3848 7898//3848 7891//3848
f 7891//3847 7898//3847 7889//3847
f 7891//3847 7889//3847 7890//3847
f 5409//3851 5407//3851 7895//3851
f 7895//3850 5407//3850 5403//3850
f 7895//3850 5403//3850 7896//3850
f 7896//3849 5403//3849 5005//3849
f 7896//3849 5005//3849 7897//3849
f 7897//3848 5005//3848 5004//3848
f 7897//3848 5004//3848 7898//3848
f 7898//3847 5004//3847 5007//3847
f 7898//3847 5007//3847 7889//3847
f 1465//3852 7899//3852 1458//3852
f 1458//3852 7899//3852 7900//3852
f 1458//3852 7900//3852 5419//3852
f 5419//3852 7900//3852 5427//3852
f 5427//3853 7900//3853 7901//3853
f 5427//3853 7901//3853 5426//3853
f 5426//3854 7901//3854 7902//3854
f 5426//3854 7902//3854 5425//3854
f 5425//3855 7902//3855 7903//3855
f 5425//3855 7903//3855 5424//3855
f 5424//3856 7903//3856 7904//3856
f 5424//3856 7904//3856 5423//3856
f 5423//3857 7904//3857 7905//3857
f 5423//3857 7905//3857 5422//3857
f 5422//3858 7905//3858 7906//3858
f 5422//3858 7906//3858 5421//3858
f 5421//3859 7906//3859 7907//3859
f 5421//3859 7907//3859 5420//3859
f 5420//3860 7907//3860 5418//3860
f 5418//3860 7907//3860 7908//3860
f 5418//3860 7908//3860 1454//3860
f 1454//3860 7908//3860 1457//3860
f 1457//3859 7908//3859 7909//3859
f 1457//3859 7909//3859 1459//3859
f 1459//3858 7909//3858 7910//3858
f 1459//3858 7910//3858 1460//3858
f 1460//3857 7910//3857 7911//3857
f 1460//3857 7911//3857 1461//3857
f 1461//3856 7911//3856 7912//3856
f 1461//3856 7912//3856 1462//3856
f 1462//3855 7912//3855 7913//3855
f 1462//3855 7913//3855 1463//3855
f 1463//3854 7913//3854 7914//3854
f 1463//3854 7914//3854 1464//3854
f 1464//3853 7914//3853 7899//3853
f 1464//3853 7899//3853 1465//3853
f 7901//3853 7900//3853 7899//3853
f 7901//3853 7899//3853 7914//3853
f 7901//3854 7914//3854 7913//3854
f 7901//3854 7913//3854 7902//3854
f 7902//3855 7913//3855 7912//3855
f 7902//3855 7912//3855 7903//3855
f 7903//3856 7912//3856 7911//3856
f 7903//3856 7911//3856 7904//3856
f 7904//3857 7911//3857 7910//3857
f 7904//3857 7910//3857 7905//3857
f 7905//3858 7910//3858 7909//3858
f 7905//3858 7909//3858 7906//3858
f 7906//3859 7909//3859 7908//3859
f 7906//3859 7908//3859 7907//3859
f 5418//3861 1454//3861 1443//3861
f 5418//3861 1443//3861 5417//3861
f 1458//3862 5419//3862 5416//3862
f 1458//3862 5416//3862 1455//3862
f 1447//3863 1446//3863 7915//3863
f 7915//3863 1446//3863 5001//3863
f 7915//3863 5001//3863 7916//3863
f 7916//3863 5001//3863 5003//3863
f 7916//3864 5003//3864 5406//3864
f 7916//3864 5406//3864 7917//3864
f 7917//3865 5406//3865 5405//3865
f 7917//3865 5405//3865 7918//3865
f 7918//3866 5405//3866 5404//3866
f 7918//3866 5404//3866 7919//3866
f 7919//3867 5404//3867 5408//3867
f 7919//3867 5408//3867 7920//3867
f 7920//3868 5408//3868 5410//3868
f 5410//3868 1445//3868 7920//3868
f 7920//3868 1445//3868 7921//3868
f 7920//3867 7921//3867 7922//3867
f 7920//3867 7922//3867 7919//3867
f 7919//3866 7922//3866 7923//3866
f 7919//3866 7923//3866 7918//3866
f 7918//3865 7923//3865 7924//3865
f 7918//3865 7924//3865 7917//3865
f 7917//3864 7924//3864 7915//3864
f 7917//3864 7915//3864 7916//3864
f 1445//3868 1451//3868 7921//3868
f 7921//3867 1451//3867 1450//3867
f 7921//3867 1450//3867 7922//3867
f 7922//3866 1450//3866 1449//3866
f 7922//3866 1449//3866 7923//3866
f 7923//3865 1449//3865 1448//3865
f 7923//3865 1448//3865 7924//3865
f 7924//3864 1448//3864 1447//3864
f 7924//3864 1447//3864 7915//3864
f 5430//3869 7925//3869 5412//3869
f 5412//3869 7925//3869 7926//3869
f 5412//3869 7926//3869 1440//3869
f 1440//3869 7926//3869 1452//3869
f 1452//3870 7926//3870 7927//3870
f 1452//3870 7927//3870 1453//3870
f 1453//3871 7927//3871 7928//3871
f 1453//3871 7928//3871 1442//3871
f 1442//3872 7928//3872 1443//3872
f 1443//3872 7928//3872 7929//3872
f 1443//3872 7929//3872 5417//3872
f 5417//3872 7929//3872 5428//3872
f 5428//3871 7929//3871 7930//3871
f 5428//3871 7930//3871 5429//3871
f 5429//3870 7930//3870 7925//3870
f 5429//3870 7925//3870 5430//3870
f 7927//3870 7926//3870 7925//3870
f 7927//3870 7925//3870 7930//3870
f 7927//3871 7930//3871 7929//3871
f 7927//3871 7929//3871 7928//3871
f 5415//3873 7931//3873 5416//3873
f 5416//3873 7931//3873 7932//3873
f 5416//3873 7932//3873 1455//3873
f 1455//3873 7932//3873 1456//3873
f 1456//3874 7932//3874 7933//3874
f 1456//3874 7933//3874 1466//3874
f 1466//3875 7933//3875 7934//3875
f 1466//3875 7934//3875 1467//3875
f 1467//3876 7934//3876 1441//3876
f 1441//3876 7934//3876 7935//3876
f 1441//3876 7935//3876 5411//3876
f 5411//3876 7935//3876 5413//3876
f 5413//3875 7935//3875 7936//3875
f 5413//3875 7936//3875 5414//3875
f 5414//3874 7936//3874 7931//3874
f 5414//3874 7931//3874 5415//3874
f 7933//3874 7932//3874 7931//3874
f 7933//3874 7931//3874 7936//3874
f 7933//3875 7936//3875 7935//3875
f 7933//3875 7935//3875 7934//3875
f 5409//3877 1439//3877 1441//3877
f 5409//3877 1441//3877 5411//3877
f 1445//3878 5410//3878 5412//3878
f 1445//3878 5412//3878 1440//3878
f 5014//3879 5013//3879 7937//3879
f 7937//3879 5013//3879 1396//3879
f 7937//3879 1396//3879 7938//3879
f 7938//3879 1396//3879 1398//3879
f 7938//3880 1398//3880 1399//3880
f 7938//3880 1399//3880 7939//3880
f 7939//3881 1399//3881 1400//3881
f 7939//3881 1400//3881 7940//3881
f 7940//3882 1400//3882 1401//3882
f 7940//3882 1401//3882 7941//3882
f 7941//3883 1401//3883 1402//3883
f 7941//3883 1402//3883 7942//3883
f 7942//3884 1402//3884 1404//3884
f 1404//3884 5380//3884 7942//3884
f 7942//3884 5380//3884 7943//3884
f 7942//3883 7943//3883 7944//3883
f 7942//3883 7944//3883 7941//3883
f 7941//3882 7944//3882 7945//3882
f 7941//3882 7945//3882 7940//3882
f 7940//3881 7945//3881 7946//3881
f 7940//3881 7946//3881 7939//3881
f 7939//3880 7946//3880 7937//3880
f 7939//3880 7937//3880 7938//3880
f 5380//3884 5378//3884 7943//3884
f 7943//3883 5378//3883 5376//3883
f 7943//3883 5376//3883 7944//3883
f 7944//3882 5376//3882 5375//3882
f 7944//3882 5375//3882 7945//3882
f 7945//3881 5375//3881 5374//3881
f 7945//3881 5374//3881 7946//3881
f 7946//3880 5374//3880 5014//3880
f 7946//3880 5014//3880 7937//3880
f 1430//3885 7947//3885 1423//3885
f 1423//3885 7947//3885 7948//3885
f 1423//3885 7948//3885 5388//3885
f 5388//3885 7948//3885 5396//3885
f 5396//3886 7948//3886 7949//3886
f 5396//3886 7949//3886 5395//3886
f 5395//3887 7949//3887 7950//3887
f 5395//3887 7950//3887 5394//3887
f 5394//3888 7950//3888 7951//3888
f 5394//3888 7951//3888 5393//3888
f 5393//3889 7951//3889 7952//3889
f 5393//3889 7952//3889 5392//3889
f 5392//3890 7952//3890 7953//3890
f 5392//3890 7953//3890 5391//3890
f 5391//3891 7953//3891 7954//3891
f 5391//3891 7954//3891 5390//3891
f 5390//3892 7954//3892 7955//3892
f 5390//3892 7955//3892 5389//3892
f 5389//3893 7955//3893 5387//3893
f 5387//3893 7955//3893 7956//3893
f 5387//3893 7956//3893 1408//3893
f 1408//3893 7956//3893 1422//3893
f 1422//3892 7956//3892 7957//3892
f 1422//3892 7957//3892 1424//3892
f 1424//3891 7957//3891 7958//3891
f 1424//3891 7958//3891 1425//3891
f 1425//3890 7958//3890 7959//3890
f 1425//3890 7959//3890 1426//3890
f 1426//3889 7959//3889 7960//3889
f 1426//3889 7960//3889 1427//3889
f 1427//3888 7960//3888 7961//3888
f 1427//3888 7961//3888 1428//3888
f 1428//3887 7961//3887 7962//3887
f 1428//3887 7962//3887 1429//3887
f 1429//3886 7962//3886 7947//3886
f 1429//3886 7947//3886 1430//3886
f 7949//3886 7948//3886 7947//3886
f 7949//3886 7947//3886 7962//3886
f 7949//3887 7962//3887 7961//3887
f 7949//3887 7961//3887 7950//3887
f 7950//3888 7961//3888 7960//3888
f 7950//3888 7960//3888 7951//3888
f 7951//3889 7960//3889 7959//3889
f 7951//3889 7959//3889 7952//3889
f 7952//3890 7959//3890 7958//3890
f 7952//3890 7958//3890 7953//3890
f 7953//3891 7958//3891 7957//3891
f 7953//3891 7957//3891 7954//3891
f 7954//3892 7957//3892 7956//3892
f 7954//3892 7956//3892 7955//3892
f 5387//3894 1408//3894 1406//3894
f 5387//3894 1406//3894 5386//3894
f 1423//3895 5388//3895 5385//3895
f 1423//3895 5385//3895 1409//3895
f 1415//3896 1414//3896 7963//3896
f 7963//3896 1414//3896 5009//3896
f 7963//3896 5009//3896 7964//3896
f 7964//3896 5009//3896 5402//3896
f 7964//3897 5402//3897 5012//3897
f 7964//3897 5012//3897 7965//3897
f 7965//3898 5012//3898 5011//3898
f 7965//3898 5011//3898 7966//3898
f 7966//3899 5011//3899 5377//3899
f 7966//3899 5377//3899 7967//3899
f 7967//3900 5377//3900 5379//3900
f 7967//3900 5379//3900 7968//3900
f 7968//3901 5379//3901 5381//3901
f 5381//3901 1413//3901 7968//3901
f 7968//3901 1413//3901 7969//3901
f 7968//3900 7969//3900 7970//3900
f 7968//3900 7970//3900 7967//3900
f 7967//3899 7970//3899 7971//3899
f 7967//3899 7971//3899 7966//3899
f 7966//3898 7971//3898 7972//3898
f 7966//3898 7972//3898 7965//3898
f 7965//3897 7972//3897 7963//3897
f 7965//3897 7963//3897 7964//3897
f 1413//3901 1419//3901 7969//3901
f 7969//3900 1419//3900 1418//3900
f 7969//3900 1418//3900 7970//3900
f 7970//3899 1418//3899 1417//3899
f 7970//3899 1417//3899 7971//3899
f 7971//3898 1417//3898 1416//3898
f 7971//3898 1416//3898 7972//3898
f 7972//3897 1416//3897 1415//3897
f 7972//3897 1415//3897 7963//3897
f 5401//3902 7973//3902 5383//3902
f 5383//3902 7973//3902 7974//3902
f 5383//3902 7974//3902 1403//3902
f 1403//3902 7974//3902 1420//3902
f 1420//3903 7974//3903 7975//3903
f 1420//3903 7975//3903 1421//3903
f 1421//3904 7975//3904 7976//3904
f 1421//3904 7976//3904 1405//3904
f 1405//3905 7976//3905 1406//3905
f 1406//3905 7976//3905 7977//3905
f 1406//3905 7977//3905 5386//3905
f 5386//3905 7977//3905 5399//3905
f 5399//3904 7977//3904 7978//3904
f 5399//3904 7978//3904 5400//3904
f 5400//3903 7978//3903 7973//3903
f 5400//3903 7973//3903 5401//3903
f 7975//3903 7974//3903 7973//3903
f 7975//3903 7973//3903 7978//3903
f 7975//3904 7978//3904 7977//3904
f 7975//3904 7977//3904 7976//3904
f 5398//3906 7979//3906 5385//3906
f 5385//3906 7979//3906 7980//3906
f 5385//3906 7980//3906 1409//3906
f 1409//3906 7980//3906 1411//3906
f 1411//3907 7980//3907 7981//3907
f 1411//3907 7981//3907 1431//3907
f 1431//3908 7981//3908 7982//3908
f 1431//3908 7982//3908 1410//3908
f 1410//3909 7982//3909 1407//3909
f 1407//3909 7982//3909 7983//3909
f 1407//3909 7983//3909 5382//3909
f 5382//3909 7983//3909 5384//3909
f 5384//3908 7983//3908 7984//3908
f 5384//3908 7984//3908 5397//3908
f 5397//3907 7984//3907 7979//3907
f 5397//3907 7979//3907 5398//3907
f 7981//3907 7980//3907 7979//3907
f 7981//3907 7979//3907 7984//3907
f 7981//3908 7984//3908 7983//3908
f 7981//3908 7983//3908 7982//3908
f 5380//3910 1404//3910 1407//3910
f 5380//3910 1407//3910 5382//3910
f 1413//3911 5381//3911 5383//3911
f 1413//3911 5383//3911 1403//3911
f 5019//3912 5021//3912 7985//3912
f 7985//3912 5021//3912 1360//3912
f 7985//3912 1360//3912 7986//3912
f 7986//3912 1360//3912 1362//3912
f 7986//3913 1362//3913 1363//3913
f 7986//3913 1363//3913 7987//3913
f 7987//3914 1363//3914 1364//3914
f 7987//3914 1364//3914 7988//3914
f 7988//3915 1364//3915 1365//3915
f 7988//3915 1365//3915 7989//3915
f 7989//3916 1365//3916 1366//3916
f 7989//3916 1366//3916 7990//3916
f 7990//3917 1366//3917 1368//3917
f 1368//3917 5351//3917 7990//3917
f 7990//3917 5351//3917 7991//3917
f 7990//3916 7991//3916 7992//3916
f 7990//3916 7992//3916 7989//3916
f 7989//3915 7992//3915 7993//3915
f 7989//3915 7993//3915 7988//3915
f 7988//3914 7993//3914 7994//3914
f 7988//3914 7994//3914 7987//3914
f 7987//3913 7994//3913 7985//3913
f 7987//3913 7985//3913 7986//3913
f 5351//3917 5349//3917 7991//3917
f 7991//3916 5349//3916 5346//3916
f 7991//3916 5346//3916 7992//3916
f 7992//3915 5346//3915 5345//3915
f 7992//3915 5345//3915 7993//3915
f 7993//3914 5345//3914 5020//3914
f 7993//3914 5020//3914 7994//3914
f 7994//3913 5020//3913 5019//3913
f 7994//3913 5019//3913 7985//3913
f 1395//3918 7995//3918 1388//3918
f 1388//3918 7995//3918 7996//3918
f 1388//3918 7996//3918 5359//3918
f 5359//3918 7996//3918 5367//3918
f 5367//3919 7996//3919 7997//3919
f 5367//3919 7997//3919 5366//3919
f 5366//3920 7997//3920 7998//3920
f 5366//3920 7998//3920 5365//3920
f 5365//3921 7998//3921 7999//3921
f 5365//3921 7999//3921 5364//3921
f 5364//3922 7999//3922 8000//3922
f 5364//3922 8000//3922 5363//3922
f 5363//3923 8000//3923 8001//3923
f 5363//3923 8001//3923 5362//3923
f 5362//3924 8001//3924 8002//3924
f 5362//3924 8002//3924 5361//3924
f 5361//3925 8002//3925 8003//3925
f 5361//3925 8003//3925 5360//3925
f 5360//3926 8003//3926 5358//3926
f 5358//3926 8003//3926 8004//3926
f 5358//3926 8004//3926 1372//3926
f 1372//3926 8004//3926 1387//3926
f 1387//3925 8004//3925 8005//3925
f 1387//3925 8005//3925 1389//3925
f 1389//3924 8005//3924 8006//3924
f 1389//3924 8006//3924 1390//3924
f 1390//3923 8006//3923 8007//3923
f 1390//3923 8007//3923 1391//3923
f 1391//3922 8007//3922 8008//3922
f 1391//3922 8008//3922 1392//3922
f 1392//3921 8008//3921 8009//3921
f 1392//3921 8009//3921 1393//3921
f 1393//3920 8009//3920 8010//3920
f 1393//3920 8010//3920 1394//3920
f 1394//3919 8010//3919 7995//3919
f 1394//3919 7995//3919 1395//3919
f 7997//3919 7996//3919 7995//3919
f 7997//3919 7995//3919 8010//3919
f 7997//3920 8010//3920 8009//3920
f 7997//3920 8009//3920 7998//3920
f 7998//3921 8009//3921 8008//3921
f 7998//3921 8008//3921 7999//3921
f 7999//3922 8008//3922 8007//3922
f 7999//3922 8007//3922 8000//3922
f 8000//3923 8007//3923 8006//3923
f 8000//3923 8006//3923 8001//3923
f 8001//3924 8006//3924 8005//3924
f 8001//3924 8005//3924 8002//3924
f 8002//3925 8005//3925 8004//3925
f 8002//3925 8004//3925 8003//3925
f 5358//3927 1372//3927 1370//3927
f 5358//3927 1370//3927 5357//3927
f 1388//3928 5359//3928 5356//3928
f 1388//3928 5356//3928 1373//3928
f 1380//3929 1379//3929 8011//3929
f 8011//3929 1379//3929 5016//3929
f 8011//3929 5016//3929 8012//3929
f 8012//3929 5016//3929 5018//3929
f 8012//3930 5018//3930 5373//3930
f 8012//3930 5373//3930 8013//3930
f 8013//3931 5373//3931 5348//3931
f 8013//3931 5348//3931 8014//3931
f 8014//3932 5348//3932 5347//3932
f 8014//3932 5347//3932 8015//3932
f 8015//3933 5347//3933 5350//3933
f 8015//3933 5350//3933 8016//3933
f 8016//3934 5350//3934 5352//3934
f 5352//3934 1378//3934 8016//3934
f 8016//3934 1378//3934 8017//3934
f 8016//3933 8017//3933 8018//3933
f 8016//3933 8018//3933 8015//3933
f 8015//3932 8018//3932 8019//3932
f 8015//3932 8019//3932 8014//3932
f 8014//3931 8019//3931 8020//3931
f 8014//3931 8020//3931 8013//3931
f 8013//3930 8020//3930 8011//3930
f 8013//3930 8011//3930 8012//3930
f 1378//3934 1384//3934 8017//3934
f 8017//3933 1384//3933 1383//3933
f 8017//3933 1383//3933 8018//3933
f 8018//3932 1383//3932 1382//3932
f 8018//3932 1382//3932 8019//3932
f 8019//3931 1382//3931 1381//3931
f 8019//3931 1381//3931 8020//3931
f 8020//3930 1381//3930 1380//3930
f 8020//3930 1380//3930 8011//3930
f 5372//3935 8021//3935 5354//3935
f 5354//3935 8021//3935 8022//3935
f 5354//3935 8022//3935 1367//3935
f 1367//3935 8022//3935 1385//3935
f 1385//3936 8022//3936 8023//3936
f 1385//3936 8023//3936 1386//3936
f 1386//3937 8023//3937 8024//3937
f 1386//3937 8024//3937 1369//3937
f 1369//3938 8024//3938 1370//3938
f 1370//3938 8024//3938 8025//3938
f 1370//3938 8025//3938 5357//3938
f 5357//3938 8025//3938 5370//3938
f 5370//3937 8025//3937 8026//3937
f 5370//3937 8026//3937 5371//3937
f 5371//3936 8026//3936 8021//3936
f 5371//3936 8021//3936 5372//3936
f 8023//3936 8022//3936 8021//3936
f 8023//3936 8021//3936 8026//3936
f 8023//3937 8026//3937 8025//3937
f 8023//3937 8025//3937 8024//3937
f 5369//3939 8027//3939 5356//3939
f 5356//3939 8027//3939 8028//3939
f 5356//3939 8028//3939 1373//3939
f 1373//3939 8028//3939 1376//3939
f 1376//3940 8028//3940 8029//3940
f 1376//3940 8029//3940 1375//3940
f 1375//3941 8029//3941 8030//3941
f 1375//3941 8030//3941 1374//3941
f 1374//3942 8030//3942 1371//3942
f 1371//3942 8030//3942 8031//3942
f 1371//3942 8031//3942 5353//3942
f 5353//3942 8031//3942 5355//3942
f 5355//3941 8031//3941 8032//3941
f 5355//3941 8032//3941 5368//3941
f 5368//3940 8032//3940 8027//3940
f 5368//3940 8027//3940 5369//3940
f 8029//3940 8028//3940 8027//3940
f 8029//3940 8027//3940 8032//3940
f 8029//3941 8032//3941 8031//3941
f 8029//3941 8031//3941 8030//3941
f 5351//3943 1368//3943 1371//3943
f 5351//3943 1371//3943 5353//3943
f 1378//3944 5352//3944 5354//3944
f 1378//3944 5354//3944 1367//3944
f 5028//3945 5027//3945 8033//3945
f 8033//3945 5027//3945 1324//3945
f 8033//3945 1324//3945 8034//3945
f 8034//3945 1324//3945 1326//3945
f 8034//3946 1326//3946 1327//3946
f 8034//3946 1327//3946 8035//3946
f 8035//3947 1327//3947 1328//3947
f 8035//3947 1328//3947 8036//3947
f 8036//3948 1328//3948 1329//3948
f 8036//3948 1329//3948 8037//3948
f 8037//3949 1329//3949 1330//3949
f 8037//3949 1330//3949 8038//3949
f 8038//3950 1330//3950 1331//3950
f 1331//3950 5321//3950 8038//3950
f 8038//3950 5321//3950 8039//3950
f 8038//3949 8039//3949 8040//3949
f 8038//3949 8040//3949 8037//3949
f 8037//3948 8040//3948 8041//3948
f 8037//3948 8041//3948 8036//3948
f 8036//3947 8041//3947 8042//3947
f 8036//3947 8042//3947 8035//3947
f 8035//3946 8042//3946 8033//3946
f 8035//3946 8033//3946 8034//3946
f 5321//3950 5319//3950 8039//3950
f 8039//3949 5319//3949 5318//3949
f 8039//3949 5318//3949 8040//3949
f 8040//3948 5318//3948 5317//3948
f 8040//3948 5317//3948 8041//3948
f 8041//3947 5317//3947 5316//3947
f 8041//3947 5316//3947 8042//3947
f 8042//3946 5316//3946 5028//3946
f 8042//3946 5028//3946 8033//3946
f 1356//3951 8043//3951 1347//3951
f 1347//3951 8043//3951 8044//3951
f 1347//3951 8044//3951 5332//3951
f 5332//3951 8044//3951 5340//3951
f 5340//3952 8044//3952 8045//3952
f 5340//3952 8045//3952 5339//3952
f 5339//3953 8045//3953 8046//3953
f 5339//3953 8046//3953 5338//3953
f 5338//3954 8046//3954 8047//3954
f 5338//3954 8047//3954 5337//3954
f 5337//3955 8047//3955 8048//3955
f 5337//3955 8048//3955 5336//3955
f 5336//3956 8048//3956 8049//3956
f 5336//3956 8049//3956 5335//3956
f 5335//3957 8049//3957 8050//3957
f 5335//3957 8050//3957 5334//3957
f 5334//3958 8050//3958 8051//3958
f 5334//3958 8051//3958 5333//3958
f 5333//3959 8051//3959 5331//3959
f 5331//3959 8051//3959 8052//3959
f 5331//3959 8052//3959 1346//3959
f 1346//3959 8052//3959 1349//3959
f 1349//3958 8052//3958 8053//3958
f 1349//3958 8053//3958 1350//3958
f 1350//3957 8053//3957 8054//3957
f 1350//3957 8054//3957 1351//3957
f 1351//3956 8054//3956 8055//3956
f 1351//3956 8055//3956 1352//3956
f 1352//3955 8055//3955 8056//3955
f 1352//3955 8056//3955 1353//3955
f 1353//3954 8056//3954 8057//3954
f 1353//3954 8057//3954 1354//3954
f 1354//3953 8057//3953 8058//3953
f 1354//3953 8058//3953 1355//3953
f 1355//3952 8058//3952 8043//3952
f 1355//3952 8043//3952 1356//3952
f 8045//3952 8044//3952 8043//3952
f 8045//3952 8043//3952 8058//3952
f 8045//3953 8058//3953 8057//3953
f 8045//3953 8057//3953 8046//3953
f 8046//3954 8057//3954 8056//3954
f 8046//3954 8056//3954 8047//3954
f 8047//3955 8056//3955 8055//3955
f 8047//3955 8055//3955 8048//3955
f 8048//3956 8055//3956 8054//3956
f 8048//3956 8054//3956 8049//3956
f 8049//3957 8054//3957 8053//3957
f 8049//3957 8053//3957 8050//3957
f 8050//3958 8053//3958 8052//3958
f 8050//3958 8052//3958 8051//3958
f 5331//264 1346//264 1335//264
f 5331//264 1335//264 5325//264
f 1347//3960 5332//3960 5330//3960
f 1347//3960 5330//3960 1348//3960
f 1340//3961 1339//3961 8059//3961
f 8059//3961 1339//3961 5022//3961
f 8059//3961 5022//3961 8060//3961
f 8060//3961 5022//3961 5024//3961
f 8060//3962 5024//3962 5343//3962
f 8060//3962 5343//3962 8061//3962
f 8061//3963 5343//3963 5026//3963
f 8061//3963 5026//3963 8062//3963
f 8062//3964 5026//3964 5025//3964
f 8062//3964 5025//3964 8063//3964
f 8063//3965 5025//3965 5320//3965
f 8063//3965 5320//3965 8064//3965
f 8064//3966 5320//3966 5322//3966
f 5322//3966 1338//3966 8064//3966
f 8064//3966 1338//3966 8065//3966
f 8064//3965 8065//3965 8066//3965
f 8064//3965 8066//3965 8063//3965
f 8063//3964 8066//3964 8067//3964
f 8063//3964 8067//3964 8062//3964
f 8062//3963 8067//3963 8068//3963
f 8062//3963 8068//3963 8061//3963
f 8061//3962 8068//3962 8059//3962
f 8061//3962 8059//3962 8060//3962
f 1338//3966 1344//3966 8065//3966
f 8065//3965 1344//3965 1343//3965
f 8065//3965 1343//3965 8066//3965
f 8066//3964 1343//3964 1342//3964
f 8066//3964 1342//3964 8067//3964
f 8067//3963 1342//3963 1341//3963
f 8067//3963 1341//3963 8068//3963
f 8068//3962 1341//3962 1340//3962
f 8068//3962 1340//3962 8059//3962
f 5326//3967 8069//3967 5324//3967
f 5324//3967 8069//3967 8070//3967
f 5324//3967 8070//3967 1332//3967
f 1332//3967 8070//3967 1334//3967
f 1334//3968 8070//3968 8071//3968
f 1334//3968 8071//3968 1336//3968
f 1336//3969 8071//3969 8072//3969
f 1336//3969 8072//3969 1345//3969
f 1345//3970 8072//3970 1335//3970
f 1335//3970 8072//3970 8073//3970
f 1335//3970 8073//3970 5325//3970
f 5325//3970 8073//3970 5328//3970
f 5328//3969 8073//3969 8074//3969
f 5328//3969 8074//3969 5327//3969
f 5327//3968 8074//3968 8069//3968
f 5327//3968 8069//3968 5326//3968
f 8071//3968 8070//3968 8069//3968
f 8071//3968 8069//3968 8074//3968
f 8071//3969 8074//3969 8073//3969
f 8071//3969 8073//3969 8072//3969
f 5342//3971 8075//3971 5330//3971
f 5330//3971 8075//3971 8076//3971
f 5330//3971 8076//3971 1348//3971
f 1348//3971 8076//3971 1357//3971
f 1357//3972 8076//3972 8077//3972
f 1357//3972 8077//3972 1358//3972
f 1358//3973 8077//3973 8078//3973
f 1358//3973 8078//3973 1359//3973
f 1359//3974 8078//3974 1333//3974
f 1333//3974 8078//3974 8079//3974
f 1333//3974 8079//3974 5323//3974
f 5323//3974 8079//3974 5329//3974
f 5329//3973 8079//3973 8080//3973
f 5329//3973 8080//3973 5341//3973
f 5341//3972 8080//3972 8075//3972
f 5341//3972 8075//3972 5342//3972
f 8077//3972 8076//3972 8075//3972
f 8077//3972 8075//3972 8080//3972
f 8077//3973 8080//3973 8079//3973
f 8077//3973 8079//3973 8078//3973
f 5321//3975 1331//3975 1333//3975
f 5321//3975 1333//3975 5323//3975
f 1338//3976 5322//3976 5324//3976
f 1338//3976 5324//3976 1332//3976
f 5034//3977 5033//3977 8081//3977
f 8081//3977 5033//3977 1288//3977
f 8081//3977 1288//3977 8082//3977
f 8082//3977 1288//3977 1290//3977
f 8082//3978 1290//3978 1291//3978
f 8082//3978 1291//3978 8083//3978
f 8083//3979 1291//3979 1292//3979
f 8083//3979 1292//3979 8084//3979
f 8084//3980 1292//3980 1293//3980
f 8084//3980 1293//3980 8085//3980
f 8085//3981 1293//3981 1294//3981
f 8085//3981 1294//3981 8086//3981
f 8086//3982 1294//3982 1295//3982
f 1295//3982 5293//3982 8086//3982
f 8086//3982 5293//3982 8087//3982
f 8086//3981 8087//3981 8088//3981
f 8086//3981 8088//3981 8085//3981
f 8085//3980 8088//3980 8089//3980
f 8085//3980 8089//3980 8084//3980
f 8084//3979 8089//3979 8090//3979
f 8084//3979 8090//3979 8083//3979
f 8083//3978 8090//3978 8081//3978
f 8083//3978 8081//3978 8082//3978
f 5293//3982 5291//3982 8087//3982
f 8087//3981 5291//3981 5288//3981
f 8087//3981 5288//3981 8088//3981
f 8088//3980 5288//3980 5287//3980
f 8088//3980 5287//3980 8089//3980
f 8089//3979 5287//3979 5286//3979
f 8089//3979 5286//3979 8090//3979
f 8090//3978 5286//3978 5034//3978
f 8090//3978 5034//3978 8081//3978
f 1315//3983 8091//3983 1311//3983
f 1311//3983 8091//3983 8092//3983
f 1311//3983 8092//3983 5301//3983
f 5301//3983 8092//3983 5309//3983
f 5309//3984 8092//3984 8093//3984
f 5309//3984 8093//3984 5308//3984
f 5308//3985 8093//3985 8094//3985
f 5308//3985 8094//3985 5307//3985
f 5307//3986 8094//3986 8095//3986
f 5307//3986 8095//3986 5306//3986
f 5306//3987 8095//3987 8096//3987
f 5306//3987 8096//3987 5305//3987
f 5305//3988 8096//3988 8097//3988
f 5305//3988 8097//3988 5304//3988
f 5304//3989 8097//3989 8098//3989
f 5304//3989 8098//3989 5303//3989
f 5303//3990 8098//3990 8099//3990
f 5303//3990 8099//3990 5302//3990
f 5302//3991 8099//3991 5300//3991
f 5300//3991 8099//3991 8100//3991
f 5300//3991 8100//3991 1314//3991
f 1314//3991 8100//3991 1316//3991
f 1316//3990 8100//3990 8101//3990
f 1316//3990 8101//3990 1317//3990
f 1317//3989 8101//3989 8102//3989
f 1317//3989 8102//3989 1318//3989
f 1318//3988 8102//3988 8103//3988
f 1318//3988 8103//3988 1319//3988
f 1319//3987 8103//3987 8104//3987
f 1319//3987 8104//3987 1320//3987
f 1320//3986 8104//3986 8105//3986
f 1320//3986 8105//3986 1321//3986
f 1321//3985 8105//3985 8106//3985
f 1321//3985 8106//3985 1322//3985
f 1322//3984 8106//3984 8091//3984
f 1322//3984 8091//3984 1315//3984
f 8093//3984 8092//3984 8091//3984
f 8093//3984 8091//3984 8106//3984
f 8093//3985 8106//3985 8105//3985
f 8093//3985 8105//3985 8094//3985
f 8094//3986 8105//3986 8104//3986
f 8094//3986 8104//3986 8095//3986
f 8095//3987 8104//3987 8103//3987
f 8095//3987 8103//3987 8096//3987
f 8096//3988 8103//3988 8102//3988
f 8096//3988 8102//3988 8097//3988
f 8097//3989 8102//3989 8101//3989
f 8097//3989 8101//3989 8098//3989
f 8098//3990 8101//3990 8100//3990
f 8098//3990 8100//3990 8099//3990
f 5300//3992 1314//3992 1310//3992
f 5300//3992 1310//3992 5299//3992
f 1311//3993 5301//3993 5298//3993
f 1311//3993 5298//3993 1306//3993
f 1301//3994 1300//3994 8107//3994
f 8107//3994 1300//3994 5031//3994
f 8107//3994 5031//3994 8108//3994
f 8108//3994 5031//3994 5030//3994
f 8108//3995 5030//3995 5032//3995
f 8108//3995 5032//3995 8109//3995
f 8109//3996 5032//3996 5290//3996
f 8109//3996 5290//3996 8110//3996
f 8110//3997 5290//3997 5289//3997
f 8110//3997 5289//3997 8111//3997
f 8111//3998 5289//3998 5292//3998
f 8111//3998 5292//3998 8112//3998
f 8112//3999 5292//3999 5294//3999
f 5294//3999 1299//3999 8112//3999
f 8112//3999 1299//3999 8113//3999
f 8112//3998 8113//3998 8114//3998
f 8112//3998 8114//3998 8111//3998
f 8111//3997 8114//3997 8115//3997
f 8111//3997 8115//3997 8110//3997
f 8110//3996 8115//3996 8116//3996
f 8110//3996 8116//3996 8109//3996
f 8109//3995 8116//3995 8107//3995
f 8109//3995 8107//3995 8108//3995
f 1299//3999 1298//3999 8113//3999
f 8113//3998 1298//3998 1304//3998
f 8113//3998 1304//3998 8114//3998
f 8114//3997 1304//3997 1303//3997
f 8114//3997 1303//3997 8115//3997
f 8115//3996 1303//3996 1302//3996
f 8115//3996 1302//3996 8116//3996
f 8116//3995 1302//3995 1301//3995
f 8116//3995 1301//3995 8107//3995
f 5314//4000 8117//4000 5296//4000
f 5296//4000 8117//4000 8118//4000
f 5296//4000 8118//4000 1305//4000
f 1305//4000 8118//4000 1309//4000
f 1309//4001 8118//4001 8119//4001
f 1309//4001 8119//4001 1312//4001
f 1312//4002 8119//4002 8120//4002
f 1312//4002 8120//4002 1313//4002
f 1313//4003 8120//4003 1310//4003
f 1310//4003 8120//4003 8121//4003
f 1310//4003 8121//4003 5299//4003
f 5299//4003 8121//4003 5312//4003
f 5312//4002 8121//4002 8122//4002
f 5312//4002 8122//4002 5313//4002
f 5313//4001 8122//4001 8117//4001
f 5313//4001 8117//4001 5314//4001
f 8119//4001 8118//4001 8117//4001
f 8119//4001 8117//4001 8122//4001
f 8119//4002 8122//4002 8121//4002
f 8119//4002 8121//4002 8120//4002
f 5311//4004 8123//4004 5298//4004
f 5298//4004 8123//4004 8124//4004
f 5298//4004 8124//4004 1306//4004
f 1306//4004 8124//4004 1307//4004
f 1307//4005 8124//4005 8125//4005
f 1307//4005 8125//4005 1308//4005
f 1308//4006 8125//4006 8126//4006
f 1308//4006 8126//4006 1323//4006
f 1323//4007 8126//4007 1297//4007
f 1297//4007 8126//4007 8127//4007
f 1297//4007 8127//4007 5295//4007
f 5295//4007 8127//4007 5297//4007
f 5297//4006 8127//4006 8128//4006
f 5297//4006 8128//4006 5310//4006
f 5310//4005 8128//4005 8123//4005
f 5310//4005 8123//4005 5311//4005
f 8125//4005 8124//4005 8123//4005
f 8125//4005 8123//4005 8128//4005
f 8125//4006 8128//4006 8127//4006
f 8125//4006 8127//4006 8126//4006
f 5293//4008 1295//4008 1297//4008
f 5293//4008 1297//4008 5295//4008
f 1299//4009 5294//4009 5296//4009
f 1299//4009 5296//4009 1305//4009
f 5257//4010 5042//4010 8129//4010
f 8129//4010 5042//4010 1252//4010
f 8129//4010 1252//4010 8130//4010
f 8130//4010 1252//4010 1254//4010
f 8130//4011 1254//4011 1255//4011
f 8130//4011 1255//4011 8131//4011
f 8131//4012 1255//4012 1256//4012
f 8131//4012 1256//4012 8132//4012
f 8132//4013 1256//4013 1257//4013
f 8132//4013 1257//4013 8133//4013
f 8133//4014 1257//4014 1258//4014
f 8133//4014 1258//4014 8134//4014
f 8134//4015 1258//4015 1259//4015
f 1259//4015 5264//4015 8134//4015
f 8134//4015 5264//4015 8135//4015
f 8134//4014 8135//4014 8136//4014
f 8134//4014 8136//4014 8133//4014
f 8133//4013 8136//4013 8137//4013
f 8133//4013 8137//4013 8132//4013
f 8132//4012 8137//4012 8138//4012
f 8132//4012 8138//4012 8131//4012
f 8131//4011 8138//4011 8129//4011
f 8131//4011 8129//4011 8130//4011
f 5264//4015 5262//4015 8135//4015
f 8135//4014 5262//4014 5258//4014
f 8135//4014 5258//4014 8136//4014
f 8136//4013 5258//4013 5040//4013
f 8136//4013 5040//4013 8137//4013
f 8137//4012 5040//4012 5039//4012
f 8137//4012 5039//4012 8138//4012
f 8138//4011 5039//4011 5257//4011
f 8138//4011 5257//4011 8129//4011
f 1286//4016 8139//4016 1276//4016
f 1276//4016 8139//4016 8140//4016
f 1276//4016 8140//4016 5272//4016
f 5272//4016 8140//4016 5279//4016
f 5279//4017 8140//4017 8141//4017
f 5279//4017 8141//4017 5280//4017
f 5280//4018 8141//4018 8142//4018
f 5280//4018 8142//4018 5278//4018
f 5278//4019 8142//4019 8143//4019
f 5278//4019 8143//4019 5277//4019
f 5277//4020 8143//4020 8144//4020
f 5277//4020 8144//4020 5276//4020
f 5276//4021 8144//4021 8145//4021
f 5276//4021 8145//4021 5275//4021
f 5275//4022 8145//4022 8146//4022
f 5275//4022 8146//4022 5274//4022
f 5274//4023 8146//4023 8147//4023
f 5274//4023 8147//4023 5273//4023
f 5273//4024 8147//4024 5271//4024
f 5271//4024 8147//4024 8148//4024
f 5271//4024 8148//4024 1275//4024
f 1275//4024 8148//4024 1277//4024
f 1277//4023 8148//4023 8149//4023
f 1277//4023 8149//4023 1280//4023
f 1280//4022 8149//4022 8150//4022
f 1280//4022 8150//4022 1281//4022
f 1281//4021 8150//4021 8151//4021
f 1281//4021 8151//4021 1282//4021
f 1282//4020 8151//4020 8152//4020
f 1282//4020 8152//4020 1283//4020
f 1283//4019 8152//4019 8153//4019
f 1283//4019 8153//4019 1284//4019
f 1284//4018 8153//4018 8154//4018
f 1284//4018 8154//4018 1285//4018
f 1285//4017 8154//4017 8139//4017
f 1285//4017 8139//4017 1286//4017
f 8141//4017 8140//4017 8139//4017
f 8141//4017 8139//4017 8154//4017
f 8141//4018 8154//4018 8153//4018
f 8141//4018 8153//4018 8142//4018
f 8142//4019 8153//4019 8152//4019
f 8142//4019 8152//4019 8143//4019
f 8143//4020 8152//4020 8151//4020
f 8143//4020 8151//4020 8144//4020
f 8144//4021 8151//4021 8150//4021
f 8144//4021 8150//4021 8145//4021
f 8145//4022 8150//4022 8149//4022
f 8145//4022 8149//4022 8146//4022
f 8146//4023 8149//4023 8148//4023
f 8146//4023 8148//4023 8147//4023
f 5271//4025 1275//4025 1274//4025
f 5271//4025 1274//4025 5270//4025
f 1276//4026 5272//4026 5269//4026
f 1276//4026 5269//4026 1270//4026
f 1265//4027 1264//4027 8155//4027
f 8155//4027 1264//4027 5036//4027
f 8155//4027 5036//4027 8156//4027
f 8156//4027 5036//4027 5038//4027
f 8156//4028 5038//4028 5261//4028
f 8156//4028 5261//4028 8157//4028
f 8157//4029 5261//4029 5260//4029
f 8157//4029 5260//4029 8158//4029
f 8158//4030 5260//4030 5259//4030
f 8158//4030 5259//4030 8159//4030
f 8159//4031 5259//4031 5263//4031
f 8159//4031 5263//4031 8160//4031
f 8160//4032 5263//4032 5265//4032
f 5265//4032 1263//4032 8160//4032
f 8160//4032 1263//4032 8161//4032
f 8160//4031 8161//4031 8162//4031
f 8160//4031 8162//4031 8159//4031
f 8159//4030 8162//4030 8163//4030
f 8159//4030 8163//4030 8158//4030
f 8158//4029 8163//4029 8164//4029
f 8158//4029 8164//4029 8157//4029
f 8157//4028 8164//4028 8155//4028
f 8157//4028 8155//4028 8156//4028
f 1263//4032 1262//4032 8161//4032
f 8161//4031 1262//4031 1268//4031
f 8161//4031 1268//4031 8162//4031
f 8162//4030 1268//4030 1267//4030
f 8162//4030 1267//4030 8163//4030
f 8163//4029 1267//4029 1266//4029
f 8163//4029 1266//4029 8164//4029
f 8164//4028 1266//4028 1265//4028
f 8164//4028 1265//4028 8155//4028
f 5285//4033 8165//4033 5267//4033
f 5267//4033 8165//4033 8166//4033
f 5267//4033 8166//4033 1269//4033
f 1269//4033 8166//4033 1273//4033
f 1273//4034 8166//4034 8167//4034
f 1273//4034 8167//4034 1278//4034
f 1278//4035 8167//4035 8168//4035
f 1278//4035 8168//4035 1279//4035
f 1279//4036 8168//4036 1274//4036
f 1274//4036 8168//4036 8169//4036
f 1274//4036 8169//4036 5270//4036
f 5270//4036 8169//4036 5283//4036
f 5283//4035 8169//4035 8170//4035
f 5283//4035 8170//4035 5284//4035
f 5284//4034 8170//4034 8165//4034
f 5284//4034 8165//4034 5285//4034
f 8167//4034 8166//4034 8165//4034
f 8167//4034 8165//4034 8170//4034
f 8167//4035 8170//4035 8169//4035
f 8167//4035 8169//4035 8168//4035
f 5282//4037 8171//4037 5269//4037
f 5269//4037 8171//4037 8172//4037
f 5269//4037 8172//4037 1270//4037
f 1270//4037 8172//4037 1271//4037
f 1271//4038 8172//4038 8173//4038
f 1271//4038 8173//4038 1272//4038
f 1272//4039 8173//4039 8174//4039
f 1272//4039 8174//4039 1287//4039
f 1287//4040 8174//4040 1261//4040
f 1261//4040 8174//4040 8175//4040
f 1261//4040 8175//4040 5266//4040
f 5266//4040 8175//4040 5268//4040
f 5268//4039 8175//4039 8176//4039
f 5268//4039 8176//4039 5281//4039
f 5281//4038 8176//4038 8171//4038
f 5281//4038 8171//4038 5282//4038
f 8173//4038 8172//4038 8171//4038
f 8173//4038 8171//4038 8176//4038
f 8173//4039 8176//4039 8175//4039
f 8173//4039 8175//4039 8174//4039
f 5264//4041 1259//4041 1261//4041
f 5264//4041 1261//4041 5266//4041
f 1263//4042 5265//4042 5267//4042
f 1263//4042 5267//4042 1269//4042
f 5049//4043 5048//4043 8177//4043
f 8177//4043 5048//4043 1216//4043
f 8177//4043 1216//4043 8178//4043
f 8178//4043 1216//4043 1218//4043
f 8178//4044 1218//4044 1219//4044
f 8178//4044 1219//4044 8179//4044
f 8179//4045 1219//4045 1220//4045
f 8179//4045 1220//4045 8180//4045
f 8180//4046 1220//4046 1221//4046
f 8180//4046 1221//4046 8181//4046
f 8181//4047 1221//4047 1222//4047
f 8181//4047 1222//4047 8182//4047
f 8182//4048 1222//4048 1223//4048
f 1223//4048 5235//4048 8182//4048
f 8182//4048 5235//4048 8183//4048
f 8182//4047 8183//4047 8184//4047
f 8182//4047 8184//4047 8181//4047
f 8181//4046 8184//4046 8185//4046
f 8181//4046 8185//4046 8180//4046
f 8180//4045 8185//4045 8186//4045
f 8180//4045 8186//4045 8179//4045
f 8179//4044 8186//4044 8177//4044
f 8179//4044 8177//4044 8178//4044
f 5235//4048 5233//4048 8183//4048
f 8183//4047 5233//4047 5231//4047
f 8183//4047 5231//4047 8184//4047
f 8184//4046 5231//4046 5230//4046
f 8184//4046 5230//4046 8185//4046
f 8185//4045 5230//4045 5229//4045
f 8185//4045 5229//4045 8186//4045
f 8186//4044 5229//4044 5049//4044
f 8186//4044 5049//4044 8177//4044
f 1248//4049 8187//4049 1238//4049
f 1238//4049 8187//4049 8188//4049
f 1238//4049 8188//4049 5243//4049
f 5243//4049 8188//4049 5248//4049
f 5248//4050 8188//4050 8189//4050
f 5248//4050 8189//4050 5250//4050
f 5250//4051 8189//4051 8190//4051
f 5250//4051 8190//4051 5251//4051
f 5251//4052 8190//4052 8191//4052
f 5251//4052 8191//4052 5249//4052
f 5249//4053 8191//4053 8192//4053
f 5249//4053 8192//4053 5247//4053
f 5247//4054 8192//4054 8193//4054
f 5247//4054 8193//4054 5246//4054
f 5246//4055 8193//4055 8194//4055
f 5246//4055 8194//4055 5245//4055
f 5245//4056 8194//4056 8195//4056
f 5245//4056 8195//4056 5244//4056
f 5244//4057 8195//4057 5242//4057
f 5242//4057 8195//4057 8196//4057
f 5242//4057 8196//4057 1240//4057
f 1240//4057 8196//4057 1241//4057
f 1241//4056 8196//4056 8197//4056
f 1241//4056 8197//4056 1242//4056
f 1242//4055 8197//4055 8198//4055
f 1242//4055 8198//4055 1243//4055
f 1243//4054 8198//4054 8199//4054
f 1243//4054 8199//4054 1244//4054
f 1244//4053 8199//4053 8200//4053
f 1244//4053 8200//4053 1245//4053
f 1245//4052 8200//4052 8201//4052
f 1245//4052 8201//4052 1246//4052
f 1246//4051 8201//4051 8202//4051
f 1246//4051 8202//4051 1247//4051
f 1247//4050 8202//4050 8187//4050
f 1247//4050 8187//4050 1248//4050
f 8189//4050 8188//4050 8187//4050
f 8189//4050 8187//4050 8202//4050
f 8189//4051 8202//4051 8201//4051
f 8189//4051 8201//4051 8190//4051
f 8190//4052 8201//4052 8200//4052
f 8190//4052 8200//4052 8191//4052
f 8191//4053 8200//4053 8199//4053
f 8191//4053 8199//4053 8192//4053
f 8192//4054 8199//4054 8198//4054
f 8192//4054 8198//4054 8193//4054
f 8193//4055 8198//4055 8197//4055
f 8193//4055 8197//4055 8194//4055
f 8194//4056 8197//4056 8196//4056
f 8194//4056 8196//4056 8195//4056
f 5242//4058 1240//4058 1237//4058
f 5242//4058 1237//4058 5241//4058
f 1238//4059 5243//4059 5240//4059
f 1238//4059 5240//4059 1239//4059
f 1229//4060 1228//4060 8203//4060
f 8203//4060 1228//4060 5043//4060
f 8203//4060 5043//4060 8204//4060
f 8204//4060 5043//4060 5045//4060
f 8204//4061 5045//4061 5047//4061
f 8204//4061 5047//4061 8205//4061
f 8205//4062 5047//4062 5046//4062
f 8205//4062 5046//4062 8206//4062
f 8206//4063 5046//4063 5232//4063
f 8206//4063 5232//4063 8207//4063
f 8207//4064 5232//4064 5234//4064
f 8207//4064 5234//4064 8208//4064
f 8208//4065 5234//4065 5236//4065
f 5236//4065 1226//4065 8208//4065
f 8208//4065 1226//4065 8209//4065
f 8208//4064 8209//4064 8210//4064
f 8208//4064 8210//4064 8207//4064
f 8207//4063 8210//4063 8211//4063
f 8207//4063 8211//4063 8206//4063
f 8206//4062 8211//4062 8212//4062
f 8206//4062 8212//4062 8205//4062
f 8205//4061 8212//4061 8203//4061
f 8205//4061 8203//4061 8204//4061
f 1226//4065 1233//4065 8209//4065
f 8209//4064 1233//4064 1232//4064
f 8209//4064 1232//4064 8210//4064
f 8210//4063 1232//4063 1231//4063
f 8210//4063 1231//4063 8211//4063
f 8211//4062 1231//4062 1230//4062
f 8211//4062 1230//4062 8212//4062
f 8212//4061 1230//4061 1229//4061
f 8212//4061 1229//4061 8203//4061
f 5256//4066 8213//4066 5238//4066
f 5238//4066 8213//4066 8214//4066
f 5238//4066 8214//4066 1227//4066
f 1227//4066 8214//4066 1234//4066
f 1234//4067 8214//4067 8215//4067
f 1234//4067 8215//4067 1235//4067
f 1235//4068 8215//4068 8216//4068
f 1235//4068 8216//4068 1236//4068
f 1236//4069 8216//4069 1237//4069
f 1237//4069 8216//4069 8217//4069
f 1237//4069 8217//4069 5241//4069
f 5241//4069 8217//4069 5254//4069
f 5254//4068 8217//4068 8218//4068
f 5254//4068 8218//4068 5255//4068
f 5255//4067 8218//4067 8213//4067
f 5255//4067 8213//4067 5256//4067
f 8215//4067 8214//4067 8213//4067
f 8215//4067 8213//4067 8218//4067
f 8215//4068 8218//4068 8217//4068
f 8215//4068 8217//4068 8216//4068
f 5253//4070 8219//4070 5240//4070
f 5240//4070 8219//4070 8220//4070
f 5240//4070 8220//4070 1239//4070
f 1239//4070 8220//4070 1249//4070
f 1249//4071 8220//4071 8221//4071
f 1249//4071 8221//4071 1250//4071
f 1250//4072 8221//4072 8222//4072
f 1250//4072 8222//4072 1251//4072
f 1251//4073 8222//4073 1225//4073
f 1225//4073 8222//4073 8223//4073
f 1225//4073 8223//4073 5237//4073
f 5237//4073 8223//4073 5239//4073
f 5239//4072 8223//4072 8224//4072
f 5239//4072 8224//4072 5252//4072
f 5252//4071 8224//4071 8219//4071
f 5252//4071 8219//4071 5253//4071
f 8221//4071 8220//4071 8219//4071
f 8221//4071 8219//4071 8224//4071
f 8221//4072 8224//4072 8223//4072
f 8221//4072 8223//4072 8222//4072
f 5235//4074 1223//4074 1225//4074
f 5235//4074 1225//4074 5237//4074
f 1226//4075 5236//4075 5238//4075
f 1226//4075 5238//4075 1227//4075
f 5055//4076 5058//4076 8225//4076
f 8225//4076 5058//4076 1180//4076
f 8225//4076 1180//4076 8226//4076
f 8226//4076 1180//4076 1182//4076
f 8226//4077 1182//4077 1183//4077
f 8226//4077 1183//4077 8227//4077
f 8227//4078 1183//4078 1184//4078
f 8227//4078 1184//4078 8228//4078
f 8228//4079 1184//4079 1185//4079
f 8228//4079 1185//4079 8229//4079
f 8229//4080 1185//4080 1186//4080
f 8229//4080 1186//4080 8230//4080
f 8230//4081 1186//4081 1187//4081
f 1187//4081 5207//4081 8230//4081
f 8230//4081 5207//4081 8231//4081
f 8230//4080 8231//4080 8232//4080
f 8230//4080 8232//4080 8229//4080
f 8229//4079 8232//4079 8233//4079
f 8229//4079 8233//4079 8228//4079
f 8228//4078 8233//4078 8234//4078
f 8228//4078 8234//4078 8227//4078
f 8227//4077 8234//4077 8225//4077
f 8227//4077 8225//4077 8226//4077
f 5207//4081 5205//4081 8231//4081
f 8231//4080 5205//4080 5202//4080
f 8231//4080 5202//4080 8232//4080
f 8232//4079 5202//4079 5201//4079
f 8232//4079 5201//4079 8233//4079
f 8233//4078 5201//4078 5056//4078
f 8233//4078 5056//4078 8234//4078
f 8234//4077 5056//4077 5055//4077
f 8234//4077 5055//4077 8225//4077
f 1212//4082 8235//4082 1202//4082
f 1202//4082 8235//4082 8236//4082
f 1202//4082 8236//4082 5215//4082
f 5215//4082 8236//4082 5217//4082
f 5217//4083 8236//4083 8237//4083
f 5217//4083 8237//4083 5220//4083
f 5220//4084 8237//4084 8238//4084
f 5220//4084 8238//4084 5222//4084
f 5222//4085 8238//4085 8239//4085
f 5222//4085 8239//4085 5223//4085
f 5223//4086 8239//4086 8240//4086
f 5223//4086 8240//4086 5221//4086
f 5221//4087 8240//4087 8241//4087
f 5221//4087 8241//4087 5219//4087
f 5219//4088 8241//4088 8242//4088
f 5219//4088 8242//4088 5218//4088
f 5218//4089 8242//4089 8243//4089
f 5218//4089 8243//4089 5216//4089
f 5216//4090 8243//4090 5214//4090
f 5214//4090 8243//4090 8244//4090
f 5214//4090 8244//4090 1204//4090
f 1204//4090 8244//4090 1205//4090
f 1205//4089 8244//4089 8245//4089
f 1205//4089 8245//4089 1206//4089
f 1206//4088 8245//4088 8246//4088
f 1206//4088 8246//4088 1207//4088
f 1207//4087 8246//4087 8247//4087
f 1207//4087 8247//4087 1208//4087
f 1208//4086 8247//4086 8248//4086
f 1208//4086 8248//4086 1209//4086
f 1209//4085 8248//4085 8249//4085
f 1209//4085 8249//4085 1210//4085
f 1210//4084 8249//4084 8250//4084
f 1210//4084 8250//4084 1211//4084
f 1211//4083 8250//4083 8235//4083
f 1211//4083 8235//4083 1212//4083
f 8237//4083 8236//4083 8235//4083
f 8237//4083 8235//4083 8250//4083
f 8237//4084 8250//4084 8249//4084
f 8237//4084 8249//4084 8238//4084
f 8238//4085 8249//4085 8248//4085
f 8238//4085 8248//4085 8239//4085
f 8239//4086 8248//4086 8247//4086
f 8239//4086 8247//4086 8240//4086
f 8240//4087 8247//4087 8246//4087
f 8240//4087 8246//4087 8241//4087
f 8241//4088 8246//4088 8245//4088
f 8241//4088 8245//4088 8242//4088
f 8242//4089 8245//4089 8244//4089
f 8242//4089 8244//4089 8243//4089
f 5214//4091 1204//4091 1201//4091
f 5214//4091 1201//4091 5213//4091
f 1202//4092 5215//4092 5212//4092
f 1202//4092 5212//4092 1203//4092
f 1193//4093 1192//4093 8251//4093
f 8251//4093 1192//4093 5051//4093
f 8251//4093 5051//4093 8252//4093
f 8252//4093 5051//4093 5054//4093
f 8252//4094 5054//4094 5053//4094
f 8252//4094 5053//4094 8253//4094
f 8253//4095 5053//4095 5204//4095
f 8253//4095 5204//4095 8254//4095
f 8254//4096 5204//4096 5203//4096
f 8254//4096 5203//4096 8255//4096
f 8255//4097 5203//4097 5206//4097
f 8255//4097 5206//4097 8256//4097
f 8256//4098 5206//4098 5208//4098
f 5208//4098 1190//4098 8256//4098
f 8256//4098 1190//4098 8257//4098
f 8256//4097 8257//4097 8258//4097
f 8256//4097 8258//4097 8255//4097
f 8255//4096 8258//4096 8259//4096
f 8255//4096 8259//4096 8254//4096
f 8254//4095 8259//4095 8260//4095
f 8254//4095 8260//4095 8253//4095
f 8253//4094 8260//4094 8251//4094
f 8253//4094 8251//4094 8252//4094
f 1190//4098 1197//4098 8257//4098
f 8257//4097 1197//4097 1196//4097
f 8257//4097 1196//4097 8258//4097
f 8258//4096 1196//4096 1195//4096
f 8258//4096 1195//4096 8259//4096
f 8259//4095 1195//4095 1194//4095
f 8259//4095 1194//4095 8260//4095
f 8260//4094 1194//4094 1193//4094
f 8260//4094 1193//4094 8251//4094
f 5228//4099 8261//4099 5210//4099
f 5210//4099 8261//4099 8262//4099
f 5210//4099 8262//4099 1191//4099
f 1191//4099 8262//4099 1198//4099
f 1198//4100 8262//4100 8263//4100
f 1198//4100 8263//4100 1199//4100
f 1199//4101 8263//4101 8264//4101
f 1199//4101 8264//4101 1200//4101
f 1200//4102 8264//4102 1201//4102
f 1201//4102 8264//4102 8265//4102
f 1201//4102 8265//4102 5213//4102
f 5213//4102 8265//4102 5226//4102
f 5226//4101 8265//4101 8266//4101
f 5226//4101 8266//4101 5227//4101
f 5227//4100 8266//4100 8261//4100
f 5227//4100 8261//4100 5228//4100
f 8263//4100 8262//4100 8261//4100
f 8263//4100 8261//4100 8266//4100
f 8263//4101 8266//4101 8265//4101
f 8263//4101 8265//4101 8264//4101
f 5225//4103 8267//4103 5212//4103
f 5212//4103 8267//4103 8268//4103
f 5212//4103 8268//4103 1203//4103
f 1203//4103 8268//4103 1213//4103
f 1213//4104 8268//4104 8269//4104
f 1213//4104 8269//4104 1214//4104
f 1214//4105 8269//4105 8270//4105
f 1214//4105 8270//4105 1215//4105
f 1215//4106 8270//4106 1189//4106
f 1189//4106 8270//4106 8271//4106
f 1189//4106 8271//4106 5209//4106
f 5209//4106 8271//4106 5211//4106
f 5211//4105 8271//4105 8272//4105
f 5211//4105 8272//4105 5224//4105
f 5224//4104 8272//4104 8267//4104
f 5224//4104 8267//4104 5225//4104
f 8269//4104 8268//4104 8267//4104
f 8269//4104 8267//4104 8272//4104
f 8269//4105 8272//4105 8271//4105
f 8269//4105 8271//4105 8270//4105
f 5207//4107 1187//4107 1189//4107
f 5207//4107 1189//4107 5209//4107
f 1190//4108 5208//4108 5210//4108
f 1190//4108 5210//4108 1191//4108
usemtl mat1
f 1//1 2//1 3//1
# Vertices: 8272, normals: 4108, texture coordinates: 0, faces: 16560

