# File generated by ImageToStl.com - Free Image and 3D model conversion tools

mtllib housing_gear_4minute_gear.mtl

o obj1
v 47.84199524 56.51648712 11.09136963
v 41.34199524 56.51648712 13.45717621
v 41.34199524 56.1164856 13.45717621
v 47.84199524 56.1164856 11.09136963
v 41.34199524 56.51648712 22.34970093
v 41.34199524 56.1164856 22.34970093
v 34.84199905 56.51648712 11.09136963
v 34.84199905 56.1164856 11.09136963
v 69.05047607 55.91648483 -6.12062645
v 71.50613403 55.91648483 -8.17519665
v 70.42974091 55.91648483 -8.17110443
v 71.50613403 55.91648483 -9.18201828
v 69.05047607 55.91648483 -9.18201828
v 69.05047607 55.91648483 -8.17110443
v 67.93724823 55.91648483 -8.17110443
v 67.93724823 55.91648483 -4.36482811
v 68.90313721 55.91648483 -4.36482811
v 67.93724823 55.91648483 -9.18201828
v 69.05047607 55.91648483 -10.38938522
v 67.93724823 55.91648483 -10.38938522
v 67.19235992 55.91648483 -9.18201828
v 67.19235992 55.91648483 -8.17110443
v 70.42974091 56.51648712 -8.17110443
v 69.05047607 56.51648712 -6.12062645
v 69.05047607 56.51648712 -8.17110443
v 67.93724823 56.51648712 -10.38938522
v 67.93724823 56.51648712 -9.18201828
v 67.19235992 56.51648712 -9.18201828
v 67.19235992 56.51648712 -8.17110443
v 67.93724823 56.51648712 -8.17110443
v 67.93724823 56.51648712 -4.36482811
v 68.90313721 56.51648712 -4.36482811
v 71.50613403 56.51648712 -8.17519665
v 71.50613403 56.51648712 -9.18201828
v 69.05047607 56.51648712 -9.18201828
v 69.05047607 56.51648712 -10.38938522
v 38.11738205 56.51648712 23.05078697
v 38.94958115 56.51648712 23.12473488
v 41.27082062 56.51648712 -2.98421907
v 40.77581406 56.51648712 -3.01399279
v 41.76659393 56.51648712 -2.99542427
v 44.72251892 56.51648712 23.12454605
v 44.84897995 56.51648712 23.02978134
v 35.44761658 56.51648712 -8.10666752
v 35.39550781 56.51648712 -8.59982204
v 9.23196697 56.51648712 -7.21257305
v 9.28872681 56.51648712 -6.37902546
v 35.38430405 56.51648712 -9.09559441
v 9.18340683 56.51648712 -8.8826828
v 9.19685268 56.51648712 -8.04731274
v 35.41407776 56.51648712 -9.59060001
v 9.44863701 56.51648712 -13.10875893
v 9.35127258 56.51648712 -12.98377132
v 9.10237694 56.51648712 -9.01835823
v 9.23538971 56.51648712 -12.87573051
v 9.00098419 56.51648712 -9.13957596
v 9.10389805 56.51648712 -12.78734779
v 8.88176155 56.51648712 -9.24330616
v 8.96009636 56.51648712 -12.72084236
v 8.74768639 56.51648712 -9.32695866
v 8.80759716 56.51648712 -12.67788315
v 8.60210705 56.51648712 -9.38844585
v 8.65022659 56.51648712 -12.65954781
v 8.44865894 56.51648712 -9.42622948
v 6.75455332 56.51648712 -12.58997059
v 6.57685089 56.51648712 -9.73278809
v 6.31630421 56.51648712 -12.45733261
v 6.19238281 56.51648712 -12.36567593
v 35.48462677 56.51648712 -10.08145523
v 9.56642246 56.51648712 -13.93589211
v 35.59547043 56.51648712 -10.56480885
v 9.86615944 56.51648712 -15.57960129
v 9.70562744 56.51648712 -14.75969219
v 35.74584961 56.51648712 -11.03735828
v 11.00424385 56.51648712 -19.65818405
v 10.88302135 56.51648712 -19.55617142
v 9.8151083 56.51648712 -15.72916031
v 10.74720764 56.51648712 -19.47458458
v 9.74113369 56.51648712 -15.86880875
v 10.60021305 56.51648712 -19.41547203
v 9.64608383 56.51648712 -15.99505997
v 10.44572735 56.51648712 -19.38031769
v 9.53233051 56.51648712 -16.10476112
v 10.28762817 56.51648712 -19.37000275
v 9.40271568 56.51648712 -16.19517136
v 10.12988472 56.51648712 -19.38478851
v 9.26047707 56.51648712 -16.26403427
v 8.26117039 56.51648712 -19.71086502
v 7.4933095 56.51648712 -16.95306396
v 7.80492067 56.51648712 -19.67224121
v 7.66465139 56.51648712 -19.60835266
v 35.93473816 56.51648712 -11.49587536
v 11.92635918 56.51648712 -21.98822403
v 11.59886742 56.51648712 -21.21960831
v 36.1608429 56.51648712 -11.93722725
v 13.88755989 56.51648712 -25.74106026
v 13.74777603 56.51648712 -25.66648102
v 11.90751934 56.51648712 -22.14513016
v 13.59796715 56.51648712 -25.61491394
v 11.86419582 56.51648712 -22.2971077
v 13.44189548 56.51648712 -25.58765411
v 11.797472 56.51648712 -22.44036102
v 13.28347588 56.51648712 -25.58538628
v 11.70901299 56.51648712 -22.57131577
v 13.12668705 56.51648712 -25.60816956
v 11.60102844 56.51648712 -22.68669891
v 12.97546482 56.51648712 -25.65542603
v 11.47621536 56.51648712 -22.78363037
v 11.21538162 56.51648712 -26.3629055
v 9.89092064 56.51648712 -23.82501793
v 11.06797123 56.51648712 -26.40793228
v 10.61058426 56.51648712 -26.38665962
v 10.91504002 56.51648712 -26.42715073
v 36.4226265 56.51648712 -12.35840034
v 14.33158779 56.51648712 -26.44877625
v 36.71829605 56.51648712 -12.75651836
v 15.27396679 56.51648712 -27.82846642
v 14.79382706 56.51648712 -27.14473534
v 37.04582596 56.51648712 -13.12885857
v 17.97256851 56.51648712 -31.09153557
v 17.82033348 56.51648712 -31.04764748
v 15.28816128 56.51648712 -27.98585892
v 17.6630764 56.51648712 -31.02835655
v 15.2773819 56.51648712 -28.14352226
v 17.50474739 56.51648712 -31.03414154
v 15.24190044 56.51648712 -28.29751968
v 17.34931946 56.51648712 -31.0648613
v 15.18260098 56.51648712 -28.44400406
v 17.20069504 56.51648712 -31.11974335
v 15.1009655 56.51648712 -28.57931519
v 17.06260109 56.51648712 -31.19741058
v 14.99903297 56.51648712 -28.70008087
v 15.4880724 56.51648712 -32.25537109
v 13.66489887 56.51648712 -30.04831123
v 15.35324574 56.51648712 -32.33006287
v 14.90143013 56.51648712 -32.40434647
v 15.20765114 56.51648712 -32.38065338
v 37.40299225 56.51648712 -13.47288036
v 19.76267624 56.51648712 -32.8450737
v 19.15087128 56.51648712 -32.2761116
v 37.78734589 56.51648712 -13.7862339
v 23.08073807 56.51648712 -35.47576904
v 22.9227047 56.51648712 -35.4644928
v 19.8092823 56.51648712 -32.99607849
v 22.7648735 56.51648712 -35.47831726
v 19.83152008 56.51648712 -33.1525383
v 22.61120605 56.51648712 -35.51689529
v 19.82883072 56.51648712 -33.31054688
v 22.46556091 56.51648712 -35.57925797
v 19.80128479 56.51648712 -33.46615601
v 22.33159256 56.51648712 -35.66384125
v 19.74956512 56.51648712 -33.61548615
v 22.21266747 56.51648712 -35.76852417
v 19.67496872 56.51648712 -33.7548027
v 20.89250755 56.51648712 -37.13072586
v 18.65030098 56.51648712 -35.35095596
v 20.77615738 56.51648712 -37.23181915
v 20.34965897 56.51648712 -37.39841843
v 20.64426231 56.51648712 -37.31157684
v 38.19625854 56.51648712 -14.06677628
v 23.77423096 56.51648712 -35.94169998
v 38.6269455 56.51648712 -14.31259251
v 25.19630623 56.51648712 -36.81880569
v 24.47957993 56.51648712 -36.38947678
v 39.07645798 56.51648712 -14.52200317
v 28.98881149 56.51648712 -38.70214844
v 28.83188629 56.51648712 -38.72397614
v 25.27329254 56.51648712 -36.95681763
v 28.68037987 56.51648712 -38.77030945
v 25.32757187 56.51648712 -37.10523605
v 28.53809357 56.51648712 -38.83999634
v 25.35779572 56.51648712 -37.26035309
v 28.40859604 56.51648712 -38.93127823
v 25.36320114 56.51648712 -37.41828918
v 28.29514313 56.51648712 -39.0418663
v 25.34366226 56.51648712 -37.57510757
v 28.20057869 56.51648712 -39.16898727
v 25.29965973 56.51648712 -37.72689056
v 27.19248772 56.51648712 -40.77590179
v 24.62924194 56.51648712 -39.50120163
v 27.09969521 56.51648712 -40.89897156
v 26.71715736 56.51648712 -41.15060806
v 26.98726654 56.51648712 -41.00440979
v 39.54173279 56.51648712 -14.69357872
v 29.76402283 56.51648712 -39.01371002
v 40.01958466 56.51648712 -14.82614613
v 35.43858337 56.51648712 -40.62966156
v 31.33738518 56.51648712 -39.57598495
v 35.28962708 56.51648712 -40.68363953
v 31.44138145 56.51648712 -39.69497681
v 35.15106583 56.51648712 -40.76046371
v 31.52533531 56.51648712 -39.82886505
v 35.02637482 56.51648712 -40.85821152
v 31.58714485 56.51648712 -39.9743042
v 34.91868591 56.51648712 -40.97442245
v 31.62527275 56.51648712 -40.12767029
v 34.83070374 56.51648712 -41.1061821
v 31.63876343 56.51648712 -40.28512573
v 34.76463699 56.51648712 -41.25018692
v 31.62728119 56.51648712 -40.44273758
v 34.1126709 56.51648712 -43.03157806
v 31.34041595 56.51648712 -42.3176651
v 34.0474968 56.51648712 -43.1712532
v 33.72563171 56.51648712 -43.49692535
v 33.95944214 56.51648712 -43.29776382
v 40.50675201 56.51648712 -14.9187994
v 36.26163101 56.51648712 -40.77324295
v 40.99990845 56.51648712 -14.97090721
v 37.9175148 56.51648712 -40.99611282
v 37.08813095 56.51648712 -40.89542007
v 41.49568176 56.51648712 -14.98211288
v 42.14816666 56.51648712 -41.1740799
v 42.01368713 56.51648712 -41.25784302
v 38.04397964 56.51648712 -41.09088135
v 41.89412689 56.51648712 -41.36180115
v 38.15393448 56.51648712 -41.20438385
v 41.79248428 56.51648712 -41.4833374
v 38.24463272 56.51648712 -41.33380127
v 41.71130753 56.51648712 -41.61939621
v 38.31381607 56.51648712 -41.47588348
v 41.65264511 56.51648712 -41.76656723
v 38.35974884 56.51648712 -41.62709045
v 41.61796188 56.51648712 -41.92116165
v 38.38128662 56.51648712 -41.78365326
v 41.35061264 56.51648712 -43.79917526
v 38.49050903 56.51648712 -43.67724991
v 41.31590271 56.51648712 -43.94935226
v 41.06878281 56.51648712 -44.33482361
v 41.256073 56.51648712 -44.09140015
v 41.99068451 56.51648712 -14.95233917
v 44.64912033 56.51648712 -41.01711655
v 43.81691742 56.51648712 -41.09106445
v 42.48154068 56.51648712 -14.88179016
v 48.82431793 56.51648712 -40.3115921
v 48.71019363 56.51648712 -40.42148972
v 44.79251862 56.51648712 -41.0835228
v 48.61486053 56.51648712 -40.54803467
v 44.92367172 56.51648712 -41.17168808
v 48.54070282 56.51648712 -40.68804169
v 45.0392952 56.51648712 -41.27941513
v 48.48959351 56.51648712 -40.83800888
v 45.13650513 56.51648712 -41.40401459
v 48.46281052 56.51648712 -40.99416351
v 45.21286774 56.51648712 -41.54236603
v 48.46102142 56.51648712 -41.15258789
v 45.26649094 56.51648712 -41.69102478
v 48.58998108 56.51648712 -43.04515076
v 45.76702499 56.51648712 -43.52053833
v 48.58724976 56.51648712 -43.1992569
v 48.42567825 56.51648712 -43.62768555
v 48.5582695 56.51648712 -43.35064316
v 42.96489334 56.51648712 -14.7709465
v 49.63460922 56.51648712 -40.10799408
v 43.43744278 56.51648712 -14.62056732
v 51.2379837 56.51648712 -39.63808823
v 50.4393425 56.51648712 -39.88344574
v 43.89595795 56.51648712 -14.43167877
v 55.17526245 56.51648712 -38.07990646
v 55.08647919 56.51648712 -38.21113205
v 51.39205933 56.51648712 -39.6732254
v 55.01953506 56.51648712 -38.3547287
v 51.53867722 56.51648712 -39.73219681
v 54.97611237 56.51648712 -38.50709534
v 51.67417145 56.51648712 -39.81352997
v 54.95729828 56.51648712 -38.66440964
v 51.79515839 56.51648712 -39.91519165
v 54.96356583 56.51648712 -38.82272339
v 51.89862061 56.51648712 -40.03464508
v 54.99475861 56.51648712 -38.97805786
v 51.98197937 56.51648712 -40.16891098
v 55.51438141 56.51648712 -40.80245209
v 52.8519516 56.51648712 -41.85437012
v 55.54375076 56.51648712 -40.95375824
v 55.47478485 56.51648712 -41.40641785
v 55.54687881 56.51648712 -41.10786057
v 44.33731079 56.51648712 -14.20557117
v 55.92551422 56.51648712 -37.71229172
v 44.7584877 56.51648712 -13.94379044
v 60.92342377 56.51648712 -34.57655334
v 57.39614868 56.51648712 -36.91928864
v 60.86386871 56.51648712 -34.72336578
v 57.55416489 56.51648712 -36.92162323
v 60.82824326 56.51648712 -34.87774658
v 57.70983887 56.51648712 -36.94882584
v 60.81744766 56.51648712 -35.03581238
v 57.85928345 56.51648712 -37.00020981
v 60.83174896 56.51648712 -35.1935997
v 57.99876785 56.51648712 -37.07449722
v 60.8707962 56.51648712 -35.3471489
v 58.12480545 56.51648712 -37.16983032
v 60.93360138 56.51648712 -35.4926033
v 58.23424911 56.51648712 -37.28382492
v 61.82118225 56.51648712 -37.16909409
v 59.43563843 56.51648712 -38.75157928
v 61.92543793 56.51648712 -37.61494827
v 61.90802765 56.51648712 -37.76809311
v 45.15660095 56.51648712 -13.64812279
v 61.58084869 56.51648712 -34.06098175
v 45.52894211 56.51648712 -13.32058811
v 62.85447693 56.51648712 -32.97954941
v 62.22467804 56.51648712 -33.52852631
v 45.87296295 56.51648712 -12.96342468
v 65.81758881 56.51648712 -29.95464706
v 65.78985596 56.51648712 -30.11063576
v 63.0095253 56.51648712 -32.94898224
v 65.78710938 56.51648712 -30.26904869
v 63.16744995 56.51648712 -32.94322205
v 65.8094101 56.51648712 -30.42590332
v 63.32431412 56.51648712 -32.96240997
v 65.8562088 56.51648712 -30.57727051
v 63.47618866 56.51648712 -33.006073
v 65.92633057 56.51648712 -30.71934509
v 63.61930084 56.51648712 -33.0731163
v 66.01799774 56.51648712 -30.84856224
v 63.75005341 56.51648712 -33.16186905
v 67.23474884 56.51648712 -32.30387878
v 65.23035431 56.51648712 -34.34776688
v 67.4294281 56.51648712 -32.71831131
v 67.44423676 56.51648712 -32.87173462
v 46.18631744 56.51648712 -12.57907295
v 66.35345459 56.51648712 -29.31365585
v 46.46686172 56.51648712 -12.17015648
v 67.37440491 56.51648712 -27.99105072
v 66.87251282 56.51648712 -28.65897751
v 46.712677 56.51648712 -11.73946953
v 70.03474426 56.51648712 -23.67778778
v 69.64385223 56.51648712 -24.41618347
v 46.92208862 56.51648712 -11.28995514
v 47.09366226 56.51648712 -10.82468224
v 47.22622681 56.51648712 -10.34683132
v 47.31888199 56.51648712 -9.85966396
v 47.37099075 56.51648712 -9.36650944
v 47.38219833 56.51648712 -8.87073612
v 47.35242462 56.51648712 -8.37573147
v 47.28187561 56.51648712 -7.8848753
v 47.17102814 56.51648712 -7.40152264
v 47.02064896 56.51648712 -6.9289732
v 46.83176422 56.51648712 -6.4704566
v 46.60565186 56.51648712 -6.02910423
v 46.34387589 56.51648712 -5.60793114
v 46.04820633 56.51648712 -5.20981359
v 67.49253082 56.51648712 9.86213493
v 67.97267151 56.51648712 9.1784029
v 68.43491364 56.51648712 8.48244476
v 45.72067261 56.51648712 -4.83747292
v 64.79393005 56.51648712 13.12520409
v 67.47834015 56.51648712 10.01952744
v 64.94616699 56.51648712 13.08131695
v 45.36350632 56.51648712 -4.49345112
v 44.97915649 56.51648712 -4.18009853
v 44.57024002 56.51648712 -3.89955568
v 44.13955307 56.51648712 -3.65373945
v 43.69003677 56.51648712 -3.44432831
v 43.22476959 56.51648712 -3.272753
v 42.74691772 56.51648712 -3.14018583
v 42.25975037 56.51648712 -3.04753184
v 40.28495789 56.51648712 -3.08454251
v 39.80160522 56.51648712 -3.19538546
v 39.32905579 56.51648712 -3.34576464
v 38.87054062 56.51648712 -3.53465295
v 38.42918777 56.51648712 -3.76076007
v 38.00801468 56.51648712 -4.022542
v 37.60989761 56.51648712 -4.31820965
v 37.23755646 56.51648712 -4.64574385
v 36.89353561 56.51648712 -5.0029068
v 36.58018494 56.51648712 -5.38725901
v 15.3920927 56.51648712 10.02472019
v 15.89398861 56.51648712 10.69264507
v 16.41304398 56.51648712 11.34732342
v 36.29964066 56.51648712 -5.796175
v 13.12264347 56.51648712 6.44985294
v 13.11733818 56.51648712 6.6081996
v 15.24678993 56.51648712 9.96258354
v 13.0870924 56.51648712 6.76372051
v 15.09351158 56.51648712 9.92411423
v 13.03266335 56.51648712 6.91251278
v 14.93608665 56.51648712 9.91027164
v 12.95541763 56.51648712 7.05084133
v 14.7784481 56.51648712 9.92140198
v 12.85729313 56.51648712 7.17523336
v 14.62453079 56.51648712 9.95722866
v 12.74075508 56.51648712 7.28256702
v 14.47817993 56.51648712 10.01685524
v 11.24801826 56.51648712 8.45310402
v 12.7836647 56.51648712 10.86906528
v 10.97143078 56.51648712 8.81800747
v 10.92505074 56.51648712 8.96499825
v 36.05382538 56.51648712 -6.22686148
v 12.73175621 56.51648712 5.71145582
v 35.84441376 56.51648712 -6.67637634
v 12.00809956 56.51648712 4.2054863
v 12.36015892 56.51648712 4.96316576
v 35.6728363 56.51648712 -7.14164829
v 10.53149986 56.51648712 0.23689421
v 10.49338913 56.51648712 0.39067745
v 11.87889099 56.51648712 4.11449814
v 10.43146992 56.51648712 0.5365116
v 11.73696041 56.51648712 4.04500055
v 10.34729385 56.51648712 0.67073584
v 11.58585453 56.51648712 3.99873042
v 10.24297619 56.51648712 0.78998113
v 11.42934608 56.51648712 3.97684312
v 10.1211338 56.51648712 0.89125395
v 11.27134418 56.51648712 3.9798851
v 9.98482609 56.51648712 0.9720124
v 11.11579418 56.51648712 4.00778008
v 8.28134155 56.51648712 1.80661345
v 9.28112316 56.51648712 4.48905802
v 7.93492985 56.51648712 2.1060369
v 7.85900164 56.51648712 2.24017191
v 35.54027176 56.51648712 -7.61950064
v 10.3026762 56.51648712 -0.5666374
v 9.90794277 56.51648712 -2.19015431
v 9.21947575 56.51648712 -6.23652649
v 9.80047417 56.51648712 -2.30601883
v 9.12858772 56.51648712 -6.10675335
v 9.67609501 56.51648712 -2.40350628
v 9.01834488 56.51648712 -5.99296331
v 9.53791142 56.51648712 -2.48018193
v 8.89151382 56.51648712 -5.89801264
v 9.38937378 56.51648712 -2.53413105
v 8.75127888 56.51648712 -5.82428503
v 9.23419189 56.51648712 -2.56400609
v 8.6011591 56.51648712 -5.7736311
v 9.07624054 56.51648712 -2.56906152
v 6.76137638 56.51648712 -5.31144238
v 7.18159866 56.51648712 -2.47974968
v 6.36028099 56.51648712 -5.09058571
v 6.25812435 56.51648712 -4.97516775
v 73.58309174 56.51648712 -9.08364964
v 73.56964874 56.51648712 -9.91901875
v 73.53453064 56.51648712 -10.75375748
v 73.47777557 56.51648712 -11.58730602
v 73.54702759 56.51648712 -11.72980499
v 73.63790894 56.51648712 -11.85957813
v 73.09040833 56.51648712 -15.5628252
v 72.96602631 56.51648712 -15.66031361
v 73.74815369 56.51648712 -11.97336769
v 73.22859192 56.51648712 -15.48614979
v 73.87498474 56.51648712 -12.06831932
v 73.3771286 56.51648712 -15.43220043
v 74.01522064 56.51648712 -12.14204693
v 73.53231049 56.51648712 -15.40232563
v 74.16533661 56.51648712 -12.19269943
v 73.69025421 56.51648712 -15.3972702
v 76.00512695 56.51648712 -12.65488815
v 75.5848999 56.51648712 -15.4865818
v 76.15084839 56.51648712 -12.70510578
v 76.28586578 56.51648712 -12.77945137
v 76.40621948 56.51648712 -12.87574673
v 76.50837708 56.51648712 -12.99116325
v 76.95736694 56.51648712 -13.59573555
v 76.16696167 56.51648712 -15.30782127
v 77.03938293 56.51648712 -13.72897339
v 76.77451324 56.51648712 -14.85258007
v 77.09708405 56.51648712 -13.87440205
v 77.12872314 56.51648712 -14.02762413
v 77.13334656 56.51648712 -14.18401146
v 77.11082458 56.51648712 -14.33883667
v 77.06182861 56.51648712 -14.48742294
v 76.98783875 56.51648712 -14.62527657
v 76.89109039 56.51648712 -14.74823475
v 76.03529358 56.51648712 -15.38978195
v 75.89150238 56.51648712 -15.44791985
v 75.73987579 56.51648712 -15.4805088
v 72.85855865 56.51648712 -15.77617741
v 72.67172241 56.51648712 -16.59049606
v 72.46382141 56.51648712 -17.39969444
v 72.23500061 56.51648712 -18.20322609
v 72.27310944 56.51648712 -18.35700798
v 70.88761139 56.51648712 -22.08082962
v 70.75839996 56.51648712 -22.17181969
v 72.3350296 56.51648712 -18.50284386
v 71.02954102 56.51648712 -22.01133347
v 72.41920471 56.51648712 -18.63706779
v 71.18064117 56.51648712 -21.9650631
v 72.52352142 56.51648712 -18.75631142
v 71.33715057 56.51648712 -21.94317627
v 72.64537048 56.51648712 -18.85758591
v 71.49515533 56.51648712 -21.94621658
v 72.78166962 56.51648712 -18.93834305
v 71.65070343 56.51648712 -21.97410965
v 74.48516083 56.51648712 -19.7729454
v 73.48538208 56.51648712 -22.45538902
v 74.61725616 56.51648712 -19.85236359
v 74.73387146 56.51648712 -19.95315552
v 74.83157349 56.51648712 -20.07236862
v 74.90750122 56.51648712 -20.20650482
v 75.22098541 56.51648712 -20.89121628
v 74.0918808 56.51648712 -22.4015522
v 75.27349854 56.51648712 -21.03859329
v 74.7808075 56.51648712 -22.08257675
v 75.29969788 56.51648712 -21.19283867
v 75.29879761 56.51648712 -21.34929276
v 75.27081299 56.51648712 -21.50322342
v 75.21658325 56.51648712 -21.64998245
v 75.13776398 56.51648712 -21.78513527
v 75.03672791 56.51648712 -21.90459251
v 74.91653442 56.51648712 -22.0047493
v 73.94604492 56.51648712 -22.4543457
v 73.7933197 56.51648712 -22.48131943
v 73.63822174 56.51648712 -22.48167038
v 70.40634155 56.51648712 -22.92949677
v 69.64916229 56.51648712 -24.57452965
v 67.51971436 56.51648712 -27.92891502
v 69.67940521 56.51648712 -24.73005295
v 67.67298889 56.51648712 -27.89044571
v 69.73384094 56.51648712 -24.87884521
v 67.83041382 56.51648712 -27.87660408
v 69.81108093 56.51648712 -25.01717377
v 67.98805237 56.51648712 -27.88773537
v 69.90920258 56.51648712 -25.14156532
v 68.14196777 56.51648712 -27.9235611
v 70.02574158 56.51648712 -25.24889946
v 68.28832245 56.51648712 -27.98318672
v 71.51848602 56.51648712 -26.41943741
v 69.98283386 56.51648712 -28.83539581
v 71.63117981 56.51648712 -26.52458382
v 71.72428894 56.51648712 -26.64741898
v 71.79506683 56.51648712 -26.7843399
v 71.84144592 56.51648712 -26.93132782
v 72.00572205 56.51648712 -27.66625595
v 70.58728027 56.51648712 -28.90883446
v 72.02645111 56.51648712 -27.82133293
v 71.32746887 56.51648712 -28.74006462
v 72.02001953 56.51648712 -27.97765541
v 71.98660278 56.51648712 -28.13050079
v 71.92721558 56.51648712 -28.27525139
v 71.84366608 56.51648712 -28.40752792
v 71.73846436 56.51648712 -28.52333832
v 71.61480713 56.51648712 -28.61917877
v 71.47640991 56.51648712 -28.69215775
v 70.43366241 56.51648712 -28.93015289
v 70.12688446 56.51648712 -28.89288139
v 70.27865601 56.51648712 -28.92478561
v 67.32312775 56.51648712 -32.43016052
v 67.38865662 56.51648712 -32.56966782
v 67.45211792 56.51648712 -33.62475586
v 65.80632019 56.51648712 -34.54526901
v 65.35929871 56.51648712 -34.4339447
v 67.44015503 56.51648712 -33.78075409
v 66.56542969 56.51648712 -34.53408051
v 67.40135193 56.51648712 -33.93231964
v 67.33689117 56.51648712 -34.07488251
v 67.248703 56.51648712 -34.20412064
v 67.13948059 56.51648712 -34.31613541
v 67.01250458 56.51648712 -34.40754318
v 66.87161255 56.51648712 -34.47557831
v 66.72106934 56.51648712 -34.51818848
v 65.65162659 56.51648712 -34.5341835
v 65.50112915 56.51648712 -34.4967041
v 61.88137436 56.51648712 -37.31098938
v 61.91646957 56.51648712 -37.46107483
v 61.75917816 56.51648712 -38.50630188
v 59.95795822 56.51648712 -39.06451797
v 59.54385376 56.51648712 -38.86268616
v 61.71503448 56.51648712 -38.65640259
v 60.70280075 56.51648712 -39.21140289
v 61.64556885 56.51648712 -38.7965889
v 61.55287933 56.51648712 -38.92263031
v 61.43975067 56.51648712 -39.03071213
v 61.30962372 56.51648712 -39.11757278
v 61.16641998 56.51648712 -39.18058014
v 61.01446152 56.51648712 -39.21783829
v 60.85835266 56.51648712 -39.22821808
v 59.8089447 56.51648712 -39.02151489
v 59.66953278 56.51648712 -38.95355988
v 56.66597748 56.51648712 -37.32532883
v 55.52366257 56.51648712 -41.26023865
v 53.29779053 56.51648712 -42.26906586
v 52.93470001 56.51648712 -41.98554993
v 53.03873444 56.51648712 -42.10056686
v 53.16097641 56.51648712 -42.19602203
v 55.17570877 56.51648712 -42.09754562
v 55.10132599 56.51648712 -42.23518753
v 53.99581909 56.51648712 -42.56760406
v 55.0042305 56.51648712 -42.35786819
v 54.8873558 56.51648712 -42.46188354
v 54.75423813 56.51648712 -42.54408264
v 54.60888672 56.51648712 -42.60198975
v 54.45571518 56.51648712 -42.6338501
v 54.29933167 56.51648712 -42.63869858
v 54.14447403 56.51648712 -42.61639023
v 48.50387955 56.51648712 -43.49486542
v 46.1169014 56.51648712 -44.01886368
v 45.82069016 56.51648712 -43.66604614
v 45.89854431 56.51648712 -43.80018616
v 45.99826431 56.51648712 -43.9189682
v 47.98944473 56.51648712 -44.24152756
v 47.88806915 56.51648712 -44.3606987
v 46.73760986 56.51648712 -44.4560051
v 47.76759338 56.51648712 -44.46051025
v 47.6316452 56.51648712 -44.53795624
v 47.48434067 56.51648712 -44.59068298
v 46.87286758 56.51648712 -44.53463745
v 47.33013153 56.51648712 -44.61709976
v 47.01970673 56.51648712 -44.58864594
v 47.17367554 56.51648712 -44.61641693
v 42.983078 56.51648712 -41.14339828
v 41.17288971 56.51648712 -44.22116089
v 38.72912979 56.51648712 -44.23743439
v 38.5127449 56.51648712 -43.83073807
v 38.56100464 56.51648712 -43.97813416
v 38.63385391 56.51648712 -44.11505127
v 40.51445389 56.51648712 -44.84455109
v 40.39051819 56.51648712 -44.94004059
v 39.24538422 56.51648712 -44.79407501
v 40.25192261 56.51648712 -45.01262665
v 39.36134338 56.51648712 -44.89910507
v 40.10284424 56.51648712 -45.060112
v 39.49374008 56.51648712 -44.98246765
v 39.94779968 56.51648712 -45.0810585
v 39.63857269 56.51648712 -45.04164124
v 39.79146576 56.51648712 -45.07484055
v 33.85109711 56.51648712 -43.40738678
v 33.07743835 56.51648712 -43.88026428
v 31.84659576 56.51648712 -43.56703186
v 31.4573555 56.51648712 -42.91521454
v 32.93635941 56.51648712 -43.94789886
v 32.050354 56.51648712 -43.80294418
v 31.93818283 56.51648712 -43.69387817
v 32.17972183 56.51648712 -43.89093781
v 32.78569794 56.51648712 -43.99007797
v 32.32236862 56.51648712 -43.9552002
v 32.6300087 56.51648712 -44.00553131
v 32.47399139 56.51648712 -43.99378967
v 31.38960648 56.51648712 -42.77570343
v 31.34681511 56.51648712 -42.62662888
v 31.3302536 56.51648712 -42.47242355
v 30.5470562 56.51648712 -39.30505371
v 26.8584938 56.51648712 -41.08911514
v 26.00342751 56.51648712 -41.39080048
v 24.86460495 56.51648712 -40.82851028
v 24.61938858 56.51648712 -40.11001205
v 25.85136604 56.51648712 -41.42762756
v 25.24927521 56.51648712 -41.30711365
v 25.1231041 56.51648712 -41.21459961
v 25.01486015 56.51648712 -41.10163116
v 25.38956451 56.51648712 -41.37638092
v 25.69522858 56.51648712 -41.43756485
v 25.53972626 56.51648712 -41.42030716
v 24.9278183 56.51648712 -40.97162628
v 24.58212662 56.51648712 -39.95946121
v 24.57126617 56.51648712 -39.80474854
v 24.58712769 56.51648712 -39.65046692
v 20.50069427 56.51648712 -37.36765671
v 19.6015873 56.51648712 -37.48497391
v 18.63663483 56.51648712 -36.85132217
v 18.60455704 56.51648712 -36.6981926
v 19.44519424 56.51648712 -37.48937988
v 19.14188576 56.51648712 -37.41742325
v 19.00413513 56.51648712 -37.34323883
v 18.88131523 56.51648712 -37.24631882
v 19.29039955 56.51648712 -37.46663284
v 18.77713585 56.51648712 -37.12958908
v 18.69474602 56.51648712 -36.99658585
v 18.51408386 56.51648712 -35.94441223
v 18.5780735 56.51648712 -35.48820496
v 18.50893784 56.51648712 -35.78940582
v 18.53048134 56.51648712 -35.63581467
v 18.55403519 56.51648712 -31.69146729
v 15.05555916 56.51648712 -32.40565872
v 14.15171051 56.51648712 -32.33348083
v 13.33958626 56.51648712 -31.51305008
v 13.34004879 56.51648712 -31.35659409
v 13.99781799 56.51648712 -32.30527115
v 13.85113621 56.51648712 -32.25083923
v 13.71609688 56.51648712 -32.17182541
v 13.59678268 56.51648712 -32.07062149
v 13.49679756 56.51648712 -31.95028496
v 13.41916275 56.51648712 -31.81444931
v 13.3662262 56.51648712 -31.66722107
v 13.40827179 56.51648712 -30.60047531
v 13.43546677 56.51648712 -30.44778633
v 13.48847198 56.51648712 -30.30203247
v 13.56571293 56.51648712 -30.16754341
v 10.76107121 56.51648712 -26.41998672
v 9.89198112 56.51648712 -26.16146088
v 9.26818085 56.51648712 -25.19011307
v 9.30116272 56.51648712 -25.03717232
v 9.74731636 56.51648712 -26.10187531
v 9.61515713 56.51648712 -26.01813507
v 9.49949646 56.51648712 -25.91277695
v 9.40383053 56.51648712 -25.78897476
v 9.33105087 56.51648712 -25.65047836
v 9.28335381 56.51648712 -25.50147057
v 9.2621851 56.51648712 -25.34645271
v 9.52510071 56.51648712 -24.31176186
v 9.5834465 56.51648712 -24.16806221
v 9.66559792 56.51648712 -24.03651428
v 9.76911354 56.51648712 -23.92102242
v 11.29142666 56.51648712 -20.44275284
v 8.10761929 56.51648712 -19.72426033
v 7.95403481 56.51648712 -19.71125793
v 7.00857258 56.51648712 -19.23867226
v 6.60035896 56.51648712 -18.15885353
v 6.66441727 56.51648712 -18.01611328
v 6.87945795 56.51648712 -19.15031052
v 6.7675972 56.51648712 -19.04092407
v 6.67636967 56.51648712 -18.91381836
v 6.60853386 56.51648712 -18.77283287
v 6.56613874 56.51648712 -18.62223053
v 6.55046558 56.51648712 -18.46656227
v 6.56198883 56.51648712 -18.31053162
v 7.03428316 56.51648712 -17.35311317
v 7.12123156 56.51648712 -17.22468567
v 7.22893763 56.51648712 -17.11309052
v 7.35420322 56.51648712 -17.02164459
v 6.60157251 56.51648712 -12.57114887
v 6.45404768 56.51648712 -12.52649879
v 5.62750244 56.51648712 -11.8676672
v 6.0446806 56.51648712 -10.02865791
v 6.15643024 56.51648712 -9.92111397
v 5.51958036 56.51648712 -11.75439262
v 5.43290663 56.51648712 -11.62413788
v 5.37010002 56.51648712 -11.48084259
v 5.33305883 56.51648712 -11.32883549
v 5.32290173 56.51648712 -11.17270947
v 5.33993673 56.51648712 -11.01718426
v 5.3836484 56.51648712 -10.86695862
v 5.45271587 56.51648712 -10.72657394
v 5.54505157 56.51648712 -10.60027027
v 6.28498507 56.51648712 -9.83435249
v 6.42652559 56.51648712 -9.77094841
v 6.61565256 56.51648712 -5.2612257
v 6.48063374 56.51648712 -5.18687963
v 5.80912971 56.51648712 -4.37059593
v 6.59954309 56.51648712 -2.65850997
v 6.73121023 56.51648712 -2.57654953
v 5.72711706 56.51648712 -4.23735809
v 5.66941833 56.51648712 -4.09192991
v 5.63777733 56.51648712 -3.93870735
v 5.63314962 56.51648712 -3.78232026
v 5.65567541 56.51648712 -3.62749457
v 5.70467377 56.51648712 -3.47890949
v 5.77866316 56.51648712 -3.34105492
v 5.87540913 56.51648712 -3.21809745
v 5.99198771 56.51648712 -3.11375189
v 6.87499475 56.51648712 -2.51841187
v 7.02662468 56.51648712 -2.48582268
v 10.09477711 56.51648712 -1.37583506
v 8.1492424 56.51648712 1.88603115
v 8.03263187 56.51648712 1.98682439
v 7.54551649 56.51648712 2.92488384
v 8.67462063 56.51648712 4.43522024
v 8.82045078 56.51648712 4.48801422
v 7.49299812 56.51648712 3.07226157
v 7.46679688 56.51648712 3.22650766
v 7.46770382 56.51648712 3.38296056
v 7.49569178 56.51648712 3.53689241
v 7.54991531 56.51648712 3.68365169
v 7.62873554 56.51648712 3.8188026
v 7.72976971 56.51648712 3.93826103
v 7.84996557 56.51648712 4.03841734
v 7.98569107 56.51648712 4.11624432
v 8.97318077 56.51648712 4.51498747
v 9.12827301 56.51648712 4.5153389
v 11.13531876 56.51648712 8.55825233
v 11.04221249 56.51648712 8.68108654
v 10.76077461 56.51648712 9.69992447
v 12.17922211 56.51648712 10.94250298
v 12.33284187 56.51648712 10.96382332
v 10.74004555 56.51648712 9.85500145
v 11.43902874 56.51648712 10.77373409
v 10.74648666 56.51648712 10.01132393
v 10.7799015 56.51648712 10.16417027
v 10.83928204 56.51648712 10.30891895
v 10.92283344 56.51648712 10.4411974
v 11.02803135 56.51648712 10.55700684
v 11.15169525 56.51648712 10.65284824
v 11.2900877 56.51648712 10.72582626
v 12.48784161 56.51648712 10.95845318
v 12.63961887 56.51648712 10.92655087
v 16.94890976 56.51648712 11.98831558
v 16.97664452 56.51648712 12.14430428
v 19.91202354 56.51648712 15.01321793
v 19.75697708 56.51648712 14.98264885
v 16.97939301 56.51648712 12.3027153
v 19.59905052 56.51648712 14.97688866
v 16.95708847 56.51648712 12.45957279
v 19.44218826 56.51648712 14.99607944
v 16.91028976 56.51648712 12.61093903
v 19.290308 56.51648712 15.03974152
v 16.84017372 56.51648712 12.75301361
v 19.14720345 56.51648712 15.10678482
v 16.74849892 56.51648712 12.88223171
v 19.01644707 56.51648712 15.19553661
v 15.53175068 56.51648712 14.3375473
v 17.53614616 56.51648712 16.38143349
v 15.33707428 56.51648712 14.75198269
v 15.32226753 56.51648712 14.90540409
v 15.44337368 56.51648712 14.46382904
v 15.377841 56.51648712 14.60333729
v 15.31438255 56.51648712 15.65842533
v 16.96018028 56.51648712 16.57893753
v 17.40719986 56.51648712 16.46761322
v 15.3263483 56.51648712 15.81442261
v 16.20107269 56.51648712 16.56775284
v 15.36515045 56.51648712 15.96599007
v 15.42961311 56.51648712 16.10854912
v 15.51779175 56.51648712 16.23778915
v 15.62701988 56.51648712 16.34980392
v 15.7539959 56.51648712 16.4412117
v 15.89488411 56.51648712 16.50924873
v 16.04542542 56.51648712 16.5518589
v 17.11487579 56.51648712 16.56785393
v 17.26537323 56.51648712 16.53037453
v 20.54182053 56.51648712 15.56219673
v 21.18564796 56.51648712 16.09465027
v 21.8430748 56.51648712 16.61022377
v 21.90263557 56.51648712 16.75703812
v 25.21233559 56.51648712 18.95529366
v 25.37034988 56.51648712 18.95295906
v 26.10052299 56.51648712 19.35899925
v 21.93825912 56.51648712 16.9114151
v 25.05666351 56.51648712 18.98249435
v 21.94905472 56.51648712 17.0694809
v 24.90721703 56.51648712 19.03387833
v 21.9347496 56.51648712 17.22727013
v 24.76773453 56.51648712 19.10816383
v 21.89570427 56.51648712 17.38081741
v 24.64169693 56.51648712 19.20349693
v 21.83289719 56.51648712 17.52627182
v 24.53224945 56.51648712 19.31749535
v 20.94531822 56.51648712 19.2027626
v 23.33085823 56.51648712 20.7852478
v 20.88512611 56.51648712 19.3446579
v 20.8500309 56.51648712 19.49474525
v 20.84106064 56.51648712 19.64861679
v 20.85847664 56.51648712 19.80176353
v 21.00732613 56.51648712 20.5399704
v 22.80854225 56.51648712 21.09818649
v 23.22264671 56.51648712 20.89635468
v 23.0969696 56.51648712 20.98723221
v 22.95755386 56.51648712 21.0551815
v 21.05146217 56.51648712 20.6900692
v 22.06369591 56.51648712 21.24507141
v 21.12092972 56.51648712 20.83025932
v 21.21362495 56.51648712 20.95629883
v 21.32674408 56.51648712 21.06438065
v 21.45687485 56.51648712 21.1512394
v 21.6000824 56.51648712 21.21424866
v 21.75203705 56.51648712 21.25150681
v 21.90814781 56.51648712 21.26188469
v 26.84098816 56.51648712 19.74595833
v 27.59123993 56.51648712 20.1135788
v 27.68002319 56.51648712 20.24479866
v 31.37443924 56.51648712 21.70689392
v 31.52851486 56.51648712 21.67175484
v 27.74696541 56.51648712 20.38839722
v 31.22782516 56.51648712 21.76586533
v 27.79039001 56.51648712 20.54076385
v 31.09232903 56.51648712 21.84719849
v 27.80920219 56.51648712 20.69808006
v 30.97133827 56.51648712 21.94886208
v 27.80293465 56.51648712 20.85639
v 30.86787796 56.51648712 22.0683136
v 27.77174187 56.51648712 21.01172447
v 30.78452301 56.51648712 22.20257759
v 27.25211906 56.51648712 22.83611679
v 29.91454887 56.51648712 23.88804245
v 27.2227459 56.51648712 22.98742676
v 27.21962166 56.51648712 23.14152908
v 27.24283981 56.51648712 23.29390526
v 27.29171562 56.51648712 23.44008446
v 27.5907917 56.51648712 24.13121223
v 29.46870804 56.51648712 24.30273438
v 29.83180237 56.51648712 24.01921463
v 29.72776413 56.51648712 24.13423729
v 29.60552216 56.51648712 24.22968864
v 27.66517448 56.51648712 24.26885605
v 28.77067947 56.51648712 24.60127258
v 27.76226807 56.51648712 24.39153671
v 27.87914276 56.51648712 24.49555206
v 28.01226425 56.51648712 24.57775116
v 28.15761185 56.51648712 24.63565826
v 28.3107872 56.51648712 24.6675148
v 28.46716881 56.51648712 24.67236519
v 28.62202644 56.51648712 24.65006065
v 32.32715607 56.51648712 21.91711235
v 33.13188934 56.51648712 22.14166451
v 33.94218063 56.51648712 22.34526443
v 34.05630493 56.51648712 22.45516014
v 37.97397995 56.51648712 23.11719131
v 34.15164185 56.51648712 22.58170128
v 37.84283066 56.51648712 23.2053566
v 34.22579575 56.51648712 22.72171211
v 37.72720337 56.51648712 23.31308365
v 34.27690887 56.51648712 22.87167549
v 37.62999725 56.51648712 23.4376812
v 34.30369186 56.51648712 23.02783012
v 37.55362701 56.51648712 23.57603455
v 34.30547333 56.51648712 23.18625641
v 37.50001144 56.51648712 23.72469139
v 34.17651749 56.51648712 25.07881546
v 36.99947357 56.51648712 25.55420303
v 34.179245 56.51648712 25.23292732
v 34.34082413 56.51648712 25.66135406
v 36.64959717 56.51648712 26.0525322
v 36.94580841 56.51648712 25.69971466
v 36.86795807 56.51648712 25.83385468
v 36.76823425 56.51648712 25.95263481
v 34.20822906 56.51648712 25.38431168
v 34.26262283 56.51648712 25.52853012
v 34.77705765 56.51648712 26.27519608
v 34.87842941 56.51648712 26.39436722
v 36.02889252 56.51648712 26.48967361
v 34.998909 56.51648712 26.49418068
v 35.13485718 56.51648712 26.57162094
v 35.2821579 56.51648712 26.6243515
v 35.89362717 56.51648712 26.56830025
v 35.43636703 56.51648712 26.65077019
v 35.74679565 56.51648712 26.62231636
v 35.59282303 56.51648712 26.65008545
v 39.78341675 56.51648712 23.1770668
v 40.61833191 56.51648712 23.20774841
v 40.75281143 56.51648712 23.29151344
v 40.87237549 56.51648712 23.39546967
v 40.97401428 56.51648712 23.51700211
v 41.05519104 56.51648712 23.65306473
v 41.11385727 56.51648712 23.80023766
v 44.40675354 56.51648712 23.66076279
v 44.45268631 56.51648712 23.509552
v 44.52186584 56.51648712 23.36746597
v 41.14853668 56.51648712 23.95483017
v 41.41588593 56.51648712 25.83284569
v 44.38521576 56.51648712 23.81731796
v 41.45059586 56.51648712 25.98302078
v 41.69771576 56.51648712 26.36849213
v 44.27599335 56.51648712 25.71091652
v 44.03736877 56.51648712 26.27109909
v 44.25375366 56.51648712 25.86440849
v 44.20549393 56.51648712 26.01180077
v 44.13264847 56.51648712 26.14871979
v 41.51042557 56.51648712 26.12507057
v 41.59360886 56.51648712 26.2548275
v 42.25204468 56.51648712 26.87822151
v 42.37598038 56.51648712 26.97370911
v 43.52111816 56.51648712 26.82773972
v 42.51457596 56.51648712 27.04629517
v 43.40515518 56.51648712 26.93277359
v 42.66365433 56.51648712 27.0937767
v 43.2727623 56.51648712 27.01613617
v 42.8187027 56.51648712 27.11472702
v 43.12792969 56.51648712 27.07531166
v 42.97503662 56.51648712 27.10850906
v 44.61256409 56.51648712 23.23805618
v 45.67837143 56.51648712 22.92908859
v 46.50486755 56.51648712 22.80691147
v 47.32791519 56.51648712 22.66333389
v 47.47687531 56.51648712 22.71731186
v 51.3251152 56.51648712 21.72864532
v 51.4291153 56.51648712 21.60965347
v 52.21944427 56.51648712 21.33872223
v 47.61543655 56.51648712 22.79413414
v 51.24116516 56.51648712 21.86253357
v 47.74012756 56.51648712 22.89188004
v 51.17935562 56.51648712 22.00797272
v 47.84781647 56.51648712 23.00809097
v 51.14122772 56.51648712 22.16133881
v 47.93579483 56.51648712 23.13985062
v 51.12773514 56.51648712 22.31879234
v 48.00186157 56.51648712 23.28385353
v 51.13922119 56.51648712 22.4764061
v 48.65383148 56.51648712 25.06524658
v 51.42608643 56.51648712 24.35133171
v 48.71900558 56.51648712 25.20492363
v 49.04086685 56.51648712 25.53059006
v 51.30914688 56.51648712 24.94888496
v 51.43624115 56.51648712 24.50609207
v 51.41968155 56.51648712 24.6602993
v 51.3768959 56.51648712 24.80937195
v 48.80706024 56.51648712 25.33143044
v 48.91540527 56.51648712 25.44105721
v 49.68906021 56.51648712 25.9139328
v 50.91990662 56.51648712 25.60069847
v 49.83013916 56.51648712 25.98156738
v 50.71614838 56.51648712 25.8366127
v 50.82831955 56.51648712 25.72754669
v 50.58678055 56.51648712 25.92460823
v 49.98080444 56.51648712 26.0237484
v 50.44412994 56.51648712 25.98886871
v 50.13649368 56.51648712 26.03919983
v 50.29250717 56.51648712 26.02745438
v 53.00247574 56.51648712 21.04737854
v 53.77769089 56.51648712 20.73581696
v 53.93461227 56.51648712 20.75764465
v 57.49320984 56.51648712 18.99048615
v 57.57019424 56.51648712 18.85247421
v 54.08611679 56.51648712 20.80398178
v 57.4389267 56.51648712 19.13890457
v 54.228405 56.51648712 20.87366295
v 57.40870667 56.51648712 19.29401779
v 54.35790634 56.51648712 20.96494675
v 57.40329742 56.51648712 19.4519577
v 54.47135925 56.51648712 21.07553482
v 57.4228363 56.51648712 19.60877609
v 54.56592178 56.51648712 21.20265579
v 57.46684265 56.51648712 19.76055908
v 55.57401276 56.51648712 22.8095665
v 58.13726044 56.51648712 21.53487206
v 55.66680527 56.51648712 22.93264198
v 56.04934311 56.51648712 23.18427658
v 58.14710999 56.51648712 22.14367867
v 58.17937469 56.51648712 21.68413544
v 58.19523239 56.51648712 21.83841705
v 58.18437195 56.51648712 21.99312973
v 55.77923203 56.51648712 23.03807831
v 55.90800858 56.51648712 23.12278366
v 56.76307297 56.51648712 23.4244709
v 57.90189743 56.51648712 22.8621769
v 56.91513062 56.51648712 23.46129608
v 57.51722336 56.51648712 23.34078217
v 57.64339447 56.51648712 23.24826813
v 57.75163651 56.51648712 23.13529968
v 57.37693787 56.51648712 23.41005135
v 57.07126999 56.51648712 23.47123146
v 57.22677231 56.51648712 23.45397568
v 57.83868408 56.51648712 23.00529289
v 58.28691864 56.51648712 18.42314529
v 58.99227142 56.51648712 17.97536659
v 59.68576431 56.51648712 17.50943756
v 59.84379578 56.51648712 17.49816132
v 62.95721436 56.51648712 15.02974606
v 63.00382614 56.51648712 14.87874508
v 60.00162506 56.51648712 17.51198578
v 62.9349823 56.51648712 15.18620586
v 60.15529633 56.51648712 17.5505619
v 62.93766785 56.51648712 15.34421444
v 60.30093765 56.51648712 17.61292648
v 62.96521759 56.51648712 15.49982643
v 60.43490982 56.51648712 17.69750977
v 63.01693344 56.51648712 15.64915562
v 60.55383301 56.51648712 17.80219078
v 63.09152985 56.51648712 15.78847313
v 61.87399292 56.51648712 19.16439438
v 64.11620331 56.51648712 17.38462448
v 61.99034119 56.51648712 19.26548767
v 62.4168396 56.51648712 19.43208694
v 64.25241089 56.51648712 17.97808075
v 64.25756073 56.51648712 17.82307243
v 62.12223816 56.51648712 19.34524345
v 62.26580811 56.51648712 19.40132523
v 63.16490936 56.51648712 19.51864052
v 64.12986755 56.51648712 18.8849926
v 64.16194153 56.51648712 18.73185921
v 63.32130432 56.51648712 19.52304649
v 63.62461472 56.51648712 19.45109177
v 63.76236343 56.51648712 19.37690544
v 63.88518524 56.51648712 19.27998543
v 63.47610092 56.51648712 19.50030136
v 63.98936462 56.51648712 19.16325951
v 64.07175446 56.51648712 19.03025436
v 64.23602295 56.51648712 17.66948318
v 64.18843079 56.51648712 17.52187347
v 63.61562729 56.51648712 14.30978012
v 64.21246338 56.51648712 13.72513676
v 65.10342407 56.51648712 13.06202412
v 67.48912048 56.51648712 10.17719078
v 65.26174927 56.51648712 13.0678091
v 67.52459717 56.51648712 10.33118725
v 65.41718292 56.51648712 13.09852982
v 67.58390045 56.51648712 10.47767162
v 65.56580353 56.51648712 13.15341091
v 67.66553497 56.51648712 10.61298466
v 65.70389557 56.51648712 13.23107719
v 67.76747131 56.51648712 10.73374748
v 67.27842712 56.51648712 14.2890377
v 69.10160065 56.51648712 12.08197975
v 67.41325378 56.51648712 14.36372948
v 67.86507416 56.51648712 14.43801498
v 69.35823059 56.51648712 12.63414478
v 69.33103943 56.51648712 12.48145485
v 67.55885315 56.51648712 14.41432095
v 67.71094513 56.51648712 14.43932724
v 68.61479187 56.51648712 14.36714649
v 69.4269104 56.51648712 13.5467186
v 69.42645264 56.51648712 13.39026356
v 68.76868439 56.51648712 14.33893967
v 68.9153595 56.51648712 14.2845068
v 69.05039978 56.51648712 14.20549488
v 69.16971588 56.51648712 14.10429096
v 69.26970673 56.51648712 13.98395348
v 69.34733582 56.51648712 13.84811783
v 69.40026855 56.51648712 13.70088959
v 69.2780304 56.51648712 12.33570099
v 69.20079041 56.51648712 12.20121193
v 68.8789444 56.51648712 7.77472878
v 69.01872253 56.51648712 7.70014858
v 70.8401413 56.51648712 4.02189398
v 70.85897827 56.51648712 4.17879868
v 69.16853333 56.51648712 7.64858246
v 70.9023056 56.51648712 4.33077574
v 69.32460022 56.51648712 7.62132359
v 70.96902466 56.51648712 4.47403002
v 69.4830246 56.51648712 7.61905622
v 71.05748749 56.51648712 4.60498428
v 69.63980865 56.51648712 7.6418376
v 71.16547394 56.51648712 4.72036743
v 69.79103851 56.51648712 7.6890955
v 71.2902832 56.51648712 4.81729841
v 71.55111694 56.51648712 8.39657497
v 72.87557983 56.51648712 5.85868645
v 71.69852448 56.51648712 8.44160271
v 72.15591431 56.51648712 8.42032623
v 71.85145569 56.51648712 8.46081734
v 72.00543213 56.51648712 8.45365524
v 72.87451935 56.51648712 8.19513035
v 73.49832153 56.51648712 7.22378063
v 73.46533966 56.51648712 7.07084131
v 73.01918793 56.51648712 8.13554382
v 73.15133667 56.51648712 8.05180454
v 73.26699829 56.51648712 7.94644308
v 73.3626709 56.51648712 7.82264328
v 73.43544769 56.51648712 7.68414688
v 73.48314667 56.51648712 7.53513861
v 73.50431824 56.51648712 7.38012123
v 73.24140167 56.51648712 6.3454299
v 73.18305206 56.51648712 6.20173073
v 73.10089874 56.51648712 6.07018232
v 72.99738312 56.51648712 5.95469046
v 71.16763306 56.51648712 3.2532773
v 71.47507477 56.51648712 2.47642231
v 71.76225281 56.51648712 1.69185281
v 71.88347626 56.51648712 1.58984017
v 72.01928711 56.51648712 1.50825357
v 73.02536774 56.51648712 -2.09752226
v 72.95139313 56.51648712 -2.23717093
v 72.16628265 56.51648712 1.44914091
v 73.12041473 56.51648712 -1.97127104
v 72.32077026 56.51648712 1.41398621
v 73.23416901 56.51648712 -1.86157036
v 72.47887421 56.51648712 1.40367162
v 73.36378479 56.51648712 -1.77115977
v 72.63661194 56.51648712 1.41845632
v 73.50601959 56.51648712 -1.70229733
v 74.50532532 56.51648712 1.74453306
v 75.27319336 56.51648712 -1.01326716
v 74.96157837 56.51648712 1.70591009
v 75.10184479 56.51648712 1.64202166
v 74.81246185 56.51648712 1.74492717
v 74.65888214 56.51648712 1.75792861
v 75.75792694 56.51648712 1.27234042
v 76.1020813 56.51648712 0.04978133
v 75.73221588 56.51648712 -0.61321813
v 75.88703918 56.51648712 1.18397868
v 75.99890137 56.51648712 1.07459188
v 76.09013367 56.51648712 0.94748563
v 76.15796661 56.51648712 0.80650115
v 76.20036316 56.51648712 0.65589899
v 76.21603394 56.51648712 0.50023031
v 76.20451355 56.51648712 0.34419957
v 76.16614532 56.51648712 0.19252199
v 75.6452713 56.51648712 -0.74164653
v 75.53755951 56.51648712 -0.85324043
v 75.41230011 56.51648712 -0.94468582
v 72.90034485 56.51648712 -2.38672948
v 73.06086731 56.51648712 -3.20663977
v 73.20008087 56.51648712 -4.0304389
v 73.31786346 56.51648712 -4.85757256
v 73.4152298 56.51648712 -4.98255968
v 73.53110504 56.51648712 -5.09060001
v 73.66259766 56.51648712 -5.17898321
v 73.80640411 56.51648712 -5.24548912
v 74.01881409 56.51648712 -8.63937283
v 73.88474274 56.51648712 -8.72302628
v 73.95890045 56.51648712 -5.28844881
v 74.16439056 56.51648712 -8.57788658
v 74.11627197 56.51648712 -5.30678368
v 74.31784058 56.51648712 -8.54010201
v 76.01194763 56.51648712 -5.37636042
v 76.18965149 56.51648712 -8.2335434
v 76.16492462 56.51648712 -5.39518309
v 76.31245422 56.51648712 -5.43983221
v 76.45019531 56.51648712 -5.50899935
v 76.57411194 56.51648712 -5.60065508
v 77.13899231 56.51648712 -6.09866428
v 76.72181702 56.51648712 -7.93767357
v 77.24691772 56.51648712 -6.21193933
v 77.22145081 56.51648712 -7.36606121
v 77.33359528 56.51648712 -6.3421936
v 77.39640045 56.51648712 -6.48548889
v 77.43344116 56.51648712 -6.63749647
v 77.44360352 56.51648712 -6.79362249
v 77.42655945 56.51648712 -6.9491477
v 77.38285065 56.51648712 -7.09937334
v 77.31378174 56.51648712 -7.23975849
v 76.61006927 56.51648712 -8.04521751
v 76.48151398 56.51648712 -8.13197994
v 76.33997345 56.51648712 -8.19538212
v 73.76551819 56.51648712 -8.82675552
v 73.66412354 56.51648712 -8.9479723
v 68.43350983 42.81648254 -24.53062248
v 67.84960938 42.81648254 -25.50502586
v 68.4569931 42.51648331 -25.08479691
v 67.85521698 42.51648331 -26.05609131
v 67.23062134 42.81648254 -26.45752716
v 67.2186203 42.51648331 -27.00492477
v 66.57737732 42.81648254 -27.38686371
v 66.54801941 42.51648331 -27.93004227
v 65.89072418 42.81648254 -28.29180145
v 65.8443222 42.51648331 -28.83023262
v 65.17159271 42.81648254 -29.17114639
v 65.10842896 42.51648331 -29.70430756
v 64.42092896 42.81648254 -30.02373123
v 64.34132385 42.51648331 -30.55112076
v 63.63972092 42.81648254 -30.84842491
v 63.54401398 42.51648331 -31.36955643
v 62.82901382 42.81648254 -31.64413071
v 62.71754456 42.51648331 -32.15853882
v 61.98987579 42.81648254 -32.40979767
v 61.86300278 42.51648331 -32.91702652
v 61.12342072 42.81648254 -33.14441299
v 60.98151779 42.51648331 -33.6440239
v 60.230793 42.81648254 -33.84699631
v 60.07424164 42.51648331 -34.33857346
v 59.31318665 42.81648254 -34.51662064
v 59.14237976 42.51648331 -34.99976349
v 58.37181091 42.81648254 -35.15239716
v 58.18714905 42.51648331 -35.62672043
v 57.40791702 42.81648254 -35.75348663
v 57.20981216 42.51648331 -36.2186203
v 56.4227829 42.81648254 -36.31908798
v 56.21164322 42.51648331 -36.77468872
v 55.41770554 42.81648254 -36.84844971
v 55.19396973 42.51648331 -37.29418945
v 54.39402771 42.81648254 -37.34087372
v 54.15812683 42.51648331 -37.77643967
v 53.35309982 42.81648254 -37.7957077
v 53.10546875 42.51648331 -38.22080612
v 52.29631042 42.81648254 -38.21234894
v 52.03739166 42.51648331 -38.62670135
v 51.22504807 42.81648254 -38.59024429
v 50.95529556 42.51648331 -38.99359894
v 50.14074326 42.81648254 -38.92888641
v 49.86060715 42.51648331 -39.32100677
v 49.04483032 42.81648254 -39.22783661
v 48.75476456 42.51648331 -39.6084938
v 47.93875885 42.81648254 -39.48669434
v 47.63921738 42.51648331 -39.85569382
v 46.8239975 42.81648254 -39.70511627
v 46.51544571 42.51648331 -40.06227112
v 45.70202255 42.81648254 -39.8828125
v 45.38491821 42.51648331 -40.22795105
v 44.57432175 42.81648254 -40.01955032
v 44.24912262 42.51648331 -40.3525238
v 43.44239807 42.81648254 -40.11514282
v 43.10955811 42.51648331 -40.43582535
v 42.30773926 42.81648254 -40.16946793
v 41.96772766 42.51648331 -40.47774506
v 41.17185593 42.81648254 -40.18244934
v 40.82512283 42.51648331 -40.47821808
v 40.03624725 42.81648254 -40.15407562
v 39.68325424 42.51648331 -40.43725967
v 38.90243149 42.81648254 -40.0843811
v 38.54362106 42.51648331 -40.35491562
v 37.77190399 42.81648254 -39.97345734
v 37.40772629 42.51648331 -40.23128891
v 36.64616013 42.81648254 -39.82145309
v 36.27706146 42.51648331 -40.06655121
v 35.52669907 42.81648254 -39.62857056
v 35.15311432 42.51648331 -39.86091614
v 34.41500092 42.81648254 -39.39506149
v 34.03736496 42.51648331 -39.61465454
v 33.31253815 42.81648254 -39.12124252
v 32.93128204 42.51648331 -39.32808685
v 32.2207756 42.81648254 -38.80746841
v 31.83631706 42.51648331 -39.00159454
v 31.14115715 42.81648254 -38.4541626
v 30.75391579 42.51648331 -38.63560486
v 30.07511902 42.81648254 -38.06178665
v 29.68549728 42.51648331 -38.23060226
v 29.02406693 42.81648254 -37.63086319
v 28.63247108 42.51648331 -37.787117
v 27.98939896 42.81648254 -37.16196442
v 27.59622383 42.51648331 -37.30573273
v 26.9724884 42.81648254 -36.65571594
v 26.57811356 42.51648331 -36.78708649
v 25.97467804 42.81648254 -36.11278152
v 25.57948303 42.51648331 -36.23185349
v 24.99729538 42.81648254 -35.53388214
v 24.60164833 42.51648331 -35.64076996
v 24.04163551 42.81648254 -34.91978836
v 23.6458931 42.51648331 -35.01461029
v 23.10896111 42.81648254 -34.27131271
v 22.71347427 42.51648331 -34.35420227
v 22.20051193 42.81648254 -33.58931732
v 21.8056221 42.51648331 -33.66041183
v 21.31749344 42.81648254 -32.87469864
v 20.92352867 42.51648331 -32.93415451
v 20.46107292 42.81648254 -32.12841415
v 20.06835556 42.51648331 -32.17638016
v 19.63238525 42.81648254 -31.35144424
v 19.24122429 42.51648331 -31.38809204
v 18.83253288 42.81648254 -30.5448246
v 18.44322777 42.51648331 -30.57032394
v 18.06257439 42.81648254 -29.70962334
v 17.67541504 42.51648331 -29.72415161
v 17.32352829 42.81648254 -28.84694672
v 16.93879509 42.51648331 -28.85069084
v 16.61637497 42.81648254 -27.95793724
v 16.23433685 42.51648331 -27.95108986
v 15.94205475 42.81648254 -27.04377365
v 15.56296825 42.51648331 -27.02653122
v 15.30146027 42.81648254 -26.10567093
v 14.9255743 42.51648331 -26.07823372
v 14.69543839 42.81648254 -25.14487076
v 14.32299042 42.51648331 -25.10744286
v 14.12479496 42.81648254 -24.16264534
v 13.75601006 42.51648331 -24.11543655
v 13.59028435 42.81648254 -23.16029739
v 13.22538185 42.51648331 -23.10352135
v 13.09261799 42.81648254 -22.13915825
v 12.73180008 42.51648331 -22.07302475
v 12.63245392 42.81648254 -21.10057831
v 12.2759161 42.51648331 -21.0253067
v 12.21040154 42.81648254 -20.04593658
v 11.85833073 42.51648331 -19.96174431
v 11.82702065 42.81648254 -18.97662735
v 11.47959328 42.51648331 -18.88373566
v 11.48281956 42.81648254 -17.89407158
v 11.14019966 42.51648331 -17.79270363
v 11.17825508 42.81648254 -16.7997036
v 10.84059906 42.51648331 -16.69007874
v 10.91373062 42.81648254 -15.6949749
v 10.58118439 42.51648331 -15.57731247
v 10.68959713 42.81648254 -14.58134747
v 10.36229706 42.51648331 -14.45587063
v 10.5061512 42.81648254 -13.46030045
v 10.18422604 42.51648331 -13.32722855
v 10.36363602 42.81648254 -12.33331776
v 10.04720306 42.51648331 -12.19287109
v 10.26224041 42.81648254 -11.20189476
v 9.9514122 42.51648331 -11.05429077
v 10.20209885 42.81648254 -10.06752968
v 9.89697647 42.51648331 -9.91298485
v 10.18329239 42.81648254 -8.93172741
v 9.88396835 42.51648331 -8.77045441
v 10.20584488 42.81648254 -7.7959938
v 9.91240501 42.51648331 -7.6282053
v 10.2697258 42.81648254 -6.66183281
v 9.98224926 42.51648331 -6.48773861
v 10.37485123 42.81648254 -5.53075027
v 10.09340858 42.51648331 -5.35055542
v 10.52108192 42.81648254 -4.40424347
v 10.24573803 42.51648331 -4.21815109
v 10.70822239 42.81648254 -3.28380704
v 10.43903542 42.51648331 -3.09201694
v 10.93602657 42.81648254 -2.17092538
v 10.67304802 42.51648331 -1.97363377
v 11.20419312 42.81648254 -1.0670743
v 10.9474678 42.51648331 -0.86447346
v 11.51236439 42.81648254 0.02628332
v 11.26193237 42.51648331 0.23400488
v 11.86013222 42.81648254 1.10769784
v 11.61602879 42.51648331 1.32035589
v 12.24703693 42.81648254 2.17573595
v 12.00929165 42.51648331 2.39314985
v 12.67256546 42.81648254 3.22898149
v 12.44120216 42.51648331 3.45097566
v 13.13615036 42.81648254 4.26603889
v 12.91119385 42.51648331 4.49244165
v 13.63718224 42.81648254 5.28553247
v 13.41864586 42.51648331 5.5161767
v 14.17499447 42.81648254 6.28611183
v 13.96289349 42.51648331 6.52083492
v 14.74887371 42.81648254 7.26644993
v 14.54321861 42.51648331 7.50509357
v 15.35805893 42.81648254 8.22524738
v 15.1588583 42.51648331 8.46765804
v 16.00174522 42.81648254 9.16123295
v 15.80900192 42.51648331 9.40726185
v 16.67907524 42.81648254 10.07316685
v 16.49279404 42.51648331 10.32266808
v 17.38915634 42.81648254 10.95983887
v 17.20933723 42.51648331 11.21267414
v 18.13104248 42.81648254 11.82007408
v 17.95768547 42.51648331 12.07610703
v 18.90375137 42.81648254 12.65273285
v 18.73685646 42.51648331 12.9118309
v 19.70626068 42.81648254 13.45671177
v 19.54582596 42.51648331 13.71874809
v 20.53750229 42.81648254 14.23094273
v 20.38352585 42.51648331 14.4957943
v 21.39637947 42.81648254 14.97440147
v 21.24885559 42.51648331 15.24194813
v 22.28175163 42.81648254 15.68610191
v 22.1406765 42.51648331 15.95622921
v 23.19244385 42.81648254 16.36510086
v 23.05781937 42.51648331 16.63769531
v 24.12725258 42.81648254 17.01049614
v 23.99906921 42.51648331 17.28545189
v 25.08493233 42.81648254 17.62143707
v 24.96319199 42.51648331 17.8986454
v 26.06422043 42.81648254 18.19710922
v 25.94892311 42.51648331 18.47646904
v 27.06381226 42.81648254 18.73674965
v 26.95495987 42.51648331 19.01816368
v 28.08238792 42.81648254 19.239645
v 27.97998047 42.51648331 19.52301407
v 29.11859512 42.81648254 19.70512772
v 29.02263641 42.51648331 19.99036026
v 30.17106056 42.81648254 20.13258171
v 30.08155632 42.51648331 20.41958237
v 31.23838806 42.81648254 20.52144051
v 31.15534592 42.51648331 20.81011963
v 32.31916428 42.81648254 20.8711853
v 32.24259186 42.51648331 21.16145897
v 33.41195679 42.81648254 21.18135643
v 33.34186172 42.51648331 21.47313309
v 34.51531601 42.81648254 21.4515419
v 34.45171738 42.51648331 21.74473572
v 35.62778091 42.81648254 21.68138313
v 35.57069016 42.51648331 21.97590637
v 36.7478714 42.81648254 21.87057495
v 36.69731522 42.51648331 22.1663456
v 37.87410736 42.81648254 22.01886368
v 37.83010101 42.51648331 22.31579781
v 39.00499725 42.81648254 22.12606049
v 38.96755981 42.51648331 22.42407036
v 40.1390419 42.81648254 22.1920166
v 40.10820389 42.51648331 22.4910183
v 41.27472687 42.81648254 22.21664429
v 41.2505188 42.51648331 22.51655388
v 42.41056442 42.81648254 22.19991684
v 42.393013 42.51648331 22.50064659
v 43.54503632 42.81648254 22.14184952
v 43.53417969 42.51648331 22.44331169
v 44.67664337 42.81648254 22.04252625
v 44.67251205 42.51648331 22.34462929
v 45.80388641 42.81648254 21.90207291
v 45.80651855 42.51648331 22.20472717
v 46.92527008 42.81648254 21.72067833
v 46.93470383 42.51648331 22.02379036
v 48.03930283 42.81648254 21.49858284
v 48.05558777 42.51648331 21.80205536
v 49.14451218 42.81648254 21.23607826
v 49.16769028 42.51648331 21.53981781
v 50.23943329 42.81648254 20.93351746
v 50.26955032 42.51648331 21.23741913
v 51.32261658 42.81648254 20.59129715
v 51.35971832 42.51648331 20.89525604
v 52.3926239 42.81648254 20.20987511
v 52.43675995 42.51648331 20.5137825
v 53.44804382 42.81648254 19.78975296
v 53.49925995 42.51648331 20.09349632
v 54.48746109 42.81648254 19.33148956
v 54.54581833 42.51648331 19.63495445
v 55.50951004 42.81648254 18.83568954
v 55.57505798 42.51648331 19.13875961
v 56.51283264 42.81648254 18.30301476
v 56.58562088 42.51648331 18.60556221
v 57.49610138 42.81648254 17.73416901
v 57.57618332 42.51648331 18.03606415
v 58.45800781 42.81648254 17.12990761
v 58.54544067 42.51648331 17.43101883
v 59.39728165 42.81648254 16.49102974
v 59.49211884 42.51648331 16.7912178
v 60.31267548 42.81648254 15.81838226
v 60.4149704 42.51648331 16.11750412
v 61.20298004 42.81648254 15.11285782
v 61.31278229 42.51648331 15.41076565
v 62.06700897 42.81648254 14.37539196
v 62.18436813 42.51648331 14.67192841
v 62.90361404 42.81648254 13.6069622
v 63.02858353 42.51648331 13.90196991
v 63.71169662 42.81648254 12.80858612
v 63.8443222 42.51648331 13.1019001
v 64.49018097 42.81648254 11.98132324
v 64.63051605 42.51648331 12.27277184
v 65.23802948 42.81648254 11.12626934
v 65.3861084 42.51648331 11.41567612
v 65.95426178 42.81648254 10.24455833
v 66.11012268 42.51648331 10.53174019
v 66.63792419 42.81648254 9.33735752
v 66.80161285 42.51648331 9.62212849
v 67.2881012 42.81648254 8.40587234
v 67.45964813 42.51648331 8.68803692
v 67.90394592 42.81648254 7.45133591
v 68.08337402 42.51648331 7.73069429
v 68.48462677 42.81648254 6.47501421
v 68.67198181 42.51648331 6.75136137
v 69.02938843 42.81648254 5.47820044
v 69.22467041 42.51648331 5.75132561
v 69.53749847 42.81648254 4.46221638
v 69.74073792 42.51648331 4.7319026
v 70.00828552 42.81648254 3.4284091
v 70.21948242 42.51648331 3.6944344
v 70.44113159 42.81648254 2.37814903
v 70.66029358 42.51648331 2.64028597
v 70.83545685 42.81648254 1.3128283
v 71.06258392 42.51648331 1.57084417
v 71.19073486 42.81648254 0.23385915
v 71.42582703 42.51648331 0.48751587
v 71.50650787 42.81648254 -0.85732818
v 71.74953461 42.51648331 -0.60827339
v 71.78234863 42.81648254 -1.95928717
v 72.03329468 42.51648331 -1.71508181
v 72.01789093 42.81648254 -3.07055712
v 72.27671814 42.51648331 -2.83145308
v 72.21282196 42.81648254 -4.18966484
v 72.47949982 42.51648331 -3.95591855
v 72.36688232 42.81648254 -5.3151269
v 72.64136505 42.51648331 -5.08699846
v 72.21282196 55.71648026 -4.18966484
v 72.36688232 55.71648026 -5.3151269
v 72.01789093 55.71648026 -3.07055712
v 71.78234863 55.71648026 -1.95928717
v 71.50650787 55.71648026 -0.85732818
v 71.19073486 55.71648026 0.23385915
v 70.83545685 55.71648026 1.3128283
v 70.44113159 55.71648026 2.37814903
v 70.00828552 55.71648026 3.4284091
v 69.53749847 55.71648026 4.46221638
v 69.02938843 55.71648026 5.47820044
v 68.48462677 55.71648026 6.47501421
v 67.90394592 55.71648026 7.45133591
v 67.2881012 55.71648026 8.40587234
v 66.63792419 55.71648026 9.33735752
v 65.95426178 55.71648026 10.24455833
v 65.23802948 55.71648026 11.12626934
v 64.49018097 55.71648026 11.98132324
v 63.71169662 55.71648026 12.80858612
v 62.90361404 55.71648026 13.6069622
v 62.06700897 55.71648026 14.37539196
v 61.20298004 55.71648026 15.11285782
v 60.31267548 55.71648026 15.81838226
v 59.39728165 55.71648026 16.49102974
v 58.45800781 55.71648026 17.12990761
v 57.49610138 55.71648026 17.73416901
v 56.51283264 55.71648026 18.30301476
v 55.50951004 55.71648026 18.83568954
v 54.48746109 55.71648026 19.33148956
v 53.44804382 55.71648026 19.78975296
v 52.3926239 55.71648026 20.20987511
v 51.32261658 55.71648026 20.59129715
v 50.23943329 55.71648026 20.93351746
v 49.14451218 55.71648026 21.23607826
v 48.03930283 55.71648026 21.49858284
v 46.92527008 55.71648026 21.72067833
v 45.80388641 55.71648026 21.90207291
v 44.67664337 55.71648026 22.04252625
v 43.54503632 55.71648026 22.14184952
v 42.41056442 55.71648026 22.19991684
v 41.27472687 55.71648026 22.21664429
v 40.1390419 55.71648026 22.1920166
v 39.00499725 55.71648026 22.12606049
v 37.87410736 55.71648026 22.01886368
v 36.7478714 55.71648026 21.87057495
v 35.62778091 55.71648026 21.68138313
v 34.51531601 55.71648026 21.4515419
v 33.41195679 55.71648026 21.18135643
v 32.31916428 55.71648026 20.8711853
v 31.23838806 55.71648026 20.52144051
v 30.17106056 55.71648026 20.13258171
v 29.11859512 55.71648026 19.70512772
v 28.08238792 55.71648026 19.239645
v 27.06381226 55.71648026 18.73674965
v 26.06422043 55.71648026 18.19710922
v 25.08493233 55.71648026 17.62143707
v 24.12725258 55.71648026 17.01049614
v 23.19244385 55.71648026 16.36510086
v 22.28175163 55.71648026 15.68610191
v 21.39637947 55.71648026 14.97440147
v 20.53750229 55.71648026 14.23094273
v 19.70626068 55.71648026 13.45671177
v 18.90375137 55.71648026 12.65273285
v 18.13104248 55.71648026 11.82007408
v 17.38915634 55.71648026 10.95983887
v 16.67907524 55.71648026 10.07316685
v 16.00174522 55.71648026 9.16123295
v 15.35805893 55.71648026 8.22524738
v 14.74887371 55.71648026 7.26644993
v 14.17499447 55.71648026 6.28611183
v 13.63718224 55.71648026 5.28553247
v 13.13615036 55.71648026 4.26603889
v 12.67256546 55.71648026 3.22898149
v 12.24703693 55.71648026 2.17573595
v 11.86013222 55.71648026 1.10769784
v 11.51236439 55.71648026 0.02628332
v 11.20419312 55.71648026 -1.0670743
v 10.93602657 55.71648026 -2.17092538
v 10.70822239 55.71648026 -3.28380704
v 10.52108192 55.71648026 -4.40424347
v 10.37485123 55.71648026 -5.53075027
v 10.2697258 55.71648026 -6.66183281
v 10.20584488 55.71648026 -7.7959938
v 10.18329239 55.71648026 -8.93172741
v 10.20209885 55.71648026 -10.06752968
v 10.26224041 55.71648026 -11.20189476
v 10.36363602 55.71648026 -12.33331776
v 10.5061512 55.71648026 -13.46030045
v 10.68959713 55.71648026 -14.58134747
v 10.91373062 55.71648026 -15.6949749
v 11.17825508 55.71648026 -16.7997036
v 11.48281956 55.71648026 -17.89407158
v 11.82702065 55.71648026 -18.97662735
v 12.21040154 55.71648026 -20.04593658
v 12.63245392 55.71648026 -21.10057831
v 13.09261799 55.71648026 -22.13915825
v 13.59028435 55.71648026 -23.16029739
v 14.12479496 55.71648026 -24.16264534
v 14.69543839 55.71648026 -25.14487076
v 15.30146027 55.71648026 -26.10567093
v 15.94205475 55.71648026 -27.04377365
v 16.61637497 55.71648026 -27.95793724
v 17.32352829 55.71648026 -28.84694672
v 18.06257439 55.71648026 -29.70962334
v 18.83253288 55.71648026 -30.5448246
v 19.63238525 55.71648026 -31.35144424
v 20.46107292 55.71648026 -32.12841415
v 21.31749344 55.71648026 -32.87469864
v 22.20051193 55.71648026 -33.58931732
v 23.10896111 55.71648026 -34.27131271
v 24.04163551 55.71648026 -34.91978836
v 24.99729538 55.71648026 -35.53388214
v 25.97467804 55.71648026 -36.11278152
v 26.9724884 55.71648026 -36.65571594
v 27.98939896 55.71648026 -37.16196442
v 29.02406693 55.71648026 -37.63086319
v 30.07511902 55.71648026 -38.06178665
v 31.14115715 55.71648026 -38.4541626
v 32.2207756 55.71648026 -38.80746841
v 33.31253815 55.71648026 -39.12124252
v 34.41500092 55.71648026 -39.39506149
v 35.52669907 55.71648026 -39.62857056
v 36.64616013 55.71648026 -39.82145309
v 37.77190399 55.71648026 -39.97345734
v 38.90243149 55.71648026 -40.0843811
v 40.03624725 55.71648026 -40.15407562
v 41.17185593 55.71648026 -40.18244934
v 42.30773926 55.71648026 -40.16946793
v 43.44239807 55.71648026 -40.11514282
v 44.57432175 55.71648026 -40.01955032
v 45.70202255 55.71648026 -39.8828125
v 46.8239975 55.71648026 -39.70511627
v 47.93875885 55.71648026 -39.48669434
v 49.04483032 55.71648026 -39.22783661
v 50.14074326 55.71648026 -38.92888641
v 51.22504807 55.71648026 -38.59024429
v 52.29631042 55.71648026 -38.21234894
v 53.35309982 55.71648026 -37.7957077
v 54.39402771 55.71648026 -37.34087372
v 55.41770554 55.71648026 -36.84844971
v 56.4227829 55.71648026 -36.31908798
v 57.40791702 55.71648026 -35.75348663
v 58.37181091 55.71648026 -35.15239716
v 59.31318665 55.71648026 -34.51662064
v 60.230793 55.71648026 -33.84699631
v 61.12342072 55.71648026 -33.14441299
v 61.98987579 55.71648026 -32.40979767
v 62.82901382 55.71648026 -31.64413071
v 63.63972092 55.71648026 -30.84842491
v 64.42092896 55.71648026 -30.02373123
v 65.17159271 55.71648026 -29.17114639
v 65.89072418 55.71648026 -28.29180145
v 66.57737732 55.71648026 -27.38686371
v 67.23062134 55.71648026 -26.45752716
v 67.84960938 55.71648026 -25.50502586
v 68.43350983 55.71648026 -24.53062248
v 67.1703949 42.51648331 -27.76169205
v 66.64826965 42.51648331 -28.45850182
v 66.87251282 42.81648254 -28.65897751
v 67.37440491 42.81648254 -27.99105072
v 66.10732269 42.51648331 -29.14080048
v 66.35345459 42.81648254 -29.31365585
v 65.54795074 42.51648331 -29.80808258
v 65.81758881 42.81648254 -29.95464706
v 65.49863434 42.51648331 -30.02065659
v 65.78985596 42.81648254 -30.11063576
v 65.48556519 42.51648331 -30.23848534
v 65.78710938 42.81648254 -30.26904869
v 65.50911713 42.51648331 -30.45542908
v 65.8094101 42.81648254 -30.42590332
v 65.5686264 42.51648331 -30.66538048
v 65.8562088 42.81648254 -30.57727051
v 65.66241455 42.51648331 -30.86241722
v 65.92633057 42.81648254 -30.71934509
v 65.7878418 42.51648331 -31.04099083
v 66.01799774 42.81648254 -30.84856224
v 67.0045929 42.51648331 -32.49630737
v 67.23474884 42.81648254 -32.30387878
v 67.14424896 42.51648331 -32.87487793
v 67.44423676 42.81648254 -32.87173462
v 67.4294281 42.81648254 -32.71831131
v 67.13437653 42.51648331 -32.77259445
v 67.38865662 42.81648254 -32.56966782
v 67.10720062 42.51648331 -32.67350006
v 67.32312775 42.81648254 -32.43016052
v 67.06351471 42.51648331 -32.58049393
v 67.15213013 42.51648331 -33.62789917
v 67.45211792 42.81648254 -33.62475586
v 66.56100464 42.51648331 -34.2341156
v 66.56542969 42.81648254 -34.53408051
v 66.72106934 42.81648254 -34.51818848
v 66.66477203 42.51648331 -34.22352219
v 66.87161255 42.81648254 -34.47557831
v 66.76512909 42.51648331 -34.19511414
v 67.01250458 42.81648254 -34.40754318
v 66.85906219 42.51648331 -34.14975739
v 67.13948059 42.81648254 -34.31613541
v 66.94371033 42.51648331 -34.0888176
v 67.248703 42.81648254 -34.20412064
v 67.0165329 42.51648331 -34.01413727
v 67.33689117 42.81648254 -34.07488251
v 67.07531738 42.51648331 -33.92797852
v 67.40135193 42.81648254 -33.93231964
v 67.11828613 42.51648331 -33.83293915
v 67.44015503 42.81648254 -33.78075409
v 67.14415741 42.51648331 -33.73189545
v 65.80190277 42.51648331 -34.24530411
v 65.80632019 42.81648254 -34.54526901
v 65.41792297 42.51648331 -34.1136322
v 65.23035431 42.81648254 -34.34776688
v 65.35929871 42.81648254 -34.4339447
v 65.50389099 42.51648331 -34.17108536
v 65.50112915 42.81648254 -34.4967041
v 65.59844208 42.51648331 -34.21292496
v 65.65162659 42.81648254 -34.5341835
v 65.69876862 42.51648331 -34.23791122
v 63.93762207 42.51648331 -32.92773438
v 63.75005341 42.81648254 -33.16186905
v 62.85447693 42.81648254 -32.97954941
v 63.0095253 42.81648254 -32.94898224
v 62.91376114 42.51648331 -32.65956116
v 62.70261383 42.51648331 -32.71278763
v 63.16744995 42.81648254 -32.94322205
v 63.13083267 42.51648331 -32.64232635
v 63.32431412 42.81648254 -32.96240997
v 63.34773636 42.51648331 -32.66156387
v 63.47618866 42.81648254 -33.006073
v 63.55838776 42.51648331 -32.71673965
v 63.61930084 42.81648254 -33.0731163
v 63.75687027 42.51648331 -32.80630112
v 62.04701996 42.51648331 -33.28581238
v 62.22467804 42.81648254 -33.52852631
v 61.37603378 42.51648331 -33.84073257
v 61.58084869 42.81648254 -34.06098175
v 60.69015121 42.51648331 -34.37713242
v 60.92342377 42.81648254 -34.57655334
v 60.59771729 42.51648331 -34.57480621
v 60.86386871 42.81648254 -34.72336578
v 60.53964615 42.51648331 -34.78516006
v 60.82824326 42.81648254 -34.87774658
v 60.51757812 42.51648331 -35.0022583
v 60.81744766 42.81648254 -35.03581238
v 60.53213501 42.51648331 -35.21999359
v 60.83174896 42.81648254 -35.1935997
v 60.58290863 42.51648331 -35.43222809
v 60.8707962 42.81648254 -35.3471489
v 60.66846848 42.51648331 -35.63297653
v 60.93360138 42.81648254 -35.4926033
v 61.55604935 42.51648331 -37.3094635
v 61.82118225 42.81648254 -37.16909409
v 61.61394119 42.51648331 -37.70879745
v 61.90802765 42.81648254 -37.76809311
v 61.92543793 42.81648254 -37.61494827
v 61.62555313 42.51648331 -37.6067009
v 61.91646957 42.81648254 -37.46107483
v 61.61957169 42.51648331 -37.50411606
v 61.88137436 42.81648254 -37.31098938
v 61.59617615 42.51648331 -37.40406036
v 61.46509552 42.51648331 -38.44700241
v 61.75917816 42.81648254 -38.50630188
v 60.76084518 42.51648331 -38.9170723
v 60.70280075 42.81648254 -39.21140289
v 60.85835266 42.81648254 -39.22821808
v 60.86454391 42.51648331 -38.92828369
v 61.01446152 42.81648254 -39.21783829
v 60.9686203 42.51648331 -38.92136383
v 61.16641998 42.81648254 -39.18058014
v 61.0699234 42.51648331 -38.89652634
v 61.30962372 42.81648254 -39.11757278
v 61.16539383 42.51648331 -38.85451889
v 61.43975067 42.81648254 -39.03071213
v 61.25214386 42.51648331 -38.79661179
v 61.55287933 42.81648254 -38.92263031
v 61.32756042 42.51648331 -38.72455597
v 61.64556885 42.81648254 -38.7965889
v 61.38935471 42.51648331 -38.64052963
v 61.71503448 42.81648254 -38.65640259
v 61.43566895 42.51648331 -38.54706955
v 60.01600266 42.51648331 -38.77018738
v 59.95795822 42.81648254 -39.06451797
v 59.66779327 42.51648331 -38.56156158
v 59.43563843 42.81648254 -38.75157928
v 59.54385376 42.81648254 -38.86268616
v 59.7399292 42.51648331 -38.63563156
v 59.66953278 42.81648254 -38.95355988
v 59.82371902 42.51648331 -38.69621658
v 59.8089447 42.81648254 -39.02151489
v 59.91665649 42.51648331 -38.74151611
v 58.46639633 42.51648331 -37.09380722
v 58.23424911 42.81648254 -37.28382492
v 57.39614868 42.81648254 -36.91928864
v 57.55416489 42.81648254 -36.92162323
v 57.52067184 42.51648331 -36.61861801
v 57.30306625 42.51648331 -36.62678146
v 57.70983887 42.81648254 -36.94882584
v 57.73658371 42.51648331 -36.64689255
v 57.85928345 42.81648254 -37.00020981
v 57.94474792 42.51648331 -36.7108078
v 57.99876785 42.81648254 -37.07449722
v 58.13932037 42.51648331 -36.80857468
v 58.12480545 42.81648254 -37.16983032
v 58.31484222 42.51648331 -36.93744659
v 56.54266357 42.51648331 -37.05097961
v 56.66597748 42.81648254 -37.32532883
v 55.77096558 42.51648331 -37.45426941
v 55.92551422 42.81648254 -37.71229172
v 54.98854828 42.51648331 -37.83634567
v 55.17526245 42.81648254 -38.07990646
v 54.85702896 42.51648331 -38.01047897
v 55.08647919 42.81648254 -38.21113205
v 54.75649261 42.51648331 -38.2041626
v 55.01953506 42.81648254 -38.3547287
v 54.68976974 42.51648331 -38.4119339
v 54.97611237 42.81648254 -38.50709534
v 54.658741 42.51648331 -38.6279335
v 54.95729828 42.81648254 -38.66440964
v 54.66428375 42.51648331 -38.84608459
v 54.96356583 42.81648254 -38.82272339
v 54.70623016 42.51648331 -39.06023407
v 54.99475861 42.81648254 -38.97805786
v 55.22585297 42.51648331 -40.8846283
v 55.51438141 42.81648254 -40.80245209
v 55.19946289 42.51648331 -41.28726959
v 55.47478485 42.81648254 -41.40641785
v 55.52366257 42.81648254 -41.26023865
v 55.23204422 42.51648331 -41.18981934
v 55.54687881 42.81648254 -41.10786057
v 55.24752045 42.51648331 -41.08823395
v 55.54375076 42.81648254 -40.95375824
v 55.24543762 42.51648331 -40.98549652
v 54.90037918 42.51648331 -41.97839737
v 55.17570877 42.81648254 -42.09754562
v 54.1137886 42.51648331 -42.29177475
v 53.99581909 42.81648254 -42.56760406
v 54.14447403 42.81648254 -42.61639023
v 54.21289444 42.51648331 -42.32429886
v 54.29933167 42.81648254 -42.63869858
v 54.31613159 42.51648331 -42.33916855
v 54.45571518 42.81648254 -42.6338501
v 54.42038727 42.51648331 -42.33593369
v 54.60888672 42.81648254 -42.60198975
v 54.52250671 42.51648331 -42.31469727
v 54.75423813 42.81648254 -42.54408264
v 54.61940002 42.51648331 -42.27609253
v 54.8873558 42.81648254 -42.46188354
v 54.70814514 42.51648331 -42.2212944
v 55.0042305 42.81648254 -42.35786819
v 54.78606415 42.51648331 -42.15194702
v 55.10132599 42.81648254 -42.23518753
v 54.85079193 42.51648331 -42.07015991
v 53.41576004 42.51648331 -41.99323654
v 53.29779053 42.81648254 -42.26906586
v 53.11853409 42.51648331 -41.71677017
v 52.8519516 42.81648254 -41.85437012
v 52.93470001 42.81648254 -41.98554993
v 53.17369843 42.51648331 -41.80422211
v 53.03873444 42.81648254 -42.10056686
v 53.24305725 42.51648331 -41.88090515
v 53.16097641 42.81648254 -42.19602203
v 53.32455063 42.51648331 -41.94453812
v 52.24855804 42.51648331 -40.03131104
v 51.98197937 42.81648254 -40.16891098
v 51.2379837 42.81648254 -39.63808823
v 51.39205933 42.81648254 -39.6732254
v 51.42229462 42.51648331 -39.36987686
v 51.20774841 42.51648331 -39.3326149
v 51.53867722 42.81648254 -39.73219681
v 51.62760925 42.51648331 -39.44242096
v 51.67417145 42.81648254 -39.81352997
v 51.81793213 42.51648331 -39.54822159
v 51.79515839 42.81648254 -39.91519165
v 51.9879303 42.51648331 -39.68430328
v 51.89862061 42.81648254 -40.03464508
v 52.13282776 42.51648331 -39.84685516
v 50.37576675 42.51648331 -39.58945084
v 50.4393425 42.81648254 -39.88344574
v 49.53708649 42.51648331 -39.8234787
v 49.63460922 42.81648254 -40.10799408
v 48.69232559 42.51648331 -40.03453064
v 48.82431793 42.81648254 -40.3115921
v 48.52748108 42.51648331 -40.17752075
v 48.71019363 42.81648254 -40.42148972
v 48.38887024 42.51648331 -40.34606552
v 48.61486053 42.81648254 -40.54803467
v 48.28040695 42.51648331 -40.53542328
v 48.54070282 42.81648254 -40.68804169
v 48.20514679 42.51648331 -40.74025726
v 48.48959351 42.81648254 -40.83800888
v 48.16520691 42.51648331 -40.95478821
v 48.46281052 42.81648254 -40.99416351
v 48.16171646 42.51648331 -41.17298126
v 48.46102142 42.81648254 -41.15258789
v 48.29067612 42.51648331 -43.06554413
v 48.58998108 42.81648254 -43.04515076
v 48.18113708 42.51648331 -43.45389938
v 48.42567825 42.81648254 -43.62768555
v 48.50387955 42.81648254 -43.49486542
v 48.23327637 42.51648331 -43.36534882
v 48.5582695 42.81648254 -43.35064316
v 48.26953506 42.51648331 -43.26920319
v 48.58724976 42.81648254 -43.1992569
v 48.28885651 42.51648331 -43.16828156
v 47.74490356 42.51648331 -44.06774521
v 47.98944473 42.81648254 -44.24152756
v 46.91034698 42.51648331 -44.21073151
v 46.73760986 42.81648254 -44.4560051
v 46.87286758 42.81648254 -44.53463745
v 47.00052261 42.51648331 -44.26314926
v 47.01970673 42.81648254 -44.58864594
v 47.09841156 42.51648331 -44.29916
v 47.17367554 42.81648254 -44.61641693
v 47.20106125 42.51648331 -44.31766891
v 47.33013153 42.81648254 -44.61709976
v 47.30536652 42.51648331 -44.31812668
v 47.48434067 42.81648254 -44.59068298
v 47.40817261 42.51648331 -44.30051422
v 47.6316452 42.81648254 -44.53795624
v 47.50637054 42.51648331 -44.26536179
v 47.76759338 42.81648254 -44.46051025
v 47.59700394 42.51648331 -44.21373367
v 47.88806915 42.81648254 -44.3606987
v 47.67732239 42.51648331 -44.14719009
v 46.28963852 42.51648331 -43.77358246
v 46.1169014 42.81648254 -44.01886368
v 46.05638885 42.51648331 -43.4413681
v 45.76702499 42.81648254 -43.52053833
v 45.82069016 42.81648254 -43.66604614
v 46.0921669 42.51648331 -43.53837585
v 45.89854431 42.81648254 -43.80018616
v 46.14406586 42.51648331 -43.62779999
v 45.99826431 42.81648254 -43.9189682
v 46.21055222 42.51648331 -43.70698929
v 45.5558548 42.51648331 -41.61185837
v 45.26649094 42.81648254 -41.69102478
v 44.64912033 42.81648254 -41.01711655
v 44.79251862 42.81648254 -41.0835228
v 44.88516235 42.51648331 -40.79309082
v 44.68305588 42.51648331 -40.71203613
v 44.92367172 42.81648254 -41.17168808
v 45.07091141 42.51648331 -40.90673447
v 45.0392952 42.81648254 -41.27941513
v 45.23508072 42.51648331 -41.04979706
v 45.13650513 42.81648254 -41.40401459
v 45.37306976 42.51648331 -41.21824646
v 45.21286774 42.81648254 -41.54236603
v 45.48099899 42.51648331 -41.40737152
v 43.81585693 42.51648331 -40.79027557
v 43.81691742 42.81648254 -41.09106445
v 42.94683838 42.51648331 -40.84482193
v 42.983078 42.81648254 -41.14339828
v 42.07666397 42.51648331 -40.87562943
v 42.14816666 42.81648254 -41.1740799
v 41.88568878 42.51648331 -40.98121643
v 42.01368713 42.81648254 -41.25784302
v 41.71506882 42.51648331 -41.11726379
v 41.89412689 42.81648254 -41.36180115
v 41.56960297 42.51648331 -41.27993011
v 41.79248428 42.81648254 -41.4833374
v 41.45340347 42.51648331 -41.46463776
v 41.71130753 42.81648254 -41.61939621
v 41.36973572 42.51648331 -41.66618347
v 41.65264511 42.81648254 -41.76656723
v 41.32095337 42.51648331 -41.87888336
v 41.61796188 42.81648254 -41.92116165
v 41.05360413 42.51648331 -43.75689697
v 41.35061264 42.81648254 -43.79917526
v 40.86572266 42.51648331 -44.1139946
v 41.06878281 42.81648254 -44.33482361
v 41.17288971 42.81648254 -44.22116089
v 40.93512726 42.51648331 -44.03821945
v 41.256073 42.81648254 -44.09140015
v 40.99058151 42.51648331 -43.95171356
v 41.31590271 42.81648254 -43.94935226
v 41.03046799 42.51648331 -43.85700989
v 40.31139374 42.51648331 -44.62372208
v 40.51445389 42.81648254 -44.84455109
v 39.46534729 42.51648331 -44.59006882
v 39.24538422 42.81648254 -44.79407501
v 39.36134338 42.81648254 -44.89910507
v 39.54265213 42.51648331 -44.6600914
v 39.49374008 42.81648254 -44.98246765
v 39.6309166 42.51648331 -44.71566772
v 39.63857269 42.81648254 -45.04164124
v 39.7274704 42.51648331 -44.75511551
v 39.79146576 42.81648254 -45.07484055
v 39.82939911 42.51648331 -44.7772522
v 39.94779968 42.81648254 -45.0810585
v 39.93362045 42.51648331 -44.78139496
v 40.10284424 42.81648254 -45.060112
v 40.0369873 42.51648331 -44.76742554
v 40.25192261 42.81648254 -45.01262665
v 40.13637161 42.51648331 -44.73577118
v 40.39051819 42.81648254 -44.94004059
v 40.22877121 42.51648331 -44.68738556
v 38.94908905 42.51648331 -44.03342819
v 38.72912979 42.81648254 -44.23743439
v 38.79000854 42.51648331 -43.65997314
v 38.49050903 42.81648254 -43.67724991
v 38.5127449 42.81648254 -43.83073807
v 38.80483246 42.51648331 -43.7623024
v 38.56100464 42.81648254 -43.97813416
v 38.83700943 42.51648331 -43.86056519
v 38.63385391 42.81648254 -44.11505127
v 38.88557434 42.51648331 -43.95183945
v 38.68078613 42.51648331 -41.7663765
v 38.38128662 42.81648254 -41.78365326
v 37.9175148 42.81648254 -40.99611282
v 38.04397964 42.81648254 -41.09088135
v 38.19498444 42.51648331 -40.82605362
v 38.01414108 42.51648331 -40.70475006
v 38.15393448 42.81648254 -41.20438385
v 38.3530426 42.51648331 -40.97583771
v 38.24463272 42.81648254 -41.33380127
v 38.48387909 42.51648331 -41.14990234
v 38.31381607 42.81648254 -41.47588348
v 38.58382797 42.51648331 -41.34336472
v 38.35974884 42.81648254 -41.62709045
v 38.65008545 42.51648331 -41.55079269
v 37.14962387 42.51648331 -40.60098267
v 37.08813095 42.81648254 -40.89542007
v 36.28826141 42.51648331 -40.4736557
v 36.26163101 42.81648254 -40.77324295
v 35.43069458 42.51648331 -40.32287216
v 35.43858337 42.81648254 -40.62966156
v 35.2219429 42.51648331 -40.38644791
v 35.28962708 42.81648254 -40.68363953
v 35.02676392 42.51648331 -40.48404312
v 35.15106583 42.81648254 -40.76046371
v 34.85065842 42.51648331 -40.61291122
v 35.02637482 42.81648254 -40.85821152
v 34.69859314 42.51648331 -40.76942444
v 34.91868591 42.81648254 -40.97442245
v 34.57484818 42.51648331 -40.94916916
v 34.83070374 42.81648254 -41.1061821
v 34.48291016 42.51648331 -41.14707947
v 34.76463699 42.81648254 -41.25018692
v 33.83094406 42.51648331 -42.92847061
v 34.1126709 42.81648254 -43.03157806
v 33.57291794 42.51648331 -43.23870087
v 33.72563171 42.81648254 -43.49692535
v 33.85109711 42.81648254 -43.40738678
v 33.65656281 42.51648331 -43.1790123
v 33.95944214 42.81648254 -43.29776382
v 33.7287941 42.51648331 -43.10592651
v 34.0474968 42.81648254 -43.1712532
v 33.78749466 42.51648331 -43.02158737
v 32.92472839 42.51648331 -43.62203979
v 33.07743835 42.81648254 -43.88026428
v 32.10416412 42.51648331 -43.41321945
v 31.84659576 42.81648254 -43.56703186
v 31.93818283 42.81648254 -43.69387817
v 32.16522217 42.51648331 -43.49777985
v 32.050354 42.81648254 -43.80294418
v 32.24000549 42.51648331 -43.57049561
v 32.17972183 42.81648254 -43.89093781
v 32.32624817 42.51648331 -43.62915802
v 32.32236862 42.81648254 -43.9552002
v 32.42134857 42.51648331 -43.67199707
v 32.47399139 42.81648254 -43.99378967
v 32.52242661 42.51648331 -43.69772339
v 32.6300087 42.81648254 -44.00553131
v 32.62643814 42.51648331 -43.70555496
v 32.78569794 42.81648254 -43.99007797
v 32.73023224 42.51648331 -43.69525146
v 32.93635941 42.81648254 -43.94789886
v 32.83067322 42.51648331 -43.66712952
v 31.71492386 42.51648331 -42.76140594
v 31.4573555 42.81648254 -42.91521454
v 31.63696289 42.51648331 -42.36303711
v 31.34041595 42.81648254 -42.3176651
v 31.3302536 42.81648254 -42.47242355
v 31.6301899 42.51648331 -42.46620941
v 31.34681511 42.81648254 -42.62662888
v 31.64123154 42.51648331 -42.56901169
v 31.38960648 42.81648254 -42.77570343
v 31.66975784 42.51648331 -42.668396
v 31.92383003 42.51648331 -40.48810959
v 31.62728119 42.81648254 -40.44273758
v 31.33738518 42.81648254 -39.57598495
v 31.44138145 42.81648254 -39.69497681
v 31.64414597 42.51648331 -39.46733093
v 31.49247742 42.51648331 -39.31108475
v 31.52533531 42.81648254 -39.82886505
v 31.76760864 42.51648331 -39.64670563
v 31.58714485 42.81648254 -39.9743042
v 31.85939789 42.51648331 -39.84416962
v 31.62527275 42.81648254 -40.12767029
v 31.91694069 42.51648331 -40.05418396
v 31.63876343 42.81648254 -40.28512573
v 31.93861961 42.51648331 -40.27085876
v 30.66842651 42.51648331 -39.02983856
v 30.5470562 42.81648254 -39.30505371
v 29.85235977 42.51648331 -38.72620773
v 29.76402283 42.81648254 -39.01371002
v 29.04487991 42.51648331 -38.40041733
v 28.98881149 42.81648254 -38.70214844
v 28.82747269 42.51648331 -38.4192009
v 28.83188629 42.81648254 -38.72397614
v 28.61626625 42.51648331 -38.47408676
v 28.68037987 42.81648254 -38.77030945
v 28.41721725 42.51648331 -38.56352615
v 28.53809357 42.81648254 -38.83999634
v 28.2359314 42.51648331 -38.68500137
v 28.40859604 42.81648254 -38.93127823
v 28.07752228 42.51648331 -38.83509064
v 28.29514313 42.81648254 -39.0418663
v 27.94644928 42.51648331 -39.00955582
v 28.20057869 42.81648254 -39.16898727
v 26.93835449 42.51648331 -40.61647034
v 27.19248772 42.81648254 -40.77590179
v 26.62146759 42.51648331 -40.86627579
v 26.71715736 42.81648254 -41.15060806
v 26.8584938 42.81648254 -41.08911514
v 26.71569443 42.51648331 -40.82527924
v 26.98726654 42.81648254 -41.00440979
v 26.80154037 42.51648331 -40.76881027
v 27.09969521 42.81648254 -40.89897156
v 26.87649536 42.51648331 -40.69851685
v 25.90774155 42.51648331 -41.10647202
v 26.00342751 42.81648254 -41.39080048
v 25.14852524 42.51648331 -40.73161316
v 24.86460495 42.81648254 -40.82851028
v 24.9278183 42.81648254 -40.97162628
v 25.1906662 42.51648331 -40.82702255
v 25.01486015 42.81648254 -41.10163116
v 25.24869728 42.51648331 -40.91369247
v 25.1231041 42.81648254 -41.21459961
v 25.320858 42.51648331 -40.98900223
v 25.24927521 42.81648254 -41.30711365
v 25.40497208 42.51648331 -41.05068207
v 25.38956451 42.81648254 -41.37638092
v 25.49849701 42.51648331 -41.09685898
v 25.53972626 42.81648254 -41.42030716
v 25.5986042 42.51648331 -41.12614059
v 25.69522858 42.81648254 -41.43756485
v 25.70227432 42.51648331 -41.13764954
v 25.85136604 42.81648254 -41.42762756
v 25.80636787 42.51648331 -41.13102341
v 24.90330887 42.51648331 -40.01311493
v 24.61938858 42.81648254 -40.11001205
v 24.90987778 42.51648331 -39.60723877
v 24.62924194 42.81648254 -39.50120163
v 24.58712769 42.81648254 -39.65046692
v 24.88180161 42.51648331 -39.70674896
v 24.57126617 42.81648254 -39.80474854
v 24.87122726 42.51648331 -39.80960464
v 24.58212662 42.81648254 -39.95946121
v 24.87846756 42.51648331 -39.91274643
v 25.58029366 42.51648331 -37.8329277
v 25.29965973 42.81648254 -37.72689056
v 25.19630623 42.81648254 -36.81880569
v 25.27329254 42.81648254 -36.95681763
v 25.51895332 42.51648331 -36.77630615
v 25.4030838 42.51648331 -36.59193802
v 25.32757187 42.81648254 -37.10523605
v 25.60242462 42.51648331 -36.97742844
v 25.35779572 42.81648254 -37.26035309
v 25.65115356 42.51648331 -37.18966293
v 25.36320114 42.81648254 -37.41828918
v 25.66377449 42.51648331 -37.40705109
v 25.34366226 42.81648254 -37.57510757
v 25.63993263 42.51648331 -37.62349701
v 24.65551567 42.51648331 -36.14551163
v 24.47957993 42.81648254 -36.38947678
v 23.92041016 42.51648331 -35.67884445
v 23.77423096 42.81648254 -35.94169998
v 23.19831467 42.51648331 -35.19229126
v 23.08073807 42.81648254 -35.47576904
v 22.98174858 42.51648331 -35.16545868
v 22.9227047 42.81648254 -35.4644928
v 22.76374817 42.51648331 -35.17523193
v 22.7648735 42.81648254 -35.47831726
v 22.55045128 42.51648331 -35.22133255
v 22.61120605 42.81648254 -35.51689529
v 22.34787369 42.51648331 -35.30246353
v 22.46556091 42.81648254 -35.57925797
v 22.16172028 42.51648331 -35.41633606
v 22.33159256 42.81648254 -35.66384125
v 21.99723434 42.51648331 -35.55973816
v 22.21266747 42.81648254 -35.76852417
v 20.67707825 42.51648331 -36.92194366
v 20.89250755 42.81648254 -37.13072586
v 20.31517792 42.51648331 -37.10040665
v 20.34965897 42.81648254 -37.39841843
v 20.50069427 42.81648254 -37.36765671
v 20.41586685 42.51648331 -37.07989883
v 20.64426231 42.81648254 -37.31157684
v 20.51157951 42.51648331 -37.04251099
v 20.77615738 42.81648254 -37.23181915
v 20.59950829 42.51648331 -36.98934174
v 19.56710625 42.51648331 -37.18696213
v 19.6015873 42.81648254 -37.48497391
v 18.90242004 42.51648331 -36.66244125
v 18.60455704 42.81648254 -36.6981926
v 18.63663483 42.81648254 -36.85132217
v 18.92380333 42.51648331 -36.76453018
v 18.69474602 42.81648254 -36.99658585
v 18.96254539 42.51648331 -36.86137009
v 18.77713585 42.81648254 -37.12958908
v 19.01747131 42.51648331 -36.95003891
v 18.88131523 42.81648254 -37.24631882
v 19.08692551 42.51648331 -37.02785873
v 19.00413513 42.81648254 -37.34323883
v 19.16880417 42.51648331 -37.09247208
v 19.14188576 42.81648254 -37.41742325
v 19.26063728 42.51648331 -37.14192963
v 19.29039955 42.81648254 -37.46663284
v 19.35964775 42.51648331 -37.17473602
v 19.44519424 42.81648254 -37.48937988
v 19.46284485 42.51648331 -37.18989944
v 18.81194687 42.51648331 -35.90866089
v 18.51408386 42.81648254 -35.94441223
v 18.90275764 42.51648331 -35.51302338
v 18.65030098 42.81648254 -35.35095596
v 18.5780735 42.81648254 -35.48820496
v 18.85460472 42.51648331 -35.60452271
v 18.53048134 42.81648254 -35.63581467
v 18.82287788 42.51648331 -35.70293045
v 18.50893784 42.81648254 -35.78940582
v 18.80851555 42.51648331 -35.80532455
v 19.92742348 42.51648331 -33.91687012
v 19.67496872 42.81648254 -33.7548027
v 19.76267624 42.81648254 -32.8450737
v 19.8092823 42.81648254 -32.99607849
v 20.08710861 42.51648331 -32.87059021
v 20.01210403 42.51648331 -32.66616058
v 19.83152008 42.81648254 -33.1525383
v 20.12693787 42.51648331 -33.08467102
v 19.82883072 42.81648254 -33.31054688
v 20.13047791 42.51648331 -33.30239487
v 19.80128479 42.81648254 -33.46615601
v 20.09762192 42.51648331 -33.51765823
v 19.74956512 42.81648254 -33.61548615
v 20.02930069 42.51648331 -33.72441864
v 19.37368774 42.51648331 -32.07405472
v 19.15087128 42.81648254 -32.2761116
v 18.75167084 42.51648331 -31.46475029
v 18.55403519 42.81648254 -31.69146729
v 18.1465168 42.51648331 -30.83869553
v 17.97256851 42.81648254 -31.09153557
v 17.94026184 42.51648331 -30.76742554
v 17.82033348 42.81648254 -31.04764748
v 17.72499275 42.51648331 -30.73166084
v 17.6630764 42.81648254 -31.02835655
v 17.50677299 42.51648331 -30.73241043
v 17.50474739 42.81648254 -31.03414154
v 17.29175377 42.51648331 -30.76964569
v 17.34931946 42.81648254 -31.0648613
v 17.08599091 42.51648331 -30.84232521
v 17.20069504 42.81648254 -31.11974335
v 16.89528656 42.51648331 -30.9484005
v 17.06260109 42.81648254 -31.19741058
v 15.32075787 42.51648331 -32.00636292
v 15.4880724 42.81648254 -32.25537109
v 14.9296627 42.51648331 -32.10567856
v 14.90143013 42.81648254 -32.40434647
v 15.05555916 42.81648254 -32.40565872
v 15.03241539 42.51648331 -32.10655594
v 15.20765114 42.81648254 -32.38065338
v 15.13381004 42.51648331 -32.0898819
v 15.35324574 42.81648254 -32.33006287
v 15.23087311 42.51648331 -32.05615616
v 14.17994308 42.51648331 -32.03480911
v 14.15171051 42.81648254 -32.33348083
v 13.63883495 42.51648331 -31.38355446
v 13.34004879 42.81648254 -31.35659409
v 13.33958626 42.81648254 -31.51305008
v 13.63852596 42.51648331 -31.48785782
v 13.3662262 42.81648254 -31.66722107
v 13.65628624 42.51648331 -31.59063721
v 13.41916275 42.81648254 -31.81444931
v 13.69157791 42.51648331 -31.68878937
v 13.49679756 42.81648254 -31.95028496
v 13.74333382 42.51648331 -31.77934647
v 13.59678268 42.81648254 -32.07062149
v 13.80999088 42.51648331 -31.85957146
v 13.71609688 42.81648254 -32.17182541
v 13.889534 42.51648331 -31.92704201
v 13.85113621 42.81648254 -32.25083923
v 13.9795599 42.51648331 -31.97971535
v 13.99781799 42.81648254 -32.30527115
v 14.07734776 42.51648331 -32.01600647
v 13.70705795 42.51648331 -30.62743759
v 13.40827179 42.81648254 -30.60047531
v 13.87814331 42.51648331 -30.25932503
v 13.66489887 42.81648254 -30.04831123
v 13.56571293 42.81648254 -30.16754341
v 13.81201839 42.51648331 -30.33881378
v 13.48847198 42.81648254 -30.30203247
v 13.76052475 42.51648331 -30.42847443
v 13.43546677 42.81648254 -30.44778633
v 13.7251873 42.51648331 -30.5256424
v 15.21227741 42.51648331 -28.91109276
v 14.99903297 42.81648254 -28.70008087
v 15.27396679 42.81648254 -27.82846642
v 15.28816128 42.81648254 -27.98585892
v 15.58600616 42.51648331 -27.92087364
v 15.55514336 42.51648331 -27.70531654
v 15.2773819 42.81648254 -28.14352226
v 15.58045578 42.51648331 -28.13855934
v 15.24190044 42.81648254 -28.29751968
v 15.53864956 42.51648331 -28.3522625
v 15.18260098 42.81648254 -28.44400406
v 15.46175861 42.51648331 -28.55598831
v 15.1009655 42.81648254 -28.57931519
v 15.35194016 42.51648331 -28.74402618
v 15.05378532 42.51648331 -26.99341965
v 14.79382706 42.81648254 -27.14473534
v 14.57204056 42.51648331 -26.26810265
v 14.33158779 42.81648254 -26.44877625
v 14.11027431 42.51648331 -25.52991104
v 13.88755989 42.81648254 -25.74106026
v 13.92334461 42.51648331 -25.41731644
v 13.74777603 42.81648254 -25.66648102
v 13.72021484 42.51648331 -25.33757782
v 13.59796715 42.81648254 -25.61491394
v 13.50660896 42.51648331 -25.29293823
v 13.44189548 42.81648254 -25.58765411
v 13.28854561 42.51648331 -25.28465462
v 13.28347588 42.81648254 -25.58538628
v 13.07217026 42.51648331 -25.3129673
v 13.12668705 42.81648254 -25.60816956
v 12.86357784 42.51648331 -25.37707329
v 12.97546482 42.81648254 -25.65542603
v 11.10349464 42.51648331 -26.08455276
v 11.21538162 42.81648254 -26.3629055
v 10.7002964 42.51648331 -26.10038567
v 10.61058426 42.81648254 -26.38665962
v 10.76107121 42.81648254 -26.41998672
v 10.80062103 42.51648331 -26.12260628
v 10.91504002 42.81648254 -26.42715073
v 10.90326691 42.51648331 -26.12737846
v 11.06797123 42.81648254 -26.40793228
v 11.00522041 42.51648331 -26.11457062
v 9.98169327 42.51648331 -25.87518883
v 9.89198112 42.81648254 -26.16146088
v 9.58781433 42.51648331 -25.12566376
v 9.30116272 42.81648254 -25.03717232
v 9.26818085 42.81648254 -25.19011307
v 9.56582642 42.51648331 -25.22762299
v 9.2621851 42.81648254 -25.34645271
v 9.56182957 42.51648331 -25.33185005
v 9.28335381 42.81648254 -25.50147057
v 9.57594204 42.51648331 -25.43519592
v 9.33105087 42.81648254 -25.65047836
v 9.60773945 42.51648331 -25.53453445
v 9.40383053 42.81648254 -25.78897476
v 9.65625954 42.51648331 -25.62686539
v 9.49949646 42.81648254 -25.91277695
v 9.72003746 42.51648331 -25.70939827
v 9.61515713 42.81648254 -26.01813507
v 9.79714489 42.51648331 -25.77963829
v 9.74731636 42.81648254 -26.10187531
v 9.88525009 42.51648331 -25.83546638
v 9.81175232 42.51648331 -24.4002533
v 9.52510071 42.81648254 -24.31176186
v 10.05563259 42.51648331 -24.07575607
v 9.89092064 42.81648254 -23.82501793
v 9.76911354 42.81648254 -23.92102242
v 9.97442818 42.51648331 -24.13975906
v 9.66559792 42.81648254 -24.03651428
v 9.90541744 42.51648331 -24.21675491
v 9.5834465 42.81648254 -24.16806221
v 9.85064983 42.51648331 -24.3044548
v 11.64092636 42.51648331 -23.03437042
v 11.47621536 42.81648254 -22.78363037
v 11.92635918 42.81648254 -21.98822403
v 11.90751934 42.81648254 -22.14513016
v 12.21236706 42.51648331 -22.14348984
v 12.22699547 42.51648331 -21.92622757
v 11.86419582 42.81648254 -22.2971077
v 12.16167927 42.51648331 -22.35526276
v 11.797472 42.81648254 -22.44036102
v 12.07635403 42.51648331 -22.55560684
v 11.70901299 42.81648254 -22.57131577
v 11.95878601 42.51648331 -22.73889542
v 11.60102844 42.81648254 -22.68669891
v 11.81227303 42.51648331 -22.89999008
v 11.8846035 42.51648331 -21.1256485
v 11.59886742 42.81648254 -21.21960831
v 11.56418991 42.51648331 -20.31602478
v 11.29142666 42.81648254 -20.44275284
v 11.26599216 42.51648331 -19.49795341
v 11.00424385 42.81648254 -19.65818405
v 11.10655689 42.51648331 -19.34895515
v 10.88302135 42.81648254 -19.55617142
v 10.92444515 42.51648331 -19.22872543
v 10.74720764 42.81648254 -19.47458458
v 10.72478867 42.51648331 -19.1406498
v 10.60021305 42.81648254 -19.41547203
v 10.51321125 42.51648331 -19.08721161
v 10.44572735 42.81648254 -19.38031769
v 10.29567814 42.51648331 -19.06991768
v 10.28762817 42.81648254 -19.37000275
v 10.07831573 42.51648331 -19.08925247
v 10.12988472 42.81648254 -19.38478851
v 8.2096014 42.51648331 -19.41532898
v 8.26117039 42.81648254 -19.71086502
v 7.81192255 42.51648331 -19.34698868
v 7.66465139 42.81648254 -19.60835266
v 7.80492067 42.81648254 -19.67224121
v 7.90543556 42.51648331 -19.38958168
v 7.95403481 42.81648254 -19.71125793
v 8.00484467 42.51648331 -19.41559219
v 8.10761929 42.81648254 -19.72426033
v 8.10723495 42.51648331 -19.42426109
v 7.15584373 42.51648331 -18.97730827
v 7.00857258 42.81648254 -19.23867226
v 6.92640686 42.51648331 -18.16226768
v 6.66441727 42.81648254 -18.01611328
v 6.60035896 42.81648254 -18.15885353
v 6.88370132 42.51648331 -18.25742912
v 6.56198883 42.81648254 -18.31053162
v 6.85812092 42.51648331 -18.35854721
v 6.55046558 42.81648254 -18.46656227
v 6.85043907 42.51648331 -18.46256638
v 6.56613874 42.81648254 -18.62223053
v 6.860888 42.51648331 -18.56634712
v 6.60853386 42.81648254 -18.77283287
v 6.88915157 42.51648331 -18.66674805
v 6.67636967 42.81648254 -18.91381836
v 6.93437529 42.51648331 -18.76073837
v 6.7675972 42.81648254 -19.04092407
v 6.99519348 42.51648331 -18.84547615
v 6.87945795 42.81648254 -19.15031052
v 7.069767 42.51648331 -18.91839981
v 7.29627228 42.51648331 -17.49926949
v 7.03428316 42.81648254 -17.35311317
v 7.60229063 42.51648331 -17.23256874
v 7.4933095 42.81648254 -16.95306396
v 7.35420322 42.81648254 -17.02164459
v 7.50955296 42.51648331 -17.2782917
v 7.22893763 42.81648254 -17.11309052
v 7.42604256 42.51648331 -17.33925438
v 7.12123156 42.81648254 -17.22468567
v 7.35423803 42.51648331 -17.41365051
v 9.3694582 42.51648331 -16.54353905
v 9.26047707 42.81648254 -16.26403427
v 9.86615944 42.81648254 -15.57960129
v 9.8151083 42.81648254 -15.72916031
v 10.11363602 42.51648331 -15.79093838
v 10.17311573 42.51648331 -15.58146381
v 9.74113369 42.81648254 -15.86880875
v 10.02002525 42.51648331 -15.98754501
v 9.64608383 42.81648254 -15.99505997
v 9.89491081 42.51648331 -16.16576958
v 9.53233051 42.81648254 -16.10476112
v 9.74180412 42.51648331 -16.32061005
v 9.40271568 42.81648254 -16.19517136
v 9.56499958 42.51648331 -16.44772148
v 10.00465584 42.51648331 -14.72719288
v 9.70562744 42.81648254 -14.75969219
v 9.85957432 42.51648331 -13.86864185
v 9.56642246 42.81648254 -13.93589211
v 9.73797894 42.51648331 -13.00645065
v 9.44863701 42.81648254 -13.10875893
v 9.61300659 42.51648331 -12.82755947
v 9.35127258 42.81648254 -12.98377132
v 9.45987129 42.51648331 -12.67209244
v 9.23538971 42.81648254 -12.87573051
v 9.28288937 42.51648331 -12.54443169
v 9.10389805 42.81648254 -12.78734779
v 9.08704662 42.51648331 -12.44817257
v 8.96009636 42.81648254 -12.72084236
v 8.87786293 42.51648331 -12.38602734
v 8.80759716 42.81648254 -12.67788315
v 8.66123009 42.51648331 -12.35974884
v 8.65022659 42.81648254 -12.65954781
v 6.76555681 42.51648331 -12.29017258
v 6.75455332 42.81648254 -12.58997059
v 6.39077663 42.51648331 -12.14064407
v 6.19238281 42.81648254 -12.36567593
v 6.31630421 42.81648254 -12.45733261
v 6.47339058 42.51648331 -12.20174694
v 6.45404768 42.81648254 -12.52649879
v 6.56521988 42.51648331 -12.24785805
v 6.60157251 42.81648254 -12.57114887
v 6.66356993 42.51648331 -12.27762413
v 5.82589579 42.51648331 -11.64263344
v 5.62750244 42.81648254 -11.8676672
v 5.77092886 42.51648331 -10.79770184
v 5.54505157 42.81648254 -10.60027027
v 5.45271587 42.81648254 -10.72657394
v 5.70937157 42.51648331 -10.8819046
v 5.3836484 42.81648254 -10.86695862
v 5.66332626 42.51648331 -10.97549438
v 5.33993673 42.81648254 -11.01718426
v 5.63418579 42.51648331 -11.07564449
v 5.32290173 42.81648254 -11.17270947
v 5.62282848 42.51648331 -11.17932892
v 5.33305883 42.81648254 -11.32883549
v 5.62960052 42.51648331 -11.28341198
v 5.37010002 42.81648254 -11.48084259
v 5.65429449 42.51648331 -11.38475037
v 5.43290663 42.81648254 -11.62413788
v 5.69616556 42.51648331 -11.48028183
v 5.51958036 42.81648254 -11.75439262
v 5.75394821 42.51648331 -11.56711674
v 6.2705574 42.51648331 -10.22609138
v 6.0446806 42.81648254 -10.02865791
v 6.6253376 42.51648331 -10.02884388
v 6.57685089 42.81648254 -9.73278809
v 6.42652559 42.81648254 -9.77094841
v 6.52512121 42.51648331 -10.0542841
v 6.28498507 42.81648254 -9.83435249
v 6.43076038 42.51648331 -10.0965538
v 6.15643024 42.81648254 -9.92111397
v 6.34505749 42.51648331 -10.15439415
v 8.49714661 42.51648331 -9.72228622
v 8.44865894 42.81648254 -9.42622948
v 9.18340683 42.81648254 -8.8826828
v 9.10237694 42.81648254 -9.01835823
v 9.38153648 42.51648331 -9.14085388
v 9.48326874 42.51648331 -8.9483242
v 9.00098419 42.81648254 -9.13957596
v 9.24909496 42.51648331 -9.31370163
v 8.88176155 42.81648254 -9.24330616
v 9.08965969 42.51648331 -9.46201897
v 8.74768639 42.81648254 -9.32695866
v 8.90770531 42.51648331 -9.5816431
v 8.60210705 42.81648254 -9.38844585
v 8.70833588 42.51648331 -9.66921711
v 9.49610329 42.51648331 -8.07769585
v 9.19685268 42.81648254 -8.04731274
v 9.53269482 42.51648331 -7.20774174
v 9.23196697 42.81648254 -7.21257305
v 9.59301567 42.51648331 -6.33911085
v 9.28872681 42.81648254 -6.37902546
v 9.5079689 42.51648331 -6.13814545
v 9.21947575 42.81648254 -6.23652649
v 9.39050293 42.51648331 -5.95423746
v 9.12858772 42.81648254 -6.10675335
v 9.24393082 42.51648331 -5.79256964
v 9.01834488 42.81648254 -5.99296331
v 9.07238102 42.51648331 -5.65769577
v 8.89151382 42.81648254 -5.89801264
v 8.88068867 42.51648331 -5.55341721
v 8.75127888 42.81648254 -5.82428503
v 8.67425346 42.51648331 -5.48267269
v 8.6011591 42.81648254 -5.7736311
v 6.83447075 42.51648331 -5.02048397
v 6.76137638 42.81648254 -5.31144238
v 6.49896908 42.51648331 -4.79630041
v 6.25812435 42.81648254 -4.97516775
v 6.36028099 42.81648254 -5.09058571
v 6.56707382 42.51648331 -4.87324572
v 6.48063374 42.81648254 -5.18687963
v 6.6473093 42.51648331 -4.93744183
v 6.61565256 42.81648254 -5.2612257
v 6.73732185 42.51648331 -4.98700571
v 6.04997444 42.51648331 -4.19172859
v 5.80912971 42.81648254 -4.37059593
v 6.17187977 42.51648331 -3.35383272
v 5.99198771 42.81648254 -3.11375189
v 5.87540913 42.81648254 -3.21809745
v 6.09416103 42.51648331 -3.42339611
v 5.77866316 42.81648254 -3.34105492
v 6.02966404 42.51648331 -3.50536799
v 5.70467377 42.81648254 -3.47890949
v 5.98033714 42.51648331 -3.59727097
v 5.65567541 42.81648254 -3.62749457
v 5.94767189 42.51648331 -3.69632745
v 5.63314962 42.81648254 -3.78232026
v 5.93265486 42.51648331 -3.79954457
v 5.63777733 42.81648254 -3.93870735
v 5.93573999 42.51648331 -3.90380287
v 5.66941833 42.81648254 -4.09192991
v 5.95683384 42.51648331 -4.0059514
v 5.72711706 42.81648254 -4.23735809
v 5.99529982 42.51648331 -4.10290337
v 6.77943516 42.51648331 -2.89859056
v 6.59954309 42.81648254 -2.65850997
v 7.16747284 42.51648331 -2.77941704
v 7.18159866 42.81648254 -2.47974968
v 7.02662468 42.81648254 -2.48582268
v 7.06415653 42.51648331 -2.78346562
v 6.87499475 42.81648254 -2.51841187
v 6.96306992 42.51648331 -2.80519199
v 6.73121023 42.81648254 -2.57654953
v 6.86721373 42.51648331 -2.84395027
v 9.06211472 42.51648331 -2.86872864
v 9.07624054 42.81648254 -2.56906152
v 9.90794277 42.81648254 -2.19015431
v 9.80047417 42.81648254 -2.30601883
v 10.04806519 42.51648331 -2.48387742
v 10.1876049 42.51648331 -2.31670618
v 9.67609501 42.81648254 -2.40350628
v 9.88258076 42.51648331 -2.62541246
v 9.53791142 42.81648254 -2.48018193
v 9.69579315 42.51648331 -2.73733974
v 9.38937378 42.81648254 -2.53413105
v 9.49294281 42.51648331 -2.81651878
v 9.23419189 42.81648254 -2.56400609
v 9.27972317 42.51648331 -2.86072874
v 10.38117218 42.51648331 -1.46777153
v 10.09477711 42.81648254 -1.37583506
v 10.59783745 42.51648331 -0.62443608
v 10.3026762 42.81648254 -0.5666374
v 10.83743954 42.51648331 0.21267173
v 10.53149986 42.81648254 0.23689421
v 10.79603195 42.51648331 0.42692769
v 10.49338913 42.81648254 0.39067745
v 10.71937084 42.51648331 0.63123906
v 10.43146992 42.81648254 0.5365116
v 10.60961533 42.51648331 0.81984872
v 10.34729385 42.81648254 0.67073584
v 10.46985531 42.51648331 0.98744214
v 10.24297619 42.81648254 0.78998113
v 10.30403233 42.51648331 1.12929702
v 10.1211338 42.81648254 0.89125395
v 10.11681652 42.51648331 1.2414161
v 9.98482609 42.81648254 0.9720124
v 8.41333294 42.51648331 2.07601738
v 8.28134155 42.81648254 1.80661345
v 8.13177299 42.51648331 2.36505628
v 7.85900164 42.81648254 2.24017191
v 7.93492985 42.81648254 2.1060369
v 8.18239117 42.51648331 2.27563286
v 8.03263187 42.81648254 1.98682439
v 8.24752617 42.51648331 2.19615793
v 8.1492424 42.81648254 1.88603115
v 8.32526684 42.51648331 2.12896228
v 7.81828785 42.51648331 3.04976821
v 7.54551649 42.81648254 2.92488384
v 8.1117363 42.51648331 3.84400845
v 7.98569107 42.81648254 4.11624432
v 7.84996557 42.81648254 4.03841734
v 8.02125359 42.51648331 3.79212379
v 7.72976971 42.81648254 3.93826103
v 7.94112253 42.51648331 3.72535276
v 7.62873554 42.81648254 3.8188026
v 7.87376642 42.51648331 3.64571381
v 7.54991531 42.81648254 3.68365169
v 7.82121944 42.51648331 3.55561304
v 7.49569178 42.81648254 3.53689241
v 7.78507137 42.51648331 3.45777392
v 7.46770382 42.81648254 3.38296056
v 7.76641178 42.51648331 3.35515261
v 7.46679688 42.81648254 3.22650766
v 7.76580763 42.51648331 3.25085068
v 7.49299812 42.81648254 3.07226157
v 7.78327513 42.51648331 3.14801979
v 8.80066681 42.51648331 4.16298437
v 8.67462063 42.81648254 4.43522024
v 9.20500183 42.51648331 4.19887638
v 9.28112316 42.81648254 4.48905802
v 9.12827301 42.81648254 4.5153389
v 9.10310173 42.51648331 4.21639681
v 8.97318077 42.81648254 4.51498747
v 8.99970627 42.51648331 4.21616268
v 8.82045078 42.81648254 4.48801422
v 8.89788723 42.51648331 4.1981802
v 11.0396719 42.51648331 3.71759796
v 11.11579418 42.81648254 4.00778008
v 12.00809956 42.81648254 4.2054863
v 11.87889099 42.81648254 4.11449814
v 12.08409214 42.51648331 3.88904858
v 12.25533867 42.51648331 4.02355528
v 11.73696041 42.81648254 4.04500055
v 11.89279652 42.51648331 3.78501296
v 11.58585453 42.81648254 3.99873042
v 11.68682003 42.51648331 3.71436691
v 11.42934608 42.81648254 3.97684312
v 11.47194099 42.51648331 3.67909241
v 11.27134418 42.81648254 3.9798851
v 11.25418854 42.51648331 3.6801796
v 12.62117958 42.51648331 4.81369352
v 12.36015892 42.81648254 4.96316576
v 13.00845051 42.51648331 5.59355259
v 12.73175621 42.81648254 5.71145582
v 13.41686058 42.51648331 6.36255217
v 13.12264347 42.81648254 6.44985294
v 13.42090511 42.51648331 6.58073473
v 13.11733818 42.81648254 6.6081996
v 13.38839722 42.51648331 6.79652023
v 13.0870924 42.81648254 6.76372051
v 13.32025337 42.51648331 7.00382757
v 13.03266335 42.81648254 6.91251278
v 13.21839333 42.51648331 7.19681692
v 12.95541763 42.81648254 7.05084133
v 13.08568764 42.51648331 7.37004805
v 12.85729313 42.81648254 7.17523336
v 12.92587376 42.51648331 7.51864147
v 12.74075508 42.81648254 7.28256702
v 11.43313789 42.51648331 8.68917847
v 11.24801826 42.81648254 8.45310402
v 11.21782494 42.51648331 9.03044128
v 10.92505074 42.81648254 8.96499825
v 10.97143078 42.81648254 8.81800747
v 11.24874592 42.51648331 8.93244743
v 11.04221249 42.81648254 8.68108654
v 11.29593372 42.51648331 8.84116745
v 11.13531876 42.81648254 8.55825233
v 11.35800362 42.51648331 8.75927734
v 11.05355072 42.51648331 9.76536751
v 10.76077461 42.81648254 9.69992447
v 11.50571918 42.51648331 10.48124123
v 11.43902874 42.81648254 10.77373409
v 11.2900877 42.81648254 10.72582626
v 11.40642548 42.51648331 10.44930267
v 11.15169525 42.81648254 10.65284824
v 11.31416321 42.51648331 10.40065002
v 11.02803135 42.81648254 10.55700684
v 11.23171997 42.51648331 10.33675575
v 10.92283344 42.81648254 10.4411974
v 11.16158962 42.51648331 10.25955009
v 10.83928204 42.81648254 10.30891895
v 11.10588932 42.51648331 10.17136383
v 10.7799015 42.81648254 10.16417027
v 11.06630135 42.51648331 10.07486439
v 10.74648666 42.81648254 10.01132393
v 11.04402447 42.51648331 9.97296715
v 10.74004555 42.81648254 9.85500145
v 11.03973007 42.51648331 9.86875153
v 12.24591255 42.51648331 10.65001011
v 12.17922211 42.81648254 10.94250298
v 12.64887428 42.51648331 10.60105133
v 12.7836647 42.81648254 10.86906528
v 12.63961887 42.81648254 10.92655087
v 12.55284309 42.51648331 10.63937569
v 12.48784161 42.81648254 10.95845318
v 12.4516592 42.51648331 10.66064262
v 12.33284187 42.81648254 10.96382332
v 12.34832668 42.51648331 10.66422367
v 14.34338951 42.51648331 9.74884033
v 14.47817993 42.81648254 10.01685524
v 15.3920927 42.81648254 10.02472019
v 15.24678993 42.81648254 9.96258354
v 15.40063286 42.51648331 9.69939804
v 15.59610271 42.51648331 9.79536057
v 15.09351158 42.81648254 9.92411423
v 15.19188786 42.51648331 9.6374073
v 14.93608665 42.81648254 9.91027164
v 14.97572422 42.51648331 9.61113071
v 14.7784481 42.81648254 9.92140198
v 14.75820637 42.51648331 9.6213026
v 14.62453079 42.81648254 9.95722866
v 14.54543877 42.51648331 9.66763973
v 16.11822891 42.51648331 10.49217033
v 15.89398861 42.81648254 10.69264507
v 16.65917778 42.51648331 11.17446899
v 16.41304398 42.81648254 11.34732342
v 17.21854782 42.51648331 11.84175014
v 16.94890976 42.81648254 11.98831558
v 17.26786613 42.51648331 12.05432415
v 16.97664452 42.81648254 12.14430428
v 17.28093338 42.51648331 12.2721529
v 16.97939301 42.81648254 12.3027153
v 17.25738144 42.51648331 12.48909855
v 16.95708847 42.81648254 12.45957279
v 17.19787025 42.51648331 12.699049
v 16.91028976 42.81648254 12.61093903
v 17.1040802 42.51648331 12.89608574
v 16.84017372 42.81648254 12.75301361
v 16.97865486 42.51648331 13.07465744
v 16.74849892 42.81648254 12.88223171
v 15.76190758 42.51648331 14.52997398
v 15.53175068 42.81648254 14.3375473
v 15.62225246 42.51648331 14.90854454
v 15.32226753 42.81648254 14.90540409
v 15.33707428 42.81648254 14.75198269
v 15.63212299 42.51648331 14.80626488
v 15.377841 42.81648254 14.60333729
v 15.65929985 42.51648331 14.70716667
v 15.44337368 42.81648254 14.46382904
v 15.70298958 42.51648331 14.61416149
v 15.61436653 42.51648331 15.66156578
v 15.31438255 42.81648254 15.65842533
v 16.20549202 42.51648331 16.26778412
v 16.20107269 42.81648254 16.56775284
v 16.04542542 42.81648254 16.5518589
v 16.10172844 42.51648331 16.2571888
v 15.89488411 42.81648254 16.50924873
v 16.00136566 42.51648331 16.22878265
v 15.7539959 42.81648254 16.4412117
v 15.90744114 42.51648331 16.1834259
v 15.62701988 42.81648254 16.34980392
v 15.8227911 42.51648331 16.12248611
v 15.51779175 42.81648254 16.23778915
v 15.74997139 42.51648331 16.0478096
v 15.42961311 42.81648254 16.10854912
v 15.69118595 42.51648331 15.96164799
v 15.36515045 42.81648254 15.96599007
v 15.64821148 42.51648331 15.86660957
v 15.3263483 42.81648254 15.81442261
v 15.62234306 42.51648331 15.76556396
v 16.96459961 42.51648331 16.27897072
v 16.96018028 42.81648254 16.57893753
v 17.3485775 42.51648331 16.14730072
v 17.53614616 42.81648254 16.38143349
v 17.40719986 42.81648254 16.46761322
v 17.2626133 42.51648331 16.20475388
v 17.26537323 42.81648254 16.53037453
v 17.16806221 42.51648331 16.24659348
v 17.11487579 42.81648254 16.56785393
v 17.06772995 42.51648331 16.27157974
v 18.8288784 42.51648331 14.9614048
v 19.01644707 42.81648254 15.19553661
v 19.91202354 42.81648254 15.01321793
v 19.75697708 42.81648254 14.98264885
v 19.85273743 42.51648331 14.69322777
v 20.06388855 42.51648331 14.74645424
v 19.59905052 42.81648254 14.97688866
v 19.63566589 42.51648331 14.67599392
v 19.44218826 42.81648254 14.99607944
v 19.41876221 42.51648331 14.69523335
v 19.290308 42.81648254 15.03974152
v 19.20811462 42.51648331 14.75040817
v 19.14720345 42.81648254 15.10678482
v 19.0096302 42.51648331 14.83996964
v 21.8430748 42.81648254 16.61022377
v 21.18564796 42.81648254 16.09465027
v 21.39046669 42.51648331 15.87440014
v 22.07634735 42.51648331 16.41080093
v 20.54182053 42.81648254 15.56219673
v 20.71948051 42.51648331 15.31947994
v 22.168787 42.51648331 16.60847473
v 21.90263557 42.81648254 16.75703812
v 22.22685623 42.51648331 16.81882668
v 21.93825912 42.81648254 16.9114151
v 22.24892426 42.51648331 17.03592873
v 21.94905472 42.81648254 17.0694809
v 22.23436356 42.51648331 17.25366402
v 21.9347496 42.81648254 17.22727013
v 22.18358994 42.51648331 17.4658947
v 21.89570427 42.81648254 17.38081741
v 22.09803391 42.51648331 17.66664314
v 21.83289719 42.81648254 17.52627182
v 21.21045113 42.51648331 19.34313202
v 20.94531822 42.81648254 19.2027626
v 21.15255737 42.51648331 19.74246597
v 20.85847664 42.81648254 19.80176353
v 20.84106064 42.81648254 19.64861679
v 21.14094734 42.51648331 19.64036751
v 20.8500309 42.81648254 19.49474525
v 21.14692688 42.51648331 19.53778648
v 20.88512611 42.81648254 19.3446579
v 21.17032623 42.51648331 19.43773079
v 21.30140495 42.51648331 20.48067284
v 21.00732613 42.81648254 20.5399704
v 22.00565338 42.51648331 20.95074081
v 22.06369591 42.81648254 21.24507141
v 21.90814781 42.81648254 21.26188469
v 21.90195465 42.51648331 20.9619503
v 21.75203705 42.81648254 21.25150681
v 21.79788208 42.51648331 20.95503044
v 21.6000824 42.81648254 21.21424866
v 21.69657707 42.51648331 20.93019295
v 21.45687485 42.81648254 21.1512394
v 21.60110664 42.51648331 20.8881855
v 21.32674408 42.81648254 21.06438065
v 21.51435471 42.51648331 20.8302803
v 21.21362495 42.81648254 20.95629883
v 21.43894005 42.51648331 20.75822639
v 21.12092972 42.81648254 20.83025932
v 21.37714195 42.51648331 20.67419815
v 21.05146217 42.81648254 20.6900692
v 21.33083153 42.51648331 20.58073997
v 22.75049973 42.51648331 20.80385399
v 22.80854225 42.81648254 21.09818649
v 23.09870911 42.51648331 20.5952301
v 23.33085823 42.81648254 20.7852478
v 23.22264671 42.81648254 20.89635468
v 23.02656937 42.51648331 20.66930008
v 23.0969696 42.81648254 20.98723221
v 22.94278336 42.51648331 20.7298851
v 22.95755386 42.81648254 21.0551815
v 22.84984207 42.51648331 20.77518463
v 24.30010033 42.51648331 19.12747574
v 24.53224945 42.81648254 19.31749535
v 25.37034988 42.81648254 18.95295906
v 25.21233559 42.81648254 18.95529366
v 25.24583054 42.51648331 18.65228844
v 25.46343231 42.51648331 18.66044807
v 25.05666351 42.81648254 18.98249435
v 25.02991867 42.51648331 18.68056107
v 24.90721703 42.81648254 19.03387833
v 24.82175636 42.51648331 18.74447632
v 24.76773453 42.81648254 19.10816383
v 24.62718201 42.51648331 18.84224319
v 24.64169693 42.81648254 19.20349693
v 24.45165443 42.51648331 18.97111511
v 27.59123993 42.81648254 20.1135788
v 26.84098816 42.81648254 19.74595833
v 26.9955349 42.51648331 19.48793602
v 27.7779541 42.51648331 19.87001228
v 26.10052299 42.81648254 19.35899925
v 26.22383499 42.51648331 19.08464813
v 27.9094696 42.51648331 20.04414749
v 27.68002319 42.81648254 20.24479866
v 28.01000595 42.51648331 20.23782921
v 27.74696541 42.81648254 20.38839722
v 28.07672691 42.51648331 20.4455986
v 27.79039001 42.81648254 20.54076385
v 28.10775757 42.51648331 20.66160202
v 27.80920219 42.81648254 20.69808006
v 28.10221863 42.51648331 20.87975311
v 27.80293465 42.81648254 20.85639
v 28.06026649 42.51648331 21.09390259
v 27.77174187 42.81648254 21.01172447
v 27.54064369 42.51648331 22.91829681
v 27.25211906 42.81648254 22.83611679
v 27.5670414 42.51648331 23.32094002
v 27.29171562 42.81648254 23.44008446
v 27.24283981 42.81648254 23.29390526
v 27.53445625 42.51648331 23.22348785
v 27.21962166 42.81648254 23.14152908
v 27.51898003 42.51648331 23.12190247
v 27.2227459 42.81648254 22.98742676
v 27.52106094 42.51648331 23.01916885
v 27.86611748 42.51648331 24.01206779
v 27.5907917 42.81648254 24.13121223
v 28.65270996 42.51648331 24.32544327
v 28.77067947 42.81648254 24.60127258
v 28.62202644 42.81648254 24.65006065
v 28.55360794 42.51648331 24.35796738
v 28.46716881 42.81648254 24.67236519
v 28.45037079 42.51648331 24.37283707
v 28.3107872 42.81648254 24.6675148
v 28.34611702 42.51648331 24.36960411
v 28.15761185 42.81648254 24.63565826
v 28.24399757 42.51648331 24.34836388
v 28.01226425 42.81648254 24.57775116
v 28.14709854 42.51648331 24.30976105
v 27.87914276 42.81648254 24.49555206
v 28.05835342 42.51648331 24.25495911
v 27.76226807 42.81648254 24.39153671
v 27.98043823 42.51648331 24.18561745
v 27.66517448 42.81648254 24.26885605
v 27.91570663 42.51648331 24.10383034
v 29.35073853 42.51648331 24.02690506
v 29.46870804 42.81648254 24.30273438
v 29.64796448 42.51648331 23.7504406
v 29.91454887 42.81648254 23.88804245
v 29.83180237 42.81648254 24.01921463
v 29.59280014 42.51648331 23.83789062
v 29.72776413 42.81648254 24.13423729
v 29.52344131 42.51648331 23.91456985
v 29.60552216 42.81648254 24.22968864
v 29.44194794 42.51648331 23.97820663
v 30.51794052 42.51648331 22.06497574
v 30.78452301 42.81648254 22.20257759
v 31.52851486 42.81648254 21.67175484
v 31.37443924 42.81648254 21.70689392
v 31.34420586 42.51648331 21.40354347
v 31.55875015 42.51648331 21.36628723
v 31.22782516 42.81648254 21.76586533
v 31.13889313 42.51648331 21.47608948
v 31.09232903 42.81648254 21.84719849
v 30.94856453 42.51648331 21.58189011
v 30.97133827 42.81648254 21.94886208
v 30.77857018 42.51648331 21.7179718
v 30.86787796 42.81648254 22.0683136
v 30.63367462 42.51648331 21.88052177
v 33.94218063 42.81648254 22.34526443
v 33.13188934 42.81648254 22.14166451
v 33.22941589 42.51648331 21.85714912
v 34.07417297 42.51648331 22.06819916
v 32.32715607 42.81648254 21.91711235
v 32.39073181 42.51648331 21.62311745
v 34.2390213 42.51648331 22.21118927
v 34.05630493 42.81648254 22.45516014
v 34.37762833 42.51648331 22.37973404
v 34.15164185 42.81648254 22.58170128
v 34.48609161 42.51648331 22.5690918
v 34.22579575 42.81648254 22.72171211
v 34.56135178 42.51648331 22.77392387
v 34.27690887 42.81648254 22.87167549
v 34.60129166 42.51648331 22.98845673
v 34.30369186 42.81648254 23.02783012
v 34.6047821 42.51648331 23.20665169
v 34.30547333 42.81648254 23.18625641
v 34.47582626 42.51648331 25.09921074
v 34.17651749 42.81648254 25.07881546
v 34.58535767 42.51648331 25.4875679
v 34.34082413 42.81648254 25.66135406
v 34.26262283 42.81648254 25.52853012
v 34.53322601 42.51648331 25.39901924
v 34.20822906 42.81648254 25.38431168
v 34.4969635 42.51648331 25.30287552
v 34.179245 42.81648254 25.23292732
v 34.47764587 42.51648331 25.20195198
v 35.021595 42.51648331 26.10140991
v 34.77705765 42.81648254 26.27519608
v 35.85615158 42.51648331 26.24439621
v 36.02889252 42.81648254 26.48967361
v 35.89362717 42.81648254 26.56830025
v 35.76597595 42.51648331 26.29681587
v 35.74679565 42.81648254 26.62231636
v 35.66808701 42.51648331 26.33282471
v 35.59282303 42.81648254 26.65008545
v 35.56543732 42.51648331 26.35133743
v 35.43636703 42.81648254 26.65077019
v 35.46113586 42.51648331 26.3517952
v 35.2821579 42.81648254 26.6243515
v 35.35832977 42.51648331 26.33418083
v 35.13485718 42.81648254 26.57162094
v 35.26012802 42.51648331 26.2990284
v 34.998909 42.81648254 26.49418068
v 35.16949844 42.51648331 26.24740219
v 34.87842941 42.81648254 26.39436722
v 35.08917999 42.51648331 26.18085861
v 36.47685623 42.51648331 25.80725479
v 36.64959717 42.81648254 26.0525322
v 36.71010971 42.51648331 25.47503471
v 36.99947357 42.81648254 25.55420303
v 36.94580841 42.81648254 25.69971466
v 36.67433167 42.51648331 25.57204437
v 36.86795807 42.81648254 25.83385468
v 36.62243271 42.51648331 25.66147041
v 36.76823425 42.81648254 25.95263481
v 36.55594635 42.51648331 25.74065781
v 37.21064758 42.51648331 23.64552498
v 37.50001144 42.81648254 23.72469139
v 38.11738205 42.81648254 23.05078697
v 37.97397995 42.81648254 23.11719131
v 37.88133621 42.51648331 22.82675743
v 38.0834465 42.51648331 22.74570465
v 37.84283066 42.81648254 23.2053566
v 37.69559097 42.51648331 22.94040489
v 37.72720337 42.81648254 23.31308365
v 37.53142166 42.51648331 23.08346176
v 37.62999725 42.81648254 23.4376812
v 37.39343262 42.51648331 23.25191689
v 37.55362701 42.81648254 23.57603455
v 37.28549576 42.51648331 23.44104004
v 40.61833191 42.81648254 23.20774841
v 39.78341675 42.81648254 23.1770668
v 39.81965637 42.51648331 22.87849236
v 40.68983459 42.51648331 22.90929794
v 38.94958115 42.81648254 23.12473488
v 38.95064545 42.51648331 22.823946
v 40.88080978 42.51648331 23.01488686
v 40.75281143 42.81648254 23.29151344
v 41.05142975 42.51648331 23.1509304
v 40.87237549 42.81648254 23.39546967
v 41.1968956 42.51648331 23.31359863
v 40.97401428 42.81648254 23.51700211
v 41.31309509 42.51648331 23.49830627
v 41.05519104 42.81648254 23.65306473
v 41.39676666 42.51648331 23.69984818
v 41.11385727 42.81648254 23.80023766
v 41.4455452 42.51648331 23.91254807
v 41.14853668 42.81648254 23.95483017
v 41.71289444 42.51648331 25.79056549
v 41.41588593 42.81648254 25.83284569
v 41.90077972 42.51648331 26.14766121
v 41.69771576 42.81648254 26.36849213
v 41.59360886 42.81648254 26.2548275
v 41.83137512 42.51648331 26.07188797
v 41.51042557 42.81648254 26.12507057
v 41.77591705 42.51648331 25.98538208
v 41.45059586 42.81648254 25.98302078
v 41.73603439 42.51648331 25.89068222
v 42.45510483 42.51648331 26.65739059
v 42.25204468 42.81648254 26.87822151
v 43.30115509 42.51648331 26.62373734
v 43.52111816 42.81648254 26.82773972
v 43.40515518 42.81648254 26.93277359
v 43.22384644 42.51648331 26.69375992
v 43.2727623 42.81648254 27.01613617
v 43.13558578 42.51648331 26.74933434
v 43.12792969 42.81648254 27.07531166
v 43.03902435 42.51648331 26.78878593
v 42.97503662 42.81648254 27.10850906
v 42.93709564 42.51648331 26.8109169
v 42.8187027 42.81648254 27.11472702
v 42.83287811 42.51648331 26.81506348
v 42.66365433 42.81648254 27.0937767
v 42.72951508 42.51648331 26.80109787
v 42.51457596 42.81648254 27.04629517
v 42.63012695 42.51648331 26.7694397
v 42.37598038 42.81648254 26.97370911
v 42.53773117 42.51648331 26.72105026
v 43.81740952 42.51648331 26.06709671
v 44.03736877 42.81648254 26.27109909
v 43.97649384 42.51648331 25.69364357
v 44.27599335 42.81648254 25.71091652
v 44.25375366 42.81648254 25.86440849
v 43.96166229 42.51648331 25.79597092
v 44.20549393 42.81648254 26.01180077
v 43.92948914 42.51648331 25.8942318
v 44.13264847 42.81648254 26.14871979
v 43.88092422 42.51648331 25.98550987
v 44.08571243 42.51648331 23.80004501
v 44.38521576 42.81648254 23.81731796
v 44.84897995 42.81648254 23.02978134
v 44.72251892 42.81648254 23.12454605
v 44.57151413 42.51648331 22.85972214
v 44.75235748 42.51648331 22.73842049
v 44.61256409 42.81648254 23.23805618
v 44.41345596 42.51648331 23.00950623
v 44.52186584 42.81648254 23.36746597
v 44.28261566 42.51648331 23.18357086
v 44.45268631 42.81648254 23.509552
v 44.18267059 42.51648331 23.37703323
v 44.40675354 42.81648254 23.66076279
v 44.11641693 42.51648331 23.58446312
v 47.32791519 42.81648254 22.66333389
v 46.50486755 42.81648254 22.80691147
v 46.47823715 42.51648331 22.50732613
v 47.3358078 42.51648331 22.35653877
v 45.67837143 42.81648254 22.92908859
v 45.61687469 42.51648331 22.63465118
v 47.54455948 42.51648331 22.42011642
v 47.47687531 42.81648254 22.71731186
v 47.73973846 42.51648331 22.51771164
v 47.61543655 42.81648254 22.79413414
v 47.91584015 42.51648331 22.64658165
v 47.74012756 42.81648254 22.89188004
v 48.06790924 42.51648331 22.80309486
v 47.84781647 42.81648254 23.00809097
v 48.19165039 42.51648331 22.98283768
v 47.93579483 42.81648254 23.13985062
v 48.28358459 42.51648331 23.18074799
v 48.00186157 42.81648254 23.28385353
v 48.9355545 42.51648331 24.96213913
v 48.65383148 42.81648254 25.06524658
v 49.19357681 42.51648331 25.27236938
v 49.04086685 42.81648254 25.53059006
v 48.91540527 42.81648254 25.44105721
v 49.10993576 42.51648331 25.21267891
v 48.80706024 42.81648254 25.33143044
v 49.03770447 42.51648331 25.13959503
v 48.71900558 42.81648254 25.20492363
v 48.97900391 42.51648331 25.05525589
v 49.84177017 42.51648331 25.65570831
v 49.68906021 42.81648254 25.9139328
v 50.66233826 42.51648331 25.44688797
v 50.91990662 42.81648254 25.60069847
v 50.82831955 42.81648254 25.72754669
v 50.6012764 42.51648331 25.53145218
v 50.71614838 42.81648254 25.8366127
v 50.52649689 42.51648331 25.60416412
v 50.58678055 42.81648254 25.92460823
v 50.44025421 42.51648331 25.66282654
v 50.44412994 42.81648254 25.98886871
v 50.34515381 42.51648331 25.70566559
v 50.29250717 42.81648254 26.02745438
v 50.24406815 42.51648331 25.73139191
v 50.13649368 42.81648254 26.03919983
v 50.14006042 42.51648331 25.73922157
v 49.98080444 42.81648254 26.0237484
v 50.03627014 42.51648331 25.72891998
v 49.83013916 42.81648254 25.98156738
v 49.93582916 42.51648331 25.70079803
v 51.05157852 42.51648331 24.79507446
v 51.30914688 42.81648254 24.94888496
v 51.12953568 42.51648331 24.39670563
v 51.42608643 42.81648254 24.35133171
v 51.43624115 42.81648254 24.50609207
v 51.13630676 42.51648331 24.49987793
v 51.41968155 42.81648254 24.6602993
v 51.12526703 42.51648331 24.60268211
v 51.3768959 42.81648254 24.80937195
v 51.09674454 42.51648331 24.70206451
v 50.84267044 42.51648331 22.52177811
v 51.13922119 42.81648254 22.4764061
v 51.4291153 42.81648254 21.60965347
v 51.3251152 42.81648254 21.72864532
v 51.12235641 42.51648331 21.50099945
v 51.27402496 42.51648331 21.34475327
v 51.24116516 42.81648254 21.86253357
v 50.99889374 42.51648331 21.68037415
v 51.17935562 42.81648254 22.00797272
v 50.90710068 42.51648331 21.87783813
v 51.14122772 42.81648254 22.16133881
v 50.8495636 42.51648331 22.08785248
v 51.12773514 42.81648254 22.31879234
v 50.82788086 42.51648331 22.30452538
v 53.77769089 42.81648254 20.73581696
v 53.00247574 42.81648254 21.04737854
v 52.91414261 42.51648331 20.75987625
v 53.72161865 42.51648331 20.43408585
v 52.21944427 42.81648254 21.33872223
v 52.09807587 42.51648331 21.06350708
v 53.93902588 42.51648331 20.45286942
v 53.93461227 42.81648254 20.75764465
v 54.15023422 42.51648331 20.50775528
v 54.08611679 42.81648254 20.80398178
v 54.34928513 42.51648331 20.59719467
v 54.228405 42.81648254 20.87366295
v 54.53056717 42.51648331 20.71866989
v 54.35790634 42.81648254 20.96494675
v 54.6889801 42.51648331 20.86875725
v 54.47135925 42.81648254 21.07553482
v 54.8200531 42.51648331 21.04322624
v 54.56592178 42.81648254 21.20265579
v 55.82814026 42.51648331 22.65013885
v 55.57401276 42.81648254 22.8095665
v 56.14502716 42.51648331 22.89994431
v 56.04934311 42.81648254 23.18427658
v 55.90800858 42.81648254 23.12278366
v 56.05080414 42.51648331 22.85895157
v 55.77923203 42.81648254 23.03807831
v 55.96495819 42.51648331 22.80247879
v 55.66680527 42.81648254 22.93264198
v 55.89000702 42.51648331 22.73218918
v 56.85875702 42.51648331 23.14014053
v 56.76307297 42.81648254 23.4244709
v 57.61797333 42.51648331 22.76527596
v 57.90189743 42.81648254 22.8621769
v 57.83868408 42.81648254 23.00529289
v 57.57583237 42.51648331 22.86068916
v 57.75163651 42.81648254 23.13529968
v 57.51780701 42.51648331 22.94735909
v 57.64339447 42.81648254 23.24826813
v 57.44564056 42.51648331 23.02267075
v 57.51722336 42.81648254 23.34078217
v 57.36152649 42.51648331 23.08435059
v 57.37693787 42.81648254 23.41005135
v 57.26800537 42.51648331 23.1305275
v 57.22677231 42.81648254 23.45397568
v 57.16789246 42.51648331 23.15980911
v 57.07126999 42.81648254 23.47123146
v 57.06422806 42.51648331 23.17131233
v 56.91513062 42.81648254 23.46129608
v 56.96013641 42.51648331 23.16469002
v 57.86319351 42.51648331 22.04677963
v 58.14710999 42.81648254 22.14367867
v 57.85662079 42.51648331 21.64090919
v 58.13726044 42.81648254 21.53487206
v 58.17937469 42.81648254 21.68413544
v 57.88469696 42.51648331 21.74041939
v 58.19523239 42.81648254 21.83841705
v 57.89527512 42.51648331 21.84327126
v 58.18437195 42.81648254 21.99312973
v 57.88803101 42.51648331 21.94641304
v 57.186203 42.51648331 19.86659622
v 57.46684265 42.81648254 19.76055908
v 57.57019424 42.81648254 18.85247421
v 57.49320984 42.81648254 18.99048615
v 57.24754333 42.51648331 18.80997467
v 57.36341476 42.51648331 18.62560654
v 57.4389267 42.81648254 19.13890457
v 57.16407394 42.51648331 19.01109695
v 57.40870667 42.81648254 19.29401779
v 57.115345 42.51648331 19.22332954
v 57.40329742 42.81648254 19.4519577
v 57.1027298 42.51648331 19.4407196
v 57.4228363 42.81648254 19.60877609
v 57.12657166 42.51648331 19.65716553
v 59.68576431 42.81648254 17.50943756
v 58.99227142 42.81648254 17.97536659
v 58.84609222 42.51648331 17.71251297
v 59.5681839 42.51648331 17.22595596
v 58.28691864 42.81648254 18.42314529
v 58.1109848 42.51648331 18.17917824
v 59.78475189 42.51648331 17.1991272
v 59.84379578 42.81648254 17.49816132
v 60.0027504 42.51648331 17.20890236
v 60.00162506 42.81648254 17.51198578
v 60.21604538 42.51648331 17.25500298
v 60.15529633 42.81648254 17.5505619
v 60.41862488 42.51648331 17.33613205
v 60.30093765 42.81648254 17.61292648
v 60.6047821 42.51648331 17.45000458
v 60.43490982 42.81648254 17.69750977
v 60.76926422 42.51648331 17.59340858
v 60.55383301 42.81648254 17.80219078
v 62.08942413 42.51648331 18.95561409
v 61.87399292 42.81648254 19.16439438
v 62.45132446 42.51648331 19.13407516
v 62.4168396 42.81648254 19.43208694
v 62.26580811 42.81648254 19.40132523
v 62.35063553 42.51648331 19.11356735
v 62.12223816 42.81648254 19.34524345
v 62.25492096 42.51648331 19.0761795
v 61.99034119 42.81648254 19.26548767
v 62.16699219 42.51648331 19.02300835
v 63.19939423 42.51648331 19.22063065
v 63.16490936 42.81648254 19.51864052
v 63.86407852 42.51648331 18.69610977
v 64.16194153 42.81648254 18.73185921
v 64.12986755 42.81648254 18.8849926
v 63.84269714 42.51648331 18.79819679
v 64.07175446 42.81648254 19.03025436
v 63.80395508 42.51648331 18.8950386
v 63.98936462 42.81648254 19.16325951
v 63.74902725 42.51648331 18.98370934
v 63.88518524 42.81648254 19.27998543
v 63.67957687 42.51648331 19.06152534
v 63.76236343 42.81648254 19.37690544
v 63.5976944 42.51648331 19.12614059
v 63.62461472 42.81648254 19.45109177
v 63.50586319 42.51648331 19.17559624
v 63.47610092 42.81648254 19.50030136
v 63.40685272 42.51648331 19.20840263
v 63.32130432 42.81648254 19.52304649
v 63.30365753 42.51648331 19.22356796
v 63.9545517 42.51648331 17.94232941
v 64.25241089 42.81648254 17.97808075
v 63.86374664 42.51648331 17.54669189
v 64.11620331 42.81648254 17.38462448
v 64.18843079 42.81648254 17.52187347
v 63.91189575 42.51648331 17.63819122
v 64.23602295 42.81648254 17.66948318
v 63.9436264 42.51648331 17.73659706
v 64.25756073 42.81648254 17.82307243
v 63.95798492 42.51648331 17.83899117
v 62.83907318 42.51648331 15.95054054
v 63.09152985 42.81648254 15.78847313
v 63.00382614 42.81648254 14.87874508
v 62.95721436 42.81648254 15.02974606
v 62.67938995 42.51648331 14.90425587
v 62.75439835 42.51648331 14.69982624
v 62.9349823 42.81648254 15.18620586
v 62.6395607 42.51648331 15.11833763
v 62.93766785 42.81648254 15.34421444
v 62.63602448 42.51648331 15.33606434
v 62.96521759 42.81648254 15.49982643
v 62.66887665 42.51648331 15.55132675
v 63.01693344 42.81648254 15.64915562
v 62.73719788 42.51648331 15.75808525
v 64.79393005 42.81648254 13.12520409
v 64.21246338 42.81648254 13.72513676
v 64.01483154 42.51648331 13.49841881
v 64.61998749 42.51648331 12.87236309
v 63.61562729 42.81648254 14.30978012
v 63.39281082 42.51648331 14.10772419
v 64.82624054 42.51648331 12.80109501
v 64.94616699 42.81648254 13.08131695
v 65.04151154 42.51648331 12.76533031
v 65.10342407 42.81648254 13.06202412
v 65.25972748 42.51648331 12.76607704
v 65.26174927 42.81648254 13.0678091
v 65.4747467 42.51648331 12.80331516
v 65.41718292 42.81648254 13.09852982
v 65.68051147 42.51648331 12.87599468
v 65.56580353 42.81648254 13.15341091
v 65.87121582 42.51648331 12.98206806
v 65.70389557 42.81648254 13.23107719
v 67.44573975 42.51648331 14.04002953
v 67.27842712 42.81648254 14.2890377
v 67.83683777 42.51648331 14.13934708
v 67.86507416 42.81648254 14.43801498
v 67.71094513 42.81648254 14.43932724
v 67.73408508 42.51648331 14.14022255
v 67.55885315 42.81648254 14.41432095
v 67.63269043 42.51648331 14.12355042
v 67.41325378 42.81648254 14.36372948
v 67.53562927 42.51648331 14.08982372
v 68.58656311 42.51648331 14.06847763
v 68.61479187 42.81648254 14.36714649
v 69.12766266 42.51648331 13.41722298
v 69.42645264 42.81648254 13.39026356
v 69.4269104 42.81648254 13.5467186
v 69.12797546 42.51648331 13.52152634
v 69.40026855 42.81648254 13.70088959
v 69.11021423 42.51648331 13.62430668
v 69.34733582 42.81648254 13.84811783
v 69.07492065 42.51648331 13.72245789
v 69.26970673 42.81648254 13.98395348
v 69.02316284 42.51648331 13.81301498
v 69.16971588 42.81648254 14.10429096
v 68.95651245 42.51648331 13.89324093
v 69.05039978 42.81648254 14.20549488
v 68.87696838 42.51648331 13.96071053
v 68.9153595 42.81648254 14.2845068
v 68.78694153 42.51648331 14.01338577
v 68.76868439 42.81648254 14.33893967
v 68.68914795 42.51648331 14.04967308
v 69.05944061 42.51648331 12.6611042
v 69.35823059 42.81648254 12.63414478
v 68.88835907 42.51648331 12.2929945
v 69.10160065 42.81648254 12.08197975
v 69.20079041 42.81648254 12.20121193
v 68.95448303 42.51648331 12.3724823
v 69.2780304 42.81648254 12.33570099
v 69.00597382 42.51648331 12.46214104
v 69.33103943 42.81648254 12.48145485
v 69.04131317 42.51648331 12.55931091
v 67.55422211 42.51648331 10.94476128
v 67.76747131 42.81648254 10.73374748
v 67.49253082 42.81648254 9.86213493
v 67.47834015 42.81648254 10.01952744
v 67.18049622 42.51648331 9.95454216
v 67.21135712 42.51648331 9.73898506
v 67.48912048 42.81648254 10.17719078
v 67.18604279 42.51648331 10.17222595
v 67.52459717 42.81648254 10.33118725
v 67.22785187 42.51648331 10.38593102
v 67.58390045 42.81648254 10.47767162
v 67.30474091 42.51648331 10.58965778
v 67.66553497 42.81648254 10.61298466
v 67.41455841 42.51648331 10.77769375
v 68.8789444 42.81648254 7.77472878
v 68.43491364 42.81648254 8.48244476
v 68.19445801 42.51648331 8.30177212
v 68.65622711 42.51648331 7.56357908
v 67.97267151 42.81648254 9.1784029
v 67.71271515 42.51648331 9.02708817
v 68.84315491 42.51648331 7.45098543
v 69.01872253 42.81648254 7.70014858
v 69.04628754 42.51648331 7.37124491
v 69.16853333 42.81648254 7.64858246
v 69.2598877 42.51648331 7.32660532
v 69.32460022 42.81648254 7.62132359
v 69.47795105 42.51648331 7.31832457
v 69.4830246 42.81648254 7.61905622
v 69.69432831 42.51648331 7.34663534
v 69.63980865 42.81648254 7.6418376
v 69.90292358 42.51648331 7.41074133
v 69.79103851 42.81648254 7.6890955
v 71.66300964 42.51648331 8.11822033
v 71.55111694 42.81648254 8.39657497
v 72.06620026 42.51648331 8.13405418
v 72.15591431 42.81648254 8.42032623
v 72.00543213 42.81648254 8.45365524
v 71.96588135 42.51648331 8.15627384
v 71.85145569 42.81648254 8.46081734
v 71.86323547 42.51648331 8.16104794
v 71.69852448 42.81648254 8.44160271
v 71.76127625 42.51648331 8.14823914
v 72.7848053 42.51648331 7.9088583
v 72.87451935 42.81648254 8.19513035
v 73.17868805 42.51648331 7.15933228
v 73.46533966 42.81648254 7.07084131
v 73.49832153 42.81648254 7.22378063
v 73.20067596 42.51648331 7.2612915
v 73.50431824 42.81648254 7.38012123
v 73.20466614 42.51648331 7.36551857
v 73.48314667 42.81648254 7.53513861
v 73.19055176 42.51648331 7.46886349
v 73.43544769 42.81648254 7.68414688
v 73.15876007 42.51648331 7.5682025
v 73.3626709 42.81648254 7.82264328
v 73.11024475 42.51648331 7.66053391
v 73.26699829 42.81648254 7.94644308
v 73.04646301 42.51648331 7.74306679
v 73.15133667 42.81648254 8.05180454
v 72.96935272 42.51648331 7.81330776
v 73.01918793 42.81648254 8.13554382
v 72.88124847 42.51648331 7.86913395
v 72.95474243 42.51648331 6.43392134
v 73.24140167 42.81648254 6.3454299
v 72.71086884 42.51648331 6.10942554
v 72.87557983 42.81648254 5.85868645
v 72.99738312 42.81648254 5.95469046
v 72.79206848 42.51648331 6.17342854
v 73.10089874 42.81648254 6.07018232
v 72.86108398 42.51648331 6.25042248
v 73.18305206 42.81648254 6.20173073
v 72.91584778 42.51648331 6.33812141
v 71.1255722 42.51648331 5.06803703
v 71.2902832 42.81648254 4.81729841
v 70.8401413 42.81648254 4.02189398
v 70.85897827 42.81648254 4.17879868
v 70.55413055 42.51648331 4.17715883
v 70.539505 42.51648331 3.95989561
v 70.9023056 42.81648254 4.33077574
v 70.60482025 42.51648331 4.3889327
v 70.96902466 42.81648254 4.47403002
v 70.6901474 42.51648331 4.58927441
v 71.05748749 42.81648254 4.60498428
v 70.80771637 42.51648331 4.77256393
v 71.16547394 42.81648254 4.72036743
v 70.95422363 42.51648331 4.93365812
v 71.76225281 42.81648254 1.69185281
v 71.47507477 42.81648254 2.47642231
v 71.20230865 42.51648331 2.34969139
v 71.50050354 42.51648331 1.53162253
v 71.16763306 42.81648254 3.2532773
v 70.88189697 42.51648331 3.15931678
v 71.65994263 42.51648331 1.38262403
v 71.88347626 42.81648254 1.58984017
v 71.84205627 42.51648331 1.26239324
v 72.01928711 42.81648254 1.50825357
v 72.0417099 42.51648331 1.17431808
v 72.16628265 42.81648254 1.44914091
v 72.25328827 42.51648331 1.12088037
v 72.32077026 42.81648254 1.41398621
v 72.4708252 42.51648331 1.10358584
v 72.47887421 42.81648254 1.40367162
v 72.68818665 42.51648331 1.12292171
v 72.63661194 42.81648254 1.41845632
v 74.55690002 42.51648331 1.44899845
v 74.50532532 42.81648254 1.74453306
v 74.95457458 42.51648331 1.38065755
v 75.10184479 42.81648254 1.64202166
v 74.96157837 42.81648254 1.70591009
v 74.8610611 42.51648331 1.42324984
v 74.81246185 42.81648254 1.74492717
v 74.76165009 42.51648331 1.44926119
v 74.65888214 42.81648254 1.75792861
v 74.65926361 42.51648331 1.4579289
v 75.61065674 42.51648331 1.01097631
v 75.75792694 42.81648254 1.27234042
v 75.84008789 42.51648331 0.19593687
v 76.1020813 42.81648254 0.04978133
v 76.16614532 42.81648254 0.19252199
v 75.88279724 42.51648331 0.29109734
v 76.20451355 42.81648254 0.34419957
v 75.9083786 42.51648331 0.3922157
v 76.21603394 42.81648254 0.50023031
v 75.9160614 42.51648331 0.49623621
v 76.20036316 42.81648254 0.65589899
v 75.90561676 42.51648331 0.60001528
v 76.15796661 42.81648254 0.80650115
v 75.87734985 42.51648331 0.7004168
v 76.09013367 42.81648254 0.94748563
v 75.8321228 42.51648331 0.79440647
v 75.99890137 42.81648254 1.07459188
v 75.7713089 42.51648331 0.87914395
v 75.88703918 42.81648254 1.18397868
v 75.69673157 42.51648331 0.95206851
v 75.4702301 42.51648331 -0.46706259
v 75.73221588 42.81648254 -0.61321813
v 75.16420746 42.51648331 -0.73376191
v 75.27319336 42.81648254 -1.01326716
v 75.41230011 42.81648254 -0.94468582
v 75.25695038 42.51648331 -0.68804097
v 75.53755951 42.81648254 -0.85324043
v 75.3404541 42.51648331 -0.62707746
v 75.6452713 42.81648254 -0.74164653
v 75.41226196 42.51648331 -0.55268157
v 73.39704132 42.51648331 -1.42279208
v 73.50601959 42.81648254 -1.70229733
v 72.90034485 42.81648254 -2.38672948
v 72.95139313 42.81648254 -2.23717093
v 72.65286255 42.51648331 -2.17539334
v 72.59338379 42.51648331 -2.38486743
v 73.02536774 42.81648254 -2.09752226
v 72.74647522 42.51648331 -1.97878611
v 73.12041473 42.81648254 -1.97127104
v 72.87158966 42.51648331 -1.80056202
v 73.23416901 42.81648254 -1.86157036
v 73.02469635 42.51648331 -1.64572167
v 73.36378479 42.81648254 -1.77115977
v 73.20149994 42.51648331 -1.51860952
v 73.31786346 42.81648254 -4.85757256
v 73.20008087 42.81648254 -4.0304389
v 72.90692139 42.51648331 -4.09769011
v 73.02851868 42.51648331 -4.95988083
v 73.06086731 42.81648254 -3.20663977
v 72.76184845 42.51648331 -3.23913908
v 73.15349579 42.51648331 -5.13877153
v 73.4152298 42.81648254 -4.98255968
v 73.30662537 42.51648331 -5.29423809
v 73.53110504 42.81648254 -5.09060001
v 73.48361206 42.51648331 -5.42190027
v 73.66259766 42.81648254 -5.17898321
v 73.67945099 42.51648331 -5.51815939
v 73.80640411 42.81648254 -5.24548912
v 73.88863373 42.51648331 -5.58030367
v 73.95890045 42.81648254 -5.28844881
v 74.10527039 42.51648331 -5.60658216
v 74.11627197 42.81648254 -5.30678368
v 76.00094604 42.51648331 -5.67615891
v 76.01194763 42.81648254 -5.37636042
v 76.37572479 42.51648331 -5.82568836
v 76.57411194 42.81648254 -5.60065508
v 76.45019531 42.81648254 -5.50899935
v 76.29311371 42.51648331 -5.76458454
v 76.31245422 42.81648254 -5.43983221
v 76.20127869 42.51648331 -5.71847343
v 76.16492462 42.81648254 -5.39518309
v 76.10292816 42.51648331 -5.6887064
v 76.94060516 42.51648331 -6.32369757
v 77.13899231 42.81648254 -6.09866428
v 76.99557495 42.51648331 -7.16862917
v 77.22145081 42.81648254 -7.36606121
v 77.31378174 42.81648254 -7.23975849
v 77.05712891 42.51648331 -7.08442688
v 77.38285065 42.81648254 -7.09937334
v 77.1031723 42.51648331 -6.9908371
v 77.42655945 42.81648254 -6.9491477
v 77.13231659 42.51648331 -6.89068699
v 77.44360352 42.81648254 -6.79362249
v 77.14366913 42.51648331 -6.78700256
v 77.43344116 42.81648254 -6.63749647
v 77.13690186 42.51648331 -6.6829195
v 77.39640045 42.81648254 -6.48548889
v 77.11220551 42.51648331 -6.58158064
v 77.33359528 42.81648254 -6.3421936
v 77.07033539 42.51648331 -6.48605061
v 77.24691772 42.81648254 -6.21193933
v 77.01255035 42.51648331 -6.39921427
v 76.49594116 42.51648331 -7.74024057
v 76.72181702 42.81648254 -7.93767357
v 76.14115906 42.51648331 -7.9374876
v 76.18965149 42.81648254 -8.2335434
v 76.33997345 42.81648254 -8.19538212
v 76.24137878 42.51648331 -7.91204691
v 76.48151398 42.81648254 -8.13197994
v 76.33573914 42.51648331 -7.86977816
v 76.61006927 42.81648254 -8.04521751
v 76.42144012 42.51648331 -7.81193733
v 74.26934814 42.51648331 -8.24404621
v 74.31784058 42.81648254 -8.54010201
v 73.58309174 42.81648254 -9.08364964
v 73.66412354 42.81648254 -8.9479723
v 73.38496399 42.51648331 -8.8254776
v 73.28322601 42.51648331 -9.01800823
v 73.76551819 42.81648254 -8.82675552
v 73.51740265 42.51648331 -8.65262985
v 73.88474274 42.81648254 -8.72302628
v 73.67684174 42.51648331 -8.50431252
v 74.01881409 42.81648254 -8.63937283
v 73.85879517 42.51648331 -8.38468933
v 74.16439056 42.81648254 -8.57788658
v 74.0581665 42.51648331 -8.29711437
v 73.47777557 42.81648254 -11.58730602
v 73.53453064 42.81648254 -10.75375748
v 73.2338028 42.51648331 -10.75858974
v 73.1734848 42.51648331 -11.62722111
v 73.56964874 42.81648254 -9.91901875
v 73.270401 42.51648331 -9.88863659
v 73.25852966 42.51648331 -11.82818604
v 73.54702759 42.81648254 -11.72980499
v 73.37599945 42.51648331 -12.0120945
v 73.63790894 42.81648254 -11.85957813
v 73.52256775 42.51648331 -12.17376232
v 73.74815369 42.81648254 -11.97336769
v 73.69412231 42.51648331 -12.30863571
v 73.87498474 42.81648254 -12.06831932
v 73.88581085 42.51648331 -12.41291428
v 74.01522064 42.81648254 -12.14204693
v 74.09224701 42.51648331 -12.48365879
v 74.16533661 42.81648254 -12.19269943
v 75.93202972 42.51648331 -12.94584751
v 76.00512695 42.81648254 -12.65488815
v 76.26753235 42.51648331 -13.17003155
v 76.50837708 42.81648254 -12.99116325
v 76.40621948 42.81648254 -12.87574673
v 76.19942474 42.51648331 -13.09308624
v 76.28586578 42.81648254 -12.77945137
v 76.1191864 42.51648331 -13.02888966
v 76.15084839 42.81648254 -12.70510578
v 76.0291748 42.51648331 -12.97932625
v 76.71652222 42.51648331 -13.77460384
v 76.95736694 42.81648254 -13.59573555
v 76.59461975 42.51648331 -14.61249924
v 76.77451324 42.81648254 -14.85258007
v 76.89109039 42.81648254 -14.74823475
v 76.67234039 42.51648331 -14.54293633
v 76.98783875 42.81648254 -14.62527657
v 76.73683929 42.51648331 -14.4609642
v 77.06182861 42.81648254 -14.48742294
v 76.78616333 42.51648331 -14.36906052
v 77.11082458 42.81648254 -14.33883667
v 76.8188324 42.51648331 -14.27000427
v 77.13334656 42.81648254 -14.18401146
v 76.83384705 42.51648331 -14.16678619
v 77.12872314 42.81648254 -14.02762413
v 76.83075714 42.51648331 -14.06252861
v 77.09708405 42.81648254 -13.87440205
v 76.80966187 42.51648331 -13.96038055
v 77.03938293 42.81648254 -13.72897339
v 76.77120209 42.51648331 -13.86342907
v 75.98706055 42.51648331 -15.06774044
v 76.16696167 42.81648254 -15.30782127
v 75.59902954 42.51648331 -15.18691444
v 75.5848999 42.81648254 -15.4865818
v 75.73987579 42.81648254 -15.4805088
v 75.7023468 42.51648331 -15.1828661
v 75.89150238 42.81648254 -15.44791985
v 75.80343628 42.51648331 -15.16114044
v 76.03529358 42.81648254 -15.38978195
v 75.89928436 42.51648331 -15.12238121
v 73.70438385 42.51648331 -15.09760284
v 73.69025421 42.81648254 -15.3972702
v 72.85855865 42.81648254 -15.77617741
v 72.96602631 42.81648254 -15.66031361
v 72.71843719 42.51648331 -15.4824543
v 72.57889557 42.51648331 -15.64962482
v 73.09040833 42.81648254 -15.5628252
v 72.88391876 42.51648331 -15.34091949
v 73.22859192 42.81648254 -15.48614979
v 73.07070923 42.51648331 -15.22899151
v 73.3771286 42.81648254 -15.43220043
v 73.27355957 42.51648331 -15.1498127
v 73.53231049 42.81648254 -15.40232563
v 73.48677826 42.51648331 -15.10560226
v 72.23500061 42.81648254 -18.20322609
v 72.46382141 42.81648254 -17.39969444
v 72.16866302 42.51648331 -17.34189606
v 71.92906189 42.51648331 -18.17900276
v 72.67172241 42.81648254 -16.59049606
v 72.3853302 42.51648331 -16.49855995
v 71.97046661 42.51648331 -18.39325905
v 72.27310944 42.81648254 -18.35700798
v 72.04712677 42.51648331 -18.59757042
v 72.3350296 42.81648254 -18.50284386
v 72.15689087 42.51648331 -18.7861805
v 72.41920471 42.81648254 -18.63706779
v 72.29664612 42.51648331 -18.9537735
v 72.52352142 42.81648254 -18.75631142
v 72.46247101 42.51648331 -19.09562874
v 72.64537048 42.81648254 -18.85758591
v 72.64968109 42.51648331 -19.20774841
v 72.78166962 42.81648254 -18.93834305
v 74.35316467 42.51648331 -20.04234695
v 74.48516083 42.81648254 -19.7729454
v 74.63472748 42.51648331 -20.33138657
v 74.90750122 42.81648254 -20.20650482
v 74.83157349 42.81648254 -20.07236862
v 74.58410645 42.51648331 -20.24196434
v 74.73387146 42.81648254 -19.95315552
v 74.5189743 42.51648331 -20.16248894
v 74.61725616 42.81648254 -19.85236359
v 74.44123077 42.51648331 -20.09529305
v 74.94821167 42.51648331 -21.01609993
v 75.22098541 42.81648254 -20.89121628
v 74.65476227 42.51648331 -21.81034088
v 74.7808075 42.81648254 -22.08257675
v 74.91653442 42.81648254 -22.0047493
v 74.74524689 42.51648331 -21.75845718
v 75.03672791 42.81648254 -21.90459251
v 74.82537842 42.51648331 -21.69168472
v 75.13776398 42.81648254 -21.78513527
v 74.89273834 42.51648331 -21.61204529
v 75.21658325 42.81648254 -21.64998245
v 74.94528198 42.51648331 -21.52194595
v 75.27081299 42.81648254 -21.50322342
v 74.98143005 42.51648331 -21.42410469
v 75.29879761 42.81648254 -21.34929276
v 75.00008392 42.51648331 -21.32148552
v 75.29969788 42.81648254 -21.19283867
v 75.00069427 42.51648331 -21.21718216
v 75.27349854 42.81648254 -21.03859329
v 74.98322296 42.51648331 -21.11435127
v 73.96583557 42.51648331 -22.12931633
v 74.0918808 42.81648254 -22.4015522
v 73.56149292 42.51648331 -22.16520691
v 73.48538208 42.81648254 -22.45538902
v 73.63822174 42.81648254 -22.48167038
v 73.66339874 42.51648331 -22.18272972
v 73.7933197 42.81648254 -22.48131943
v 73.7667923 42.51648331 -22.18249321
v 73.94604492 42.81648254 -22.4543457
v 73.8686142 42.51648331 -22.16451263
v 71.72682953 42.51648331 -21.68392944
v 71.65070343 42.81648254 -21.97410965
v 70.75839996 42.81648254 -22.17181969
v 70.88761139 42.81648254 -22.08082962
v 70.68240356 42.51648331 -21.85538101
v 70.5111618 42.51648331 -21.98988724
v 71.02954102 42.81648254 -22.01133347
v 70.873703 42.51648331 -21.75134468
v 71.18064117 42.81648254 -21.9650631
v 71.0796814 42.51648331 -21.68069839
v 71.33715057 42.81648254 -21.94317627
v 71.29456329 42.51648331 -21.64542389
v 71.49515533 42.81648254 -21.94621658
v 71.51231384 42.51648331 -21.64651108
v 69.64385223 42.81648254 -24.41618347
v 70.03474426 42.81648254 -23.67778778
v 69.75804901 42.51648331 -23.55988503
v 69.34963989 42.51648331 -24.32888222
v 70.40634155 42.81648254 -22.92949677
v 70.14532471 42.51648331 -22.78002548
v 69.34559631 42.51648331 -24.54706573
v 69.64916229 42.81648254 -24.57452965
v 69.37810516 42.51648331 -24.76285172
v 69.67940521 42.81648254 -24.73005295
v 69.44625092 42.51648331 -24.97015953
v 69.73384094 42.81648254 -24.87884521
v 69.54810333 42.51648331 -25.16314697
v 69.81108093 42.81648254 -25.01717377
v 69.68081665 42.51648331 -25.33638
v 69.90920258 42.81648254 -25.14156532
v 69.84062958 42.51648331 -25.484972
v 70.02574158 42.81648254 -25.24889946
v 71.33335876 42.51648331 -26.65550995
v 71.51848602 42.81648254 -26.41943741
v 71.54867554 42.51648331 -26.99677277
v 71.84144592 42.81648254 -26.93132782
v 71.79506683 42.81648254 -26.7843399
v 71.5177536 42.51648331 -26.89878082
v 71.72428894 42.81648254 -26.64741898
v 71.4705658 42.51648331 -26.80749893
v 71.63117981 42.81648254 -26.52458382
v 71.40849304 42.51648331 -26.72560883
v 71.71295166 42.51648331 -27.7317009
v 72.00572205 42.81648254 -27.66625595
v 71.26078033 42.51648331 -28.44757271
v 71.32746887 42.81648254 -28.74006462
v 71.47640991 42.81648254 -28.69215775
v 71.3600769 42.51648331 -28.41563416
v 71.61480713 42.81648254 -28.61917877
v 71.45233917 42.51648331 -28.36698341
v 71.73846436 42.81648254 -28.52333832
v 71.53478241 42.51648331 -28.30308723
v 71.84366608 42.81648254 -28.40752792
v 71.6049118 42.51648331 -28.22588158
v 71.92721558 42.81648254 -28.27525139
v 71.66060638 42.51648331 -28.13769531
v 71.98660278 42.81648254 -28.13050079
v 71.70020294 42.51648331 -28.04119492
v 72.02001953 42.81648254 -27.97765541
v 71.72247314 42.51648331 -27.93929863
v 72.02645111 42.81648254 -27.82133293
v 71.72676849 42.51648331 -27.83508301
v 70.52058411 42.51648331 -28.61634064
v 70.58728027 42.81648254 -28.90883446
v 70.11763 42.51648331 -28.56738281
v 69.98283386 42.81648254 -28.83539581
v 70.12688446 42.81648254 -28.89288139
v 70.21365356 42.51648331 -28.60570717
v 70.27865601 42.81648254 -28.92478561
v 70.31484222 42.51648331 -28.62697411
v 70.43366241 42.81648254 -28.93015289
v 70.41817474 42.51648331 -28.6305542
v 68.42311096 42.51648331 -27.71517181
v 68.28832245 42.81648254 -27.98318672
v 67.51971436 42.81648254 -27.92891502
v 67.36586761 42.51648331 -27.66572952
v 67.67298889 42.81648254 -27.89044571
v 67.57460785 42.51648331 -27.60373878
v 67.83041382 42.81648254 -27.87660408
v 67.79077148 42.51648331 -27.57746124
v 67.98805237 42.81648254 -27.88773537
v 68.00829315 42.51648331 -27.58763313
v 68.14196777 42.81648254 -27.9235611
v 68.22106171 42.51648331 -27.63397217
v 16.97664452 46.2414856 12.14430428
v 16.97664452 49.66648483 12.14430428
v 16.97664452 53.09148407 12.14430428
v 16.97939301 53.09148407 12.3027153
v 16.95708847 53.09148407 12.45957279
v 16.91028976 53.09148407 12.61093903
v 16.84017372 53.09148407 12.75301361
v 16.84017372 49.66648483 12.75301361
v 16.84017372 46.2414856 12.75301361
v 16.91028976 46.2414856 12.61093903
v 16.95708847 46.2414856 12.45957279
v 16.97939301 46.2414856 12.3027153
v 16.97939301 49.66648483 12.3027153
v 16.95708847 49.66648483 12.45957279
v 16.91028976 49.66648483 12.61093903
v 15.44337368 45.55648422 14.46382904
v 15.44337368 48.2964859 14.46382904
v 15.44337368 51.03648376 14.46382904
v 15.377841 48.2964859 14.60333729
v 15.377841 51.03648376 14.60333729
v 15.33707428 48.2964859 14.75198269
v 15.33707428 51.03648376 14.75198269
v 15.33707428 45.55648422 14.75198269
v 15.377841 45.55648422 14.60333729
v 15.33707428 53.77648163 14.75198269
v 15.377841 53.77648163 14.60333729
v 15.44337368 53.77648163 14.46382904
v 15.3263483 46.2414856 15.81442261
v 15.3263483 49.66648483 15.81442261
v 15.3263483 53.09148407 15.81442261
v 15.36515045 53.09148407 15.96599007
v 15.42961311 53.09148407 16.10854912
v 15.51779175 53.09148407 16.23778915
v 15.62701988 53.09148407 16.34980392
v 15.7539959 53.09148407 16.4412117
v 15.89488411 53.09148407 16.50924873
v 16.04542542 53.09148407 16.5518589
v 16.04542542 49.66648483 16.5518589
v 16.04542542 46.2414856 16.5518589
v 15.89488411 46.2414856 16.50924873
v 15.7539959 46.2414856 16.4412117
v 15.62701988 46.2414856 16.34980392
v 15.51779175 46.2414856 16.23778915
v 15.42961311 46.2414856 16.10854912
v 15.36515045 46.2414856 15.96599007
v 15.36515045 49.66648483 15.96599007
v 15.42961311 49.66648483 16.10854912
v 15.51779175 49.66648483 16.23778915
v 15.62701988 49.66648483 16.34980392
v 15.7539959 49.66648483 16.4412117
v 15.89488411 49.66648483 16.50924873
v 17.11487579 45.55648422 16.56785393
v 17.11487579 48.2964859 16.56785393
v 17.11487579 51.03648376 16.56785393
v 17.26537323 48.2964859 16.53037453
v 17.26537323 51.03648376 16.53037453
v 17.40719986 48.2964859 16.46761322
v 17.40719986 51.03648376 16.46761322
v 17.40719986 45.55648422 16.46761322
v 17.26537323 45.55648422 16.53037453
v 17.40719986 53.77648163 16.46761322
v 17.26537323 53.77648163 16.53037453
v 17.11487579 53.77648163 16.56785393
v 19.14720345 46.2414856 15.10678482
v 19.14720345 49.66648483 15.10678482
v 19.14720345 53.09148407 15.10678482
v 19.290308 53.09148407 15.03974152
v 19.44218826 53.09148407 14.99607944
v 19.59905052 53.09148407 14.97688866
v 19.75697708 53.09148407 14.98264885
v 19.75697708 49.66648483 14.98264885
v 19.75697708 46.2414856 14.98264885
v 19.59905052 46.2414856 14.97688866
v 19.44218826 46.2414856 14.99607944
v 19.290308 46.2414856 15.03974152
v 19.290308 49.66648483 15.03974152
v 19.44218826 49.66648483 14.99607944
v 19.59905052 49.66648483 14.97688866
v 21.90263557 46.2414856 16.75703812
v 21.90263557 49.66648483 16.75703812
v 21.90263557 53.09148407 16.75703812
v 21.93825912 53.09148407 16.9114151
v 21.94905472 53.09148407 17.0694809
v 21.9347496 53.09148407 17.22727013
v 21.89570427 53.09148407 17.38081741
v 21.89570427 49.66648483 17.38081741
v 21.89570427 46.2414856 17.38081741
v 21.9347496 46.2414856 17.22727013
v 21.94905472 46.2414856 17.0694809
v 21.93825912 46.2414856 16.9114151
v 21.93825912 49.66648483 16.9114151
v 21.94905472 49.66648483 17.0694809
v 21.9347496 49.66648483 17.22727013
v 20.88512611 45.55648422 19.3446579
v 20.88512611 48.2964859 19.3446579
v 20.88512611 51.03648376 19.3446579
v 20.8500309 48.2964859 19.49474525
v 20.8500309 51.03648376 19.49474525
v 20.84106064 48.2964859 19.64861679
v 20.84106064 51.03648376 19.64861679
v 20.84106064 45.55648422 19.64861679
v 20.8500309 45.55648422 19.49474525
v 20.84106064 53.77648163 19.64861679
v 20.8500309 53.77648163 19.49474525
v 20.88512611 53.77648163 19.3446579
v 21.05146217 46.2414856 20.6900692
v 21.05146217 49.66648483 20.6900692
v 21.05146217 53.09148407 20.6900692
v 21.12092972 53.09148407 20.83025932
v 21.21362495 53.09148407 20.95629883
v 21.32674408 53.09148407 21.06438065
v 21.45687485 53.09148407 21.1512394
v 21.6000824 53.09148407 21.21424866
v 21.75203705 53.09148407 21.25150681
v 21.90814781 53.09148407 21.26188469
v 21.90814781 49.66648483 21.26188469
v 21.90814781 46.2414856 21.26188469
v 21.75203705 46.2414856 21.25150681
v 21.6000824 46.2414856 21.21424866
v 21.45687485 46.2414856 21.1512394
v 21.32674408 46.2414856 21.06438065
v 21.21362495 46.2414856 20.95629883
v 21.12092972 46.2414856 20.83025932
v 21.12092972 49.66648483 20.83025932
v 21.21362495 49.66648483 20.95629883
v 21.32674408 49.66648483 21.06438065
v 21.45687485 49.66648483 21.1512394
v 21.6000824 49.66648483 21.21424866
v 21.75203705 49.66648483 21.25150681
v 22.95755386 45.55648422 21.0551815
v 22.95755386 48.2964859 21.0551815
v 22.95755386 51.03648376 21.0551815
v 23.0969696 48.2964859 20.98723221
v 23.0969696 51.03648376 20.98723221
v 23.22264671 48.2964859 20.89635468
v 23.22264671 51.03648376 20.89635468
v 23.22264671 45.55648422 20.89635468
v 23.0969696 45.55648422 20.98723221
v 23.22264671 53.77648163 20.89635468
v 23.0969696 53.77648163 20.98723221
v 22.95755386 53.77648163 21.0551815
v 24.64169693 46.2414856 19.20349693
v 24.64169693 49.66648483 19.20349693
v 24.64169693 53.09148407 19.20349693
v 24.76773453 53.09148407 19.10816383
v 24.90721703 53.09148407 19.03387833
v 25.05666351 53.09148407 18.98249435
v 25.21233559 53.09148407 18.95529366
v 25.21233559 49.66648483 18.95529366
v 25.21233559 46.2414856 18.95529366
v 25.05666351 46.2414856 18.98249435
v 24.90721703 46.2414856 19.03387833
v 24.76773453 46.2414856 19.10816383
v 24.76773453 49.66648483 19.10816383
v 24.90721703 49.66648483 19.03387833
v 25.05666351 49.66648483 18.98249435
v 27.68002319 46.2414856 20.24479866
v 27.68002319 49.66648483 20.24479866
v 27.68002319 53.09148407 20.24479866
v 27.74696541 53.09148407 20.38839722
v 27.79039001 53.09148407 20.54076385
v 27.80920219 53.09148407 20.69808006
v 27.80293465 53.09148407 20.85639
v 27.80293465 49.66648483 20.85639
v 27.80293465 46.2414856 20.85639
v 27.80920219 46.2414856 20.69808006
v 27.79039001 46.2414856 20.54076385
v 27.74696541 46.2414856 20.38839722
v 27.74696541 49.66648483 20.38839722
v 27.79039001 49.66648483 20.54076385
v 27.80920219 49.66648483 20.69808006
v 27.2227459 45.55648422 22.98742676
v 27.2227459 48.2964859 22.98742676
v 27.2227459 51.03648376 22.98742676
v 27.21962166 48.2964859 23.14152908
v 27.21962166 51.03648376 23.14152908
v 27.24283981 48.2964859 23.29390526
v 27.24283981 51.03648376 23.29390526
v 27.24283981 45.55648422 23.29390526
v 27.21962166 45.55648422 23.14152908
v 27.24283981 53.77648163 23.29390526
v 27.21962166 53.77648163 23.14152908
v 27.2227459 53.77648163 22.98742676
v 27.66517448 46.2414856 24.26885605
v 27.66517448 49.66648483 24.26885605
v 27.66517448 53.09148407 24.26885605
v 27.76226807 53.09148407 24.39153671
v 27.87914276 53.09148407 24.49555206
v 28.01226425 53.09148407 24.57775116
v 28.15761185 53.09148407 24.63565826
v 28.3107872 53.09148407 24.6675148
v 28.46716881 53.09148407 24.67236519
v 28.62202644 53.09148407 24.65006065
v 28.62202644 49.66648483 24.65006065
v 28.62202644 46.2414856 24.65006065
v 28.46716881 46.2414856 24.67236519
v 28.3107872 46.2414856 24.6675148
v 28.15761185 46.2414856 24.63565826
v 28.01226425 46.2414856 24.57775116
v 27.87914276 46.2414856 24.49555206
v 27.76226807 46.2414856 24.39153671
v 27.76226807 49.66648483 24.39153671
v 27.87914276 49.66648483 24.49555206
v 28.01226425 49.66648483 24.57775116
v 28.15761185 49.66648483 24.63565826
v 28.3107872 49.66648483 24.6675148
v 28.46716881 49.66648483 24.67236519
v 29.60552216 45.55648422 24.22968864
v 29.60552216 48.2964859 24.22968864
v 29.60552216 51.03648376 24.22968864
v 29.72776413 48.2964859 24.13423729
v 29.72776413 51.03648376 24.13423729
v 29.83180237 48.2964859 24.01921463
v 29.83180237 51.03648376 24.01921463
v 29.83180237 45.55648422 24.01921463
v 29.72776413 45.55648422 24.13423729
v 29.83180237 53.77648163 24.01921463
v 29.72776413 53.77648163 24.13423729
v 29.60552216 53.77648163 24.22968864
v 30.86787796 46.2414856 22.0683136
v 30.86787796 49.66648483 22.0683136
v 30.86787796 53.09148407 22.0683136
v 30.97133827 53.09148407 21.94886208
v 31.09232903 53.09148407 21.84719849
v 31.22782516 53.09148407 21.76586533
v 31.37443924 53.09148407 21.70689392
v 31.37443924 49.66648483 21.70689392
v 31.37443924 46.2414856 21.70689392
v 31.22782516 46.2414856 21.76586533
v 31.09232903 46.2414856 21.84719849
v 30.97133827 46.2414856 21.94886208
v 30.97133827 49.66648483 21.94886208
v 31.09232903 49.66648483 21.84719849
v 31.22782516 49.66648483 21.76586533
v 34.05630493 46.2414856 22.45516014
v 34.05630493 49.66648483 22.45516014
v 34.05630493 53.09148407 22.45516014
v 34.15164185 53.09148407 22.58170128
v 34.22579575 53.09148407 22.72171211
v 34.27690887 53.09148407 22.87167549
v 34.30369186 53.09148407 23.02783012
v 34.30369186 49.66648483 23.02783012
v 34.30369186 46.2414856 23.02783012
v 34.27690887 46.2414856 22.87167549
v 34.22579575 46.2414856 22.72171211
v 34.15164185 46.2414856 22.58170128
v 34.15164185 49.66648483 22.58170128
v 34.22579575 49.66648483 22.72171211
v 34.27690887 49.66648483 22.87167549
v 34.179245 45.55648422 25.23292732
v 34.179245 48.2964859 25.23292732
v 34.179245 51.03648376 25.23292732
v 34.20822906 48.2964859 25.38431168
v 34.20822906 51.03648376 25.38431168
v 34.26262283 48.2964859 25.52853012
v 34.26262283 51.03648376 25.52853012
v 34.26262283 45.55648422 25.52853012
v 34.20822906 45.55648422 25.38431168
v 34.26262283 53.77648163 25.52853012
v 34.20822906 53.77648163 25.38431168
v 34.179245 53.77648163 25.23292732
v 34.87842941 46.2414856 26.39436722
v 34.87842941 49.66648483 26.39436722
v 34.87842941 53.09148407 26.39436722
v 34.998909 53.09148407 26.49418068
v 35.13485718 53.09148407 26.57162094
v 35.2821579 53.09148407 26.6243515
v 35.43636703 53.09148407 26.65077019
v 35.59282303 53.09148407 26.65008545
v 35.74679565 53.09148407 26.62231636
v 35.89362717 53.09148407 26.56830025
v 35.89362717 49.66648483 26.56830025
v 35.89362717 46.2414856 26.56830025
v 35.74679565 46.2414856 26.62231636
v 35.59282303 46.2414856 26.65008545
v 35.43636703 46.2414856 26.65077019
v 35.2821579 46.2414856 26.6243515
v 35.13485718 46.2414856 26.57162094
v 34.998909 46.2414856 26.49418068
v 34.998909 49.66648483 26.49418068
v 35.13485718 49.66648483 26.57162094
v 35.2821579 49.66648483 26.6243515
v 35.43636703 49.66648483 26.65077019
v 35.59282303 49.66648483 26.65008545
v 35.74679565 49.66648483 26.62231636
v 36.76823425 45.55648422 25.95263481
v 36.76823425 48.2964859 25.95263481
v 36.76823425 51.03648376 25.95263481
v 36.86795807 48.2964859 25.83385468
v 36.86795807 51.03648376 25.83385468
v 36.94580841 48.2964859 25.69971466
v 36.94580841 51.03648376 25.69971466
v 36.94580841 45.55648422 25.69971466
v 36.86795807 45.55648422 25.83385468
v 36.94580841 53.77648163 25.69971466
v 36.86795807 53.77648163 25.83385468
v 36.76823425 53.77648163 25.95263481
v 37.55362701 46.2414856 23.57603455
v 37.55362701 49.66648483 23.57603455
v 37.55362701 53.09148407 23.57603455
v 37.62999725 53.09148407 23.4376812
v 37.72720337 53.09148407 23.31308365
v 37.84283066 53.09148407 23.2053566
v 37.97397995 53.09148407 23.11719131
v 37.97397995 49.66648483 23.11719131
v 37.97397995 46.2414856 23.11719131
v 37.84283066 46.2414856 23.2053566
v 37.72720337 46.2414856 23.31308365
v 37.62999725 46.2414856 23.4376812
v 37.62999725 49.66648483 23.4376812
v 37.72720337 49.66648483 23.31308365
v 37.84283066 49.66648483 23.2053566
v 40.75281143 46.2414856 23.29151344
v 40.75281143 49.66648483 23.29151344
v 40.75281143 53.09148407 23.29151344
v 40.87237549 53.09148407 23.39546967
v 40.97401428 53.09148407 23.51700211
v 41.05519104 53.09148407 23.65306473
v 41.11385727 53.09148407 23.80023766
v 41.11385727 49.66648483 23.80023766
v 41.11385727 46.2414856 23.80023766
v 41.05519104 46.2414856 23.65306473
v 40.97401428 46.2414856 23.51700211
v 40.87237549 46.2414856 23.39546967
v 40.87237549 49.66648483 23.39546967
v 40.97401428 49.66648483 23.51700211
v 41.05519104 49.66648483 23.65306473
v 41.45059586 45.55648422 25.98302078
v 41.45059586 48.2964859 25.98302078
v 41.45059586 51.03648376 25.98302078
v 41.51042557 48.2964859 26.12507057
v 41.51042557 51.03648376 26.12507057
v 41.59360886 48.2964859 26.2548275
v 41.59360886 51.03648376 26.2548275
v 41.59360886 45.55648422 26.2548275
v 41.51042557 45.55648422 26.12507057
v 41.59360886 53.77648163 26.2548275
v 41.51042557 53.77648163 26.12507057
v 41.45059586 53.77648163 25.98302078
v 42.37598038 46.2414856 26.97370911
v 42.37598038 49.66648483 26.97370911
v 42.37598038 53.09148407 26.97370911
v 42.51457596 53.09148407 27.04629517
v 42.66365433 53.09148407 27.0937767
v 42.8187027 53.09148407 27.11472702
v 42.97503662 53.09148407 27.10850906
v 43.12792969 53.09148407 27.07531166
v 43.2727623 53.09148407 27.01613617
v 43.40515518 53.09148407 26.93277359
v 43.40515518 49.66648483 26.93277359
v 43.40515518 46.2414856 26.93277359
v 43.2727623 46.2414856 27.01613617
v 43.12792969 46.2414856 27.07531166
v 42.97503662 46.2414856 27.10850906
v 42.8187027 46.2414856 27.11472702
v 42.66365433 46.2414856 27.0937767
v 42.51457596 46.2414856 27.04629517
v 42.51457596 49.66648483 27.04629517
v 42.66365433 49.66648483 27.0937767
v 42.8187027 49.66648483 27.11472702
v 42.97503662 49.66648483 27.10850906
v 43.12792969 49.66648483 27.07531166
v 43.2727623 49.66648483 27.01613617
v 44.13264847 45.55648422 26.14871979
v 44.13264847 48.2964859 26.14871979
v 44.13264847 51.03648376 26.14871979
v 44.20549393 48.2964859 26.01180077
v 44.20549393 51.03648376 26.01180077
v 44.25375366 48.2964859 25.86440849
v 44.25375366 51.03648376 25.86440849
v 44.25375366 45.55648422 25.86440849
v 44.20549393 45.55648422 26.01180077
v 44.25375366 53.77648163 25.86440849
v 44.20549393 53.77648163 26.01180077
v 44.13264847 53.77648163 26.14871979
v 44.40675354 46.2414856 23.66076279
v 44.40675354 49.66648483 23.66076279
v 44.40675354 53.09148407 23.66076279
v 44.45268631 53.09148407 23.509552
v 44.52186584 53.09148407 23.36746597
v 44.61256409 53.09148407 23.23805618
v 44.72251892 53.09148407 23.12454605
v 44.72251892 49.66648483 23.12454605
v 44.72251892 46.2414856 23.12454605
v 44.61256409 46.2414856 23.23805618
v 44.52186584 46.2414856 23.36746597
v 44.45268631 46.2414856 23.509552
v 44.45268631 49.66648483 23.509552
v 44.52186584 49.66648483 23.36746597
v 44.61256409 49.66648483 23.23805618
v 47.47687531 46.2414856 22.71731186
v 47.47687531 49.66648483 22.71731186
v 47.47687531 53.09148407 22.71731186
v 47.61543655 53.09148407 22.79413414
v 47.74012756 53.09148407 22.89188004
v 47.84781647 53.09148407 23.00809097
v 47.93579483 53.09148407 23.13985062
v 47.93579483 49.66648483 23.13985062
v 47.93579483 46.2414856 23.13985062
v 47.84781647 46.2414856 23.00809097
v 47.74012756 46.2414856 22.89188004
v 47.61543655 46.2414856 22.79413414
v 47.61543655 49.66648483 22.79413414
v 47.74012756 49.66648483 22.89188004
v 47.84781647 49.66648483 23.00809097
v 48.71900558 45.55648422 25.20492363
v 48.71900558 48.2964859 25.20492363
v 48.71900558 51.03648376 25.20492363
v 48.80706024 48.2964859 25.33143044
v 48.80706024 51.03648376 25.33143044
v 48.91540527 48.2964859 25.44105721
v 48.91540527 51.03648376 25.44105721
v 48.91540527 45.55648422 25.44105721
v 48.80706024 45.55648422 25.33143044
v 48.91540527 53.77648163 25.44105721
v 48.80706024 53.77648163 25.33143044
v 48.71900558 53.77648163 25.20492363
v 49.83013916 46.2414856 25.98156738
v 49.83013916 49.66648483 25.98156738
v 49.83013916 53.09148407 25.98156738
v 49.98080444 53.09148407 26.0237484
v 50.13649368 53.09148407 26.03919983
v 50.29250717 53.09148407 26.02745438
v 50.44412994 53.09148407 25.98886871
v 50.58678055 53.09148407 25.92460823
v 50.71614838 53.09148407 25.8366127
v 50.82831955 53.09148407 25.72754669
v 50.82831955 49.66648483 25.72754669
v 50.82831955 46.2414856 25.72754669
v 50.71614838 46.2414856 25.8366127
v 50.58678055 46.2414856 25.92460823
v 50.44412994 46.2414856 25.98886871
v 50.29250717 46.2414856 26.02745438
v 50.13649368 46.2414856 26.03919983
v 49.98080444 46.2414856 26.0237484
v 49.98080444 49.66648483 26.0237484
v 50.13649368 49.66648483 26.03919983
v 50.29250717 49.66648483 26.02745438
v 50.44412994 49.66648483 25.98886871
v 50.58678055 49.66648483 25.92460823
v 50.71614838 49.66648483 25.8366127
v 51.3768959 45.55648422 24.80937195
v 51.3768959 48.2964859 24.80937195
v 51.3768959 51.03648376 24.80937195
v 51.41968155 48.2964859 24.6602993
v 51.41968155 51.03648376 24.6602993
v 51.43624115 48.2964859 24.50609207
v 51.43624115 51.03648376 24.50609207
v 51.43624115 45.55648422 24.50609207
v 51.41968155 45.55648422 24.6602993
v 51.43624115 53.77648163 24.50609207
v 51.41968155 53.77648163 24.6602993
v 51.3768959 53.77648163 24.80937195
v 51.12773514 46.2414856 22.31879234
v 51.12773514 49.66648483 22.31879234
v 51.12773514 53.09148407 22.31879234
v 51.14122772 53.09148407 22.16133881
v 51.17935562 53.09148407 22.00797272
v 51.24116516 53.09148407 21.86253357
v 51.3251152 53.09148407 21.72864532
v 51.3251152 49.66648483 21.72864532
v 51.3251152 46.2414856 21.72864532
v 51.24116516 46.2414856 21.86253357
v 51.17935562 46.2414856 22.00797272
v 51.14122772 46.2414856 22.16133881
v 51.14122772 49.66648483 22.16133881
v 51.17935562 49.66648483 22.00797272
v 51.24116516 49.66648483 21.86253357
v 53.93461227 46.2414856 20.75764465
v 53.93461227 49.66648483 20.75764465
v 53.93461227 53.09148407 20.75764465
v 54.08611679 53.09148407 20.80398178
v 54.228405 53.09148407 20.87366295
v 54.35790634 53.09148407 20.96494675
v 54.47135925 53.09148407 21.07553482
v 54.47135925 49.66648483 21.07553482
v 54.47135925 46.2414856 21.07553482
v 54.35790634 46.2414856 20.96494675
v 54.228405 46.2414856 20.87366295
v 54.08611679 46.2414856 20.80398178
v 54.08611679 49.66648483 20.80398178
v 54.228405 49.66648483 20.87366295
v 54.35790634 49.66648483 20.96494675
v 55.66680527 45.55648422 22.93264198
v 55.66680527 48.2964859 22.93264198
v 55.66680527 51.03648376 22.93264198
v 55.77923203 48.2964859 23.03807831
v 55.77923203 51.03648376 23.03807831
v 55.90800858 48.2964859 23.12278366
v 55.90800858 51.03648376 23.12278366
v 55.90800858 45.55648422 23.12278366
v 55.77923203 45.55648422 23.03807831
v 55.90800858 53.77648163 23.12278366
v 55.77923203 53.77648163 23.03807831
v 55.66680527 53.77648163 22.93264198
v 56.91513062 46.2414856 23.46129608
v 56.91513062 49.66648483 23.46129608
v 56.91513062 53.09148407 23.46129608
v 57.07126999 53.09148407 23.47123146
v 57.22677231 53.09148407 23.45397568
v 57.37693787 53.09148407 23.41005135
v 57.51722336 53.09148407 23.34078217
v 57.64339447 53.09148407 23.24826813
v 57.75163651 53.09148407 23.13529968
v 57.83868408 53.09148407 23.00529289
v 57.83868408 49.66648483 23.00529289
v 57.83868408 46.2414856 23.00529289
v 57.75163651 46.2414856 23.13529968
v 57.64339447 46.2414856 23.24826813
v 57.51722336 46.2414856 23.34078217
v 57.37693787 46.2414856 23.41005135
v 57.22677231 46.2414856 23.45397568
v 57.07126999 46.2414856 23.47123146
v 57.07126999 49.66648483 23.47123146
v 57.22677231 49.66648483 23.45397568
v 57.37693787 49.66648483 23.41005135
v 57.51722336 49.66648483 23.34078217
v 57.64339447 49.66648483 23.24826813
v 57.75163651 49.66648483 23.13529968
v 58.18437195 45.55648422 21.99312973
v 58.18437195 48.2964859 21.99312973
v 58.18437195 51.03648376 21.99312973
v 58.19523239 48.2964859 21.83841705
v 58.19523239 51.03648376 21.83841705
v 58.17937469 48.2964859 21.68413544
v 58.17937469 51.03648376 21.68413544
v 58.17937469 45.55648422 21.68413544
v 58.19523239 45.55648422 21.83841705
v 58.17937469 53.77648163 21.68413544
v 58.19523239 53.77648163 21.83841705
v 58.18437195 53.77648163 21.99312973
v 57.4228363 46.2414856 19.60877609
v 57.4228363 49.66648483 19.60877609
v 57.4228363 53.09148407 19.60877609
v 57.40329742 53.09148407 19.4519577
v 57.40870667 53.09148407 19.29401779
v 57.4389267 53.09148407 19.13890457
v 57.49320984 53.09148407 18.99048615
v 57.49320984 49.66648483 18.99048615
v 57.49320984 46.2414856 18.99048615
v 57.4389267 46.2414856 19.13890457
v 57.40870667 46.2414856 19.29401779
v 57.40329742 46.2414856 19.4519577
v 57.40329742 49.66648483 19.4519577
v 57.40870667 49.66648483 19.29401779
v 57.4389267 49.66648483 19.13890457
v 59.84379578 46.2414856 17.49816132
v 59.84379578 49.66648483 17.49816132
v 59.84379578 53.09148407 17.49816132
v 60.00162506 53.09148407 17.51198578
v 60.15529633 53.09148407 17.5505619
v 60.30093765 53.09148407 17.61292648
v 60.43490982 53.09148407 17.69750977
v 60.43490982 49.66648483 17.69750977
v 60.43490982 46.2414856 17.69750977
v 60.30093765 46.2414856 17.61292648
v 60.15529633 46.2414856 17.5505619
v 60.00162506 46.2414856 17.51198578
v 60.00162506 49.66648483 17.51198578
v 60.15529633 49.66648483 17.5505619
v 60.30093765 49.66648483 17.61292648
v 61.99034119 45.55648422 19.26548767
v 61.99034119 48.2964859 19.26548767
v 61.99034119 51.03648376 19.26548767
v 62.12223816 48.2964859 19.34524345
v 62.12223816 51.03648376 19.34524345
v 62.26580811 48.2964859 19.40132523
v 62.26580811 51.03648376 19.40132523
v 62.26580811 45.55648422 19.40132523
v 62.12223816 45.55648422 19.34524345
v 62.26580811 53.77648163 19.40132523
v 62.12223816 53.77648163 19.34524345
v 61.99034119 53.77648163 19.26548767
v 63.32130432 46.2414856 19.52304649
v 63.32130432 49.66648483 19.52304649
v 63.32130432 53.09148407 19.52304649
v 63.47610092 53.09148407 19.50030136
v 63.62461472 53.09148407 19.45109177
v 63.76236343 53.09148407 19.37690544
v 63.88518524 53.09148407 19.27998543
v 63.98936462 53.09148407 19.16325951
v 64.07175446 53.09148407 19.03025436
v 64.12986755 53.09148407 18.8849926
v 64.12986755 49.66648483 18.8849926
v 64.12986755 46.2414856 18.8849926
v 64.07175446 46.2414856 19.03025436
v 63.98936462 46.2414856 19.16325951
v 63.88518524 46.2414856 19.27998543
v 63.76236343 46.2414856 19.37690544
v 63.62461472 46.2414856 19.45109177
v 63.47610092 46.2414856 19.50030136
v 63.47610092 49.66648483 19.50030136
v 63.62461472 49.66648483 19.45109177
v 63.76236343 49.66648483 19.37690544
v 63.88518524 49.66648483 19.27998543
v 63.98936462 49.66648483 19.16325951
v 64.07175446 49.66648483 19.03025436
v 64.25756073 45.55648422 17.82307243
v 64.25756073 48.2964859 17.82307243
v 64.25756073 51.03648376 17.82307243
v 64.23602295 48.2964859 17.66948318
v 64.23602295 51.03648376 17.66948318
v 64.18843079 48.2964859 17.52187347
v 64.18843079 51.03648376 17.52187347
v 64.18843079 45.55648422 17.52187347
v 64.23602295 45.55648422 17.66948318
v 64.18843079 53.77648163 17.52187347
v 64.23602295 53.77648163 17.66948318
v 64.25756073 53.77648163 17.82307243
v 63.01693344 46.2414856 15.64915562
v 63.01693344 49.66648483 15.64915562
v 63.01693344 53.09148407 15.64915562
v 62.96521759 53.09148407 15.49982643
v 62.93766785 53.09148407 15.34421444
v 62.9349823 53.09148407 15.18620586
v 62.95721436 53.09148407 15.02974606
v 62.95721436 49.66648483 15.02974606
v 62.95721436 46.2414856 15.02974606
v 62.9349823 46.2414856 15.18620586
v 62.93766785 46.2414856 15.34421444
v 62.96521759 46.2414856 15.49982643
v 62.96521759 49.66648483 15.49982643
v 62.93766785 49.66648483 15.34421444
v 62.9349823 49.66648483 15.18620586
v 64.94616699 46.2414856 13.08131695
v 64.94616699 49.66648483 13.08131695
v 64.94616699 53.09148407 13.08131695
v 65.10342407 53.09148407 13.06202412
v 65.26174927 53.09148407 13.0678091
v 65.41718292 53.09148407 13.09852982
v 65.56580353 53.09148407 13.15341091
v 65.56580353 49.66648483 13.15341091
v 65.56580353 46.2414856 13.15341091
v 65.41718292 46.2414856 13.09852982
v 65.26174927 46.2414856 13.0678091
v 65.10342407 46.2414856 13.06202412
v 65.10342407 49.66648483 13.06202412
v 65.26174927 49.66648483 13.0678091
v 65.41718292 49.66648483 13.09852982
v 67.41325378 45.55648422 14.36372948
v 67.41325378 48.2964859 14.36372948
v 67.41325378 51.03648376 14.36372948
v 67.55885315 48.2964859 14.41432095
v 67.55885315 51.03648376 14.41432095
v 67.71094513 48.2964859 14.43932724
v 67.71094513 51.03648376 14.43932724
v 67.71094513 45.55648422 14.43932724
v 67.55885315 45.55648422 14.41432095
v 67.71094513 53.77648163 14.43932724
v 67.55885315 53.77648163 14.41432095
v 67.41325378 53.77648163 14.36372948
v 68.76868439 46.2414856 14.33893967
v 68.76868439 49.66648483 14.33893967
v 68.76868439 53.09148407 14.33893967
v 68.9153595 53.09148407 14.2845068
v 69.05039978 53.09148407 14.20549488
v 69.16971588 53.09148407 14.10429096
v 69.26970673 53.09148407 13.98395348
v 69.34733582 53.09148407 13.84811783
v 69.40026855 53.09148407 13.70088959
v 69.4269104 53.09148407 13.5467186
v 69.4269104 49.66648483 13.5467186
v 69.4269104 46.2414856 13.5467186
v 69.40026855 46.2414856 13.70088959
v 69.34733582 46.2414856 13.84811783
v 69.26970673 46.2414856 13.98395348
v 69.16971588 46.2414856 14.10429096
v 69.05039978 46.2414856 14.20549488
v 68.9153595 46.2414856 14.2845068
v 68.9153595 49.66648483 14.2845068
v 69.05039978 49.66648483 14.20549488
v 69.16971588 49.66648483 14.10429096
v 69.26970673 49.66648483 13.98395348
v 69.34733582 49.66648483 13.84811783
v 69.40026855 49.66648483 13.70088959
v 69.33103943 45.55648422 12.48145485
v 69.33103943 48.2964859 12.48145485
v 69.33103943 51.03648376 12.48145485
v 69.2780304 48.2964859 12.33570099
v 69.2780304 51.03648376 12.33570099
v 69.20079041 48.2964859 12.20121193
v 69.20079041 51.03648376 12.20121193
v 69.20079041 45.55648422 12.20121193
v 69.2780304 45.55648422 12.33570099
v 69.20079041 53.77648163 12.20121193
v 69.2780304 53.77648163 12.33570099
v 69.33103943 53.77648163 12.48145485
v 67.66553497 46.2414856 10.61298466
v 67.66553497 49.66648483 10.61298466
v 67.66553497 53.09148407 10.61298466
v 67.58390045 53.09148407 10.47767162
v 67.52459717 53.09148407 10.33118725
v 67.48912048 53.09148407 10.17719078
v 67.47834015 53.09148407 10.01952744
v 67.47834015 49.66648483 10.01952744
v 67.47834015 46.2414856 10.01952744
v 67.48912048 46.2414856 10.17719078
v 67.52459717 46.2414856 10.33118725
v 67.58390045 46.2414856 10.47767162
v 67.58390045 49.66648483 10.47767162
v 67.52459717 49.66648483 10.33118725
v 67.48912048 49.66648483 10.17719078
v 69.01872253 46.2414856 7.70014858
v 69.01872253 49.66648483 7.70014858
v 69.01872253 53.09148407 7.70014858
v 69.16853333 53.09148407 7.64858246
v 69.32460022 53.09148407 7.62132359
v 69.4830246 53.09148407 7.61905622
v 69.63980865 53.09148407 7.6418376
v 69.63980865 49.66648483 7.6418376
v 69.63980865 46.2414856 7.6418376
v 69.4830246 46.2414856 7.61905622
v 69.32460022 46.2414856 7.62132359
v 69.16853333 46.2414856 7.64858246
v 69.16853333 49.66648483 7.64858246
v 69.32460022 49.66648483 7.62132359
v 69.4830246 49.66648483 7.61905622
v 71.69852448 45.55648422 8.44160271
v 71.69852448 48.2964859 8.44160271
v 71.69852448 51.03648376 8.44160271
v 71.85145569 48.2964859 8.46081734
v 71.85145569 51.03648376 8.46081734
v 72.00543213 48.2964859 8.45365524
v 72.00543213 51.03648376 8.45365524
v 72.00543213 45.55648422 8.45365524
v 71.85145569 45.55648422 8.46081734
v 72.00543213 53.77648163 8.45365524
v 71.85145569 53.77648163 8.46081734
v 71.69852448 53.77648163 8.44160271
v 73.01918793 46.2414856 8.13554382
v 73.01918793 49.66648483 8.13554382
v 73.01918793 53.09148407 8.13554382
v 73.15133667 53.09148407 8.05180454
v 73.26699829 53.09148407 7.94644308
v 73.3626709 53.09148407 7.82264328
v 73.43544769 53.09148407 7.68414688
v 73.48314667 53.09148407 7.53513861
v 73.50431824 53.09148407 7.38012123
v 73.49832153 53.09148407 7.22378063
v 73.49832153 49.66648483 7.22378063
v 73.49832153 46.2414856 7.22378063
v 73.50431824 46.2414856 7.38012123
v 73.48314667 46.2414856 7.53513861
v 73.43544769 46.2414856 7.68414688
v 73.3626709 46.2414856 7.82264328
v 73.26699829 46.2414856 7.94644308
v 73.15133667 46.2414856 8.05180454
v 73.15133667 49.66648483 8.05180454
v 73.26699829 49.66648483 7.94644308
v 73.3626709 49.66648483 7.82264328
v 73.43544769 49.66648483 7.68414688
v 73.48314667 49.66648483 7.53513861
v 73.50431824 49.66648483 7.38012123
v 73.18305206 45.55648422 6.20173073
v 73.18305206 48.2964859 6.20173073
v 73.18305206 51.03648376 6.20173073
v 73.10089874 48.2964859 6.07018232
v 73.10089874 51.03648376 6.07018232
v 72.99738312 48.2964859 5.95469046
v 72.99738312 51.03648376 5.95469046
v 72.99738312 45.55648422 5.95469046
v 73.10089874 45.55648422 6.07018232
v 72.99738312 53.77648163 5.95469046
v 73.10089874 53.77648163 6.07018232
v 73.18305206 53.77648163 6.20173073
v 71.16547394 46.2414856 4.72036743
v 71.16547394 49.66648483 4.72036743
v 71.16547394 53.09148407 4.72036743
v 71.05748749 53.09148407 4.60498428
v 70.96902466 53.09148407 4.47403002
v 70.9023056 53.09148407 4.33077574
v 70.85897827 53.09148407 4.17879868
v 70.85897827 49.66648483 4.17879868
v 70.85897827 46.2414856 4.17879868
v 70.9023056 46.2414856 4.33077574
v 70.96902466 46.2414856 4.47403002
v 71.05748749 46.2414856 4.60498428
v 71.05748749 49.66648483 4.60498428
v 70.96902466 49.66648483 4.47403002
v 70.9023056 49.66648483 4.33077574
v 71.88347626 46.2414856 1.58984017
v 71.88347626 49.66648483 1.58984017
v 71.88347626 53.09148407 1.58984017
v 72.01928711 53.09148407 1.50825357
v 72.16628265 53.09148407 1.44914091
v 72.32077026 53.09148407 1.41398621
v 72.47887421 53.09148407 1.40367162
v 72.47887421 49.66648483 1.40367162
v 72.47887421 46.2414856 1.40367162
v 72.32077026 46.2414856 1.41398621
v 72.16628265 46.2414856 1.44914091
v 72.01928711 46.2414856 1.50825357
v 72.01928711 49.66648483 1.50825357
v 72.16628265 49.66648483 1.44914091
v 72.32077026 49.66648483 1.41398621
v 74.65888214 45.55648422 1.75792861
v 74.65888214 48.2964859 1.75792861
v 74.65888214 51.03648376 1.75792861
v 74.81246185 48.2964859 1.74492717
v 74.81246185 51.03648376 1.74492717
v 74.96157837 48.2964859 1.70591009
v 74.96157837 51.03648376 1.70591009
v 74.96157837 45.55648422 1.70591009
v 74.81246185 45.55648422 1.74492717
v 74.96157837 53.77648163 1.70591009
v 74.81246185 53.77648163 1.74492717
v 74.65888214 53.77648163 1.75792861
v 75.88703918 46.2414856 1.18397868
v 75.88703918 49.66648483 1.18397868
v 75.88703918 53.09148407 1.18397868
v 75.99890137 53.09148407 1.07459188
v 76.09013367 53.09148407 0.94748563
v 76.15796661 53.09148407 0.80650115
v 76.20036316 53.09148407 0.65589899
v 76.21603394 53.09148407 0.50023031
v 76.20451355 53.09148407 0.34419957
v 76.16614532 53.09148407 0.19252199
v 76.16614532 49.66648483 0.19252199
v 76.16614532 46.2414856 0.19252199
v 76.20451355 46.2414856 0.34419957
v 76.21603394 46.2414856 0.50023031
v 76.20036316 46.2414856 0.65589899
v 76.15796661 46.2414856 0.80650115
v 76.09013367 46.2414856 0.94748563
v 75.99890137 46.2414856 1.07459188
v 75.99890137 49.66648483 1.07459188
v 76.09013367 49.66648483 0.94748563
v 76.15796661 49.66648483 0.80650115
v 76.20036316 49.66648483 0.65589899
v 76.21603394 49.66648483 0.50023031
v 76.20451355 49.66648483 0.34419957
v 75.6452713 45.55648422 -0.74164653
v 75.6452713 48.2964859 -0.74164653
v 75.6452713 51.03648376 -0.74164653
v 75.53755951 48.2964859 -0.85324043
v 75.53755951 51.03648376 -0.85324043
v 75.41230011 48.2964859 -0.94468582
v 75.41230011 51.03648376 -0.94468582
v 75.41230011 45.55648422 -0.94468582
v 75.53755951 45.55648422 -0.85324043
v 75.41230011 53.77648163 -0.94468582
v 75.53755951 53.77648163 -0.85324043
v 75.6452713 53.77648163 -0.74164653
v 73.36378479 46.2414856 -1.77115977
v 73.36378479 49.66648483 -1.77115977
v 73.36378479 53.09148407 -1.77115977
v 73.23416901 53.09148407 -1.86157036
v 73.12041473 53.09148407 -1.97127104
v 73.02536774 53.09148407 -2.09752226
v 72.95139313 53.09148407 -2.23717093
v 72.95139313 49.66648483 -2.23717093
v 72.95139313 46.2414856 -2.23717093
v 73.02536774 46.2414856 -2.09752226
v 73.12041473 46.2414856 -1.97127104
v 73.23416901 46.2414856 -1.86157036
v 73.23416901 49.66648483 -1.86157036
v 73.12041473 49.66648483 -1.97127104
v 73.02536774 49.66648483 -2.09752226
v 73.4152298 46.2414856 -4.98255968
v 73.4152298 49.66648483 -4.98255968
v 73.4152298 53.09148407 -4.98255968
v 73.53110504 53.09148407 -5.09060001
v 73.66259766 53.09148407 -5.17898321
v 73.80640411 53.09148407 -5.24548912
v 73.95890045 53.09148407 -5.28844881
v 73.95890045 49.66648483 -5.28844881
v 73.95890045 46.2414856 -5.28844881
v 73.80640411 46.2414856 -5.24548912
v 73.66259766 46.2414856 -5.17898321
v 73.53110504 46.2414856 -5.09060001
v 73.53110504 49.66648483 -5.09060001
v 73.66259766 49.66648483 -5.17898321
v 73.80640411 49.66648483 -5.24548912
v 76.16492462 45.55648422 -5.39518309
v 76.16492462 48.2964859 -5.39518309
v 76.16492462 51.03648376 -5.39518309
v 76.31245422 48.2964859 -5.43983221
v 76.31245422 51.03648376 -5.43983221
v 76.45019531 48.2964859 -5.50899935
v 76.45019531 51.03648376 -5.50899935
v 76.45019531 45.55648422 -5.50899935
v 76.31245422 45.55648422 -5.43983221
v 76.45019531 53.77648163 -5.50899935
v 76.31245422 53.77648163 -5.43983221
v 76.16492462 53.77648163 -5.39518309
v 77.24691772 46.2414856 -6.21193933
v 77.24691772 49.66648483 -6.21193933
v 77.24691772 53.09148407 -6.21193933
v 77.33359528 53.09148407 -6.3421936
v 77.39640045 53.09148407 -6.48548889
v 77.43344116 53.09148407 -6.63749647
v 77.44360352 53.09148407 -6.79362249
v 77.42655945 53.09148407 -6.9491477
v 77.38285065 53.09148407 -7.09937334
v 77.31378174 53.09148407 -7.23975849
v 77.31378174 49.66648483 -7.23975849
v 77.31378174 46.2414856 -7.23975849
v 77.38285065 46.2414856 -7.09937334
v 77.42655945 46.2414856 -6.9491477
v 77.44360352 46.2414856 -6.79362249
v 77.43344116 46.2414856 -6.63749647
v 77.39640045 46.2414856 -6.48548889
v 77.33359528 46.2414856 -6.3421936
v 77.33359528 49.66648483 -6.3421936
v 77.39640045 49.66648483 -6.48548889
v 77.43344116 49.66648483 -6.63749647
v 77.44360352 49.66648483 -6.79362249
v 77.42655945 49.66648483 -6.9491477
v 77.38285065 49.66648483 -7.09937334
v 76.61006927 45.55648422 -8.04521751
v 76.61006927 48.2964859 -8.04521751
v 76.61006927 51.03648376 -8.04521751
v 76.48151398 48.2964859 -8.13197994
v 76.48151398 51.03648376 -8.13197994
v 76.33997345 48.2964859 -8.19538212
v 76.33997345 51.03648376 -8.19538212
v 76.33997345 45.55648422 -8.19538212
v 76.48151398 45.55648422 -8.13197994
v 76.33997345 53.77648163 -8.19538212
v 76.48151398 53.77648163 -8.13197994
v 76.61006927 53.77648163 -8.04521751
v 74.16439056 46.2414856 -8.57788658
v 74.16439056 49.66648483 -8.57788658
v 74.16439056 53.09148407 -8.57788658
v 74.01881409 53.09148407 -8.63937283
v 73.88474274 53.09148407 -8.72302628
v 73.76551819 53.09148407 -8.82675552
v 73.66412354 53.09148407 -8.9479723
v 73.66412354 49.66648483 -8.9479723
v 73.66412354 46.2414856 -8.9479723
v 73.76551819 46.2414856 -8.82675552
v 73.88474274 46.2414856 -8.72302628
v 74.01881409 46.2414856 -8.63937283
v 74.01881409 49.66648483 -8.63937283
v 73.88474274 49.66648483 -8.72302628
v 73.76551819 49.66648483 -8.82675552
v 73.54702759 46.2414856 -11.72980499
v 73.54702759 49.66648483 -11.72980499
v 73.54702759 53.09148407 -11.72980499
v 73.63790894 53.09148407 -11.85957813
v 73.74815369 53.09148407 -11.97336769
v 73.87498474 53.09148407 -12.06831932
v 74.01522064 53.09148407 -12.14204693
v 74.01522064 49.66648483 -12.14204693
v 74.01522064 46.2414856 -12.14204693
v 73.87498474 46.2414856 -12.06831932
v 73.74815369 46.2414856 -11.97336769
v 73.63790894 46.2414856 -11.85957813
v 73.63790894 49.66648483 -11.85957813
v 73.74815369 49.66648483 -11.97336769
v 73.87498474 49.66648483 -12.06831932
v 76.15084839 45.55648422 -12.70510578
v 76.15084839 48.2964859 -12.70510578
v 76.15084839 51.03648376 -12.70510578
v 76.28586578 48.2964859 -12.77945137
v 76.28586578 51.03648376 -12.77945137
v 76.40621948 48.2964859 -12.87574673
v 76.40621948 51.03648376 -12.87574673
v 76.40621948 45.55648422 -12.87574673
v 76.28586578 45.55648422 -12.77945137
v 76.40621948 53.77648163 -12.87574673
v 76.28586578 53.77648163 -12.77945137
v 76.15084839 53.77648163 -12.70510578
v 77.03938293 46.2414856 -13.72897339
v 77.03938293 49.66648483 -13.72897339
v 77.03938293 53.09148407 -13.72897339
v 77.09708405 53.09148407 -13.87440205
v 77.12872314 53.09148407 -14.02762413
v 77.13334656 53.09148407 -14.18401146
v 77.11082458 53.09148407 -14.33883667
v 77.06182861 53.09148407 -14.48742294
v 76.98783875 53.09148407 -14.62527657
v 76.89109039 53.09148407 -14.74823475
v 76.89109039 49.66648483 -14.74823475
v 76.89109039 46.2414856 -14.74823475
v 76.98783875 46.2414856 -14.62527657
v 77.06182861 46.2414856 -14.48742294
v 77.11082458 46.2414856 -14.33883667
v 77.13334656 46.2414856 -14.18401146
v 77.12872314 46.2414856 -14.02762413
v 77.09708405 46.2414856 -13.87440205
v 77.09708405 49.66648483 -13.87440205
v 77.12872314 49.66648483 -14.02762413
v 77.13334656 49.66648483 -14.18401146
v 77.11082458 49.66648483 -14.33883667
v 77.06182861 49.66648483 -14.48742294
v 76.98783875 49.66648483 -14.62527657
v 76.03529358 45.55648422 -15.38978195
v 76.03529358 48.2964859 -15.38978195
v 76.03529358 51.03648376 -15.38978195
v 75.89150238 48.2964859 -15.44791985
v 75.89150238 51.03648376 -15.44791985
v 75.73987579 48.2964859 -15.4805088
v 75.73987579 51.03648376 -15.4805088
v 75.73987579 45.55648422 -15.4805088
v 75.89150238 45.55648422 -15.44791985
v 75.73987579 53.77648163 -15.4805088
v 75.89150238 53.77648163 -15.44791985
v 76.03529358 53.77648163 -15.38978195
v 73.53231049 46.2414856 -15.40232563
v 73.53231049 49.66648483 -15.40232563
v 73.53231049 53.09148407 -15.40232563
v 73.3771286 53.09148407 -15.43220043
v 73.22859192 53.09148407 -15.48614979
v 73.09040833 53.09148407 -15.5628252
v 72.96602631 53.09148407 -15.66031361
v 72.96602631 49.66648483 -15.66031361
v 72.96602631 46.2414856 -15.66031361
v 73.09040833 46.2414856 -15.5628252
v 73.22859192 46.2414856 -15.48614979
v 73.3771286 46.2414856 -15.43220043
v 73.3771286 49.66648483 -15.43220043
v 73.22859192 49.66648483 -15.48614979
v 73.09040833 49.66648483 -15.5628252
v 72.27310944 46.2414856 -18.35700798
v 72.27310944 49.66648483 -18.35700798
v 72.27310944 53.09148407 -18.35700798
v 72.3350296 53.09148407 -18.50284386
v 72.41920471 53.09148407 -18.63706779
v 72.52352142 53.09148407 -18.75631142
v 72.64537048 53.09148407 -18.85758591
v 72.64537048 49.66648483 -18.85758591
v 72.64537048 46.2414856 -18.85758591
v 72.52352142 46.2414856 -18.75631142
v 72.41920471 46.2414856 -18.63706779
v 72.3350296 46.2414856 -18.50284386
v 72.3350296 49.66648483 -18.50284386
v 72.41920471 49.66648483 -18.63706779
v 72.52352142 49.66648483 -18.75631142
v 74.61725616 45.55648422 -19.85236359
v 74.61725616 48.2964859 -19.85236359
v 74.61725616 51.03648376 -19.85236359
v 74.73387146 48.2964859 -19.95315552
v 74.73387146 51.03648376 -19.95315552
v 74.83157349 48.2964859 -20.07236862
v 74.83157349 51.03648376 -20.07236862
v 74.83157349 45.55648422 -20.07236862
v 74.73387146 45.55648422 -19.95315552
v 74.83157349 53.77648163 -20.07236862
v 74.73387146 53.77648163 -19.95315552
v 74.61725616 53.77648163 -19.85236359
v 75.27349854 46.2414856 -21.03859329
v 75.27349854 49.66648483 -21.03859329
v 75.27349854 53.09148407 -21.03859329
v 75.29969788 53.09148407 -21.19283867
v 75.29879761 53.09148407 -21.34929276
v 75.27081299 53.09148407 -21.50322342
v 75.21658325 53.09148407 -21.64998245
v 75.13776398 53.09148407 -21.78513527
v 75.03672791 53.09148407 -21.90459251
v 74.91653442 53.09148407 -22.0047493
v 74.91653442 49.66648483 -22.0047493
v 74.91653442 46.2414856 -22.0047493
v 75.03672791 46.2414856 -21.90459251
v 75.13776398 46.2414856 -21.78513527
v 75.21658325 46.2414856 -21.64998245
v 75.27081299 46.2414856 -21.50322342
v 75.29879761 46.2414856 -21.34929276
v 75.29969788 46.2414856 -21.19283867
v 75.29969788 49.66648483 -21.19283867
v 75.29879761 49.66648483 -21.34929276
v 75.27081299 49.66648483 -21.50322342
v 75.21658325 49.66648483 -21.64998245
v 75.13776398 49.66648483 -21.78513527
v 75.03672791 49.66648483 -21.90459251
v 73.94604492 45.55648422 -22.4543457
v 73.94604492 48.2964859 -22.4543457
v 73.94604492 51.03648376 -22.4543457
v 73.7933197 48.2964859 -22.48131943
v 73.7933197 51.03648376 -22.48131943
v 73.63822174 48.2964859 -22.48167038
v 73.63822174 51.03648376 -22.48167038
v 73.63822174 45.55648422 -22.48167038
v 73.7933197 45.55648422 -22.48131943
v 73.63822174 53.77648163 -22.48167038
v 73.7933197 53.77648163 -22.48131943
v 73.94604492 53.77648163 -22.4543457
v 71.49515533 46.2414856 -21.94621658
v 71.49515533 49.66648483 -21.94621658
v 71.49515533 53.09148407 -21.94621658
v 71.33715057 53.09148407 -21.94317627
v 71.18064117 53.09148407 -21.9650631
v 71.02954102 53.09148407 -22.01133347
v 70.88761139 53.09148407 -22.08082962
v 70.88761139 49.66648483 -22.08082962
v 70.88761139 46.2414856 -22.08082962
v 71.02954102 46.2414856 -22.01133347
v 71.18064117 46.2414856 -21.9650631
v 71.33715057 46.2414856 -21.94317627
v 71.33715057 49.66648483 -21.94317627
v 71.18064117 49.66648483 -21.9650631
v 71.02954102 49.66648483 -22.01133347
v 69.64916229 46.2414856 -24.57452965
v 69.64916229 49.66648483 -24.57452965
v 69.64916229 53.09148407 -24.57452965
v 69.67940521 53.09148407 -24.73005295
v 69.73384094 53.09148407 -24.87884521
v 69.81108093 53.09148407 -25.01717377
v 69.90920258 53.09148407 -25.14156532
v 69.90920258 49.66648483 -25.14156532
v 69.90920258 46.2414856 -25.14156532
v 69.81108093 46.2414856 -25.01717377
v 69.73384094 46.2414856 -24.87884521
v 69.67940521 46.2414856 -24.73005295
v 69.67940521 49.66648483 -24.73005295
v 69.73384094 49.66648483 -24.87884521
v 69.81108093 49.66648483 -25.01717377
v 71.63117981 45.55648422 -26.52458382
v 71.63117981 48.2964859 -26.52458382
v 71.63117981 51.03648376 -26.52458382
v 71.72428894 48.2964859 -26.64741898
v 71.72428894 51.03648376 -26.64741898
v 71.79506683 48.2964859 -26.7843399
v 71.79506683 51.03648376 -26.7843399
v 71.79506683 45.55648422 -26.7843399
v 71.72428894 45.55648422 -26.64741898
v 71.79506683 53.77648163 -26.7843399
v 71.72428894 53.77648163 -26.64741898
v 71.63117981 53.77648163 -26.52458382
v 72.02645111 46.2414856 -27.82133293
v 72.02645111 49.66648483 -27.82133293
v 72.02645111 53.09148407 -27.82133293
v 72.02001953 53.09148407 -27.97765541
v 71.98660278 53.09148407 -28.13050079
v 71.92721558 53.09148407 -28.27525139
v 71.84366608 53.09148407 -28.40752792
v 71.73846436 53.09148407 -28.52333832
v 71.61480713 53.09148407 -28.61917877
v 71.47640991 53.09148407 -28.69215775
v 71.47640991 49.66648483 -28.69215775
v 71.47640991 46.2414856 -28.69215775
v 71.61480713 46.2414856 -28.61917877
v 71.73846436 46.2414856 -28.52333832
v 71.84366608 46.2414856 -28.40752792
v 71.92721558 46.2414856 -28.27525139
v 71.98660278 46.2414856 -28.13050079
v 72.02001953 46.2414856 -27.97765541
v 72.02001953 49.66648483 -27.97765541
v 71.98660278 49.66648483 -28.13050079
v 71.92721558 49.66648483 -28.27525139
v 71.84366608 49.66648483 -28.40752792
v 71.73846436 49.66648483 -28.52333832
v 71.61480713 49.66648483 -28.61917877
v 70.43366241 45.55648422 -28.93015289
v 70.43366241 48.2964859 -28.93015289
v 70.43366241 51.03648376 -28.93015289
v 70.27865601 48.2964859 -28.92478561
v 70.27865601 51.03648376 -28.92478561
v 70.12688446 48.2964859 -28.89288139
v 70.12688446 51.03648376 -28.89288139
v 70.12688446 45.55648422 -28.89288139
v 70.27865601 45.55648422 -28.92478561
v 70.12688446 53.77648163 -28.89288139
v 70.27865601 53.77648163 -28.92478561
v 70.43366241 53.77648163 -28.93015289
v 68.14196777 46.2414856 -27.9235611
v 68.14196777 49.66648483 -27.9235611
v 68.14196777 53.09148407 -27.9235611
v 67.98805237 53.09148407 -27.88773537
v 67.83041382 53.09148407 -27.87660408
v 67.67298889 53.09148407 -27.89044571
v 67.51971436 53.09148407 -27.92891502
v 67.51971436 49.66648483 -27.92891502
v 67.51971436 46.2414856 -27.92891502
v 67.67298889 46.2414856 -27.89044571
v 67.83041382 46.2414856 -27.87660408
v 67.98805237 46.2414856 -27.88773537
v 67.98805237 49.66648483 -27.88773537
v 67.83041382 49.66648483 -27.87660408
v 67.67298889 49.66648483 -27.89044571
v 71.337677 42.51648331 -6.17051172
v 71.40080261 42.51648331 -6.78847885
v 71.45117188 42.51648331 -7.40785551
v 71.48874664 42.51648331 -8.02837563
v 71.51352692 42.51648331 -8.64977646
v 71.52549744 42.51648331 -9.27179241
v 71.52462769 42.51648331 -9.89415932
v 71.51091003 42.51648331 -10.5166111
v 71.77855682 42.51648331 -11.22436619
v 72.05859375 42.51648331 -11.34869099
v 71.48432922 42.51648331 -11.13888645
v 72.31934357 42.51648331 -11.50959587
v 72.55604553 42.51648331 -11.7041502
v 72.76438904 42.51648331 -11.92880821
v 72.94058228 42.51648331 -12.17947769
v 73.08141327 42.51648331 -12.45159149
v 73.18431854 42.51648331 -12.74019146
v 73.24742126 42.51648331 -13.04001999
v 73.26956177 42.51648331 -13.34561539
v 73.25035858 42.51648331 -13.65140915
v 73.19013977 42.51648331 -13.95183086
v 73.09001923 42.51648331 -14.24140739
v 72.95180511 42.51648331 -14.51486206
v 72.7780304 42.51648331 -14.76721287
v 72.57186127 42.51648331 -14.99386311
v 72.33703613 42.51648331 -15.19068336
v 72.07785034 42.51648331 -15.35408878
v 71.79901886 42.51648331 -15.48110008
v 71.50562286 42.51648331 -15.5694046
v 71.20301056 42.51648331 -15.61739349
v 70.89669037 42.51648331 -15.62419319
v 70.59223938 42.51648331 -15.58967781
v 70.29521179 42.51648331 -15.51447868
v 70.01102448 42.51648331 -15.39996243
v 69.74484253 42.51648331 -15.24822044
v 69.50151825 42.51648331 -15.06201172
v 69.28549194 42.51648331 -14.84473228
v 69.10069275 42.51648331 -14.60033989
v 67.96517944 42.51648331 -13.47805214
v 68.95048523 42.51648331 -14.33328629
v 68.83760834 42.51648331 -14.04843807
v 68.76412201 42.51648331 -13.75098419
v 68.73136902 42.51648331 -13.44634438
v 67.96257782 42.51648331 -13.3733387
v 68.73993683 42.51648331 -13.1400671
v 67.96833038 42.51648331 -13.16395855
v 67.96362305 42.51648331 -13.26859951
v 68.78966522 42.51648331 -12.83773327
v 68.85308838 42.51648331 -12.25859451
v 68.90429688 42.51648331 -11.67831326
v 68.1639328 42.51648331 -10.03355026
v 68.94326019 42.51648331 -11.09708405
v 68.9699707 42.51648331 -10.51510048
v 68.98439789 42.51648331 -9.9326725
v 68.20457458 42.51648331 -9.69459629
v 68.98653412 42.51648331 -9.35013962
v 68.28346252 42.51648331 -9.36245346
v 68.97637939 42.51648331 -8.76769829
v 68.73698425 42.51648331 -8.44913292
v 68.55139923 42.51648331 -8.73566437
v 68.95392609 42.51648331 -8.18554115
v 68.39957428 42.51648331 -9.0414238
v 71.40080261 47.31648254 -6.78847885
v 71.337677 55.51647949 -6.17051172
v 71.40080261 55.51647949 -6.78847885
v 71.45117188 55.51647949 -7.40785551
v 71.45116425 47.31648254 -7.40785551
v 71.48874664 55.51647949 -8.02837563
v 71.48873901 47.31648254 -8.02837563
v 71.51352692 55.51647949 -8.64977646
v 71.51352692 47.31648254 -8.64977646
v 71.52549744 55.51647949 -9.27179241
v 71.52548981 47.31648254 -9.27179241
v 71.52462769 55.51647949 -9.89415932
v 71.52462769 47.31648254 -9.89415932
v 71.51091003 55.51647949 -10.5166111
v 71.51091003 47.31648254 -10.5166111
v 71.48432922 55.51647949 -11.13888645
v 68.95392609 55.51647949 -8.18554115
v 68.97634125 55.51647949 -8.76680946
v 68.98649597 55.51647949 -9.3486681
v 68.98436737 55.51647949 -9.93086052
v 68.96997833 55.51647949 -10.51312447
v 68.9433136 55.51647949 -11.09520435
v 68.90437317 55.51647949 -11.67683697
v 68.85315704 55.51647949 -12.25776672
v 68.78966522 55.51647949 -12.83773327
v 71.77855682 49.01648712 -11.22436619
v 71.77855682 55.51647949 -11.22436619
v 72.05859375 55.51647949 -11.34869099
v 72.05859375 49.01648712 -11.34869099
v 72.31934357 55.51647949 -11.50959587
v 72.31934357 49.01648712 -11.50959587
v 72.55604553 55.51647949 -11.7041502
v 72.55604553 49.01648712 -11.7041502
v 72.76438904 55.51647949 -11.92880821
v 72.76438904 49.01648712 -11.92880821
v 72.94058228 55.51647949 -12.17947769
v 72.94058228 49.01648712 -12.17947769
v 73.08141327 55.51647949 -12.45159149
v 73.08141327 49.01648712 -12.45159149
v 73.18431854 55.51647949 -12.74019146
v 73.18431854 49.01648712 -12.74019146
v 73.24742126 55.51647949 -13.04001999
v 73.24742126 49.01648712 -13.04001999
v 73.26956177 55.51647949 -13.34561539
v 73.26956177 49.01648712 -13.34561539
v 73.25035858 55.51647949 -13.65140915
v 73.25035858 49.01648712 -13.65140915
v 73.19013977 55.51647949 -13.95183086
v 73.19013977 49.01648712 -13.95183086
v 73.09001923 55.51647949 -14.24140739
v 73.09001923 49.01648712 -14.24140739
v 72.95180511 55.51647949 -14.51486206
v 72.95180511 49.01648712 -14.51486206
v 72.7780304 55.51647949 -14.76721287
v 72.7780304 49.01648712 -14.76721287
v 72.57186127 55.51647949 -14.99386311
v 72.57186127 49.01648712 -14.99386311
v 72.33703613 55.51647949 -15.19068336
v 72.33703613 49.01648712 -15.19068336
v 72.07785034 55.51647949 -15.35408878
v 72.07785034 49.01648712 -15.35408878
v 71.79901886 55.51647949 -15.48110008
v 71.79901886 49.01648712 -15.48110008
v 71.50562286 55.51647949 -15.5694046
v 71.50562286 49.01648712 -15.5694046
v 71.20301056 55.51647949 -15.61739349
v 71.20301056 49.01648712 -15.61739349
v 70.89669037 55.51647949 -15.62419319
v 70.89669037 49.01648712 -15.62419319
v 70.59223938 55.51647949 -15.58967781
v 70.59223938 49.01648712 -15.58967781
v 70.29521179 55.51647949 -15.51447868
v 70.29521179 49.01648712 -15.51447868
v 70.01102448 55.51647949 -15.39996243
v 70.01102448 49.01648712 -15.39996243
v 69.74484253 55.51647949 -15.24822044
v 69.74484253 49.01648712 -15.24822044
v 69.50151825 55.51647949 -15.06201172
v 69.50151825 49.01648712 -15.06201172
v 69.28549194 55.51647949 -14.84473228
v 69.28549194 49.01648712 -14.84473228
v 69.10069275 55.51647949 -14.60033989
v 69.10069275 49.01648712 -14.60033989
v 68.95048523 55.51647949 -14.33328629
v 68.95048523 49.01648712 -14.33328629
v 68.83760834 55.51647949 -14.04843807
v 68.83760834 49.01648712 -14.04843807
v 68.76412201 55.51647949 -13.75098419
v 68.76412201 49.01648712 -13.75098419
v 68.73136902 55.51647949 -13.44634438
v 68.73136902 49.01648712 -13.44634438
v 68.73993683 55.51647949 -13.1400671
v 68.73993683 49.01648712 -13.1400671
v 69.24056244 55.51647949 -7.91346169
v 69.14105988 55.51647949 -7.99992561
v 69.04545593 55.51647949 -8.09067726
v 67.96517944 55.71648026 -13.47805214
v 47.31888199 55.71648026 -9.85966396
v 47.22622681 55.71648026 -10.34683132
v 67.96257782 55.71648026 -13.3733387
v 47.09366226 55.71648026 -10.82468224
v 46.92208862 55.71648026 -11.28995514
v 46.712677 55.71648026 -11.73946953
v 46.46686172 55.71648026 -12.17015648
v 46.18631744 55.71648026 -12.57907295
v 45.87296295 55.71648026 -12.96342468
v 45.52894211 55.71648026 -13.32058811
v 45.15660095 55.71648026 -13.64812279
v 44.7584877 55.71648026 -13.94379044
v 44.33731079 55.71648026 -14.20557117
v 43.89595795 55.71648026 -14.43167877
v 43.43744278 55.71648026 -14.62056732
v 42.96489334 55.71648026 -14.7709465
v 42.48154068 55.71648026 -14.88179016
v 41.99068451 55.71648026 -14.95233917
v 41.49568176 55.71648026 -14.98211288
v 40.99990845 55.71648026 -14.97090721
v 40.50675201 55.71648026 -14.9187994
v 40.01958466 55.71648026 -14.82614613
v 39.54173279 55.71648026 -14.69357872
v 39.07645798 55.71648026 -14.52200317
v 38.6269455 55.71648026 -14.31259251
v 38.19625854 55.71648026 -14.06677628
v 37.78734589 55.71648026 -13.7862339
v 37.40299225 55.71648026 -13.47288036
v 37.04582596 55.71648026 -13.12885857
v 36.71829605 55.71648026 -12.75651836
v 36.4226265 55.71648026 -12.35840034
v 36.1608429 55.71648026 -11.93722725
v 35.93473816 55.71648026 -11.49587536
v 35.74584961 55.71648026 -11.03735828
v 35.59547043 55.71648026 -10.56480885
v 35.48462677 55.71648026 -10.08145523
v 35.41407776 55.71648026 -9.59060001
v 35.38430405 55.71648026 -9.09559441
v 35.39550781 55.71648026 -8.59982204
v 35.44761658 55.71648026 -8.10666752
v 35.54027176 55.71648026 -7.61950064
v 35.6728363 55.71648026 -7.14164829
v 35.84441376 55.71648026 -6.67637634
v 36.05382538 55.71648026 -6.22686148
v 36.29964066 55.71648026 -5.796175
v 36.58018494 55.71648026 -5.38725901
v 36.89353561 55.71648026 -5.0029068
v 37.23755646 55.71648026 -4.64574385
v 37.60989761 55.71648026 -4.31820965
v 38.00801468 55.71648026 -4.022542
v 38.42918777 55.71648026 -3.76076007
v 38.87054062 55.71648026 -3.53465295
v 39.32905579 55.71648026 -3.34576464
v 39.80160522 55.71648026 -3.19538546
v 40.28495789 55.71648026 -3.08454251
v 40.77581406 55.71648026 -3.01399279
v 41.27082062 55.71648026 -2.98421907
v 41.76659393 55.71648026 -2.99542427
v 42.25975037 55.71648026 -3.04753184
v 42.74691772 55.71648026 -3.14018583
v 43.22476959 55.71648026 -3.272753
v 43.69003677 55.71648026 -3.44432831
v 44.13955307 55.71648026 -3.65373945
v 44.57024002 55.71648026 -3.89955568
v 44.97915649 55.71648026 -4.18009853
v 45.36350632 55.71648026 -4.49345112
v 69.24056244 55.71648026 -7.91346169
v 45.72067261 55.71648026 -4.83747292
v 68.98553467 55.71648026 -8.15182209
v 46.04820633 55.71648026 -5.20981359
v 68.75993347 55.71648026 -8.41819286
v 46.34387589 55.71648026 -5.60793114
v 68.56679535 55.71648026 -8.70896721
v 46.60565186 55.71648026 -6.02910423
v 68.40873718 55.71648026 -9.02020741
v 46.83176422 55.71648026 -6.4704566
v 68.28790283 55.71648026 -9.34770107
v 68.20594025 55.71648026 -9.68701267
v 47.02064896 55.71648026 -6.9289732
v 68.1639328 55.71648026 -10.03355026
v 47.17102814 55.71648026 -7.40152264
v 47.28187561 55.71648026 -7.8848753
v 47.35242462 55.71648026 -8.37573147
v 47.38219833 55.71648026 -8.87073612
v 47.37099075 55.71648026 -9.36650944
v 67.96833038 55.71648026 -13.16395855
v 67.96362305 55.71648026 -13.26859951
v 68.75993347 49.11648178 -8.41819286
v 68.56679535 49.11648178 -8.70896721
v 68.40873718 49.11648178 -9.02020741
v 68.28790283 49.11648178 -9.34770107
v 68.20594025 49.11648178 -9.68701267
v 9.35127258 46.2414856 -12.98377132
v 9.35127258 49.66648483 -12.98377132
v 9.35127258 53.09148407 -12.98377132
v 9.23538971 53.09148407 -12.87573051
v 9.10389805 53.09148407 -12.78734779
v 8.96009636 53.09148407 -12.72084236
v 8.80759716 53.09148407 -12.67788315
v 8.80759716 49.66648483 -12.67788315
v 8.80759716 46.2414856 -12.67788315
v 8.96009636 46.2414856 -12.72084236
v 9.10389805 46.2414856 -12.78734779
v 9.23538971 46.2414856 -12.87573051
v 9.23538971 49.66648483 -12.87573051
v 9.10389805 49.66648483 -12.78734779
v 8.96009636 49.66648483 -12.72084236
v 5.51958036 46.2414856 -11.75439262
v 5.51958036 49.66648483 -11.75439262
v 5.51958036 53.09148407 -11.75439262
v 5.43290663 53.09148407 -11.62413788
v 5.37010002 53.09148407 -11.48084259
v 5.33305883 53.09148407 -11.32883549
v 5.32290173 53.09148407 -11.17270947
v 5.33993673 53.09148407 -11.01718426
v 5.3836484 53.09148407 -10.86695862
v 5.45271587 53.09148407 -10.72657394
v 5.45271587 49.66648483 -10.72657394
v 5.45271587 46.2414856 -10.72657394
v 5.3836484 46.2414856 -10.86695862
v 5.33993673 46.2414856 -11.01718426
v 5.32290173 46.2414856 -11.17270947
v 5.33305883 46.2414856 -11.32883549
v 5.37010002 46.2414856 -11.48084259
v 5.43290663 46.2414856 -11.62413788
v 5.43290663 49.66648483 -11.62413788
v 5.37010002 49.66648483 -11.48084259
v 5.33305883 49.66648483 -11.32883549
v 5.32290173 49.66648483 -11.17270947
v 5.33993673 49.66648483 -11.01718426
v 5.3836484 49.66648483 -10.86695862
v 8.60210705 46.2414856 -9.38844585
v 8.60210705 49.66648483 -9.38844585
v 8.60210705 53.09148407 -9.38844585
v 8.74768639 53.09148407 -9.32695866
v 8.88176155 53.09148407 -9.24330616
v 9.00098419 53.09148407 -9.13957596
v 9.10237694 53.09148407 -9.01835823
v 9.10237694 49.66648483 -9.01835823
v 9.10237694 46.2414856 -9.01835823
v 9.00098419 46.2414856 -9.13957596
v 8.88176155 46.2414856 -9.24330616
v 8.74768639 46.2414856 -9.32695866
v 8.74768639 49.66648483 -9.32695866
v 8.88176155 49.66648483 -9.24330616
v 9.00098419 49.66648483 -9.13957596
v 6.60157251 45.55648422 -12.57114887
v 6.60157251 48.2964859 -12.57114887
v 6.60157251 51.03648376 -12.57114887
v 6.45404768 48.2964859 -12.52649879
v 6.45404768 51.03648376 -12.52649879
v 6.31630421 48.2964859 -12.45733261
v 6.31630421 51.03648376 -12.45733261
v 6.31630421 45.55648422 -12.45733261
v 6.45404768 45.55648422 -12.52649879
v 6.31630421 53.77648163 -12.45733261
v 6.45404768 53.77648163 -12.52649879
v 6.60157251 53.77648163 -12.57114887
v 6.15643024 45.55648422 -9.92111397
v 6.15643024 48.2964859 -9.92111397
v 6.15643024 51.03648376 -9.92111397
v 6.28498507 48.2964859 -9.83435249
v 6.28498507 51.03648376 -9.83435249
v 6.42652559 48.2964859 -9.77094841
v 6.42652559 51.03648376 -9.77094841
v 6.42652559 45.55648422 -9.77094841
v 6.28498507 45.55648422 -9.83435249
v 6.42652559 53.77648163 -9.77094841
v 6.28498507 53.77648163 -9.83435249
v 6.15643024 53.77648163 -9.92111397
v 9.40271568 46.2414856 -16.19517136
v 9.40271568 49.66648483 -16.19517136
v 9.40271568 53.09148407 -16.19517136
v 9.53233051 53.09148407 -16.10476112
v 9.64608383 53.09148407 -15.99505997
v 9.74113369 53.09148407 -15.86880875
v 9.8151083 53.09148407 -15.72916031
v 9.8151083 49.66648483 -15.72916031
v 9.8151083 46.2414856 -15.72916031
v 9.74113369 46.2414856 -15.86880875
v 9.64608383 46.2414856 -15.99505997
v 9.53233051 46.2414856 -16.10476112
v 9.53233051 49.66648483 -16.10476112
v 9.64608383 49.66648483 -15.99505997
v 9.74113369 49.66648483 -15.86880875
v 6.87945795 46.2414856 -19.15031052
v 6.87945795 49.66648483 -19.15031052
v 6.87945795 53.09148407 -19.15031052
v 6.7675972 53.09148407 -19.04092407
v 6.67636967 53.09148407 -18.91381836
v 6.60853386 53.09148407 -18.77283287
v 6.56613874 53.09148407 -18.62223053
v 6.55046558 53.09148407 -18.46656227
v 6.56198883 53.09148407 -18.31053162
v 6.60035896 53.09148407 -18.15885353
v 6.60035896 49.66648483 -18.15885353
v 6.60035896 46.2414856 -18.15885353
v 6.56198883 46.2414856 -18.31053162
v 6.55046558 46.2414856 -18.46656227
v 6.56613874 46.2414856 -18.62223053
v 6.60853386 46.2414856 -18.77283287
v 6.67636967 46.2414856 -18.91381836
v 6.7675972 46.2414856 -19.04092407
v 6.7675972 49.66648483 -19.04092407
v 6.67636967 49.66648483 -18.91381836
v 6.60853386 49.66648483 -18.77283287
v 6.56613874 49.66648483 -18.62223053
v 6.55046558 49.66648483 -18.46656227
v 6.56198883 49.66648483 -18.31053162
v 10.88302135 46.2414856 -19.55617142
v 10.88302135 49.66648483 -19.55617142
v 10.88302135 53.09148407 -19.55617142
v 10.74720764 53.09148407 -19.47458458
v 10.60021305 53.09148407 -19.41547203
v 10.44572735 53.09148407 -19.38031769
v 10.28762817 53.09148407 -19.37000275
v 10.28762817 49.66648483 -19.37000275
v 10.28762817 46.2414856 -19.37000275
v 10.44572735 46.2414856 -19.38031769
v 10.60021305 46.2414856 -19.41547203
v 10.74720764 46.2414856 -19.47458458
v 10.74720764 49.66648483 -19.47458458
v 10.60021305 49.66648483 -19.41547203
v 10.44572735 49.66648483 -19.38031769
v 8.10761929 45.55648422 -19.72426033
v 8.10761929 48.2964859 -19.72426033
v 8.10761929 51.03648376 -19.72426033
v 7.95403481 48.2964859 -19.71125793
v 7.95403481 51.03648376 -19.71125793
v 7.80492067 48.2964859 -19.67224121
v 7.80492067 51.03648376 -19.67224121
v 7.80492067 45.55648422 -19.67224121
v 7.95403481 45.55648422 -19.71125793
v 7.80492067 53.77648163 -19.67224121
v 7.95403481 53.77648163 -19.71125793
v 8.10761929 53.77648163 -19.72426033
v 7.12123156 45.55648422 -17.22468567
v 7.12123156 48.2964859 -17.22468567
v 7.12123156 51.03648376 -17.22468567
v 7.22893763 48.2964859 -17.11309052
v 7.22893763 51.03648376 -17.11309052
v 7.35420322 48.2964859 -17.02164459
v 7.35420322 51.03648376 -17.02164459
v 7.35420322 45.55648422 -17.02164459
v 7.22893763 45.55648422 -17.11309052
v 7.35420322 53.77648163 -17.02164459
v 7.22893763 53.77648163 -17.11309052
v 7.12123156 53.77648163 -17.22468567
v 13.74777603 46.2414856 -25.66648102
v 13.74777603 49.66648483 -25.66648102
v 13.74777603 53.09148407 -25.66648102
v 13.59796715 53.09148407 -25.61491394
v 13.44189548 53.09148407 -25.58765411
v 13.28347588 53.09148407 -25.58538628
v 13.12668705 53.09148407 -25.60816956
v 13.12668705 49.66648483 -25.60816956
v 13.12668705 46.2414856 -25.60816956
v 13.28347588 46.2414856 -25.58538628
v 13.44189548 46.2414856 -25.58765411
v 13.59796715 46.2414856 -25.61491394
v 13.59796715 49.66648483 -25.61491394
v 13.44189548 49.66648483 -25.58765411
v 13.28347588 49.66648483 -25.58538628
v 9.74731636 46.2414856 -26.10187531
v 9.74731636 49.66648483 -26.10187531
v 9.74731636 53.09148407 -26.10187531
v 9.61515713 53.09148407 -26.01813507
v 9.49949646 53.09148407 -25.91277695
v 9.40383053 53.09148407 -25.78897476
v 9.33105087 53.09148407 -25.65047836
v 9.28335381 53.09148407 -25.50147057
v 9.2621851 53.09148407 -25.34645271
v 9.26818085 53.09148407 -25.19011307
v 9.26818085 49.66648483 -25.19011307
v 9.26818085 46.2414856 -25.19011307
v 9.2621851 46.2414856 -25.34645271
v 9.28335381 46.2414856 -25.50147057
v 9.33105087 46.2414856 -25.65047836
v 9.40383053 46.2414856 -25.78897476
v 9.49949646 46.2414856 -25.91277695
v 9.61515713 46.2414856 -26.01813507
v 9.61515713 49.66648483 -26.01813507
v 9.49949646 49.66648483 -25.91277695
v 9.40383053 49.66648483 -25.78897476
v 9.33105087 49.66648483 -25.65047836
v 9.28335381 49.66648483 -25.50147057
v 9.2621851 49.66648483 -25.34645271
v 11.60102844 46.2414856 -22.68669891
v 11.60102844 49.66648483 -22.68669891
v 11.60102844 53.09148407 -22.68669891
v 11.70901299 53.09148407 -22.57131577
v 11.797472 53.09148407 -22.44036102
v 11.86419582 53.09148407 -22.2971077
v 11.90751934 53.09148407 -22.14513016
v 11.90751934 49.66648483 -22.14513016
v 11.90751934 46.2414856 -22.14513016
v 11.86419582 46.2414856 -22.2971077
v 11.797472 46.2414856 -22.44036102
v 11.70901299 46.2414856 -22.57131577
v 11.70901299 49.66648483 -22.57131577
v 11.797472 49.66648483 -22.44036102
v 11.86419582 49.66648483 -22.2971077
v 11.06797123 45.55648422 -26.40793228
v 11.06797123 48.2964859 -26.40793228
v 11.06797123 51.03648376 -26.40793228
v 10.91504002 48.2964859 -26.42715073
v 10.91504002 51.03648376 -26.42715073
v 10.76107121 48.2964859 -26.41998672
v 10.76107121 51.03648376 -26.41998672
v 10.76107121 45.55648422 -26.41998672
v 10.91504002 45.55648422 -26.42715073
v 10.76107121 53.77648163 -26.41998672
v 10.91504002 53.77648163 -26.42715073
v 11.06797123 53.77648163 -26.40793228
v 9.5834465 45.55648422 -24.16806221
v 9.5834465 48.2964859 -24.16806221
v 9.5834465 51.03648376 -24.16806221
v 9.66559792 48.2964859 -24.03651428
v 9.66559792 51.03648376 -24.03651428
v 9.76911354 48.2964859 -23.92102242
v 9.76911354 51.03648376 -23.92102242
v 9.76911354 45.55648422 -23.92102242
v 9.66559792 45.55648422 -24.03651428
v 9.76911354 53.77648163 -23.92102242
v 9.66559792 53.77648163 -24.03651428
v 9.5834465 53.77648163 -24.16806221
v 15.1009655 46.2414856 -28.57931519
v 15.1009655 49.66648483 -28.57931519
v 15.1009655 53.09148407 -28.57931519
v 15.18260098 53.09148407 -28.44400406
v 15.24190044 53.09148407 -28.29751968
v 15.2773819 53.09148407 -28.14352226
v 15.28816128 53.09148407 -27.98585892
v 15.28816128 49.66648483 -27.98585892
v 15.28816128 46.2414856 -27.98585892
v 15.2773819 46.2414856 -28.14352226
v 15.24190044 46.2414856 -28.29751968
v 15.18260098 46.2414856 -28.44400406
v 15.18260098 49.66648483 -28.44400406
v 15.24190044 49.66648483 -28.29751968
v 15.2773819 49.66648483 -28.14352226
v 13.99781799 46.2414856 -32.30527115
v 13.99781799 49.66648483 -32.30527115
v 13.99781799 53.09148407 -32.30527115
v 13.85113621 53.09148407 -32.25083923
v 13.71609688 53.09148407 -32.17182541
v 13.59678268 53.09148407 -32.07062149
v 13.49679756 53.09148407 -31.95028496
v 13.41916275 53.09148407 -31.81444931
v 13.3662262 53.09148407 -31.66722107
v 13.33958626 53.09148407 -31.51305008
v 13.33958626 49.66648483 -31.51305008
v 13.33958626 46.2414856 -31.51305008
v 13.3662262 46.2414856 -31.66722107
v 13.41916275 46.2414856 -31.81444931
v 13.49679756 46.2414856 -31.95028496
v 13.59678268 46.2414856 -32.07062149
v 13.71609688 46.2414856 -32.17182541
v 13.85113621 46.2414856 -32.25083923
v 13.85113621 49.66648483 -32.25083923
v 13.71609688 49.66648483 -32.17182541
v 13.59678268 49.66648483 -32.07062149
v 13.49679756 49.66648483 -31.95028496
v 13.41916275 49.66648483 -31.81444931
v 13.3662262 49.66648483 -31.66722107
v 17.82033348 46.2414856 -31.04764748
v 17.82033348 49.66648483 -31.04764748
v 17.82033348 53.09148407 -31.04764748
v 17.6630764 53.09148407 -31.02835655
v 17.50474739 53.09148407 -31.03414154
v 17.34931946 53.09148407 -31.0648613
v 17.20069504 53.09148407 -31.11974335
v 17.20069504 49.66648483 -31.11974335
v 17.20069504 46.2414856 -31.11974335
v 17.34931946 46.2414856 -31.0648613
v 17.50474739 46.2414856 -31.03414154
v 17.6630764 46.2414856 -31.02835655
v 17.6630764 49.66648483 -31.02835655
v 17.50474739 49.66648483 -31.03414154
v 17.34931946 49.66648483 -31.0648613
v 15.35324574 45.55648422 -32.33006287
v 15.35324574 48.2964859 -32.33006287
v 15.35324574 51.03648376 -32.33006287
v 15.20765114 48.2964859 -32.38065338
v 15.20765114 51.03648376 -32.38065338
v 15.05555916 48.2964859 -32.40565872
v 15.05555916 51.03648376 -32.40565872
v 15.05555916 45.55648422 -32.40565872
v 15.20765114 45.55648422 -32.38065338
v 15.05555916 53.77648163 -32.40565872
v 15.20765114 53.77648163 -32.38065338
v 15.35324574 53.77648163 -32.33006287
v 13.43546677 45.55648422 -30.44778633
v 13.43546677 48.2964859 -30.44778633
v 13.43546677 51.03648376 -30.44778633
v 13.48847198 48.2964859 -30.30203247
v 13.48847198 51.03648376 -30.30203247
v 13.56571293 48.2964859 -30.16754341
v 13.56571293 51.03648376 -30.16754341
v 13.56571293 45.55648422 -30.16754341
v 13.48847198 45.55648422 -30.30203247
v 13.56571293 53.77648163 -30.16754341
v 13.48847198 53.77648163 -30.30203247
v 13.43546677 53.77648163 -30.44778633
v 22.9227047 46.2414856 -35.4644928
v 22.9227047 49.66648483 -35.4644928
v 22.9227047 53.09148407 -35.4644928
v 22.7648735 53.09148407 -35.47831726
v 22.61120605 53.09148407 -35.51689529
v 22.46556091 53.09148407 -35.57925797
v 22.33159256 53.09148407 -35.66384125
v 22.33159256 49.66648483 -35.66384125
v 22.33159256 46.2414856 -35.66384125
v 22.46556091 46.2414856 -35.57925797
v 22.61120605 46.2414856 -35.51689529
v 22.7648735 46.2414856 -35.47831726
v 22.7648735 49.66648483 -35.47831726
v 22.61120605 49.66648483 -35.51689529
v 22.46556091 49.66648483 -35.57925797
v 19.44519424 46.2414856 -37.48937988
v 19.44519424 49.66648483 -37.48937988
v 19.44519424 53.09148407 -37.48937988
v 19.29039955 53.09148407 -37.46663284
v 19.14188576 53.09148407 -37.41742325
v 19.00413513 53.09148407 -37.34323883
v 18.88131523 53.09148407 -37.24631882
v 18.77713585 53.09148407 -37.12958908
v 18.69474602 53.09148407 -36.99658585
v 18.63663483 53.09148407 -36.85132217
v 18.63663483 49.66648483 -36.85132217
v 18.63663483 46.2414856 -36.85132217
v 18.69474602 46.2414856 -36.99658585
v 18.77713585 46.2414856 -37.12958908
v 18.88131523 46.2414856 -37.24631882
v 19.00413513 46.2414856 -37.34323883
v 19.14188576 46.2414856 -37.41742325
v 19.29039955 46.2414856 -37.46663284
v 19.29039955 49.66648483 -37.46663284
v 19.14188576 49.66648483 -37.41742325
v 19.00413513 49.66648483 -37.34323883
v 18.88131523 49.66648483 -37.24631882
v 18.77713585 49.66648483 -37.12958908
v 18.69474602 49.66648483 -36.99658585
v 19.74956512 46.2414856 -33.61548615
v 19.74956512 49.66648483 -33.61548615
v 19.74956512 53.09148407 -33.61548615
v 19.80128479 53.09148407 -33.46615601
v 19.82883072 53.09148407 -33.31054688
v 19.83152008 53.09148407 -33.1525383
v 19.8092823 53.09148407 -32.99607849
v 19.8092823 49.66648483 -32.99607849
v 19.8092823 46.2414856 -32.99607849
v 19.83152008 46.2414856 -33.1525383
v 19.82883072 46.2414856 -33.31054688
v 19.80128479 46.2414856 -33.46615601
v 19.80128479 49.66648483 -33.46615601
v 19.82883072 49.66648483 -33.31054688
v 19.83152008 49.66648483 -33.1525383
v 20.77615738 45.55648422 -37.23181915
v 20.77615738 48.2964859 -37.23181915
v 20.77615738 51.03648376 -37.23181915
v 20.64426231 48.2964859 -37.31157684
v 20.64426231 51.03648376 -37.31157684
v 20.50069427 48.2964859 -37.36765671
v 20.50069427 51.03648376 -37.36765671
v 20.50069427 45.55648422 -37.36765671
v 20.64426231 45.55648422 -37.31157684
v 20.50069427 53.77648163 -37.36765671
v 20.64426231 53.77648163 -37.31157684
v 20.77615738 53.77648163 -37.23181915
v 18.50893784 45.55648422 -35.78940582
v 18.50893784 48.2964859 -35.78940582
v 18.50893784 51.03648376 -35.78940582
v 18.53048134 48.2964859 -35.63581467
v 18.53048134 51.03648376 -35.63581467
v 18.5780735 48.2964859 -35.48820496
v 18.5780735 51.03648376 -35.48820496
v 18.5780735 45.55648422 -35.48820496
v 18.53048134 45.55648422 -35.63581467
v 18.5780735 53.77648163 -35.48820496
v 18.53048134 53.77648163 -35.63581467
v 18.50893784 53.77648163 -35.78940582
v 25.34366226 46.2414856 -37.57510757
v 25.34366226 49.66648483 -37.57510757
v 25.34366226 53.09148407 -37.57510757
v 25.36320114 53.09148407 -37.41828918
v 25.35779572 53.09148407 -37.26035309
v 25.32757187 53.09148407 -37.10523605
v 25.27329254 53.09148407 -36.95681763
v 25.27329254 49.66648483 -36.95681763
v 25.27329254 46.2414856 -36.95681763
v 25.32757187 46.2414856 -37.10523605
v 25.35779572 46.2414856 -37.26035309
v 25.36320114 46.2414856 -37.41828918
v 25.36320114 49.66648483 -37.41828918
v 25.35779572 49.66648483 -37.26035309
v 25.32757187 49.66648483 -37.10523605
v 25.85136604 46.2414856 -41.42762756
v 25.85136604 49.66648483 -41.42762756
v 25.85136604 53.09148407 -41.42762756
v 25.69522858 53.09148407 -41.43756485
v 25.53972626 53.09148407 -41.42030716
v 25.38956451 53.09148407 -41.37638092
v 25.24927521 53.09148407 -41.30711365
v 25.1231041 53.09148407 -41.21459961
v 25.01486015 53.09148407 -41.10163116
v 24.9278183 53.09148407 -40.97162628
v 24.9278183 49.66648483 -40.97162628
v 24.9278183 46.2414856 -40.97162628
v 25.01486015 46.2414856 -41.10163116
v 25.1231041 46.2414856 -41.21459961
v 25.24927521 46.2414856 -41.30711365
v 25.38956451 46.2414856 -41.37638092
v 25.53972626 46.2414856 -41.42030716
v 25.69522858 46.2414856 -41.43756485
v 25.69522858 49.66648483 -41.43756485
v 25.53972626 49.66648483 -41.42030716
v 25.38956451 49.66648483 -41.37638092
v 25.24927521 49.66648483 -41.30711365
v 25.1231041 49.66648483 -41.21459961
v 25.01486015 49.66648483 -41.10163116
v 28.83188629 46.2414856 -38.72397614
v 28.83188629 49.66648483 -38.72397614
v 28.83188629 53.09148407 -38.72397614
v 28.68037987 53.09148407 -38.77030945
v 28.53809357 53.09148407 -38.83999634
v 28.40859604 53.09148407 -38.93127823
v 28.29514313 53.09148407 -39.0418663
v 28.29514313 49.66648483 -39.0418663
v 28.29514313 46.2414856 -39.0418663
v 28.40859604 46.2414856 -38.93127823
v 28.53809357 46.2414856 -38.83999634
v 28.68037987 46.2414856 -38.77030945
v 28.68037987 49.66648483 -38.77030945
v 28.53809357 49.66648483 -38.83999634
v 28.40859604 49.66648483 -38.93127823
v 27.09969521 45.55648422 -40.89897156
v 27.09969521 48.2964859 -40.89897156
v 27.09969521 51.03648376 -40.89897156
v 26.98726654 48.2964859 -41.00440979
v 26.98726654 51.03648376 -41.00440979
v 26.8584938 48.2964859 -41.08911514
v 26.8584938 51.03648376 -41.08911514
v 26.8584938 45.55648422 -41.08911514
v 26.98726654 45.55648422 -41.00440979
v 26.8584938 53.77648163 -41.08911514
v 26.98726654 53.77648163 -41.00440979
v 27.09969521 53.77648163 -40.89897156
v 24.58212662 45.55648422 -39.95946121
v 24.58212662 48.2964859 -39.95946121
v 24.58212662 51.03648376 -39.95946121
v 24.57126617 48.2964859 -39.80474854
v 24.57126617 51.03648376 -39.80474854
v 24.58712769 48.2964859 -39.65046692
v 24.58712769 51.03648376 -39.65046692
v 24.58712769 45.55648422 -39.65046692
v 24.57126617 45.55648422 -39.80474854
v 24.58712769 53.77648163 -39.65046692
v 24.57126617 53.77648163 -39.80474854
v 24.58212662 53.77648163 -39.95946121
v 35.28962708 46.2414856 -40.68363953
v 35.28962708 49.66648483 -40.68363953
v 35.28962708 53.09148407 -40.68363953
v 35.15106583 53.09148407 -40.76046371
v 35.02637482 53.09148407 -40.85821152
v 34.91868591 53.09148407 -40.97442245
v 34.83070374 53.09148407 -41.1061821
v 34.83070374 49.66648483 -41.1061821
v 34.83070374 46.2414856 -41.1061821
v 34.91868591 46.2414856 -40.97442245
v 35.02637482 46.2414856 -40.85821152
v 35.15106583 46.2414856 -40.76046371
v 35.15106583 49.66648483 -40.76046371
v 35.02637482 49.66648483 -40.85821152
v 34.91868591 49.66648483 -40.97442245
v 32.93635941 46.2414856 -43.94789886
v 32.93635941 49.66648483 -43.94789886
v 32.93635941 53.09148407 -43.94789886
v 32.78569794 53.09148407 -43.99007797
v 32.6300087 53.09148407 -44.00553131
v 32.47399139 53.09148407 -43.99378967
v 32.32236862 53.09148407 -43.9552002
v 32.17972183 53.09148407 -43.89093781
v 32.050354 53.09148407 -43.80294418
v 31.93818283 53.09148407 -43.69387817
v 31.93818283 49.66648483 -43.69387817
v 31.93818283 46.2414856 -43.69387817
v 32.050354 46.2414856 -43.80294418
v 32.17972183 46.2414856 -43.89093781
v 32.32236862 46.2414856 -43.9552002
v 32.47399139 46.2414856 -43.99378967
v 32.6300087 46.2414856 -44.00553131
v 32.78569794 46.2414856 -43.99007797
v 32.78569794 49.66648483 -43.99007797
v 32.6300087 49.66648483 -44.00553131
v 32.47399139 49.66648483 -43.99378967
v 32.32236862 49.66648483 -43.9552002
v 32.17972183 49.66648483 -43.89093781
v 32.050354 49.66648483 -43.80294418
v 31.63876343 46.2414856 -40.28512573
v 31.63876343 49.66648483 -40.28512573
v 31.63876343 53.09148407 -40.28512573
v 31.62527275 53.09148407 -40.12767029
v 31.58714485 53.09148407 -39.9743042
v 31.52533531 53.09148407 -39.82886505
v 31.44138145 53.09148407 -39.69497681
v 31.44138145 49.66648483 -39.69497681
v 31.44138145 46.2414856 -39.69497681
v 31.52533531 46.2414856 -39.82886505
v 31.58714485 46.2414856 -39.9743042
v 31.62527275 46.2414856 -40.12767029
v 31.62527275 49.66648483 -40.12767029
v 31.58714485 49.66648483 -39.9743042
v 31.52533531 49.66648483 -39.82886505
v 34.0474968 45.55648422 -43.1712532
v 34.0474968 48.2964859 -43.1712532
v 34.0474968 51.03648376 -43.1712532
v 33.95944214 48.2964859 -43.29776382
v 33.95944214 51.03648376 -43.29776382
v 33.85109711 48.2964859 -43.40738678
v 33.85109711 51.03648376 -43.40738678
v 33.85109711 45.55648422 -43.40738678
v 33.95944214 45.55648422 -43.29776382
v 33.85109711 53.77648163 -43.40738678
v 33.95944214 53.77648163 -43.29776382
v 34.0474968 53.77648163 -43.1712532
v 31.38960648 45.55648422 -42.77570343
v 31.38960648 48.2964859 -42.77570343
v 31.38960648 51.03648376 -42.77570343
v 31.34681511 48.2964859 -42.62662888
v 31.34681511 51.03648376 -42.62662888
v 31.3302536 48.2964859 -42.47242355
v 31.3302536 51.03648376 -42.47242355
v 31.3302536 45.55648422 -42.47242355
v 31.34681511 45.55648422 -42.62662888
v 31.3302536 53.77648163 -42.47242355
v 31.34681511 53.77648163 -42.62662888
v 31.38960648 53.77648163 -42.77570343
v 38.35974884 46.2414856 -41.62709045
v 38.35974884 49.66648483 -41.62709045
v 38.35974884 53.09148407 -41.62709045
v 38.31381607 53.09148407 -41.47588348
v 38.24463272 53.09148407 -41.33380127
v 38.15393448 53.09148407 -41.20438385
v 38.04397964 53.09148407 -41.09088135
v 38.04397964 49.66648483 -41.09088135
v 38.04397964 46.2414856 -41.09088135
v 38.15393448 46.2414856 -41.20438385
v 38.24463272 46.2414856 -41.33380127
v 38.31381607 46.2414856 -41.47588348
v 38.31381607 49.66648483 -41.47588348
v 38.24463272 49.66648483 -41.33380127
v 38.15393448 49.66648483 -41.20438385
v 40.39051819 46.2414856 -44.94004059
v 40.39051819 49.66648483 -44.94004059
v 40.39051819 53.09148407 -44.94004059
v 40.25192261 53.09148407 -45.01262665
v 40.10284424 53.09148407 -45.060112
v 39.94779968 53.09148407 -45.0810585
v 39.79146576 53.09148407 -45.07484055
v 39.63857269 53.09148407 -45.04164124
v 39.49374008 53.09148407 -44.98246765
v 39.36134338 53.09148407 -44.89910507
v 39.36134338 49.66648483 -44.89910507
v 39.36134338 46.2414856 -44.89910507
v 39.49374008 46.2414856 -44.98246765
v 39.63857269 46.2414856 -45.04164124
v 39.79146576 46.2414856 -45.07484055
v 39.94779968 46.2414856 -45.0810585
v 40.10284424 46.2414856 -45.060112
v 40.25192261 46.2414856 -45.01262665
v 40.25192261 49.66648483 -45.01262665
v 40.10284424 49.66648483 -45.060112
v 39.94779968 49.66648483 -45.0810585
v 39.79146576 49.66648483 -45.07484055
v 39.63857269 49.66648483 -45.04164124
v 39.49374008 49.66648483 -44.98246765
v 42.01368713 46.2414856 -41.25784302
v 42.01368713 49.66648483 -41.25784302
v 42.01368713 53.09148407 -41.25784302
v 41.89412689 53.09148407 -41.36180115
v 41.79248428 53.09148407 -41.4833374
v 41.71130753 53.09148407 -41.61939621
v 41.65264511 53.09148407 -41.76656723
v 41.65264511 49.66648483 -41.76656723
v 41.65264511 46.2414856 -41.76656723
v 41.71130753 46.2414856 -41.61939621
v 41.79248428 46.2414856 -41.4833374
v 41.89412689 46.2414856 -41.36180115
v 41.89412689 49.66648483 -41.36180115
v 41.79248428 49.66648483 -41.4833374
v 41.71130753 49.66648483 -41.61939621
v 41.31590271 45.55648422 -43.94935226
v 41.31590271 48.2964859 -43.94935226
v 41.31590271 51.03648376 -43.94935226
v 41.256073 48.2964859 -44.09140015
v 41.256073 51.03648376 -44.09140015
v 41.17288971 48.2964859 -44.22116089
v 41.17288971 51.03648376 -44.22116089
v 41.17288971 45.55648422 -44.22116089
v 41.256073 45.55648422 -44.09140015
v 41.17288971 53.77648163 -44.22116089
v 41.256073 53.77648163 -44.09140015
v 41.31590271 53.77648163 -43.94935226
v 38.63385391 45.55648422 -44.11505127
v 38.63385391 48.2964859 -44.11505127
v 38.63385391 51.03648376 -44.11505127
v 38.56100464 48.2964859 -43.97813416
v 38.56100464 51.03648376 -43.97813416
v 38.5127449 48.2964859 -43.83073807
v 38.5127449 51.03648376 -43.83073807
v 38.5127449 45.55648422 -43.83073807
v 38.56100464 45.55648422 -43.97813416
v 38.5127449 53.77648163 -43.83073807
v 38.56100464 53.77648163 -43.97813416
v 38.63385391 53.77648163 -44.11505127
v 48.71019363 46.2414856 -40.42148972
v 48.71019363 49.66648483 -40.42148972
v 48.71019363 53.09148407 -40.42148972
v 48.61486053 53.09148407 -40.54803467
v 48.54070282 53.09148407 -40.68804169
v 48.48959351 53.09148407 -40.83800888
v 48.46281052 53.09148407 -40.99416351
v 48.46281052 49.66648483 -40.99416351
v 48.46281052 46.2414856 -40.99416351
v 48.48959351 46.2414856 -40.83800888
v 48.54070282 46.2414856 -40.68804169
v 48.61486053 46.2414856 -40.54803467
v 48.61486053 49.66648483 -40.54803467
v 48.54070282 49.66648483 -40.68804169
v 48.48959351 49.66648483 -40.83800888
v 47.88806915 46.2414856 -44.3606987
v 47.88806915 49.66648483 -44.3606987
v 47.88806915 53.09148407 -44.3606987
v 47.76759338 53.09148407 -44.46051025
v 47.6316452 53.09148407 -44.53795624
v 47.48434067 53.09148407 -44.59068298
v 47.33013153 53.09148407 -44.61709976
v 47.17367554 53.09148407 -44.61641693
v 47.01970673 53.09148407 -44.58864594
v 46.87286758 53.09148407 -44.53463745
v 46.87286758 49.66648483 -44.53463745
v 46.87286758 46.2414856 -44.53463745
v 47.01970673 46.2414856 -44.58864594
v 47.17367554 46.2414856 -44.61641693
v 47.33013153 46.2414856 -44.61709976
v 47.48434067 46.2414856 -44.59068298
v 47.6316452 46.2414856 -44.53795624
v 47.76759338 46.2414856 -44.46051025
v 47.76759338 49.66648483 -44.46051025
v 47.6316452 49.66648483 -44.53795624
v 47.48434067 49.66648483 -44.59068298
v 47.33013153 49.66648483 -44.61709976
v 47.17367554 49.66648483 -44.61641693
v 47.01970673 49.66648483 -44.58864594
v 45.21286774 46.2414856 -41.54236603
v 45.21286774 49.66648483 -41.54236603
v 45.21286774 53.09148407 -41.54236603
v 45.13650513 53.09148407 -41.40401459
v 45.0392952 53.09148407 -41.27941513
v 44.92367172 53.09148407 -41.17168808
v 44.79251862 53.09148407 -41.0835228
v 44.79251862 49.66648483 -41.0835228
v 44.79251862 46.2414856 -41.0835228
v 44.92367172 46.2414856 -41.17168808
v 45.0392952 46.2414856 -41.27941513
v 45.13650513 46.2414856 -41.40401459
v 45.13650513 49.66648483 -41.40401459
v 45.0392952 49.66648483 -41.27941513
v 44.92367172 49.66648483 -41.17168808
v 48.58724976 45.55648422 -43.1992569
v 48.58724976 48.2964859 -43.1992569
v 48.58724976 51.03648376 -43.1992569
v 48.5582695 48.2964859 -43.35064316
v 48.5582695 51.03648376 -43.35064316
v 48.50387955 48.2964859 -43.49486542
v 48.50387955 51.03648376 -43.49486542
v 48.50387955 45.55648422 -43.49486542
v 48.5582695 45.55648422 -43.35064316
v 48.50387955 53.77648163 -43.49486542
v 48.5582695 53.77648163 -43.35064316
v 48.58724976 53.77648163 -43.1992569
v 45.99826431 45.55648422 -43.9189682
v 45.99826431 48.2964859 -43.9189682
v 45.99826431 51.03648376 -43.9189682
v 45.89854431 48.2964859 -43.80018616
v 45.89854431 51.03648376 -43.80018616
v 45.82069016 48.2964859 -43.66604614
v 45.82069016 51.03648376 -43.66604614
v 45.82069016 45.55648422 -43.66604614
v 45.89854431 45.55648422 -43.80018616
v 45.82069016 53.77648163 -43.66604614
v 45.89854431 53.77648163 -43.80018616
v 45.99826431 53.77648163 -43.9189682
v 51.89862061 46.2414856 -40.03464508
v 51.89862061 49.66648483 -40.03464508
v 51.89862061 53.09148407 -40.03464508
v 51.79515839 53.09148407 -39.91519165
v 51.67417145 53.09148407 -39.81352997
v 51.53867722 53.09148407 -39.73219681
v 51.39205933 53.09148407 -39.6732254
v 51.39205933 49.66648483 -39.6732254
v 51.39205933 46.2414856 -39.6732254
v 51.53867722 46.2414856 -39.73219681
v 51.67417145 46.2414856 -39.81352997
v 51.79515839 46.2414856 -39.91519165
v 51.79515839 49.66648483 -39.91519165
v 51.67417145 49.66648483 -39.81352997
v 51.53867722 49.66648483 -39.73219681
v 55.10132599 46.2414856 -42.23518753
v 55.10132599 49.66648483 -42.23518753
v 55.10132599 53.09148407 -42.23518753
v 55.0042305 53.09148407 -42.35786819
v 54.8873558 53.09148407 -42.46188354
v 54.75423813 53.09148407 -42.54408264
v 54.60888672 53.09148407 -42.60198975
v 54.45571518 53.09148407 -42.6338501
v 54.29933167 53.09148407 -42.63869858
v 54.14447403 53.09148407 -42.61639023
v 54.14447403 49.66648483 -42.61639023
v 54.14447403 46.2414856 -42.61639023
v 54.29933167 46.2414856 -42.63869858
v 54.45571518 46.2414856 -42.6338501
v 54.60888672 46.2414856 -42.60198975
v 54.75423813 46.2414856 -42.54408264
v 54.8873558 46.2414856 -42.46188354
v 55.0042305 46.2414856 -42.35786819
v 55.0042305 49.66648483 -42.35786819
v 54.8873558 49.66648483 -42.46188354
v 54.75423813 49.66648483 -42.54408264
v 54.60888672 49.66648483 -42.60198975
v 54.45571518 49.66648483 -42.6338501
v 54.29933167 49.66648483 -42.63869858
v 55.08647919 46.2414856 -38.21113205
v 55.08647919 49.66648483 -38.21113205
v 55.08647919 53.09148407 -38.21113205
v 55.01953506 53.09148407 -38.3547287
v 54.97611237 53.09148407 -38.50709534
v 54.95729828 53.09148407 -38.66440964
v 54.96356583 53.09148407 -38.82272339
v 54.96356583 49.66648483 -38.82272339
v 54.96356583 46.2414856 -38.82272339
v 54.95729828 46.2414856 -38.66440964
v 54.97611237 46.2414856 -38.50709534
v 55.01953506 46.2414856 -38.3547287
v 55.01953506 49.66648483 -38.3547287
v 54.97611237 49.66648483 -38.50709534
v 54.95729828 49.66648483 -38.66440964
v 55.54375076 45.55648422 -40.95375824
v 55.54375076 48.2964859 -40.95375824
v 55.54375076 51.03648376 -40.95375824
v 55.54687881 48.2964859 -41.10786057
v 55.54687881 51.03648376 -41.10786057
v 55.52366257 48.2964859 -41.26023865
v 55.52366257 51.03648376 -41.26023865
v 55.52366257 45.55648422 -41.26023865
v 55.54687881 45.55648422 -41.10786057
v 55.52366257 53.77648163 -41.26023865
v 55.54687881 53.77648163 -41.10786057
v 55.54375076 53.77648163 -40.95375824
v 53.16097641 45.55648422 -42.19602203
v 53.16097641 48.2964859 -42.19602203
v 53.16097641 51.03648376 -42.19602203
v 53.03873444 48.2964859 -42.10056686
v 53.03873444 51.03648376 -42.10056686
v 52.93470001 48.2964859 -41.98554993
v 52.93470001 51.03648376 -41.98554993
v 52.93470001 45.55648422 -41.98554993
v 53.03873444 45.55648422 -42.10056686
v 52.93470001 53.77648163 -41.98554993
v 53.03873444 53.77648163 -42.10056686
v 53.16097641 53.77648163 -42.19602203
v 60.86386871 46.2414856 -34.72336578
v 60.86386871 49.66648483 -34.72336578
v 60.86386871 53.09148407 -34.72336578
v 60.82824326 53.09148407 -34.87774658
v 60.81744766 53.09148407 -35.03581238
v 60.83174896 53.09148407 -35.1935997
v 60.8707962 53.09148407 -35.3471489
v 60.8707962 49.66648483 -35.3471489
v 60.8707962 46.2414856 -35.3471489
v 60.83174896 46.2414856 -35.1935997
v 60.81744766 46.2414856 -35.03581238
v 60.82824326 46.2414856 -34.87774658
v 60.82824326 49.66648483 -34.87774658
v 60.81744766 49.66648483 -35.03581238
v 60.83174896 49.66648483 -35.1935997
v 61.71503448 46.2414856 -38.65640259
v 61.71503448 49.66648483 -38.65640259
v 61.71503448 53.09148407 -38.65640259
v 61.64556885 53.09148407 -38.7965889
v 61.55287933 53.09148407 -38.92263031
v 61.43975067 53.09148407 -39.03071213
v 61.30962372 53.09148407 -39.11757278
v 61.16641998 53.09148407 -39.18058014
v 61.01446152 53.09148407 -39.21783829
v 60.85835266 53.09148407 -39.22821808
v 60.85835266 49.66648483 -39.22821808
v 60.85835266 46.2414856 -39.22821808
v 61.01446152 46.2414856 -39.21783829
v 61.16641998 46.2414856 -39.18058014
v 61.30962372 46.2414856 -39.11757278
v 61.43975067 46.2414856 -39.03071213
v 61.55287933 46.2414856 -38.92263031
v 61.64556885 46.2414856 -38.7965889
v 61.64556885 49.66648483 -38.7965889
v 61.55287933 49.66648483 -38.92263031
v 61.43975067 49.66648483 -39.03071213
v 61.30962372 49.66648483 -39.11757278
v 61.16641998 49.66648483 -39.18058014
v 61.01446152 49.66648483 -39.21783829
v 58.12480545 46.2414856 -37.16983032
v 58.12480545 49.66648483 -37.16983032
v 58.12480545 53.09148407 -37.16983032
v 57.99876785 53.09148407 -37.07449722
v 57.85928345 53.09148407 -37.00020981
v 57.70983887 53.09148407 -36.94882584
v 57.55416489 53.09148407 -36.92162323
v 57.55416489 49.66648483 -36.92162323
v 57.55416489 46.2414856 -36.92162323
v 57.70983887 46.2414856 -36.94882584
v 57.85928345 46.2414856 -37.00020981
v 57.99876785 46.2414856 -37.07449722
v 57.99876785 49.66648483 -37.07449722
v 57.85928345 49.66648483 -37.00020981
v 57.70983887 49.66648483 -36.94882584
v 61.88137436 45.55648422 -37.31098938
v 61.88137436 48.2964859 -37.31098938
v 61.88137436 51.03648376 -37.31098938
v 61.91646957 48.2964859 -37.46107483
v 61.91646957 51.03648376 -37.46107483
v 61.92543793 48.2964859 -37.61494827
v 61.92543793 51.03648376 -37.61494827
v 61.92543793 45.55648422 -37.61494827
v 61.91646957 45.55648422 -37.46107483
v 61.92543793 53.77648163 -37.61494827
v 61.91646957 53.77648163 -37.46107483
v 61.88137436 53.77648163 -37.31098938
v 59.8089447 45.55648422 -39.02151489
v 59.8089447 48.2964859 -39.02151489
v 59.8089447 51.03648376 -39.02151489
v 59.66953278 48.2964859 -38.95355988
v 59.66953278 51.03648376 -38.95355988
v 59.54385376 48.2964859 -38.86268616
v 59.54385376 51.03648376 -38.86268616
v 59.54385376 45.55648422 -38.86268616
v 59.66953278 45.55648422 -38.95355988
v 59.54385376 53.77648163 -38.86268616
v 59.66953278 53.77648163 -38.95355988
v 59.8089447 53.77648163 -39.02151489
v 63.61930084 46.2414856 -33.0731163
v 63.61930084 49.66648483 -33.0731163
v 63.61930084 53.09148407 -33.0731163
v 63.47618866 53.09148407 -33.006073
v 63.32431412 53.09148407 -32.96240997
v 63.16744995 53.09148407 -32.94322205
v 63.0095253 53.09148407 -32.94898224
v 63.0095253 49.66648483 -32.94898224
v 63.0095253 46.2414856 -32.94898224
v 63.16744995 46.2414856 -32.94322205
v 63.32431412 46.2414856 -32.96240997
v 63.47618866 46.2414856 -33.006073
v 63.47618866 49.66648483 -33.006073
v 63.32431412 49.66648483 -32.96240997
v 63.16744995 49.66648483 -32.94322205
v 67.44015503 46.2414856 -33.78075409
v 67.44015503 49.66648483 -33.78075409
v 67.44015503 53.09148407 -33.78075409
v 67.40135193 53.09148407 -33.93231964
v 67.33689117 53.09148407 -34.07488251
v 67.248703 53.09148407 -34.20412064
v 67.13948059 53.09148407 -34.31613541
v 67.01250458 53.09148407 -34.40754318
v 66.87161255 53.09148407 -34.47557831
v 66.72106934 53.09148407 -34.51818848
v 66.72106934 49.66648483 -34.51818848
v 66.72106934 46.2414856 -34.51818848
v 66.87161255 46.2414856 -34.47557831
v 67.01250458 46.2414856 -34.40754318
v 67.13948059 46.2414856 -34.31613541
v 67.248703 46.2414856 -34.20412064
v 67.33689117 46.2414856 -34.07488251
v 67.40135193 46.2414856 -33.93231964
v 67.40135193 49.66648483 -33.93231964
v 67.33689117 49.66648483 -34.07488251
v 67.248703 49.66648483 -34.20412064
v 67.13948059 49.66648483 -34.31613541
v 67.01250458 49.66648483 -34.40754318
v 66.87161255 49.66648483 -34.47557831
v 65.78985596 46.2414856 -30.11063576
v 65.78985596 49.66648483 -30.11063576
v 65.78985596 53.09148407 -30.11063576
v 65.78710938 53.09148407 -30.26904869
v 65.8094101 53.09148407 -30.42590332
v 65.8562088 53.09148407 -30.57727051
v 65.92633057 53.09148407 -30.71934509
v 65.92633057 49.66648483 -30.71934509
v 65.92633057 46.2414856 -30.71934509
v 65.8562088 46.2414856 -30.57727051
v 65.8094101 46.2414856 -30.42590332
v 65.78710938 46.2414856 -30.26904869
v 65.78710938 49.66648483 -30.26904869
v 65.8094101 49.66648483 -30.42590332
v 65.8562088 49.66648483 -30.57727051
v 67.32312775 45.55648422 -32.43016052
v 67.32312775 48.2964859 -32.43016052
v 67.32312775 51.03648376 -32.43016052
v 67.38865662 48.2964859 -32.56966782
v 67.38865662 51.03648376 -32.56966782
v 67.4294281 48.2964859 -32.71831131
v 67.4294281 51.03648376 -32.71831131
v 67.4294281 45.55648422 -32.71831131
v 67.38865662 45.55648422 -32.56966782
v 67.4294281 53.77648163 -32.71831131
v 67.38865662 53.77648163 -32.56966782
v 67.32312775 53.77648163 -32.43016052
v 65.65162659 45.55648422 -34.5341835
v 65.65162659 48.2964859 -34.5341835
v 65.65162659 51.03648376 -34.5341835
v 65.50112915 48.2964859 -34.4967041
v 65.50112915 51.03648376 -34.4967041
v 65.35929871 48.2964859 -34.4339447
v 65.35929871 51.03648376 -34.4339447
v 65.35929871 45.55648422 -34.4339447
v 65.50112915 45.55648422 -34.4967041
v 65.35929871 53.77648163 -34.4339447
v 65.50112915 53.77648163 -34.4967041
v 65.65162659 53.77648163 -34.5341835
v 13.11733818 46.2414856 6.6081996
v 13.11733818 49.66648483 6.6081996
v 13.11733818 53.09148407 6.6081996
v 13.0870924 53.09148407 6.76372051
v 13.03266335 53.09148407 6.91251278
v 12.95541763 53.09148407 7.05084133
v 12.85729313 53.09148407 7.17523336
v 12.85729313 49.66648483 7.17523336
v 12.85729313 46.2414856 7.17523336
v 12.95541763 46.2414856 7.05084133
v 13.03266335 46.2414856 6.91251278
v 13.0870924 46.2414856 6.76372051
v 13.0870924 49.66648483 6.76372051
v 13.03266335 49.66648483 6.91251278
v 12.95541763 49.66648483 7.05084133
v 10.74004555 46.2414856 9.85500145
v 10.74004555 49.66648483 9.85500145
v 10.74004555 53.09148407 9.85500145
v 10.74648666 53.09148407 10.01132393
v 10.7799015 53.09148407 10.16417027
v 10.83928204 53.09148407 10.30891895
v 10.92283344 53.09148407 10.4411974
v 11.02803135 53.09148407 10.55700684
v 11.15169525 53.09148407 10.65284824
v 11.2900877 53.09148407 10.72582626
v 11.2900877 49.66648483 10.72582626
v 11.2900877 46.2414856 10.72582626
v 11.15169525 46.2414856 10.65284824
v 11.02803135 46.2414856 10.55700684
v 10.92283344 46.2414856 10.4411974
v 10.83928204 46.2414856 10.30891895
v 10.7799015 46.2414856 10.16417027
v 10.74648666 46.2414856 10.01132393
v 10.74648666 49.66648483 10.01132393
v 10.7799015 49.66648483 10.16417027
v 10.83928204 49.66648483 10.30891895
v 10.92283344 49.66648483 10.4411974
v 11.02803135 49.66648483 10.55700684
v 11.15169525 49.66648483 10.65284824
v 14.62453079 46.2414856 9.95722866
v 14.62453079 49.66648483 9.95722866
v 14.62453079 53.09148407 9.95722866
v 14.7784481 53.09148407 9.92140198
v 14.93608665 53.09148407 9.91027164
v 15.09351158 53.09148407 9.92411423
v 15.24678993 53.09148407 9.96258354
v 15.24678993 49.66648483 9.96258354
v 15.24678993 46.2414856 9.96258354
v 15.09351158 46.2414856 9.92411423
v 14.93608665 46.2414856 9.91027164
v 14.7784481 46.2414856 9.92140198
v 14.7784481 49.66648483 9.92140198
v 14.93608665 49.66648483 9.91027164
v 15.09351158 49.66648483 9.92411423
v 11.13531876 45.55648422 8.55825233
v 11.13531876 48.2964859 8.55825233
v 11.13531876 51.03648376 8.55825233
v 11.04221249 48.2964859 8.68108654
v 11.04221249 51.03648376 8.68108654
v 10.97143078 48.2964859 8.81800747
v 10.97143078 51.03648376 8.81800747
v 10.97143078 45.55648422 8.81800747
v 11.04221249 45.55648422 8.68108654
v 10.97143078 53.77648163 8.81800747
v 11.04221249 53.77648163 8.68108654
v 11.13531876 53.77648163 8.55825233
v 12.33284187 45.55648422 10.96382332
v 12.33284187 48.2964859 10.96382332
v 12.33284187 51.03648376 10.96382332
v 12.48784161 48.2964859 10.95845318
v 12.48784161 51.03648376 10.95845318
v 12.63961887 48.2964859 10.92655087
v 12.63961887 51.03648376 10.92655087
v 12.63961887 45.55648422 10.92655087
v 12.48784161 45.55648422 10.95845318
v 12.63961887 53.77648163 10.92655087
v 12.48784161 53.77648163 10.95845318
v 12.33284187 53.77648163 10.96382332
v 11.27134418 46.2414856 3.9798851
v 11.27134418 49.66648483 3.9798851
v 11.27134418 53.09148407 3.9798851
v 11.42934608 53.09148407 3.97684312
v 11.58585453 53.09148407 3.99873042
v 11.73696041 53.09148407 4.04500055
v 11.87889099 53.09148407 4.11449814
v 11.87889099 49.66648483 4.11449814
v 11.87889099 46.2414856 4.11449814
v 11.73696041 46.2414856 4.04500055
v 11.58585453 46.2414856 3.99873042
v 11.42934608 46.2414856 3.97684312
v 11.42934608 49.66648483 3.97684312
v 11.58585453 49.66648483 3.99873042
v 11.73696041 49.66648483 4.04500055
v 7.49299812 46.2414856 3.07226157
v 7.49299812 49.66648483 3.07226157
v 7.49299812 53.09148407 3.07226157
v 7.46679688 53.09148407 3.22650766
v 7.46770382 53.09148407 3.38296056
v 7.49569178 53.09148407 3.53689241
v 7.54991531 53.09148407 3.68365169
v 7.62873554 53.09148407 3.8188026
v 7.72976971 53.09148407 3.93826103
v 7.84996557 53.09148407 4.03841734
v 7.84996557 49.66648483 4.03841734
v 7.84996557 46.2414856 4.03841734
v 7.72976971 46.2414856 3.93826103
v 7.62873554 46.2414856 3.8188026
v 7.54991531 46.2414856 3.68365169
v 7.49569178 46.2414856 3.53689241
v 7.46770382 46.2414856 3.38296056
v 7.46679688 46.2414856 3.22650766
v 7.46679688 49.66648483 3.22650766
v 7.46770382 49.66648483 3.38296056
v 7.49569178 49.66648483 3.53689241
v 7.54991531 49.66648483 3.68365169
v 7.62873554 49.66648483 3.8188026
v 7.72976971 49.66648483 3.93826103
v 10.49338913 46.2414856 0.39067745
v 10.49338913 49.66648483 0.39067745
v 10.49338913 53.09148407 0.39067745
v 10.43146992 53.09148407 0.5365116
v 10.34729385 53.09148407 0.67073584
v 10.24297619 53.09148407 0.78998113
v 10.1211338 53.09148407 0.89125395
v 10.1211338 49.66648483 0.89125395
v 10.1211338 46.2414856 0.89125395
v 10.24297619 46.2414856 0.78998113
v 10.34729385 46.2414856 0.67073584
v 10.43146992 46.2414856 0.5365116
v 10.43146992 49.66648483 0.5365116
v 10.34729385 49.66648483 0.67073584
v 10.24297619 49.66648483 0.78998113
v 8.1492424 45.55648422 1.88603115
v 8.1492424 48.2964859 1.88603115
v 8.1492424 51.03648376 1.88603115
v 8.03263187 48.2964859 1.98682439
v 8.03263187 51.03648376 1.98682439
v 7.93492985 48.2964859 2.1060369
v 7.93492985 51.03648376 2.1060369
v 7.93492985 45.55648422 2.1060369
v 8.03263187 45.55648422 1.98682439
v 7.93492985 53.77648163 2.1060369
v 8.03263187 53.77648163 1.98682439
v 8.1492424 53.77648163 1.88603115
v 8.82045078 45.55648422 4.48801422
v 8.82045078 48.2964859 4.48801422
v 8.82045078 51.03648376 4.48801422
v 8.97318077 48.2964859 4.51498747
v 8.97318077 51.03648376 4.51498747
v 9.12827301 48.2964859 4.5153389
v 9.12827301 51.03648376 4.5153389
v 9.12827301 45.55648422 4.5153389
v 8.97318077 45.55648422 4.51498747
v 9.12827301 53.77648163 4.5153389
v 8.97318077 53.77648163 4.51498747
v 8.82045078 53.77648163 4.48801422
v 9.21947575 46.2414856 -6.23652649
v 9.21947575 49.66648483 -6.23652649
v 9.21947575 53.09148407 -6.23652649
v 9.12858772 53.09148407 -6.10675335
v 9.01834488 53.09148407 -5.99296331
v 8.89151382 53.09148407 -5.89801264
v 8.75127888 53.09148407 -5.82428503
v 8.75127888 49.66648483 -5.82428503
v 8.75127888 46.2414856 -5.82428503
v 8.89151382 46.2414856 -5.89801264
v 9.01834488 46.2414856 -5.99296331
v 9.12858772 46.2414856 -6.10675335
v 9.12858772 49.66648483 -6.10675335
v 9.01834488 49.66648483 -5.99296331
v 8.89151382 49.66648483 -5.89801264
v 5.72711706 46.2414856 -4.23735809
v 5.72711706 49.66648483 -4.23735809
v 5.72711706 53.09148407 -4.23735809
v 5.66941833 53.09148407 -4.09192991
v 5.63777733 53.09148407 -3.93870735
v 5.63314962 53.09148407 -3.78232026
v 5.65567541 53.09148407 -3.62749457
v 5.70467377 53.09148407 -3.47890949
v 5.77866316 53.09148407 -3.34105492
v 5.87540913 53.09148407 -3.21809745
v 5.87540913 49.66648483 -3.21809745
v 5.87540913 46.2414856 -3.21809745
v 5.77866316 46.2414856 -3.34105492
v 5.70467377 46.2414856 -3.47890949
v 5.65567541 46.2414856 -3.62749457
v 5.63314962 46.2414856 -3.78232026
v 5.63777733 46.2414856 -3.93870735
v 5.66941833 46.2414856 -4.09192991
v 5.66941833 49.66648483 -4.09192991
v 5.63777733 49.66648483 -3.93870735
v 5.63314962 49.66648483 -3.78232026
v 5.65567541 49.66648483 -3.62749457
v 5.70467377 49.66648483 -3.47890949
v 5.77866316 49.66648483 -3.34105492
v 9.23419189 46.2414856 -2.56400609
v 9.23419189 49.66648483 -2.56400609
v 9.23419189 53.09148407 -2.56400609
v 9.38937378 53.09148407 -2.53413105
v 9.53791142 53.09148407 -2.48018193
v 9.67609501 53.09148407 -2.40350628
v 9.80047417 53.09148407 -2.30601883
v 9.80047417 49.66648483 -2.30601883
v 9.80047417 46.2414856 -2.30601883
v 9.67609501 46.2414856 -2.40350628
v 9.53791142 46.2414856 -2.48018193
v 9.38937378 46.2414856 -2.53413105
v 9.38937378 49.66648483 -2.53413105
v 9.53791142 49.66648483 -2.48018193
v 9.67609501 49.66648483 -2.40350628
v 6.61565256 45.55648422 -5.2612257
v 6.61565256 48.2964859 -5.2612257
v 6.61565256 51.03648376 -5.2612257
v 6.48063374 48.2964859 -5.18687963
v 6.48063374 51.03648376 -5.18687963
v 6.36028099 48.2964859 -5.09058571
v 6.36028099 51.03648376 -5.09058571
v 6.36028099 45.55648422 -5.09058571
v 6.48063374 45.55648422 -5.18687963
v 6.36028099 53.77648163 -5.09058571
v 6.48063374 53.77648163 -5.18687963
v 6.61565256 53.77648163 -5.2612257
v 6.73121023 45.55648422 -2.57654953
v 6.73121023 48.2964859 -2.57654953
v 6.73121023 51.03648376 -2.57654953
v 6.87499475 48.2964859 -2.51841187
v 6.87499475 51.03648376 -2.51841187
v 7.02662468 48.2964859 -2.48582268
v 7.02662468 51.03648376 -2.48582268
v 7.02662468 45.55648422 -2.48582268
v 6.87499475 45.55648422 -2.51841187
v 7.02662468 53.77648163 -2.48582268
v 6.87499475 53.77648163 -2.51841187
v 6.73121023 53.77648163 -2.57654953
vn 0.34202 0 0.93969
vn -0.86603 0 -0.5
vn 0.86603 0 -0.5
vn -0.34202 0 0.93969
vn 0 1 0
vn 0.82975 0 0.55813
vn -1 0 0
vn 0 0 -1
vn 1 0 0
vn 0 0 1
vn -0.82572 0 -0.56408
vn -0.60151 -0.71293 0.36045
vn -0.60612 -0.70114 0.37553
vn -0.58801 -0.71291 0.38211
vn -0.59209 -0.70116 0.39725
vn -0.57372 -0.71289 0.40328
vn -0.57728 -0.70117 0.41845
vn -0.55867 -0.71287 0.42391
vn -0.5617 -0.7012 0.4391
vn -0.54288 -0.71286 0.44397
vn -0.54539 -0.70122 0.45917
vn -0.52638 -0.71284 0.46345
vn -0.52837 -0.70123 0.47864
vn -0.50918 -0.71281 0.48233
vn -0.51065 -0.70126 0.49747
vn -0.49129 -0.71279 0.50056
vn -0.49226 -0.70128 0.51565
vn -0.47276 -0.71277 0.51812
vn -0.47322 -0.7013 0.53315
vn -0.4536 -0.71275 0.53501
vn -0.45356 -0.70132 0.54994
vn -0.43384 -0.71273 0.55119
vn -0.4333 -0.70135 0.56601
vn -0.4135 -0.7127 0.56663
vn -0.41247 -0.70137 0.58133
vn -0.39261 -0.71268 0.58133
vn -0.3911 -0.7014 0.59588
vn -0.3712 -0.71266 0.59525
vn -0.36922 -0.70143 0.60965
vn -0.3493 -0.71263 0.6084
vn -0.34685 -0.70145 0.62262
vn -0.32693 -0.7126 0.62073
vn -0.32403 -0.70148 0.63477
vn -0.30413 -0.71258 0.63225
vn -0.30079 -0.70151 0.64607
vn -0.28093 -0.71255 0.64292
vn -0.27715 -0.70154 0.65653
vn -0.25735 -0.71252 0.65275
vn -0.25314 -0.70156 0.66613
vn -0.23342 -0.71249 0.66172
vn -0.22881 -0.7016 0.67484
vn -0.20919 -0.71247 0.6698
vn -0.20418 -0.70163 0.68266
vn -0.18468 -0.71244 0.677
vn -0.17928 -0.70166 0.68959
vn -0.15992 -0.7124 0.68331
vn -0.15414 -0.70169 0.69561
vn -0.13494 -0.71237 0.6887
vn -0.12881 -0.70173 0.70071
vn -0.10979 -0.71234 0.69319
vn -0.1033 -0.70176 0.70489
vn -0.08449 -0.71231 0.69676
vn -0.07767 -0.70179 0.70814
vn -0.05907 -0.71227 0.69941
vn -0.05193 -0.70182 0.71045
vn -0.03357 -0.71224 0.70114
vn -0.02613 -0.70186 0.71184
vn -0.00802 -0.7122 0.70193
vn -0.0003 -0.7019 0.71227
vn 0.01753 -0.71217 0.70179
vn 0.02553 -0.70193 0.71178
vn 0.04307 -0.71213 0.70072
vn 0.05133 -0.70197 0.71035
vn 0.06856 -0.7121 0.69872
vn 0.07705 -0.70201 0.70798
vn 0.09395 -0.71206 0.6958
vn 0.10267 -0.70205 0.70468
vn 0.11922 -0.71202 0.69196
vn 0.12816 -0.70209 0.70046
vn 0.14434 -0.71198 0.6872
vn 0.15347 -0.70213 0.69531
vn 0.16927 -0.71194 0.68153
vn 0.17857 -0.70217 0.68925
vn 0.19398 -0.7119 0.67496
vn 0.20344 -0.70221 0.68228
vn 0.21844 -0.71186 0.66749
vn 0.22804 -0.70226 0.67441
vn 0.24261 -0.71182 0.65913
vn 0.25233 -0.7023 0.66566
vn 0.26646 -0.71178 0.6499
vn 0.27629 -0.70234 0.65603
vn 0.28995 -0.71173 0.63981
vn 0.29988 -0.70239 0.64554
vn 0.31307 -0.71169 0.62887
vn 0.32308 -0.70243 0.6342
vn 0.33578 -0.71165 0.6171
vn 0.34584 -0.70248 0.62203
vn 0.35805 -0.7116 0.60451
vn 0.36815 -0.70253 0.60903
vn 0.37984 -0.71156 0.59111
vn 0.38997 -0.70257 0.59524
vn 0.40113 -0.71151 0.57693
vn 0.41127 -0.70262 0.58067
vn 0.4219 -0.71146 0.56198
vn 0.43203 -0.70267 0.56533
vn 0.44211 -0.71141 0.54629
vn 0.45222 -0.70272 0.54925
vn 0.46173 -0.71137 0.52987
vn 0.47181 -0.70277 0.53246
vn 0.48075 -0.71132 0.51275
vn 0.49078 -0.70282 0.51496
vn 0.49913 -0.71127 0.49494
vn 0.50909 -0.70287 0.49678
vn 0.51685 -0.71122 0.47648
vn 0.52674 -0.70292 0.47796
vn 0.5339 -0.71117 0.45738
vn 0.54369 -0.70298 0.45851
vn 0.55023 -0.71111 0.43768
vn 0.55992 -0.70303 0.43846
vn 0.56584 -0.71106 0.41739
vn 0.5754 -0.70308 0.41783
vn 0.58071 -0.71101 0.39654
vn 0.59013 -0.70314 0.39666
vn 0.5948 -0.71095 0.37517
vn 0.60409 -0.70319 0.37496
vn 0.60811 -0.7109 0.3533
vn 0.61724 -0.70325 0.35278
vn 0.62062 -0.71084 0.33095
vn 0.62958 -0.70331 0.33014
vn 0.63231 -0.71079 0.30816
vn 0.64108 -0.70337 0.30706
vn 0.64316 -0.71073 0.28497
vn 0.65175 -0.70342 0.28359
vn 0.65316 -0.71068 0.26138
vn 0.66155 -0.70348 0.25974
vn 0.6623 -0.71062 0.23745
vn 0.67048 -0.70354 0.23556
vn 0.67056 -0.71056 0.21321
vn 0.67852 -0.7036 0.21107
vn 0.67793 -0.7105 0.18867
vn 0.68567 -0.70366 0.18631
vn 0.68441 -0.71044 0.16388
vn 0.69192 -0.70373 0.1613
vn 0.68998 -0.71038 0.13887
vn 0.69725 -0.70379 0.13609
vn 0.69464 -0.71032 0.11367
vn 0.70167 -0.70385 0.11071
vn 0.69838 -0.71025 0.08832
vn 0.70516 -0.70391 0.08518
vn 0.7012 -0.71019 0.06284
vn 0.70772 -0.70398 0.05954
vn 0.70309 -0.71013 0.03728
vn 0.70935 -0.70404 0.03383
vn 0.70404 -0.71006 0.01166
vn 0.71005 -0.70411 0.00808
vn 0.70406 -0.71 -0.01398
vn 0.70981 -0.70417 -0.01767
vn 0.70315 -0.70993 -0.0396
vn 0.70863 -0.70424 -0.0434
vn 0.70131 -0.70987 -0.06518
vn 0.70653 -0.70431 -0.06906
vn 0.69854 -0.7098 -0.09068
vn 0.70349 -0.70438 -0.09463
vn 0.69484 -0.70973 -0.11606
vn 0.69953 -0.70445 -0.12007
vn 0.69023 -0.70966 -0.14129
vn 0.69465 -0.70452 -0.14535
vn 0.68469 -0.7096 -0.16634
vn 0.68885 -0.70459 -0.17043
vn 0.67825 -0.70953 -0.19117
vn 0.68215 -0.70466 -0.19528
vn 0.67091 -0.70945 -0.21576
vn 0.67455 -0.70473 -0.21987
vn 0.66268 -0.70938 -0.24006
vn 0.66606 -0.7048 -0.24416
vn 0.65357 -0.70931 -0.26405
vn 0.6567 -0.70487 -0.26813
vn 0.64359 -0.70924 -0.2877
vn 0.64648 -0.70495 -0.29174
vn 0.63276 -0.70917 -0.31097
vn 0.63541 -0.70502 -0.31496
vn 0.62108 -0.70909 -0.33383
vn 0.6235 -0.7051 -0.33777
vn 0.60858 -0.70902 -0.35626
vn 0.61078 -0.70517 -0.36012
vn 0.59528 -0.70894 -0.37822
vn 0.59725 -0.70525 -0.38199
vn 0.58118 -0.70887 -0.39968
vn 0.58294 -0.70532 -0.40336
vn 0.5663 -0.70879 -0.42062
vn 0.56787 -0.7054 -0.42419
vn 0.55068 -0.70871 -0.441
vn 0.55205 -0.70548 -0.44445
vn 0.53432 -0.70863 -0.46081
vn 0.53551 -0.70556 -0.46413
vn 0.51725 -0.70856 -0.48001
vn 0.51826 -0.70564 -0.48319
vn 0.49949 -0.70848 -0.49857
vn 0.50034 -0.70572 -0.50162
vn 0.48106 -0.70839 -0.51649
vn 0.48177 -0.7058 -0.51937
vn 0.46199 -0.70831 -0.53372
vn 0.46256 -0.70588 -0.53644
vn 0.44231 -0.70823 -0.55024
vn 0.44275 -0.70596 -0.5528
vn 0.42204 -0.70815 -0.56605
vn 0.42236 -0.70604 -0.56843
vn 0.4012 -0.70807 -0.58111
vn 0.40142 -0.70613 -0.5833
vn 0.37982 -0.70798 -0.59539
vn 0.37996 -0.70621 -0.59741
vn 0.35794 -0.7079 -0.6089
vn 0.358 -0.7063 -0.61072
vn 0.33558 -0.70781 -0.6216
vn 0.33557 -0.70638 -0.62323
vn 0.31277 -0.70773 -0.63348
vn 0.31271 -0.70647 -0.63491
vn 0.28953 -0.70764 -0.64453
vn 0.28944 -0.70656 -0.64576
vn 0.26591 -0.70755 -0.65472
vn 0.2658 -0.70664 -0.65575
vn 0.24193 -0.70746 -0.66405
vn 0.24181 -0.70673 -0.66488
vn 0.21763 -0.70737 -0.6725
vn 0.21752 -0.70682 -0.67312
vn 0.19302 -0.70729 -0.68006
vn 0.19294 -0.70691 -0.68048
vn 0.16816 -0.7072 -0.68673
vn 0.16811 -0.707 -0.68694
vn 0.14307 -0.70711 -0.69248
vn 0.14307 -0.70709 -0.6925
vn 0.11778 -0.70701 -0.69732
vn 0.11784 -0.70718 -0.69714
vn 0.09233 -0.70692 -0.70124
vn 0.09247 -0.70727 -0.70087
vn 0.06675 -0.70683 -0.70423
vn 0.06698 -0.70737 -0.70367
vn 0.04108 -0.70674 -0.70628
vn 0.04141 -0.70746 -0.70554
vn 0.01534 -0.70664 -0.70741
vn 0.01579 -0.70755 -0.70649
vn -0.01042 -0.70654 -0.70759
vn -0.00984 -0.70765 -0.7065
vn -0.03618 -0.70645 -0.70684
vn -0.03545 -0.70774 -0.70558
vn -0.06189 -0.70635 -0.70515
vn -0.06101 -0.70784 -0.70374
vn -0.08754 -0.70625 -0.70253
vn -0.08648 -0.70793 -0.70096
vn -0.11306 -0.70616 -0.69897
vn -0.11183 -0.70803 -0.69727
vn -0.13846 -0.70605 -0.69449
vn -0.13702 -0.70813 -0.69266
vn -0.16367 -0.70596 -0.68909
vn -0.16203 -0.70823 -0.68714
vn -0.18867 -0.70586 -0.68277
vn -0.18682 -0.70833 -0.68072
vn -0.21343 -0.70576 -0.67554
vn -0.21135 -0.70843 -0.67339
vn -0.23791 -0.70566 -0.66742
vn -0.2356 -0.70853 -0.66519
vn -0.26209 -0.70555 -0.65841
vn -0.25954 -0.70862 -0.65612
vn -0.28593 -0.70544 -0.64853
vn -0.28312 -0.70873 -0.64618
vn -0.30939 -0.70534 -0.63778
vn -0.30632 -0.70883 -0.63539
vn -0.33245 -0.70524 -0.62619
vn -0.32912 -0.70893 -0.62378
vn -0.35508 -0.70513 -0.61376
vn -0.35147 -0.70903 -0.61134
vn -0.37724 -0.70503 -0.60052
vn -0.37336 -0.70914 -0.5981
vn -0.39891 -0.70492 -0.58648
vn -0.39474 -0.70924 -0.58408
vn -0.42006 -0.70481 -0.57165
vn -0.4156 -0.70935 -0.56929
vn -0.44066 -0.7047 -0.55607
vn -0.43591 -0.70945 -0.55376
vn -0.46068 -0.70459 -0.53974
vn -0.45564 -0.70956 -0.53751
vn -0.4801 -0.70448 -0.5227
vn -0.47476 -0.70967 -0.52055
vn -0.49888 -0.70437 -0.50495
vn -0.49325 -0.70977 -0.50291
vn -0.51702 -0.70426 -0.48653
vn -0.51109 -0.70989 -0.48462
vn -0.53447 -0.70415 -0.46746
vn -0.52825 -0.70999 -0.46569
vn -0.55122 -0.70404 -0.44776
vn -0.5447 -0.7101 -0.44616
vn -0.56724 -0.70392 -0.42747
vn -0.56044 -0.71021 -0.42604
vn -0.58252 -0.70381 -0.4066
vn -0.57543 -0.71032 -0.40537
vn -0.59703 -0.70369 -0.38519
vn -0.58966 -0.71043 -0.38417
vn -0.61076 -0.70357 -0.36326
vn -0.6031 -0.71055 -0.36248
vn -0.62367 -0.70346 -0.34084
vn -0.61576 -0.71066 -0.34031
vn -0.63578 -0.70334 -0.31796
vn -0.62759 -0.71077 -0.3177
vn -0.64703 -0.70323 -0.29466
vn -0.6386 -0.71088 -0.29469
vn -0.65744 -0.7031 -0.27095
vn -0.64875 -0.711 -0.27129
vn -0.66698 -0.70299 -0.24688
vn -0.65806 -0.71111 -0.24754
vn -0.67564 -0.70286 -0.22247
vn -0.66649 -0.71123 -0.22347
vn -0.6834 -0.70275 -0.19776
vn -0.67405 -0.71135 -0.19912
vn -0.69027 -0.70262 -0.17278
vn -0.68071 -0.71147 -0.17452
vn -0.69621 -0.7025 -0.14757
vn -0.68647 -0.71158 -0.14969
vn -0.70125 -0.70238 -0.12215
vn -0.69134 -0.7117 -0.12467
vn -0.70535 -0.70225 -0.09655
vn -0.69528 -0.71182 -0.0995
vn -0.99076 0 -0.13562
vn -0.98517 0 -0.1716
vn -0.97827 0 -0.20735
vn -0.97007 0 -0.24282
vn -0.96059 0 -0.27798
vn -0.94983 0 -0.31276
vn -0.93782 0 -0.34713
vn -0.92456 0 -0.38104
vn -0.91007 0 -0.41444
vn -0.89439 0 -0.4473
vn -0.87751 0 -0.47956
vn -0.85947 0 -0.51118
vn -0.84029 0 -0.54213
vn -0.82 0 -0.57236
vn -0.79862 0 -0.60184
vn -0.77618 0 -0.63051
vn -0.75272 0 -0.65835
vn -0.72825 0 -0.68531
vn -0.70282 0 -0.71137
vn -0.67646 0 -0.73648
vn -0.6492 0 -0.76062
vn -0.62108 0 -0.78375
vn -0.59214 0 -0.80583
vn -0.56241 0 -0.82686
vn -0.53194 0 -0.84678
vn -0.50076 0 -0.86558
vn -0.46892 0 -0.88324
vn -0.43646 0 -0.89972
vn -0.40342 0 -0.91502
vn -0.36984 0 -0.9291
vn -0.33577 0 -0.94194
vn -0.30126 0 -0.95354
vn -0.26635 0 -0.96388
vn -0.23109 0 -0.97293
vn -0.19551 0 -0.9807
vn -0.15968 0 -0.98717
vn -0.12364 0 -0.99233
vn -0.08744 0 -0.99617
vn -0.05112 0 -0.99869
vn -0.01473 0 -0.99989
vn 0.02168 0 -0.99976
vn 0.05806 0 -0.99831
vn 0.09437 0 -0.99554
vn 0.13054 0 -0.99144
vn 0.16655 0 -0.98603
vn 0.20233 0 -0.97932
vn 0.23785 0 -0.9713
vn 0.27305 0 -0.962
vn 0.30789 0 -0.95142
vn 0.34232 0 -0.93958
vn 0.37629 0 -0.9265
vn 0.40977 0 -0.91219
vn 0.44271 0 -0.89667
vn 0.47505 0 -0.87996
vn 0.50677 0 -0.86208
vn 0.53782 0 -0.84306
vn 0.56815 0 -0.82292
vn 0.59773 0 -0.8017
vn 0.62652 0 -0.77941
vn 0.65448 0 -0.75608
vn 0.68157 0 -0.73176
vn 0.70775 0 -0.70646
vn 0.733 0 -0.68023
vn 0.75728 0 -0.65309
vn 0.78055 0 -0.62509
vn 0.80279 0 -0.59626
vn 0.82396 0 -0.56665
vn 0.84404 0 -0.53628
vn 0.86301 0 -0.50519
vn 0.88082 0 -0.47344
vn 0.89747 0 -0.44107
vn 0.91294 0 -0.4081
vn 0.92719 0 -0.3746
vn 0.94021 0 -0.3406
vn 0.95198 0 -0.30615
vn 0.9625 0 -0.27129
vn 0.97174 0 -0.23607
vn 0.97969 0 -0.20054
vn 0.98634 0 -0.16474
vn 0.99168 0 -0.12873
vn 0.99571 0 -0.09254
vn 0.99842 0 -0.05624
vn 0.9998 0 -0.01985
vn 0.99986 0 0.01656
vn 0.9986 0 0.05294
vn 0.99601 0 0.08926
vn 0.9921 0 0.12546
vn 0.98687 0 0.16149
vn 0.98034 0 0.19731
vn 0.97251 0 0.23286
vn 0.96339 0 0.26811
vn 0.95299 0 0.30301
vn 0.94133 0 0.3375
vn 0.92842 0 0.37154
vn 0.91428 0 0.40509
vn 0.89892 0 0.4381
vn 0.88238 0 0.47054
vn 0.86467 0 0.50235
vn 0.84581 0 0.53349
vn 0.82583 0 0.56393
vn 0.80475 0 0.59361
vn 0.78261 0 0.62252
vn 0.75943 0 0.65059
vn 0.73524 0 0.67781
vn 0.71008 0 0.70412
vn 0.68398 0 0.7295
vn 0.65697 0 0.75392
vn 0.62909 0 0.77733
vn 0.60037 0 0.79972
vn 0.57086 0 0.82105
vn 0.5406 0 0.84128
vn 0.50961 0 0.8604
vn 0.47795 0 0.87839
vn 0.44566 0 0.8952
vn 0.41278 0 0.91083
vn 0.37935 0 0.92525
vn 0.34541 0 0.93845
vn 0.31102 0 0.9504
vn 0.27622 0 0.96109
vn 0.24105 0 0.97051
vn 0.20556 0 0.97864
vn 0.1698 0 0.98548
vn 0.13381 0 0.99101
vn 0.09765 0 0.99522
vn 0.06135 0 0.99812
vn 0.02498 0 0.99969
vn -0.01143 0 0.99993
vn -0.04782 0 0.99886
vn -0.08415 0 0.99645
vn -0.12037 0 0.99273
vn -0.15643 0 0.98769
vn -0.19228 0 0.98134
vn -0.22787 0 0.97369
vn -0.26317 0 0.96475
vn -0.29811 0 0.95453
vn -0.33266 0 0.94305
vn -0.36678 0 0.93031
vn -0.4004 0 0.91634
vn -0.43349 0 0.90116
vn -0.466 0 0.88478
vn -0.49791 0 0.86723
vn -0.52915 0 0.84853
vn -0.55968 0 0.82871
vn -0.58948 0 0.80778
vn -0.61849 0 0.78579
vn -0.64669 0 0.76275
vn -0.67403 0 0.7387
vn -0.70047 0 0.71368
vn -0.72599 0 0.68771
vn -0.75054 0 0.66082
vn -0.7741 0 0.63306
vn -0.79663 0 0.60447
vn -0.81811 0 0.57506
vn -0.8385 0 0.5449
vn -0.85778 0 0.51402
vn 0.56619 -0.70671 -0.42425
vn 0.56447 -0.70814 -0.42416
vn 0.55385 -0.70741 -0.43911
vn 0.55384 -0.70742 -0.43911
vn 0.54118 -0.70804 -0.45366
vn 0.54277 -0.70676 -0.45375
vn 0.6842 -0.71181 -0.15874
vn 0.70655 -0.69642 -0.12562
vn 0.70252 -0.71042 -0.04214
vn 0.7156 -0.6984 -0.01243
vn 0.70095 -0.70913 0.07609
vn 0.70682 -0.70021 0.10052
vn 0.6795 -0.70794 0.1926
vn 0.68051 -0.70189 0.21039
vn 0.63869 -0.70685 0.30402
vn 0.63739 -0.7034 0.31458
vn 0.57965 -0.70586 0.40714
vn 0.57861 -0.70478 0.41049
vn 0.54248 -0.70711 0.45355
vn 0.70512 -0.70581 0.06805
vn 0.68317 -0.70581 0.18738
vn 0.68318 -0.70581 0.18735
vn 0.64119 -0.70581 0.30119
vn 0.64119 -0.70581 0.30118
vn 0.58039 -0.70581 0.40618
vn 0.58039 -0.70581 0.40619
vn 0.70707 -0.70711 0.0074
vn 0.70706 -0.70711 0.00741
vn 0.07197 -0.70577 -0.70478
vn 0.07196 -0.70577 -0.70478
vn 0.19294 -0.70577 -0.68167
vn 0.19295 -0.70577 -0.68166
vn 0.30806 -0.70577 -0.63796
vn 0.4139 -0.70577 -0.57496
vn 0.4139 -0.70577 -0.57495
vn 0.50722 -0.70577 -0.49458
vn 0.50721 -0.70577 -0.4946
vn 0.5852 -0.70577 -0.39929
vn 0.58521 -0.70577 -0.39927
vn 0.64551 -0.70577 -0.29189
vn 0.64552 -0.70577 -0.29188
vn 0.68631 -0.70577 -0.17569
vn 0.68631 -0.70577 -0.1757
vn 0.70637 -0.70577 -0.05417
vn 0.70637 -0.70577 -0.05418
vn 0.01042 -0.70711 -0.70703
vn -0.39364 -0.70579 -0.58899
vn -0.39363 -0.70579 -0.58899
vn -0.28668 -0.70579 -0.64782
vn -0.28667 -0.70579 -0.64782
vn -0.17119 -0.70579 -0.68742
vn -0.17119 -0.70579 -0.68742
vn -0.05063 -0.70579 -0.70661
vn -0.05064 -0.70579 -0.70661
vn -0.4421 -0.70711 -0.55185
vn -0.4421 -0.70711 -0.55185
vn 0.13622 -0.71001 -0.69089
vn 0.17406 -0.7021 -0.69048
vn 0.02569 -0.70949 -0.70425
vn 0.05633 -0.70246 -0.70949
vn -0.08566 -0.70883 -0.70016
vn -0.06284 -0.70293 -0.70848
vn -0.19512 -0.70803 -0.67869
vn -0.18007 -0.7035 -0.6875
vn -0.29999 -0.70709 -0.64034
vn -0.29203 -0.70419 -0.64718
vn -0.39774 -0.706 -0.58597
vn -0.39552 -0.70497 -0.58871
vn 0.4656 -0.70672 -0.53269
vn 0.46395 -0.70814 -0.53225
vn 0.45045 -0.70741 -0.54466
vn 0.45044 -0.70742 -0.54466
vn 0.43503 -0.70804 -0.55626
vn 0.43657 -0.70676 -0.55668
vn 0.63625 -0.7118 -0.29752
vn 0.665 -0.69642 -0.26977
vn 0.6784 -0.71042 -0.18728
vn 0.69738 -0.6984 -0.16093
vn 0.70146 -0.70913 -0.0713
vn 0.71227 -0.70022 -0.04865
vn 0.7047 -0.70794 0.04712
vn 0.70938 -0.70189 0.06429
vn 0.68795 -0.70685 0.16458
vn 0.68887 -0.7034 0.17518
vn 0.65164 -0.70586 0.27773
vn 0.65131 -0.70477 0.28122
vn 0.62492 -0.70711 0.33085
vn 0.62493 -0.70711 0.33085
vn 0.70386 -0.70581 -0.08004
vn 0.70387 -0.70581 -0.08005
vn 0.7072 -0.70581 0.04122
vn 0.68979 -0.70581 0.1613
vn 0.68979 -0.70581 0.16131
vn 0.65215 -0.70581 0.27664
vn 0.65216 -0.70581 0.27663
vn 0.69315 -0.70711 -0.13977
vn 0.69315 -0.70711 -0.13976
vn -0.07613 -0.70577 -0.70434
vn -0.07614 -0.70577 -0.70434
vn 0.047 -0.70577 -0.70688
vn 0.04699 -0.70577 -0.70688
vn 0.1687 -0.70577 -0.68806
vn 0.1687 -0.70577 -0.68806
vn 0.28532 -0.70577 -0.64845
vn 0.28531 -0.70577 -0.64845
vn 0.39331 -0.70577 -0.58924
vn 0.39332 -0.70577 -0.58923
vn 0.4894 -0.70577 -0.51223
vn 0.57072 -0.70577 -0.41972
vn 0.57073 -0.70577 -0.41972
vn 0.63478 -0.70577 -0.31455
vn 0.63478 -0.70576 -0.31457
vn 0.67967 -0.70576 -0.19987
vn 0.67967 -0.70577 -0.19986
vn -0.13681 -0.70711 -0.69374
vn -0.50749 -0.7058 -0.49428
vn -0.50751 -0.70579 -0.49426
vn -0.41509 -0.70579 -0.57407
vn -0.41509 -0.70579 -0.57407
vn -0.31039 -0.70579 -0.6368
vn -0.3104 -0.70579 -0.6368
vn -0.19644 -0.70579 -0.68064
vn -0.19643 -0.70579 -0.68064
vn -0.54718 -0.70711 -0.44788
vn -0.54717 -0.70711 -0.44787
vn -0.01041 -0.71001 -0.70411
vn 0.02669 -0.7021 -0.71158
vn -0.1213 -0.70949 -0.6942
vn -0.09241 -0.70246 -0.7057
vn -0.22935 -0.70883 -0.66705
vn -0.20877 -0.70293 -0.67993
vn -0.33196 -0.70803 -0.6233
vn -0.31908 -0.70351 -0.63503
vn -0.42658 -0.70708 -0.56397
vn -0.42021 -0.70419 -0.57232
vn -0.51088 -0.706 -0.49047
vn -0.50927 -0.70497 -0.49362
vn 0.34468 -0.70672 -0.61786
vn 0.34315 -0.70814 -0.61707
vn 0.32737 -0.70741 -0.62642
vn 0.32736 -0.70742 -0.62641
vn 0.30987 -0.70804 -0.63455
vn 0.31129 -0.70676 -0.63529
vn 0.56049 -0.71181 -0.42331
vn 0.59437 -0.69642 -0.40214
vn 0.62464 -0.71042 -0.32424
vn 0.64868 -0.6984 -0.30241
vn 0.67131 -0.70913 -0.21559
vn 0.68659 -0.70022 -0.19568
vn 0.69909 -0.70795 -0.10042
vn 0.70725 -0.70188 -0.08457
vn 0.70714 -0.70685 0.01796
vn 0.71023 -0.70341 0.02811
vn 0.69514 -0.70586 0.13616
vn 0.69555 -0.70477 0.13968
vn 0.68005 -0.70711 0.19369
vn 0.67184 -0.70581 -0.22463
vn 0.67184 -0.70581 -0.22463
vn 0.70032 -0.70581 -0.1067
vn 0.70826 -0.70581 0.01438
vn 0.70826 -0.70581 0.01437
vn 0.69543 -0.70581 0.13498
vn 0.69541 -0.70581 0.13501
vn 0.64894 -0.70712 -0.28082
vn 0.64895 -0.70711 -0.28083
vn -0.22091 -0.70577 -0.67312
vn -0.22091 -0.70577 -0.67312
vn -0.10101 -0.70577 -0.70121
vn -0.10099 -0.70577 -0.70121
vn 0.02196 -0.70577 -0.7081
vn 0.14426 -0.70577 -0.6936
vn 0.14425 -0.70577 -0.6936
vn 0.2622 -0.70577 -0.65814
vn 0.26221 -0.70577 -0.65813
vn 0.37222 -0.70577 -0.60278
vn 0.3722 -0.70576 -0.6028
vn 0.47098 -0.70577 -0.52922
vn 0.471 -0.70577 -0.5292
vn 0.5555 -0.70577 -0.43966
vn 0.55551 -0.70577 -0.43966
vn 0.62326 -0.70577 -0.3368
vn 0.62326 -0.70577 -0.33679
vn -0.27806 -0.70711 -0.65014
vn -0.59918 -0.70579 -0.37795
vn -0.59917 -0.70579 -0.37796
vn -0.52538 -0.70579 -0.47522
vn -0.52539 -0.70579 -0.47521
vn -0.436 -0.70579 -0.55836
vn -0.43598 -0.70579 -0.55837
vn -0.33365 -0.70579 -0.62492
vn -0.33366 -0.70579 -0.62492
vn -0.62834 -0.70711 -0.32433
vn -0.15658 -0.71001 -0.68656
vn -0.12184 -0.7021 -0.70158
vn -0.26297 -0.70949 -0.65382
vn -0.23712 -0.70246 -0.67106
vn -0.36304 -0.70883 -0.60478
vn -0.34558 -0.70293 -0.62167
vn -0.4543 -0.70803 -0.54066
vn -0.44414 -0.7035 -0.55482
vn -0.53451 -0.70709 -0.46296
vn -0.53001 -0.70419 -0.47245
vn -0.60168 -0.706 -0.37355
vn -0.60077 -0.70497 -0.37694
vn 0.20869 -0.70672 -0.67602
vn 0.20735 -0.70815 -0.67493
vn 0.18997 -0.70741 -0.68079
vn 0.18996 -0.70742 -0.68079
vn 0.17117 -0.70804 -0.68511
vn 0.1724 -0.70676 -0.68613
vn 0.46023 -0.7118 -0.53059
vn 0.49777 -0.69642 -0.51693
vn 0.54357 -0.71042 -0.44702
vn 0.57165 -0.69839 -0.43066
vn 0.61181 -0.70913 -0.35045
vn 0.63089 -0.70022 -0.33416
vn 0.66294 -0.70794 -0.24357
vn 0.67422 -0.70188 -0.22977
vn 0.69541 -0.70685 -0.12947
vn 0.70056 -0.7034 -0.12016
vn 0.70826 -0.70586 -0.01133
vn 0.70939 -0.70478 -0.00801
vn 0.70547 -0.70711 0.04807
vn 0.61045 -0.70581 -0.35941
vn 0.61045 -0.70581 -0.35943
vn 0.66283 -0.70581 -0.24997
vn 0.66283 -0.70581 -0.24997
vn 0.69577 -0.70581 -0.1332
vn 0.69577 -0.70581 -0.1332
vn 0.70829 -0.70581 -0.01256
vn 0.57638 -0.70711 -0.40961
vn 0.57638 -0.70712 -0.40961
vn -0.35605 -0.70577 -0.61247
vn -0.35603 -0.70577 -0.61248
vn -0.24457 -0.70577 -0.66489
vn -0.24459 -0.70576 -0.66489
vn -0.12575 -0.70576 -0.6972
vn -0.12573 -0.70577 -0.6972
vn -0.00309 -0.70577 -0.70844
vn -0.00311 -0.70576 -0.70844
vn 0.11962 -0.70576 -0.69828
vn 0.11964 -0.70577 -0.69827
vn 0.23876 -0.70577 -0.667
vn 0.23876 -0.70577 -0.66699
vn 0.35066 -0.70577 -0.61557
vn 0.35065 -0.70577 -0.61558
vn 0.45197 -0.70577 -0.54555
vn 0.45197 -0.70577 -0.54554
vn 0.53961 -0.70577 -0.45903
vn 0.53961 -0.70577 -0.45903
vn -0.40715 -0.70711 -0.57812
vn -0.40715 -0.70711 -0.57812
vn -0.66466 -0.70579 -0.24512
vn -0.66466 -0.70579 -0.24513
vn -0.6127 -0.70579 -0.35561
vn -0.61271 -0.70579 -0.35559
vn -0.54256 -0.70579 -0.45551
vn -0.54255 -0.70579 -0.45552
vn -0.4563 -0.70579 -0.54189
vn -0.45629 -0.70579 -0.5419
vn -0.68204 -0.70711 -0.1866
vn -0.29591 -0.71001 -0.639
vn -0.26505 -0.7021 -0.66091
vn -0.39316 -0.70949 -0.58485
vn -0.37144 -0.70246 -0.60711
vn -0.48084 -0.70883 -0.51609
vn -0.46728 -0.70293 -0.53623
vn -0.55678 -0.70803 -0.43438
vn -0.54978 -0.70351 -0.45035
vn -0.61908 -0.70709 -0.34171
vn -0.61666 -0.70419 -0.35193
vn -0.6662 -0.706 -0.24029
vn -0.66601 -0.70497 -0.2438
vn 0.06357 -0.70672 -0.70463
vn 0.06249 -0.70814 -0.7033
vn 0.04428 -0.70742 -0.70541
vn 0.04427 -0.70742 -0.7054
vn 0.02499 -0.70804 -0.70573
vn 0.02598 -0.70676 -0.70697
vn 0.33985 -0.7118 -0.61469
vn 0.37943 -0.69642 -0.60913
vn 0.43876 -0.71042 -0.55027
vn 0.4696 -0.6984 -0.54011
vn 0.52558 -0.70914 -0.46999
vn 0.54765 -0.70021 -0.45801
vn 0.59781 -0.70794 -0.37609
vn 0.61169 -0.70189 -0.36495
vn 0.6533 -0.70685 -0.27122
vn 0.66028 -0.7034 -0.26318
vn 0.69043 -0.70586 -0.15834
vn 0.69223 -0.70477 -0.15531
vn 0.70004 -0.70711 -0.09966
vn 0.52239 -0.70581 -0.47849
vn 0.52239 -0.70581 -0.47847
vn 0.59638 -0.70581 -0.38231
vn 0.65286 -0.70581 -0.27497
vn 0.65286 -0.70581 -0.27498
vn 0.69021 -0.70581 -0.15952
vn 0.69021 -0.70581 -0.1595
vn 0.47862 -0.70711 -0.5205
vn -0.47559 -0.70577 -0.52507
vn -0.47561 -0.70577 -0.52506
vn -0.37747 -0.70577 -0.59951
vn -0.37747 -0.70577 -0.5995
vn -0.26795 -0.70577 -0.65582
vn -0.26794 -0.70577 -0.65582
vn -0.15032 -0.70577 -0.69231
vn -0.15034 -0.70576 -0.69231
vn -0.02816 -0.70576 -0.70789
vn -0.02814 -0.70577 -0.70788
vn 0.09485 -0.70577 -0.70207
vn 0.09486 -0.70577 -0.70206
vn 0.21501 -0.70577 -0.67503
vn 0.21502 -0.70577 -0.67502
vn 0.32867 -0.70577 -0.62759
vn 0.32864 -0.70576 -0.62761
vn 0.43239 -0.70576 -0.56119
vn 0.4324 -0.70577 -0.56118
vn -0.51845 -0.70711 -0.48084
vn -0.51845 -0.70711 -0.48084
vn -0.7011 -0.70579 -0.10157
vn -0.7011 -0.70579 -0.10157
vn -0.67325 -0.70579 -0.22044
vn -0.67325 -0.70579 -0.22045
vn -0.62541 -0.70579 -0.33275
vn -0.6254 -0.70579 -0.33276
vn -0.55899 -0.70579 -0.43518
vn -0.559 -0.70579 -0.43518
vn -0.70593 -0.70711 -0.04072
vn -0.42228 -0.71001 -0.56353
vn -0.39667 -0.7021 -0.59136
vn -0.50617 -0.70949 -0.49033
vn -0.48956 -0.70246 -0.51661
vn -0.57764 -0.70883 -0.40484
vn -0.56856 -0.70293 -0.42736
vn -0.63492 -0.70803 -0.30915
vn -0.6314 -0.7035 -0.32621
vn -0.6766 -0.70709 -0.20552
vn -0.67635 -0.70418 -0.21603
vn -0.7016 -0.706 -0.09652
vn -0.70215 -0.70497 -0.1
vn -0.08432 -0.70672 -0.70245
vn -0.0851 -0.70815 -0.70092
vn -0.10335 -0.70742 -0.6992
vn -0.10336 -0.70742 -0.69919
vn -0.12229 -0.70804 -0.6955
vn -0.12158 -0.70676 -0.69692
vn 0.20463 -0.7118 -0.67191
vn 0.24449 -0.69642 -0.6747
vn 0.31475 -0.71042 -0.62947
vn 0.34704 -0.6984 -0.62595
vn 0.41638 -0.70913 -0.56899
vn 0.44046 -0.70022 -0.56187
vn 0.50655 -0.70794 -0.49216
vn 0.52246 -0.70188 -0.48414
vn 0.58264 -0.70685 -0.40112
vn 0.59112 -0.7034 -0.39472
vn 0.64242 -0.70586 -0.29843
vn 0.64481 -0.70477 -0.29583
vn 0.66403 -0.70711 -0.24303
vn 0.41151 -0.70581 -0.57663
vn 0.4115 -0.70581 -0.57663
vn 0.50385 -0.70581 -0.49797
vn 0.50385 -0.70581 -0.49797
vn 0.58143 -0.70581 -0.40469
vn 0.58143 -0.70581 -0.40469
vn 0.64196 -0.70581 -0.29954
vn 0.35994 -0.70711 -0.60864
vn 0.35994 -0.70711 -0.60863
vn -0.57436 -0.70577 -0.41472
vn -0.57437 -0.70577 -0.41472
vn -0.49387 -0.70577 -0.50792
vn -0.49387 -0.70577 -0.50792
vn -0.39845 -0.70577 -0.58577
vn -0.39846 -0.70576 -0.58577
vn -0.29099 -0.70577 -0.64593
vn -0.29097 -0.70577 -0.64593
vn -0.17472 -0.70577 -0.68656
vn -0.17473 -0.70577 -0.68656
vn -0.05318 -0.70577 -0.70644
vn -0.05318 -0.70577 -0.70644
vn 0.06998 -0.70577 -0.70498
vn 0.06999 -0.70577 -0.70498
vn 0.191 -0.70577 -0.68221
vn 0.19099 -0.70577 -0.68222
vn 0.30625 -0.70577 -0.63883
vn 0.30626 -0.70577 -0.63883
vn -0.6071 -0.70711 -0.36254
vn -0.60709 -0.70711 -0.36254
vn -0.7069 -0.70579 0.04642
vn -0.7069 -0.70579 0.04641
vn -0.70437 -0.70579 -0.07564
vn -0.70437 -0.70579 -0.07565
vn -0.68092 -0.70579 -0.19546
vn -0.68092 -0.70579 -0.19545
vn -0.63726 -0.70579 -0.30946
vn -0.63726 -0.70579 -0.30945
vn -0.69897 -0.70711 0.10694
vn -0.69897 -0.70711 0.10694
vn -0.53023 -0.71001 -0.4634
vn -0.51095 -0.7021 -0.49598
vn -0.59704 -0.70949 -0.37438
vn -0.58627 -0.70246 -0.40353
vn -0.64919 -0.70883 -0.27589
vn -0.64499 -0.70293 -0.29981
vn -0.68532 -0.70803 -0.17038
vn -0.68543 -0.7035 -0.1878
vn -0.70455 -0.70709 -0.06036
vn -0.70649 -0.70419 -0.07069
vn -0.70634 -0.706 0.05146
vn -0.7076 -0.70497 0.04817
vn -0.22852 -0.70672 -0.66957
vn -0.22896 -0.70814 -0.66791
vn -0.24647 -0.70742 -0.66243
vn -0.24647 -0.70742 -0.66243
vn -0.26422 -0.70805 -0.65487
vn -0.26382 -0.70676 -0.65642
vn 0.06046 -0.7118 -0.69977
vn 0.09886 -0.69642 -0.71079
vn 0.17701 -0.71042 -0.68116
vn 0.20932 -0.69839 -0.68442
vn 0.28898 -0.70913 -0.64313
vn 0.31401 -0.70021 -0.64117
vn 0.39315 -0.70794 -0.58673
vn 0.41039 -0.70188 -0.58219
vn 0.48651 -0.70685 -0.51349
vn 0.49614 -0.7034 -0.50899
vn 0.56633 -0.70586 -0.42547
vn 0.56921 -0.70477 -0.42343
vn 0.59899 -0.70711 -0.37577
vn 0.59899 -0.70711 -0.37577
vn 0.28262 -0.70581 -0.64958
vn 0.28261 -0.70581 -0.64959
vn 0.38931 -0.70581 -0.59184
vn 0.38932 -0.70581 -0.59183
vn 0.48459 -0.70581 -0.51672
vn 0.48458 -0.70581 -0.51673
vn 0.56564 -0.70581 -0.42648
vn 0.56565 -0.70581 -0.42646
vn 0.22553 -0.70711 -0.67017
vn 0.22554 -0.70711 -0.67017
vn -0.64804 -0.70577 -0.28624
vn -0.64805 -0.70577 -0.28623
vn -0.58868 -0.70577 -0.39414
vn -0.58867 -0.70577 -0.39415
vn -0.51152 -0.70577 -0.49014
vn -0.51153 -0.70577 -0.49013
vn -0.41892 -0.70577 -0.57131
vn -0.41893 -0.70577 -0.57131
vn -0.31364 -0.70577 -0.63524
vn -0.31364 -0.70577 -0.63523
vn -0.1989 -0.70577 -0.67995
vn -0.19889 -0.70577 -0.67995
vn -0.07814 -0.70577 -0.70412
vn -0.07815 -0.70577 -0.70412
vn 0.045 -0.70577 -0.70701
vn 0.04499 -0.70576 -0.70702
vn 0.16675 -0.70576 -0.68854
vn 0.16676 -0.70577 -0.68854
vn -0.6692 -0.70711 -0.22839
vn -0.6818 -0.70579 0.19236
vn -0.7047 -0.70579 0.07245
vn -0.7047 -0.70579 0.07245
vn -0.70668 -0.70579 -0.04961
vn -0.70668 -0.70579 -0.04961
vn -0.68767 -0.70579 -0.1702
vn -0.68767 -0.70579 -0.1702
vn -0.66146 -0.70711 0.24993
vn -0.61498 -0.71001 -0.34305
vn -0.6029 -0.7021 -0.3789
vn -0.66184 -0.70949 -0.24206
vn -0.65736 -0.70246 -0.27282
vn -0.69236 -0.70883 -0.1349
vn -0.69322 -0.70293 -0.15917
vn -0.70577 -0.70803 -0.02416
vn -0.7095 -0.7035 -0.04119
vn -0.7017 -0.70709 0.08744
vn -0.70575 -0.70419 0.07774
vn -0.6802 -0.706 0.19719
vn -0.68212 -0.70497 0.19424
vn -0.36274 -0.70671 -0.60743
vn -0.36283 -0.70815 -0.60571
vn -0.37881 -0.70742 -0.59671
vn -0.37881 -0.70742 -0.59671
vn -0.3946 -0.70804 -0.58563
vn -0.39453 -0.70676 -0.58722
vn -0.08635 -0.7118 -0.69705
vn -0.05108 -0.69642 -0.71581
vn 0.03152 -0.71042 -0.70307
vn 0.06245 -0.6984 -0.71298
vn 0.14895 -0.70913 -0.68916
vn 0.17384 -0.70022 -0.69244
vn 0.26258 -0.70794 -0.65565
vn 0.28037 -0.70188 -0.65479
vn 0.36911 -0.70685 -0.60342
vn 0.37947 -0.7034 -0.60103
vn 0.46549 -0.70586 -0.53392
vn 0.46874 -0.70477 -0.53252
vn 0.50777 -0.70711 -0.4921
vn 0.50777 -0.70711 -0.4921
vn 0.14139 -0.70581 -0.69415
vn 0.14137 -0.70581 -0.69415
vn 0.25775 -0.70581 -0.65985
vn 0.25776 -0.70581 -0.65984
vn 0.36656 -0.70581 -0.60619
vn 0.36656 -0.70581 -0.60619
vn 0.46463 -0.70581 -0.53475
vn 0.46462 -0.70581 -0.53476
vn 0.08127 -0.70711 -0.70242
vn 0.08127 -0.70711 -0.70242
vn -0.69339 -0.70577 -0.14525
vn -0.6934 -0.70577 -0.14524
vn -0.65777 -0.70577 -0.26313
vn -0.65776 -0.70577 -0.26314
vn -0.60225 -0.70577 -0.37307
vn -0.60226 -0.70577 -0.37307
vn -0.52855 -0.70577 -0.47173
vn -0.52855 -0.70577 -0.47173
vn -0.43886 -0.70577 -0.55614
vn -0.43886 -0.70577 -0.55614
vn -0.33592 -0.70577 -0.62374
vn -0.33592 -0.70577 -0.62374
vn -0.22283 -0.70577 -0.67249
vn -0.22282 -0.70577 -0.67249
vn -0.10299 -0.70577 -0.70092
vn -0.10299 -0.70577 -0.70092
vn 0.01995 -0.70577 -0.70816
vn 0.01995 -0.70577 -0.70816
vn -0.70206 -0.70711 -0.08427
vn -0.62691 -0.70579 0.32991
vn -0.62691 -0.70579 0.32992
vn -0.67424 -0.70579 0.21739
vn -0.67424 -0.70579 0.21738
vn -0.70155 -0.70579 0.0984
vn -0.70155 -0.70579 0.0984
vn -0.70803 -0.70579 -0.0235
vn -0.70803 -0.70579 -0.02351
vn -0.59504 -0.70711 0.38199
vn -0.59504 -0.70711 0.38199
vn -0.67287 -0.71001 -0.20768
vn -0.66851 -0.7021 -0.24527
vn -0.6977 -0.70949 -0.09916
vn -0.69972 -0.70246 -0.13018
vn -0.70528 -0.70883 0.012
vn -0.71117 -0.70293 -0.01156
vn -0.69537 -0.70803 0.1231
vn -0.70256 -0.7035 0.10723
vn -0.66818 -0.70709 0.23142
vn -0.67416 -0.70419 0.22277
vn -0.62434 -0.706 0.3343
vn -0.62682 -0.70498 0.33182
vn -0.48111 -0.70672 -0.51874
vn -0.48083 -0.70814 -0.51704
vn -0.4946 -0.70742 -0.50491
vn -0.49459 -0.70742 -0.50491
vn -0.50774 -0.70804 -0.49079
vn -0.508 -0.70676 -0.49236
vn -0.22939 -0.7118 -0.66387
vn -0.19879 -0.69642 -0.68955
vn -0.11535 -0.71042 -0.69426
vn -0.08714 -0.69839 -0.71039
vn 0.00242 -0.70913 -0.70507
vn 0.02606 -0.70022 -0.71345
vn 0.12052 -0.70794 -0.69591
vn 0.13811 -0.70188 -0.69878
vn 0.23559 -0.70685 -0.66698
vn 0.24622 -0.7034 -0.66679
vn 0.34432 -0.70586 -0.61904
vn 0.34777 -0.70477 -0.61834
vn 0.39436 -0.70711 -0.58692
vn -0.00604 -0.70581 -0.70838
vn -0.00603 -0.70581 -0.70838
vn 0.11494 -0.70581 -0.69902
vn 0.11494 -0.70581 -0.69902
vn 0.23251 -0.70581 -0.66916
vn 0.23251 -0.70581 -0.66916
vn 0.34329 -0.70581 -0.61967
vn 0.34328 -0.70581 -0.61967
vn -0.06654 -0.70711 -0.70396
vn -0.06654 -0.70711 -0.70397
vn -0.70844 -0.70577 0.00209
vn -0.70844 -0.70577 0.0021
vn -0.6981 -0.70577 -0.12063
vn -0.6981 -0.70577 -0.12063
vn -0.66666 -0.70577 -0.2397
vn -0.66666 -0.70577 -0.23971
vn -0.61508 -0.70577 -0.35153
vn -0.61507 -0.70577 -0.35153
vn -0.5449 -0.70577 -0.45274
vn -0.5449 -0.70577 -0.45274
vn -0.45826 -0.70577 -0.54027
vn -0.45826 -0.70577 -0.54027
vn -0.35777 -0.70577 -0.61147
vn -0.35777 -0.70577 -0.61147
vn -0.24648 -0.70577 -0.66418
vn -0.24648 -0.70577 -0.66418
vn -0.12772 -0.70577 -0.69683
vn -0.12772 -0.70577 -0.69683
vn -0.70424 -0.70711 0.06354
vn -0.54462 -0.70579 0.45305
vn -0.54462 -0.70579 0.45305
vn -0.61431 -0.70579 0.35282
vn -0.61431 -0.70579 0.35281
vn -0.66576 -0.70579 0.24211
vn -0.66576 -0.70579 0.24212
vn -0.69744 -0.70579 0.12421
vn -0.69744 -0.70579 0.12421
vn -0.50262 -0.70711 0.49736
vn -0.50262 -0.70711 0.49736
vn -0.70134 -0.71001 -0.06325
vn -0.70489 -0.7021 -0.10093
vn -0.70307 -0.70949 0.04807
vn -0.71149 -0.70246 0.01814
vn -0.68737 -0.70883 0.15837
vn -0.69803 -0.70293 0.13655
vn -0.65458 -0.70803 0.26499
vn -0.66491 -0.7035 0.25095
vn -0.60547 -0.70709 0.36529
vn -0.61311 -0.70419 0.35807
vn -0.5412 -0.706 0.4568
vn -0.54414 -0.70497 0.45489
vn -0.57845 -0.70672 -0.40737
vn -0.57783 -0.70814 -0.40577
vn -0.58877 -0.70742 -0.39105
vn -0.58876 -0.70742 -0.39104
vn -0.59869 -0.70804 -0.3745
vn -0.59927 -0.70676 -0.37599
vn -0.36241 -0.7118 -0.60166
vn -0.33781 -0.69642 -0.63315
vn -0.25716 -0.71042 -0.65511
vn -0.23294 -0.6984 -0.67674
vn -0.14423 -0.70913 -0.69017
vn -0.12284 -0.70022 -0.70328
vn -0.02681 -0.70794 -0.70576
vn -0.01019 -0.70188 -0.71222
vn 0.09177 -0.70685 -0.70138
vn 0.10221 -0.7034 -0.70341
vn 0.20809 -0.70586 -0.6771
vn 0.21161 -0.70477 -0.67714
vn 0.26372 -0.70711 -0.65609
vn -0.15318 -0.70581 -0.69164
vn -0.15319 -0.70581 -0.69164
vn -0.03292 -0.70581 -0.70764
vn -0.03291 -0.70581 -0.70764
vn 0.08832 -0.70581 -0.70287
vn 0.0883 -0.70581 -0.70288
vn 0.20695 -0.70581 -0.6775
vn 0.20695 -0.70581 -0.6775
vn -0.21145 -0.70711 -0.67475
vn -0.21145 -0.70711 -0.67474
vn -0.69252 -0.70577 0.14934
vn -0.69252 -0.70577 0.14934
vn -0.70792 -0.70577 0.02715
vn -0.70792 -0.70577 0.02715
vn -0.70193 -0.70577 -0.09586
vn -0.70193 -0.70577 -0.09585
vn -0.67472 -0.70577 -0.21597
vn -0.67472 -0.70577 -0.21597
vn -0.62713 -0.70577 -0.32955
vn -0.62712 -0.70577 -0.32956
vn -0.56058 -0.70577 -0.43318
vn -0.56057 -0.70577 -0.43318
vn -0.47708 -0.70577 -0.52372
vn -0.47708 -0.70577 -0.52372
vn -0.37918 -0.70577 -0.59843
vn -0.37919 -0.70577 -0.59842
vn -0.26981 -0.70577 -0.65505
vn -0.2698 -0.70577 -0.65506
vn -0.67564 -0.70711 0.20857
vn -0.43852 -0.70579 0.55638
vn -0.43852 -0.70579 0.55638
vn -0.52753 -0.70579 0.47283
vn -0.52753 -0.70579 0.47283
vn -0.60088 -0.70579 0.37524
vn -0.60088 -0.70579 0.37524
vn -0.65638 -0.70579 0.26651
vn -0.65638 -0.70579 0.26651
vn -0.38823 -0.70711 0.59099
vn -0.38823 -0.70711 0.591
vn -0.69917 -0.71001 0.08395
vn -0.71047 -0.7021 0.04784
vn -0.67772 -0.70949 0.19319
vn -0.69217 -0.70246 0.16567
vn -0.63942 -0.70883 0.29783
vn -0.65438 -0.70293 0.2787
vn -0.58518 -0.70803 0.39529
vn -0.59821 -0.7035 0.38371
vn -0.51629 -0.70709 0.48319
vn -0.52527 -0.70419 0.47772
vn -0.43439 -0.706 0.55934
vn -0.43768 -0.70497 0.55808
vn -0.6505 -0.70672 -0.27821
vn -0.64956 -0.70814 -0.27677
vn -0.6572 -0.70741 -0.26009
vn -0.6572 -0.70742 -0.26009
vn -0.66347 -0.70804 -0.24184
vn -0.66434 -0.70676 -0.24318
vn -0.47958 -0.7118 -0.51317
vn -0.46207 -0.69642 -0.54908
vn -0.38775 -0.71042 -0.58733
vn -0.36856 -0.6984 -0.61352
vn -0.28457 -0.70913 -0.6451
vn -0.26637 -0.70022 -0.66238
vn -0.17295 -0.70794 -0.68477
vn -0.15805 -0.70188 -0.69454
vn -0.05606 -0.70685 -0.70514
vn -0.04628 -0.7034 -0.70928
vn 0.06276 -0.70586 -0.70557
vn 0.06621 -0.70477 -0.70634
vn 0.12155 -0.70711 -0.69658
vn -0.29363 -0.70581 -0.64468
vn -0.29363 -0.70581 -0.64468
vn -0.17932 -0.70581 -0.68533
vn -0.17932 -0.70581 -0.68533
vn -0.05976 -0.70581 -0.70588
vn -0.05976 -0.70581 -0.70588
vn 0.06157 -0.70581 -0.70572
vn 0.06157 -0.70581 -0.70572
vn -0.34712 -0.70711 -0.61604
vn -0.64634 -0.70577 0.29006
vn -0.68681 -0.70577 0.17374
vn -0.68681 -0.70577 0.17374
vn -0.70652 -0.70577 0.05218
vn -0.70652 -0.70577 0.05218
vn -0.70488 -0.70577 -0.07097
vn -0.70488 -0.70577 -0.07097
vn -0.68194 -0.70577 -0.19197
vn -0.68194 -0.70577 -0.19197
vn -0.63839 -0.70577 -0.30717
vn -0.63839 -0.70577 -0.30716
vn -0.57555 -0.70577 -0.41309
vn -0.57555 -0.70577 -0.41308
vn -0.49532 -0.70577 -0.50651
vn -0.49531 -0.70577 -0.50652
vn -0.40011 -0.70577 -0.58464
vn -0.40011 -0.70577 -0.58464
vn -0.61751 -0.70711 0.34449
vn -0.31326 -0.70579 0.6354
vn -0.31326 -0.70579 0.63539
vn -0.4177 -0.70579 0.57218
vn -0.4177 -0.70579 0.57218
vn -0.50973 -0.70579 0.49197
vn -0.50972 -0.70579 0.49198
vn -0.58662 -0.70579 0.39715
vn -0.58663 -0.70579 0.39715
vn -0.25687 -0.70711 0.6588
vn -0.25687 -0.70711 0.6588
vn -0.66643 -0.71001 0.22748
vn -0.685 -0.7021 0.1945
vn -0.62274 -0.70949 0.32988
vn -0.6426 -0.70246 0.30596
vn -0.56353 -0.70883 0.42426
vn -0.58214 -0.70293 0.40866
vn -0.49021 -0.70803 0.50832
vn -0.50536 -0.7035 0.4997
vn -0.40455 -0.70709 0.57997
vn -0.41446 -0.70419 0.57649
vn -0.3086 -0.706 0.63744
vn -0.31208 -0.70497 0.63688
vn -0.69413 -0.70672 -0.13688
vn -0.69291 -0.70814 -0.13567
vn -0.69692 -0.70742 -0.11777
vn -0.69691 -0.70742 -0.11776
vn -0.69925 -0.70804 -0.09862
vn -0.70039 -0.70676 -0.09974
vn -0.57579 -0.7118 -0.40224
vn -0.56613 -0.69642 -0.44101
vn -0.50139 -0.71042 -0.49387
vn -0.48806 -0.6984 -0.52349
vn -0.41248 -0.70913 -0.57183
vn -0.39827 -0.70022 -0.59252
vn -0.31154 -0.70794 -0.63384
vn -0.299 -0.70188 -0.6465
vn -0.20144 -0.70685 -0.67807
vn -0.19273 -0.7034 -0.68417
vn -0.0853 -0.70586 -0.7032
vn -0.0821 -0.70477 -0.70467
vn -0.02594 -0.70711 -0.70663
vn -0.42125 -0.70581 -0.56954
vn -0.42125 -0.70581 -0.56955
vn -0.31789 -0.70581 -0.63307
vn -0.31789 -0.70581 -0.63307
vn -0.20521 -0.70581 -0.67803
vn -0.08651 -0.70581 -0.7031
vn -0.46762 -0.70711 -0.53041
vn -0.46762 -0.70711 -0.53041
vn -0.57191 -0.70577 0.4181
vn -0.63568 -0.70577 0.31274
vn -0.63568 -0.70577 0.31274
vn -0.68023 -0.70577 0.19793
vn -0.68023 -0.70577 0.19793
vn -0.70423 -0.70577 0.07714
vn -0.70423 -0.70577 0.07714
vn -0.70695 -0.70577 -0.04599
vn -0.70695 -0.70577 -0.04599
vn -0.6883 -0.70577 -0.16773
vn -0.6883 -0.70577 -0.16773
vn -0.64885 -0.70577 -0.28439
vn -0.64885 -0.70577 -0.28439
vn -0.5898 -0.70577 -0.39246
vn -0.5898 -0.70577 -0.39247
vn -0.51292 -0.70577 -0.48868
vn -0.51292 -0.70577 -0.48868
vn -0.53239 -0.70711 0.46535
vn -0.53239 -0.70711 0.46535
vn -0.17431 -0.70579 0.68664
vn -0.17431 -0.70579 0.68664
vn -0.28961 -0.70579 0.64652
vn -0.28961 -0.70579 0.64652
vn -0.3963 -0.70579 0.5872
vn -0.3963 -0.70579 0.5872
vn -0.49123 -0.70579 0.51044
vn -0.49123 -0.70579 0.51044
vn -0.11428 -0.70711 0.69781
vn -0.11428 -0.70711 0.69781
vn -0.60457 -0.71001 0.36107
vn -0.62959 -0.7021 0.33267
vn -0.54055 -0.70949 0.45214
vn -0.56495 -0.70246 0.43288
vn -0.463 -0.70883 0.53216
vn -0.48445 -0.70293 0.52077
vn -0.37381 -0.70803 0.59913
vn -0.39042 -0.7035 0.59385
vn -0.27513 -0.70709 0.65141
vn -0.28555 -0.70419 0.65007
vn -0.16933 -0.706 0.68767
vn -0.17285 -0.70497 0.68785
vn -0.70742 -0.70672 0.01043
vn -0.70598 -0.70814 0.01136
vn -0.70617 -0.70742 0.0297
vn -0.70617 -0.70742 0.02971
vn -0.70447 -0.70804 0.04892
vn -0.70582 -0.70676 0.04806
vn -0.64684 -0.7118 -0.27374
vn -0.64545 -0.69642 -0.31367
vn -0.59312 -0.71042 -0.37883
vn -0.58623 -0.6984 -0.41057
vn -0.52235 -0.70913 -0.47358
vn -0.51275 -0.70022 -0.49677
vn -0.43652 -0.70794 -0.55522
vn -0.42688 -0.70188 -0.57021
vn -0.33802 -0.70685 -0.62137
vn -0.33077 -0.7034 -0.62914
vn -0.22964 -0.70586 -0.6701
vn -0.22682 -0.70477 -0.6722
vn -0.17228 -0.70711 -0.68579
vn -0.53046 -0.70581 -0.46951
vn -0.53046 -0.70581 -0.46952
vn -0.44257 -0.70581 -0.55314
vn -0.44257 -0.70581 -0.55314
vn -0.3417 -0.70581 -0.62055
vn -0.34169 -0.70581 -0.62055
vn -0.2308 -0.70581 -0.66975
vn -0.2308 -0.70581 -0.66975
vn -0.56768 -0.70711 -0.42159
vn -0.56768 -0.70711 -0.42159
vn -0.47248 -0.70577 0.52787
vn -0.47248 -0.70577 0.52787
vn -0.55676 -0.70577 0.43807
vn -0.55676 -0.70577 0.43807
vn -0.62422 -0.70577 0.33503
vn -0.62421 -0.70577 0.33503
vn -0.67281 -0.70577 0.22187
vn -0.67281 -0.70577 0.22187
vn -0.70106 -0.70577 0.102
vn -0.70106 -0.70577 0.102
vn -0.70813 -0.70577 -0.02095
vn -0.70813 -0.70577 -0.02095
vn -0.6938 -0.70577 -0.14327
vn -0.6938 -0.70577 -0.14327
vn -0.65851 -0.70577 -0.26126
vn -0.65851 -0.70577 -0.26126
vn -0.60331 -0.70577 -0.37136
vn -0.60331 -0.70577 -0.37136
vn -0.42401 -0.70711 0.56587
vn -0.02774 -0.70579 0.70788
vn -0.02774 -0.70579 0.70788
vn -0.14886 -0.70579 0.6926
vn -0.14886 -0.70579 0.6926
vn -0.26556 -0.70579 0.65676
vn -0.37437 -0.70579 0.60142
vn -0.37437 -0.70579 0.60142
vn 0.0333 -0.70711 0.70632
vn 0.0333 -0.70711 0.70632
vn -0.51629 -0.71001 0.47888
vn -0.54666 -0.7021 0.45631
vn -0.43473 -0.70949 0.55465
vn -0.4626 -0.70246 0.54088
vn -0.34225 -0.70883 0.61679
vn -0.36559 -0.70293 0.61011
vn -0.24108 -0.70803 0.66376
vn -0.25842 -0.7035 0.66204
vn -0.13368 -0.70709 0.69438
vn -0.14415 -0.70419 0.69523
vn -0.02266 -0.706 0.70785
vn -0.02606 -0.70497 0.70876
vn -0.68979 -0.70672 0.15728
vn -0.68819 -0.70814 0.1579
vn -0.68457 -0.70742 0.17588
vn -0.68456 -0.70742 0.17588
vn -0.67891 -0.70804 0.19432
vn -0.6804 -0.70676 0.19376
vn -0.68962 -0.7118 -0.13328
vn -0.69656 -0.69642 -0.17262
vn -0.65892 -0.71042 -0.24724
vn -0.65879 -0.6984 -0.27971
vn -0.6094 -0.70913 -0.35462
vn -0.60483 -0.70022 -0.37931
vn -0.54242 -0.70794 -0.45233
vn -0.5361 -0.70188 -0.46899
vn -0.45982 -0.70685 -0.53752
vn -0.45434 -0.7034 -0.54663
vn -0.36394 -0.70586 -0.60771
vn -0.36162 -0.70477 -0.61035
vn -0.3111 -0.70711 -0.63499
vn -0.3111 -0.70711 -0.63499
vn -0.61649 -0.70581 -0.34897
vn -0.61649 -0.70581 -0.34897
vn -0.5479 -0.70581 -0.44904
vn -0.5479 -0.70581 -0.44904
vn -0.46325 -0.70581 -0.53594
vn -0.46325 -0.70581 -0.53594
vn -0.365 -0.70581 -0.60713
vn -0.36501 -0.70581 -0.60713
vn -0.64292 -0.70711 -0.29435
vn -0.35241 -0.70577 0.61457
vn -0.45352 -0.70577 0.54426
vn -0.45352 -0.70577 0.54426
vn -0.54092 -0.70577 0.45749
vn -0.54092 -0.70577 0.45749
vn -0.61197 -0.70577 0.3569
vn -0.61197 -0.70577 0.3569
vn -0.66454 -0.70577 0.24553
vn -0.66454 -0.70577 0.24552
vn -0.69702 -0.70577 0.12673
vn -0.69702 -0.70577 0.12674
vn -0.70843 -0.70577 0.00411
vn -0.70843 -0.70577 0.00411
vn -0.69844 -0.70577 -0.11864
vn -0.69844 -0.70577 -0.11864
vn -0.66734 -0.70577 -0.23781
vn -0.66734 -0.70577 -0.23781
vn -0.29709 -0.70711 0.64166
vn 0.12004 -0.70579 0.69818
vn 0.12004 -0.70579 0.69818
vn -0.0016 -0.70579 0.70842
vn -0.12321 -0.70579 0.69762
vn -0.12321 -0.70579 0.69762
vn -0.24115 -0.70579 0.66611
vn -0.24115 -0.70579 0.66611
vn 0.17942 -0.70711 0.68396
vn 0.17942 -0.70711 0.68396
vn -0.40545 -0.71001 0.57576
vn -0.43985 -0.7021 0.55999
vn -0.30991 -0.70949 0.63291
vn -0.34004 -0.70246 0.62524
vn -0.20653 -0.70883 0.67447
vn -0.23075 -0.70293 0.67279
vn -0.09781 -0.70803 0.69938
vn -0.11513 -0.7035 0.7013
vn 0.01361 -0.70709 0.707
vn 0.00354 -0.70419 0.71001
vn 0.12501 -0.706 0.69709
vn 0.12187 -0.70497 0.69868
vn -0.64202 -0.70672 0.29726
vn -0.64032 -0.70814 0.29753
vn -0.63304 -0.70742 0.31436
vn -0.63304 -0.70742 0.31436
vn -0.62367 -0.70804 0.33123
vn -0.62525 -0.70676 0.33099
vn -0.70226 -0.7118 0.01302
vn -0.71723 -0.69642 -0.02403
vn -0.69592 -0.71042 -0.10484
vn -0.70255 -0.6984 -0.13663
vn -0.66982 -0.70913 -0.22018
vn -0.67048 -0.70022 -0.24527
vn -0.62461 -0.70794 -0.32967
vn -0.6219 -0.70188 -0.34728
vn -0.56153 -0.70685 -0.43017
vn -0.55806 -0.7034 -0.44022
vn -0.48234 -0.70586 -0.51876
vn -0.48062 -0.70477 -0.52183
vn -0.43633 -0.70711 -0.55643
vn -0.67557 -0.70581 -0.21316
vn -0.67557 -0.70581 -0.21317
vn -0.62929 -0.70581 -0.32531
vn -0.62929 -0.70581 -0.32531
vn -0.56455 -0.70581 -0.42792
vn -0.56456 -0.70581 -0.42791
vn -0.48326 -0.70581 -0.51797
vn -0.48326 -0.70581 -0.51797
vn -0.69007 -0.70711 -0.15425
vn -0.69008 -0.70711 -0.15425
vn -0.21693 -0.70577 0.67441
vn -0.33045 -0.70577 0.62665
vn -0.33045 -0.70577 0.62665
vn -0.43398 -0.70577 0.55996
vn -0.43398 -0.70577 0.55996
vn -0.52439 -0.70577 0.47634
vn -0.5244 -0.70577 0.47634
vn -0.59897 -0.70577 0.37833
vn -0.59897 -0.70577 0.37832
vn -0.65543 -0.70577 0.26888
vn -0.65543 -0.70577 0.26889
vn -0.6921 -0.70577 0.15131
vn -0.6921 -0.70577 0.15131
vn -0.70784 -0.70577 0.02916
vn -0.70784 -0.70577 0.02916
vn -0.7022 -0.70577 -0.09386
vn -0.7022 -0.70577 -0.09387
vn -0.15719 -0.70711 0.68941
vn 0.26258 -0.70579 0.65796
vn 0.26258 -0.70579 0.65796
vn 0.14572 -0.70579 0.69327
vn 0.14571 -0.70579 0.69327
vn 0.02453 -0.70579 0.70799
vn 0.02454 -0.70579 0.70799
vn -0.09739 -0.70579 0.70169
vn -0.09738 -0.70579 0.70169
vn 0.3177 -0.70711 0.63171
vn 0.3177 -0.70711 0.63171
vn -0.27688 -0.71001 0.64747
vn -0.31381 -0.7021 0.6392
vn -0.17155 -0.70949 0.68352
vn -0.20261 -0.70246 0.68228
vn -0.06179 -0.70883 0.70267
vn -0.08583 -0.70293 0.70606
vn 0.04974 -0.70803 0.70443
vn 0.0332 -0.7035 0.70992
vn 0.16031 -0.70709 0.68872
vn 0.15109 -0.70419 0.69375
vn 0.26721 -0.706 0.65586
vn 0.26447 -0.70497 0.65808
vn -0.56619 -0.70672 0.42425
vn -0.56447 -0.70814 0.42416
vn -0.55385 -0.70742 0.43911
vn -0.55384 -0.70742 0.43911
vn -0.54117 -0.70804 0.45366
vn -0.54277 -0.70676 0.45375
vn -0.6842 -0.7118 0.15874
vn -0.70655 -0.69642 0.12562
vn -0.70251 -0.71042 0.04214
vn -0.7156 -0.6984 0.01242
vn -0.70096 -0.70913 -0.0761
vn -0.70682 -0.70022 -0.10051
vn -0.6795 -0.70794 -0.1926
vn -0.68051 -0.70188 -0.21039
vn -0.6387 -0.70685 -0.30402
vn -0.6374 -0.7034 -0.31457
vn -0.57966 -0.70586 -0.40714
vn -0.57861 -0.70477 -0.4105
vn -0.54248 -0.70711 -0.45355
vn -0.54248 -0.70711 -0.45355
vn -0.70513 -0.70581 -0.06805
vn -0.70513 -0.70581 -0.06805
vn -0.68318 -0.70581 -0.18737
vn -0.68318 -0.70581 -0.18736
vn -0.64119 -0.70581 -0.30119
vn -0.64118 -0.70581 -0.30119
vn -0.58039 -0.70581 -0.40618
vn -0.58039 -0.70581 -0.40618
vn -0.70706 -0.70711 -0.0074
vn -0.07197 -0.70577 0.70478
vn -0.07197 -0.70577 0.70478
vn -0.19294 -0.70577 0.68166
vn -0.19294 -0.70577 0.68167
vn -0.30807 -0.70577 0.63795
vn -0.30807 -0.70577 0.63795
vn -0.4139 -0.70577 0.57496
vn -0.4139 -0.70577 0.57496
vn -0.50722 -0.70577 0.49459
vn -0.50722 -0.70577 0.49459
vn -0.58521 -0.70577 0.39928
vn -0.58521 -0.70577 0.39928
vn -0.64551 -0.70577 0.2919
vn -0.64552 -0.70577 0.29189
vn -0.68631 -0.70577 0.1757
vn -0.68631 -0.70577 0.1757
vn -0.70637 -0.70577 0.05418
vn -0.70637 -0.70577 0.05418
vn -0.01042 -0.70711 0.70703
vn 0.39364 -0.70579 0.58899
vn 0.39364 -0.70579 0.58899
vn 0.28668 -0.70579 0.64782
vn 0.28667 -0.70579 0.64782
vn 0.17119 -0.70579 0.68742
vn 0.05063 -0.70579 0.70661
vn 0.05063 -0.70579 0.70661
vn 0.4421 -0.70711 0.55185
vn 0.4421 -0.70711 0.55185
vn -0.13621 -0.71001 0.69089
vn -0.17405 -0.7021 0.69048
vn -0.02569 -0.70949 0.70425
vn -0.05633 -0.70246 0.70949
vn 0.08566 -0.70883 0.70016
vn 0.06284 -0.70293 0.70848
vn 0.19511 -0.70803 0.67869
vn 0.18008 -0.7035 0.6875
vn 0.29999 -0.70709 0.64034
vn 0.29203 -0.70419 0.64718
vn 0.39774 -0.706 0.58598
vn 0.39552 -0.70497 0.58871
vn -0.43657 -0.70676 0.55668
vn -0.43503 -0.70804 0.55626
vn -0.45044 -0.70742 0.54466
vn -0.45045 -0.70742 0.54466
vn -0.46395 -0.70814 0.53225
vn -0.46561 -0.70672 0.53269
vn -0.63625 -0.71181 0.29753
vn -0.665 -0.69642 0.26977
vn -0.6784 -0.71042 0.18728
vn -0.69738 -0.6984 0.16093
vn -0.70146 -0.70913 0.0713
vn -0.71227 -0.70022 0.04865
vn -0.7047 -0.70794 -0.04712
vn -0.70938 -0.70188 -0.06431
vn -0.68795 -0.70685 -0.16458
vn -0.68887 -0.7034 -0.17517
vn -0.65164 -0.70586 -0.27772
vn -0.65131 -0.70477 -0.28123
vn -0.62493 -0.70711 -0.33085
vn -0.62492 -0.70711 -0.33085
vn -0.70387 -0.70581 0.08005
vn -0.7072 -0.70581 -0.04123
vn -0.7072 -0.70581 -0.04122
vn -0.6898 -0.70581 -0.1613
vn -0.68979 -0.70581 -0.16131
vn -0.65215 -0.70581 -0.27664
vn -0.65216 -0.70581 -0.27663
vn -0.69315 -0.70711 0.13977
vn -0.69315 -0.70711 0.13976
vn 0.07613 -0.70577 0.70434
vn 0.07613 -0.70577 0.70434
vn -0.04699 -0.70577 0.70688
vn -0.04699 -0.70577 0.70688
vn -0.1687 -0.70577 0.68806
vn -0.28531 -0.70577 0.64845
vn -0.28532 -0.70577 0.64845
vn -0.3933 -0.70577 0.58924
vn -0.3933 -0.70577 0.58924
vn -0.48941 -0.70577 0.51222
vn -0.48941 -0.70577 0.51222
vn -0.57072 -0.70577 0.41973
vn -0.57072 -0.70577 0.41973
vn -0.63478 -0.70577 0.31455
vn -0.63478 -0.70577 0.31455
vn -0.67967 -0.70577 0.19985
vn -0.67967 -0.70577 0.19986
vn 0.13681 -0.70711 0.69374
vn 0.13681 -0.70711 0.69374
vn 0.5075 -0.70579 0.49428
vn 0.50749 -0.70579 0.49428
vn 0.41511 -0.70579 0.57406
vn 0.4151 -0.70579 0.57406
vn 0.31037 -0.70579 0.63681
vn 0.31038 -0.70579 0.63681
vn 0.19644 -0.70579 0.68064
vn 0.19643 -0.70579 0.68064
vn 0.54718 -0.70711 0.44788
vn 0.54718 -0.70711 0.44788
vn 0.01041 -0.71001 0.70411
vn -0.02669 -0.7021 0.71158
vn 0.12129 -0.70949 0.6942
vn 0.09241 -0.70246 0.7057
vn 0.22936 -0.70883 0.66705
vn 0.20877 -0.70293 0.67993
vn 0.33196 -0.70803 0.6233
vn 0.31908 -0.7035 0.63503
vn 0.42658 -0.70709 0.56397
vn 0.4202 -0.70419 0.57233
vn 0.51087 -0.706 0.49048
vn 0.50927 -0.70498 0.49361
vn -0.31129 -0.70676 0.63529
vn -0.30987 -0.70804 0.63455
vn -0.32736 -0.70742 0.62641
vn -0.32736 -0.70741 0.62642
vn -0.34315 -0.70814 0.61707
vn -0.34468 -0.70671 0.61786
vn -0.56049 -0.7118 0.42331
vn -0.59437 -0.69642 0.40214
vn -0.62464 -0.71042 0.32424
vn -0.64869 -0.6984 0.3024
vn -0.67131 -0.70913 0.21558
vn -0.68659 -0.70022 0.19567
vn -0.69909 -0.70794 0.10043
vn -0.70725 -0.70188 0.08458
vn -0.70713 -0.70685 -0.01795
vn -0.71024 -0.7034 -0.02812
vn -0.69514 -0.70586 -0.13618
vn -0.69555 -0.70477 -0.13967
vn -0.68006 -0.70711 -0.19369
vn -0.67184 -0.70581 0.22463
vn -0.67184 -0.70581 0.22464
vn -0.70032 -0.70581 0.10671
vn -0.70032 -0.70581 0.10669
vn -0.70826 -0.70581 -0.01435
vn -0.70826 -0.70581 -0.01435
vn -0.69542 -0.70581 -0.135
vn -0.69542 -0.70581 -0.135
vn -0.64895 -0.70711 0.28082
vn 0.22091 -0.70577 0.67312
vn 0.22091 -0.70577 0.67312
vn 0.10099 -0.70577 0.70121
vn 0.101 -0.70577 0.70121
vn -0.02196 -0.70577 0.7081
vn -0.02196 -0.70577 0.7081
vn -0.14425 -0.70577 0.6936
vn -0.14427 -0.70577 0.6936
vn -0.2622 -0.70577 0.65813
vn -0.26219 -0.70577 0.65814
vn -0.37221 -0.70577 0.60279
vn -0.37223 -0.70577 0.60277
vn -0.47098 -0.70577 0.52921
vn -0.47098 -0.70577 0.52921
vn -0.55551 -0.70577 0.43965
vn -0.55551 -0.70577 0.43966
vn -0.62326 -0.70577 0.33681
vn -0.62326 -0.70577 0.33681
vn 0.27806 -0.70711 0.65014
vn 0.59917 -0.70579 0.37796
vn 0.59916 -0.70579 0.37797
vn 0.52538 -0.70579 0.47521
vn 0.52538 -0.70579 0.47522
vn 0.43599 -0.70579 0.55836
vn 0.436 -0.70579 0.55836
vn 0.33366 -0.70579 0.62493
vn 0.33365 -0.70579 0.62493
vn 0.62834 -0.70711 0.32432
vn 0.15658 -0.71001 0.68656
vn 0.12184 -0.7021 0.70158
vn 0.26298 -0.70949 0.65381
vn 0.23711 -0.70246 0.67106
vn 0.36303 -0.70883 0.60479
vn 0.34558 -0.70293 0.62167
vn 0.4543 -0.70803 0.54066
vn 0.44414 -0.7035 0.55482
vn 0.53451 -0.70709 0.46296
vn 0.53001 -0.70419 0.47245
vn 0.60169 -0.706 0.37354
vn 0.60077 -0.70497 0.37694
vn -0.1724 -0.70676 0.68613
vn -0.17116 -0.70804 0.68511
vn -0.18997 -0.70742 0.68079
vn -0.18997 -0.70741 0.68079
vn -0.20735 -0.70814 0.67494
vn -0.20869 -0.70672 0.67602
vn -0.46023 -0.7118 0.53059
vn -0.49778 -0.69642 0.51693
vn -0.54357 -0.71042 0.44703
vn -0.57163 -0.6984 0.43067
vn -0.61182 -0.70913 0.35044
vn -0.63091 -0.70022 0.33414
vn -0.66294 -0.70794 0.24358
vn -0.67421 -0.70189 0.22979
vn -0.69542 -0.70685 0.12946
vn -0.70056 -0.7034 0.12016
vn -0.70826 -0.70586 0.01133
vn -0.70939 -0.70477 0.00799
vn -0.70547 -0.70711 -0.04807
vn -0.61046 -0.70581 0.35941
vn -0.61046 -0.70581 0.35941
vn -0.66283 -0.70581 0.24998
vn -0.66283 -0.70581 0.24999
vn -0.69577 -0.70581 0.13321
vn -0.69577 -0.70581 0.1332
vn -0.70829 -0.70581 0.01254
vn -0.70829 -0.70581 0.01254
vn -0.57638 -0.70711 0.40961
vn -0.57638 -0.70711 0.40961
vn 0.35603 -0.70577 0.61248
vn 0.35604 -0.70577 0.61248
vn 0.24459 -0.70577 0.66488
vn 0.24457 -0.70577 0.66489
vn 0.12574 -0.70577 0.69719
vn 0.12574 -0.70577 0.69719
vn 0.0031 -0.70577 0.70844
vn 0.00311 -0.70577 0.70844
vn -0.11963 -0.70577 0.69827
vn -0.11964 -0.70577 0.69827
vn -0.23876 -0.70577 0.667
vn -0.23876 -0.70577 0.667
vn -0.35066 -0.70577 0.61557
vn -0.35066 -0.70577 0.61557
vn -0.45196 -0.70577 0.54554
vn -0.45196 -0.70577 0.54555
vn -0.53962 -0.70577 0.45903
vn -0.53962 -0.70577 0.45902
vn 0.40715 -0.70711 0.57812
vn 0.40715 -0.70711 0.57812
vn 0.66466 -0.70579 0.24512
vn 0.66466 -0.70579 0.24512
vn 0.61271 -0.70579 0.3556
vn 0.6127 -0.70579 0.3556
vn 0.54255 -0.70579 0.45552
vn 0.54255 -0.70579 0.45552
vn 0.4563 -0.70579 0.54189
vn 0.4563 -0.70579 0.54189
vn 0.68204 -0.70711 0.1866
vn 0.68204 -0.70711 0.1866
vn 0.2959 -0.71001 0.639
vn 0.26505 -0.7021 0.66091
vn 0.39316 -0.70949 0.58485
vn 0.37145 -0.70246 0.6071
vn 0.48084 -0.70883 0.5161
vn 0.46727 -0.70293 0.53623
vn 0.55678 -0.70803 0.43439
vn 0.54979 -0.7035 0.45035
vn 0.61908 -0.70709 0.34172
vn 0.61665 -0.70419 0.35194
vn 0.6662 -0.706 0.24028
vn 0.66602 -0.70497 0.24379
vn -0.02598 -0.70676 0.70698
vn -0.02498 -0.70804 0.70573
vn -0.04427 -0.70742 0.7054
vn -0.04428 -0.70741 0.70541
vn -0.06249 -0.70815 0.70329
vn -0.06357 -0.70672 0.70463
vn -0.33986 -0.7118 0.61468
vn -0.37943 -0.69642 0.60913
vn -0.43875 -0.71042 0.55027
vn -0.4696 -0.6984 0.54011
vn -0.52558 -0.70914 0.46999
vn -0.54765 -0.70022 0.45802
vn -0.59781 -0.70794 0.37609
vn -0.61169 -0.70189 0.36495
vn -0.6533 -0.70685 0.27122
vn -0.66027 -0.7034 0.26319
vn -0.69043 -0.70586 0.15834
vn -0.69224 -0.70477 0.15529
vn -0.70004 -0.70711 0.09966
vn -0.52239 -0.70581 0.47848
vn -0.5224 -0.70581 0.47848
vn -0.59638 -0.70581 0.38232
vn -0.59638 -0.70581 0.38232
vn -0.65286 -0.70581 0.27497
vn -0.65286 -0.70581 0.27495
vn -0.6902 -0.70581 0.15952
vn -0.6902 -0.70581 0.15953
vn -0.47862 -0.70711 0.5205
vn 0.47559 -0.70577 0.52507
vn 0.4756 -0.70577 0.52507
vn 0.37748 -0.70577 0.5995
vn 0.26795 -0.70577 0.65581
vn 0.26795 -0.70577 0.65582
vn 0.15032 -0.70577 0.69231
vn 0.15033 -0.70577 0.69231
vn 0.02816 -0.70577 0.70788
vn 0.02816 -0.70577 0.70788
vn -0.09486 -0.70577 0.70206
vn -0.09486 -0.70577 0.70206
vn -0.21501 -0.70577 0.67503
vn -0.21501 -0.70577 0.67503
vn -0.32867 -0.70577 0.62759
vn -0.32867 -0.70577 0.62758
vn -0.43238 -0.70577 0.56119
vn -0.43238 -0.70577 0.5612
vn 0.51845 -0.70711 0.48084
vn 0.51845 -0.70711 0.48084
vn 0.7011 -0.70579 0.10158
vn 0.70109 -0.70579 0.10161
vn 0.67325 -0.70579 0.22044
vn 0.67325 -0.70579 0.22043
vn 0.62541 -0.70579 0.33274
vn 0.6254 -0.70579 0.33275
vn 0.55899 -0.70579 0.43519
vn 0.559 -0.70579 0.43518
vn 0.70593 -0.70711 0.04072
vn 0.42229 -0.71001 0.56352
vn 0.39666 -0.7021 0.59137
vn 0.50617 -0.70949 0.49032
vn 0.48956 -0.70246 0.5166
vn 0.57764 -0.70883 0.40484
vn 0.56855 -0.70293 0.42736
vn 0.63493 -0.70803 0.30914
vn 0.63141 -0.70351 0.32619
vn 0.6766 -0.70708 0.20553
vn 0.67635 -0.70418 0.21604
vn 0.7016 -0.706 0.09653
vn 0.70215 -0.70497 0.1
vn 0.12158 -0.70676 0.69693
vn 0.12229 -0.70804 0.6955
vn 0.10336 -0.70742 0.69919
vn 0.10335 -0.70741 0.6992
vn 0.08509 -0.70815 0.70092
vn 0.08432 -0.70672 0.70245
vn -0.20463 -0.7118 0.67191
vn -0.24449 -0.69642 0.6747
vn -0.31476 -0.71042 0.62947
vn -0.34704 -0.6984 0.62594
vn -0.41639 -0.70913 0.56899
vn -0.44046 -0.70022 0.56187
vn -0.50655 -0.70794 0.49217
vn -0.52246 -0.70188 0.48414
vn -0.58264 -0.70685 0.40112
vn -0.59112 -0.7034 0.39472
vn -0.64242 -0.70586 0.29842
vn -0.64481 -0.70477 0.29583
vn -0.66403 -0.70711 0.24303
vn -0.4115 -0.70581 0.57663
vn -0.41151 -0.70581 0.57663
vn -0.50385 -0.70581 0.49797
vn -0.58143 -0.70581 0.40469
vn -0.58144 -0.70581 0.40468
vn -0.64196 -0.70581 0.29954
vn -0.64196 -0.70581 0.29954
vn -0.35995 -0.70711 0.60863
vn -0.35994 -0.70711 0.60864
vn 0.57438 -0.70577 0.41471
vn 0.57437 -0.70577 0.41472
vn 0.49387 -0.70577 0.50792
vn 0.49387 -0.70577 0.50792
vn 0.39845 -0.70577 0.58577
vn 0.39845 -0.70577 0.58577
vn 0.29098 -0.70577 0.64593
vn 0.29097 -0.70577 0.64593
vn 0.17472 -0.70577 0.68656
vn 0.17472 -0.70577 0.68656
vn 0.05318 -0.70577 0.70644
vn -0.06997 -0.70577 0.70498
vn -0.06997 -0.70577 0.70498
vn -0.191 -0.70577 0.68221
vn -0.191 -0.70577 0.68221
vn -0.30625 -0.70577 0.63883
vn -0.30625 -0.70577 0.63883
vn 0.60709 -0.70711 0.36254
vn 0.7069 -0.70579 -0.04639
vn 0.70437 -0.70579 0.07564
vn 0.70437 -0.70579 0.07563
vn 0.68093 -0.70579 0.19544
vn 0.63726 -0.70579 0.30946
vn 0.63726 -0.70579 0.30946
vn 0.69897 -0.70711 -0.10694
vn 0.69897 -0.70711 -0.10694
vn 0.53022 -0.71001 0.46342
vn 0.51095 -0.7021 0.49597
vn 0.59706 -0.70949 0.37437
vn 0.58627 -0.70246 0.40353
vn 0.64919 -0.70883 0.27589
vn 0.64498 -0.70293 0.29982
vn 0.68532 -0.70803 0.17038
vn 0.68543 -0.70351 0.18779
vn 0.70455 -0.70708 0.06038
vn 0.70649 -0.70419 0.0707
vn 0.70634 -0.706 -0.05148
vn 0.7076 -0.70497 -0.04818
vn 0.26382 -0.70676 0.65642
vn 0.26422 -0.70804 0.65488
vn 0.24647 -0.70742 0.66243
vn 0.24647 -0.70741 0.66243
vn 0.22897 -0.70815 0.66791
vn 0.22852 -0.70672 0.66957
vn -0.06046 -0.71181 0.69977
vn -0.09887 -0.69642 0.71079
vn -0.17701 -0.71042 0.68115
vn -0.20932 -0.6984 0.68442
vn -0.28898 -0.70913 0.64313
vn -0.314 -0.70022 0.64117
vn -0.39315 -0.70794 0.58673
vn -0.41038 -0.70188 0.58219
vn -0.48651 -0.70685 0.51349
vn -0.49614 -0.7034 0.50899
vn -0.56634 -0.70586 0.42547
vn -0.56922 -0.70477 0.42343
vn -0.59899 -0.70711 0.37577
vn -0.28263 -0.70581 0.64958
vn -0.28262 -0.70581 0.64959
vn -0.3893 -0.70581 0.59185
vn -0.38931 -0.70581 0.59184
vn -0.48459 -0.70581 0.51673
vn -0.4846 -0.70581 0.51672
vn -0.56565 -0.70581 0.42647
vn -0.56564 -0.70581 0.42649
vn -0.22554 -0.70711 0.67017
vn 0.64804 -0.70577 0.28624
vn 0.64804 -0.70577 0.28623
vn 0.58867 -0.70577 0.39415
vn 0.58869 -0.70577 0.39413
vn 0.51153 -0.70577 0.49013
vn 0.51152 -0.70577 0.49014
vn 0.41892 -0.70577 0.57131
vn 0.41893 -0.70577 0.57131
vn 0.31365 -0.70577 0.63523
vn 0.31365 -0.70577 0.63523
vn 0.19889 -0.70577 0.67995
vn 0.19888 -0.70577 0.67995
vn 0.07814 -0.70577 0.70412
vn 0.07814 -0.70577 0.70412
vn -0.04499 -0.70577 0.70701
vn -0.16675 -0.70577 0.68854
vn -0.16674 -0.70577 0.68854
vn 0.66921 -0.70711 0.22839
vn 0.6692 -0.70711 0.22839
vn 0.6818 -0.70579 -0.19237
vn 0.6818 -0.70579 -0.19236
vn 0.7047 -0.70579 -0.07244
vn 0.70471 -0.70579 -0.07247
vn 0.70668 -0.70579 0.04962
vn 0.70668 -0.70579 0.04963
vn 0.68767 -0.70579 0.17019
vn 0.68768 -0.70579 0.17018
vn 0.66146 -0.70711 -0.24993
vn 0.61498 -0.71002 0.34304
vn 0.6029 -0.7021 0.37891
vn 0.66184 -0.70949 0.24207
vn 0.65736 -0.70246 0.27282
vn 0.69236 -0.70883 0.1349
vn 0.69322 -0.70293 0.15916
vn 0.70577 -0.70803 0.02416
vn 0.7095 -0.7035 0.04118
vn 0.7017 -0.70708 -0.08744
vn 0.70575 -0.70418 -0.07774
vn 0.6802 -0.706 -0.19719
vn 0.68212 -0.70497 -0.19423
vn 0.39453 -0.70676 0.58722
vn 0.3946 -0.70804 0.58563
vn 0.37881 -0.70742 0.59671
vn 0.37881 -0.70742 0.59671
vn 0.36283 -0.70815 0.60571
vn 0.36274 -0.70671 0.60743
vn 0.08635 -0.7118 0.69705
vn 0.05107 -0.69642 0.71581
vn -0.03152 -0.71042 0.70307
vn -0.06245 -0.6984 0.71298
vn -0.14896 -0.70913 0.68916
vn -0.17383 -0.70022 0.69244
vn -0.26257 -0.70794 0.65565
vn -0.28039 -0.70188 0.65479
vn -0.36911 -0.70685 0.60342
vn -0.37946 -0.7034 0.60103
vn -0.46551 -0.70586 0.53392
vn -0.46875 -0.70477 0.53252
vn -0.50777 -0.70711 0.4921
vn -0.14138 -0.70581 0.69415
vn -0.14138 -0.70581 0.69415
vn -0.25776 -0.70581 0.65984
vn -0.25775 -0.70581 0.65985
vn -0.36655 -0.70581 0.6062
vn -0.36656 -0.70581 0.60619
vn -0.46463 -0.70581 0.53475
vn -0.46462 -0.70581 0.53475
vn -0.08127 -0.70711 0.70242
vn -0.08127 -0.70711 0.70242
vn 0.69339 -0.70577 0.14524
vn 0.6934 -0.70577 0.14523
vn 0.65776 -0.70577 0.26314
vn 0.65776 -0.70577 0.26314
vn 0.60225 -0.70577 0.37308
vn 0.60226 -0.70577 0.37307
vn 0.52855 -0.70577 0.47173
vn 0.52855 -0.70577 0.47173
vn 0.43887 -0.70577 0.55614
vn 0.43886 -0.70577 0.55614
vn 0.33592 -0.70577 0.62374
vn 0.33592 -0.70577 0.62374
vn 0.22282 -0.70577 0.67249
vn 0.10299 -0.70577 0.70092
vn 0.103 -0.70577 0.70092
vn -0.01995 -0.70577 0.70816
vn -0.01995 -0.70577 0.70816
vn 0.70207 -0.70711 0.08426
vn 0.70206 -0.70711 0.08427
vn 0.62691 -0.70579 -0.32991
vn 0.62691 -0.70579 -0.32991
vn 0.67424 -0.70579 -0.21739
vn 0.67424 -0.70579 -0.21739
vn 0.70156 -0.70579 -0.09838
vn 0.70156 -0.70579 -0.0984
vn 0.70803 -0.70579 0.0235
vn 0.70803 -0.70579 0.02352
vn 0.59504 -0.70711 -0.38199
vn 0.67286 -0.71001 0.2077
vn 0.6685 -0.7021 0.24528
vn 0.69771 -0.70949 0.09915
vn 0.69972 -0.70246 0.13018
vn 0.70528 -0.70883 -0.012
vn 0.71117 -0.70293 0.01156
vn 0.69537 -0.70803 -0.1231
vn 0.70255 -0.70351 -0.10723
vn 0.66819 -0.70709 -0.23142
vn 0.67416 -0.70419 -0.22277
vn 0.62434 -0.706 -0.3343
vn 0.62683 -0.70497 -0.33181
vn 0.508 -0.70676 0.49236
vn 0.50774 -0.70804 0.49079
vn 0.49459 -0.70742 0.50491
vn 0.4946 -0.70742 0.50492
vn 0.48084 -0.70815 0.51704
vn 0.48111 -0.70672 0.51874
vn 0.22939 -0.7118 0.66387
vn 0.19879 -0.69642 0.68955
vn 0.11535 -0.71042 0.69426
vn 0.08715 -0.6984 0.71038
vn -0.00241 -0.70913 0.70507
vn -0.02607 -0.70022 0.71345
vn -0.12052 -0.70794 0.69591
vn -0.13811 -0.70188 0.69877
vn -0.23559 -0.70685 0.66698
vn -0.24622 -0.7034 0.66678
vn -0.34432 -0.70586 0.61904
vn -0.34777 -0.70477 0.61835
vn -0.39436 -0.70711 0.58692
vn -0.39436 -0.70711 0.58692
vn 0.00603 -0.70581 0.70838
vn 0.00603 -0.70581 0.70838
vn -0.11493 -0.70581 0.69902
vn -0.11493 -0.70581 0.69902
vn -0.23251 -0.70581 0.66916
vn -0.23252 -0.70581 0.66916
vn -0.34329 -0.70581 0.61967
vn -0.34328 -0.70581 0.61968
vn 0.06654 -0.70711 0.70397
vn 0.06654 -0.70711 0.70397
vn 0.70844 -0.70577 -0.00209
vn 0.70844 -0.70577 -0.00211
vn 0.6981 -0.70577 0.12063
vn 0.6981 -0.70577 0.12064
vn 0.66666 -0.70577 0.23969
vn 0.66666 -0.70577 0.2397
vn 0.61507 -0.70577 0.35153
vn 0.61507 -0.70577 0.35153
vn 0.54489 -0.70577 0.45275
vn 0.5449 -0.70577 0.45274
vn 0.45826 -0.70577 0.54027
vn 0.45827 -0.70577 0.54026
vn 0.35777 -0.70577 0.61147
vn 0.35777 -0.70577 0.61147
vn 0.24648 -0.70577 0.66419
vn 0.24646 -0.70577 0.66419
vn 0.12772 -0.70577 0.69683
vn 0.12772 -0.70577 0.69683
vn 0.70424 -0.70711 -0.06354
vn 0.54461 -0.70579 -0.45305
vn 0.54462 -0.70579 -0.45305
vn 0.61431 -0.70579 -0.35282
vn 0.61431 -0.70579 -0.35281
vn 0.66576 -0.70579 -0.24211
vn 0.66576 -0.70579 -0.24212
vn 0.69744 -0.70579 -0.12421
vn 0.69744 -0.70579 -0.12422
vn 0.50262 -0.70711 -0.49736
vn 0.50262 -0.70711 -0.49736
vn 0.70135 -0.71001 0.06326
vn 0.70489 -0.7021 0.10092
vn 0.70308 -0.70949 -0.04808
vn 0.7115 -0.70246 -0.01814
vn 0.68737 -0.70883 -0.15837
vn 0.69803 -0.70293 -0.13655
vn 0.65458 -0.70803 -0.26499
vn 0.66491 -0.70351 -0.25095
vn 0.60547 -0.70708 -0.36528
vn 0.61311 -0.70419 -0.35808
vn 0.54119 -0.706 -0.45681
vn 0.54415 -0.70497 -0.45488
vn 0.59927 -0.70676 0.37599
vn 0.59868 -0.70805 0.3745
vn 0.58876 -0.70742 0.39104
vn 0.58877 -0.70741 0.39105
vn 0.57783 -0.70814 0.40577
vn 0.57844 -0.70672 0.40738
vn 0.3624 -0.71181 0.60166
vn 0.33781 -0.69642 0.63315
vn 0.25717 -0.71042 0.65511
vn 0.23295 -0.6984 0.67674
vn 0.14423 -0.70913 0.69017
vn 0.12284 -0.70022 0.70328
vn 0.0268 -0.70794 0.70576
vn 0.01019 -0.70188 0.71222
vn -0.09177 -0.70685 0.70138
vn -0.10221 -0.7034 0.70341
vn -0.20809 -0.70586 0.6771
vn -0.21161 -0.70477 0.67714
vn -0.26372 -0.70711 0.65608
vn -0.26372 -0.70711 0.65609
vn 0.15318 -0.70581 0.69164
vn 0.15319 -0.70581 0.69164
vn 0.03292 -0.70581 0.70764
vn 0.03291 -0.70581 0.70764
vn -0.08831 -0.70581 0.70288
vn -0.08831 -0.70581 0.70288
vn -0.20695 -0.70581 0.6775
vn -0.20695 -0.70581 0.6775
vn 0.21145 -0.70711 0.67475
vn 0.69252 -0.70577 -0.14935
vn 0.69252 -0.70577 -0.14934
vn 0.70792 -0.70577 -0.02714
vn 0.70193 -0.70577 0.09584
vn 0.70192 -0.70577 0.09587
vn 0.67471 -0.70577 0.21598
vn 0.67472 -0.70577 0.21596
vn 0.62713 -0.70577 0.32955
vn 0.62713 -0.70577 0.32955
vn 0.56057 -0.70577 0.43319
vn 0.56058 -0.70577 0.43318
vn 0.47708 -0.70577 0.52372
vn 0.47708 -0.70577 0.52373
vn 0.37919 -0.70577 0.59842
vn 0.37918 -0.70577 0.59842
vn 0.26981 -0.70577 0.65505
vn 0.67564 -0.70711 -0.20857
vn 0.67564 -0.70711 -0.20858
vn 0.43853 -0.70579 -0.55637
vn 0.43852 -0.70579 -0.55638
vn 0.52753 -0.70579 -0.47283
vn 0.52753 -0.70579 -0.47284
vn 0.60087 -0.70579 -0.37525
vn 0.60088 -0.70579 -0.37523
vn 0.65638 -0.70579 -0.26651
vn 0.65638 -0.7058 -0.26649
vn 0.38823 -0.70711 -0.591
vn 0.38823 -0.70711 -0.59099
vn 0.69917 -0.71001 -0.08395
vn 0.71047 -0.7021 -0.04784
vn 0.67771 -0.70949 -0.1932
vn 0.69217 -0.70246 -0.16567
vn 0.63942 -0.70883 -0.29783
vn 0.65438 -0.70293 -0.2787
vn 0.58519 -0.70803 -0.39529
vn 0.5982 -0.7035 -0.38371
vn 0.51629 -0.70708 -0.48319
vn 0.52527 -0.70418 -0.47772
vn 0.43439 -0.706 -0.55934
vn 0.43768 -0.70497 -0.55808
vn 0.66435 -0.70676 0.24318
vn 0.66346 -0.70805 0.24184
vn 0.6572 -0.70742 0.26009
vn 0.65721 -0.70741 0.26009
vn 0.64956 -0.70814 0.27677
vn 0.6505 -0.70671 0.27821
vn 0.47958 -0.7118 0.51317
vn 0.46207 -0.69642 0.54908
vn 0.38775 -0.71042 0.58733
vn 0.36856 -0.6984 0.61352
vn 0.28457 -0.70913 0.6451
vn 0.26637 -0.70022 0.66238
vn 0.17295 -0.70794 0.68477
vn 0.15805 -0.70188 0.69454
vn 0.05606 -0.70685 0.70514
vn 0.04627 -0.7034 0.70929
vn -0.06277 -0.70586 0.70557
vn -0.0662 -0.70477 0.70634
vn -0.12155 -0.70711 0.69658
vn 0.29364 -0.70581 0.64468
vn 0.29363 -0.70581 0.64468
vn 0.17932 -0.70581 0.68533
vn 0.17932 -0.70581 0.68533
vn 0.05975 -0.70581 0.70588
vn 0.05976 -0.70581 0.70588
vn -0.06157 -0.70581 0.70572
vn -0.06157 -0.70581 0.70572
vn 0.34712 -0.70711 0.61604
vn 0.64634 -0.70577 -0.29006
vn 0.64634 -0.70577 -0.29006
vn 0.68681 -0.70577 -0.17373
vn 0.68681 -0.70576 -0.17376
vn 0.70652 -0.70577 -0.05219
vn 0.70652 -0.70577 -0.05218
vn 0.70488 -0.70577 0.07097
vn 0.70488 -0.70577 0.07096
vn 0.68194 -0.70577 0.19197
vn 0.68193 -0.70577 0.19199
vn 0.63839 -0.70577 0.30716
vn 0.57554 -0.70577 0.41309
vn 0.57556 -0.70577 0.41307
vn 0.49531 -0.70577 0.50652
vn 0.4953 -0.70577 0.50652
vn 0.40011 -0.70577 0.58464
vn 0.40012 -0.70577 0.58464
vn 0.61751 -0.70711 -0.34449
vn 0.61751 -0.70711 -0.34449
vn 0.31326 -0.70579 -0.6354
vn 0.31325 -0.70579 -0.6354
vn 0.4177 -0.70579 -0.57218
vn 0.4177 -0.70579 -0.57217
vn 0.50972 -0.70579 -0.49197
vn 0.50972 -0.70579 -0.49198
vn 0.58663 -0.70579 -0.39715
vn 0.58663 -0.70579 -0.39715
vn 0.25687 -0.70711 -0.6588
vn 0.25687 -0.70711 -0.6588
vn 0.66643 -0.71001 -0.22748
vn 0.685 -0.7021 -0.19451
vn 0.62275 -0.70949 -0.32987
vn 0.6426 -0.70246 -0.30597
vn 0.56352 -0.70883 -0.42427
vn 0.58214 -0.70293 -0.40866
vn 0.49022 -0.70802 -0.50831
vn 0.50535 -0.7035 -0.4997
vn 0.40454 -0.70709 -0.57998
vn 0.41447 -0.70418 -0.57649
vn 0.30861 -0.706 -0.63743
vn 0.31208 -0.70498 -0.63688
vn 0.70038 -0.70677 0.09973
vn 0.69925 -0.70804 0.09862
vn 0.69692 -0.70742 0.11777
vn 0.69691 -0.70742 0.11776
vn 0.69291 -0.70815 0.13566
vn 0.69413 -0.70671 0.13688
vn 0.57579 -0.7118 0.40225
vn 0.56613 -0.69642 0.44102
vn 0.5014 -0.71042 0.49387
vn 0.48807 -0.69839 0.52348
vn 0.41248 -0.70913 0.57183
vn 0.39826 -0.70022 0.59252
vn 0.31154 -0.70794 0.63384
vn 0.29899 -0.70188 0.6465
vn 0.20144 -0.70685 0.67807
vn 0.19274 -0.7034 0.68416
vn 0.0853 -0.70586 0.7032
vn 0.0821 -0.70477 0.70467
vn 0.02594 -0.70711 0.70663
vn 0.42125 -0.70581 0.56954
vn 0.42126 -0.70581 0.56954
vn 0.31789 -0.70581 0.63307
vn 0.20521 -0.70581 0.67803
vn 0.20521 -0.70581 0.67803
vn 0.08651 -0.70581 0.7031
vn 0.08651 -0.70581 0.7031
vn 0.46762 -0.70711 0.53041
vn 0.57191 -0.70577 -0.4181
vn 0.57192 -0.70577 -0.41809
vn 0.63568 -0.70577 -0.31273
vn 0.68023 -0.70577 -0.19793
vn 0.68023 -0.70576 -0.19795
vn 0.70423 -0.70577 -0.07715
vn 0.70423 -0.70577 -0.07711
vn 0.70694 -0.70577 0.04599
vn 0.70694 -0.70577 0.04599
vn 0.6883 -0.70577 0.16772
vn 0.68831 -0.70577 0.1677
vn 0.64885 -0.70577 0.2844
vn 0.64886 -0.70577 0.28439
vn 0.5898 -0.70577 0.39247
vn 0.5898 -0.70577 0.39247
vn 0.51292 -0.70577 0.48868
vn 0.51291 -0.70577 0.48869
vn 0.53239 -0.70711 -0.46535
vn 0.53239 -0.70711 -0.46535
vn 0.17431 -0.70579 -0.68664
vn 0.17431 -0.70579 -0.68664
vn 0.28961 -0.70579 -0.64652
vn 0.28961 -0.70579 -0.64652
vn 0.3963 -0.70579 -0.5872
vn 0.3963 -0.70579 -0.5872
vn 0.49123 -0.70579 -0.51044
vn 0.49123 -0.70579 -0.51044
vn 0.11428 -0.70711 -0.69781
vn 0.11428 -0.70711 -0.69781
vn 0.60458 -0.71001 -0.36107
vn 0.62959 -0.7021 -0.33268
vn 0.54054 -0.70949 -0.45215
vn 0.56495 -0.70246 -0.43288
vn 0.463 -0.70883 -0.53216
vn 0.48445 -0.70293 -0.52077
vn 0.37382 -0.70803 -0.59913
vn 0.39041 -0.70351 -0.59385
vn 0.27513 -0.70708 -0.65141
vn 0.28555 -0.70418 -0.65007
vn 0.16933 -0.706 -0.68767
vn 0.17285 -0.70497 -0.68785
vn 0.70582 -0.70676 -0.04806
vn 0.70447 -0.70804 -0.04892
vn 0.70617 -0.70742 -0.02971
vn 0.70618 -0.70741 -0.0297
vn 0.70597 -0.70815 -0.01136
vn 0.70742 -0.70671 -0.01043
vn 0.64684 -0.7118 0.27374
vn 0.64545 -0.69642 0.31367
vn 0.59312 -0.71042 0.37883
vn 0.58624 -0.6984 0.41057
vn 0.52236 -0.70913 0.47357
vn 0.51275 -0.70021 0.49678
vn 0.43652 -0.70794 0.55523
vn 0.42688 -0.70189 0.5702
vn 0.33802 -0.70685 0.62138
vn 0.33076 -0.7034 0.62915
vn 0.22964 -0.70586 0.6701
vn 0.22682 -0.70477 0.6722
vn 0.17228 -0.70711 0.68579
vn 0.53046 -0.70581 0.46952
vn 0.53047 -0.7058 0.46951
vn 0.44258 -0.70581 0.55314
vn 0.44256 -0.70581 0.55315
vn 0.34169 -0.70581 0.62055
vn 0.34169 -0.70581 0.62055
vn 0.2308 -0.70581 0.66975
vn 0.23081 -0.70581 0.66975
vn 0.56767 -0.70711 0.42159
vn 0.47249 -0.70577 -0.52787
vn 0.47248 -0.70577 -0.52788
vn 0.55676 -0.70577 -0.43808
vn 0.55676 -0.70577 -0.43807
vn 0.62422 -0.70577 -0.33502
vn 0.62422 -0.70577 -0.33502
vn 0.6728 -0.70577 -0.22187
vn 0.6728 -0.70577 -0.22188
vn 0.70106 -0.70577 -0.102
vn 0.70106 -0.70577 -0.10199
vn 0.70813 -0.70577 0.02097
vn 0.70813 -0.70577 0.02095
vn 0.69381 -0.70577 0.14326
vn 0.6938 -0.70577 0.14328
vn 0.65851 -0.70577 0.26126
vn 0.65852 -0.70577 0.26124
vn 0.6033 -0.70577 0.37137
vn 0.6033 -0.70577 0.37138
vn 0.42401 -0.70711 -0.56587
vn 0.42401 -0.70711 -0.56587
vn 0.02774 -0.70579 -0.70788
vn 0.02774 -0.70579 -0.70788
vn 0.14886 -0.70579 -0.6926
vn 0.14885 -0.70579 -0.69261
vn 0.26555 -0.70579 -0.65677
vn 0.26556 -0.70579 -0.65676
vn 0.37437 -0.70579 -0.60142
vn 0.37438 -0.70579 -0.60141
vn -0.0333 -0.70711 -0.70632
vn -0.0333 -0.70711 -0.70632
vn 0.51629 -0.71001 -0.47888
vn 0.54667 -0.7021 -0.4563
vn 0.43473 -0.70949 -0.55465
vn 0.4626 -0.70246 -0.54088
vn 0.34225 -0.70883 -0.61679
vn 0.36559 -0.70293 -0.61011
vn 0.24108 -0.70803 -0.66376
vn 0.25842 -0.7035 -0.66205
vn 0.13368 -0.70709 -0.69438
vn 0.14415 -0.70419 -0.69523
vn 0.02266 -0.706 -0.70785
vn 0.02606 -0.70497 -0.70876
vn 0.68041 -0.70676 -0.19376
vn 0.6789 -0.70805 -0.19432
vn 0.68456 -0.70742 -0.17588
vn 0.68457 -0.70741 -0.17588
vn 0.68819 -0.70814 -0.1579
vn 0.68979 -0.70671 -0.15728
vn 0.68962 -0.7118 0.13328
vn 0.69656 -0.69643 0.17261
vn 0.65892 -0.71042 0.24724
vn 0.65879 -0.6984 0.2797
vn 0.6094 -0.70913 0.35463
vn 0.60483 -0.70021 0.37931
vn 0.54242 -0.70794 0.45232
vn 0.5361 -0.70188 0.46899
vn 0.45982 -0.70685 0.53752
vn 0.45434 -0.7034 0.54663
vn 0.36394 -0.70586 0.60771
vn 0.36162 -0.70477 0.61035
vn 0.3111 -0.70711 0.63499
vn 0.3111 -0.70711 0.63499
vn 0.61649 -0.70581 0.34896
vn 0.61648 -0.70581 0.34898
vn 0.5479 -0.70581 0.44904
vn 0.54792 -0.7058 0.44903
vn 0.46325 -0.70581 0.53595
vn 0.46324 -0.70581 0.53595
vn 0.36501 -0.70581 0.60713
vn 0.365 -0.70581 0.60713
vn 0.64292 -0.70711 0.29435
vn 0.64293 -0.70711 0.29435
vn 0.3524 -0.70577 -0.61458
vn 0.35242 -0.70577 -0.61457
vn 0.45352 -0.70577 -0.54425
vn 0.45351 -0.70577 -0.54426
vn 0.54092 -0.70577 -0.45749
vn 0.54091 -0.70576 -0.4575
vn 0.61198 -0.70576 -0.35691
vn 0.61198 -0.70577 -0.35688
vn 0.66453 -0.70577 -0.24554
vn 0.66453 -0.70577 -0.24553
vn 0.69701 -0.70577 -0.12672
vn 0.69701 -0.70577 -0.12673
vn 0.70843 -0.70577 -0.0041
vn 0.70843 -0.70577 -0.00411
vn 0.69844 -0.70577 0.11865
vn 0.69844 -0.70576 0.11864
vn 0.66735 -0.70577 0.23779
vn 0.66733 -0.70577 0.23782
vn 0.29709 -0.70711 -0.64167
vn -0.12005 -0.70579 -0.69818
vn -0.12005 -0.70579 -0.69818
vn 0.0016 -0.70579 -0.70842
vn 0.00162 -0.70579 -0.70842
vn 0.12321 -0.70579 -0.69762
vn 0.1232 -0.70579 -0.69763
vn 0.24114 -0.70579 -0.66612
vn 0.24114 -0.70579 -0.66612
vn -0.17942 -0.70711 -0.68396
vn -0.17942 -0.70711 -0.68396
vn 0.40545 -0.71001 -0.57575
vn 0.43985 -0.7021 -0.55999
vn 0.30991 -0.70949 -0.63291
vn 0.34004 -0.70246 -0.62524
vn 0.20653 -0.70883 -0.67447
vn 0.23075 -0.70293 -0.67279
vn 0.0978 -0.70803 -0.69938
vn 0.11512 -0.7035 -0.7013
vn -0.0136 -0.70708 -0.707
vn -0.00354 -0.70419 -0.71001
vn -0.12501 -0.706 -0.69709
vn -0.12187 -0.70497 -0.69869
vn 0.62525 -0.70676 -0.33099
vn 0.62367 -0.70804 -0.33123
vn 0.63304 -0.70742 -0.31436
vn 0.63304 -0.70742 -0.31436
vn 0.64032 -0.70815 -0.29753
vn 0.64202 -0.70671 -0.29726
vn 0.70225 -0.71181 -0.01303
vn 0.71724 -0.69641 0.02404
vn 0.69592 -0.71042 0.10485
vn 0.70254 -0.6984 0.13663
vn 0.66982 -0.70913 0.22018
vn 0.67048 -0.70021 0.24527
vn 0.62461 -0.70794 0.32966
vn 0.6219 -0.70188 0.34727
vn 0.56153 -0.70685 0.43017
vn 0.55807 -0.7034 0.44022
vn 0.48234 -0.70586 0.51876
vn 0.48061 -0.70477 0.52183
vn 0.43633 -0.70711 0.55643
vn 0.43633 -0.70711 0.55643
vn 0.67557 -0.70581 0.21317
vn 0.67556 -0.70581 0.21318
vn 0.62929 -0.70581 0.32532
vn 0.62929 -0.70581 0.32531
vn 0.56456 -0.70581 0.42791
vn 0.56455 -0.70581 0.42792
vn 0.48326 -0.70581 0.51797
vn 0.48326 -0.70581 0.51797
vn 0.69008 -0.70711 0.15425
vn 0.21693 -0.70577 -0.67441
vn 0.21693 -0.70577 -0.67441
vn 0.33045 -0.70577 -0.62665
vn 0.33045 -0.70577 -0.62666
vn 0.43398 -0.70577 -0.55996
vn 0.43398 -0.70577 -0.55996
vn 0.52439 -0.70577 -0.47635
vn 0.5244 -0.70577 -0.47634
vn 0.59896 -0.70577 -0.37833
vn 0.59897 -0.70577 -0.37831
vn 0.65543 -0.70577 -0.26888
vn 0.65543 -0.70576 -0.26891
vn 0.6921 -0.70577 -0.15131
vn 0.6921 -0.70577 -0.15128
vn 0.70784 -0.70577 -0.02915
vn 0.70784 -0.70576 -0.02918
vn 0.7022 -0.70577 0.09386
vn 0.7022 -0.70577 0.09386
vn 0.15719 -0.70711 -0.68941
vn 0.15719 -0.70711 -0.68941
vn -0.26257 -0.70579 -0.65796
vn -0.26258 -0.70579 -0.65796
vn -0.14572 -0.70579 -0.69327
vn -0.14571 -0.70579 -0.69327
vn -0.02452 -0.70579 -0.70799
vn -0.02454 -0.70579 -0.708
vn 0.09738 -0.70579 -0.70169
vn 0.09739 -0.70579 -0.70169
vn -0.3177 -0.70711 -0.63171
vn -0.3177 -0.70711 -0.63171
vn 0.27688 -0.71001 -0.64747
vn 0.31381 -0.7021 -0.6392
vn 0.17155 -0.70949 -0.68352
vn 0.20262 -0.70246 -0.68227
vn 0.06179 -0.70883 -0.70267
vn 0.08583 -0.70293 -0.70606
vn -0.04974 -0.70803 -0.70443
vn -0.03319 -0.7035 -0.70992
vn -0.1603 -0.70708 -0.68872
vn -0.15109 -0.70419 -0.69375
vn -0.26721 -0.706 -0.65587
vn -0.26448 -0.70497 -0.65808
vn -0.98456 0 0.17505
vn -0.99985 0 0.01735
vn -0.99004 -0 -0.14078
vn -0.95538 -0 -0.29538
vn -0.89674 -0 -0.44256
vn -0.81559 -0 -0.57863
vn -0.76719 0 -0.64142
vn -0.81929 0 -0.57337
vn -0.90511 -0 -0.42517
vn -0.96439 -0 -0.26449
vn -0.99538 -0 -0.09606
vn -0.99995 0 -0.01047
vn -0.99707 0 0.07648
vn -0.96876 0 0.248
vn -0.91117 0 0.41202
vn -0.82605 0 0.5636
vn -0.71596 0 0.69814
vn -0.58424 0 0.81158
vn -0.43486 0 0.9005
vn -0.27235 0 0.9622
vn -0.10159 0 0.99483
vn -0.01473 0 0.99989
vn 0.07147 -0 0.99744
vn 0.24166 0 0.97036
vn 0.40467 0 0.91446
vn 0.55566 0 0.83141
vn 0.62523 0 0.78044
vn 0.56161 -0 0.8274
vn 0.42424 0 0.90555
vn 0.27629 0 0.96107
vn 0.12143 0 0.9926
vn -0.03645 0 0.99934
vn -0.19343 0 0.98111
vn -0.65708 0 0.75382
vn -0.63731 0 0.77061
vn -0.6171 0 0.78689
vn -0.92665 0 0.37592
vn -0.97439 0 0.22485
vn -0.99768 0 0.06814
vn -0.99592 -0 -0.09029
vn -0.96916 -0 -0.24645
vn -0.91807 -0 -0.39642
vn -0.88378 0 -0.4679
vn -0.9206 0 -0.39051
vn -0.97373 -0 -0.22769
vn -0.9983 -0 -0.05821
vn -0.9936 0 0.113
vn -0.98027 0 0.19766
vn -0.95938 0 0.2821
vn -0.89602 0 0.444
vn -0.8056 0 0.59247
vn -0.69082 0 0.72302
vn -0.55516 0 0.83174
vn -0.40273 0 0.91532
vn -0.23813 0 0.97123
vn -0.06633 0 0.9978
vn 0.10746 0 0.99421
vn 0.19348 0 0.98111
vn 0.27729 -0 0.96079
vn 0.43812 0 0.89892
vn 0.58596 0 0.81034
vn 0.71638 0 0.69771
vn 0.77383 0 0.6334
vn 0.72135 -0 0.69257
vn 0.60325 0 0.79755
vn 0.47007 0 0.88263
vn 0.32515 0 0.94566
vn 0.17212 0 0.98508
vn 0.01478 0 0.99989
vn -0.486 0 0.87396
vn -0.46316 0 0.88628
vn -0.44001 0 0.89799
vn -0.82824 0 0.56038
vn -0.90635 0 0.42252
vn -0.96171 0 0.27408
vn -0.99292 0 0.11875
vn -0.99922 -0 -0.03956
vn -0.98043 -0 -0.19688
vn -0.96175 0 -0.27393
vn -0.98167 0 -0.19057
vn -0.99979 -0 -0.02026
vn -0.98859 0 0.15063
vn -0.94839 0 0.3171
vn -0.91775 0 0.39715
vn -0.87976 0 0.47542
vn -0.78413 0 0.62059
vn -0.66481 0 0.74701
vn -0.52539 0 0.85086
vn -0.37011 0 0.92899
vn -0.20362 0 0.97905
vn -0.031 0 0.99952
vn 0.14256 0 0.98979
vn 0.31183 0 0.95014
vn 0.39323 0 0.91944
vn 0.47099 -0 0.88214
vn 0.61544 0 0.78818
vn 0.74163 0 0.67081
vn 0.84578 0 0.53353
vn 0.88861 0 0.45867
vn 0.84959 -0 0.52744
vn 0.75589 0 0.6547
vn 0.64331 0 0.7656
vn 0.51466 0 0.8574
vn 0.37317 0 0.92776
vn 0.22235 0 0.97497
vn -0.29367 0 0.95591
vn -0.26877 0 0.9632
vn -0.24369 0 0.96985
vn -0.69364 0 0.72032
vn -0.79869 0 0.60174
vn -0.88371 0 0.46803
vn -0.94653 0 0.32261
vn -0.98561 0 0.16905
vn -0.99994 0 0.01126
vn -0.99769 0 -0.06798
vn -0.99984 0 0.0177
vn -0.98216 0 0.18805
vn -0.93567 0 0.35288
vn -0.86174 0 0.50736
vn -0.81513 0 0.57928
vn -0.76169 0 0.64794
vn -0.63797 0 0.77006
vn -0.49497 0 0.86891
vn -0.33702 0 0.9415
vn -0.16886 0 0.98564
vn 0.00437 0 0.99999
vn 0.17749 0 0.98412
vn 0.34525 0 0.93851
vn 0.50255 0 0.86455
vn 0.5758 0 0.81759
vn 0.64411 -0 0.76493
vn 0.76586 0 0.643
vn 0.86489 0 0.50196
vn 0.93823 0 0.34601
vn 0.96455 0 0.26389
vn 0.94069 -0 0.33928
vn 0.87549 0 0.48324
vn 0.78843 0 0.61512
vn 0.68167 0 0.73166
vn 0.5579 0 0.82991
vn 0.4202 0 0.90743
vn -0.08851 0 0.99608
vn -0.06264 0 0.99804
vn -0.03672 0 0.99933
vn -0.52872 0 0.8488
vn -0.65614 0 0.75464
vn -0.76709 0 0.64154
vn -0.85877 0 0.51236
vn -0.92892 0 0.37028
vn -0.97575 0 0.21889
vn -0.99002 0 0.14094
vn -0.97432 0 0.22519
vn -0.92159 0 0.38816
vn -0.84186 0 0.5397
vn -0.73743 0 0.67543
vn -0.67688 0 0.7361
vn -0.61033 0 0.79215
vn -0.46393 0 0.88587
vn -0.30349 0 0.95283
vn -0.1339 0 0.99099
vn 0.03974 0 0.99921
vn 0.21218 0 0.97723
vn 0.37822 0 0.92571
vn 0.53283 0 0.84622
vn 0.67132 0 0.74117
vn 0.73321 0 0.68001
vn 0.78906 -0 0.61431
vn 0.88283 0 0.4697
vn 0.95035 0 0.31117
vn 0.98967 0 0.14339
vn 0.99834 0 0.05758
vn 0.99067 -0 0.1363
vn 0.95683 0 0.29066
vn 0.89909 0 0.43776
vn 0.8189 0 0.57394
vn 0.71826 0 0.69577
vn 0.59968 0 0.80024
vn 0.12052 0 0.99271
vn 0.14624 0 0.98925
vn 0.17185 0 0.98512
vn -0.34069 0 0.94018
vn -0.48489 0 0.87458
vn -0.61694 0 0.78701
vn -0.73349 0 0.6797
vn -0.83164 0 0.55532
vn -0.90891 0 0.41699
vn -0.93908 0 0.34369
vn -0.9062 0 0.42284
vn -0.82076 0 0.57127
vn -0.71125 0 0.70294
vn -0.58089 0 0.81398
vn -0.50904 0 0.86074
vn -0.43229 0 0.90173
vn -0.26961 0 0.96297
vn -0.09876 0 0.99511
vn 0.07507 0 0.99718
vn 0.24662 0 0.96911
vn 0.41073 0 0.91176
vn 0.56243 0 0.82685
vn 0.69712 0 0.71696
vn 0.81076 0 0.58538
vn 0.85856 0 0.51271
vn 0.89954 -0 0.43683
vn 0.96119 0 0.27588
vn 0.99428 0 0.10678
vn 0.99785 0 -0.06549
vn 0.9885 0 -0.15124
vn 0.99735 0 -0.07269
vn 0.99635 0 0.08539
vn 0.97046 0 0.24126
vn 0.92034 0 0.39112
vn 0.84723 0 0.53123
vn 0.75295 0 0.65808
vn 0.32428 0 0.94596
vn 0.34872 0 0.93723
vn 0.37291 0 0.92787
vn -0.13777 0 0.99046
vn -0.29247 0 0.95628
vn -0.43982 0 0.89809
vn -0.57614 0 0.81735
vn -0.698 0 0.71609
vn -0.80235 0 0.59685
vn -0.8471 0 0.53143
vn -0.79848 0 0.60202
vn -0.68406 0 0.72943
vn -0.54955 0 0.83546
vn -0.39896 0 0.91697
vn -0.31896 0 0.94777
vn -0.23538 0 0.9719
vn -0.0635 0 0.99798
vn 0.1103 0 0.9939
vn 0.28074 0 0.95978
vn 0.44273 0 0.89665
vn 0.59132 0 0.80643
vn 0.72205 0 0.69184
vn 0.83094 0 0.55636
vn 0.91474 0 0.40404
vn 0.9464 0 0.32299
vn 0.97071 -0 0.24025
vn 0.99754 0 0.07004
vn 0.99476 0 -0.10226
vn 0.96243 0 -0.27154
vn 0.93545 0 -0.35346
vn 0.96045 0 -0.27844
vn 0.99233 0 -0.12365
vn 0.99941 0 0.03422
vn 0.98154 0 0.19124
vn 0.93915 0 0.34349
vn 0.87332 0 0.48715
vn 0.51387 0 0.85787
vn 0.53595 0 0.84425
vn 0.55768 0 0.83006
vn 0.07117 -0 0.99746
vn -0.08726 0 0.99619
vn -0.24348 0 0.9699
vn -0.39364 0 0.91927
vn -0.53385 0 0.84558
vn -0.66073 0 0.75062
vn -0.7181 0 0.69594
vn -0.65588 0 0.75486
vn -0.51744 0 0.85572
vn -0.36386 0 0.93145
vn -0.19958 0 0.97988
vn -0.11494 0 0.99337
vn -0.02816 0 0.9996
vn 0.14538 0 0.98938
vn 0.31453 0 0.94925
vn 0.47417 0 0.88043
vn 0.61948 0 0.78501
vn 0.74607 0 0.66587
vn 0.8501 0 0.52662
vn 0.92846 0 0.37143
vn 0.97876 0 0.20502
vn 0.99287 0 0.11917
vn 0.99945 -0 0.03317
vn 0.99031 0 -0.13888
vn 0.95175 0 -0.30687
vn 0.88494 0 -0.4657
vn 0.84152 0 -0.54023
vn 0.88158 0 -0.47203
vn 0.94493 0 -0.32726
vn 0.98469 0 -0.17431
vn 0.99986 0 -0.01702
vn 0.99005 0 0.1407
vn 0.95551 0 0.29495
vn 0.68101 0 0.73228
vn 0.69977 0 0.71437
vn 0.71807 0 0.69597
vn 0.277 -0 0.96087
vn 0.12177 0 0.99256
vn -0.03651 0 0.99933
vn -0.1939 0 0.98102
vn -0.3464 0 0.93809
vn -0.49021 0 0.8716
vn -0.55772 0 0.83003
vn -0.48459 0 0.87474
vn -0.32822 0 0.9446
vn -0.16224 0 0.98675
vn 0.00852 0 0.99996
vn 0.09411 0 0.99556
vn 0.18029 -0 0.98361
vn 0.34791 0 0.93753
vn 0.50501 0 0.86311
vn 0.64686 0 0.76261
vn 0.76914 0 0.63908
vn 0.86821 0 0.4962
vn 0.94103 0 0.33833
vn 0.9854 0 0.17028
vn 1 0 -0.00296
vn 0.99595 0 -0.08986
vn 0.98451 0 -0.17534
vn 0.93979 0 -0.34177
vn 0.86715 0 -0.49804
vn 0.76877 0 -0.63953
vn 0.71081 0 -0.70338
vn 0.76417 0 -0.64502
vn 0.85624 0 -0.51657
vn 0.92693 0 -0.37524
vn 0.97447 0 -0.22452
vn 0.99767 0 -0.06822
vn 0.99596 0 0.08983
vn 0.81837 0 0.57469
vn 0.83301 0 0.55326
vn 0.84708 0 0.53147
vn 0.47072 -0 0.88228
vn 0.32547 0 0.94555
vn 0.17206 0 0.98509
vn 0.01431 0 0.9999
vn -0.14379 0 0.98961
vn -0.29828 0 0.95448
vn -0.37296 0 0.92785
vn -0.29214 0 0.95638
vn -0.12466 0 0.9922
vn 0.04647 0 0.99892
vn 0.21623 0 0.97634
vn 0.29904 0 0.95424
vn 0.38084 -0 0.92464
vn 0.53524 0 0.8447
vn 0.67342 0 0.73926
vn 0.79127 0 0.61147
vn 0.88522 0 0.46518
vn 0.9524 0 0.30487
vn 0.99081 0 0.13529
vn 0.99927 0 -0.03831
vn 0.97753 0 -0.21081
vn 0.95551 0 -0.29497
vn 0.92654 0 -0.3762
vn 0.84818 0 -0.5297
vn 0.74466 0 -0.66745
vn 0.61902 0 -0.78537
vn 0.54904 0 -0.8358
vn 0.61337 0 -0.7898
vn 0.73013 0 -0.68331
vn 0.82866 0 -0.55975
vn 0.90649 0 -0.42222
vn 0.96169 0 -0.27416
vn 0.99287 0 -0.11922
vn 0.91997 0 0.39198
vn 0.92983 0 0.36798
vn 0.93907 0 0.34374
vn 0.64388 -0 0.76512
vn 0.51496 0 0.85722
vn 0.3731 0 0.92779
vn 0.22189 0 0.97507
vn 0.0651 0 0.99788
vn -0.09332 0 0.99564
vn -0.1719 0 0.98512
vn -0.08691 0 0.99622
vn 0.08435 0 0.99644
vn 0.25313 0 0.96743
vn 0.41451 0 0.91005
vn 0.4909 0 0.87121
vn 0.56478 -0 0.82524
vn 0.69915 0 0.71497
vn 0.81241 0 0.58309
vn 0.90112 0 0.43357
vn 0.96259 0 0.27097
vn 0.99497 0 0.10018
vn 0.99728 0 -0.07366
vn 0.96947 0 -0.24522
vn 0.91234 0 -0.40943
vn 0.8733 0 -0.48719
vn 0.82808 0 -0.56061
vn 0.71952 0 -0.69447
vn 0.58962 0 -0.80768
vn 0.44219 0 -0.89692
vn 0.36327 0 -0.93168
vn 0.43576 0 -0.90006
vn 0.57209 0 -0.82019
vn 0.69418 0 -0.7198
vn 0.79889 0 -0.60147
vn 0.88368 0 -0.46809
vn 0.94639 0 -0.32304
vn 0.98137 0 0.19214
vn 0.98602 0 0.16662
vn 0.99001 0 0.14098
vn 0.78888 -0 0.61454
vn 0.68193 0 0.73142
vn 0.55785 0 0.82994
vn 0.41976 0 0.90764
vn 0.27116 0 0.96254
vn 0.11573 0 0.99328
vn 0.03668 0 0.99933
vn 0.12212 -0 0.99252
vn 0.28968 0 0.95712
vn 0.44874 0 0.89366
vn 0.59465 0 0.80398
vn 0.66131 0 0.75011
vn 0.72401 -0 0.68979
vn 0.83253 0 0.55399
vn 0.91588 0 0.40145
vn 0.97157 0 0.23675
vn 0.99789 0 0.06492
vn 0.99405 0 -0.1089
vn 0.96018 0 -0.27939
vn 0.89729 0 -0.44144
vn 0.80728 0 -0.59017
vn 0.75292 0 -0.65811
vn 0.69341 0 -0.72054
vn 0.55941 0 -0.82889
vn 0.40881 0 -0.91262
vn 0.24606 0 -0.96926
vn 0.16162 0 -0.98685
vn 0.23909 0 -0.971
vn 0.38908 0 -0.9212
vn 0.52935 0 -0.8484
vn 0.65639 0 -0.75443
vn 0.76704 0 -0.6416
vn 0.85854 0 -0.51274
vn 0.99987 0 -0.01609
vn 0.99912 0 -0.04203
vn 0.99769 0 -0.06793
vn 0.89942 -0 0.43709
vn 0.8191 0 0.57365
vn 0.71821 0 0.69583
vn 0.59931 0 0.80052
vn 0.46534 0 0.88513
vn 0.31971 0 0.94751
vn 0.24365 0 0.96986
vn 0.32581 -0 0.94544
vn 0.48234 0 0.87598
vn 0.62476 0 0.78082
vn 0.74881 0 0.66278
vn 0.80282 0 0.59622
vn 0.85159 -0 0.52421
vn 0.92952 0 0.36878
vn 0.97934 0 0.20222
vn 0.99956 0 0.02959
vn 0.98958 0 -0.14398
vn 0.94969 0 -0.31318
vn 0.88112 0 -0.4729
vn 0.78588 0 -0.61837
vn 0.66693 0 -0.74512
vn 0.59964 0 -0.80027
vn 0.52846 0 -0.84896
vn 0.37485 0 -0.92709
vn 0.21013 0 -0.97767
vn 0.03915 0 -0.99923
vn -0.04709 0 -0.99889
vn 0.03199 0 -0.99949
vn 0.18904 0 -0.98197
vn 0.34138 0 -0.93993
vn 0.48519 0 -0.87441
vn 0.61689 0 -0.78705
vn 0.73317 0 -0.68005
vn 0.97468 0 -0.22363
vn 0.96854 0 -0.24884
vn 0.96176 0 -0.27388
vn 0.97064 -0 0.24053
vn 0.92047 0 0.39081
vn 0.84719 0 0.5313
vn 0.75264 0 0.65843
vn 0.6392 0 0.76904
vn 0.50974 0 0.86033
vn 0.43997 0 0.89801
vn 0.51525 -0 0.85704
vn 0.65393 0 0.75655
vn 0.77343 0 0.63388
vn 0.87025 0 0.49261
vn 0.90924 0 0.41628
vn 0.94199 -0 0.33565
vn 0.98588 0 0.16747
vn 0.99998 0 -0.00579
vn 0.98387 0 -0.17887
vn 0.93802 0 -0.34659
vn 0.86383 0 -0.50379
vn 0.76353 0 -0.64577
vn 0.64016 0 -0.76824
vn 0.49743 0 -0.8675
vn 0.42015 0 -0.90745
vn 0.3404 0 -0.94028
vn 0.17393 0 -0.98476
vn 0.00226 0 -1
vn -0.16946 -0 -0.98554
vn -0.25374 0 -0.96727
vn -0.17652 0 -0.9843
vn -0.01924 -0 -0.99981
vn 0.1385 0 -0.99036
vn 0.29279 0 -0.95618
vn 0.43976 0 -0.89811
vn 0.57577 0 -0.81761
vn 0.90688 0 -0.42139
vn 0.89564 0 -0.44477
vn 0.8838 0 -0.46786
vn 0.99944 -0 0.0335
vn 0.98161 0 0.1909
vn 0.93913 0 0.34355
vn 0.8731 0 0.48754
vn 0.78513 0 0.61933
vn 0.67746 0 0.73556
vn 0.61706 0 0.78691
vn 0.68218 -0 0.73118
vn 0.79695 0 0.60404
vn 0.88832 0 0.45923
vn 0.95365 0 0.30092
vn 0.97592 0 0.21814
vn 0.99119 -0 0.13249
vn 0.99915 0 -0.04115
vn 0.97692 0 -0.21359
vn 0.92518 0 -0.37953
vn 0.84547 0 -0.53403
vn 0.7402 0 -0.67239
vn 0.61258 0 -0.79041
vn 0.46644 0 -0.88455
vn 0.30621 0 -0.95196
vn 0.2223 0 -0.97498
vn 0.13746 0 -0.99051
vn -0.03462 -0 -0.9994
vn -0.2057 -0 -0.97862
vn -0.37065 -0 -0.92877
vn -0.4493 0 -0.89338
vn -0.37731 0 -0.92609
vn -0.22669 -0 -0.97397
vn -0.07044 -0 -0.99752
vn 0.08759 0 -0.99616
vn 0.24343 0 -0.96992
vn 0.39318 0 -0.91946
vn 0.79945 0 -0.60073
vn 0.7836 0 -0.62127
vn 0.76722 0 -0.64139
vn 0 -1 0
vn -0.99482 0 -0.10162
vn -0.99671 0 -0.08105
vn -0.99671 -0 -0.08104
vn -0.99671 -0 -0.08104
vn -0.99671 -0 -0.08105
vn -0.99817 0 -0.06045
vn -0.99817 -0 -0.06045
vn -0.99921 0 -0.03985
vn -0.99921 -0 -0.03985
vn -0.99981 0 -0.01924
vn -0.99982 0 -0.01923
vn -0.99982 -0 -0.01923
vn -0.99981 -0 -0.01924
vn -1 0 0.00139
vn -1 0 0.00139
vn -1 -0 0.00139
vn -1 -0 0.00139
vn -0.99976 0 0.02203
vn -0.99976 0 0.02203
vn -0.99976 0 0.02203
vn -0.99976 -0 0.02203
vn -0.99909 0 0.04268
vn 0.99926 0 0.03854
vn 0.99926 0 0.03854
vn 0.99985 0 0.01744
vn 0.99985 0 0.01744
vn 0.99999 0 -0.00367
vn 0.99999 0 -0.00364
vn 0.99969 1E-05 -0.02477
vn 0.99969 0 -0.02471
vn 0.99895 1E-05 -0.04584
vn 0.99895 0 -0.04576
vn 0.99776 1E-05 -0.06689
vn 0.99777 0 -0.0668
vn 0.99613 0 -0.0879
vn 0.99614 0 -0.08782
vn 0.99406 0 -0.10886
vn 0.99406 0 -0.10882
vn -0.27898 0 -0.9603
vn -0.40577 0 -0.91398
vn -0.52515 0 -0.85101
vn -0.63497 0 -0.77253
vn -0.73323 0 -0.67998
vn -0.81812 0 -0.57505
vn -0.88811 0 -0.45963
vn -0.94191 0 -0.33586
vn -0.97856 0 -0.20594
vn -0.99738 0 -0.07227
vn -0.99803 0 0.06269
vn -0.9805 0 0.19653
vn -0.9451 0 0.32677
vn -0.89248 0 0.45108
vn -0.82361 0 0.56716
vn -0.73973 0 0.6729
vn -0.64237 0 0.7664
vn -0.53331 0 0.84592
vn -0.41453 0 0.91003
vn -0.2882 0 0.95757
vn -0.15662 0 0.98766
vn -0.02219 0 0.99975
vn 0.11265 0 0.99364
vn 0.24543 0 0.96941
vn 0.37375 0 0.92753
vn 0.49525 0 0.86875
vn 0.60774 0 0.79414
vn 0.70914 0 0.70507
vn 0.79764 0 0.60314
vn 0.87159 0 0.49024
vn 0.92967 0 0.36839
vn 0.97081 0 0.23984
vn 0.99427 0 0.1069
vn 0.99961 0 -0.02795
vn 0.98674 0 -0.16232
vn -0.9991 -1E-05 -0.04233
vn -0.9991 0 -0.04233
vn -0.63918 0 0.76906
vn -0.63918 -0 0.76906
vn -0.63918 -0 0.76906
vn -0.63918 0 0.76906
vn -0.71964 -0.00331 0.69434
vn -0.76303 0.01166 0.64626
vn -0.76803 0 0.64041
vn -0.83299 0 0.55329
vn -0.89162 0 0.45279
vn -0.93818 0 0.34615
vn -0.97204 0 0.23482
vn -0.99273 0 0.12033
vn -0.68837 0.01549 0.72519
vn -0.65461 0.06311 0.75332
vn -0.68284 0 0.73057
vn -0.99289 7E-05 0.11905
vn -0.97293 -6E-05 0.23108
vn -0.97204 0.00013 0.23482
vn -0.94038 -0.00013 0.34012
vn -0.93818 0.00019 0.34615
vn -0.89565 -0.00019 0.44475
vn -0.89162 0.00025 0.45279
vn -0.83933 -0.00024 0.54363
vn -0.77213 -0.00029 0.63547
vn -0.83299 0.0003 0.55329
vn -0.99805 0 0.06236
vn -0.99969 -0 -0.0249
vn -0.99995 0 0.01002
vn -0.99899 0 0.04493
vn -0.78889 0 -0.61454
vn -0.68192 -0 -0.73142
vn -0.55785 -0 -0.82994
vn -0.41977 -0 -0.90763
vn -0.27115 -0 -0.96254
vn -0.11573 -0 -0.99328
vn -0.72401 0 -0.68979
vn -0.83253 -0 -0.55398
vn -0.91589 -0 -0.40143
vn -0.97157 -0 -0.23675
vn -0.99789 -0 -0.06492
vn -0.99405 0 0.10888
vn -0.96018 0 0.27939
vn -0.89729 0 0.44145
vn -0.80728 0 0.59017
vn -0.66131 0 -0.75011
vn -0.75292 0 0.65811
vn -0.23909 0 0.971
vn -0.38908 0 0.9212
vn -0.52934 0 0.84841
vn -0.65639 0 0.75442
vn -0.76704 0 0.64159
vn -0.85854 0 0.51275
vn -0.12211 0 -0.99252
vn -0.28968 -0 -0.95712
vn -0.44874 -0 -0.89366
vn -0.59465 -0 -0.80398
vn -0.69342 0 0.72054
vn -0.55942 0 0.82889
vn -0.40881 0 0.91262
vn -0.24605 0 0.96926
vn -0.16162 0 0.98685
vn -0.03668 0 -0.99933
vn -0.99987 0 0.01609
vn -0.99912 0 0.04203
vn -0.99769 0 0.06794
vn -0.43575 0 0.90007
vn -0.5721 0 0.82018
vn -0.69417 0 0.71981
vn -0.7989 0 0.60147
vn -0.88368 0 0.4681
vn -0.94638 0 0.32304
vn -0.56477 0 -0.82525
vn -0.69916 -0 -0.71497
vn -0.81241 -0 -0.58309
vn -0.90112 -0 -0.43358
vn -0.96259 -0 -0.27097
vn -0.99497 -0 -0.10018
vn -0.99728 0 0.07365
vn -0.96946 0 0.24525
vn -0.91234 0 0.40944
vn -0.4909 0 -0.87121
vn -0.8733 0 0.48719
vn -0.64388 0 -0.76513
vn -0.51495 -0 -0.85722
vn -0.3731 -0 -0.92779
vn -0.22189 -0 -0.97507
vn -0.06511 -0 -0.99788
vn 0.09332 0 -0.99564
vn 0.08691 0 -0.99622
vn -0.08436 -0 -0.99644
vn -0.25314 -0 -0.96743
vn -0.4145 -0 -0.91005
vn -0.82807 0 0.56062
vn -0.71953 0 0.69446
vn -0.58962 0 0.80768
vn -0.44219 0 0.89692
vn -0.36327 0 0.93168
vn 0.1719 0 -0.98512
vn -0.91997 0 -0.39198
vn -0.92983 0 -0.36798
vn -0.93907 0 -0.34373
vn -0.98137 0 -0.19214
vn -0.98602 0 -0.16662
vn -0.99001 0 -0.14098
vn -0.47072 0 -0.88228
vn -0.32547 -0 -0.94555
vn -0.17206 -0 -0.98509
vn -0.01431 -0 -0.9999
vn 0.1438 0 -0.98961
vn 0.29828 0 -0.95448
vn -0.38085 0 -0.92464
vn -0.53523 -0 -0.84471
vn -0.67342 -0 -0.73926
vn -0.79128 -0 -0.61145
vn -0.88522 -0 -0.46518
vn -0.9524 -0 -0.30486
vn -0.9908 -0 -0.1353
vn -0.99927 0 0.03833
vn -0.97753 0 0.2108
vn -0.29904 0 -0.95424
vn -0.95551 0 0.29497
vn -0.61337 0 0.7898
vn -0.73013 0 0.68331
vn -0.82866 0 0.55976
vn -0.90649 0 0.42222
vn -0.96169 0 0.27414
vn -0.99287 0 0.11921
vn 0.29213 0 -0.95638
vn 0.12467 0 -0.9922
vn -0.04647 -0 -0.99892
vn -0.21623 -0 -0.97634
vn -0.92654 0 0.3762
vn -0.84819 0 0.52969
vn -0.74466 0 0.66744
vn -0.61901 0 0.78538
vn -0.54904 0 0.8358
vn 0.37296 0 -0.92785
vn -0.76417 0 0.64501
vn -0.85624 0 0.51658
vn -0.92693 0 0.37524
vn -0.97447 0 0.22452
vn -0.99767 0 0.06821
vn -0.99596 -0 -0.08982
vn -0.18029 0 -0.98361
vn -0.34791 -0 -0.93753
vn -0.50501 -0 -0.86311
vn -0.64686 -0 -0.76261
vn -0.76915 -0 -0.63907
vn -0.86821 -0 -0.4962
vn -0.94102 -0 -0.33835
vn -0.9854 -0 -0.17027
vn -1 0 0.00296
vn -0.09411 0 -0.99556
vn -0.99595 0 0.08986
vn -0.27701 0 -0.96087
vn -0.12176 -0 -0.99256
vn 0.03651 0 -0.99933
vn 0.1939 0 -0.98102
vn 0.3464 0 -0.93809
vn 0.49021 0 -0.8716
vn 0.48459 0 -0.87474
vn 0.32822 0 -0.9446
vn 0.16225 0 -0.98675
vn -0.00852 -0 -0.99996
vn -0.98451 0 0.17534
vn -0.93978 0 0.34177
vn -0.86716 0 0.49804
vn -0.76878 0 0.63952
vn -0.71081 0 0.70338
vn 0.55772 0 -0.83003
vn -0.681 0 -0.73228
vn -0.69977 0 -0.71437
vn -0.71807 0 -0.69597
vn -0.81837 0 -0.57469
vn -0.83301 0 -0.55326
vn -0.84708 0 -0.53146
vn -0.07118 0 -0.99746
vn 0.08725 0 -0.99619
vn 0.2435 0 -0.9699
vn 0.39362 0 -0.91927
vn 0.53387 0 -0.84557
vn 0.66073 0 -0.75063
vn 0.02816 0 -0.9996
vn -0.14538 -0 -0.98938
vn -0.31453 -0 -0.94925
vn -0.47417 -0 -0.88044
vn -0.61947 -0 -0.78502
vn -0.74607 -0 -0.66587
vn -0.85011 -0 -0.52661
vn -0.92846 -0 -0.37142
vn -0.97876 -0 -0.20502
vn 0.11493 0 -0.99337
vn -0.99287 0 -0.11917
vn -0.88158 0 0.47203
vn -0.94493 0 0.32727
vn -0.98469 0 0.17431
vn -0.99986 0 0.01702
vn -0.99005 -0 -0.14071
vn -0.95552 -0 -0.29492
vn 0.65588 0 -0.75486
vn 0.51744 0 -0.85572
vn 0.36385 0 -0.93146
vn 0.19959 0 -0.97988
vn -0.99945 0 -0.03317
vn -0.99031 0 0.1389
vn -0.95175 0 0.30686
vn -0.88494 0 0.46571
vn -0.84152 0 0.54022
vn 0.7181 0 -0.69594
vn -0.96045 0 0.27844
vn -0.99233 0 0.12365
vn -0.99941 -0 -0.03422
vn -0.98154 -0 -0.19124
vn -0.93916 -0 -0.34348
vn -0.87332 -0 -0.48715
vn 0.23538 0 -0.9719
vn 0.06352 0 -0.99798
vn -0.1103 -0 -0.9939
vn -0.28076 -0 -0.95978
vn -0.44272 -0 -0.89666
vn -0.59132 -0 -0.80643
vn -0.72204 -0 -0.69185
vn -0.83095 -0 -0.55634
vn -0.91474 -0 -0.40404
vn 0.31895 0 -0.94777
vn -0.9464 0 -0.323
vn 0.13775 0 -0.99047
vn 0.29246 0 -0.95628
vn 0.43984 0 -0.89808
vn 0.57615 0 -0.81734
vn 0.698 0 -0.71609
vn 0.80234 0 -0.59686
vn 0.79848 0 -0.60203
vn 0.68407 0 -0.72942
vn 0.54956 0 -0.83546
vn 0.39896 0 -0.91697
vn -0.97071 0 -0.24026
vn -0.99755 -0 -0.07002
vn -0.99476 0 0.10227
vn -0.96243 0 0.27154
vn -0.93545 0 0.35346
vn 0.8471 0 -0.53143
vn -0.32428 0 -0.94596
vn -0.34872 0 -0.93723
vn -0.37291 0 -0.92787
vn -0.51387 0 -0.85787
vn -0.53596 0 -0.84425
vn -0.55768 0 -0.83006
vn 0.34069 0 -0.94017
vn 0.48489 0 -0.87458
vn 0.61695 0 -0.78701
vn 0.73349 0 -0.6797
vn 0.83163 0 -0.55533
vn 0.90891 0 -0.417
vn 0.43229 0 -0.90173
vn 0.26961 0 -0.96297
vn 0.09878 0 -0.99511
vn -0.07507 -0 -0.99718
vn -0.24662 -0 -0.96911
vn -0.41075 -0 -0.91175
vn -0.56243 -0 -0.82685
vn -0.69712 -0 -0.71696
vn -0.81074 -0 -0.5854
vn 0.50904 0 -0.86074
vn -0.85857 0 -0.5127
vn -0.99736 0 0.07266
vn -0.99635 -0 -0.08536
vn -0.97046 -0 -0.24127
vn -0.92034 -0 -0.39112
vn -0.84721 -0 -0.53125
vn -0.75296 -0 -0.65807
vn 0.9062 0 -0.42284
vn 0.82077 0 -0.57127
vn 0.71124 0 -0.70295
vn 0.58089 0 -0.81398
vn -0.89954 0 -0.43683
vn -0.96118 -0 -0.27591
vn -0.99428 -0 -0.10678
vn -0.99785 0 0.06552
vn -0.9885 0 0.15124
vn 0.93908 0 -0.34369
vn -0.99067 0 -0.13629
vn -0.95683 -0 -0.29065
vn -0.89908 -0 -0.43777
vn -0.81891 -0 -0.57393
vn -0.71826 -0 -0.69578
vn -0.59967 -0 -0.80025
vn 0.61034 0 -0.79214
vn 0.46393 0 -0.88587
vn 0.30349 0 -0.95283
vn 0.13389 0 -0.991
vn -0.03974 -0 -0.99921
vn -0.21218 -0 -0.97723
vn -0.37822 -0 -0.92571
vn -0.53281 -0 -0.84623
vn -0.67132 -0 -0.74116
vn 0.67688 0 -0.7361
vn -0.7332 0 -0.68001
vn 0.52872 0 -0.8488
vn 0.65614 0 -0.75464
vn 0.7671 0 -0.64153
vn 0.85877 0 -0.51236
vn 0.92893 0 -0.37026
vn 0.97574 0 -0.21892
vn 0.97432 0 -0.22519
vn 0.92159 0 -0.38816
vn 0.84187 0 -0.53968
vn 0.73741 0 -0.67544
vn -0.78907 0 -0.6143
vn -0.88282 -0 -0.46971
vn -0.95035 -0 -0.31117
vn -0.98967 -0 -0.14338
vn -0.99834 0 -0.05758
vn 0.99002 0 -0.14094
vn 0.08851 0 -0.99608
vn 0.06264 0 -0.99804
vn 0.03672 0 -0.99933
vn -0.12052 0 -0.99271
vn -0.14623 0 -0.98925
vn -0.17185 0 -0.98512
vn 0.69363 0 -0.72033
vn 0.79871 0 -0.60172
vn 0.8837 0 -0.46806
vn 0.94654 0 -0.32258
vn 0.98561 0 -0.16905
vn 0.99994 0 -0.01129
vn 0.76169 0 -0.64795
vn 0.63797 0 -0.77006
vn 0.49498 0 -0.8689
vn 0.33702 0 -0.9415
vn 0.16885 0 -0.98564
vn -0.00436 -0 -0.99999
vn -0.1775 -0 -0.98412
vn -0.34522 -0 -0.93852
vn -0.50258 -0 -0.86453
vn 0.81513 0 -0.57928
vn -0.5758 0 -0.81759
vn -0.94068 0 -0.3393
vn -0.87549 -0 -0.48323
vn -0.78843 -0 -0.61512
vn -0.68168 -0 -0.73165
vn -0.5579 -0 -0.82991
vn -0.42021 -0 -0.90743
vn 0.99984 0 -0.01773
vn 0.98216 0 -0.18803
vn 0.93568 0 -0.35286
vn 0.86174 0 -0.50736
vn -0.64411 0 -0.76494
vn -0.76588 -0 -0.64299
vn -0.86488 -0 -0.50197
vn -0.93823 -0 -0.34601
vn -0.96455 0 -0.26389
vn 0.99769 0 0.06798
vn -0.84958 0 -0.52746
vn -0.75589 -0 -0.6547
vn -0.64331 -0 -0.76561
vn -0.51467 -0 -0.85739
vn -0.37315 -0 -0.92777
vn -0.22235 -0 -0.97497
vn 0.87976 0 -0.47542
vn 0.78412 0 -0.62061
vn 0.66481 0 -0.74701
vn 0.52541 0 -0.85085
vn 0.37011 0 -0.92899
vn 0.20362 0 -0.97905
vn 0.03099 0 -0.99952
vn -0.14257 -0 -0.98978
vn -0.31182 -0 -0.95014
vn 0.91775 0 -0.39715
vn -0.39323 0 -0.91944
vn 0.82824 0 -0.56037
vn 0.90635 0 -0.42253
vn 0.9617 0 -0.27409
vn 0.99293 0 -0.11873
vn 0.99922 0 0.03955
vn 0.98043 0 0.19689
vn 0.98168 -0 0.19054
vn 0.99979 0 0.02029
vn 0.98859 0 -0.15063
vn 0.94839 0 -0.3171
vn -0.47099 0 -0.88214
vn -0.61545 -0 -0.78818
vn -0.74162 -0 -0.67082
vn -0.84579 -0 -0.53352
vn -0.88861 0 -0.45867
vn 0.96175 0 0.27393
vn 0.486 0 -0.87396
vn 0.46316 0 -0.88628
vn 0.44001 0 -0.89799
vn 0.29367 0 -0.95591
vn 0.26877 0 -0.9632
vn 0.24369 0 -0.96985
vn 0.92666 0 -0.37591
vn 0.97439 0 -0.22485
vn 0.99768 0 -0.06814
vn 0.99592 0 0.09026
vn 0.96915 0 0.24646
vn 0.91808 0 0.39641
vn 0.95938 0 -0.28213
vn 0.89603 0 -0.444
vn 0.8056 0 -0.59246
vn 0.69081 0 -0.72304
vn 0.55518 0 -0.83173
vn 0.40274 0 -0.91532
vn 0.23813 0 -0.97123
vn 0.06634 0 -0.9978
vn -0.10746 -0 -0.99421
vn 0.98027 0 -0.19766
vn -0.19348 0 -0.9811
vn -0.72137 0 -0.69255
vn -0.60325 -0 -0.79755
vn -0.47007 -0 -0.88263
vn -0.32515 -0 -0.94566
vn -0.17212 -0 -0.98508
vn -0.01479 -0 -0.99989
vn 0.9206 -0 0.39051
vn 0.97373 0 0.22769
vn 0.99831 0 0.05819
vn 0.9936 0 -0.11298
vn -0.27729 0 -0.96079
vn -0.43814 -0 -0.89891
vn -0.58594 -0 -0.81035
vn -0.71637 -0 -0.69772
vn -0.77383 0 -0.6334
vn 0.88378 0 0.4679
vn -0.56161 0 -0.8274
vn -0.42423 -0 -0.90555
vn -0.2763 -0 -0.96107
vn -0.12143 -0 -0.9926
vn 0.03645 0 -0.99934
vn 0.19344 0 -0.98111
vn 0.99707 0 -0.07647
vn 0.96876 0 -0.248
vn 0.91117 0 -0.41202
vn 0.82604 0 -0.56361
vn 0.71597 0 -0.69813
vn 0.58424 0 -0.81158
vn 0.43485 0 -0.9005
vn 0.27235 0 -0.9622
vn 0.10158 0 -0.99483
vn 0.99995 0 0.01047
vn 0.01473 0 -0.99989
vn 0.98456 0 -0.17504
vn 0.99985 0 -0.01737
vn 0.99004 0 0.14079
vn 0.95538 0 0.29537
vn 0.89673 0 0.44257
vn 0.8156 0 0.57862
vn 0.81929 -0 0.57338
vn 0.90512 0 0.42516
vn 0.96438 0 0.26451
vn 0.99538 0 0.09606
vn -0.07147 0 -0.99744
vn -0.24165 -0 -0.97036
vn -0.40467 -0 -0.91446
vn -0.55566 -0 -0.83141
vn -0.62523 0 -0.78044
vn 0.76719 0 0.64142
vn 0.65708 0 -0.75382
vn 0.63731 0 -0.77061
vn 0.6171 0 -0.78689
vn -0.79945 0 0.60073
vn -0.7836 0 0.62127
vn -0.76722 0 0.64139
vn -0.99944 0 -0.03348
vn -0.98161 -0 -0.1909
vn -0.93914 -0 -0.34355
vn -0.87309 -0 -0.48755
vn -0.78513 -0 -0.61934
vn -0.67746 -0 -0.73556
vn -0.99118 0 -0.13249
vn -0.99915 0 0.04117
vn -0.97693 0 0.21358
vn -0.92518 0 0.37954
vn -0.84547 0 0.53403
vn -0.74021 0 0.67238
vn -0.61258 0 0.79041
vn -0.46644 0 0.88455
vn -0.30621 0 0.95197
vn -0.97592 0 -0.21814
vn -0.2223 0 0.97498
vn 0.37731 -0 0.92609
vn 0.2267 0 0.97396
vn 0.07043 0 0.99752
vn -0.08759 0 0.99616
vn -0.24343 0 0.96992
vn -0.39319 0 0.91946
vn -0.68218 0 -0.73118
vn -0.79694 -0 -0.60406
vn -0.88832 -0 -0.45922
vn -0.95365 -0 -0.3009
vn -0.13747 0 0.99051
vn 0.03463 0 0.9994
vn 0.2057 0 0.97862
vn 0.37065 0 0.92877
vn 0.4493 0 0.89338
vn -0.61706 0 -0.78691
vn 0.17652 -0 0.9843
vn 0.01925 0 0.99981
vn -0.1385 0 0.99036
vn -0.29279 0 0.95618
vn -0.43977 0 0.89811
vn -0.57576 0 0.81762
vn -0.94198 0 -0.33568
vn -0.98588 -0 -0.16747
vn -0.99998 0 0.0058
vn -0.98387 0 0.17889
vn -0.93802 0 0.34657
vn -0.86383 0 0.50379
vn -0.76353 0 0.64577
vn -0.64016 0 0.76824
vn -0.49744 0 0.8675
vn -0.90924 0 -0.41628
vn -0.42015 0 0.90745
vn -0.97064 0 -0.24054
vn -0.92047 -0 -0.39082
vn -0.84719 -0 -0.5313
vn -0.75265 -0 -0.65843
vn -0.63921 -0 -0.76904
vn -0.50973 -0 -0.86034
vn -0.51525 0 -0.85704
vn -0.65393 -0 -0.75655
vn -0.77343 -0 -0.63388
vn -0.87025 -0 -0.49261
vn -0.3404 0 0.94028
vn -0.17392 0 0.98476
vn -0.00227 0 1
vn 0.16945 0 0.98554
vn 0.25374 0 0.96727
vn -0.43997 0 -0.89801
vn -0.97467 0 0.22363
vn -0.96855 0 0.24884
vn -0.96176 0 0.27388
vn -0.90688 0 0.42139
vn -0.89564 0 0.44477
vn -0.8838 0 0.46786
vn -0.89942 0 -0.43709
vn -0.81909 -0 -0.57366
vn -0.71821 -0 -0.69582
vn -0.5993 -0 -0.80052
vn -0.46535 -0 -0.88513
vn -0.31971 -0 -0.94751
vn -0.8516 0 -0.52419
vn -0.92951 -0 -0.36878
vn -0.97934 -0 -0.20224
vn -0.99956 -0 -0.02958
vn -0.98958 0 0.14398
vn -0.9497 0 0.31318
vn -0.88111 0 0.47291
vn -0.78589 0 0.61836
vn -0.66693 0 0.74512
vn -0.80282 0 -0.59622
vn -0.59964 0 0.80027
vn -0.03199 0 0.99949
vn -0.18904 0 0.98197
vn -0.34138 0 0.93992
vn -0.48519 0 0.87441
vn -0.61689 0 0.78705
vn -0.73317 0 0.68004
vn -0.3258 0 -0.94544
vn -0.48235 -0 -0.87598
vn -0.62474 -0 -0.78083
vn -0.74882 -0 -0.66278
vn -0.52846 0 0.84896
vn -0.37486 0 0.92708
vn -0.21013 0 0.97767
vn -0.03916 0 0.99923
vn 0.04709 0 0.99889
vn -0.24365 0 -0.96986
vn 0.98239 0 -0.18684
vn 0.99446 0 -0.10508
vn 0.99974 0 -0.02259
vn 0.9982 0 0.06004
vn 0.98983 0 0.14226
vn 0.9747 0 0.22352
vn 0.95291 0 0.30325
vn 0.92462 0 0.3809
vn 0.89 0 0.45595
vn 0.84931 0 0.52789
vn 0.80282 0 0.59622
vn 0.75084 0 0.66048
vn 0.69373 0 0.72024
vn 0.63189 0 0.77506
vn 0.56573 0 0.82459
vn 0.4957 0 0.86849
vn 0.42228 0 0.90646
vn 0.34599 0 0.93824
vn 0.26733 0 0.96361
vn 0.18684 0 0.98239
vn 0.10508 0 0.99446
vn 0.0226 0 0.99974
vn -0.06004 0 0.9982
vn -0.14227 0 0.98983
vn -0.22352 0 0.9747
vn -0.30324 0 0.95291
vn -0.3809 0 0.92462
vn -0.45596 0 0.89
vn -0.52789 0 0.84931
vn -0.59623 0 0.80282
vn -0.66049 0 0.75084
vn -0.72023 0 0.69373
vn -0.77506 0 0.63189
vn -0.82459 0 0.56572
vn -0.8685 0 0.49569
vn -0.90646 0 0.42229
vn -0.93824 0 0.34599
vn -0.96361 0 0.26732
vn -0.98239 0 0.18684
vn -0.99446 0 0.10508
vn -0.99974 0 0.0226
vn -0.9982 -0 -0.06004
vn -0.98983 -0 -0.14226
vn -0.9747 -0 -0.22352
vn -0.95291 -0 -0.30325
vn -0.92462 -0 -0.38089
vn -0.89 -0 -0.45596
vn -0.84931 -0 -0.52789
vn -0.80282 -0 -0.59622
vn -0.75084 -0 -0.66049
vn -0.69373 -0 -0.72023
vn -0.63189 -0 -0.77506
vn -0.56572 -0 -0.82459
vn -0.4957 -0 -0.8685
vn -0.42229 -0 -0.90646
vn -0.34599 -0 -0.93824
vn -0.26733 -0 -0.96361
vn -0.18684 -0 -0.98239
vn -0.10508 -0 -0.99446
vn -0.0226 -0 -0.99974
vn 0.06004 0 -0.9982
vn 0.14227 0 -0.98983
vn 0.22352 0 -0.9747
vn 0.30324 0 -0.95291
vn 0.3809 0 -0.92462
vn 0.45595 0 -0.89
vn 0.52789 0 -0.84931
vn 0.59623 0 -0.80282
vn 0.66048 0 -0.75084
vn 0.72023 0 -0.69373
vn 0.77506 0 -0.63189
vn 0.82459 0 -0.56572
vn 0.86849 0 -0.4957
vn 0.90646 0 -0.42229
vn 0.93824 0 -0.34599
vn 0.96361 0 -0.26732
usemtl mat2
f 1//1 3//1 4//1
f 5//2 1//2 4//2
f 5//2 4//2 6//2
f 7//3 5//3 6//3
f 7//3 6//3 8//3
f 2//4 7//4 8//4
f 2//4 8//4 3//4
f 4//5 3//5 6//5
f 6//5 3//5 8//5
f 9//5 10//5 11//5
f 11//5 10//5 12//5
f 11//5 12//5 13//5
f 14//5 15//5 9//5
f 9//5 15//5 16//5
f 9//5 16//5 17//5
f 15//5 14//5 13//5
f 15//5 13//5 18//5
f 18//5 13//5 19//5
f 18//5 19//5 20//5
f 13//5 14//5 11//5
f 18//5 21//5 22//5
f 18//5 22//5 15//5
f 17//5 10//5 9//5
f 9//6 11//6 23//6
f 9//6 23//6 24//6
f 14//7 9//7 24//7
f 14//7 24//7 25//7
f 11//8 14//8 25//8
f 11//8 25//8 23//8
f 18//9 20//9 26//9
f 18//9 26//9 27//9
f 21//10 18//10 27//10
f 21//10 27//10 28//10
f 22//9 21//9 28//9
f 22//9 28//9 29//9
f 15//8 22//8 29//8
f 15//8 29//8 30//8
f 16//9 15//9 30//9
f 16//9 30//9 31//9
f 17//8 16//8 31//8
f 17//8 31//8 32//8
f 10//11 17//11 32//11
f 10//11 32//11 33//11
f 12//7 10//7 33//7
f 12//7 33//7 34//7
f 13//10 12//10 34//10
f 13//10 34//10 35//10
f 19//7 13//7 35//7
f 19//7 35//7 36//7
f 20//10 19//10 36//10
f 20//10 36//10 26//10
f 5//5 7//5 37//5
f 5//5 37//5 38//5
f 7//5 2//5 39//5
f 7//5 39//5 40//5
f 2//5 1//5 41//5
f 2//5 41//5 39//5
f 1//5 5//5 42//5
f 1//5 42//5 43//5
f 44//5 45//5 46//5
f 44//5 46//5 47//5
f 45//5 48//5 49//5
f 45//5 49//5 50//5
f 48//5 51//5 52//5
f 48//5 52//5 49//5
f 49//5 52//5 53//5
f 49//5 53//5 54//5
f 54//5 53//5 55//5
f 54//5 55//5 56//5
f 56//5 55//5 57//5
f 56//5 57//5 58//5
f 58//5 57//5 59//5
f 58//5 59//5 60//5
f 60//5 59//5 61//5
f 60//5 61//5 62//5
f 62//5 61//5 63//5
f 62//5 63//5 64//5
f 64//5 63//5 65//5
f 64//5 65//5 66//5
f 66//5 65//5 67//5
f 66//5 67//5 68//5
f 51//5 69//5 70//5
f 51//5 70//5 52//5
f 69//5 71//5 72//5
f 69//5 72//5 73//5
f 71//5 74//5 75//5
f 71//5 75//5 72//5
f 72//5 75//5 76//5
f 72//5 76//5 77//5
f 77//5 76//5 78//5
f 77//5 78//5 79//5
f 79//5 78//5 80//5
f 79//5 80//5 81//5
f 81//5 80//5 82//5
f 81//5 82//5 83//5
f 83//5 82//5 84//5
f 83//5 84//5 85//5
f 85//5 84//5 86//5
f 85//5 86//5 87//5
f 87//5 86//5 88//5
f 87//5 88//5 89//5
f 89//5 88//5 90//5
f 89//5 90//5 91//5
f 74//5 92//5 93//5
f 74//5 93//5 94//5
f 92//5 95//5 96//5
f 92//5 96//5 93//5
f 93//5 96//5 97//5
f 93//5 97//5 98//5
f 98//5 97//5 99//5
f 98//5 99//5 100//5
f 100//5 99//5 101//5
f 100//5 101//5 102//5
f 102//5 101//5 103//5
f 102//5 103//5 104//5
f 104//5 103//5 105//5
f 104//5 105//5 106//5
f 106//5 105//5 107//5
f 106//5 107//5 108//5
f 108//5 107//5 109//5
f 108//5 109//5 110//5
f 110//5 109//5 111//5
f 110//5 111//5 112//5
f 112//5 111//5 113//5
f 95//5 114//5 115//5
f 95//5 115//5 96//5
f 114//5 116//5 117//5
f 114//5 117//5 118//5
f 116//5 119//5 120//5
f 116//5 120//5 117//5
f 117//5 120//5 121//5
f 117//5 121//5 122//5
f 122//5 121//5 123//5
f 122//5 123//5 124//5
f 124//5 123//5 125//5
f 124//5 125//5 126//5
f 126//5 125//5 127//5
f 126//5 127//5 128//5
f 128//5 127//5 129//5
f 128//5 129//5 130//5
f 130//5 129//5 131//5
f 130//5 131//5 132//5
f 132//5 131//5 133//5
f 132//5 133//5 134//5
f 134//5 133//5 135//5
f 134//5 135//5 136//5
f 136//5 135//5 137//5
f 119//5 138//5 139//5
f 119//5 139//5 140//5
f 138//5 141//5 142//5
f 138//5 142//5 139//5
f 139//5 142//5 143//5
f 139//5 143//5 144//5
f 144//5 143//5 145//5
f 144//5 145//5 146//5
f 146//5 145//5 147//5
f 146//5 147//5 148//5
f 148//5 147//5 149//5
f 148//5 149//5 150//5
f 150//5 149//5 151//5
f 150//5 151//5 152//5
f 152//5 151//5 153//5
f 152//5 153//5 154//5
f 154//5 153//5 155//5
f 154//5 155//5 156//5
f 156//5 155//5 157//5
f 156//5 157//5 158//5
f 158//5 157//5 159//5
f 141//5 160//5 161//5
f 141//5 161//5 142//5
f 160//5 162//5 163//5
f 160//5 163//5 164//5
f 162//5 165//5 166//5
f 162//5 166//5 163//5
f 163//5 166//5 167//5
f 163//5 167//5 168//5
f 168//5 167//5 169//5
f 168//5 169//5 170//5
f 170//5 169//5 171//5
f 170//5 171//5 172//5
f 172//5 171//5 173//5
f 172//5 173//5 174//5
f 174//5 173//5 175//5
f 174//5 175//5 176//5
f 176//5 175//5 177//5
f 176//5 177//5 178//5
f 178//5 177//5 179//5
f 178//5 179//5 180//5
f 180//5 179//5 181//5
f 180//5 181//5 182//5
f 182//5 181//5 183//5
f 165//5 184//5 185//5
f 165//5 185//5 166//5
f 184//5 186//5 187//5
f 184//5 187//5 188//5
f 188//5 187//5 189//5
f 188//5 189//5 190//5
f 190//5 189//5 191//5
f 190//5 191//5 192//5
f 192//5 191//5 193//5
f 192//5 193//5 194//5
f 194//5 193//5 195//5
f 194//5 195//5 196//5
f 196//5 195//5 197//5
f 196//5 197//5 198//5
f 198//5 197//5 199//5
f 198//5 199//5 200//5
f 200//5 199//5 201//5
f 200//5 201//5 202//5
f 202//5 201//5 203//5
f 202//5 203//5 204//5
f 204//5 203//5 205//5
f 186//5 206//5 207//5
f 186//5 207//5 187//5
f 206//5 208//5 209//5
f 206//5 209//5 210//5
f 208//5 211//5 212//5
f 208//5 212//5 209//5
f 209//5 212//5 213//5
f 209//5 213//5 214//5
f 214//5 213//5 215//5
f 214//5 215//5 216//5
f 216//5 215//5 217//5
f 216//5 217//5 218//5
f 218//5 217//5 219//5
f 218//5 219//5 220//5
f 220//5 219//5 221//5
f 220//5 221//5 222//5
f 222//5 221//5 223//5
f 222//5 223//5 224//5
f 224//5 223//5 225//5
f 224//5 225//5 226//5
f 226//5 225//5 227//5
f 226//5 227//5 228//5
f 228//5 227//5 229//5
f 211//5 230//5 231//5
f 211//5 231//5 232//5
f 230//5 233//5 234//5
f 230//5 234//5 231//5
f 231//5 234//5 235//5
f 231//5 235//5 236//5
f 236//5 235//5 237//5
f 236//5 237//5 238//5
f 238//5 237//5 239//5
f 238//5 239//5 240//5
f 240//5 239//5 241//5
f 240//5 241//5 242//5
f 242//5 241//5 243//5
f 242//5 243//5 244//5
f 244//5 243//5 245//5
f 244//5 245//5 246//5
f 246//5 245//5 247//5
f 246//5 247//5 248//5
f 248//5 247//5 249//5
f 248//5 249//5 250//5
f 250//5 249//5 251//5
f 233//5 252//5 253//5
f 233//5 253//5 234//5
f 252//5 254//5 255//5
f 252//5 255//5 256//5
f 254//5 257//5 258//5
f 254//5 258//5 255//5
f 255//5 258//5 259//5
f 255//5 259//5 260//5
f 260//5 259//5 261//5
f 260//5 261//5 262//5
f 262//5 261//5 263//5
f 262//5 263//5 264//5
f 264//5 263//5 265//5
f 264//5 265//5 266//5
f 266//5 265//5 267//5
f 266//5 267//5 268//5
f 268//5 267//5 269//5
f 268//5 269//5 270//5
f 270//5 269//5 271//5
f 270//5 271//5 272//5
f 272//5 271//5 273//5
f 272//5 273//5 274//5
f 274//5 273//5 275//5
f 257//5 276//5 277//5
f 257//5 277//5 258//5
f 276//5 278//5 279//5
f 276//5 279//5 280//5
f 280//5 279//5 281//5
f 280//5 281//5 282//5
f 282//5 281//5 283//5
f 282//5 283//5 284//5
f 284//5 283//5 285//5
f 284//5 285//5 286//5
f 286//5 285//5 287//5
f 286//5 287//5 288//5
f 288//5 287//5 289//5
f 288//5 289//5 290//5
f 290//5 289//5 291//5
f 290//5 291//5 292//5
f 292//5 291//5 293//5
f 292//5 293//5 294//5
f 294//5 293//5 295//5
f 294//5 295//5 296//5
f 278//5 297//5 298//5
f 278//5 298//5 279//5
f 297//5 299//5 300//5
f 297//5 300//5 301//5
f 299//5 302//5 303//5
f 299//5 303//5 300//5
f 300//5 303//5 304//5
f 300//5 304//5 305//5
f 305//5 304//5 306//5
f 305//5 306//5 307//5
f 307//5 306//5 308//5
f 307//5 308//5 309//5
f 309//5 308//5 310//5
f 309//5 310//5 311//5
f 311//5 310//5 312//5
f 311//5 312//5 313//5
f 313//5 312//5 314//5
f 313//5 314//5 315//5
f 315//5 314//5 316//5
f 315//5 316//5 317//5
f 317//5 316//5 318//5
f 317//5 318//5 319//5
f 302//5 320//5 321//5
f 302//5 321//5 303//5
f 320//5 322//5 323//5
f 320//5 323//5 324//5
f 322//5 325//5 26//5
f 322//5 26//5 326//5
f 322//5 326//5 327//5
f 325//5 328//5 26//5
f 26//5 328//5 329//5
f 26//5 329//5 28//5
f 28//5 329//5 330//5
f 330//5 331//5 28//5
f 28//5 331//5 332//5
f 28//5 332//5 333//5
f 28//5 333//5 29//5
f 29//5 333//5 334//5
f 334//5 335//5 29//5
f 29//5 335//5 336//5
f 29//5 336//5 31//5
f 31//5 336//5 337//5
f 337//5 338//5 31//5
f 31//5 338//5 339//5
f 31//5 339//5 340//5
f 340//5 341//5 342//5
f 340//5 342//5 343//5
f 340//5 343//5 31//5
f 31//5 343//5 344//5
f 341//5 345//5 1//5
f 341//5 1//5 342//5
f 342//5 1//5 346//5
f 342//5 346//5 347//5
f 347//5 346//5 348//5
f 345//5 349//5 1//5
f 1//5 349//5 350//5
f 1//5 350//5 351//5
f 351//5 352//5 1//5
f 1//5 352//5 353//5
f 1//5 353//5 354//5
f 354//5 355//5 1//5
f 1//5 355//5 356//5
f 1//5 356//5 41//5
f 40//5 357//5 7//5
f 7//5 357//5 358//5
f 7//5 358//5 359//5
f 359//5 360//5 7//5
f 7//5 360//5 361//5
f 7//5 361//5 362//5
f 362//5 363//5 7//5
f 7//5 363//5 364//5
f 7//5 364//5 365//5
f 365//5 366//5 367//5
f 365//5 367//5 368//5
f 365//5 368//5 7//5
f 7//5 368//5 369//5
f 366//5 370//5 371//5
f 366//5 371//5 367//5
f 367//5 371//5 372//5
f 367//5 372//5 373//5
f 373//5 372//5 374//5
f 373//5 374//5 375//5
f 375//5 374//5 376//5
f 375//5 376//5 377//5
f 377//5 376//5 378//5
f 377//5 378//5 379//5
f 379//5 378//5 380//5
f 379//5 380//5 381//5
f 381//5 380//5 382//5
f 381//5 382//5 383//5
f 383//5 382//5 384//5
f 383//5 384//5 385//5
f 385//5 384//5 386//5
f 385//5 386//5 387//5
f 370//5 388//5 389//5
f 370//5 389//5 371//5
f 388//5 390//5 391//5
f 388//5 391//5 392//5
f 390//5 393//5 394//5
f 390//5 394//5 391//5
f 391//5 394//5 395//5
f 391//5 395//5 396//5
f 396//5 395//5 397//5
f 396//5 397//5 398//5
f 398//5 397//5 399//5
f 398//5 399//5 400//5
f 400//5 399//5 401//5
f 400//5 401//5 402//5
f 402//5 401//5 403//5
f 402//5 403//5 404//5
f 404//5 403//5 405//5
f 404//5 405//5 406//5
f 406//5 405//5 407//5
f 406//5 407//5 408//5
f 408//5 407//5 409//5
f 408//5 409//5 410//5
f 393//5 411//5 412//5
f 393//5 412//5 394//5
f 411//5 44//5 47//5
f 411//5 47//5 413//5
f 413//5 47//5 414//5
f 413//5 414//5 415//5
f 415//5 414//5 416//5
f 415//5 416//5 417//5
f 417//5 416//5 418//5
f 417//5 418//5 419//5
f 419//5 418//5 420//5
f 419//5 420//5 421//5
f 421//5 420//5 422//5
f 421//5 422//5 423//5
f 423//5 422//5 424//5
f 423//5 424//5 425//5
f 425//5 424//5 426//5
f 425//5 426//5 427//5
f 427//5 426//5 428//5
f 427//5 428//5 429//5
f 430//5 431//5 34//5
f 430//5 34//5 33//5
f 431//5 432//5 34//5
f 34//5 432//5 433//5
f 34//5 433//5 36//5
f 34//5 36//5 35//5
f 433//5 434//5 36//5
f 36//5 434//5 435//5
f 36//5 435//5 436//5
f 36//5 436//5 437//5
f 435//5 438//5 439//5
f 435//5 439//5 436//5
f 438//5 440//5 441//5
f 438//5 441//5 439//5
f 440//5 442//5 443//5
f 440//5 443//5 441//5
f 442//5 444//5 445//5
f 442//5 445//5 443//5
f 444//5 446//5 447//5
f 444//5 447//5 445//5
f 448//5 449//5 446//5
f 446//5 449//5 450//5
f 446//5 450//5 451//5
f 446//5 451//5 447//5
f 447//5 451//5 452//5
f 447//5 452//5 453//5
f 453//5 452//5 454//5
f 453//5 454//5 455//5
f 455//5 454//5 456//5
f 456//5 457//5 455//5
f 455//5 457//5 458//5
f 455//5 458//5 459//5
f 459//5 460//5 455//5
f 455//5 460//5 461//5
f 455//5 461//5 462//5
f 453//5 463//5 447//5
f 447//5 463//5 464//5
f 447//5 464//5 465//5
f 437//5 466//5 26//5
f 437//5 26//5 36//5
f 466//5 467//5 26//5
f 26//5 467//5 468//5
f 26//5 468//5 469//5
f 469//5 470//5 471//5
f 469//5 471//5 472//5
f 470//5 473//5 474//5
f 470//5 474//5 471//5
f 473//5 475//5 476//5
f 473//5 476//5 474//5
f 475//5 477//5 478//5
f 475//5 478//5 476//5
f 477//5 479//5 480//5
f 477//5 480//5 478//5
f 479//5 481//5 482//5
f 479//5 482//5 480//5
f 481//5 483//5 484//5
f 481//5 484//5 482//5
f 485//5 486//5 483//5
f 483//5 486//5 487//5
f 483//5 487//5 488//5
f 483//5 488//5 484//5
f 484//5 488//5 489//5
f 484//5 489//5 490//5
f 490//5 489//5 491//5
f 490//5 491//5 492//5
f 492//5 491//5 493//5
f 493//5 494//5 492//5
f 492//5 494//5 495//5
f 492//5 495//5 496//5
f 496//5 497//5 492//5
f 492//5 497//5 498//5
f 492//5 498//5 499//5
f 490//5 500//5 484//5
f 484//5 500//5 501//5
f 484//5 501//5 502//5
f 469//5 472//5 26//5
f 26//5 472//5 503//5
f 26//5 503//5 326//5
f 327//5 504//5 505//5
f 327//5 505//5 323//5
f 327//5 323//5 322//5
f 504//5 506//5 507//5
f 504//5 507//5 505//5
f 506//5 508//5 509//5
f 506//5 509//5 507//5
f 508//5 510//5 511//5
f 508//5 511//5 509//5
f 510//5 512//5 513//5
f 510//5 513//5 511//5
f 512//5 514//5 515//5
f 512//5 515//5 513//5
f 514//5 516//5 517//5
f 514//5 517//5 515//5
f 518//5 519//5 516//5
f 516//5 519//5 520//5
f 516//5 520//5 521//5
f 516//5 521//5 517//5
f 517//5 521//5 522//5
f 517//5 522//5 523//5
f 523//5 522//5 524//5
f 523//5 524//5 525//5
f 525//5 524//5 526//5
f 526//5 527//5 525//5
f 525//5 527//5 528//5
f 525//5 528//5 529//5
f 529//5 530//5 525//5
f 525//5 530//5 531//5
f 525//5 531//5 532//5
f 523//5 533//5 517//5
f 517//5 533//5 534//5
f 534//5 533//5 535//5
f 324//5 321//5 320//5
f 536//5 537//5 316//5
f 316//5 537//5 318//5
f 319//5 538//5 539//5
f 319//5 539//5 540//5
f 319//5 540//5 317//5
f 538//5 541//5 542//5
f 538//5 542//5 539//5
f 541//5 543//5 542//5
f 542//5 543//5 544//5
f 542//5 544//5 545//5
f 545//5 546//5 542//5
f 542//5 546//5 547//5
f 542//5 547//5 548//5
f 548//5 549//5 542//5
f 550//5 551//5 539//5
f 539//5 551//5 540//5
f 301//5 298//5 297//5
f 552//5 553//5 293//5
f 293//5 553//5 295//5
f 296//5 554//5 555//5
f 296//5 555//5 556//5
f 296//5 556//5 294//5
f 554//5 557//5 558//5
f 554//5 558//5 555//5
f 557//5 559//5 558//5
f 558//5 559//5 560//5
f 558//5 560//5 561//5
f 561//5 562//5 558//5
f 558//5 562//5 563//5
f 558//5 563//5 564//5
f 564//5 565//5 558//5
f 566//5 567//5 555//5
f 555//5 567//5 556//5
f 280//5 568//5 276//5
f 276//5 568//5 277//5
f 275//5 569//5 274//5
f 272//5 274//5 570//5
f 272//5 570//5 571//5
f 571//5 570//5 572//5
f 572//5 570//5 573//5
f 574//5 575//5 576//5
f 574//5 576//5 570//5
f 575//5 577//5 576//5
f 576//5 577//5 578//5
f 576//5 578//5 579//5
f 579//5 580//5 576//5
f 576//5 580//5 581//5
f 576//5 581//5 582//5
f 582//5 583//5 576//5
f 256//5 253//5 252//5
f 251//5 584//5 250//5
f 248//5 250//5 585//5
f 248//5 585//5 586//5
f 586//5 585//5 587//5
f 587//5 585//5 588//5
f 589//5 590//5 591//5
f 589//5 591//5 585//5
f 590//5 592//5 591//5
f 591//5 592//5 593//5
f 591//5 593//5 594//5
f 591//5 594//5 595//5
f 595//5 594//5 596//5
f 595//5 596//5 597//5
f 597//5 596//5 598//5
f 232//5 599//5 211//5
f 211//5 599//5 212//5
f 229//5 600//5 228//5
f 226//5 228//5 601//5
f 226//5 601//5 602//5
f 602//5 601//5 603//5
f 603//5 601//5 604//5
f 605//5 606//5 607//5
f 605//5 607//5 601//5
f 606//5 608//5 609//5
f 606//5 609//5 607//5
f 608//5 610//5 609//5
f 609//5 610//5 611//5
f 611//5 610//5 612//5
f 611//5 612//5 613//5
f 613//5 612//5 614//5
f 210//5 207//5 206//5
f 205//5 615//5 204//5
f 204//5 616//5 617//5
f 204//5 617//5 618//5
f 616//5 619//5 620//5
f 616//5 620//5 621//5
f 620//5 619//5 622//5
f 622//5 619//5 623//5
f 622//5 623//5 624//5
f 624//5 623//5 625//5
f 624//5 625//5 626//5
f 621//5 617//5 616//5
f 627//5 628//5 618//5
f 618//5 628//5 629//5
f 618//5 629//5 202//5
f 618//5 202//5 204//5
f 188//5 630//5 184//5
f 184//5 630//5 185//5
f 183//5 631//5 182//5
f 182//5 632//5 633//5
f 182//5 633//5 634//5
f 635//5 636//5 632//5
f 632//5 636//5 637//5
f 632//5 637//5 638//5
f 636//5 635//5 639//5
f 639//5 635//5 640//5
f 639//5 640//5 641//5
f 638//5 642//5 632//5
f 632//5 642//5 633//5
f 643//5 644//5 634//5
f 634//5 644//5 645//5
f 634//5 645//5 180//5
f 634//5 180//5 182//5
f 164//5 161//5 160//5
f 159//5 646//5 158//5
f 158//5 647//5 648//5
f 158//5 648//5 649//5
f 650//5 651//5 647//5
f 647//5 651//5 652//5
f 647//5 652//5 653//5
f 650//5 654//5 651//5
f 653//5 655//5 647//5
f 647//5 655//5 656//5
f 647//5 656//5 648//5
f 649//5 657//5 158//5
f 158//5 657//5 658//5
f 158//5 658//5 156//5
f 659//5 660//5 657//5
f 657//5 660//5 658//5
f 140//5 661//5 119//5
f 119//5 661//5 120//5
f 137//5 662//5 136//5
f 136//5 663//5 664//5
f 136//5 664//5 665//5
f 666//5 667//5 663//5
f 663//5 667//5 668//5
f 663//5 668//5 669//5
f 669//5 670//5 663//5
f 663//5 670//5 671//5
f 663//5 671//5 672//5
f 672//5 664//5 663//5
f 665//5 673//5 136//5
f 136//5 673//5 674//5
f 136//5 674//5 134//5
f 134//5 674//5 675//5
f 675//5 676//5 134//5
f 118//5 115//5 114//5
f 113//5 677//5 112//5
f 112//5 678//5 679//5
f 112//5 679//5 680//5
f 681//5 682//5 678//5
f 678//5 682//5 683//5
f 678//5 683//5 684//5
f 684//5 685//5 678//5
f 678//5 685//5 686//5
f 678//5 686//5 687//5
f 687//5 679//5 678//5
f 680//5 688//5 112//5
f 112//5 688//5 689//5
f 112//5 689//5 110//5
f 110//5 689//5 690//5
f 690//5 691//5 110//5
f 94//5 692//5 74//5
f 74//5 692//5 75//5
f 88//5 693//5 90//5
f 90//5 693//5 694//5
f 91//5 695//5 696//5
f 91//5 696//5 697//5
f 698//5 699//5 695//5
f 695//5 699//5 700//5
f 695//5 700//5 701//5
f 701//5 702//5 695//5
f 695//5 702//5 703//5
f 695//5 703//5 704//5
f 704//5 696//5 695//5
f 697//5 705//5 91//5
f 91//5 705//5 706//5
f 91//5 706//5 89//5
f 89//5 706//5 707//5
f 707//5 708//5 89//5
f 73//5 70//5 69//5
f 709//5 710//5 65//5
f 65//5 710//5 67//5
f 68//5 711//5 712//5
f 68//5 712//5 66//5
f 66//5 712//5 713//5
f 714//5 715//5 711//5
f 711//5 715//5 716//5
f 711//5 716//5 717//5
f 717//5 718//5 711//5
f 711//5 718//5 719//5
f 711//5 719//5 720//5
f 720//5 721//5 711//5
f 711//5 721//5 722//5
f 711//5 722//5 712//5
f 713//5 723//5 66//5
f 66//5 723//5 724//5
f 50//5 46//5 45//5
f 725//5 726//5 426//5
f 426//5 726//5 428//5
f 429//5 727//5 728//5
f 429//5 728//5 427//5
f 427//5 728//5 729//5
f 730//5 731//5 727//5
f 727//5 731//5 732//5
f 727//5 732//5 733//5
f 733//5 734//5 727//5
f 727//5 734//5 735//5
f 727//5 735//5 736//5
f 736//5 737//5 727//5
f 727//5 737//5 738//5
f 727//5 738//5 728//5
f 729//5 739//5 427//5
f 427//5 739//5 740//5
f 413//5 741//5 411//5
f 411//5 741//5 412//5
f 742//5 743//5 407//5
f 407//5 743//5 409//5
f 410//5 744//5 745//5
f 410//5 745//5 408//5
f 408//5 745//5 746//5
f 747//5 748//5 744//5
f 744//5 748//5 749//5
f 744//5 749//5 750//5
f 750//5 751//5 744//5
f 744//5 751//5 752//5
f 744//5 752//5 753//5
f 753//5 754//5 744//5
f 744//5 754//5 755//5
f 744//5 755//5 745//5
f 746//5 756//5 408//5
f 408//5 756//5 757//5
f 392//5 389//5 388//5
f 758//5 759//5 384//5
f 384//5 759//5 386//5
f 387//5 760//5 761//5
f 387//5 761//5 385//5
f 385//5 761//5 762//5
f 760//5 763//5 764//5
f 760//5 764//5 761//5
f 763//5 765//5 764//5
f 764//5 765//5 766//5
f 764//5 766//5 767//5
f 767//5 768//5 764//5
f 764//5 768//5 769//5
f 764//5 769//5 770//5
f 770//5 771//5 764//5
f 772//5 773//5 762//5
f 762//5 773//5 385//5
f 369//5 774//5 7//5
f 7//5 774//5 775//5
f 7//5 775//5 776//5
f 776//5 775//5 777//5
f 777//5 775//5 778//5
f 777//5 778//5 779//5
f 779//5 778//5 780//5
f 779//5 780//5 781//5
f 781//5 780//5 782//5
f 781//5 782//5 783//5
f 783//5 782//5 784//5
f 783//5 784//5 785//5
f 785//5 784//5 786//5
f 785//5 786//5 787//5
f 787//5 786//5 788//5
f 787//5 788//5 789//5
f 789//5 788//5 790//5
f 789//5 790//5 791//5
f 792//5 793//5 788//5
f 788//5 793//5 790//5
f 791//5 794//5 795//5
f 791//5 795//5 796//5
f 791//5 796//5 789//5
f 794//5 797//5 798//5
f 794//5 798//5 795//5
f 797//5 799//5 798//5
f 798//5 799//5 800//5
f 798//5 800//5 801//5
f 801//5 802//5 798//5
f 798//5 802//5 803//5
f 798//5 803//5 804//5
f 804//5 805//5 798//5
f 806//5 807//5 795//5
f 795//5 807//5 796//5
f 776//5 808//5 7//5
f 7//5 808//5 809//5
f 7//5 809//5 810//5
f 810//5 811//5 812//5
f 810//5 812//5 813//5
f 810//5 813//5 7//5
f 7//5 813//5 814//5
f 811//5 815//5 816//5
f 811//5 816//5 812//5
f 815//5 817//5 818//5
f 815//5 818//5 816//5
f 817//5 819//5 820//5
f 817//5 820//5 818//5
f 819//5 821//5 822//5
f 819//5 822//5 820//5
f 821//5 823//5 824//5
f 821//5 824//5 822//5
f 823//5 825//5 826//5
f 823//5 826//5 824//5
f 827//5 828//5 825//5
f 825//5 828//5 829//5
f 825//5 829//5 830//5
f 825//5 830//5 826//5
f 826//5 830//5 831//5
f 826//5 831//5 832//5
f 826//5 832//5 833//5
f 833//5 832//5 834//5
f 834//5 832//5 835//5
f 831//5 836//5 837//5
f 831//5 837//5 832//5
f 836//5 838//5 837//5
f 837//5 838//5 839//5
f 837//5 839//5 840//5
f 840//5 841//5 837//5
f 837//5 841//5 842//5
f 837//5 842//5 843//5
f 843//5 844//5 837//5
f 814//5 845//5 7//5
f 7//5 845//5 846//5
f 7//5 846//5 847//5
f 7//5 847//5 848//5
f 7//5 848//5 849//5
f 847//5 850//5 851//5
f 847//5 851//5 848//5
f 850//5 852//5 853//5
f 850//5 853//5 851//5
f 852//5 854//5 855//5
f 852//5 855//5 853//5
f 854//5 856//5 857//5
f 854//5 857//5 855//5
f 856//5 858//5 859//5
f 856//5 859//5 857//5
f 858//5 860//5 861//5
f 858//5 861//5 859//5
f 862//5 863//5 860//5
f 860//5 863//5 864//5
f 860//5 864//5 865//5
f 860//5 865//5 861//5
f 861//5 865//5 866//5
f 861//5 866//5 867//5
f 861//5 867//5 868//5
f 868//5 867//5 869//5
f 869//5 867//5 870//5
f 866//5 871//5 872//5
f 866//5 872//5 867//5
f 871//5 873//5 872//5
f 872//5 873//5 874//5
f 872//5 874//5 875//5
f 875//5 876//5 872//5
f 872//5 876//5 877//5
f 872//5 877//5 878//5
f 878//5 879//5 872//5
f 849//5 880//5 7//5
f 7//5 880//5 881//5
f 7//5 881//5 882//5
f 882//5 883//5 884//5
f 882//5 884//5 37//5
f 882//5 37//5 7//5
f 883//5 885//5 886//5
f 883//5 886//5 884//5
f 885//5 887//5 888//5
f 885//5 888//5 886//5
f 887//5 889//5 890//5
f 887//5 890//5 888//5
f 889//5 891//5 892//5
f 889//5 892//5 890//5
f 891//5 893//5 894//5
f 891//5 894//5 892//5
f 893//5 895//5 896//5
f 893//5 896//5 894//5
f 895//5 897//5 898//5
f 895//5 898//5 896//5
f 896//5 898//5 899//5
f 896//5 899//5 900//5
f 900//5 899//5 901//5
f 901//5 899//5 902//5
f 897//5 903//5 898//5
f 898//5 903//5 904//5
f 898//5 905//5 899//5
f 899//5 905//5 906//5
f 899//5 906//5 907//5
f 907//5 906//5 908//5
f 908//5 909//5 907//5
f 907//5 909//5 910//5
f 907//5 910//5 911//5
f 911//5 910//5 912//5
f 911//5 912//5 913//5
f 913//5 912//5 914//5
f 38//5 915//5 5//5
f 5//5 915//5 916//5
f 5//5 916//5 917//5
f 917//5 918//5 5//5
f 5//5 918//5 919//5
f 5//5 919//5 920//5
f 920//5 921//5 922//5
f 920//5 922//5 923//5
f 920//5 923//5 5//5
f 5//5 923//5 924//5
f 921//5 925//5 922//5
f 922//5 925//5 926//5
f 922//5 926//5 927//5
f 927//5 926//5 928//5
f 927//5 928//5 929//5
f 927//5 929//5 930//5
f 930//5 929//5 931//5
f 930//5 931//5 932//5
f 932//5 931//5 933//5
f 933//5 931//5 934//5
f 928//5 935//5 929//5
f 929//5 935//5 936//5
f 929//5 937//5 931//5
f 931//5 937//5 938//5
f 931//5 938//5 939//5
f 939//5 938//5 940//5
f 939//5 940//5 941//5
f 941//5 940//5 942//5
f 941//5 942//5 943//5
f 943//5 942//5 944//5
f 943//5 944//5 945//5
f 945//5 944//5 946//5
f 924//5 947//5 5//5
f 5//5 947//5 42//5
f 43//5 948//5 1//5
f 1//5 948//5 949//5
f 1//5 949//5 950//5
f 950//5 951//5 952//5
f 950//5 952//5 953//5
f 950//5 953//5 1//5
f 1//5 953//5 954//5
f 951//5 955//5 956//5
f 951//5 956//5 952//5
f 955//5 957//5 958//5
f 955//5 958//5 956//5
f 957//5 959//5 960//5
f 957//5 960//5 958//5
f 959//5 961//5 962//5
f 959//5 962//5 960//5
f 961//5 963//5 964//5
f 961//5 964//5 962//5
f 963//5 965//5 966//5
f 963//5 966//5 964//5
f 965//5 967//5 968//5
f 965//5 968//5 966//5
f 966//5 968//5 969//5
f 966//5 969//5 970//5
f 970//5 969//5 971//5
f 971//5 969//5 972//5
f 967//5 973//5 968//5
f 968//5 973//5 974//5
f 968//5 975//5 976//5
f 968//5 976//5 969//5
f 975//5 977//5 978//5
f 975//5 978//5 979//5
f 978//5 977//5 980//5
f 980//5 977//5 981//5
f 980//5 981//5 982//5
f 982//5 981//5 983//5
f 982//5 983//5 984//5
f 979//5 976//5 975//5
f 954//5 985//5 1//5
f 1//5 985//5 986//5
f 1//5 986//5 987//5
f 1//5 987//5 988//5
f 1//5 988//5 989//5
f 987//5 990//5 991//5
f 987//5 991//5 988//5
f 990//5 992//5 993//5
f 990//5 993//5 991//5
f 992//5 994//5 995//5
f 992//5 995//5 993//5
f 994//5 996//5 997//5
f 994//5 997//5 995//5
f 996//5 998//5 999//5
f 996//5 999//5 997//5
f 998//5 1000//5 1001//5
f 998//5 1001//5 999//5
f 1000//5 1002//5 1003//5
f 1000//5 1003//5 1001//5
f 1001//5 1003//5 1004//5
f 1001//5 1004//5 1005//5
f 1005//5 1004//5 1006//5
f 1006//5 1004//5 1007//5
f 1002//5 1008//5 1003//5
f 1003//5 1008//5 1009//5
f 1003//5 1010//5 1011//5
f 1003//5 1011//5 1004//5
f 1012//5 1013//5 1010//5
f 1010//5 1013//5 1014//5
f 1010//5 1014//5 1015//5
f 1013//5 1012//5 1016//5
f 1016//5 1012//5 1017//5
f 1016//5 1017//5 1018//5
f 1015//5 1019//5 1010//5
f 1010//5 1019//5 1011//5
f 989//5 1020//5 1//5
f 1//5 1020//5 1021//5
f 1//5 1021//5 1022//5
f 1022//5 1023//5 1024//5
f 1022//5 1024//5 1025//5
f 1023//5 1026//5 1027//5
f 1023//5 1027//5 1024//5
f 1026//5 1028//5 1029//5
f 1026//5 1029//5 1027//5
f 1028//5 1030//5 1031//5
f 1028//5 1031//5 1029//5
f 1030//5 1032//5 1033//5
f 1030//5 1033//5 1031//5
f 1032//5 1034//5 1035//5
f 1032//5 1035//5 1033//5
f 1034//5 1036//5 1037//5
f 1034//5 1037//5 1035//5
f 1036//5 1038//5 1039//5
f 1036//5 1039//5 1037//5
f 1037//5 1039//5 1040//5
f 1037//5 1040//5 1041//5
f 1038//5 1042//5 1039//5
f 1039//5 1042//5 1043//5
f 1039//5 1044//5 1045//5
f 1039//5 1045//5 1046//5
f 1047//5 1048//5 1044//5
f 1044//5 1048//5 1049//5
f 1044//5 1049//5 1050//5
f 1047//5 1051//5 1048//5
f 1050//5 1052//5 1044//5
f 1044//5 1052//5 1053//5
f 1044//5 1053//5 1045//5
f 1046//5 1040//5 1039//5
f 1041//5 1054//5 1037//5
f 1037//5 1054//5 1055//5
f 1022//5 1025//5 1//5
f 1//5 1025//5 1056//5
f 1//5 1056//5 1057//5
f 1057//5 346//5 1//5
f 348//5 1058//5 1059//5
f 348//5 1059//5 347//5
f 1058//5 1060//5 1061//5
f 1058//5 1061//5 1059//5
f 1060//5 1062//5 1063//5
f 1060//5 1063//5 1061//5
f 1062//5 1064//5 1065//5
f 1062//5 1065//5 1063//5
f 1064//5 1066//5 1067//5
f 1064//5 1067//5 1065//5
f 1066//5 1068//5 1069//5
f 1066//5 1069//5 1067//5
f 1068//5 1070//5 1071//5
f 1068//5 1071//5 1069//5
f 1069//5 1071//5 1072//5
f 1069//5 1072//5 1073//5
f 1070//5 1074//5 1071//5
f 1071//5 1074//5 1075//5
f 1071//5 1076//5 1077//5
f 1071//5 1077//5 1078//5
f 1079//5 1080//5 1076//5
f 1076//5 1080//5 1081//5
f 1076//5 1081//5 1082//5
f 1082//5 1083//5 1076//5
f 1076//5 1083//5 1084//5
f 1076//5 1084//5 1085//5
f 1085//5 1077//5 1076//5
f 1078//5 1072//5 1071//5
f 1073//5 1086//5 1069//5
f 1069//5 1086//5 1087//5
f 344//5 1088//5 31//5
f 31//5 1088//5 1089//5
f 31//5 1089//5 1090//5
f 1090//5 1089//5 1091//5
f 1091//5 1089//5 1092//5
f 1091//5 1092//5 1093//5
f 1093//5 1092//5 1094//5
f 1093//5 1094//5 1095//5
f 1095//5 1094//5 1096//5
f 1095//5 1096//5 1097//5
f 1097//5 1096//5 1098//5
f 1097//5 1098//5 1099//5
f 1099//5 1098//5 1100//5
f 1099//5 1100//5 1101//5
f 1101//5 1100//5 1102//5
f 1101//5 1102//5 1103//5
f 1103//5 1102//5 1104//5
f 1103//5 1104//5 1105//5
f 1105//5 1104//5 1106//5
f 1106//5 1107//5 1105//5
f 1105//5 1108//5 1109//5
f 1105//5 1109//5 1110//5
f 1111//5 1112//5 1108//5
f 1108//5 1112//5 1113//5
f 1108//5 1113//5 1114//5
f 1114//5 1115//5 1108//5
f 1108//5 1115//5 1116//5
f 1108//5 1116//5 1117//5
f 1117//5 1109//5 1108//5
f 1110//5 1118//5 1105//5
f 1105//5 1118//5 1119//5
f 1105//5 1119//5 1103//5
f 1103//5 1119//5 1120//5
f 1120//5 1121//5 1103//5
f 1090//5 1122//5 31//5
f 31//5 1122//5 1123//5
f 31//5 1123//5 1124//5
f 1124//5 1125//5 32//5
f 1124//5 32//5 31//5
f 1125//5 1126//5 1127//5
f 1125//5 1127//5 1128//5
f 1126//5 1129//5 1130//5
f 1126//5 1130//5 1127//5
f 1129//5 1131//5 1132//5
f 1129//5 1132//5 1130//5
f 1131//5 1133//5 1134//5
f 1131//5 1134//5 1132//5
f 1133//5 1135//5 1136//5
f 1133//5 1136//5 1134//5
f 1135//5 1137//5 1138//5
f 1135//5 1138//5 1136//5
f 1138//5 1137//5 1139//5
f 1138//5 1139//5 1140//5
f 1141//5 1139//5 1142//5
f 1142//5 1139//5 1137//5
f 1140//5 1143//5 1144//5
f 1140//5 1144//5 1145//5
f 1143//5 1146//5 1144//5
f 1144//5 1146//5 1147//5
f 1144//5 1147//5 1148//5
f 1148//5 1149//5 1144//5
f 1144//5 1149//5 1150//5
f 1144//5 1150//5 1151//5
f 1151//5 1152//5 1144//5
f 1144//5 1152//5 1153//5
f 1145//5 1154//5 1138//5
f 1145//5 1138//5 1140//5
f 1154//5 1155//5 1138//5
f 1138//5 1155//5 1156//5
f 1128//5 1157//5 32//5
f 1128//5 32//5 1125//5
f 1157//5 1158//5 32//5
f 32//5 1158//5 1159//5
f 32//5 1159//5 1160//5
f 1160//5 1161//5 33//5
f 1160//5 33//5 32//5
f 1161//5 1162//5 33//5
f 33//5 1162//5 1163//5
f 33//5 1163//5 1164//5
f 33//5 1164//5 1165//5
f 33//5 1165//5 1166//5
f 1164//5 1167//5 1168//5
f 1164//5 1168//5 1165//5
f 1167//5 1169//5 1170//5
f 1167//5 1170//5 1168//5
f 1169//5 1171//5 1172//5
f 1169//5 1172//5 1170//5
f 1173//5 1174//5 1171//5
f 1171//5 1174//5 1175//5
f 1171//5 1175//5 1176//5
f 1171//5 1176//5 1172//5
f 1172//5 1176//5 1177//5
f 1172//5 1177//5 1178//5
f 1178//5 1177//5 1179//5
f 1178//5 1179//5 1180//5
f 1180//5 1179//5 1181//5
f 1181//5 1182//5 1180//5
f 1180//5 1182//5 1183//5
f 1180//5 1183//5 1184//5
f 1184//5 1185//5 1180//5
f 1180//5 1185//5 1186//5
f 1180//5 1186//5 1187//5
f 1178//5 1188//5 1172//5
f 1172//5 1188//5 1189//5
f 1172//5 1189//5 1190//5
f 1166//5 1191//5 33//5
f 33//5 1191//5 1192//5
f 33//5 1192//5 430//5
f 27//5 26//5 28//5
f 31//5 30//5 29//5
f 570//5 274//5 574//5
f 585//5 250//5 589//5
f 601//5 228//5 605//5
f 1193//12 1194//12 1195//12
f 1195//13 1194//13 1196//13
f 1196//14 1194//14 1197//14
f 1196//15 1197//15 1198//15
f 1198//16 1197//16 1199//16
f 1198//17 1199//17 1200//17
f 1200//18 1199//18 1201//18
f 1200//19 1201//19 1202//19
f 1202//20 1201//20 1203//20
f 1202//21 1203//21 1204//21
f 1204//22 1203//22 1205//22
f 1204//23 1205//23 1206//23
f 1206//24 1205//24 1207//24
f 1206//25 1207//25 1208//25
f 1208//26 1207//26 1209//26
f 1208//27 1209//27 1210//27
f 1210//28 1209//28 1211//28
f 1210//29 1211//29 1212//29
f 1212//30 1211//30 1213//30
f 1212//31 1213//31 1214//31
f 1214//32 1213//32 1215//32
f 1214//33 1215//33 1216//33
f 1216//34 1215//34 1217//34
f 1216//35 1217//35 1218//35
f 1218//36 1217//36 1219//36
f 1218//37 1219//37 1220//37
f 1220//38 1219//38 1221//38
f 1220//39 1221//39 1222//39
f 1222//40 1221//40 1223//40
f 1222//41 1223//41 1224//41
f 1224//42 1223//42 1225//42
f 1224//43 1225//43 1226//43
f 1226//44 1225//44 1227//44
f 1226//45 1227//45 1228//45
f 1228//46 1227//46 1229//46
f 1228//47 1229//47 1230//47
f 1230//48 1229//48 1231//48
f 1230//49 1231//49 1232//49
f 1232//50 1231//50 1233//50
f 1232//51 1233//51 1234//51
f 1234//52 1233//52 1235//52
f 1234//53 1235//53 1236//53
f 1236//54 1235//54 1237//54
f 1236//55 1237//55 1238//55
f 1238//56 1237//56 1239//56
f 1238//57 1239//57 1240//57
f 1240//58 1239//58 1241//58
f 1240//59 1241//59 1242//59
f 1242//60 1241//60 1243//60
f 1242//61 1243//61 1244//61
f 1244//62 1243//62 1245//62
f 1244//63 1245//63 1246//63
f 1246//64 1245//64 1247//64
f 1246//65 1247//65 1248//65
f 1248//66 1247//66 1249//66
f 1248//67 1249//67 1250//67
f 1250//68 1249//68 1251//68
f 1250//69 1251//69 1252//69
f 1252//70 1251//70 1253//70
f 1252//71 1253//71 1254//71
f 1254//72 1253//72 1255//72
f 1254//73 1255//73 1256//73
f 1256//74 1255//74 1257//74
f 1256//75 1257//75 1258//75
f 1258//76 1257//76 1259//76
f 1258//77 1259//77 1260//77
f 1260//78 1259//78 1261//78
f 1260//79 1261//79 1262//79
f 1262//80 1261//80 1263//80
f 1262//81 1263//81 1264//81
f 1264//82 1263//82 1265//82
f 1264//83 1265//83 1266//83
f 1266//84 1265//84 1267//84
f 1266//85 1267//85 1268//85
f 1268//86 1267//86 1269//86
f 1268//87 1269//87 1270//87
f 1270//88 1269//88 1271//88
f 1270//89 1271//89 1272//89
f 1272//90 1271//90 1273//90
f 1272//91 1273//91 1274//91
f 1274//92 1273//92 1275//92
f 1274//93 1275//93 1276//93
f 1276//94 1275//94 1277//94
f 1276//95 1277//95 1278//95
f 1278//96 1277//96 1279//96
f 1278//97 1279//97 1280//97
f 1280//98 1279//98 1281//98
f 1280//99 1281//99 1282//99
f 1282//100 1281//100 1283//100
f 1282//101 1283//101 1284//101
f 1284//102 1283//102 1285//102
f 1284//103 1285//103 1286//103
f 1286//104 1285//104 1287//104
f 1286//105 1287//105 1288//105
f 1288//106 1287//106 1289//106
f 1288//107 1289//107 1290//107
f 1290//108 1289//108 1291//108
f 1290//109 1291//109 1292//109
f 1292//110 1291//110 1293//110
f 1292//111 1293//111 1294//111
f 1294//112 1293//112 1295//112
f 1294//113 1295//113 1296//113
f 1296//114 1295//114 1297//114
f 1296//115 1297//115 1298//115
f 1298//116 1297//116 1299//116
f 1298//117 1299//117 1300//117
f 1300//118 1299//118 1301//118
f 1300//119 1301//119 1302//119
f 1302//120 1301//120 1303//120
f 1302//121 1303//121 1304//121
f 1304//122 1303//122 1305//122
f 1304//123 1305//123 1306//123
f 1306//124 1305//124 1307//124
f 1306//125 1307//125 1308//125
f 1308//126 1307//126 1309//126
f 1308//127 1309//127 1310//127
f 1310//128 1309//128 1311//128
f 1310//129 1311//129 1312//129
f 1312//130 1311//130 1313//130
f 1312//131 1313//131 1314//131
f 1314//132 1313//132 1315//132
f 1314//133 1315//133 1316//133
f 1316//134 1315//134 1317//134
f 1316//135 1317//135 1318//135
f 1318//136 1317//136 1319//136
f 1318//137 1319//137 1320//137
f 1320//138 1319//138 1321//138
f 1320//139 1321//139 1322//139
f 1322//140 1321//140 1323//140
f 1322//141 1323//141 1324//141
f 1324//142 1323//142 1325//142
f 1324//143 1325//143 1326//143
f 1326//144 1325//144 1327//144
f 1326//145 1327//145 1328//145
f 1328//146 1327//146 1329//146
f 1328//147 1329//147 1330//147
f 1330//148 1329//148 1331//148
f 1330//149 1331//149 1332//149
f 1332//150 1331//150 1333//150
f 1332//151 1333//151 1334//151
f 1334//152 1333//152 1335//152
f 1334//153 1335//153 1336//153
f 1336//154 1335//154 1337//154
f 1336//155 1337//155 1338//155
f 1338//156 1337//156 1339//156
f 1338//157 1339//157 1340//157
f 1340//158 1339//158 1341//158
f 1340//159 1341//159 1342//159
f 1342//160 1341//160 1343//160
f 1342//161 1343//161 1344//161
f 1344//162 1343//162 1345//162
f 1344//163 1345//163 1346//163
f 1346//164 1345//164 1347//164
f 1346//165 1347//165 1348//165
f 1348//166 1347//166 1349//166
f 1348//167 1349//167 1350//167
f 1350//168 1349//168 1351//168
f 1350//169 1351//169 1352//169
f 1352//170 1351//170 1353//170
f 1352//171 1353//171 1354//171
f 1354//172 1353//172 1355//172
f 1354//173 1355//173 1356//173
f 1356//174 1355//174 1357//174
f 1356//175 1357//175 1358//175
f 1358//176 1357//176 1359//176
f 1358//177 1359//177 1360//177
f 1360//178 1359//178 1361//178
f 1360//179 1361//179 1362//179
f 1362//180 1361//180 1363//180
f 1362//181 1363//181 1364//181
f 1364//182 1363//182 1365//182
f 1364//183 1365//183 1366//183
f 1366//184 1365//184 1367//184
f 1366//185 1367//185 1368//185
f 1368//186 1367//186 1369//186
f 1368//187 1369//187 1370//187
f 1370//188 1369//188 1371//188
f 1370//189 1371//189 1372//189
f 1372//190 1371//190 1373//190
f 1372//191 1373//191 1374//191
f 1374//192 1373//192 1375//192
f 1374//193 1375//193 1376//193
f 1376//194 1375//194 1377//194
f 1376//195 1377//195 1378//195
f 1378//196 1377//196 1379//196
f 1378//197 1379//197 1380//197
f 1380//198 1379//198 1381//198
f 1380//199 1381//199 1382//199
f 1382//200 1381//200 1383//200
f 1382//201 1383//201 1384//201
f 1384//202 1383//202 1385//202
f 1384//203 1385//203 1386//203
f 1386//204 1385//204 1387//204
f 1386//205 1387//205 1388//205
f 1388//206 1387//206 1389//206
f 1388//207 1389//207 1390//207
f 1390//208 1389//208 1391//208
f 1390//209 1391//209 1392//209
f 1392//210 1391//210 1393//210
f 1392//211 1393//211 1394//211
f 1394//212 1393//212 1395//212
f 1394//213 1395//213 1396//213
f 1396//214 1395//214 1397//214
f 1396//215 1397//215 1398//215
f 1398//216 1397//216 1399//216
f 1398//217 1399//217 1400//217
f 1400//218 1399//218 1401//218
f 1400//219 1401//219 1402//219
f 1402//220 1401//220 1403//220
f 1402//221 1403//221 1404//221
f 1404//222 1403//222 1405//222
f 1404//223 1405//223 1406//223
f 1406//224 1405//224 1407//224
f 1406//225 1407//225 1408//225
f 1408//226 1407//226 1409//226
f 1408//227 1409//227 1410//227
f 1410//228 1409//228 1411//228
f 1410//229 1411//229 1412//229
f 1412//230 1411//230 1413//230
f 1412//231 1413//231 1414//231
f 1414//232 1413//232 1415//232
f 1414//233 1415//233 1416//233
f 1416//234 1415//234 1417//234
f 1416//235 1417//235 1418//235
f 1418//236 1417//236 1419//236
f 1418//237 1419//237 1420//237
f 1420//238 1419//238 1421//238
f 1420//239 1421//239 1422//239
f 1422//240 1421//240 1423//240
f 1422//241 1423//241 1424//241
f 1424//242 1423//242 1425//242
f 1424//243 1425//243 1426//243
f 1426//244 1425//244 1427//244
f 1426//245 1427//245 1428//245
f 1428//246 1427//246 1429//246
f 1428//247 1429//247 1430//247
f 1430//248 1429//248 1431//248
f 1430//249 1431//249 1432//249
f 1432//250 1431//250 1433//250
f 1432//251 1433//251 1434//251
f 1434//252 1433//252 1435//252
f 1434//253 1435//253 1436//253
f 1436//254 1435//254 1437//254
f 1436//255 1437//255 1438//255
f 1438//256 1437//256 1439//256
f 1438//257 1439//257 1440//257
f 1440//258 1439//258 1441//258
f 1440//259 1441//259 1442//259
f 1442//260 1441//260 1443//260
f 1442//261 1443//261 1444//261
f 1444//262 1443//262 1445//262
f 1444//263 1445//263 1446//263
f 1446//264 1445//264 1447//264
f 1446//265 1447//265 1448//265
f 1448//266 1447//266 1449//266
f 1448//267 1449//267 1450//267
f 1450//268 1449//268 1451//268
f 1450//269 1451//269 1452//269
f 1452//270 1451//270 1453//270
f 1452//271 1453//271 1454//271
f 1454//272 1453//272 1455//272
f 1454//273 1455//273 1456//273
f 1456//274 1455//274 1457//274
f 1456//275 1457//275 1458//275
f 1458//276 1457//276 1459//276
f 1458//277 1459//277 1460//277
f 1460//278 1459//278 1461//278
f 1460//279 1461//279 1462//279
f 1462//280 1461//280 1463//280
f 1462//281 1463//281 1464//281
f 1464//282 1463//282 1465//282
f 1464//283 1465//283 1466//283
f 1466//284 1465//284 1467//284
f 1466//285 1467//285 1468//285
f 1468//286 1467//286 1469//286
f 1468//287 1469//287 1470//287
f 1470//288 1469//288 1471//288
f 1470//289 1471//289 1472//289
f 1472//290 1471//290 1473//290
f 1472//291 1473//291 1474//291
f 1474//292 1473//292 1475//292
f 1474//293 1475//293 1476//293
f 1476//294 1475//294 1477//294
f 1476//295 1477//295 1478//295
f 1478//296 1477//296 1479//296
f 1478//297 1479//297 1480//297
f 1480//298 1479//298 1481//298
f 1480//299 1481//299 1482//299
f 1482//300 1481//300 1483//300
f 1482//301 1483//301 1484//301
f 1484//302 1483//302 1485//302
f 1484//303 1485//303 1486//303
f 1486//304 1485//304 1487//304
f 1486//305 1487//305 1488//305
f 1488//306 1487//306 1489//306
f 1488//307 1489//307 1490//307
f 1490//308 1489//308 1491//308
f 1490//309 1491//309 1492//309
f 1492//310 1491//310 1493//310
f 1492//311 1493//311 1494//311
f 1494//312 1493//312 1495//312
f 1494//313 1495//313 1496//313
f 1496//314 1495//314 1497//314
f 1496//315 1497//315 1498//315
f 1498//316 1497//316 1499//316
f 1498//317 1499//317 1500//317
f 1500//318 1499//318 1501//318
f 1500//319 1501//319 1502//319
f 1502//320 1501//320 1503//320
f 1502//321 1503//321 1504//321
f 1503//322 1501//322 1505//322
f 1503//322 1505//322 1506//322
f 1501//323 1499//323 1507//323
f 1501//323 1507//323 1505//323
f 1499//324 1497//324 1508//324
f 1499//324 1508//324 1507//324
f 1497//325 1495//325 1509//325
f 1497//325 1509//325 1508//325
f 1495//326 1493//326 1510//326
f 1495//326 1510//326 1509//326
f 1493//327 1491//327 1511//327
f 1493//327 1511//327 1510//327
f 1491//328 1489//328 1512//328
f 1491//328 1512//328 1511//328
f 1489//329 1487//329 1513//329
f 1489//329 1513//329 1512//329
f 1487//330 1485//330 1514//330
f 1487//330 1514//330 1513//330
f 1485//331 1483//331 1515//331
f 1485//331 1515//331 1514//331
f 1483//332 1481//332 1516//332
f 1483//332 1516//332 1515//332
f 1481//333 1479//333 1517//333
f 1481//333 1517//333 1516//333
f 1479//334 1477//334 1518//334
f 1479//334 1518//334 1517//334
f 1477//335 1475//335 1519//335
f 1477//335 1519//335 1518//335
f 1475//336 1473//336 1520//336
f 1475//336 1520//336 1519//336
f 1473//337 1471//337 1521//337
f 1473//337 1521//337 1520//337
f 1471//338 1469//338 1522//338
f 1471//338 1522//338 1521//338
f 1469//339 1467//339 1523//339
f 1469//339 1523//339 1522//339
f 1467//340 1465//340 1524//340
f 1467//340 1524//340 1523//340
f 1465//341 1463//341 1525//341
f 1465//341 1525//341 1524//341
f 1463//342 1461//342 1526//342
f 1463//342 1526//342 1525//342
f 1461//343 1459//343 1527//343
f 1461//343 1527//343 1526//343
f 1459//344 1457//344 1528//344
f 1459//344 1528//344 1527//344
f 1457//345 1455//345 1529//345
f 1457//345 1529//345 1528//345
f 1455//346 1453//346 1530//346
f 1455//346 1530//346 1529//346
f 1453//347 1451//347 1531//347
f 1453//347 1531//347 1530//347
f 1451//348 1449//348 1532//348
f 1451//348 1532//348 1531//348
f 1449//349 1447//349 1533//349
f 1449//349 1533//349 1532//349
f 1447//350 1445//350 1534//350
f 1447//350 1534//350 1533//350
f 1445//351 1443//351 1535//351
f 1445//351 1535//351 1534//351
f 1443//352 1441//352 1536//352
f 1443//352 1536//352 1535//352
f 1441//353 1439//353 1537//353
f 1441//353 1537//353 1536//353
f 1439//354 1437//354 1538//354
f 1439//354 1538//354 1537//354
f 1437//355 1435//355 1539//355
f 1437//355 1539//355 1538//355
f 1435//356 1433//356 1540//356
f 1435//356 1540//356 1539//356
f 1433//357 1431//357 1541//357
f 1433//357 1541//357 1540//357
f 1431//358 1429//358 1542//358
f 1431//358 1542//358 1541//358
f 1429//359 1427//359 1543//359
f 1429//359 1543//359 1542//359
f 1427//360 1425//360 1544//360
f 1427//360 1544//360 1543//360
f 1425//361 1423//361 1545//361
f 1425//361 1545//361 1544//361
f 1423//362 1421//362 1546//362
f 1423//362 1546//362 1545//362
f 1421//363 1419//363 1547//363
f 1421//363 1547//363 1546//363
f 1419//364 1417//364 1548//364
f 1419//364 1548//364 1547//364
f 1417//365 1415//365 1549//365
f 1417//365 1549//365 1548//365
f 1415//366 1413//366 1550//366
f 1415//366 1550//366 1549//366
f 1413//367 1411//367 1551//367
f 1413//367 1551//367 1550//367
f 1411//368 1409//368 1552//368
f 1411//368 1552//368 1551//368
f 1409//369 1407//369 1553//369
f 1409//369 1553//369 1552//369
f 1407//370 1405//370 1554//370
f 1407//370 1554//370 1553//370
f 1405//371 1403//371 1555//371
f 1405//371 1555//371 1554//371
f 1403//372 1401//372 1556//372
f 1403//372 1556//372 1555//372
f 1401//373 1399//373 1557//373
f 1401//373 1557//373 1556//373
f 1399//374 1397//374 1558//374
f 1399//374 1558//374 1557//374
f 1397//375 1395//375 1559//375
f 1397//375 1559//375 1558//375
f 1395//376 1393//376 1560//376
f 1395//376 1560//376 1559//376
f 1393//377 1391//377 1561//377
f 1393//377 1561//377 1560//377
f 1391//378 1389//378 1562//378
f 1391//378 1562//378 1561//378
f 1389//379 1387//379 1563//379
f 1389//379 1563//379 1562//379
f 1387//380 1385//380 1564//380
f 1387//380 1564//380 1563//380
f 1385//381 1383//381 1565//381
f 1385//381 1565//381 1564//381
f 1383//382 1381//382 1566//382
f 1383//382 1566//382 1565//382
f 1381//383 1379//383 1567//383
f 1381//383 1567//383 1566//383
f 1379//384 1377//384 1568//384
f 1379//384 1568//384 1567//384
f 1377//385 1375//385 1569//385
f 1377//385 1569//385 1568//385
f 1375//386 1373//386 1570//386
f 1375//386 1570//386 1569//386
f 1373//387 1371//387 1571//387
f 1373//387 1571//387 1570//387
f 1371//388 1369//388 1572//388
f 1371//388 1572//388 1571//388
f 1369//389 1367//389 1573//389
f 1369//389 1573//389 1572//389
f 1367//390 1365//390 1574//390
f 1367//390 1574//390 1573//390
f 1365//391 1363//391 1575//391
f 1365//391 1575//391 1574//391
f 1363//392 1361//392 1576//392
f 1363//392 1576//392 1575//392
f 1361//393 1359//393 1577//393
f 1361//393 1577//393 1576//393
f 1359//394 1357//394 1578//394
f 1359//394 1578//394 1577//394
f 1357//395 1355//395 1579//395
f 1357//395 1579//395 1578//395
f 1355//396 1353//396 1580//396
f 1355//396 1580//396 1579//396
f 1353//397 1351//397 1581//397
f 1353//397 1581//397 1580//397
f 1351//398 1349//398 1582//398
f 1351//398 1582//398 1581//398
f 1349//399 1347//399 1583//399
f 1349//399 1583//399 1582//399
f 1347//400 1345//400 1584//400
f 1347//400 1584//400 1583//400
f 1345//401 1343//401 1585//401
f 1345//401 1585//401 1584//401
f 1343//402 1341//402 1586//402
f 1343//402 1586//402 1585//402
f 1341//403 1339//403 1587//403
f 1341//403 1587//403 1586//403
f 1339//404 1337//404 1588//404
f 1339//404 1588//404 1587//404
f 1337//405 1335//405 1589//405
f 1337//405 1589//405 1588//405
f 1335//406 1333//406 1590//406
f 1335//406 1590//406 1589//406
f 1333//407 1331//407 1591//407
f 1333//407 1591//407 1590//407
f 1331//408 1329//408 1592//408
f 1331//408 1592//408 1591//408
f 1329//409 1327//409 1593//409
f 1329//409 1593//409 1592//409
f 1327//410 1325//410 1594//410
f 1327//410 1594//410 1593//410
f 1325//411 1323//411 1595//411
f 1325//411 1595//411 1594//411
f 1323//412 1321//412 1596//412
f 1323//412 1596//412 1595//412
f 1321//413 1319//413 1597//413
f 1321//413 1597//413 1596//413
f 1319//414 1317//414 1598//414
f 1319//414 1598//414 1597//414
f 1317//415 1315//415 1599//415
f 1317//415 1599//415 1598//415
f 1315//416 1313//416 1600//416
f 1315//416 1600//416 1599//416
f 1313//417 1311//417 1601//417
f 1313//417 1601//417 1600//417
f 1311//418 1309//418 1602//418
f 1311//418 1602//418 1601//418
f 1309//419 1307//419 1603//419
f 1309//419 1603//419 1602//419
f 1307//420 1305//420 1604//420
f 1307//420 1604//420 1603//420
f 1305//421 1303//421 1605//421
f 1305//421 1605//421 1604//421
f 1303//422 1301//422 1606//422
f 1303//422 1606//422 1605//422
f 1301//423 1299//423 1607//423
f 1301//423 1607//423 1606//423
f 1299//424 1297//424 1608//424
f 1299//424 1608//424 1607//424
f 1297//425 1295//425 1609//425
f 1297//425 1609//425 1608//425
f 1295//426 1293//426 1610//426
f 1295//426 1610//426 1609//426
f 1293//427 1291//427 1611//427
f 1293//427 1611//427 1610//427
f 1291//428 1289//428 1612//428
f 1291//428 1612//428 1611//428
f 1289//429 1287//429 1613//429
f 1289//429 1613//429 1612//429
f 1287//430 1285//430 1614//430
f 1287//430 1614//430 1613//430
f 1285//431 1283//431 1615//431
f 1285//431 1615//431 1614//431
f 1283//432 1281//432 1616//432
f 1283//432 1616//432 1615//432
f 1281//433 1279//433 1617//433
f 1281//433 1617//433 1616//433
f 1279//434 1277//434 1618//434
f 1279//434 1618//434 1617//434
f 1277//435 1275//435 1619//435
f 1277//435 1619//435 1618//435
f 1275//436 1273//436 1620//436
f 1275//436 1620//436 1619//436
f 1273//437 1271//437 1621//437
f 1273//437 1621//437 1620//437
f 1271//438 1269//438 1622//438
f 1271//438 1622//438 1621//438
f 1269//439 1267//439 1623//439
f 1269//439 1623//439 1622//439
f 1267//440 1265//440 1624//440
f 1267//440 1624//440 1623//440
f 1265//441 1263//441 1625//441
f 1265//441 1625//441 1624//441
f 1263//442 1261//442 1626//442
f 1263//442 1626//442 1625//442
f 1261//443 1259//443 1627//443
f 1261//443 1627//443 1626//443
f 1259//444 1257//444 1628//444
f 1259//444 1628//444 1627//444
f 1257//445 1255//445 1629//445
f 1257//445 1629//445 1628//445
f 1255//446 1253//446 1630//446
f 1255//446 1630//446 1629//446
f 1253//447 1251//447 1631//447
f 1253//447 1631//447 1630//447
f 1251//448 1249//448 1632//448
f 1251//448 1632//448 1631//448
f 1249//449 1247//449 1633//449
f 1249//449 1633//449 1632//449
f 1247//450 1245//450 1634//450
f 1247//450 1634//450 1633//450
f 1245//451 1243//451 1635//451
f 1245//451 1635//451 1634//451
f 1243//452 1241//452 1636//452
f 1243//452 1636//452 1635//452
f 1241//453 1239//453 1637//453
f 1241//453 1637//453 1636//453
f 1239//454 1237//454 1638//454
f 1239//454 1638//454 1637//454
f 1237//455 1235//455 1639//455
f 1237//455 1639//455 1638//455
f 1235//456 1233//456 1640//456
f 1235//456 1640//456 1639//456
f 1233//457 1231//457 1641//457
f 1233//457 1641//457 1640//457
f 1231//458 1229//458 1642//458
f 1231//458 1642//458 1641//458
f 1229//459 1227//459 1643//459
f 1229//459 1643//459 1642//459
f 1227//460 1225//460 1644//460
f 1227//460 1644//460 1643//460
f 1225//461 1223//461 1645//461
f 1225//461 1645//461 1644//461
f 1223//462 1221//462 1646//462
f 1223//462 1646//462 1645//462
f 1221//463 1219//463 1647//463
f 1221//463 1647//463 1646//463
f 1219//464 1217//464 1648//464
f 1219//464 1648//464 1647//464
f 1217//465 1215//465 1649//465
f 1217//465 1649//465 1648//465
f 1215//466 1213//466 1650//466
f 1215//466 1650//466 1649//466
f 1213//467 1211//467 1651//467
f 1213//467 1651//467 1650//467
f 1211//468 1209//468 1652//468
f 1211//468 1652//468 1651//468
f 1209//469 1207//469 1653//469
f 1209//469 1653//469 1652//469
f 1207//470 1205//470 1654//470
f 1207//470 1654//470 1653//470
f 1205//471 1203//471 1655//471
f 1205//471 1655//471 1654//471
f 1203//472 1201//472 1656//472
f 1203//472 1656//472 1655//472
f 1201//473 1199//473 1657//473
f 1201//473 1657//473 1656//473
f 1199//474 1197//474 1658//474
f 1199//474 1658//474 1657//474
f 1197//475 1194//475 1659//475
f 1197//475 1659//475 1658//475
f 1194//476 1193//476 1660//476
f 1194//476 1660//476 1659//476
f 1661//477 1662//477 1663//477
f 1661//478 1663//478 1664//478
f 1662//479 1665//479 1666//479
f 1662//480 1666//480 1663//480
f 1665//481 1667//481 1668//481
f 1665//482 1668//482 1666//482
f 1667//483 1669//483 1670//483
f 1667//484 1670//484 1668//484
f 1669//485 1671//485 1672//485
f 1669//486 1672//486 1670//486
f 1671//487 1673//487 1674//487
f 1671//488 1674//488 1672//488
f 1673//489 1675//489 1676//489
f 1673//490 1676//490 1674//490
f 1675//491 1677//491 1678//491
f 1675//492 1678//492 1676//492
f 1677//493 1679//493 1680//493
f 1677//494 1680//494 1678//494
f 1681//495 1682//495 1680//495
f 1681//495 1680//495 1679//495
f 1683//496 1684//496 1685//496
f 1683//496 1685//496 1686//496
f 1686//497 1685//497 1687//497
f 1686//498 1687//498 1688//498
f 1688//499 1687//499 1689//499
f 1688//500 1689//500 1690//500
f 1690//501 1689//501 1682//501
f 1690//502 1682//502 1681//502
f 1691//503 1692//503 1684//503
f 1691//504 1684//504 1683//504
f 1693//505 1694//505 1695//505
f 1693//506 1695//506 1696//506
f 1696//507 1695//507 1697//507
f 1696//508 1697//508 1698//508
f 1698//509 1697//509 1699//509
f 1698//509 1699//509 1700//509
f 1700//510 1699//510 1701//510
f 1700//511 1701//511 1702//511
f 1702//512 1701//512 1703//512
f 1702//513 1703//513 1704//513
f 1704//514 1703//514 1705//514
f 1704//515 1705//515 1706//515
f 1706//516 1705//516 1707//516
f 1706//517 1707//517 1708//517
f 1708//518 1707//518 1709//518
f 1708//519 1709//519 1710//519
f 1710//520 1709//520 1692//520
f 1710//521 1692//521 1691//521
f 1711//522 1712//522 1694//522
f 1711//522 1694//522 1693//522
f 1713//523 1714//523 1715//523
f 1713//524 1715//524 1716//524
f 1716//525 1715//525 1717//525
f 1716//526 1717//526 1718//526
f 1718//527 1717//527 1719//527
f 1718//528 1719//528 1720//528
f 1720//529 1719//529 1712//529
f 1720//530 1712//530 1711//530
f 1721//531 1722//531 1714//531
f 1721//532 1714//532 1713//532
f 1723//533 1724//533 1725//533
f 1723//534 1725//534 1726//534
f 1724//535 1727//535 1728//535
f 1724//536 1728//536 1725//536
f 1727//537 1729//537 1730//537
f 1727//538 1730//538 1728//538
f 1729//539 1731//539 1732//539
f 1729//540 1732//540 1730//540
f 1731//541 1733//541 1734//541
f 1731//542 1734//542 1732//542
f 1733//543 1722//543 1721//543
f 1733//544 1721//544 1734//544
f 1726//545 1735//545 1736//545
f 1726//546 1736//546 1723//546
f 1735//547 1737//547 1738//547
f 1735//548 1738//548 1736//548
f 1737//549 1739//549 1740//549
f 1737//550 1740//550 1738//550
f 1739//551 1741//551 1742//551
f 1739//552 1742//552 1740//552
f 1741//553 1743//553 1744//553
f 1741//554 1744//554 1742//554
f 1743//555 1745//555 1746//555
f 1743//556 1746//556 1744//556
f 1745//557 1747//557 1748//557
f 1745//558 1748//558 1746//558
f 1747//559 1749//559 1750//559
f 1747//560 1750//560 1748//560
f 1749//561 1751//561 1752//561
f 1749//562 1752//562 1750//562
f 1753//563 1754//563 1752//563
f 1753//564 1752//564 1751//564
f 1755//565 1756//565 1757//565
f 1755//566 1757//566 1758//566
f 1758//567 1757//567 1759//567
f 1758//567 1759//567 1760//567
f 1760//568 1759//568 1761//568
f 1760//569 1761//569 1762//569
f 1762//570 1761//570 1754//570
f 1762//571 1754//571 1753//571
f 1763//572 1764//572 1756//572
f 1763//573 1756//573 1755//573
f 1765//574 1766//574 1767//574
f 1765//575 1767//575 1768//575
f 1768//576 1767//576 1769//576
f 1768//577 1769//577 1770//577
f 1770//578 1769//578 1771//578
f 1770//579 1771//579 1772//579
f 1772//580 1771//580 1773//580
f 1772//581 1773//581 1774//581
f 1774//582 1773//582 1775//582
f 1774//583 1775//583 1776//583
f 1776//584 1775//584 1777//584
f 1776//584 1777//584 1778//584
f 1778//585 1777//585 1779//585
f 1778//586 1779//586 1780//586
f 1780//587 1779//587 1781//587
f 1780//588 1781//588 1782//588
f 1782//589 1781//589 1764//589
f 1782//590 1764//590 1763//590
f 1783//591 1784//591 1766//591
f 1783//591 1766//591 1765//591
f 1785//592 1786//592 1787//592
f 1785//593 1787//593 1788//593
f 1788//594 1787//594 1789//594
f 1788//595 1789//595 1790//595
f 1790//596 1789//596 1791//596
f 1790//597 1791//597 1792//597
f 1792//598 1791//598 1784//598
f 1792//599 1784//599 1783//599
f 1793//600 1794//600 1786//600
f 1793//601 1786//601 1785//601
f 1795//602 1796//602 1797//602
f 1795//603 1797//603 1798//603
f 1796//604 1799//604 1800//604
f 1796//605 1800//605 1797//605
f 1799//606 1801//606 1802//606
f 1799//607 1802//607 1800//607
f 1801//608 1803//608 1804//608
f 1801//609 1804//609 1802//609
f 1803//610 1805//610 1806//610
f 1803//611 1806//611 1804//611
f 1805//612 1794//612 1793//612
f 1805//613 1793//613 1806//613
f 1798//614 1807//614 1808//614
f 1798//615 1808//615 1795//615
f 1807//616 1809//616 1810//616
f 1807//617 1810//617 1808//617
f 1809//618 1811//618 1812//618
f 1809//619 1812//619 1810//619
f 1811//620 1813//620 1814//620
f 1811//621 1814//621 1812//621
f 1813//622 1815//622 1816//622
f 1813//623 1816//623 1814//623
f 1815//624 1817//624 1818//624
f 1815//625 1818//625 1816//625
f 1817//626 1819//626 1820//626
f 1817//627 1820//627 1818//627
f 1819//628 1821//628 1822//628
f 1819//629 1822//629 1820//629
f 1821//630 1823//630 1824//630
f 1821//631 1824//631 1822//631
f 1825//632 1826//632 1824//632
f 1825//632 1824//632 1823//632
f 1827//633 1828//633 1829//633
f 1827//634 1829//634 1830//634
f 1830//635 1829//635 1831//635
f 1830//635 1831//635 1832//635
f 1832//636 1831//636 1833//636
f 1832//637 1833//637 1834//637
f 1834//638 1833//638 1826//638
f 1834//639 1826//639 1825//639
f 1835//640 1836//640 1828//640
f 1835//641 1828//641 1827//641
f 1837//642 1838//642 1839//642
f 1837//643 1839//643 1840//643
f 1840//644 1839//644 1841//644
f 1840//645 1841//645 1842//645
f 1842//646 1841//646 1843//646
f 1842//646 1843//646 1844//646
f 1844//647 1843//647 1845//647
f 1844//648 1845//648 1846//648
f 1846//649 1845//649 1847//649
f 1846//650 1847//650 1848//650
f 1848//651 1847//651 1849//651
f 1848//652 1849//652 1850//652
f 1850//653 1849//653 1851//653
f 1850//654 1851//654 1852//654
f 1852//655 1851//655 1853//655
f 1852//656 1853//656 1854//656
f 1854//657 1853//657 1836//657
f 1854//658 1836//658 1835//658
f 1855//659 1856//659 1838//659
f 1855//659 1838//659 1837//659
f 1857//660 1858//660 1859//660
f 1857//661 1859//661 1860//661
f 1860//662 1859//662 1861//662
f 1860//663 1861//663 1862//663
f 1862//664 1861//664 1863//664
f 1862//665 1863//665 1864//665
f 1864//666 1863//666 1856//666
f 1864//667 1856//667 1855//667
f 1865//668 1866//668 1858//668
f 1865//668 1858//668 1857//668
f 1867//669 1868//669 1869//669
f 1867//670 1869//670 1870//670
f 1868//671 1871//671 1872//671
f 1868//672 1872//672 1869//672
f 1871//673 1873//673 1874//673
f 1871//674 1874//674 1872//674
f 1873//675 1875//675 1876//675
f 1873//676 1876//676 1874//676
f 1875//677 1877//677 1878//677
f 1875//678 1878//678 1876//678
f 1877//679 1866//679 1865//679
f 1877//680 1865//680 1878//680
f 1870//681 1879//681 1880//681
f 1870//682 1880//682 1867//682
f 1879//683 1881//683 1882//683
f 1879//684 1882//684 1880//684
f 1881//685 1883//685 1884//685
f 1881//686 1884//686 1882//686
f 1883//687 1885//687 1886//687
f 1883//688 1886//688 1884//688
f 1885//689 1887//689 1888//689
f 1885//690 1888//690 1886//690
f 1887//691 1889//691 1890//691
f 1887//692 1890//692 1888//692
f 1889//693 1891//693 1892//693
f 1889//694 1892//694 1890//694
f 1891//695 1893//695 1894//695
f 1891//696 1894//696 1892//696
f 1893//697 1895//697 1896//697
f 1893//698 1896//698 1894//698
f 1897//699 1898//699 1896//699
f 1897//699 1896//699 1895//699
f 1899//700 1900//700 1901//700
f 1899//701 1901//701 1902//701
f 1902//702 1901//702 1903//702
f 1902//703 1903//703 1904//703
f 1904//704 1903//704 1905//704
f 1904//705 1905//705 1906//705
f 1906//706 1905//706 1898//706
f 1906//706 1898//706 1897//706
f 1907//707 1908//707 1900//707
f 1907//708 1900//708 1899//708
f 1909//709 1910//709 1911//709
f 1909//710 1911//710 1912//710
f 1912//711 1911//711 1913//711
f 1912//712 1913//712 1914//712
f 1914//713 1913//713 1915//713
f 1914//714 1915//714 1916//714
f 1916//715 1915//715 1917//715
f 1916//716 1917//716 1918//716
f 1918//717 1917//717 1919//717
f 1918//718 1919//718 1920//718
f 1920//719 1919//719 1921//719
f 1920//720 1921//720 1922//720
f 1922//721 1921//721 1923//721
f 1922//722 1923//722 1924//722
f 1924//723 1923//723 1925//723
f 1924//724 1925//724 1926//724
f 1926//725 1925//725 1908//725
f 1926//726 1908//726 1907//726
f 1927//727 1928//727 1910//727
f 1927//728 1910//728 1909//728
f 1929//729 1930//729 1931//729
f 1929//730 1931//730 1932//730
f 1932//731 1931//731 1933//731
f 1932//732 1933//732 1934//732
f 1934//733 1933//733 1935//733
f 1934//734 1935//734 1936//734
f 1936//735 1935//735 1928//735
f 1936//736 1928//736 1927//736
f 1937//737 1938//737 1930//737
f 1937//737 1930//737 1929//737
f 1939//738 1940//738 1941//738
f 1939//739 1941//739 1942//739
f 1940//740 1943//740 1944//740
f 1940//741 1944//741 1941//741
f 1943//742 1945//742 1946//742
f 1943//743 1946//743 1944//743
f 1945//744 1947//744 1948//744
f 1945//745 1948//745 1946//745
f 1947//746 1949//746 1950//746
f 1947//747 1950//747 1948//747
f 1949//748 1938//748 1937//748
f 1949//749 1937//749 1950//749
f 1942//750 1951//750 1952//750
f 1942//751 1952//751 1939//751
f 1951//752 1953//752 1954//752
f 1951//753 1954//753 1952//753
f 1953//754 1955//754 1956//754
f 1953//755 1956//755 1954//755
f 1955//756 1957//756 1958//756
f 1955//757 1958//757 1956//757
f 1957//758 1959//758 1960//758
f 1957//759 1960//759 1958//759
f 1959//760 1961//760 1962//760
f 1959//761 1962//761 1960//761
f 1961//762 1963//762 1964//762
f 1961//763 1964//763 1962//763
f 1963//764 1965//764 1966//764
f 1963//765 1966//765 1964//765
f 1965//766 1967//766 1968//766
f 1965//767 1968//767 1966//767
f 1969//768 1970//768 1968//768
f 1969//768 1968//768 1967//768
f 1971//769 1972//769 1973//769
f 1971//770 1973//770 1974//770
f 1974//771 1973//771 1975//771
f 1974//771 1975//771 1976//771
f 1976//772 1975//772 1977//772
f 1976//773 1977//773 1978//773
f 1978//774 1977//774 1970//774
f 1978//775 1970//775 1969//775
f 1979//776 1980//776 1972//776
f 1979//776 1972//776 1971//776
f 1981//777 1982//777 1983//777
f 1981//778 1983//778 1984//778
f 1984//779 1983//779 1985//779
f 1984//780 1985//780 1986//780
f 1986//781 1985//781 1987//781
f 1986//782 1987//782 1988//782
f 1988//783 1987//783 1989//783
f 1988//784 1989//784 1990//784
f 1990//785 1989//785 1991//785
f 1990//786 1991//786 1992//786
f 1992//787 1991//787 1993//787
f 1992//788 1993//788 1994//788
f 1994//789 1993//789 1995//789
f 1994//790 1995//790 1996//790
f 1996//791 1995//791 1997//791
f 1996//792 1997//792 1998//792
f 1998//793 1997//793 1980//793
f 1998//794 1980//794 1979//794
f 1999//795 2000//795 1982//795
f 1999//796 1982//796 1981//796
f 2001//797 2002//797 2003//797
f 2001//798 2003//798 2004//798
f 2004//799 2003//799 2005//799
f 2004//800 2005//800 2006//800
f 2006//801 2005//801 2007//801
f 2006//802 2007//802 2008//802
f 2008//803 2007//803 2000//803
f 2008//804 2000//804 1999//804
f 2009//805 2010//805 2002//805
f 2009//805 2002//805 2001//805
f 2011//806 2012//806 2013//806
f 2011//807 2013//807 2014//807
f 2012//808 2015//808 2016//808
f 2012//809 2016//809 2013//809
f 2015//810 2017//810 2018//810
f 2015//811 2018//811 2016//811
f 2017//812 2019//812 2020//812
f 2017//813 2020//813 2018//813
f 2019//814 2021//814 2022//814
f 2019//815 2022//815 2020//815
f 2021//816 2010//816 2009//816
f 2021//817 2009//817 2022//817
f 2014//818 2023//818 2024//818
f 2014//819 2024//819 2011//819
f 2023//820 2025//820 2026//820
f 2023//821 2026//821 2024//821
f 2025//822 2027//822 2028//822
f 2025//823 2028//823 2026//823
f 2027//824 2029//824 2030//824
f 2027//825 2030//825 2028//825
f 2029//826 2031//826 2032//826
f 2029//827 2032//827 2030//827
f 2031//828 2033//828 2034//828
f 2031//829 2034//829 2032//829
f 2033//830 2035//830 2036//830
f 2033//831 2036//831 2034//831
f 2035//832 2037//832 2038//832
f 2035//833 2038//833 2036//833
f 2037//834 2039//834 2040//834
f 2037//835 2040//835 2038//835
f 2041//836 2042//836 2040//836
f 2041//836 2040//836 2039//836
f 2043//837 2044//837 2045//837
f 2043//838 2045//838 2046//838
f 2046//839 2045//839 2047//839
f 2046//840 2047//840 2048//840
f 2048//841 2047//841 2049//841
f 2048//842 2049//842 2050//842
f 2050//843 2049//843 2042//843
f 2050//843 2042//843 2041//843
f 2051//844 2052//844 2044//844
f 2051//845 2044//845 2043//845
f 2053//846 2054//846 2055//846
f 2053//847 2055//847 2056//847
f 2056//848 2055//848 2057//848
f 2056//849 2057//849 2058//849
f 2058//850 2057//850 2059//850
f 2058//851 2059//851 2060//851
f 2060//852 2059//852 2061//852
f 2060//853 2061//853 2062//853
f 2062//854 2061//854 2063//854
f 2062//855 2063//855 2064//855
f 2064//856 2063//856 2065//856
f 2064//857 2065//857 2066//857
f 2066//858 2065//858 2067//858
f 2066//859 2067//859 2068//859
f 2068//860 2067//860 2069//860
f 2068//861 2069//861 2070//861
f 2070//862 2069//862 2052//862
f 2070//863 2052//863 2051//863
f 2071//864 2072//864 2054//864
f 2071//865 2054//865 2053//865
f 2073//866 2074//866 2075//866
f 2073//867 2075//867 2076//867
f 2076//868 2075//868 2077//868
f 2076//869 2077//869 2078//869
f 2078//870 2077//870 2079//870
f 2078//871 2079//871 2080//871
f 2080//872 2079//872 2072//872
f 2080//873 2072//873 2071//873
f 2081//874 2082//874 2074//874
f 2081//875 2074//875 2073//875
f 2083//876 2084//876 2085//876
f 2083//877 2085//877 2086//877
f 2084//878 2087//878 2088//878
f 2084//879 2088//879 2085//879
f 2087//880 2089//880 2090//880
f 2087//881 2090//881 2088//881
f 2089//882 2091//882 2092//882
f 2089//883 2092//883 2090//883
f 2091//884 2093//884 2094//884
f 2091//885 2094//885 2092//885
f 2093//886 2082//886 2081//886
f 2093//887 2081//887 2094//887
f 2086//888 2095//888 2096//888
f 2086//889 2096//889 2083//889
f 2095//890 2097//890 2098//890
f 2095//891 2098//891 2096//891
f 2097//892 2099//892 2100//892
f 2097//893 2100//893 2098//893
f 2099//894 2101//894 2102//894
f 2099//895 2102//895 2100//895
f 2101//896 2103//896 2104//896
f 2101//897 2104//897 2102//897
f 2103//898 2105//898 2106//898
f 2103//899 2106//899 2104//899
f 2105//900 2107//900 2108//900
f 2105//901 2108//901 2106//901
f 2107//902 2109//902 2110//902
f 2107//903 2110//903 2108//903
f 2109//904 2111//904 2112//904
f 2109//905 2112//905 2110//905
f 2113//906 2114//906 2112//906
f 2113//907 2112//907 2111//907
f 2115//908 2116//908 2117//908
f 2115//909 2117//909 2118//909
f 2118//910 2117//910 2119//910
f 2118//911 2119//911 2120//911
f 2120//912 2119//912 2121//912
f 2120//913 2121//913 2122//913
f 2122//914 2121//914 2114//914
f 2122//915 2114//915 2113//915
f 2123//916 2124//916 2116//916
f 2123//917 2116//917 2115//917
f 2125//918 2126//918 2127//918
f 2125//919 2127//919 2128//919
f 2128//920 2127//920 2129//920
f 2128//921 2129//921 2130//921
f 2130//922 2129//922 2131//922
f 2130//923 2131//923 2132//923
f 2132//924 2131//924 2133//924
f 2132//925 2133//925 2134//925
f 2134//926 2133//926 2135//926
f 2134//927 2135//927 2136//927
f 2136//928 2135//928 2137//928
f 2136//929 2137//929 2138//929
f 2138//930 2137//930 2139//930
f 2138//931 2139//931 2140//931
f 2140//932 2139//932 2141//932
f 2140//933 2141//933 2142//933
f 2142//934 2141//934 2124//934
f 2142//935 2124//935 2123//935
f 2143//936 2144//936 2126//936
f 2143//936 2126//936 2125//936
f 2145//937 2146//937 2147//937
f 2145//937 2147//937 2148//937
f 2148//938 2147//938 2149//938
f 2148//939 2149//939 2150//939
f 2150//940 2149//940 2151//940
f 2150//941 2151//941 2152//941
f 2152//942 2151//942 2144//942
f 2152//943 2144//943 2143//943
f 2153//944 2154//944 2146//944
f 2153//944 2146//944 2145//944
f 2155//945 2156//945 2157//945
f 2155//946 2157//946 2158//946
f 2156//947 2159//947 2160//947
f 2156//948 2160//948 2157//948
f 2159//949 2161//949 2162//949
f 2159//950 2162//950 2160//950
f 2161//951 2163//951 2164//951
f 2161//952 2164//952 2162//952
f 2163//953 2165//953 2166//953
f 2163//954 2166//954 2164//954
f 2165//955 2154//955 2153//955
f 2165//956 2153//956 2166//956
f 2158//957 2167//957 2168//957
f 2158//958 2168//958 2155//958
f 2167//959 2169//959 2170//959
f 2167//960 2170//960 2168//960
f 2169//961 2171//961 2172//961
f 2169//962 2172//962 2170//962
f 2171//963 2173//963 2174//963
f 2171//964 2174//964 2172//964
f 2173//965 2175//965 2176//965
f 2173//966 2176//966 2174//966
f 2175//967 2177//967 2178//967
f 2175//968 2178//968 2176//968
f 2177//969 2179//969 2180//969
f 2177//970 2180//970 2178//970
f 2179//971 2181//971 2182//971
f 2179//972 2182//972 2180//972
f 2181//973 2183//973 2184//973
f 2181//974 2184//974 2182//974
f 2185//975 2186//975 2184//975
f 2185//976 2184//976 2183//976
f 2187//977 2188//977 2189//977
f 2187//978 2189//978 2190//978
f 2190//979 2189//979 2191//979
f 2190//980 2191//980 2192//980
f 2192//981 2191//981 2193//981
f 2192//982 2193//982 2194//982
f 2194//983 2193//983 2186//983
f 2194//984 2186//984 2185//984
f 2195//985 2196//985 2188//985
f 2195//986 2188//986 2187//986
f 2197//987 2198//987 2199//987
f 2197//988 2199//988 2200//988
f 2200//989 2199//989 2201//989
f 2200//990 2201//990 2202//990
f 2202//991 2201//991 2203//991
f 2202//992 2203//992 2204//992
f 2204//993 2203//993 2205//993
f 2204//994 2205//994 2206//994
f 2206//995 2205//995 2207//995
f 2206//996 2207//996 2208//996
f 2208//997 2207//997 2209//997
f 2208//998 2209//998 2210//998
f 2210//999 2209//999 2211//999
f 2210//1000 2211//1000 2212//1000
f 2212//1001 2211//1001 2213//1001
f 2212//1002 2213//1002 2214//1002
f 2214//1003 2213//1003 2196//1003
f 2214//1004 2196//1004 2195//1004
f 2215//1005 2216//1005 2198//1005
f 2215//1005 2198//1005 2197//1005
f 2217//1006 2218//1006 2219//1006
f 2217//1007 2219//1007 2220//1007
f 2220//1008 2219//1008 2221//1008
f 2220//1009 2221//1009 2222//1009
f 2222//1010 2221//1010 2223//1010
f 2222//1011 2223//1011 2224//1011
f 2224//1012 2223//1012 2216//1012
f 2224//1013 2216//1013 2215//1013
f 2225//1014 2226//1014 2218//1014
f 2225//1015 2218//1015 2217//1015
f 2227//1016 2228//1016 2229//1016
f 2227//1017 2229//1017 2230//1017
f 2228//1018 2231//1018 2232//1018
f 2228//1019 2232//1019 2229//1019
f 2231//1020 2233//1020 2234//1020
f 2231//1021 2234//1021 2232//1021
f 2233//1022 2235//1022 2236//1022
f 2233//1023 2236//1023 2234//1023
f 2235//1024 2237//1024 2238//1024
f 2235//1025 2238//1025 2236//1025
f 2237//1026 2226//1026 2225//1026
f 2237//1027 2225//1027 2238//1027
f 2230//1028 2239//1028 2240//1028
f 2230//1029 2240//1029 2227//1029
f 2239//1030 2241//1030 2242//1030
f 2239//1031 2242//1031 2240//1031
f 2241//1032 2243//1032 2244//1032
f 2241//1033 2244//1033 2242//1033
f 2243//1034 2245//1034 2246//1034
f 2243//1035 2246//1035 2244//1035
f 2245//1036 2247//1036 2248//1036
f 2245//1037 2248//1037 2246//1037
f 2247//1038 2249//1038 2250//1038
f 2247//1039 2250//1039 2248//1039
f 2249//1040 2251//1040 2252//1040
f 2249//1041 2252//1041 2250//1041
f 2251//1042 2253//1042 2254//1042
f 2251//1043 2254//1043 2252//1043
f 2253//1044 2255//1044 2256//1044
f 2253//1045 2256//1045 2254//1045
f 2257//1046 2258//1046 2256//1046
f 2257//1046 2256//1046 2255//1046
f 2259//1047 2260//1047 2261//1047
f 2259//1048 2261//1048 2262//1048
f 2262//1049 2261//1049 2263//1049
f 2262//1050 2263//1050 2264//1050
f 2264//1051 2263//1051 2265//1051
f 2264//1052 2265//1052 2266//1052
f 2266//1053 2265//1053 2258//1053
f 2266//1054 2258//1054 2257//1054
f 2267//1055 2268//1055 2260//1055
f 2267//1056 2260//1056 2259//1056
f 2269//1057 2270//1057 2271//1057
f 2269//1058 2271//1058 2272//1058
f 2272//1059 2271//1059 2273//1059
f 2272//1060 2273//1060 2274//1060
f 2274//1061 2273//1061 2275//1061
f 2274//1062 2275//1062 2276//1062
f 2276//1063 2275//1063 2277//1063
f 2276//1064 2277//1064 2278//1064
f 2278//1065 2277//1065 2279//1065
f 2278//1066 2279//1066 2280//1066
f 2280//1067 2279//1067 2281//1067
f 2280//1068 2281//1068 2282//1068
f 2282//1069 2281//1069 2283//1069
f 2282//1070 2283//1070 2284//1070
f 2284//1071 2283//1071 2285//1071
f 2284//1072 2285//1072 2286//1072
f 2286//1073 2285//1073 2268//1073
f 2286//1074 2268//1074 2267//1074
f 2287//1075 2288//1075 2270//1075
f 2287//1075 2270//1075 2269//1075
f 2289//1076 2290//1076 2291//1076
f 2289//1077 2291//1077 2292//1077
f 2292//1078 2291//1078 2293//1078
f 2292//1079 2293//1079 2294//1079
f 2294//1080 2293//1080 2295//1080
f 2294//1081 2295//1081 2296//1081
f 2296//1082 2295//1082 2288//1082
f 2296//1083 2288//1083 2287//1083
f 2297//1084 2298//1084 2290//1084
f 2297//1085 2290//1085 2289//1085
f 2299//1086 2300//1086 2301//1086
f 2299//1087 2301//1087 2302//1087
f 2300//1088 2303//1088 2304//1088
f 2300//1089 2304//1089 2301//1089
f 2303//1090 2305//1090 2306//1090
f 2303//1091 2306//1091 2304//1091
f 2305//1092 2307//1092 2308//1092
f 2305//1093 2308//1093 2306//1093
f 2307//1094 2309//1094 2310//1094
f 2307//1095 2310//1095 2308//1095
f 2309//1096 2298//1096 2297//1096
f 2309//1097 2297//1097 2310//1097
f 2302//1098 2311//1098 2312//1098
f 2302//1099 2312//1099 2299//1099
f 2311//1100 2313//1100 2314//1100
f 2311//1101 2314//1101 2312//1101
f 2313//1102 2315//1102 2316//1102
f 2313//1103 2316//1103 2314//1103
f 2315//1104 2317//1104 2318//1104
f 2315//1105 2318//1105 2316//1105
f 2317//1106 2319//1106 2320//1106
f 2317//1107 2320//1107 2318//1107
f 2319//1108 2321//1108 2322//1108
f 2319//1109 2322//1109 2320//1109
f 2321//1110 2323//1110 2324//1110
f 2321//1111 2324//1111 2322//1111
f 2323//1112 2325//1112 2326//1112
f 2323//1113 2326//1113 2324//1113
f 2325//1114 2327//1114 2328//1114
f 2325//1115 2328//1115 2326//1115
f 2329//1116 2330//1116 2328//1116
f 2329//1116 2328//1116 2327//1116
f 2331//1117 2332//1117 2333//1117
f 2331//1118 2333//1118 2334//1118
f 2334//1119 2333//1119 2335//1119
f 2334//1120 2335//1120 2336//1120
f 2336//1121 2335//1121 2337//1121
f 2336//1122 2337//1122 2338//1122
f 2338//1123 2337//1123 2330//1123
f 2338//1124 2330//1124 2329//1124
f 2339//1125 2340//1125 2332//1125
f 2339//1126 2332//1126 2331//1126
f 2341//1127 2342//1127 2343//1127
f 2341//1128 2343//1128 2344//1128
f 2344//1129 2343//1129 2345//1129
f 2344//1130 2345//1130 2346//1130
f 2346//1131 2345//1131 2347//1131
f 2346//1132 2347//1132 2348//1132
f 2348//1133 2347//1133 2349//1133
f 2348//1134 2349//1134 2350//1134
f 2350//1135 2349//1135 2351//1135
f 2350//1136 2351//1136 2352//1136
f 2352//1137 2351//1137 2353//1137
f 2352//1138 2353//1138 2354//1138
f 2354//1139 2353//1139 2355//1139
f 2354//1140 2355//1140 2356//1140
f 2356//1141 2355//1141 2357//1141
f 2356//1142 2357//1142 2358//1142
f 2358//1143 2357//1143 2340//1143
f 2358//1144 2340//1144 2339//1144
f 2359//1145 2360//1145 2342//1145
f 2359//1145 2342//1145 2341//1145
f 2361//1146 2362//1146 2363//1146
f 2361//1147 2363//1147 2364//1147
f 2364//1148 2363//1148 2365//1148
f 2364//1149 2365//1149 2366//1149
f 2366//1150 2365//1150 2367//1150
f 2366//1151 2367//1151 2368//1151
f 2368//1152 2367//1152 2360//1152
f 2368//1153 2360//1153 2359//1153
f 2369//1154 2370//1154 2362//1154
f 2369//1155 2362//1155 2361//1155
f 2371//1156 2372//1156 2373//1156
f 2371//1157 2373//1157 2374//1157
f 2372//1158 2375//1158 2376//1158
f 2372//1159 2376//1159 2373//1159
f 2375//1160 2377//1160 2378//1160
f 2375//1161 2378//1161 2376//1161
f 2377//1162 2379//1162 2380//1162
f 2377//1163 2380//1163 2378//1163
f 2379//1164 2381//1164 2382//1164
f 2379//1165 2382//1165 2380//1165
f 2381//1166 2370//1166 2369//1166
f 2381//1167 2369//1167 2382//1167
f 2374//1168 2383//1168 2384//1168
f 2374//1169 2384//1169 2371//1169
f 2383//1170 2385//1170 2386//1170
f 2383//1171 2386//1171 2384//1171
f 2385//1172 2387//1172 2388//1172
f 2385//1173 2388//1173 2386//1173
f 2387//1174 2389//1174 2390//1174
f 2387//1175 2390//1175 2388//1175
f 2389//1176 2391//1176 2392//1176
f 2389//1177 2392//1177 2390//1177
f 2391//1178 2393//1178 2394//1178
f 2391//1179 2394//1179 2392//1179
f 2393//1180 2395//1180 2396//1180
f 2393//1181 2396//1181 2394//1181
f 2395//1182 2397//1182 2398//1182
f 2395//1183 2398//1183 2396//1183
f 2397//1184 2399//1184 2400//1184
f 2397//1185 2400//1185 2398//1185
f 2401//1186 2402//1186 2400//1186
f 2401//1186 2400//1186 2399//1186
f 2403//1187 2404//1187 2405//1187
f 2403//1188 2405//1188 2406//1188
f 2406//1189 2405//1189 2407//1189
f 2406//1190 2407//1190 2408//1190
f 2408//1191 2407//1191 2409//1191
f 2408//1192 2409//1192 2410//1192
f 2410//1193 2409//1193 2402//1193
f 2410//1194 2402//1194 2401//1194
f 2411//1195 2412//1195 2404//1195
f 2411//1195 2404//1195 2403//1195
f 2413//1196 2414//1196 2415//1196
f 2413//1196 2415//1196 2416//1196
f 2416//1197 2415//1197 2417//1197
f 2416//1198 2417//1198 2418//1198
f 2418//1199 2417//1199 2419//1199
f 2418//1200 2419//1200 2420//1200
f 2420//1201 2419//1201 2421//1201
f 2420//1202 2421//1202 2422//1202
f 2422//1203 2421//1203 2423//1203
f 2422//1204 2423//1204 2424//1204
f 2424//1205 2423//1205 2425//1205
f 2424//1206 2425//1206 2426//1206
f 2426//1207 2425//1207 2427//1207
f 2426//1208 2427//1208 2428//1208
f 2428//1209 2427//1209 2429//1209
f 2428//1210 2429//1210 2430//1210
f 2430//1211 2429//1211 2412//1211
f 2430//1212 2412//1212 2411//1212
f 2431//1213 2432//1213 2414//1213
f 2431//1213 2414//1213 2413//1213
f 2433//1214 2434//1214 2435//1214
f 2433//1215 2435//1215 2436//1215
f 2436//1216 2435//1216 2437//1216
f 2436//1217 2437//1217 2438//1217
f 2438//1218 2437//1218 2439//1218
f 2438//1219 2439//1219 2440//1219
f 2440//1220 2439//1220 2432//1220
f 2440//1221 2432//1221 2431//1221
f 2441//1222 2442//1222 2434//1222
f 2441//1223 2434//1223 2433//1223
f 2443//1224 2444//1224 2445//1224
f 2443//1225 2445//1225 2446//1225
f 2444//1226 2447//1226 2448//1226
f 2444//1227 2448//1227 2445//1227
f 2447//1228 2449//1228 2450//1228
f 2447//1229 2450//1229 2448//1229
f 2449//1230 2451//1230 2452//1230
f 2449//1231 2452//1231 2450//1231
f 2451//1232 2453//1232 2454//1232
f 2451//1233 2454//1233 2452//1233
f 2453//1234 2442//1234 2441//1234
f 2453//1235 2441//1235 2454//1235
f 2446//1236 2455//1236 2456//1236
f 2446//1237 2456//1237 2443//1237
f 2455//1238 2457//1238 2458//1238
f 2455//1239 2458//1239 2456//1239
f 2457//1240 2459//1240 2460//1240
f 2457//1241 2460//1241 2458//1241
f 2459//1242 2461//1242 2462//1242
f 2459//1243 2462//1243 2460//1243
f 2461//1244 2463//1244 2464//1244
f 2461//1245 2464//1245 2462//1245
f 2463//1246 2465//1246 2466//1246
f 2463//1247 2466//1247 2464//1247
f 2465//1248 2467//1248 2468//1248
f 2465//1249 2468//1249 2466//1249
f 2467//1250 2469//1250 2470//1250
f 2467//1251 2470//1251 2468//1251
f 2469//1252 2471//1252 2472//1252
f 2469//1253 2472//1253 2470//1253
f 2473//1254 2474//1254 2472//1254
f 2473//1254 2472//1254 2471//1254
f 2475//1255 2476//1255 2477//1255
f 2475//1256 2477//1256 2478//1256
f 2478//1257 2477//1257 2479//1257
f 2478//1258 2479//1258 2480//1258
f 2480//1259 2479//1259 2481//1259
f 2480//1259 2481//1259 2482//1259
f 2482//1260 2481//1260 2474//1260
f 2482//1260 2474//1260 2473//1260
f 2483//1261 2484//1261 2476//1261
f 2483//1262 2476//1262 2475//1262
f 2485//1263 2486//1263 2487//1263
f 2485//1263 2487//1263 2488//1263
f 2488//1264 2487//1264 2489//1264
f 2488//1265 2489//1265 2490//1265
f 2490//1266 2489//1266 2491//1266
f 2490//1267 2491//1267 2492//1267
f 2492//1268 2491//1268 2493//1268
f 2492//1269 2493//1269 2494//1269
f 2494//1270 2493//1270 2495//1270
f 2494//1271 2495//1271 2496//1271
f 2496//1272 2495//1272 2497//1272
f 2496//1273 2497//1273 2498//1273
f 2498//1274 2497//1274 2499//1274
f 2498//1275 2499//1275 2500//1275
f 2500//1276 2499//1276 2501//1276
f 2500//1277 2501//1277 2502//1277
f 2502//1278 2501//1278 2484//1278
f 2502//1279 2484//1279 2483//1279
f 2503//1280 2504//1280 2486//1280
f 2503//1281 2486//1281 2485//1281
f 2505//1282 2506//1282 2507//1282
f 2505//1283 2507//1283 2508//1283
f 2508//1284 2507//1284 2509//1284
f 2508//1285 2509//1285 2510//1285
f 2510//1286 2509//1286 2511//1286
f 2510//1287 2511//1287 2512//1287
f 2512//1288 2511//1288 2504//1288
f 2512//1289 2504//1289 2503//1289
f 2513//1290 2514//1290 2506//1290
f 2513//1291 2506//1291 2505//1291
f 2515//1292 2516//1292 2517//1292
f 2515//1293 2517//1293 2518//1293
f 2516//1294 2519//1294 2520//1294
f 2516//1295 2520//1295 2517//1295
f 2519//1296 2521//1296 2522//1296
f 2519//1297 2522//1297 2520//1297
f 2521//1298 2523//1298 2524//1298
f 2521//1299 2524//1299 2522//1299
f 2523//1300 2525//1300 2526//1300
f 2523//1301 2526//1301 2524//1301
f 2525//1302 2514//1302 2513//1302
f 2525//1303 2513//1303 2526//1303
f 2518//1304 2527//1304 2528//1304
f 2518//1305 2528//1305 2515//1305
f 2527//1306 2529//1306 2530//1306
f 2527//1307 2530//1307 2528//1307
f 2529//1308 2531//1308 2532//1308
f 2529//1309 2532//1309 2530//1309
f 2531//1310 2533//1310 2534//1310
f 2531//1311 2534//1311 2532//1311
f 2533//1312 2535//1312 2536//1312
f 2533//1313 2536//1313 2534//1313
f 2535//1314 2537//1314 2538//1314
f 2535//1315 2538//1315 2536//1315
f 2537//1316 2539//1316 2540//1316
f 2537//1317 2540//1317 2538//1317
f 2539//1318 2541//1318 2542//1318
f 2539//1319 2542//1319 2540//1319
f 2541//1320 2543//1320 2544//1320
f 2541//1321 2544//1321 2542//1321
f 2545//1322 2546//1322 2544//1322
f 2545//1322 2544//1322 2543//1322
f 2547//1323 2548//1323 2549//1323
f 2547//1324 2549//1324 2550//1324
f 2550//1325 2549//1325 2551//1325
f 2550//1326 2551//1326 2552//1326
f 2552//1327 2551//1327 2553//1327
f 2552//1328 2553//1328 2554//1328
f 2554//1329 2553//1329 2546//1329
f 2554//1330 2546//1330 2545//1330
f 2555//1331 2556//1331 2548//1331
f 2555//1332 2548//1332 2547//1332
f 2557//1333 2558//1333 2559//1333
f 2557//1334 2559//1334 2560//1334
f 2560//1335 2559//1335 2561//1335
f 2560//1336 2561//1336 2562//1336
f 2562//1337 2561//1337 2563//1337
f 2562//1338 2563//1338 2564//1338
f 2564//1339 2563//1339 2565//1339
f 2564//1340 2565//1340 2566//1340
f 2566//1341 2565//1341 2567//1341
f 2566//1342 2567//1342 2568//1342
f 2568//1343 2567//1343 2569//1343
f 2568//1344 2569//1344 2570//1344
f 2570//1345 2569//1345 2571//1345
f 2570//1346 2571//1346 2572//1346
f 2572//1347 2571//1347 2573//1347
f 2572//1348 2573//1348 2574//1348
f 2574//1349 2573//1349 2556//1349
f 2574//1350 2556//1350 2555//1350
f 2575//1351 2576//1351 2558//1351
f 2575//1351 2558//1351 2557//1351
f 2577//1352 2578//1352 2579//1352
f 2577//1353 2579//1353 2580//1353
f 2580//1354 2579//1354 2581//1354
f 2580//1355 2581//1355 2582//1355
f 2582//1356 2581//1356 2583//1356
f 2582//1356 2583//1356 2584//1356
f 2584//1357 2583//1357 2576//1357
f 2584//1358 2576//1358 2575//1358
f 2585//1359 2586//1359 2578//1359
f 2585//1360 2578//1360 2577//1360
f 2587//1361 2588//1361 2589//1361
f 2587//1362 2589//1362 2590//1362
f 2588//1363 2591//1363 2592//1363
f 2588//1364 2592//1364 2589//1364
f 2591//1365 2593//1365 2594//1365
f 2591//1366 2594//1366 2592//1366
f 2593//1367 2595//1367 2596//1367
f 2593//1368 2596//1368 2594//1368
f 2595//1369 2597//1369 2598//1369
f 2595//1370 2598//1370 2596//1370
f 2597//1371 2586//1371 2585//1371
f 2597//1372 2585//1372 2598//1372
f 2590//1373 2599//1373 2600//1373
f 2590//1374 2600//1374 2587//1374
f 2599//1375 2601//1375 2602//1375
f 2599//1376 2602//1376 2600//1376
f 2601//1377 2603//1377 2604//1377
f 2601//1378 2604//1378 2602//1378
f 2603//1379 2605//1379 2606//1379
f 2603//1380 2606//1380 2604//1380
f 2605//1381 2607//1381 2608//1381
f 2605//1382 2608//1382 2606//1382
f 2607//1383 2609//1383 2610//1383
f 2607//1384 2610//1384 2608//1384
f 2609//1385 2611//1385 2612//1385
f 2609//1386 2612//1386 2610//1386
f 2611//1387 2613//1387 2614//1387
f 2611//1388 2614//1388 2612//1388
f 2613//1389 2615//1389 2616//1389
f 2613//1390 2616//1390 2614//1390
f 2617//1391 2618//1391 2616//1391
f 2617//1392 2616//1392 2615//1392
f 2619//1393 2620//1393 2621//1393
f 2619//1394 2621//1394 2622//1394
f 2622//1395 2621//1395 2623//1395
f 2622//1396 2623//1396 2624//1396
f 2624//1397 2623//1397 2625//1397
f 2624//1398 2625//1398 2626//1398
f 2626//1399 2625//1399 2618//1399
f 2626//1400 2618//1400 2617//1400
f 2627//1401 2628//1401 2620//1401
f 2627//1401 2620//1401 2619//1401
f 2629//1402 2630//1402 2631//1402
f 2629//1402 2631//1402 2632//1402
f 2632//1403 2631//1403 2633//1403
f 2632//1404 2633//1404 2634//1404
f 2634//1405 2633//1405 2635//1405
f 2634//1406 2635//1406 2636//1406
f 2636//1407 2635//1407 2637//1407
f 2636//1408 2637//1408 2638//1408
f 2638//1409 2637//1409 2639//1409
f 2638//1410 2639//1410 2640//1410
f 2640//1411 2639//1411 2641//1411
f 2640//1412 2641//1412 2642//1412
f 2642//1413 2641//1413 2643//1413
f 2642//1414 2643//1414 2644//1414
f 2644//1415 2643//1415 2645//1415
f 2644//1416 2645//1416 2646//1416
f 2646//1417 2645//1417 2628//1417
f 2646//1418 2628//1418 2627//1418
f 2647//1419 2648//1419 2630//1419
f 2647//1419 2630//1419 2629//1419
f 2649//1420 2650//1420 2651//1420
f 2649//1421 2651//1421 2652//1421
f 2652//1422 2651//1422 2653//1422
f 2652//1422 2653//1422 2654//1422
f 2654//1423 2653//1423 2655//1423
f 2654//1424 2655//1424 2656//1424
f 2656//1425 2655//1425 2648//1425
f 2656//1426 2648//1426 2647//1426
f 2657//1427 2658//1427 2650//1427
f 2657//1428 2650//1428 2649//1428
f 2659//1429 2660//1429 2661//1429
f 2659//1430 2661//1430 2662//1430
f 2660//1431 2663//1431 2664//1431
f 2660//1432 2664//1432 2661//1432
f 2663//1433 2665//1433 2666//1433
f 2663//1434 2666//1434 2664//1434
f 2665//1435 2667//1435 2668//1435
f 2665//1436 2668//1436 2666//1436
f 2667//1437 2669//1437 2670//1437
f 2667//1438 2670//1438 2668//1438
f 2669//1439 2658//1439 2657//1439
f 2669//1440 2657//1440 2670//1440
f 2662//1441 2671//1441 2672//1441
f 2662//1442 2672//1442 2659//1442
f 2671//1443 2673//1443 2674//1443
f 2671//1444 2674//1444 2672//1444
f 2673//1445 2675//1445 2676//1445
f 2673//1446 2676//1446 2674//1446
f 2675//1447 2677//1447 2678//1447
f 2675//1448 2678//1448 2676//1448
f 2677//1449 2679//1449 2680//1449
f 2677//1450 2680//1450 2678//1450
f 2679//1451 2681//1451 2682//1451
f 2679//1452 2682//1452 2680//1452
f 2681//1453 2683//1453 2684//1453
f 2681//1454 2684//1454 2682//1454
f 2683//1455 2685//1455 2686//1455
f 2683//1456 2686//1456 2684//1456
f 2685//1457 2687//1457 2688//1457
f 2685//1458 2688//1458 2686//1458
f 2689//1459 2690//1459 2688//1459
f 2689//1459 2688//1459 2687//1459
f 2691//1460 2692//1460 2693//1460
f 2691//1461 2693//1461 2694//1461
f 2694//1462 2693//1462 2695//1462
f 2694//1463 2695//1463 2696//1463
f 2696//1464 2695//1464 2697//1464
f 2696//1465 2697//1465 2698//1465
f 2698//1466 2697//1466 2690//1466
f 2698//1467 2690//1467 2689//1467
f 2699//1468 2700//1468 2692//1468
f 2699//1469 2692//1469 2691//1469
f 2701//1470 2702//1470 2703//1470
f 2701//1470 2703//1470 2704//1470
f 2704//1471 2703//1471 2705//1471
f 2704//1472 2705//1472 2706//1472
f 2706//1473 2705//1473 2707//1473
f 2706//1474 2707//1474 2708//1474
f 2708//1475 2707//1475 2709//1475
f 2708//1476 2709//1476 2710//1476
f 2710//1477 2709//1477 2711//1477
f 2710//1478 2711//1478 2712//1478
f 2712//1479 2711//1479 2713//1479
f 2712//1480 2713//1480 2714//1480
f 2714//1481 2713//1481 2715//1481
f 2714//1482 2715//1482 2716//1482
f 2716//1483 2715//1483 2717//1483
f 2716//1484 2717//1484 2718//1484
f 2718//1485 2717//1485 2700//1485
f 2718//1486 2700//1486 2699//1486
f 2719//1487 2720//1487 2702//1487
f 2719//1487 2702//1487 2701//1487
f 2721//1488 2722//1488 2723//1488
f 2721//1489 2723//1489 2724//1489
f 2724//1490 2723//1490 2725//1490
f 2724//1491 2725//1491 2726//1491
f 2726//1492 2725//1492 2727//1492
f 2726//1493 2727//1493 2728//1493
f 2728//1494 2727//1494 2720//1494
f 2728//1495 2720//1495 2719//1495
f 2729//1496 2730//1496 2722//1496
f 2729//1497 2722//1497 2721//1497
f 2731//1498 2732//1498 2733//1498
f 2731//1499 2733//1499 2734//1499
f 2732//1500 2735//1500 2736//1500
f 2732//1501 2736//1501 2733//1501
f 2735//1502 2737//1502 2738//1502
f 2735//1503 2738//1503 2736//1503
f 2737//1504 2739//1504 2740//1504
f 2737//1505 2740//1505 2738//1505
f 2739//1506 2741//1506 2742//1506
f 2739//1507 2742//1507 2740//1507
f 2741//1508 2730//1508 2729//1508
f 2741//1509 2729//1509 2742//1509
f 2734//1510 2743//1510 2744//1510
f 2734//1511 2744//1511 2731//1511
f 2743//1512 2745//1512 2746//1512
f 2743//1513 2746//1513 2744//1513
f 2745//1514 2747//1514 2748//1514
f 2745//1515 2748//1515 2746//1515
f 2747//1516 2749//1516 2750//1516
f 2747//1517 2750//1517 2748//1517
f 2749//1518 2751//1518 2752//1518
f 2749//1519 2752//1519 2750//1519
f 2751//1520 2753//1520 2754//1520
f 2751//1521 2754//1521 2752//1521
f 2753//1522 2755//1522 2756//1522
f 2753//1523 2756//1523 2754//1523
f 2755//1524 2757//1524 2758//1524
f 2755//1525 2758//1525 2756//1525
f 2757//1526 2759//1526 2760//1526
f 2757//1527 2760//1527 2758//1527
f 2761//1528 2762//1528 2760//1528
f 2761//1529 2760//1529 2759//1529
f 2763//1530 2764//1530 2765//1530
f 2763//1531 2765//1531 2766//1531
f 2766//1532 2765//1532 2767//1532
f 2766//1533 2767//1533 2768//1533
f 2768//1534 2767//1534 2769//1534
f 2768//1535 2769//1535 2770//1535
f 2770//1536 2769//1536 2762//1536
f 2770//1537 2762//1537 2761//1537
f 2771//1538 2772//1538 2764//1538
f 2771//1538 2764//1538 2763//1538
f 2773//1539 2774//1539 2775//1539
f 2773//1540 2775//1540 2776//1540
f 2776//1541 2775//1541 2777//1541
f 2776//1542 2777//1542 2778//1542
f 2778//1543 2777//1543 2779//1543
f 2778//1544 2779//1544 2780//1544
f 2780//1545 2779//1545 2781//1545
f 2780//1546 2781//1546 2782//1546
f 2782//1547 2781//1547 2783//1547
f 2782//1548 2783//1548 2784//1548
f 2784//1549 2783//1549 2785//1549
f 2784//1550 2785//1550 2786//1550
f 2786//1551 2785//1551 2787//1551
f 2786//1552 2787//1552 2788//1552
f 2788//1553 2787//1553 2789//1553
f 2788//1554 2789//1554 2790//1554
f 2790//1555 2789//1555 2772//1555
f 2790//1556 2772//1556 2771//1556
f 2791//1557 2792//1557 2774//1557
f 2791//1557 2774//1557 2773//1557
f 2793//1558 2794//1558 2795//1558
f 2793//1559 2795//1559 2796//1559
f 2796//1560 2795//1560 2797//1560
f 2796//1561 2797//1561 2798//1561
f 2798//1562 2797//1562 2799//1562
f 2798//1562 2799//1562 2800//1562
f 2800//1563 2799//1563 2792//1563
f 2800//1564 2792//1564 2791//1564
f 2801//1565 2802//1565 2794//1565
f 2801//1566 2794//1566 2793//1566
f 2803//1567 2804//1567 2805//1567
f 2803//1568 2805//1568 2806//1568
f 2804//1569 2807//1569 2808//1569
f 2804//1570 2808//1570 2805//1570
f 2807//1571 2809//1571 2810//1571
f 2807//1572 2810//1572 2808//1572
f 2809//1573 2811//1573 2812//1573
f 2809//1574 2812//1574 2810//1574
f 2811//1575 2813//1575 2814//1575
f 2811//1576 2814//1576 2812//1576
f 2813//1577 2802//1577 2801//1577
f 2813//1578 2801//1578 2814//1578
f 2815//1579 2816//1579 2817//1579
f 2815//1580 2817//1580 2818//1580
f 2816//1581 2819//1581 2820//1581
f 2816//1582 2820//1582 2817//1582
f 2819//1583 2803//1583 2806//1583
f 2819//1584 2806//1584 2820//1584
f 2818//1585 2821//1585 2822//1585
f 2818//1586 2822//1586 2815//1586
f 2821//1587 2823//1587 2824//1587
f 2821//1588 2824//1588 2822//1588
f 2823//1589 2825//1589 2826//1589
f 2823//1590 2826//1590 2824//1590
f 2825//1591 2827//1591 2828//1591
f 2825//1592 2828//1592 2826//1592
f 2827//1593 2829//1593 2830//1593
f 2827//1594 2830//1594 2828//1594
f 2829//1595 2831//1595 2832//1595
f 2829//1596 2832//1596 2830//1596
f 2833//1597 2834//1597 2832//1597
f 2833//1598 2832//1598 2831//1598
f 2835//1599 2836//1599 2837//1599
f 2835//1599 2837//1599 2838//1599
f 2838//1600 2837//1600 2839//1600
f 2838//1601 2839//1601 2840//1601
f 2840//1602 2839//1602 2841//1602
f 2840//1603 2841//1603 2842//1603
f 2842//1604 2841//1604 2834//1604
f 2842//1605 2834//1605 2833//1605
f 2843//1606 2844//1606 2836//1606
f 2843//1607 2836//1607 2835//1607
f 2845//1608 2846//1608 2847//1608
f 2845//1609 2847//1609 2848//1609
f 2848//1610 2847//1610 2849//1610
f 2848//1611 2849//1611 2850//1611
f 2850//1612 2849//1612 2851//1612
f 2850//1612 2851//1612 2852//1612
f 2852//1613 2851//1613 2853//1613
f 2852//1614 2853//1614 2854//1614
f 2854//1615 2853//1615 2855//1615
f 2854//1616 2855//1616 2856//1616
f 2856//1617 2855//1617 2857//1617
f 2856//1618 2857//1618 2858//1618
f 2858//1619 2857//1619 2859//1619
f 2858//1620 2859//1620 2860//1620
f 2860//1621 2859//1621 2861//1621
f 2860//1622 2861//1622 2862//1622
f 2862//1623 2861//1623 2844//1623
f 2862//1624 2844//1624 2843//1624
f 2863//1625 2864//1625 2846//1625
f 2863//1626 2846//1626 2845//1626
f 2865//1627 2866//1627 2867//1627
f 2865//1628 2867//1628 2868//1628
f 2868//1629 2867//1629 2869//1629
f 2868//1630 2869//1630 2870//1630
f 2870//1631 2869//1631 2871//1631
f 2870//1632 2871//1632 2872//1632
f 2872//1633 2871//1633 2864//1633
f 2872//1634 2864//1634 2863//1634
f 2873//1635 2874//1635 2866//1635
f 2873//1636 2866//1636 2865//1636
f 2875//1637 2876//1637 2877//1637
f 2875//1638 2877//1638 2878//1638
f 2876//1639 2879//1639 2880//1639
f 2876//1640 2880//1640 2877//1640
f 2879//1641 2881//1641 2882//1641
f 2879//1642 2882//1642 2880//1642
f 2881//1643 2883//1643 2884//1643
f 2881//1644 2884//1644 2882//1644
f 2883//1645 2885//1645 2886//1645
f 2883//1646 2886//1646 2884//1646
f 2885//1647 2874//1647 2873//1647
f 2885//1648 2873//1648 2886//1648
f 2887//1649 2888//1649 2889//1649
f 2887//1650 2889//1650 2890//1650
f 2888//1651 2891//1651 2892//1651
f 2888//1652 2892//1652 2889//1652
f 2891//1653 2875//1653 2878//1653
f 2891//1654 2878//1654 2892//1654
f 2890//1655 2893//1655 2894//1655
f 2890//1656 2894//1656 2887//1656
f 2893//1657 2895//1657 2896//1657
f 2893//1658 2896//1658 2894//1658
f 2895//1659 2897//1659 2898//1659
f 2895//1660 2898//1660 2896//1660
f 2897//1661 2899//1661 2900//1661
f 2897//1662 2900//1662 2898//1662
f 2899//1663 2901//1663 2902//1663
f 2899//1664 2902//1664 2900//1664
f 2901//1665 2903//1665 2904//1665
f 2901//1666 2904//1666 2902//1666
f 2905//1667 2906//1667 2904//1667
f 2905//1667 2904//1667 2903//1667
f 2907//1668 2908//1668 2909//1668
f 2907//1669 2909//1669 2910//1669
f 2910//1670 2909//1670 2911//1670
f 2910//1671 2911//1671 2912//1671
f 2912//1672 2911//1672 2913//1672
f 2912//1673 2913//1673 2914//1673
f 2914//1674 2913//1674 2906//1674
f 2914//1675 2906//1675 2905//1675
f 2915//1676 2916//1676 2908//1676
f 2915//1676 2908//1676 2907//1676
f 2917//1677 2918//1677 2919//1677
f 2917//1678 2919//1678 2920//1678
f 2920//1679 2919//1679 2921//1679
f 2920//1680 2921//1680 2922//1680
f 2922//1681 2921//1681 2923//1681
f 2922//1682 2923//1682 2924//1682
f 2924//1683 2923//1683 2925//1683
f 2924//1684 2925//1684 2926//1684
f 2926//1685 2925//1685 2927//1685
f 2926//1686 2927//1686 2928//1686
f 2928//1687 2927//1687 2929//1687
f 2928//1688 2929//1688 2930//1688
f 2930//1689 2929//1689 2931//1689
f 2930//1690 2931//1690 2932//1690
f 2932//1691 2931//1691 2933//1691
f 2932//1692 2933//1692 2934//1692
f 2934//1693 2933//1693 2916//1693
f 2934//1694 2916//1694 2915//1694
f 2935//1695 2936//1695 2918//1695
f 2935//1695 2918//1695 2917//1695
f 2937//1696 2938//1696 2939//1696
f 2937//1697 2939//1697 2940//1697
f 2940//1698 2939//1698 2941//1698
f 2940//1699 2941//1699 2942//1699
f 2942//1700 2941//1700 2943//1700
f 2942//1701 2943//1701 2944//1701
f 2944//1702 2943//1702 2936//1702
f 2944//1703 2936//1703 2935//1703
f 2945//1704 2946//1704 2938//1704
f 2945//1704 2938//1704 2937//1704
f 2947//1705 2948//1705 2949//1705
f 2947//1706 2949//1706 2950//1706
f 2948//1707 2951//1707 2952//1707
f 2948//1708 2952//1708 2949//1708
f 2951//1709 2953//1709 2954//1709
f 2951//1710 2954//1710 2952//1710
f 2953//1711 2955//1711 2956//1711
f 2953//1712 2956//1712 2954//1712
f 2955//1713 2957//1713 2958//1713
f 2955//1714 2958//1714 2956//1714
f 2957//1715 2946//1715 2945//1715
f 2957//1716 2945//1716 2958//1716
f 2959//1717 2960//1717 2961//1717
f 2959//1718 2961//1718 2962//1718
f 2960//1719 2963//1719 2964//1719
f 2960//1720 2964//1720 2961//1720
f 2963//1721 2947//1721 2950//1721
f 2963//1722 2950//1722 2964//1722
f 2962//1723 2965//1723 2966//1723
f 2962//1724 2966//1724 2959//1724
f 2965//1725 2967//1725 2968//1725
f 2965//1726 2968//1726 2966//1726
f 2967//1727 2969//1727 2970//1727
f 2967//1728 2970//1728 2968//1728
f 2969//1729 2971//1729 2972//1729
f 2969//1730 2972//1730 2970//1730
f 2971//1731 2973//1731 2974//1731
f 2971//1732 2974//1732 2972//1732
f 2973//1733 2975//1733 2976//1733
f 2973//1734 2976//1734 2974//1734
f 2977//1735 2978//1735 2976//1735
f 2977//1735 2976//1735 2975//1735
f 2979//1736 2980//1736 2981//1736
f 2979//1737 2981//1737 2982//1737
f 2982//1738 2981//1738 2983//1738
f 2982//1739 2983//1739 2984//1739
f 2984//1740 2983//1740 2985//1740
f 2984//1741 2985//1741 2986//1741
f 2986//1742 2985//1742 2978//1742
f 2986//1743 2978//1743 2977//1743
f 2987//1744 2988//1744 2980//1744
f 2987//1745 2980//1745 2979//1745
f 2989//1746 2990//1746 2991//1746
f 2989//1747 2991//1747 2992//1747
f 2992//1748 2991//1748 2993//1748
f 2992//1749 2993//1749 2994//1749
f 2994//1750 2993//1750 2995//1750
f 2994//1751 2995//1751 2996//1751
f 2996//1752 2995//1752 2997//1752
f 2996//1753 2997//1753 2998//1753
f 2998//1754 2997//1754 2999//1754
f 2998//1755 2999//1755 3000//1755
f 3000//1756 2999//1756 3001//1756
f 3000//1757 3001//1757 3002//1757
f 3002//1758 3001//1758 3003//1758
f 3002//1759 3003//1759 3004//1759
f 3004//1760 3003//1760 3005//1760
f 3004//1761 3005//1761 3006//1761
f 3006//1762 3005//1762 2988//1762
f 3006//1763 2988//1763 2987//1763
f 3007//1764 3008//1764 2990//1764
f 3007//1765 2990//1765 2989//1765
f 3009//1766 3010//1766 3011//1766
f 3009//1767 3011//1767 3012//1767
f 3012//1768 3011//1768 3013//1768
f 3012//1769 3013//1769 3014//1769
f 3014//1770 3013//1770 3015//1770
f 3014//1771 3015//1771 3016//1771
f 3016//1772 3015//1772 3008//1772
f 3016//1773 3008//1773 3007//1773
f 3017//1774 3018//1774 3010//1774
f 3017//1775 3010//1775 3009//1775
f 3019//1776 3020//1776 3021//1776
f 3019//1777 3021//1777 3022//1777
f 3020//1778 3023//1778 3024//1778
f 3020//1779 3024//1779 3021//1779
f 3023//1780 3025//1780 3026//1780
f 3023//1781 3026//1781 3024//1781
f 3025//1782 3027//1782 3028//1782
f 3025//1783 3028//1783 3026//1783
f 3027//1784 3029//1784 3030//1784
f 3027//1785 3030//1785 3028//1785
f 3029//1786 3018//1786 3017//1786
f 3029//1787 3017//1787 3030//1787
f 3031//1788 3032//1788 3033//1788
f 3031//1789 3033//1789 3034//1789
f 3032//1790 3035//1790 3036//1790
f 3032//1791 3036//1791 3033//1791
f 3035//1792 3019//1792 3022//1792
f 3035//1793 3022//1793 3036//1793
f 3034//1794 3037//1794 3038//1794
f 3034//1795 3038//1795 3031//1795
f 3037//1796 3039//1796 3040//1796
f 3037//1797 3040//1797 3038//1797
f 3039//1798 3041//1798 3042//1798
f 3039//1799 3042//1799 3040//1799
f 3041//1800 3043//1800 3044//1800
f 3041//1801 3044//1801 3042//1801
f 3043//1802 3045//1802 3046//1802
f 3043//1803 3046//1803 3044//1803
f 3045//1804 3047//1804 3048//1804
f 3045//1805 3048//1805 3046//1805
f 3049//1806 3050//1806 3048//1806
f 3049//1806 3048//1806 3047//1806
f 3051//1807 3052//1807 3053//1807
f 3051//1808 3053//1808 3054//1808
f 3054//1809 3053//1809 3055//1809
f 3054//1810 3055//1810 3056//1810
f 3056//1811 3055//1811 3057//1811
f 3056//1812 3057//1812 3058//1812
f 3058//1813 3057//1813 3050//1813
f 3058//1814 3050//1814 3049//1814
f 3059//1815 3060//1815 3052//1815
f 3059//1815 3052//1815 3051//1815
f 3061//1816 3062//1816 3063//1816
f 3061//1817 3063//1817 3064//1817
f 3064//1818 3063//1818 3065//1818
f 3064//1818 3065//1818 3066//1818
f 3066//1819 3065//1819 3067//1819
f 3066//1820 3067//1820 3068//1820
f 3068//1821 3067//1821 3069//1821
f 3068//1822 3069//1822 3070//1822
f 3070//1823 3069//1823 3071//1823
f 3070//1824 3071//1824 3072//1824
f 3072//1825 3071//1825 3073//1825
f 3072//1826 3073//1826 3074//1826
f 3074//1827 3073//1827 3075//1827
f 3074//1828 3075//1828 3076//1828
f 3076//1829 3075//1829 3077//1829
f 3076//1830 3077//1830 3078//1830
f 3078//1831 3077//1831 3060//1831
f 3078//1832 3060//1832 3059//1832
f 3079//1833 3080//1833 3062//1833
f 3079//1834 3062//1834 3061//1834
f 3081//1835 3082//1835 3083//1835
f 3081//1836 3083//1836 3084//1836
f 3084//1837 3083//1837 3085//1837
f 3084//1838 3085//1838 3086//1838
f 3086//1839 3085//1839 3087//1839
f 3086//1840 3087//1840 3088//1840
f 3088//1841 3087//1841 3080//1841
f 3088//1842 3080//1842 3079//1842
f 3089//1843 3090//1843 3082//1843
f 3089//1843 3082//1843 3081//1843
f 3091//1844 3092//1844 3093//1844
f 3091//1845 3093//1845 3094//1845
f 3092//1846 3095//1846 3096//1846
f 3092//1847 3096//1847 3093//1847
f 3095//1848 3097//1848 3098//1848
f 3095//1849 3098//1849 3096//1849
f 3097//1850 3099//1850 3100//1850
f 3097//1851 3100//1851 3098//1851
f 3099//1852 3101//1852 3102//1852
f 3099//1853 3102//1853 3100//1853
f 3101//1854 3090//1854 3089//1854
f 3101//1855 3089//1855 3102//1855
f 3103//1856 3104//1856 3105//1856
f 3103//1857 3105//1857 3106//1857
f 3104//1858 3107//1858 3108//1858
f 3104//1859 3108//1859 3105//1859
f 3107//1860 3091//1860 3094//1860
f 3107//1861 3094//1861 3108//1861
f 3106//1862 3109//1862 3110//1862
f 3106//1863 3110//1863 3103//1863
f 3109//1864 3111//1864 3112//1864
f 3109//1865 3112//1865 3110//1865
f 3111//1866 3113//1866 3114//1866
f 3111//1867 3114//1867 3112//1867
f 3113//1868 3115//1868 3116//1868
f 3113//1869 3116//1869 3114//1869
f 3115//1870 3117//1870 3118//1870
f 3115//1871 3118//1871 3116//1871
f 3117//1872 3119//1872 3120//1872
f 3117//1873 3120//1873 3118//1873
f 3121//1874 3122//1874 3120//1874
f 3121//1874 3120//1874 3119//1874
f 3123//1875 3124//1875 3125//1875
f 3123//1876 3125//1876 3126//1876
f 3126//1877 3125//1877 3127//1877
f 3126//1877 3127//1877 3128//1877
f 3128//1878 3127//1878 3129//1878
f 3128//1879 3129//1879 3130//1879
f 3130//1880 3129//1880 3122//1880
f 3130//1881 3122//1881 3121//1881
f 3131//1882 3132//1882 3124//1882
f 3131//1883 3124//1883 3123//1883
f 3133//1884 3134//1884 3135//1884
f 3133//1885 3135//1885 3136//1885
f 3136//1886 3135//1886 3137//1886
f 3136//1887 3137//1887 3138//1887
f 3138//1888 3137//1888 3139//1888
f 3138//1889 3139//1889 3140//1889
f 3140//1890 3139//1890 3141//1890
f 3140//1891 3141//1891 3142//1891
f 3142//1892 3141//1892 3143//1892
f 3142//1893 3143//1893 3144//1893
f 3144//1894 3143//1894 3145//1894
f 3144//1894 3145//1894 3146//1894
f 3146//1895 3145//1895 3147//1895
f 3146//1896 3147//1896 3148//1896
f 3148//1897 3147//1897 3149//1897
f 3148//1898 3149//1898 3150//1898
f 3150//1899 3149//1899 3132//1899
f 3150//1900 3132//1900 3131//1900
f 3151//1901 3152//1901 3134//1901
f 3151//1901 3134//1901 3133//1901
f 3153//1902 3154//1902 3155//1902
f 3153//1902 3155//1902 3156//1902
f 3156//1903 3155//1903 3157//1903
f 3156//1904 3157//1904 3158//1904
f 3158//1905 3157//1905 3159//1905
f 3158//1905 3159//1905 3160//1905
f 3160//1906 3159//1906 3152//1906
f 3160//1907 3152//1907 3151//1907
f 3161//1908 3162//1908 3154//1908
f 3161//1909 3154//1909 3153//1909
f 3163//1910 3164//1910 3165//1910
f 3163//1911 3165//1911 3166//1911
f 3164//1912 3167//1912 3168//1912
f 3164//1913 3168//1913 3165//1913
f 3167//1914 3169//1914 3170//1914
f 3167//1915 3170//1915 3168//1915
f 3169//1916 3171//1916 3172//1916
f 3169//1917 3172//1917 3170//1917
f 3171//1918 3173//1918 3174//1918
f 3171//1919 3174//1919 3172//1919
f 3173//1920 3162//1920 3161//1920
f 3173//1921 3161//1921 3174//1921
f 3175//1922 3176//1922 3177//1922
f 3175//1923 3177//1923 3178//1923
f 3176//1924 3179//1924 3180//1924
f 3176//1925 3180//1925 3177//1925
f 3179//1926 3163//1926 3166//1926
f 3179//1927 3166//1927 3180//1927
f 3178//1928 3181//1928 3182//1928
f 3178//1929 3182//1929 3175//1929
f 3181//1930 3183//1930 3184//1930
f 3181//1931 3184//1931 3182//1931
f 3183//1932 3185//1932 3186//1932
f 3183//1933 3186//1933 3184//1933
f 3185//1934 3187//1934 3188//1934
f 3185//1935 3188//1935 3186//1935
f 3187//1936 3189//1936 3190//1936
f 3187//1937 3190//1937 3188//1937
f 3189//1938 3191//1938 3192//1938
f 3189//1939 3192//1939 3190//1939
f 3193//1940 3194//1940 3192//1940
f 3193//1940 3192//1940 3191//1940
f 3195//1941 3196//1941 3197//1941
f 3195//1942 3197//1942 3198//1942
f 3198//1943 3197//1943 3199//1943
f 3198//1944 3199//1944 3200//1944
f 3200//1945 3199//1945 3201//1945
f 3200//1946 3201//1946 3202//1946
f 3202//1947 3201//1947 3194//1947
f 3202//1948 3194//1948 3193//1948
f 3203//1949 3204//1949 3196//1949
f 3203//1949 3196//1949 3195//1949
f 3205//1950 3206//1950 3207//1950
f 3205//1951 3207//1951 3208//1951
f 3208//1952 3207//1952 3209//1952
f 3208//1953 3209//1953 3210//1953
f 3210//1954 3209//1954 3211//1954
f 3210//1955 3211//1955 3212//1955
f 3212//1956 3211//1956 3213//1956
f 3212//1957 3213//1957 3214//1957
f 3214//1958 3213//1958 3215//1958
f 3214//1959 3215//1959 3216//1959
f 3216//1960 3215//1960 3217//1960
f 3216//1961 3217//1961 3218//1961
f 3218//1962 3217//1962 3219//1962
f 3218//1963 3219//1963 3220//1963
f 3220//1964 3219//1964 3221//1964
f 3220//1964 3221//1964 3222//1964
f 3222//1965 3221//1965 3204//1965
f 3222//1966 3204//1966 3203//1966
f 3223//1967 3224//1967 3206//1967
f 3223//1968 3206//1968 3205//1968
f 3225//1969 3226//1969 3227//1969
f 3225//1970 3227//1970 3228//1970
f 3228//1971 3227//1971 3229//1971
f 3228//1972 3229//1972 3230//1972
f 3230//1973 3229//1973 3231//1973
f 3230//1974 3231//1974 3232//1974
f 3232//1975 3231//1975 3224//1975
f 3232//1976 3224//1976 3223//1976
f 3233//1977 3234//1977 3226//1977
f 3233//1977 3226//1977 3225//1977
f 3235//1978 3236//1978 3237//1978
f 3235//1979 3237//1979 3238//1979
f 3236//1980 3239//1980 3240//1980
f 3236//1981 3240//1981 3237//1981
f 3239//1982 3241//1982 3242//1982
f 3239//1983 3242//1983 3240//1983
f 3241//1984 3243//1984 3244//1984
f 3241//1985 3244//1985 3242//1985
f 3243//1986 3245//1986 3246//1986
f 3243//1987 3246//1987 3244//1987
f 3245//1988 3234//1988 3233//1988
f 3245//1989 3233//1989 3246//1989
f 3247//1990 3248//1990 3249//1990
f 3247//1991 3249//1991 3250//1991
f 3248//1992 3251//1992 3252//1992
f 3248//1993 3252//1993 3249//1993
f 3251//1994 3235//1994 3238//1994
f 3251//1995 3238//1995 3252//1995
f 3250//1996 3253//1996 3254//1996
f 3250//1997 3254//1997 3247//1997
f 3253//1998 3255//1998 3256//1998
f 3253//1999 3256//1999 3254//1999
f 3255//2000 3257//2000 3258//2000
f 3255//2001 3258//2001 3256//2001
f 3257//2002 3259//2002 3260//2002
f 3257//2003 3260//2003 3258//2003
f 3259//2004 3261//2004 3262//2004
f 3259//2005 3262//2005 3260//2005
f 3261//2006 3263//2006 3264//2006
f 3261//2007 3264//2007 3262//2007
f 3265//2008 3266//2008 3264//2008
f 3265//2008 3264//2008 3263//2008
f 3267//2009 3268//2009 3269//2009
f 3267//2010 3269//2010 3270//2010
f 3270//2011 3269//2011 3271//2011
f 3270//2012 3271//2012 3272//2012
f 3272//2013 3271//2013 3273//2013
f 3272//2014 3273//2014 3274//2014
f 3274//2015 3273//2015 3266//2015
f 3274//2016 3266//2016 3265//2016
f 3275//2017 3276//2017 3268//2017
f 3275//2018 3268//2018 3267//2018
f 3277//2019 3278//2019 3279//2019
f 3277//2020 3279//2020 3280//2020
f 3280//2021 3279//2021 3281//2021
f 3280//2022 3281//2022 3282//2022
f 3282//2023 3281//2023 3283//2023
f 3282//2024 3283//2024 3284//2024
f 3284//2025 3283//2025 3285//2025
f 3284//2026 3285//2026 3286//2026
f 3286//2027 3285//2027 3287//2027
f 3286//2028 3287//2028 3288//2028
f 3288//2029 3287//2029 3289//2029
f 3288//2030 3289//2030 3290//2030
f 3290//2031 3289//2031 3291//2031
f 3290//2031 3291//2031 3292//2031
f 3292//2032 3291//2032 3293//2032
f 3292//2033 3293//2033 3294//2033
f 3294//2034 3293//2034 3276//2034
f 3294//2035 3276//2035 3275//2035
f 3295//2036 3296//2036 3278//2036
f 3295//2037 3278//2037 3277//2037
f 3297//2038 3298//2038 3299//2038
f 3297//2039 3299//2039 3300//2039
f 3300//2040 3299//2040 3301//2040
f 3300//2041 3301//2041 3302//2041
f 3302//2042 3301//2042 3303//2042
f 3302//2043 3303//2043 3304//2043
f 3304//2044 3303//2044 3296//2044
f 3304//2045 3296//2045 3295//2045
f 3305//2046 3306//2046 3298//2046
f 3305//2046 3298//2046 3297//2046
f 3307//2047 3308//2047 3309//2047
f 3307//2048 3309//2048 3310//2048
f 3308//2049 3311//2049 3312//2049
f 3308//2050 3312//2050 3309//2050
f 3311//2051 3313//2051 3314//2051
f 3311//2052 3314//2052 3312//2052
f 3313//2053 3315//2053 3316//2053
f 3313//2054 3316//2054 3314//2054
f 3315//2055 3317//2055 3318//2055
f 3315//2056 3318//2056 3316//2056
f 3317//2057 3306//2057 3305//2057
f 3317//2058 3305//2058 3318//2058
f 3319//2059 3320//2059 3321//2059
f 3319//2060 3321//2060 3322//2060
f 3320//2061 3323//2061 3324//2061
f 3320//2062 3324//2062 3321//2062
f 3323//2063 3307//2063 3310//2063
f 3323//2064 3310//2064 3324//2064
f 3322//2065 3325//2065 3326//2065
f 3322//2066 3326//2066 3319//2066
f 3325//2067 3327//2067 3328//2067
f 3325//2068 3328//2068 3326//2068
f 3327//2069 3329//2069 3330//2069
f 3327//2070 3330//2070 3328//2070
f 3329//2071 3331//2071 3332//2071
f 3329//2072 3332//2072 3330//2072
f 3331//2073 3333//2073 3334//2073
f 3331//2074 3334//2074 3332//2074
f 3333//2075 3335//2075 3336//2075
f 3333//2076 3336//2076 3334//2076
f 3337//2077 3338//2077 3336//2077
f 3337//2078 3336//2078 3335//2078
f 3339//2079 3340//2079 3341//2079
f 3339//2080 3341//2080 3342//2080
f 3342//2081 3341//2081 3343//2081
f 3342//2082 3343//2082 3344//2082
f 3344//2083 3343//2083 3345//2083
f 3344//2084 3345//2084 3346//2084
f 3346//2085 3345//2085 3338//2085
f 3346//2086 3338//2086 3337//2086
f 3347//2087 3348//2087 3340//2087
f 3347//2088 3340//2088 3339//2088
f 3349//2089 3350//2089 3351//2089
f 3349//2090 3351//2090 3352//2090
f 3352//2091 3351//2091 3353//2091
f 3352//2092 3353//2092 3354//2092
f 3354//2093 3353//2093 3355//2093
f 3354//2094 3355//2094 3356//2094
f 3356//2095 3355//2095 3357//2095
f 3356//2096 3357//2096 3358//2096
f 3358//2097 3357//2097 3359//2097
f 3358//2098 3359//2098 3360//2098
f 3360//2099 3359//2099 3361//2099
f 3360//2100 3361//2100 3362//2100
f 3362//2101 3361//2101 3363//2101
f 3362//2102 3363//2102 3364//2102
f 3364//2103 3363//2103 3365//2103
f 3364//2104 3365//2104 3366//2104
f 3366//2105 3365//2105 3348//2105
f 3366//2106 3348//2106 3347//2106
f 3367//2107 3368//2107 3350//2107
f 3367//2107 3350//2107 3349//2107
f 3369//2108 3370//2108 3371//2108
f 3369//2109 3371//2109 3372//2109
f 3372//2110 3371//2110 3373//2110
f 3372//2111 3373//2111 3374//2111
f 3374//2112 3373//2112 3375//2112
f 3374//2113 3375//2113 3376//2113
f 3376//2114 3375//2114 3368//2114
f 3376//2115 3368//2115 3367//2115
f 3377//2116 3378//2116 3370//2116
f 3377//2117 3370//2117 3369//2117
f 3379//2118 3380//2118 3381//2118
f 3379//2119 3381//2119 3382//2119
f 3380//2120 3383//2120 3384//2120
f 3380//2121 3384//2121 3381//2121
f 3383//2122 3385//2122 3386//2122
f 3383//2123 3386//2123 3384//2123
f 3385//2124 3387//2124 3388//2124
f 3385//2125 3388//2125 3386//2125
f 3387//2126 3389//2126 3390//2126
f 3387//2127 3390//2127 3388//2127
f 3389//2128 3378//2128 3377//2128
f 3389//2129 3377//2129 3390//2129
f 3391//2130 3392//2130 3393//2130
f 3391//2131 3393//2131 3394//2131
f 3392//2132 3395//2132 3396//2132
f 3392//2133 3396//2133 3393//2133
f 3395//2134 3379//2134 3382//2134
f 3395//2135 3382//2135 3396//2135
f 3394//2136 3397//2136 3398//2136
f 3394//2137 3398//2137 3391//2137
f 3397//2138 3399//2138 3400//2138
f 3397//2139 3400//2139 3398//2139
f 3399//2140 3401//2140 3402//2140
f 3399//2141 3402//2141 3400//2141
f 3401//2142 3403//2142 3404//2142
f 3401//2143 3404//2143 3402//2143
f 3403//2144 3405//2144 3406//2144
f 3403//2145 3406//2145 3404//2145
f 3405//2146 3407//2146 3408//2146
f 3405//2147 3408//2147 3406//2147
f 3409//2148 3410//2148 3408//2148
f 3409//2149 3408//2149 3407//2149
f 3411//2150 3412//2150 3413//2150
f 3411//2151 3413//2151 3414//2151
f 3414//2152 3413//2152 3415//2152
f 3414//2153 3415//2153 3416//2153
f 3416//2154 3415//2154 3417//2154
f 3416//2155 3417//2155 3418//2155
f 3418//2156 3417//2156 3410//2156
f 3418//2157 3410//2157 3409//2157
f 3419//2158 3420//2158 3412//2158
f 3419//2158 3412//2158 3411//2158
f 3421//2159 3422//2159 3423//2159
f 3421//2160 3423//2160 3424//2160
f 3424//2161 3423//2161 3425//2161
f 3424//2161 3425//2161 3426//2161
f 3426//2162 3425//2162 3427//2162
f 3426//2163 3427//2163 3428//2163
f 3428//2164 3427//2164 3429//2164
f 3428//2165 3429//2165 3430//2165
f 3430//2166 3429//2166 3431//2166
f 3430//2167 3431//2167 3432//2167
f 3432//2168 3431//2168 3433//2168
f 3432//2169 3433//2169 3434//2169
f 3434//2170 3433//2170 3435//2170
f 3434//2171 3435//2171 3436//2171
f 3436//2172 3435//2172 3437//2172
f 3436//2173 3437//2173 3438//2173
f 3438//2174 3437//2174 3420//2174
f 3438//2174 3420//2174 3419//2174
f 3439//2175 3440//2175 3422//2175
f 3439//2176 3422//2176 3421//2176
f 3441//2177 3442//2177 3443//2177
f 3441//2178 3443//2178 3444//2178
f 3444//2179 3443//2179 3445//2179
f 3444//2180 3445//2180 3446//2180
f 3446//2181 3445//2181 3447//2181
f 3446//2182 3447//2182 3448//2182
f 3448//2183 3447//2183 3440//2183
f 3448//2184 3440//2184 3439//2184
f 3449//2185 3450//2185 3442//2185
f 3449//2186 3442//2186 3441//2186
f 3451//2187 3452//2187 3453//2187
f 3451//2188 3453//2188 3454//2188
f 3452//2189 3455//2189 3456//2189
f 3452//2190 3456//2190 3453//2190
f 3455//2191 3457//2191 3458//2191
f 3455//2192 3458//2192 3456//2192
f 3457//2193 3459//2193 3460//2193
f 3457//2194 3460//2194 3458//2194
f 3459//2195 3461//2195 3462//2195
f 3459//2196 3462//2196 3460//2196
f 3461//2197 3450//2197 3449//2197
f 3461//2198 3449//2198 3462//2198
f 3463//2199 3464//2199 3465//2199
f 3463//2200 3465//2200 3466//2200
f 3464//2201 3467//2201 3468//2201
f 3464//2202 3468//2202 3465//2202
f 3467//2203 3451//2203 3454//2203
f 3467//2204 3454//2204 3468//2204
f 3466//2205 3469//2205 3470//2205
f 3466//2206 3470//2206 3463//2206
f 3469//2207 3471//2207 3472//2207
f 3469//2208 3472//2208 3470//2208
f 3471//2209 3473//2209 3474//2209
f 3471//2210 3474//2210 3472//2210
f 3473//2211 3475//2211 3476//2211
f 3473//2212 3476//2212 3474//2212
f 3475//2213 3477//2213 3478//2213
f 3475//2214 3478//2214 3476//2214
f 3477//2215 3479//2215 3480//2215
f 3477//2216 3480//2216 3478//2216
f 3481//2217 3482//2217 3480//2217
f 3481//2217 3480//2217 3479//2217
f 3483//2218 3484//2218 3485//2218
f 3483//2219 3485//2219 3486//2219
f 3486//2220 3485//2220 3487//2220
f 3486//2221 3487//2221 3488//2221
f 3488//2222 3487//2222 3489//2222
f 3488//2223 3489//2223 3490//2223
f 3490//2224 3489//2224 3482//2224
f 3490//2225 3482//2225 3481//2225
f 3491//2226 3492//2226 3484//2226
f 3491//2226 3484//2226 3483//2226
f 3493//2227 3494//2227 3495//2227
f 3493//2228 3495//2228 3496//2228
f 3496//2229 3495//2229 3497//2229
f 3496//2230 3497//2230 3498//2230
f 3498//2231 3497//2231 3499//2231
f 3498//2232 3499//2232 3500//2232
f 3500//2233 3499//2233 3501//2233
f 3500//2234 3501//2234 3502//2234
f 3502//2235 3501//2235 3503//2235
f 3502//2236 3503//2236 3504//2236
f 3504//2237 3503//2237 3505//2237
f 3504//2237 3505//2237 3506//2237
f 3506//2238 3505//2238 3507//2238
f 3506//2239 3507//2239 3508//2239
f 3508//2240 3507//2240 3509//2240
f 3508//2241 3509//2241 3510//2241
f 3510//2242 3509//2242 3492//2242
f 3510//2243 3492//2243 3491//2243
f 3511//2244 3512//2244 3494//2244
f 3511//2245 3494//2245 3493//2245
f 3513//2246 3514//2246 3515//2246
f 3513//2247 3515//2247 3516//2247
f 3516//2248 3515//2248 3517//2248
f 3516//2249 3517//2249 3518//2249
f 3518//2250 3517//2250 3519//2250
f 3518//2251 3519//2251 3520//2251
f 3520//2252 3519//2252 3512//2252
f 3520//2253 3512//2253 3511//2253
f 3521//2254 3522//2254 3514//2254
f 3521//2255 3514//2255 3513//2255
f 3523//2256 3524//2256 3525//2256
f 3523//2257 3525//2257 3526//2257
f 3524//2258 3527//2258 3528//2258
f 3524//2259 3528//2259 3525//2259
f 3527//2260 3529//2260 3530//2260
f 3527//2261 3530//2261 3528//2261
f 3529//2262 3531//2262 3532//2262
f 3529//2263 3532//2263 3530//2263
f 3531//2264 3533//2264 3534//2264
f 3531//2265 3534//2265 3532//2265
f 3533//2266 3522//2266 3521//2266
f 3533//2267 3521//2267 3534//2267
f 3535//2268 3536//2268 3537//2268
f 3535//2269 3537//2269 3538//2269
f 3536//2270 3539//2270 3540//2270
f 3536//2271 3540//2271 3537//2271
f 3539//2272 3523//2272 3526//2272
f 3539//2273 3526//2273 3540//2273
f 3538//2274 3541//2274 3542//2274
f 3538//2275 3542//2275 3535//2275
f 3541//2276 3543//2276 3544//2276
f 3541//2277 3544//2277 3542//2277
f 3543//2278 3545//2278 3546//2278
f 3543//2279 3546//2279 3544//2279
f 3545//2280 3547//2280 3548//2280
f 3545//2281 3548//2281 3546//2281
f 3547//2282 3549//2282 3550//2282
f 3547//2283 3550//2283 3548//2283
f 3549//2284 3551//2284 3552//2284
f 3549//2285 3552//2285 3550//2285
f 3553//2286 3554//2286 3552//2286
f 3553//2286 3552//2286 3551//2286
f 3555//2287 3556//2287 3557//2287
f 3555//2288 3557//2288 3558//2288
f 3558//2289 3557//2289 3559//2289
f 3558//2289 3559//2289 3560//2289
f 3560//2290 3559//2290 3561//2290
f 3560//2291 3561//2291 3562//2291
f 3562//2292 3561//2292 3554//2292
f 3562//2293 3554//2293 3553//2293
f 3563//2294 3564//2294 3556//2294
f 3563//2294 3556//2294 3555//2294
f 3565//2295 3566//2295 3567//2295
f 3565//2296 3567//2296 3568//2296
f 3568//2297 3567//2297 3569//2297
f 3568//2297 3569//2297 3570//2297
f 3570//2298 3569//2298 3571//2298
f 3570//2299 3571//2299 3572//2299
f 3572//2300 3571//2300 3573//2300
f 3572//2301 3573//2301 3574//2301
f 3574//2302 3573//2302 3575//2302
f 3574//2303 3575//2303 3576//2303
f 3576//2304 3575//2304 3577//2304
f 3576//2305 3577//2305 3578//2305
f 3578//2306 3577//2306 3579//2306
f 3578//2307 3579//2307 3580//2307
f 3580//2308 3579//2308 3581//2308
f 3580//2309 3581//2309 3582//2309
f 3582//2310 3581//2310 3564//2310
f 3582//2311 3564//2311 3563//2311
f 3583//2312 3584//2312 3566//2312
f 3583//2313 3566//2313 3565//2313
f 3585//2314 3586//2314 3587//2314
f 3585//2315 3587//2315 3588//2315
f 3588//2316 3587//2316 3589//2316
f 3588//2317 3589//2317 3590//2317
f 3590//2318 3589//2318 3591//2318
f 3590//2319 3591//2319 3592//2319
f 3592//2320 3591//2320 3584//2320
f 3592//2321 3584//2321 3583//2321
f 3593//2322 3594//2322 3586//2322
f 3593//2323 3586//2323 3585//2323
f 3595//2324 3596//2324 3597//2324
f 3595//2325 3597//2325 3598//2325
f 3596//2326 3599//2326 3600//2326
f 3596//2327 3600//2327 3597//2327
f 3599//2328 3601//2328 3602//2328
f 3599//2329 3602//2329 3600//2329
f 3601//2330 3603//2330 3604//2330
f 3601//2331 3604//2331 3602//2331
f 3603//2332 3605//2332 3606//2332
f 3603//2333 3606//2333 3604//2333
f 3605//2334 3594//2334 3593//2334
f 3605//2335 3593//2335 3606//2335
f 3607//2336 3608//2336 3609//2336
f 3607//2337 3609//2337 3610//2337
f 3608//2338 3611//2338 3612//2338
f 3608//2339 3612//2339 3609//2339
f 3611//2340 3595//2340 3598//2340
f 3611//2341 3598//2341 3612//2341
f 3610//2342 3613//2342 3614//2342
f 3610//2343 3614//2343 3607//2343
f 3613//2344 3615//2344 3616//2344
f 3613//2345 3616//2345 3614//2345
f 3615//2346 3617//2346 3618//2346
f 3615//2347 3618//2347 3616//2347
f 3617//2348 3619//2348 3620//2348
f 3617//2349 3620//2349 3618//2349
f 3619//2350 3621//2350 3622//2350
f 3619//2351 3622//2351 3620//2351
f 3621//2352 3623//2352 3624//2352
f 3621//2353 3624//2353 3622//2353
f 3625//2354 3626//2354 3624//2354
f 3625//2354 3624//2354 3623//2354
f 3627//2355 3628//2355 3629//2355
f 3627//2356 3629//2356 3630//2356
f 3630//2357 3629//2357 3631//2357
f 3630//2358 3631//2358 3632//2358
f 3632//2359 3631//2359 3633//2359
f 3632//2360 3633//2360 3634//2360
f 3634//2361 3633//2361 3626//2361
f 3634//2362 3626//2362 3625//2362
f 3635//2363 3636//2363 3628//2363
f 3635//2363 3628//2363 3627//2363
f 3637//2364 3638//2364 3639//2364
f 3637//2365 3639//2365 3640//2365
f 3640//2366 3639//2366 3641//2366
f 3640//2367 3641//2367 3642//2367
f 3642//2368 3641//2368 3643//2368
f 3642//2369 3643//2369 3644//2369
f 3644//2370 3643//2370 3645//2370
f 3644//2371 3645//2371 3646//2371
f 3646//2372 3645//2372 3647//2372
f 3646//2373 3647//2373 3648//2373
f 3648//2374 3647//2374 3649//2374
f 3648//2375 3649//2375 3650//2375
f 3650//2376 3649//2376 3651//2376
f 3650//2377 3651//2377 3652//2377
f 3652//2378 3651//2378 3653//2378
f 3652//2379 3653//2379 3654//2379
f 3654//2380 3653//2380 3636//2380
f 3654//2381 3636//2381 3635//2381
f 3655//2382 3656//2382 3638//2382
f 3655//2383 3638//2383 3637//2383
f 3657//2384 3658//2384 3659//2384
f 3657//2385 3659//2385 3660//2385
f 3660//2386 3659//2386 3661//2386
f 3660//2387 3661//2387 3662//2387
f 3662//2388 3661//2388 3663//2388
f 3662//2389 3663//2389 3664//2389
f 3664//2390 3663//2390 3656//2390
f 3664//2391 3656//2391 3655//2391
f 3665//2392 3666//2392 3658//2392
f 3665//2393 3658//2393 3657//2393
f 3667//2394 3668//2394 3669//2394
f 3667//2395 3669//2395 3670//2395
f 3668//2396 3671//2396 3672//2396
f 3668//2397 3672//2397 3669//2397
f 3671//2398 3673//2398 3674//2398
f 3671//2399 3674//2399 3672//2399
f 3673//2400 3675//2400 3676//2400
f 3673//2401 3676//2401 3674//2401
f 3675//2402 3677//2402 3678//2402
f 3675//2403 3678//2403 3676//2403
f 3677//2404 3666//2404 3665//2404
f 3677//2405 3665//2405 3678//2405
f 3679//2406 3680//2406 3681//2406
f 3679//2407 3681//2407 3682//2407
f 3680//2408 3683//2408 3684//2408
f 3680//2409 3684//2409 3681//2409
f 3683//2410 3667//2410 3670//2410
f 3683//2411 3670//2411 3684//2411
f 3682//2412 3685//2412 3686//2412
f 3682//2413 3686//2413 3679//2413
f 3685//2414 3687//2414 3688//2414
f 3685//2415 3688//2415 3686//2415
f 3687//2416 3689//2416 3690//2416
f 3687//2417 3690//2417 3688//2417
f 3689//2418 3691//2418 3692//2418
f 3689//2419 3692//2419 3690//2419
f 3691//2420 3693//2420 3694//2420
f 3691//2421 3694//2421 3692//2421
f 3693//2422 3695//2422 3696//2422
f 3693//2423 3696//2423 3694//2423
f 3697//2424 3698//2424 3696//2424
f 3697//2425 3696//2425 3695//2425
f 3699//2426 3700//2426 3701//2426
f 3699//2427 3701//2427 3702//2427
f 3702//2428 3701//2428 3703//2428
f 3702//2429 3703//2429 3704//2429
f 3704//2430 3703//2430 3705//2430
f 3704//2431 3705//2431 3706//2431
f 3706//2432 3705//2432 3698//2432
f 3706//2433 3698//2433 3697//2433
f 3707//2434 3708//2434 3700//2434
f 3707//2435 3700//2435 3699//2435
f 3709//2436 3710//2436 3711//2436
f 3709//2437 3711//2437 3712//2437
f 3712//2438 3711//2438 3713//2438
f 3712//2439 3713//2439 3714//2439
f 3714//2440 3713//2440 3715//2440
f 3714//2441 3715//2441 3716//2441
f 3716//2442 3715//2442 3717//2442
f 3716//2443 3717//2443 3718//2443
f 3718//2444 3717//2444 3719//2444
f 3718//2445 3719//2445 3720//2445
f 3720//2446 3719//2446 3721//2446
f 3720//2447 3721//2447 3722//2447
f 3722//2448 3721//2448 3723//2448
f 3722//2449 3723//2449 3724//2449
f 3724//2450 3723//2450 3725//2450
f 3724//2451 3725//2451 3726//2451
f 3726//2452 3725//2452 3708//2452
f 3726//2453 3708//2453 3707//2453
f 3727//2454 3728//2454 3710//2454
f 3727//2454 3710//2454 3709//2454
f 3729//2455 3730//2455 3731//2455
f 3729//2456 3731//2456 3732//2456
f 3732//2457 3731//2457 3733//2457
f 3732//2458 3733//2458 3734//2458
f 3734//2459 3733//2459 3735//2459
f 3734//2460 3735//2460 3736//2460
f 3736//2461 3735//2461 3728//2461
f 3736//2462 3728//2462 3727//2462
f 3737//2463 3738//2463 3730//2463
f 3737//2464 3730//2464 3729//2464
f 3739//2465 3740//2465 3741//2465
f 3739//2466 3741//2466 3742//2466
f 3740//2467 3743//2467 3744//2467
f 3740//2468 3744//2468 3741//2468
f 3743//2469 3745//2469 3746//2469
f 3743//2470 3746//2470 3744//2470
f 3745//2471 3747//2471 3748//2471
f 3745//2472 3748//2472 3746//2472
f 3747//2473 3749//2473 3750//2473
f 3747//2474 3750//2474 3748//2474
f 3749//2475 3738//2475 3737//2475
f 3749//2476 3737//2476 3750//2476
f 3751//2477 3752//2477 3753//2477
f 3751//2478 3753//2478 3754//2478
f 3752//2479 3755//2479 3756//2479
f 3752//2480 3756//2480 3753//2480
f 3755//2481 3739//2481 3742//2481
f 3755//2482 3742//2482 3756//2482
f 3754//2483 3757//2483 3758//2483
f 3754//2484 3758//2484 3751//2484
f 3757//2485 3759//2485 3760//2485
f 3757//2486 3760//2486 3758//2486
f 3759//2487 3761//2487 3762//2487
f 3759//2488 3762//2488 3760//2488
f 3761//2489 3763//2489 3764//2489
f 3761//2490 3764//2490 3762//2490
f 3763//2491 3765//2491 3766//2491
f 3763//2492 3766//2492 3764//2492
f 3765//2493 3767//2493 3768//2493
f 3765//2494 3768//2494 3766//2494
f 3769//2495 3770//2495 3768//2495
f 3769//2496 3768//2496 3767//2496
f 3771//2497 3772//2497 3773//2497
f 3771//2498 3773//2498 3774//2498
f 3774//2499 3773//2499 3775//2499
f 3774//2500 3775//2500 3776//2500
f 3776//2501 3775//2501 3777//2501
f 3776//2502 3777//2502 3778//2502
f 3778//2503 3777//2503 3770//2503
f 3778//2504 3770//2504 3769//2504
f 3779//2505 3780//2505 3772//2505
f 3779//2505 3772//2505 3771//2505
f 3781//2506 3782//2506 3783//2506
f 3781//2507 3783//2507 3784//2507
f 3784//2508 3783//2508 3785//2508
f 3784//2509 3785//2509 3786//2509
f 3786//2510 3785//2510 3787//2510
f 3786//2511 3787//2511 3788//2511
f 3788//2512 3787//2512 3789//2512
f 3788//2513 3789//2513 3790//2513
f 3790//2514 3789//2514 3791//2514
f 3790//2515 3791//2515 3792//2515
f 3792//2516 3791//2516 3793//2516
f 3792//2517 3793//2517 3794//2517
f 3794//2518 3793//2518 3795//2518
f 3794//2519 3795//2519 3796//2519
f 3796//2520 3795//2520 3797//2520
f 3796//2521 3797//2521 3798//2521
f 3798//2522 3797//2522 3780//2522
f 3798//2523 3780//2523 3779//2523
f 3799//2524 3800//2524 3782//2524
f 3799//2525 3782//2525 3781//2525
f 3801//2526 3802//2526 3803//2526
f 3801//2527 3803//2527 3804//2527
f 3804//2528 3803//2528 3805//2528
f 3804//2529 3805//2529 3806//2529
f 3806//2530 3805//2530 3807//2530
f 3806//2531 3807//2531 3808//2531
f 3808//2532 3807//2532 3800//2532
f 3808//2533 3800//2533 3799//2533
f 3809//2534 3810//2534 3802//2534
f 3809//2535 3802//2535 3801//2535
f 1664//2536 3811//2536 3812//2536
f 1664//2537 3812//2537 1661//2537
f 3811//2538 3813//2538 3814//2538
f 3811//2539 3814//2539 3812//2539
f 3813//2540 3815//2540 3816//2540
f 3813//2541 3816//2541 3814//2541
f 3815//2542 3817//2542 3818//2542
f 3815//2543 3818//2543 3816//2543
f 3817//2544 3819//2544 3820//2544
f 3817//2545 3820//2545 3818//2545
f 3819//2546 3810//2546 3809//2546
f 3819//2547 3809//2547 3820//2547
f 2750//2548 3821//2548 2748//2548
f 2748//2548 3821//2548 3822//2548
f 2748//2548 3822//2548 774//2548
f 774//2548 3822//2548 3823//2548
f 774//2548 3823//2548 775//2548
f 775//2549 3823//2549 3824//2549
f 775//2549 3824//2549 778//2549
f 778//2550 3824//2550 3825//2550
f 778//2550 3825//2550 780//2550
f 780//2551 3825//2551 3826//2551
f 780//2551 3826//2551 782//2551
f 782//2552 3826//2552 3827//2552
f 782//2552 3827//2552 784//2552
f 784//2553 3827//2553 786//2553
f 786//2553 3827//2553 3828//2553
f 786//2553 3828//2553 2760//2553
f 2760//2553 3828//2553 3829//2553
f 2760//2553 3829//2553 2758//2553
f 2758//2552 3829//2552 3830//2552
f 2758//2552 3830//2552 2756//2552
f 2756//2551 3830//2551 3831//2551
f 2756//2551 3831//2551 2754//2551
f 2754//2550 3831//2550 3832//2550
f 2754//2550 3832//2550 2752//2550
f 2752//2549 3832//2549 3821//2549
f 2752//2549 3821//2549 2750//2549
f 3824//2549 3823//2549 3822//2549
f 3824//2549 3822//2549 3833//2549
f 3833//2549 3822//2549 3821//2549
f 3833//2549 3821//2549 3832//2549
f 3833//2550 3832//2550 3831//2550
f 3833//2550 3831//2550 3834//2550
f 3834//2551 3831//2551 3830//2551
f 3834//2551 3830//2551 3835//2551
f 3835//2552 3830//2552 3829//2552
f 3835//2552 3829//2552 3828//2552
f 3824//2550 3833//2550 3834//2550
f 3824//2550 3834//2550 3825//2550
f 3825//2551 3834//2551 3835//2551
f 3825//2551 3835//2551 3826//2551
f 3826//2552 3835//2552 3828//2552
f 3826//2552 3828//2552 3827//2552
f 2760//2554 2762//2554 788//2554
f 2760//2554 788//2554 786//2554
f 2769//2555 3836//2555 2762//2555
f 2762//2555 3836//2555 3837//2555
f 2762//2555 3837//2555 3838//2555
f 3838//2556 3837//2556 3839//2556
f 3838//2556 3839//2556 3840//2556
f 3840//2557 3839//2557 3841//2557
f 3840//2557 3841//2557 3842//2557
f 3842//2558 3841//2558 791//2558
f 791//2558 3841//2558 2764//2558
f 2764//2558 3841//2558 3843//2558
f 2764//2558 3843//2558 2765//2558
f 2765//2557 3843//2557 3844//2557
f 2765//2557 3844//2557 2767//2557
f 2767//2556 3844//2556 3836//2556
f 2767//2556 3836//2556 2769//2556
f 3842//2558 791//2558 3845//2558
f 3845//2558 791//2558 790//2558
f 3845//2557 790//2557 793//2557
f 3845//2557 793//2557 3846//2557
f 3846//2556 793//2556 792//2556
f 3846//2556 792//2556 3847//2556
f 3847//2555 792//2555 788//2555
f 3847//2555 788//2555 3838//2555
f 3838//2555 788//2555 2762//2555
f 3839//2556 3837//2556 3836//2556
f 3839//2556 3836//2556 3844//2556
f 3846//2556 3847//2556 3838//2556
f 3846//2556 3838//2556 3840//2556
f 3839//2557 3844//2557 3843//2557
f 3839//2557 3843//2557 3841//2557
f 3846//2557 3840//2557 3842//2557
f 3846//2557 3842//2557 3845//2557
f 2764//2559 2772//2559 794//2559
f 2764//2559 794//2559 791//2559
f 2789//2560 3848//2560 2772//2560
f 2772//2560 3848//2560 3849//2560
f 2772//2560 3849//2560 794//2560
f 794//2560 3849//2560 3850//2560
f 794//2560 3850//2560 797//2560
f 797//2561 3850//2561 3851//2561
f 797//2561 3851//2561 799//2561
f 799//2562 3851//2562 3852//2562
f 799//2562 3852//2562 800//2562
f 800//2563 3852//2563 3853//2563
f 800//2563 3853//2563 801//2563
f 801//2564 3853//2564 3854//2564
f 801//2564 3854//2564 802//2564
f 802//2565 3854//2565 3855//2565
f 802//2565 3855//2565 803//2565
f 803//2566 3855//2566 3856//2566
f 803//2566 3856//2566 804//2566
f 804//2567 3856//2567 3857//2567
f 804//2567 3857//2567 805//2567
f 805//2568 3857//2568 798//2568
f 798//2568 3857//2568 3858//2568
f 798//2568 3858//2568 2774//2568
f 2774//2568 3858//2568 3859//2568
f 2774//2568 3859//2568 2775//2568
f 2775//2567 3859//2567 3860//2567
f 2775//2567 3860//2567 2777//2567
f 2777//2566 3860//2566 3861//2566
f 2777//2566 3861//2566 2779//2566
f 2779//2565 3861//2565 3862//2565
f 2779//2565 3862//2565 2781//2565
f 2781//2564 3862//2564 3863//2564
f 2781//2564 3863//2564 2783//2564
f 2783//2563 3863//2563 3864//2563
f 2783//2563 3864//2563 2785//2563
f 2785//2562 3864//2562 3865//2562
f 2785//2562 3865//2562 2787//2562
f 2787//2561 3865//2561 3848//2561
f 2787//2561 3848//2561 2789//2561
f 3851//2561 3850//2561 3849//2561
f 3851//2561 3849//2561 3866//2561
f 3866//2561 3849//2561 3848//2561
f 3866//2561 3848//2561 3865//2561
f 3866//2562 3865//2562 3864//2562
f 3866//2562 3864//2562 3867//2562
f 3867//2563 3864//2563 3863//2563
f 3867//2563 3863//2563 3868//2563
f 3868//2564 3863//2564 3862//2564
f 3868//2564 3862//2564 3869//2564
f 3869//2565 3862//2565 3861//2565
f 3869//2565 3861//2565 3870//2565
f 3870//2566 3861//2566 3860//2566
f 3870//2566 3860//2566 3871//2566
f 3871//2567 3860//2567 3859//2567
f 3871//2567 3859//2567 3858//2567
f 3851//2562 3866//2562 3867//2562
f 3851//2562 3867//2562 3852//2562
f 3852//2563 3867//2563 3868//2563
f 3852//2563 3868//2563 3853//2563
f 3853//2564 3868//2564 3869//2564
f 3853//2564 3869//2564 3854//2564
f 3854//2565 3869//2565 3870//2565
f 3854//2565 3870//2565 3855//2565
f 3855//2566 3870//2566 3871//2566
f 3855//2566 3871//2566 3856//2566
f 3856//2567 3871//2567 3858//2567
f 3856//2567 3858//2567 3857//2567
f 2774//2569 2792//2569 795//2569
f 2774//2569 795//2569 798//2569
f 2799//2570 3872//2570 2792//2570
f 2792//2570 3872//2570 3873//2570
f 2792//2570 3873//2570 3874//2570
f 3874//2571 3873//2571 3875//2571
f 3874//2571 3875//2571 3876//2571
f 3876//2572 3875//2572 3877//2572
f 3876//2572 3877//2572 3878//2572
f 3878//2573 3877//2573 789//2573
f 789//2573 3877//2573 2794//2573
f 2794//2573 3877//2573 3879//2573
f 2794//2573 3879//2573 2795//2573
f 2795//2572 3879//2572 3880//2572
f 2795//2572 3880//2572 2797//2572
f 2797//2571 3880//2571 3872//2571
f 2797//2571 3872//2571 2799//2571
f 3878//2573 789//2573 3881//2573
f 3881//2573 789//2573 796//2573
f 3881//2572 796//2572 807//2572
f 3881//2572 807//2572 3882//2572
f 3882//2571 807//2571 806//2571
f 3882//2571 806//2571 3883//2571
f 3883//2570 806//2570 795//2570
f 3883//2570 795//2570 3874//2570
f 3874//2570 795//2570 2792//2570
f 3875//2571 3873//2571 3872//2571
f 3875//2571 3872//2571 3880//2571
f 3882//2571 3883//2571 3874//2571
f 3882//2571 3874//2571 3876//2571
f 3875//2572 3880//2572 3879//2572
f 3875//2572 3879//2572 3877//2572
f 3882//2572 3876//2572 3878//2572
f 3882//2572 3878//2572 3881//2572
f 2794//2574 2802//2574 787//2574
f 2794//2574 787//2574 789//2574
f 2813//2575 3884//2575 2802//2575
f 2802//2575 3884//2575 3885//2575
f 2802//2575 3885//2575 787//2575
f 787//2575 3885//2575 3886//2575
f 787//2575 3886//2575 785//2575
f 785//2576 3886//2576 3887//2576
f 785//2576 3887//2576 783//2576
f 783//2577 3887//2577 3888//2577
f 783//2577 3888//2577 781//2577
f 781//2578 3888//2578 3889//2578
f 781//2578 3889//2578 779//2578
f 779//2579 3889//2579 3890//2579
f 779//2579 3890//2579 777//2579
f 777//2580 3890//2580 776//2580
f 776//2580 3890//2580 3891//2580
f 776//2580 3891//2580 2803//2580
f 2803//2580 3891//2580 3892//2580
f 2803//2580 3892//2580 2804//2580
f 2804//2579 3892//2579 3893//2579
f 2804//2579 3893//2579 2807//2579
f 2807//2578 3893//2578 3894//2578
f 2807//2578 3894//2578 2809//2578
f 2809//2577 3894//2577 3895//2577
f 2809//2577 3895//2577 2811//2577
f 2811//2576 3895//2576 3884//2576
f 2811//2576 3884//2576 2813//2576
f 3887//2576 3886//2576 3885//2576
f 3887//2576 3885//2576 3896//2576
f 3896//2576 3885//2576 3884//2576
f 3896//2576 3884//2576 3895//2576
f 3896//2577 3895//2577 3894//2577
f 3896//2577 3894//2577 3897//2577
f 3897//2578 3894//2578 3893//2578
f 3897//2578 3893//2578 3898//2578
f 3898//2579 3893//2579 3892//2579
f 3898//2579 3892//2579 3891//2579
f 3887//2577 3896//2577 3897//2577
f 3887//2577 3897//2577 3888//2577
f 3888//2578 3897//2578 3898//2578
f 3888//2578 3898//2578 3889//2578
f 3889//2579 3898//2579 3891//2579
f 3889//2579 3891//2579 3890//2579
f 2803//2581 2819//2581 808//2581
f 2803//2581 808//2581 776//2581
f 2819//2582 2816//2582 809//2582
f 2819//2582 809//2582 808//2582
f 2816//2583 2815//2583 810//2583
f 2816//2583 810//2583 809//2583
f 2822//2584 3899//2584 2815//2584
f 2815//2584 3899//2584 3900//2584
f 2815//2584 3900//2584 810//2584
f 810//2584 3900//2584 3901//2584
f 810//2584 3901//2584 811//2584
f 811//2585 3901//2585 3902//2585
f 811//2585 3902//2585 815//2585
f 815//2586 3902//2586 3903//2586
f 815//2586 3903//2586 817//2586
f 817//2587 3903//2587 3904//2587
f 817//2587 3904//2587 819//2587
f 819//2588 3904//2588 3905//2588
f 819//2588 3905//2588 821//2588
f 821//2589 3905//2589 823//2589
f 823//2589 3905//2589 3906//2589
f 823//2589 3906//2589 2832//2589
f 2832//2589 3906//2589 3907//2589
f 2832//2589 3907//2589 2830//2589
f 2830//2588 3907//2588 3908//2588
f 2830//2588 3908//2588 2828//2588
f 2828//2587 3908//2587 3909//2587
f 2828//2587 3909//2587 2826//2587
f 2826//2586 3909//2586 3910//2586
f 2826//2586 3910//2586 2824//2586
f 2824//2585 3910//2585 3899//2585
f 2824//2585 3899//2585 2822//2585
f 3902//2585 3901//2585 3900//2585
f 3902//2585 3900//2585 3911//2585
f 3911//2585 3900//2585 3899//2585
f 3911//2585 3899//2585 3910//2585
f 3911//2586 3910//2586 3909//2586
f 3911//2586 3909//2586 3912//2586
f 3912//2587 3909//2587 3908//2587
f 3912//2587 3908//2587 3913//2587
f 3913//2588 3908//2588 3907//2588
f 3913//2588 3907//2588 3906//2588
f 3902//2586 3911//2586 3912//2586
f 3902//2586 3912//2586 3903//2586
f 3903//2587 3912//2587 3913//2587
f 3903//2587 3913//2587 3904//2587
f 3904//2588 3913//2588 3906//2588
f 3904//2588 3906//2588 3905//2588
f 2832//2590 2834//2590 825//2590
f 2832//2590 825//2590 823//2590
f 2841//2591 3914//2591 2834//2591
f 2834//2591 3914//2591 3915//2591
f 2834//2591 3915//2591 3916//2591
f 3916//2592 3915//2592 3917//2592
f 3916//2592 3917//2592 3918//2592
f 3918//2593 3917//2593 3919//2593
f 3918//2593 3919//2593 3920//2593
f 3920//2594 3919//2594 830//2594
f 830//2594 3919//2594 2836//2594
f 2836//2594 3919//2594 3921//2594
f 2836//2594 3921//2594 2837//2594
f 2837//2593 3921//2593 3922//2593
f 2837//2593 3922//2593 2839//2593
f 2839//2592 3922//2592 3914//2592
f 2839//2592 3914//2592 2841//2592
f 3920//2594 830//2594 3923//2594
f 3923//2594 830//2594 829//2594
f 3923//2593 829//2593 828//2593
f 3923//2593 828//2593 3924//2593
f 3924//2592 828//2592 827//2592
f 3924//2592 827//2592 3925//2592
f 3925//2591 827//2591 825//2591
f 3925//2591 825//2591 3916//2591
f 3916//2591 825//2591 2834//2591
f 3917//2592 3915//2592 3914//2592
f 3917//2592 3914//2592 3922//2592
f 3924//2592 3925//2592 3916//2592
f 3924//2592 3916//2592 3918//2592
f 3917//2593 3922//2593 3921//2593
f 3917//2593 3921//2593 3919//2593
f 3924//2593 3918//2593 3920//2593
f 3924//2593 3920//2593 3923//2593
f 2836//2595 2844//2595 831//2595
f 2836//2595 831//2595 830//2595
f 2861//2596 3926//2596 2844//2596
f 2844//2596 3926//2596 3927//2596
f 2844//2596 3927//2596 831//2596
f 831//2596 3927//2596 3928//2596
f 831//2596 3928//2596 836//2596
f 836//2597 3928//2597 3929//2597
f 836//2597 3929//2597 838//2597
f 838//2598 3929//2598 3930//2598
f 838//2598 3930//2598 839//2598
f 839//2599 3930//2599 3931//2599
f 839//2599 3931//2599 840//2599
f 840//2600 3931//2600 3932//2600
f 840//2600 3932//2600 841//2600
f 841//2601 3932//2601 3933//2601
f 841//2601 3933//2601 842//2601
f 842//2602 3933//2602 3934//2602
f 842//2602 3934//2602 843//2602
f 843//2603 3934//2603 3935//2603
f 843//2603 3935//2603 844//2603
f 844//2604 3935//2604 837//2604
f 837//2604 3935//2604 3936//2604
f 837//2604 3936//2604 2846//2604
f 2846//2604 3936//2604 3937//2604
f 2846//2604 3937//2604 2847//2604
f 2847//2603 3937//2603 3938//2603
f 2847//2603 3938//2603 2849//2603
f 2849//2602 3938//2602 3939//2602
f 2849//2602 3939//2602 2851//2602
f 2851//2601 3939//2601 3940//2601
f 2851//2601 3940//2601 2853//2601
f 2853//2600 3940//2600 3941//2600
f 2853//2600 3941//2600 2855//2600
f 2855//2599 3941//2599 3942//2599
f 2855//2599 3942//2599 2857//2599
f 2857//2598 3942//2598 3943//2598
f 2857//2598 3943//2598 2859//2598
f 2859//2597 3943//2597 3926//2597
f 2859//2597 3926//2597 2861//2597
f 3929//2597 3928//2597 3927//2597
f 3929//2597 3927//2597 3944//2597
f 3944//2597 3927//2597 3926//2597
f 3944//2597 3926//2597 3943//2597
f 3944//2598 3943//2598 3942//2598
f 3944//2598 3942//2598 3945//2598
f 3945//2599 3942//2599 3941//2599
f 3945//2599 3941//2599 3946//2599
f 3946//2600 3941//2600 3940//2600
f 3946//2600 3940//2600 3947//2600
f 3947//2601 3940//2601 3939//2601
f 3947//2601 3939//2601 3948//2601
f 3948//2602 3939//2602 3938//2602
f 3948//2602 3938//2602 3949//2602
f 3949//2603 3938//2603 3937//2603
f 3949//2603 3937//2603 3936//2603
f 3929//2598 3944//2598 3945//2598
f 3929//2598 3945//2598 3930//2598
f 3930//2599 3945//2599 3946//2599
f 3930//2599 3946//2599 3931//2599
f 3931//2600 3946//2600 3947//2600
f 3931//2600 3947//2600 3932//2600
f 3932//2601 3947//2601 3948//2601
f 3932//2601 3948//2601 3933//2601
f 3933//2602 3948//2602 3949//2602
f 3933//2602 3949//2602 3934//2602
f 3934//2603 3949//2603 3936//2603
f 3934//2603 3936//2603 3935//2603
f 2846//2605 2864//2605 832//2605
f 2846//2605 832//2605 837//2605
f 2871//2606 3950//2606 2864//2606
f 2864//2606 3950//2606 3951//2606
f 2864//2606 3951//2606 3952//2606
f 3952//2607 3951//2607 3953//2607
f 3952//2607 3953//2607 3954//2607
f 3954//2608 3953//2608 3955//2608
f 3954//2608 3955//2608 3956//2608
f 3956//2609 3955//2609 826//2609
f 826//2609 3955//2609 2866//2609
f 2866//2609 3955//2609 3957//2609
f 2866//2609 3957//2609 2867//2609
f 2867//2608 3957//2608 3958//2608
f 2867//2608 3958//2608 2869//2608
f 2869//2607 3958//2607 3950//2607
f 2869//2607 3950//2607 2871//2607
f 3956//2609 826//2609 3959//2609
f 3959//2609 826//2609 833//2609
f 3959//2608 833//2608 834//2608
f 3959//2608 834//2608 3960//2608
f 3960//2607 834//2607 835//2607
f 3960//2607 835//2607 3961//2607
f 3961//2606 835//2606 832//2606
f 3961//2606 832//2606 3952//2606
f 3952//2606 832//2606 2864//2606
f 3953//2607 3951//2607 3950//2607
f 3953//2607 3950//2607 3958//2607
f 3960//2607 3961//2607 3952//2607
f 3960//2607 3952//2607 3954//2607
f 3953//2608 3958//2608 3957//2608
f 3953//2608 3957//2608 3955//2608
f 3960//2608 3954//2608 3956//2608
f 3960//2608 3956//2608 3959//2608
f 2866//2610 2874//2610 824//2610
f 2866//2610 824//2610 826//2610
f 2885//2611 3962//2611 2874//2611
f 2874//2611 3962//2611 3963//2611
f 2874//2611 3963//2611 824//2611
f 824//2611 3963//2611 3964//2611
f 824//2611 3964//2611 822//2611
f 822//2612 3964//2612 3965//2612
f 822//2612 3965//2612 820//2612
f 820//2613 3965//2613 3966//2613
f 820//2613 3966//2613 818//2613
f 818//2614 3966//2614 3967//2614
f 818//2614 3967//2614 816//2614
f 816//2615 3967//2615 3968//2615
f 816//2615 3968//2615 812//2615
f 812//2616 3968//2616 813//2616
f 813//2616 3968//2616 3969//2616
f 813//2616 3969//2616 2875//2616
f 2875//2616 3969//2616 3970//2616
f 2875//2616 3970//2616 2876//2616
f 2876//2615 3970//2615 3971//2615
f 2876//2615 3971//2615 2879//2615
f 2879//2614 3971//2614 3972//2614
f 2879//2614 3972//2614 2881//2614
f 2881//2613 3972//2613 3973//2613
f 2881//2613 3973//2613 2883//2613
f 2883//2612 3973//2612 3962//2612
f 2883//2612 3962//2612 2885//2612
f 3965//2612 3964//2612 3963//2612
f 3965//2612 3963//2612 3974//2612
f 3974//2612 3963//2612 3962//2612
f 3974//2612 3962//2612 3973//2612
f 3974//2613 3973//2613 3972//2613
f 3974//2613 3972//2613 3975//2613
f 3975//2614 3972//2614 3971//2614
f 3975//2614 3971//2614 3976//2614
f 3976//2615 3971//2615 3970//2615
f 3976//2615 3970//2615 3969//2615
f 3965//2613 3974//2613 3975//2613
f 3965//2613 3975//2613 3966//2613
f 3966//2614 3975//2614 3976//2614
f 3966//2614 3976//2614 3967//2614
f 3967//2615 3976//2615 3969//2615
f 3967//2615 3969//2615 3968//2615
f 2875//2617 2891//2617 814//2617
f 2875//2617 814//2617 813//2617
f 2891//2618 2888//2618 845//2618
f 2891//2618 845//2618 814//2618
f 2888//2619 2887//2619 846//2619
f 2888//2619 846//2619 845//2619
f 2894//2620 3977//2620 2887//2620
f 2887//2620 3977//2620 3978//2620
f 2887//2620 3978//2620 846//2620
f 846//2620 3978//2620 3979//2620
f 846//2620 3979//2620 847//2620
f 847//2621 3979//2621 3980//2621
f 847//2621 3980//2621 850//2621
f 850//2622 3980//2622 3981//2622
f 850//2622 3981//2622 852//2622
f 852//2623 3981//2623 3982//2623
f 852//2623 3982//2623 854//2623
f 854//2624 3982//2624 3983//2624
f 854//2624 3983//2624 856//2624
f 856//2625 3983//2625 858//2625
f 858//2625 3983//2625 3984//2625
f 858//2625 3984//2625 2904//2625
f 2904//2625 3984//2625 3985//2625
f 2904//2625 3985//2625 2902//2625
f 2902//2624 3985//2624 3986//2624
f 2902//2624 3986//2624 2900//2624
f 2900//2623 3986//2623 3987//2623
f 2900//2623 3987//2623 2898//2623
f 2898//2622 3987//2622 3988//2622
f 2898//2622 3988//2622 2896//2622
f 2896//2621 3988//2621 3977//2621
f 2896//2621 3977//2621 2894//2621
f 3980//2621 3979//2621 3978//2621
f 3980//2621 3978//2621 3989//2621
f 3989//2621 3978//2621 3977//2621
f 3989//2621 3977//2621 3988//2621
f 3989//2622 3988//2622 3987//2622
f 3989//2622 3987//2622 3990//2622
f 3990//2623 3987//2623 3986//2623
f 3990//2623 3986//2623 3991//2623
f 3991//2624 3986//2624 3985//2624
f 3991//2624 3985//2624 3984//2624
f 3980//2622 3989//2622 3990//2622
f 3980//2622 3990//2622 3981//2622
f 3981//2623 3990//2623 3991//2623
f 3981//2623 3991//2623 3982//2623
f 3982//2624 3991//2624 3984//2624
f 3982//2624 3984//2624 3983//2624
f 2904//2626 2906//2626 860//2626
f 2904//2626 860//2626 858//2626
f 2913//2627 3992//2627 2906//2627
f 2906//2627 3992//2627 3993//2627
f 2906//2627 3993//2627 3994//2627
f 3994//2628 3993//2628 3995//2628
f 3994//2628 3995//2628 3996//2628
f 3996//2629 3995//2629 3997//2629
f 3996//2629 3997//2629 3998//2629
f 3998//2630 3997//2630 865//2630
f 865//2630 3997//2630 2908//2630
f 2908//2630 3997//2630 3999//2630
f 2908//2630 3999//2630 2909//2630
f 2909//2629 3999//2629 4000//2629
f 2909//2629 4000//2629 2911//2629
f 2911//2628 4000//2628 3992//2628
f 2911//2628 3992//2628 2913//2628
f 3998//2630 865//2630 4001//2630
f 4001//2630 865//2630 864//2630
f 4001//2629 864//2629 863//2629
f 4001//2629 863//2629 4002//2629
f 4002//2628 863//2628 862//2628
f 4002//2628 862//2628 4003//2628
f 4003//2627 862//2627 860//2627
f 4003//2627 860//2627 3994//2627
f 3994//2627 860//2627 2906//2627
f 3995//2628 3993//2628 3992//2628
f 3995//2628 3992//2628 4000//2628
f 4002//2628 4003//2628 3994//2628
f 4002//2628 3994//2628 3996//2628
f 3995//2629 4000//2629 3999//2629
f 3995//2629 3999//2629 3997//2629
f 4002//2629 3996//2629 3998//2629
f 4002//2629 3998//2629 4001//2629
f 2908//2631 2916//2631 866//2631
f 2908//2631 866//2631 865//2631
f 2933//2632 4004//2632 2916//2632
f 2916//2632 4004//2632 4005//2632
f 2916//2632 4005//2632 866//2632
f 866//2632 4005//2632 4006//2632
f 866//2632 4006//2632 871//2632
f 871//2633 4006//2633 4007//2633
f 871//2633 4007//2633 873//2633
f 873//2634 4007//2634 4008//2634
f 873//2634 4008//2634 874//2634
f 874//2635 4008//2635 4009//2635
f 874//2635 4009//2635 875//2635
f 875//2636 4009//2636 4010//2636
f 875//2636 4010//2636 876//2636
f 876//2637 4010//2637 4011//2637
f 876//2637 4011//2637 877//2637
f 877//2638 4011//2638 4012//2638
f 877//2638 4012//2638 878//2638
f 878//2639 4012//2639 4013//2639
f 878//2639 4013//2639 879//2639
f 879//2640 4013//2640 872//2640
f 872//2640 4013//2640 4014//2640
f 872//2640 4014//2640 2918//2640
f 2918//2640 4014//2640 4015//2640
f 2918//2640 4015//2640 2919//2640
f 2919//2639 4015//2639 4016//2639
f 2919//2639 4016//2639 2921//2639
f 2921//2638 4016//2638 4017//2638
f 2921//2638 4017//2638 2923//2638
f 2923//2637 4017//2637 4018//2637
f 2923//2637 4018//2637 2925//2637
f 2925//2636 4018//2636 4019//2636
f 2925//2636 4019//2636 2927//2636
f 2927//2635 4019//2635 4020//2635
f 2927//2635 4020//2635 2929//2635
f 2929//2634 4020//2634 4021//2634
f 2929//2634 4021//2634 2931//2634
f 2931//2633 4021//2633 4004//2633
f 2931//2633 4004//2633 2933//2633
f 4007//2633 4006//2633 4005//2633
f 4007//2633 4005//2633 4022//2633
f 4022//2633 4005//2633 4004//2633
f 4022//2633 4004//2633 4021//2633
f 4022//2634 4021//2634 4020//2634
f 4022//2634 4020//2634 4023//2634
f 4023//2635 4020//2635 4019//2635
f 4023//2635 4019//2635 4024//2635
f 4024//2636 4019//2636 4018//2636
f 4024//2636 4018//2636 4025//2636
f 4025//2637 4018//2637 4017//2637
f 4025//2637 4017//2637 4026//2637
f 4026//2638 4017//2638 4016//2638
f 4026//2638 4016//2638 4027//2638
f 4027//2639 4016//2639 4015//2639
f 4027//2639 4015//2639 4014//2639
f 4007//2634 4022//2634 4023//2634
f 4007//2634 4023//2634 4008//2634
f 4008//2635 4023//2635 4024//2635
f 4008//2635 4024//2635 4009//2635
f 4009//2636 4024//2636 4025//2636
f 4009//2636 4025//2636 4010//2636
f 4010//2637 4025//2637 4026//2637
f 4010//2637 4026//2637 4011//2637
f 4011//2638 4026//2638 4027//2638
f 4011//2638 4027//2638 4012//2638
f 4012//2639 4027//2639 4014//2639
f 4012//2639 4014//2639 4013//2639
f 2918//2641 2936//2641 867//2641
f 2918//2641 867//2641 872//2641
f 2943//2642 4028//2642 2936//2642
f 2936//2642 4028//2642 4029//2642
f 2936//2642 4029//2642 4030//2642
f 4030//2643 4029//2643 4031//2643
f 4030//2643 4031//2643 4032//2643
f 4032//2644 4031//2644 4033//2644
f 4032//2644 4033//2644 4034//2644
f 4034//2645 4033//2645 861//2645
f 861//2645 4033//2645 2938//2645
f 2938//2645 4033//2645 4035//2645
f 2938//2645 4035//2645 2939//2645
f 2939//2644 4035//2644 4036//2644
f 2939//2644 4036//2644 2941//2644
f 2941//2643 4036//2643 4028//2643
f 2941//2643 4028//2643 2943//2643
f 4034//2645 861//2645 4037//2645
f 4037//2645 861//2645 868//2645
f 4037//2644 868//2644 869//2644
f 4037//2644 869//2644 4038//2644
f 4038//2643 869//2643 870//2643
f 4038//2643 870//2643 4039//2643
f 4039//2642 870//2642 867//2642
f 4039//2642 867//2642 4030//2642
f 4030//2642 867//2642 2936//2642
f 4031//2643 4029//2643 4028//2643
f 4031//2643 4028//2643 4036//2643
f 4038//2643 4039//2643 4030//2643
f 4038//2643 4030//2643 4032//2643
f 4031//2644 4036//2644 4035//2644
f 4031//2644 4035//2644 4033//2644
f 4038//2644 4032//2644 4034//2644
f 4038//2644 4034//2644 4037//2644
f 2938//2646 2946//2646 859//2646
f 2938//2646 859//2646 861//2646
f 2957//2647 4040//2647 2946//2647
f 2946//2647 4040//2647 4041//2647
f 2946//2647 4041//2647 859//2647
f 859//2647 4041//2647 4042//2647
f 859//2647 4042//2647 857//2647
f 857//2648 4042//2648 4043//2648
f 857//2648 4043//2648 855//2648
f 855//2649 4043//2649 4044//2649
f 855//2649 4044//2649 853//2649
f 853//2650 4044//2650 4045//2650
f 853//2650 4045//2650 851//2650
f 851//2651 4045//2651 4046//2651
f 851//2651 4046//2651 848//2651
f 848//2652 4046//2652 849//2652
f 849//2652 4046//2652 4047//2652
f 849//2652 4047//2652 2947//2652
f 2947//2652 4047//2652 4048//2652
f 2947//2652 4048//2652 2948//2652
f 2948//2651 4048//2651 4049//2651
f 2948//2651 4049//2651 2951//2651
f 2951//2650 4049//2650 4050//2650
f 2951//2650 4050//2650 2953//2650
f 2953//2649 4050//2649 4051//2649
f 2953//2649 4051//2649 2955//2649
f 2955//2648 4051//2648 4040//2648
f 2955//2648 4040//2648 2957//2648
f 4043//2648 4042//2648 4041//2648
f 4043//2648 4041//2648 4052//2648
f 4052//2648 4041//2648 4040//2648
f 4052//2648 4040//2648 4051//2648
f 4052//2649 4051//2649 4050//2649
f 4052//2649 4050//2649 4053//2649
f 4053//2650 4050//2650 4049//2650
f 4053//2650 4049//2650 4054//2650
f 4054//2651 4049//2651 4048//2651
f 4054//2651 4048//2651 4047//2651
f 4043//2649 4052//2649 4053//2649
f 4043//2649 4053//2649 4044//2649
f 4044//2650 4053//2650 4054//2650
f 4044//2650 4054//2650 4045//2650
f 4045//2651 4054//2651 4047//2651
f 4045//2651 4047//2651 4046//2651
f 2947//2653 2963//2653 880//2653
f 2947//2653 880//2653 849//2653
f 2963//2654 2960//2654 881//2654
f 2963//2654 881//2654 880//2654
f 2960//2655 2959//2655 882//2655
f 2960//2655 882//2655 881//2655
f 2966//2656 4055//2656 2959//2656
f 2959//2656 4055//2656 4056//2656
f 2959//2656 4056//2656 882//2656
f 882//2656 4056//2656 4057//2656
f 882//2656 4057//2656 883//2656
f 883//2657 4057//2657 4058//2657
f 883//2657 4058//2657 885//2657
f 885//2658 4058//2658 4059//2658
f 885//2658 4059//2658 887//2658
f 887//2659 4059//2659 4060//2659
f 887//2659 4060//2659 889//2659
f 889//2660 4060//2660 4061//2660
f 889//2660 4061//2660 891//2660
f 891//2661 4061//2661 893//2661
f 893//2661 4061//2661 4062//2661
f 893//2661 4062//2661 2976//2661
f 2976//2661 4062//2661 4063//2661
f 2976//2661 4063//2661 2974//2661
f 2974//2660 4063//2660 4064//2660
f 2974//2660 4064//2660 2972//2660
f 2972//2659 4064//2659 4065//2659
f 2972//2659 4065//2659 2970//2659
f 2970//2658 4065//2658 4066//2658
f 2970//2658 4066//2658 2968//2658
f 2968//2657 4066//2657 4055//2657
f 2968//2657 4055//2657 2966//2657
f 4058//2657 4057//2657 4056//2657
f 4058//2657 4056//2657 4067//2657
f 4067//2657 4056//2657 4055//2657
f 4067//2657 4055//2657 4066//2657
f 4067//2658 4066//2658 4065//2658
f 4067//2658 4065//2658 4068//2658
f 4068//2659 4065//2659 4064//2659
f 4068//2659 4064//2659 4069//2659
f 4069//2660 4064//2660 4063//2660
f 4069//2660 4063//2660 4062//2660
f 4058//2658 4067//2658 4068//2658
f 4058//2658 4068//2658 4059//2658
f 4059//2659 4068//2659 4069//2659
f 4059//2659 4069//2659 4060//2659
f 4060//2660 4069//2660 4062//2660
f 4060//2660 4062//2660 4061//2660
f 2976//2662 2978//2662 895//2662
f 2976//2662 895//2662 893//2662
f 2985//2663 4070//2663 2978//2663
f 2978//2663 4070//2663 4071//2663
f 2978//2663 4071//2663 4072//2663
f 4072//2664 4071//2664 4073//2664
f 4072//2664 4073//2664 4074//2664
f 4074//2665 4073//2665 4075//2665
f 4074//2665 4075//2665 4076//2665
f 4076//2666 4075//2666 898//2666
f 898//2666 4075//2666 2980//2666
f 2980//2666 4075//2666 4077//2666
f 2980//2666 4077//2666 2981//2666
f 2981//2665 4077//2665 4078//2665
f 2981//2665 4078//2665 2983//2665
f 2983//2664 4078//2664 4070//2664
f 2983//2664 4070//2664 2985//2664
f 4076//2666 898//2666 4079//2666
f 4079//2666 898//2666 904//2666
f 4079//2665 904//2665 903//2665
f 4079//2665 903//2665 4080//2665
f 4080//2664 903//2664 897//2664
f 4080//2664 897//2664 4081//2664
f 4081//2663 897//2663 895//2663
f 4081//2663 895//2663 4072//2663
f 4072//2663 895//2663 2978//2663
f 4073//2664 4071//2664 4070//2664
f 4073//2664 4070//2664 4078//2664
f 4080//2664 4081//2664 4072//2664
f 4080//2664 4072//2664 4074//2664
f 4073//2665 4078//2665 4077//2665
f 4073//2665 4077//2665 4075//2665
f 4080//2665 4074//2665 4076//2665
f 4080//2665 4076//2665 4079//2665
f 2980//2667 2988//2667 905//2667
f 2980//2667 905//2667 898//2667
f 3005//2668 4082//2668 2988//2668
f 2988//2668 4082//2668 4083//2668
f 2988//2668 4083//2668 905//2668
f 905//2668 4083//2668 4084//2668
f 905//2668 4084//2668 906//2668
f 906//2669 4084//2669 4085//2669
f 906//2669 4085//2669 908//2669
f 908//2670 4085//2670 4086//2670
f 908//2670 4086//2670 909//2670
f 909//2671 4086//2671 4087//2671
f 909//2671 4087//2671 910//2671
f 910//2672 4087//2672 4088//2672
f 910//2672 4088//2672 912//2672
f 912//2673 4088//2673 4089//2673
f 912//2673 4089//2673 914//2673
f 914//2674 4089//2674 4090//2674
f 914//2674 4090//2674 913//2674
f 913//2675 4090//2675 4091//2675
f 913//2675 4091//2675 911//2675
f 911//2676 4091//2676 907//2676
f 907//2676 4091//2676 4092//2676
f 907//2676 4092//2676 2990//2676
f 2990//2676 4092//2676 4093//2676
f 2990//2676 4093//2676 2991//2676
f 2991//2675 4093//2675 4094//2675
f 2991//2675 4094//2675 2993//2675
f 2993//2674 4094//2674 4095//2674
f 2993//2674 4095//2674 2995//2674
f 2995//2673 4095//2673 4096//2673
f 2995//2673 4096//2673 2997//2673
f 2997//2672 4096//2672 4097//2672
f 2997//2672 4097//2672 2999//2672
f 2999//2671 4097//2671 4098//2671
f 2999//2671 4098//2671 3001//2671
f 3001//2670 4098//2670 4099//2670
f 3001//2670 4099//2670 3003//2670
f 3003//2669 4099//2669 4082//2669
f 3003//2669 4082//2669 3005//2669
f 4085//2669 4084//2669 4083//2669
f 4085//2669 4083//2669 4100//2669
f 4100//2669 4083//2669 4082//2669
f 4100//2669 4082//2669 4099//2669
f 4100//2670 4099//2670 4098//2670
f 4100//2670 4098//2670 4101//2670
f 4101//2671 4098//2671 4097//2671
f 4101//2671 4097//2671 4102//2671
f 4102//2672 4097//2672 4096//2672
f 4102//2672 4096//2672 4103//2672
f 4103//2673 4096//2673 4095//2673
f 4103//2673 4095//2673 4104//2673
f 4104//2674 4095//2674 4094//2674
f 4104//2674 4094//2674 4105//2674
f 4105//2675 4094//2675 4093//2675
f 4105//2675 4093//2675 4092//2675
f 4085//2670 4100//2670 4101//2670
f 4085//2670 4101//2670 4086//2670
f 4086//2671 4101//2671 4102//2671
f 4086//2671 4102//2671 4087//2671
f 4087//2672 4102//2672 4103//2672
f 4087//2672 4103//2672 4088//2672
f 4088//2673 4103//2673 4104//2673
f 4088//2673 4104//2673 4089//2673
f 4089//2674 4104//2674 4105//2674
f 4089//2674 4105//2674 4090//2674
f 4090//2675 4105//2675 4092//2675
f 4090//2675 4092//2675 4091//2675
f 2990//2677 3008//2677 899//2677
f 2990//2677 899//2677 907//2677
f 3015//2678 4106//2678 3008//2678
f 3008//2678 4106//2678 4107//2678
f 3008//2678 4107//2678 4108//2678
f 4108//2679 4107//2679 4109//2679
f 4108//2679 4109//2679 4110//2679
f 4110//2680 4109//2680 4111//2680
f 4110//2680 4111//2680 4112//2680
f 4112//2681 4111//2681 896//2681
f 896//2681 4111//2681 3010//2681
f 3010//2681 4111//2681 4113//2681
f 3010//2681 4113//2681 3011//2681
f 3011//2680 4113//2680 4114//2680
f 3011//2680 4114//2680 3013//2680
f 3013//2679 4114//2679 4106//2679
f 3013//2679 4106//2679 3015//2679
f 4112//2681 896//2681 4115//2681
f 4115//2681 896//2681 900//2681
f 4115//2680 900//2680 901//2680
f 4115//2680 901//2680 4116//2680
f 4116//2679 901//2679 902//2679
f 4116//2679 902//2679 4117//2679
f 4117//2678 902//2678 899//2678
f 4117//2678 899//2678 4108//2678
f 4108//2678 899//2678 3008//2678
f 4109//2679 4107//2679 4106//2679
f 4109//2679 4106//2679 4114//2679
f 4116//2679 4117//2679 4108//2679
f 4116//2679 4108//2679 4110//2679
f 4109//2680 4114//2680 4113//2680
f 4109//2680 4113//2680 4111//2680
f 4116//2680 4110//2680 4112//2680
f 4116//2680 4112//2680 4115//2680
f 3010//2682 3018//2682 894//2682
f 3010//2682 894//2682 896//2682
f 3029//2683 4118//2683 3018//2683
f 3018//2683 4118//2683 4119//2683
f 3018//2683 4119//2683 894//2683
f 894//2683 4119//2683 4120//2683
f 894//2683 4120//2683 892//2683
f 892//2684 4120//2684 4121//2684
f 892//2684 4121//2684 890//2684
f 890//2685 4121//2685 4122//2685
f 890//2685 4122//2685 888//2685
f 888//2686 4122//2686 4123//2686
f 888//2686 4123//2686 886//2686
f 886//2687 4123//2687 4124//2687
f 886//2687 4124//2687 884//2687
f 884//2688 4124//2688 37//2688
f 37//2688 4124//2688 4125//2688
f 37//2688 4125//2688 3019//2688
f 3019//2688 4125//2688 4126//2688
f 3019//2688 4126//2688 3020//2688
f 3020//2687 4126//2687 4127//2687
f 3020//2687 4127//2687 3023//2687
f 3023//2686 4127//2686 4128//2686
f 3023//2686 4128//2686 3025//2686
f 3025//2685 4128//2685 4129//2685
f 3025//2685 4129//2685 3027//2685
f 3027//2684 4129//2684 4118//2684
f 3027//2684 4118//2684 3029//2684
f 4121//2684 4120//2684 4119//2684
f 4121//2684 4119//2684 4130//2684
f 4130//2684 4119//2684 4118//2684
f 4130//2684 4118//2684 4129//2684
f 4130//2685 4129//2685 4128//2685
f 4130//2685 4128//2685 4131//2685
f 4131//2686 4128//2686 4127//2686
f 4131//2686 4127//2686 4132//2686
f 4132//2687 4127//2687 4126//2687
f 4132//2687 4126//2687 4125//2687
f 4121//2685 4130//2685 4131//2685
f 4121//2685 4131//2685 4122//2685
f 4122//2686 4131//2686 4132//2686
f 4122//2686 4132//2686 4123//2686
f 4123//2687 4132//2687 4125//2687
f 4123//2687 4125//2687 4124//2687
f 3019//2689 3035//2689 38//2689
f 3019//2689 38//2689 37//2689
f 3035//2690 3032//2690 915//2690
f 3035//2690 915//2690 38//2690
f 3032//2691 3031//2691 916//2691
f 3032//2691 916//2691 915//2691
f 3038//2692 4133//2692 3031//2692
f 3031//2692 4133//2692 4134//2692
f 3031//2692 4134//2692 916//2692
f 916//2692 4134//2692 4135//2692
f 916//2692 4135//2692 917//2692
f 917//2693 4135//2693 4136//2693
f 917//2693 4136//2693 918//2693
f 918//2694 4136//2694 4137//2694
f 918//2694 4137//2694 919//2694
f 919//2695 4137//2695 4138//2695
f 919//2695 4138//2695 920//2695
f 920//2696 4138//2696 4139//2696
f 920//2696 4139//2696 921//2696
f 921//2697 4139//2697 925//2697
f 925//2697 4139//2697 4140//2697
f 925//2697 4140//2697 3048//2697
f 3048//2697 4140//2697 4141//2697
f 3048//2697 4141//2697 3046//2697
f 3046//2696 4141//2696 4142//2696
f 3046//2696 4142//2696 3044//2696
f 3044//2695 4142//2695 4143//2695
f 3044//2695 4143//2695 3042//2695
f 3042//2694 4143//2694 4144//2694
f 3042//2694 4144//2694 3040//2694
f 3040//2693 4144//2693 4133//2693
f 3040//2693 4133//2693 3038//2693
f 4136//2693 4135//2693 4134//2693
f 4136//2693 4134//2693 4145//2693
f 4145//2693 4134//2693 4133//2693
f 4145//2693 4133//2693 4144//2693
f 4145//2694 4144//2694 4143//2694
f 4145//2694 4143//2694 4146//2694
f 4146//2695 4143//2695 4142//2695
f 4146//2695 4142//2695 4147//2695
f 4147//2696 4142//2696 4141//2696
f 4147//2696 4141//2696 4140//2696
f 4136//2694 4145//2694 4146//2694
f 4136//2694 4146//2694 4137//2694
f 4137//2695 4146//2695 4147//2695
f 4137//2695 4147//2695 4138//2695
f 4138//2696 4147//2696 4140//2696
f 4138//2696 4140//2696 4139//2696
f 3048//2698 3050//2698 926//2698
f 3048//2698 926//2698 925//2698
f 3057//2699 4148//2699 3050//2699
f 3050//2699 4148//2699 4149//2699
f 3050//2699 4149//2699 4150//2699
f 4150//2700 4149//2700 4151//2700
f 4150//2700 4151//2700 4152//2700
f 4152//2701 4151//2701 4153//2701
f 4152//2701 4153//2701 4154//2701
f 4154//2702 4153//2702 929//2702
f 929//2702 4153//2702 3052//2702
f 3052//2702 4153//2702 4155//2702
f 3052//2702 4155//2702 3053//2702
f 3053//2701 4155//2701 4156//2701
f 3053//2701 4156//2701 3055//2701
f 3055//2700 4156//2700 4148//2700
f 3055//2700 4148//2700 3057//2700
f 4154//2702 929//2702 4157//2702
f 4157//2702 929//2702 936//2702
f 4157//2701 936//2701 935//2701
f 4157//2701 935//2701 4158//2701
f 4158//2700 935//2700 928//2700
f 4158//2700 928//2700 4159//2700
f 4159//2699 928//2699 926//2699
f 4159//2699 926//2699 4150//2699
f 4150//2699 926//2699 3050//2699
f 4151//2700 4149//2700 4148//2700
f 4151//2700 4148//2700 4156//2700
f 4158//2700 4159//2700 4150//2700
f 4158//2700 4150//2700 4152//2700
f 4151//2701 4156//2701 4155//2701
f 4151//2701 4155//2701 4153//2701
f 4158//2701 4152//2701 4154//2701
f 4158//2701 4154//2701 4157//2701
f 3052//2703 3060//2703 937//2703
f 3052//2703 937//2703 929//2703
f 3077//2704 4160//2704 3060//2704
f 3060//2704 4160//2704 4161//2704
f 3060//2704 4161//2704 937//2704
f 937//2704 4161//2704 4162//2704
f 937//2704 4162//2704 938//2704
f 938//2705 4162//2705 4163//2705
f 938//2705 4163//2705 940//2705
f 940//2706 4163//2706 4164//2706
f 940//2706 4164//2706 942//2706
f 942//2707 4164//2707 4165//2707
f 942//2707 4165//2707 944//2707
f 944//2708 4165//2708 4166//2708
f 944//2708 4166//2708 946//2708
f 946//2709 4166//2709 4167//2709
f 946//2709 4167//2709 945//2709
f 945//2710 4167//2710 4168//2710
f 945//2710 4168//2710 943//2710
f 943//2711 4168//2711 4169//2711
f 943//2711 4169//2711 941//2711
f 941//2712 4169//2712 939//2712
f 939//2712 4169//2712 4170//2712
f 939//2712 4170//2712 3062//2712
f 3062//2712 4170//2712 4171//2712
f 3062//2712 4171//2712 3063//2712
f 3063//2711 4171//2711 4172//2711
f 3063//2711 4172//2711 3065//2711
f 3065//2710 4172//2710 4173//2710
f 3065//2710 4173//2710 3067//2710
f 3067//2709 4173//2709 4174//2709
f 3067//2709 4174//2709 3069//2709
f 3069//2708 4174//2708 4175//2708
f 3069//2708 4175//2708 3071//2708
f 3071//2707 4175//2707 4176//2707
f 3071//2707 4176//2707 3073//2707
f 3073//2706 4176//2706 4177//2706
f 3073//2706 4177//2706 3075//2706
f 3075//2705 4177//2705 4160//2705
f 3075//2705 4160//2705 3077//2705
f 4163//2705 4162//2705 4161//2705
f 4163//2705 4161//2705 4178//2705
f 4178//2705 4161//2705 4160//2705
f 4178//2705 4160//2705 4177//2705
f 4178//2706 4177//2706 4176//2706
f 4178//2706 4176//2706 4179//2706
f 4179//2707 4176//2707 4175//2707
f 4179//2707 4175//2707 4180//2707
f 4180//2708 4175//2708 4174//2708
f 4180//2708 4174//2708 4181//2708
f 4181//2709 4174//2709 4173//2709
f 4181//2709 4173//2709 4182//2709
f 4182//2710 4173//2710 4172//2710
f 4182//2710 4172//2710 4183//2710
f 4183//2711 4172//2711 4171//2711
f 4183//2711 4171//2711 4170//2711
f 4163//2706 4178//2706 4179//2706
f 4163//2706 4179//2706 4164//2706
f 4164//2707 4179//2707 4180//2707
f 4164//2707 4180//2707 4165//2707
f 4165//2708 4180//2708 4181//2708
f 4165//2708 4181//2708 4166//2708
f 4166//2709 4181//2709 4182//2709
f 4166//2709 4182//2709 4167//2709
f 4167//2710 4182//2710 4183//2710
f 4167//2710 4183//2710 4168//2710
f 4168//2711 4183//2711 4170//2711
f 4168//2711 4170//2711 4169//2711
f 3062//2713 3080//2713 931//2713
f 3062//2713 931//2713 939//2713
f 3087//2714 4184//2714 3080//2714
f 3080//2714 4184//2714 4185//2714
f 3080//2714 4185//2714 4186//2714
f 4186//2715 4185//2715 4187//2715
f 4186//2715 4187//2715 4188//2715
f 4188//2716 4187//2716 4189//2716
f 4188//2716 4189//2716 4190//2716
f 4190//2717 4189//2717 930//2717
f 930//2717 4189//2717 3082//2717
f 3082//2717 4189//2717 4191//2717
f 3082//2717 4191//2717 3083//2717
f 3083//2716 4191//2716 4192//2716
f 3083//2716 4192//2716 3085//2716
f 3085//2715 4192//2715 4184//2715
f 3085//2715 4184//2715 3087//2715
f 4190//2717 930//2717 4193//2717
f 4193//2717 930//2717 932//2717
f 4193//2716 932//2716 933//2716
f 4193//2716 933//2716 4194//2716
f 4194//2715 933//2715 934//2715
f 4194//2715 934//2715 4195//2715
f 4195//2714 934//2714 931//2714
f 4195//2714 931//2714 4186//2714
f 4186//2714 931//2714 3080//2714
f 4187//2715 4185//2715 4184//2715
f 4187//2715 4184//2715 4192//2715
f 4194//2715 4195//2715 4186//2715
f 4194//2715 4186//2715 4188//2715
f 4187//2716 4192//2716 4191//2716
f 4187//2716 4191//2716 4189//2716
f 4194//2716 4188//2716 4190//2716
f 4194//2716 4190//2716 4193//2716
f 3082//2718 3090//2718 927//2718
f 3082//2718 927//2718 930//2718
f 3101//2719 4196//2719 3090//2719
f 3090//2719 4196//2719 4197//2719
f 3090//2719 4197//2719 927//2719
f 927//2719 4197//2719 4198//2719
f 927//2719 4198//2719 922//2719
f 922//2720 4198//2720 4199//2720
f 922//2720 4199//2720 923//2720
f 923//2721 4199//2721 4200//2721
f 923//2721 4200//2721 924//2721
f 924//2722 4200//2722 4201//2722
f 924//2722 4201//2722 947//2722
f 947//2723 4201//2723 4202//2723
f 947//2723 4202//2723 42//2723
f 42//2724 4202//2724 43//2724
f 43//2724 4202//2724 4203//2724
f 43//2724 4203//2724 3091//2724
f 3091//2724 4203//2724 4204//2724
f 3091//2724 4204//2724 3092//2724
f 3092//2723 4204//2723 4205//2723
f 3092//2723 4205//2723 3095//2723
f 3095//2722 4205//2722 4206//2722
f 3095//2722 4206//2722 3097//2722
f 3097//2721 4206//2721 4207//2721
f 3097//2721 4207//2721 3099//2721
f 3099//2720 4207//2720 4196//2720
f 3099//2720 4196//2720 3101//2720
f 4199//2720 4198//2720 4197//2720
f 4199//2720 4197//2720 4208//2720
f 4208//2720 4197//2720 4196//2720
f 4208//2720 4196//2720 4207//2720
f 4208//2721 4207//2721 4206//2721
f 4208//2721 4206//2721 4209//2721
f 4209//2722 4206//2722 4205//2722
f 4209//2722 4205//2722 4210//2722
f 4210//2723 4205//2723 4204//2723
f 4210//2723 4204//2723 4203//2723
f 4199//2721 4208//2721 4209//2721
f 4199//2721 4209//2721 4200//2721
f 4200//2722 4209//2722 4210//2722
f 4200//2722 4210//2722 4201//2722
f 4201//2723 4210//2723 4203//2723
f 4201//2723 4203//2723 4202//2723
f 3091//2725 3107//2725 948//2725
f 3091//2725 948//2725 43//2725
f 3107//2726 3104//2726 949//2726
f 3107//2726 949//2726 948//2726
f 3104//2727 3103//2727 950//2727
f 3104//2727 950//2727 949//2727
f 3110//2728 4211//2728 3103//2728
f 3103//2728 4211//2728 4212//2728
f 3103//2728 4212//2728 950//2728
f 950//2728 4212//2728 4213//2728
f 950//2728 4213//2728 951//2728
f 951//2729 4213//2729 4214//2729
f 951//2729 4214//2729 955//2729
f 955//2730 4214//2730 4215//2730
f 955//2730 4215//2730 957//2730
f 957//2731 4215//2731 4216//2731
f 957//2731 4216//2731 959//2731
f 959//2732 4216//2732 4217//2732
f 959//2732 4217//2732 961//2732
f 961//2733 4217//2733 963//2733
f 963//2733 4217//2733 4218//2733
f 963//2733 4218//2733 3120//2733
f 3120//2733 4218//2733 4219//2733
f 3120//2733 4219//2733 3118//2733
f 3118//2732 4219//2732 4220//2732
f 3118//2732 4220//2732 3116//2732
f 3116//2731 4220//2731 4221//2731
f 3116//2731 4221//2731 3114//2731
f 3114//2730 4221//2730 4222//2730
f 3114//2730 4222//2730 3112//2730
f 3112//2729 4222//2729 4211//2729
f 3112//2729 4211//2729 3110//2729
f 4214//2729 4213//2729 4212//2729
f 4214//2729 4212//2729 4223//2729
f 4223//2729 4212//2729 4211//2729
f 4223//2729 4211//2729 4222//2729
f 4223//2730 4222//2730 4221//2730
f 4223//2730 4221//2730 4224//2730
f 4224//2731 4221//2731 4220//2731
f 4224//2731 4220//2731 4225//2731
f 4225//2732 4220//2732 4219//2732
f 4225//2732 4219//2732 4218//2732
f 4214//2730 4223//2730 4224//2730
f 4214//2730 4224//2730 4215//2730
f 4215//2731 4224//2731 4225//2731
f 4215//2731 4225//2731 4216//2731
f 4216//2732 4225//2732 4218//2732
f 4216//2732 4218//2732 4217//2732
f 3120//2734 3122//2734 965//2734
f 3120//2734 965//2734 963//2734
f 3129//2735 4226//2735 3122//2735
f 3122//2735 4226//2735 4227//2735
f 3122//2735 4227//2735 4228//2735
f 4228//2736 4227//2736 4229//2736
f 4228//2736 4229//2736 4230//2736
f 4230//2737 4229//2737 4231//2737
f 4230//2737 4231//2737 4232//2737
f 4232//2738 4231//2738 968//2738
f 968//2738 4231//2738 3124//2738
f 3124//2738 4231//2738 4233//2738
f 3124//2738 4233//2738 3125//2738
f 3125//2737 4233//2737 4234//2737
f 3125//2737 4234//2737 3127//2737
f 3127//2736 4234//2736 4226//2736
f 3127//2736 4226//2736 3129//2736
f 4232//2738 968//2738 4235//2738
f 4235//2738 968//2738 974//2738
f 4235//2737 974//2737 973//2737
f 4235//2737 973//2737 4236//2737
f 4236//2736 973//2736 967//2736
f 4236//2736 967//2736 4237//2736
f 4237//2735 967//2735 965//2735
f 4237//2735 965//2735 4228//2735
f 4228//2735 965//2735 3122//2735
f 4229//2736 4227//2736 4226//2736
f 4229//2736 4226//2736 4234//2736
f 4236//2736 4237//2736 4228//2736
f 4236//2736 4228//2736 4230//2736
f 4229//2737 4234//2737 4233//2737
f 4229//2737 4233//2737 4231//2737
f 4236//2737 4230//2737 4232//2737
f 4236//2737 4232//2737 4235//2737
f 3124//2739 3132//2739 975//2739
f 3124//2739 975//2739 968//2739
f 3149//2740 4238//2740 3132//2740
f 3132//2740 4238//2740 4239//2740
f 3132//2740 4239//2740 975//2740
f 975//2740 4239//2740 4240//2740
f 975//2740 4240//2740 977//2740
f 977//2741 4240//2741 4241//2741
f 977//2741 4241//2741 981//2741
f 981//2742 4241//2742 4242//2742
f 981//2742 4242//2742 983//2742
f 983//2743 4242//2743 4243//2743
f 983//2743 4243//2743 984//2743
f 984//2744 4243//2744 4244//2744
f 984//2744 4244//2744 982//2744
f 982//2745 4244//2745 4245//2745
f 982//2745 4245//2745 980//2745
f 980//2746 4245//2746 4246//2746
f 980//2746 4246//2746 978//2746
f 978//2747 4246//2747 4247//2747
f 978//2747 4247//2747 979//2747
f 979//2748 4247//2748 976//2748
f 976//2748 4247//2748 4248//2748
f 976//2748 4248//2748 3134//2748
f 3134//2748 4248//2748 4249//2748
f 3134//2748 4249//2748 3135//2748
f 3135//2747 4249//2747 4250//2747
f 3135//2747 4250//2747 3137//2747
f 3137//2746 4250//2746 4251//2746
f 3137//2746 4251//2746 3139//2746
f 3139//2745 4251//2745 4252//2745
f 3139//2745 4252//2745 3141//2745
f 3141//2744 4252//2744 4253//2744
f 3141//2744 4253//2744 3143//2744
f 3143//2743 4253//2743 4254//2743
f 3143//2743 4254//2743 3145//2743
f 3145//2742 4254//2742 4255//2742
f 3145//2742 4255//2742 3147//2742
f 3147//2741 4255//2741 4238//2741
f 3147//2741 4238//2741 3149//2741
f 4241//2741 4240//2741 4239//2741
f 4241//2741 4239//2741 4256//2741
f 4256//2741 4239//2741 4238//2741
f 4256//2741 4238//2741 4255//2741
f 4256//2742 4255//2742 4254//2742
f 4256//2742 4254//2742 4257//2742
f 4257//2743 4254//2743 4253//2743
f 4257//2743 4253//2743 4258//2743
f 4258//2744 4253//2744 4252//2744
f 4258//2744 4252//2744 4259//2744
f 4259//2745 4252//2745 4251//2745
f 4259//2745 4251//2745 4260//2745
f 4260//2746 4251//2746 4250//2746
f 4260//2746 4250//2746 4261//2746
f 4261//2747 4250//2747 4249//2747
f 4261//2747 4249//2747 4248//2747
f 4241//2742 4256//2742 4257//2742
f 4241//2742 4257//2742 4242//2742
f 4242//2743 4257//2743 4258//2743
f 4242//2743 4258//2743 4243//2743
f 4243//2744 4258//2744 4259//2744
f 4243//2744 4259//2744 4244//2744
f 4244//2745 4259//2745 4260//2745
f 4244//2745 4260//2745 4245//2745
f 4245//2746 4260//2746 4261//2746
f 4245//2746 4261//2746 4246//2746
f 4246//2747 4261//2747 4248//2747
f 4246//2747 4248//2747 4247//2747
f 3134//2749 3152//2749 969//2749
f 3134//2749 969//2749 976//2749
f 3159//2750 4262//2750 3152//2750
f 3152//2750 4262//2750 4263//2750
f 3152//2750 4263//2750 4264//2750
f 4264//2751 4263//2751 4265//2751
f 4264//2751 4265//2751 4266//2751
f 4266//2752 4265//2752 4267//2752
f 4266//2752 4267//2752 4268//2752
f 4268//2753 4267//2753 966//2753
f 966//2753 4267//2753 3154//2753
f 3154//2753 4267//2753 4269//2753
f 3154//2753 4269//2753 3155//2753
f 3155//2752 4269//2752 4270//2752
f 3155//2752 4270//2752 3157//2752
f 3157//2751 4270//2751 4262//2751
f 3157//2751 4262//2751 3159//2751
f 4268//2753 966//2753 4271//2753
f 4271//2753 966//2753 970//2753
f 4271//2752 970//2752 971//2752
f 4271//2752 971//2752 4272//2752
f 4272//2751 971//2751 972//2751
f 4272//2751 972//2751 4273//2751
f 4273//2750 972//2750 969//2750
f 4273//2750 969//2750 4264//2750
f 4264//2750 969//2750 3152//2750
f 4265//2751 4263//2751 4262//2751
f 4265//2751 4262//2751 4270//2751
f 4272//2751 4273//2751 4264//2751
f 4272//2751 4264//2751 4266//2751
f 4265//2752 4270//2752 4269//2752
f 4265//2752 4269//2752 4267//2752
f 4272//2752 4266//2752 4268//2752
f 4272//2752 4268//2752 4271//2752
f 3154//2754 3162//2754 964//2754
f 3154//2754 964//2754 966//2754
f 3173//2755 4274//2755 3162//2755
f 3162//2755 4274//2755 4275//2755
f 3162//2755 4275//2755 964//2755
f 964//2755 4275//2755 4276//2755
f 964//2755 4276//2755 962//2755
f 962//2756 4276//2756 4277//2756
f 962//2756 4277//2756 960//2756
f 960//2757 4277//2757 4278//2757
f 960//2757 4278//2757 958//2757
f 958//2758 4278//2758 4279//2758
f 958//2758 4279//2758 956//2758
f 956//2759 4279//2759 4280//2759
f 956//2759 4280//2759 952//2759
f 952//2760 4280//2760 953//2760
f 953//2760 4280//2760 4281//2760
f 953//2760 4281//2760 3163//2760
f 3163//2760 4281//2760 4282//2760
f 3163//2760 4282//2760 3164//2760
f 3164//2759 4282//2759 4283//2759
f 3164//2759 4283//2759 3167//2759
f 3167//2758 4283//2758 4284//2758
f 3167//2758 4284//2758 3169//2758
f 3169//2757 4284//2757 4285//2757
f 3169//2757 4285//2757 3171//2757
f 3171//2756 4285//2756 4274//2756
f 3171//2756 4274//2756 3173//2756
f 4277//2756 4276//2756 4275//2756
f 4277//2756 4275//2756 4286//2756
f 4286//2756 4275//2756 4274//2756
f 4286//2756 4274//2756 4285//2756
f 4286//2757 4285//2757 4284//2757
f 4286//2757 4284//2757 4287//2757
f 4287//2758 4284//2758 4283//2758
f 4287//2758 4283//2758 4288//2758
f 4288//2759 4283//2759 4282//2759
f 4288//2759 4282//2759 4281//2759
f 4277//2757 4286//2757 4287//2757
f 4277//2757 4287//2757 4278//2757
f 4278//2758 4287//2758 4288//2758
f 4278//2758 4288//2758 4279//2758
f 4279//2759 4288//2759 4281//2759
f 4279//2759 4281//2759 4280//2759
f 3163//2761 3179//2761 954//2761
f 3163//2761 954//2761 953//2761
f 3179//2762 3176//2762 985//2762
f 3179//2762 985//2762 954//2762
f 3176//2763 3175//2763 986//2763
f 3176//2763 986//2763 985//2763
f 3182//2764 4289//2764 3175//2764
f 3175//2764 4289//2764 4290//2764
f 3175//2764 4290//2764 986//2764
f 986//2764 4290//2764 4291//2764
f 986//2764 4291//2764 987//2764
f 987//2765 4291//2765 4292//2765
f 987//2765 4292//2765 990//2765
f 990//2766 4292//2766 4293//2766
f 990//2766 4293//2766 992//2766
f 992//2767 4293//2767 4294//2767
f 992//2767 4294//2767 994//2767
f 994//2768 4294//2768 4295//2768
f 994//2768 4295//2768 996//2768
f 996//2769 4295//2769 998//2769
f 998//2769 4295//2769 4296//2769
f 998//2769 4296//2769 3192//2769
f 3192//2769 4296//2769 4297//2769
f 3192//2769 4297//2769 3190//2769
f 3190//2768 4297//2768 4298//2768
f 3190//2768 4298//2768 3188//2768
f 3188//2767 4298//2767 4299//2767
f 3188//2767 4299//2767 3186//2767
f 3186//2766 4299//2766 4300//2766
f 3186//2766 4300//2766 3184//2766
f 3184//2765 4300//2765 4289//2765
f 3184//2765 4289//2765 3182//2765
f 4292//2765 4291//2765 4290//2765
f 4292//2765 4290//2765 4301//2765
f 4301//2765 4290//2765 4289//2765
f 4301//2765 4289//2765 4300//2765
f 4301//2766 4300//2766 4299//2766
f 4301//2766 4299//2766 4302//2766
f 4302//2767 4299//2767 4298//2767
f 4302//2767 4298//2767 4303//2767
f 4303//2768 4298//2768 4297//2768
f 4303//2768 4297//2768 4296//2768
f 4292//2766 4301//2766 4302//2766
f 4292//2766 4302//2766 4293//2766
f 4293//2767 4302//2767 4303//2767
f 4293//2767 4303//2767 4294//2767
f 4294//2768 4303//2768 4296//2768
f 4294//2768 4296//2768 4295//2768
f 3192//2770 3194//2770 1000//2770
f 3192//2770 1000//2770 998//2770
f 3201//2771 4304//2771 3194//2771
f 3194//2771 4304//2771 4305//2771
f 3194//2771 4305//2771 4306//2771
f 4306//2772 4305//2772 4307//2772
f 4306//2772 4307//2772 4308//2772
f 4308//2773 4307//2773 4309//2773
f 4308//2773 4309//2773 4310//2773
f 4310//2774 4309//2774 1003//2774
f 1003//2774 4309//2774 3196//2774
f 3196//2774 4309//2774 4311//2774
f 3196//2774 4311//2774 3197//2774
f 3197//2773 4311//2773 4312//2773
f 3197//2773 4312//2773 3199//2773
f 3199//2772 4312//2772 4304//2772
f 3199//2772 4304//2772 3201//2772
f 4310//2774 1003//2774 4313//2774
f 4313//2774 1003//2774 1009//2774
f 4313//2773 1009//2773 1008//2773
f 4313//2773 1008//2773 4314//2773
f 4314//2772 1008//2772 1002//2772
f 4314//2772 1002//2772 4315//2772
f 4315//2771 1002//2771 1000//2771
f 4315//2771 1000//2771 4306//2771
f 4306//2771 1000//2771 3194//2771
f 4307//2772 4305//2772 4304//2772
f 4307//2772 4304//2772 4312//2772
f 4314//2772 4315//2772 4306//2772
f 4314//2772 4306//2772 4308//2772
f 4307//2773 4312//2773 4311//2773
f 4307//2773 4311//2773 4309//2773
f 4314//2773 4308//2773 4310//2773
f 4314//2773 4310//2773 4313//2773
f 3196//2775 3204//2775 1010//2775
f 3196//2775 1010//2775 1003//2775
f 3221//2776 4316//2776 3204//2776
f 3204//2776 4316//2776 4317//2776
f 3204//2776 4317//2776 1010//2776
f 1010//2776 4317//2776 4318//2776
f 1010//2776 4318//2776 1012//2776
f 1012//2777 4318//2777 4319//2777
f 1012//2777 4319//2777 1017//2777
f 1017//2778 4319//2778 4320//2778
f 1017//2778 4320//2778 1018//2778
f 1018//2779 4320//2779 4321//2779
f 1018//2779 4321//2779 1016//2779
f 1016//2780 4321//2780 4322//2780
f 1016//2780 4322//2780 1013//2780
f 1013//2781 4322//2781 4323//2781
f 1013//2781 4323//2781 1014//2781
f 1014//2782 4323//2782 4324//2782
f 1014//2782 4324//2782 1015//2782
f 1015//2783 4324//2783 4325//2783
f 1015//2783 4325//2783 1019//2783
f 1019//2784 4325//2784 1011//2784
f 1011//2784 4325//2784 4326//2784
f 1011//2784 4326//2784 3206//2784
f 3206//2784 4326//2784 4327//2784
f 3206//2784 4327//2784 3207//2784
f 3207//2783 4327//2783 4328//2783
f 3207//2783 4328//2783 3209//2783
f 3209//2782 4328//2782 4329//2782
f 3209//2782 4329//2782 3211//2782
f 3211//2781 4329//2781 4330//2781
f 3211//2781 4330//2781 3213//2781
f 3213//2780 4330//2780 4331//2780
f 3213//2780 4331//2780 3215//2780
f 3215//2779 4331//2779 4332//2779
f 3215//2779 4332//2779 3217//2779
f 3217//2778 4332//2778 4333//2778
f 3217//2778 4333//2778 3219//2778
f 3219//2777 4333//2777 4316//2777
f 3219//2777 4316//2777 3221//2777
f 4319//2777 4318//2777 4317//2777
f 4319//2777 4317//2777 4334//2777
f 4334//2777 4317//2777 4316//2777
f 4334//2777 4316//2777 4333//2777
f 4334//2778 4333//2778 4332//2778
f 4334//2778 4332//2778 4335//2778
f 4335//2779 4332//2779 4331//2779
f 4335//2779 4331//2779 4336//2779
f 4336//2780 4331//2780 4330//2780
f 4336//2780 4330//2780 4337//2780
f 4337//2781 4330//2781 4329//2781
f 4337//2781 4329//2781 4338//2781
f 4338//2782 4329//2782 4328//2782
f 4338//2782 4328//2782 4339//2782
f 4339//2783 4328//2783 4327//2783
f 4339//2783 4327//2783 4326//2783
f 4319//2778 4334//2778 4335//2778
f 4319//2778 4335//2778 4320//2778
f 4320//2779 4335//2779 4336//2779
f 4320//2779 4336//2779 4321//2779
f 4321//2780 4336//2780 4337//2780
f 4321//2780 4337//2780 4322//2780
f 4322//2781 4337//2781 4338//2781
f 4322//2781 4338//2781 4323//2781
f 4323//2782 4338//2782 4339//2782
f 4323//2782 4339//2782 4324//2782
f 4324//2783 4339//2783 4326//2783
f 4324//2783 4326//2783 4325//2783
f 3206//2785 3224//2785 1004//2785
f 3206//2785 1004//2785 1011//2785
f 3231//2786 4340//2786 3224//2786
f 3224//2786 4340//2786 4341//2786
f 3224//2786 4341//2786 4342//2786
f 4342//2787 4341//2787 4343//2787
f 4342//2787 4343//2787 4344//2787
f 4344//2788 4343//2788 4345//2788
f 4344//2788 4345//2788 4346//2788
f 4346//2789 4345//2789 1001//2789
f 1001//2789 4345//2789 3226//2789
f 3226//2789 4345//2789 4347//2789
f 3226//2789 4347//2789 3227//2789
f 3227//2788 4347//2788 4348//2788
f 3227//2788 4348//2788 3229//2788
f 3229//2787 4348//2787 4340//2787
f 3229//2787 4340//2787 3231//2787
f 4346//2789 1001//2789 4349//2789
f 4349//2789 1001//2789 1005//2789
f 4349//2788 1005//2788 1006//2788
f 4349//2788 1006//2788 4350//2788
f 4350//2787 1006//2787 1007//2787
f 4350//2787 1007//2787 4351//2787
f 4351//2786 1007//2786 1004//2786
f 4351//2786 1004//2786 4342//2786
f 4342//2786 1004//2786 3224//2786
f 4343//2787 4341//2787 4340//2787
f 4343//2787 4340//2787 4348//2787
f 4350//2787 4351//2787 4342//2787
f 4350//2787 4342//2787 4344//2787
f 4343//2788 4348//2788 4347//2788
f 4343//2788 4347//2788 4345//2788
f 4350//2788 4344//2788 4346//2788
f 4350//2788 4346//2788 4349//2788
f 3226//2790 3234//2790 999//2790
f 3226//2790 999//2790 1001//2790
f 3245//2791 4352//2791 3234//2791
f 3234//2791 4352//2791 4353//2791
f 3234//2791 4353//2791 999//2791
f 999//2791 4353//2791 4354//2791
f 999//2791 4354//2791 997//2791
f 997//2792 4354//2792 4355//2792
f 997//2792 4355//2792 995//2792
f 995//2793 4355//2793 4356//2793
f 995//2793 4356//2793 993//2793
f 993//2794 4356//2794 4357//2794
f 993//2794 4357//2794 991//2794
f 991//2795 4357//2795 4358//2795
f 991//2795 4358//2795 988//2795
f 988//2796 4358//2796 989//2796
f 989//2796 4358//2796 4359//2796
f 989//2796 4359//2796 3235//2796
f 3235//2796 4359//2796 4360//2796
f 3235//2796 4360//2796 3236//2796
f 3236//2795 4360//2795 4361//2795
f 3236//2795 4361//2795 3239//2795
f 3239//2794 4361//2794 4362//2794
f 3239//2794 4362//2794 3241//2794
f 3241//2793 4362//2793 4363//2793
f 3241//2793 4363//2793 3243//2793
f 3243//2792 4363//2792 4352//2792
f 3243//2792 4352//2792 3245//2792
f 4355//2792 4354//2792 4353//2792
f 4355//2792 4353//2792 4364//2792
f 4364//2792 4353//2792 4352//2792
f 4364//2792 4352//2792 4363//2792
f 4364//2793 4363//2793 4362//2793
f 4364//2793 4362//2793 4365//2793
f 4365//2794 4362//2794 4361//2794
f 4365//2794 4361//2794 4366//2794
f 4366//2795 4361//2795 4360//2795
f 4366//2795 4360//2795 4359//2795
f 4355//2793 4364//2793 4365//2793
f 4355//2793 4365//2793 4356//2793
f 4356//2794 4365//2794 4366//2794
f 4356//2794 4366//2794 4357//2794
f 4357//2795 4366//2795 4359//2795
f 4357//2795 4359//2795 4358//2795
f 3235//2797 3251//2797 1020//2797
f 3235//2797 1020//2797 989//2797
f 3251//2798 3248//2798 1021//2798
f 3251//2798 1021//2798 1020//2798
f 3248//2799 3247//2799 1022//2799
f 3248//2799 1022//2799 1021//2799
f 3254//2800 4367//2800 3247//2800
f 3247//2800 4367//2800 4368//2800
f 3247//2800 4368//2800 1022//2800
f 1022//2800 4368//2800 4369//2800
f 1022//2800 4369//2800 1023//2800
f 1023//2801 4369//2801 4370//2801
f 1023//2801 4370//2801 1026//2801
f 1026//2802 4370//2802 4371//2802
f 1026//2802 4371//2802 1028//2802
f 1028//2803 4371//2803 4372//2803
f 1028//2803 4372//2803 1030//2803
f 1030//2804 4372//2804 4373//2804
f 1030//2804 4373//2804 1032//2804
f 1032//2805 4373//2805 1034//2805
f 1034//2805 4373//2805 4374//2805
f 1034//2805 4374//2805 3264//2805
f 3264//2805 4374//2805 4375//2805
f 3264//2805 4375//2805 3262//2805
f 3262//2804 4375//2804 4376//2804
f 3262//2804 4376//2804 3260//2804
f 3260//2803 4376//2803 4377//2803
f 3260//2803 4377//2803 3258//2803
f 3258//2802 4377//2802 4378//2802
f 3258//2802 4378//2802 3256//2802
f 3256//2801 4378//2801 4367//2801
f 3256//2801 4367//2801 3254//2801
f 4370//2801 4369//2801 4368//2801
f 4370//2801 4368//2801 4379//2801
f 4379//2801 4368//2801 4367//2801
f 4379//2801 4367//2801 4378//2801
f 4379//2802 4378//2802 4377//2802
f 4379//2802 4377//2802 4380//2802
f 4380//2803 4377//2803 4376//2803
f 4380//2803 4376//2803 4381//2803
f 4381//2804 4376//2804 4375//2804
f 4381//2804 4375//2804 4374//2804
f 4370//2802 4379//2802 4380//2802
f 4370//2802 4380//2802 4371//2802
f 4371//2803 4380//2803 4381//2803
f 4371//2803 4381//2803 4372//2803
f 4372//2804 4381//2804 4374//2804
f 4372//2804 4374//2804 4373//2804
f 3264//2806 3266//2806 1036//2806
f 3264//2806 1036//2806 1034//2806
f 3273//2807 4382//2807 3266//2807
f 3266//2807 4382//2807 4383//2807
f 3266//2807 4383//2807 4384//2807
f 4384//2808 4383//2808 4385//2808
f 4384//2808 4385//2808 4386//2808
f 4386//2809 4385//2809 4387//2809
f 4386//2809 4387//2809 4388//2809
f 4388//2810 4387//2810 1039//2810
f 1039//2810 4387//2810 3268//2810
f 3268//2810 4387//2810 4389//2810
f 3268//2810 4389//2810 3269//2810
f 3269//2809 4389//2809 4390//2809
f 3269//2809 4390//2809 3271//2809
f 3271//2808 4390//2808 4382//2808
f 3271//2808 4382//2808 3273//2808
f 4388//2810 1039//2810 4391//2810
f 4391//2810 1039//2810 1043//2810
f 4391//2809 1043//2809 1042//2809
f 4391//2809 1042//2809 4392//2809
f 4392//2808 1042//2808 1038//2808
f 4392//2808 1038//2808 4393//2808
f 4393//2807 1038//2807 1036//2807
f 4393//2807 1036//2807 4384//2807
f 4384//2807 1036//2807 3266//2807
f 4385//2808 4383//2808 4382//2808
f 4385//2808 4382//2808 4390//2808
f 4392//2808 4393//2808 4384//2808
f 4392//2808 4384//2808 4386//2808
f 4385//2809 4390//2809 4389//2809
f 4385//2809 4389//2809 4387//2809
f 4392//2809 4386//2809 4388//2809
f 4392//2809 4388//2809 4391//2809
f 3268//2811 3276//2811 1044//2811
f 3268//2811 1044//2811 1039//2811
f 3293//2812 4394//2812 3276//2812
f 3276//2812 4394//2812 4395//2812
f 3276//2812 4395//2812 1044//2812
f 1044//2812 4395//2812 4396//2812
f 1044//2812 4396//2812 1047//2812
f 1047//2813 4396//2813 4397//2813
f 1047//2813 4397//2813 1051//2813
f 1051//2814 4397//2814 4398//2814
f 1051//2814 4398//2814 1048//2814
f 1048//2815 4398//2815 4399//2815
f 1048//2815 4399//2815 1049//2815
f 1049//2816 4399//2816 4400//2816
f 1049//2816 4400//2816 1050//2816
f 1050//2817 4400//2817 4401//2817
f 1050//2817 4401//2817 1052//2817
f 1052//2818 4401//2818 4402//2818
f 1052//2818 4402//2818 1053//2818
f 1053//2819 4402//2819 4403//2819
f 1053//2819 4403//2819 1045//2819
f 1045//2820 4403//2820 1046//2820
f 1046//2820 4403//2820 4404//2820
f 1046//2820 4404//2820 3278//2820
f 3278//2820 4404//2820 4405//2820
f 3278//2820 4405//2820 3279//2820
f 3279//2819 4405//2819 4406//2819
f 3279//2819 4406//2819 3281//2819
f 3281//2818 4406//2818 4407//2818
f 3281//2818 4407//2818 3283//2818
f 3283//2817 4407//2817 4408//2817
f 3283//2817 4408//2817 3285//2817
f 3285//2816 4408//2816 4409//2816
f 3285//2816 4409//2816 3287//2816
f 3287//2815 4409//2815 4410//2815
f 3287//2815 4410//2815 3289//2815
f 3289//2814 4410//2814 4411//2814
f 3289//2814 4411//2814 3291//2814
f 3291//2813 4411//2813 4394//2813
f 3291//2813 4394//2813 3293//2813
f 4397//2813 4396//2813 4395//2813
f 4397//2813 4395//2813 4412//2813
f 4412//2813 4395//2813 4394//2813
f 4412//2813 4394//2813 4411//2813
f 4412//2814 4411//2814 4410//2814
f 4412//2814 4410//2814 4413//2814
f 4413//2815 4410//2815 4409//2815
f 4413//2815 4409//2815 4414//2815
f 4414//2816 4409//2816 4408//2816
f 4414//2816 4408//2816 4415//2816
f 4415//2817 4408//2817 4407//2817
f 4415//2817 4407//2817 4416//2817
f 4416//2818 4407//2818 4406//2818
f 4416//2818 4406//2818 4417//2818
f 4417//2819 4406//2819 4405//2819
f 4417//2819 4405//2819 4404//2819
f 4397//2814 4412//2814 4413//2814
f 4397//2814 4413//2814 4398//2814
f 4398//2815 4413//2815 4414//2815
f 4398//2815 4414//2815 4399//2815
f 4399//2816 4414//2816 4415//2816
f 4399//2816 4415//2816 4400//2816
f 4400//2817 4415//2817 4416//2817
f 4400//2817 4416//2817 4401//2817
f 4401//2818 4416//2818 4417//2818
f 4401//2818 4417//2818 4402//2818
f 4402//2819 4417//2819 4404//2819
f 4402//2819 4404//2819 4403//2819
f 3278//2821 3296//2821 1040//2821
f 3278//2821 1040//2821 1046//2821
f 3303//2822 4418//2822 3296//2822
f 3296//2822 4418//2822 4419//2822
f 3296//2822 4419//2822 4420//2822
f 4420//2823 4419//2823 4421//2823
f 4420//2823 4421//2823 4422//2823
f 4422//2824 4421//2824 4423//2824
f 4422//2824 4423//2824 4424//2824
f 4424//2825 4423//2825 1037//2825
f 1037//2825 4423//2825 3298//2825
f 3298//2825 4423//2825 4425//2825
f 3298//2825 4425//2825 3299//2825
f 3299//2824 4425//2824 4426//2824
f 3299//2824 4426//2824 3301//2824
f 3301//2823 4426//2823 4418//2823
f 3301//2823 4418//2823 3303//2823
f 4424//2825 1037//2825 4427//2825
f 4427//2825 1037//2825 1055//2825
f 4427//2824 1055//2824 1054//2824
f 4427//2824 1054//2824 4428//2824
f 4428//2823 1054//2823 1041//2823
f 4428//2823 1041//2823 4429//2823
f 4429//2822 1041//2822 1040//2822
f 4429//2822 1040//2822 4420//2822
f 4420//2822 1040//2822 3296//2822
f 4421//2823 4419//2823 4418//2823
f 4421//2823 4418//2823 4426//2823
f 4428//2823 4429//2823 4420//2823
f 4428//2823 4420//2823 4422//2823
f 4421//2824 4426//2824 4425//2824
f 4421//2824 4425//2824 4423//2824
f 4428//2824 4422//2824 4424//2824
f 4428//2824 4424//2824 4427//2824
f 3298//2826 3306//2826 1035//2826
f 3298//2826 1035//2826 1037//2826
f 3317//2827 4430//2827 3306//2827
f 3306//2827 4430//2827 4431//2827
f 3306//2827 4431//2827 1035//2827
f 1035//2827 4431//2827 4432//2827
f 1035//2827 4432//2827 1033//2827
f 1033//2828 4432//2828 4433//2828
f 1033//2828 4433//2828 1031//2828
f 1031//2829 4433//2829 4434//2829
f 1031//2829 4434//2829 1029//2829
f 1029//2830 4434//2830 4435//2830
f 1029//2830 4435//2830 1027//2830
f 1027//2831 4435//2831 4436//2831
f 1027//2831 4436//2831 1024//2831
f 1024//2832 4436//2832 1025//2832
f 1025//2832 4436//2832 4437//2832
f 1025//2832 4437//2832 3307//2832
f 3307//2832 4437//2832 4438//2832
f 3307//2832 4438//2832 3308//2832
f 3308//2831 4438//2831 4439//2831
f 3308//2831 4439//2831 3311//2831
f 3311//2830 4439//2830 4440//2830
f 3311//2830 4440//2830 3313//2830
f 3313//2829 4440//2829 4441//2829
f 3313//2829 4441//2829 3315//2829
f 3315//2828 4441//2828 4430//2828
f 3315//2828 4430//2828 3317//2828
f 4433//2828 4432//2828 4431//2828
f 4433//2828 4431//2828 4442//2828
f 4442//2828 4431//2828 4430//2828
f 4442//2828 4430//2828 4441//2828
f 4442//2829 4441//2829 4440//2829
f 4442//2829 4440//2829 4443//2829
f 4443//2830 4440//2830 4439//2830
f 4443//2830 4439//2830 4444//2830
f 4444//2831 4439//2831 4438//2831
f 4444//2831 4438//2831 4437//2831
f 4433//2829 4442//2829 4443//2829
f 4433//2829 4443//2829 4434//2829
f 4434//2830 4443//2830 4444//2830
f 4434//2830 4444//2830 4435//2830
f 4435//2831 4444//2831 4437//2831
f 4435//2831 4437//2831 4436//2831
f 3307//2833 3323//2833 1056//2833
f 3307//2833 1056//2833 1025//2833
f 3323//2834 3320//2834 1057//2834
f 3323//2834 1057//2834 1056//2834
f 3320//2835 3319//2835 346//2835
f 3320//2835 346//2835 1057//2835
f 3326//2836 4445//2836 3319//2836
f 3319//2836 4445//2836 4446//2836
f 3319//2836 4446//2836 346//2836
f 346//2836 4446//2836 4447//2836
f 346//2836 4447//2836 348//2836
f 348//2837 4447//2837 4448//2837
f 348//2837 4448//2837 1058//2837
f 1058//2838 4448//2838 4449//2838
f 1058//2838 4449//2838 1060//2838
f 1060//2839 4449//2839 4450//2839
f 1060//2839 4450//2839 1062//2839
f 1062//2840 4450//2840 4451//2840
f 1062//2840 4451//2840 1064//2840
f 1064//2841 4451//2841 1066//2841
f 1066//2841 4451//2841 4452//2841
f 1066//2841 4452//2841 3336//2841
f 3336//2841 4452//2841 4453//2841
f 3336//2841 4453//2841 3334//2841
f 3334//2840 4453//2840 4454//2840
f 3334//2840 4454//2840 3332//2840
f 3332//2839 4454//2839 4455//2839
f 3332//2839 4455//2839 3330//2839
f 3330//2838 4455//2838 4456//2838
f 3330//2838 4456//2838 3328//2838
f 3328//2837 4456//2837 4445//2837
f 3328//2837 4445//2837 3326//2837
f 4448//2837 4447//2837 4446//2837
f 4448//2837 4446//2837 4457//2837
f 4457//2837 4446//2837 4445//2837
f 4457//2837 4445//2837 4456//2837
f 4457//2838 4456//2838 4455//2838
f 4457//2838 4455//2838 4458//2838
f 4458//2839 4455//2839 4454//2839
f 4458//2839 4454//2839 4459//2839
f 4459//2840 4454//2840 4453//2840
f 4459//2840 4453//2840 4452//2840
f 4448//2838 4457//2838 4458//2838
f 4448//2838 4458//2838 4449//2838
f 4449//2839 4458//2839 4459//2839
f 4449//2839 4459//2839 4450//2839
f 4450//2840 4459//2840 4452//2840
f 4450//2840 4452//2840 4451//2840
f 3336//2842 3338//2842 1068//2842
f 3336//2842 1068//2842 1066//2842
f 3345//2843 4460//2843 3338//2843
f 3338//2843 4460//2843 4461//2843
f 3338//2843 4461//2843 4462//2843
f 4462//2844 4461//2844 4463//2844
f 4462//2844 4463//2844 4464//2844
f 4464//2845 4463//2845 4465//2845
f 4464//2845 4465//2845 4466//2845
f 4466//2846 4465//2846 1071//2846
f 1071//2846 4465//2846 3340//2846
f 3340//2846 4465//2846 4467//2846
f 3340//2846 4467//2846 3341//2846
f 3341//2845 4467//2845 4468//2845
f 3341//2845 4468//2845 3343//2845
f 3343//2844 4468//2844 4460//2844
f 3343//2844 4460//2844 3345//2844
f 4466//2846 1071//2846 4469//2846
f 4469//2846 1071//2846 1075//2846
f 4469//2845 1075//2845 1074//2845
f 4469//2845 1074//2845 4470//2845
f 4470//2844 1074//2844 1070//2844
f 4470//2844 1070//2844 4471//2844
f 4471//2843 1070//2843 1068//2843
f 4471//2843 1068//2843 4462//2843
f 4462//2843 1068//2843 3338//2843
f 4463//2844 4461//2844 4460//2844
f 4463//2844 4460//2844 4468//2844
f 4470//2844 4471//2844 4462//2844
f 4470//2844 4462//2844 4464//2844
f 4463//2845 4468//2845 4467//2845
f 4463//2845 4467//2845 4465//2845
f 4470//2845 4464//2845 4466//2845
f 4470//2845 4466//2845 4469//2845
f 3340//2847 3348//2847 1076//2847
f 3340//2847 1076//2847 1071//2847
f 3365//2848 4472//2848 3348//2848
f 3348//2848 4472//2848 4473//2848
f 3348//2848 4473//2848 1076//2848
f 1076//2848 4473//2848 4474//2848
f 1076//2848 4474//2848 1079//2848
f 1079//2849 4474//2849 4475//2849
f 1079//2849 4475//2849 1080//2849
f 1080//2850 4475//2850 4476//2850
f 1080//2850 4476//2850 1081//2850
f 1081//2851 4476//2851 4477//2851
f 1081//2851 4477//2851 1082//2851
f 1082//2852 4477//2852 4478//2852
f 1082//2852 4478//2852 1083//2852
f 1083//2853 4478//2853 4479//2853
f 1083//2853 4479//2853 1084//2853
f 1084//2854 4479//2854 4480//2854
f 1084//2854 4480//2854 1085//2854
f 1085//2855 4480//2855 4481//2855
f 1085//2855 4481//2855 1077//2855
f 1077//2856 4481//2856 1078//2856
f 1078//2856 4481//2856 4482//2856
f 1078//2856 4482//2856 3350//2856
f 3350//2856 4482//2856 4483//2856
f 3350//2856 4483//2856 3351//2856
f 3351//2855 4483//2855 4484//2855
f 3351//2855 4484//2855 3353//2855
f 3353//2854 4484//2854 4485//2854
f 3353//2854 4485//2854 3355//2854
f 3355//2853 4485//2853 4486//2853
f 3355//2853 4486//2853 3357//2853
f 3357//2852 4486//2852 4487//2852
f 3357//2852 4487//2852 3359//2852
f 3359//2851 4487//2851 4488//2851
f 3359//2851 4488//2851 3361//2851
f 3361//2850 4488//2850 4489//2850
f 3361//2850 4489//2850 3363//2850
f 3363//2849 4489//2849 4472//2849
f 3363//2849 4472//2849 3365//2849
f 4475//2849 4474//2849 4473//2849
f 4475//2849 4473//2849 4490//2849
f 4490//2849 4473//2849 4472//2849
f 4490//2849 4472//2849 4489//2849
f 4490//2850 4489//2850 4488//2850
f 4490//2850 4488//2850 4491//2850
f 4491//2851 4488//2851 4487//2851
f 4491//2851 4487//2851 4492//2851
f 4492//2852 4487//2852 4486//2852
f 4492//2852 4486//2852 4493//2852
f 4493//2853 4486//2853 4485//2853
f 4493//2853 4485//2853 4494//2853
f 4494//2854 4485//2854 4484//2854
f 4494//2854 4484//2854 4495//2854
f 4495//2855 4484//2855 4483//2855
f 4495//2855 4483//2855 4482//2855
f 4475//2850 4490//2850 4491//2850
f 4475//2850 4491//2850 4476//2850
f 4476//2851 4491//2851 4492//2851
f 4476//2851 4492//2851 4477//2851
f 4477//2852 4492//2852 4493//2852
f 4477//2852 4493//2852 4478//2852
f 4478//2853 4493//2853 4494//2853
f 4478//2853 4494//2853 4479//2853
f 4479//2854 4494//2854 4495//2854
f 4479//2854 4495//2854 4480//2854
f 4480//2855 4495//2855 4482//2855
f 4480//2855 4482//2855 4481//2855
f 3350//2857 3368//2857 1072//2857
f 3350//2857 1072//2857 1078//2857
f 3375//2858 4496//2858 3368//2858
f 3368//2858 4496//2858 4497//2858
f 3368//2858 4497//2858 4498//2858
f 4498//2859 4497//2859 4499//2859
f 4498//2859 4499//2859 4500//2859
f 4500//2860 4499//2860 4501//2860
f 4500//2860 4501//2860 4502//2860
f 4502//2861 4501//2861 1069//2861
f 1069//2861 4501//2861 3370//2861
f 3370//2861 4501//2861 4503//2861
f 3370//2861 4503//2861 3371//2861
f 3371//2860 4503//2860 4504//2860
f 3371//2860 4504//2860 3373//2860
f 3373//2859 4504//2859 4496//2859
f 3373//2859 4496//2859 3375//2859
f 4502//2861 1069//2861 4505//2861
f 4505//2861 1069//2861 1087//2861
f 4505//2860 1087//2860 1086//2860
f 4505//2860 1086//2860 4506//2860
f 4506//2859 1086//2859 1073//2859
f 4506//2859 1073//2859 4507//2859
f 4507//2858 1073//2858 1072//2858
f 4507//2858 1072//2858 4498//2858
f 4498//2858 1072//2858 3368//2858
f 4499//2859 4497//2859 4496//2859
f 4499//2859 4496//2859 4504//2859
f 4506//2859 4507//2859 4498//2859
f 4506//2859 4498//2859 4500//2859
f 4499//2860 4504//2860 4503//2860
f 4499//2860 4503//2860 4501//2860
f 4506//2860 4500//2860 4502//2860
f 4506//2860 4502//2860 4505//2860
f 3370//2862 3378//2862 1067//2862
f 3370//2862 1067//2862 1069//2862
f 3389//2863 4508//2863 3378//2863
f 3378//2863 4508//2863 4509//2863
f 3378//2863 4509//2863 1067//2863
f 1067//2863 4509//2863 4510//2863
f 1067//2863 4510//2863 1065//2863
f 1065//2864 4510//2864 4511//2864
f 1065//2864 4511//2864 1063//2864
f 1063//2865 4511//2865 4512//2865
f 1063//2865 4512//2865 1061//2865
f 1061//2866 4512//2866 4513//2866
f 1061//2866 4513//2866 1059//2866
f 1059//2867 4513//2867 4514//2867
f 1059//2867 4514//2867 347//2867
f 347//2868 4514//2868 342//2868
f 342//2868 4514//2868 4515//2868
f 342//2868 4515//2868 3379//2868
f 3379//2868 4515//2868 4516//2868
f 3379//2868 4516//2868 3380//2868
f 3380//2867 4516//2867 4517//2867
f 3380//2867 4517//2867 3383//2867
f 3383//2866 4517//2866 4518//2866
f 3383//2866 4518//2866 3385//2866
f 3385//2865 4518//2865 4519//2865
f 3385//2865 4519//2865 3387//2865
f 3387//2864 4519//2864 4508//2864
f 3387//2864 4508//2864 3389//2864
f 4511//2864 4510//2864 4509//2864
f 4511//2864 4509//2864 4520//2864
f 4520//2864 4509//2864 4508//2864
f 4520//2864 4508//2864 4519//2864
f 4520//2865 4519//2865 4518//2865
f 4520//2865 4518//2865 4521//2865
f 4521//2866 4518//2866 4517//2866
f 4521//2866 4517//2866 4522//2866
f 4522//2867 4517//2867 4516//2867
f 4522//2867 4516//2867 4515//2867
f 4511//2865 4520//2865 4521//2865
f 4511//2865 4521//2865 4512//2865
f 4512//2866 4521//2866 4522//2866
f 4512//2866 4522//2866 4513//2866
f 4513//2867 4522//2867 4515//2867
f 4513//2867 4515//2867 4514//2867
f 3379//2869 3395//2869 343//2869
f 3379//2869 343//2869 342//2869
f 3395//2870 3392//2870 344//2870
f 3395//2870 344//2870 343//2870
f 3392//2871 3391//2871 1088//2871
f 3392//2871 1088//2871 344//2871
f 3398//2872 4523//2872 3391//2872
f 3391//2872 4523//2872 4524//2872
f 3391//2872 4524//2872 1088//2872
f 1088//2872 4524//2872 4525//2872
f 1088//2872 4525//2872 1089//2872
f 1089//2873 4525//2873 4526//2873
f 1089//2873 4526//2873 1092//2873
f 1092//2874 4526//2874 4527//2874
f 1092//2874 4527//2874 1094//2874
f 1094//2875 4527//2875 4528//2875
f 1094//2875 4528//2875 1096//2875
f 1096//2876 4528//2876 4529//2876
f 1096//2876 4529//2876 1098//2876
f 1098//2877 4529//2877 1100//2877
f 1100//2877 4529//2877 4530//2877
f 1100//2877 4530//2877 3408//2877
f 3408//2877 4530//2877 4531//2877
f 3408//2877 4531//2877 3406//2877
f 3406//2876 4531//2876 4532//2876
f 3406//2876 4532//2876 3404//2876
f 3404//2875 4532//2875 4533//2875
f 3404//2875 4533//2875 3402//2875
f 3402//2874 4533//2874 4534//2874
f 3402//2874 4534//2874 3400//2874
f 3400//2873 4534//2873 4523//2873
f 3400//2873 4523//2873 3398//2873
f 4526//2873 4525//2873 4524//2873
f 4526//2873 4524//2873 4535//2873
f 4535//2873 4524//2873 4523//2873
f 4535//2873 4523//2873 4534//2873
f 4535//2874 4534//2874 4533//2874
f 4535//2874 4533//2874 4536//2874
f 4536//2875 4533//2875 4532//2875
f 4536//2875 4532//2875 4537//2875
f 4537//2876 4532//2876 4531//2876
f 4537//2876 4531//2876 4530//2876
f 4526//2874 4535//2874 4536//2874
f 4526//2874 4536//2874 4527//2874
f 4527//2875 4536//2875 4537//2875
f 4527//2875 4537//2875 4528//2875
f 4528//2876 4537//2876 4530//2876
f 4528//2876 4530//2876 4529//2876
f 3408//2878 3410//2878 1102//2878
f 3408//2878 1102//2878 1100//2878
f 3417//2879 4538//2879 3410//2879
f 3410//2879 4538//2879 4539//2879
f 3410//2879 4539//2879 4540//2879
f 4540//2880 4539//2880 4541//2880
f 4540//2880 4541//2880 4542//2880
f 4542//2881 4541//2881 4543//2881
f 4542//2881 4543//2881 4544//2881
f 4544//2882 4543//2882 1105//2882
f 1105//2882 4543//2882 3412//2882
f 3412//2882 4543//2882 4545//2882
f 3412//2882 4545//2882 3413//2882
f 3413//2881 4545//2881 4546//2881
f 3413//2881 4546//2881 3415//2881
f 3415//2880 4546//2880 4538//2880
f 3415//2880 4538//2880 3417//2880
f 4544//2882 1105//2882 4547//2882
f 4547//2882 1105//2882 1107//2882
f 4547//2881 1107//2881 1106//2881
f 4547//2881 1106//2881 4548//2881
f 4548//2880 1106//2880 1104//2880
f 4548//2880 1104//2880 4549//2880
f 4549//2879 1104//2879 1102//2879
f 4549//2879 1102//2879 4540//2879
f 4540//2879 1102//2879 3410//2879
f 4541//2880 4539//2880 4538//2880
f 4541//2880 4538//2880 4546//2880
f 4548//2880 4549//2880 4540//2880
f 4548//2880 4540//2880 4542//2880
f 4541//2881 4546//2881 4545//2881
f 4541//2881 4545//2881 4543//2881
f 4548//2881 4542//2881 4544//2881
f 4548//2881 4544//2881 4547//2881
f 3412//2883 3420//2883 1108//2883
f 3412//2883 1108//2883 1105//2883
f 3437//2884 4550//2884 3420//2884
f 3420//2884 4550//2884 4551//2884
f 3420//2884 4551//2884 1108//2884
f 1108//2884 4551//2884 4552//2884
f 1108//2884 4552//2884 1111//2884
f 1111//2885 4552//2885 4553//2885
f 1111//2885 4553//2885 1112//2885
f 1112//2886 4553//2886 4554//2886
f 1112//2886 4554//2886 1113//2886
f 1113//2887 4554//2887 4555//2887
f 1113//2887 4555//2887 1114//2887
f 1114//2888 4555//2888 4556//2888
f 1114//2888 4556//2888 1115//2888
f 1115//2889 4556//2889 4557//2889
f 1115//2889 4557//2889 1116//2889
f 1116//2890 4557//2890 4558//2890
f 1116//2890 4558//2890 1117//2890
f 1117//2891 4558//2891 4559//2891
f 1117//2891 4559//2891 1109//2891
f 1109//2892 4559//2892 1110//2892
f 1110//2892 4559//2892 4560//2892
f 1110//2892 4560//2892 3422//2892
f 3422//2892 4560//2892 4561//2892
f 3422//2892 4561//2892 3423//2892
f 3423//2891 4561//2891 4562//2891
f 3423//2891 4562//2891 3425//2891
f 3425//2890 4562//2890 4563//2890
f 3425//2890 4563//2890 3427//2890
f 3427//2889 4563//2889 4564//2889
f 3427//2889 4564//2889 3429//2889
f 3429//2888 4564//2888 4565//2888
f 3429//2888 4565//2888 3431//2888
f 3431//2887 4565//2887 4566//2887
f 3431//2887 4566//2887 3433//2887
f 3433//2886 4566//2886 4567//2886
f 3433//2886 4567//2886 3435//2886
f 3435//2885 4567//2885 4550//2885
f 3435//2885 4550//2885 3437//2885
f 4553//2885 4552//2885 4551//2885
f 4553//2885 4551//2885 4568//2885
f 4568//2885 4551//2885 4550//2885
f 4568//2885 4550//2885 4567//2885
f 4568//2886 4567//2886 4566//2886
f 4568//2886 4566//2886 4569//2886
f 4569//2887 4566//2887 4565//2887
f 4569//2887 4565//2887 4570//2887
f 4570//2888 4565//2888 4564//2888
f 4570//2888 4564//2888 4571//2888
f 4571//2889 4564//2889 4563//2889
f 4571//2889 4563//2889 4572//2889
f 4572//2890 4563//2890 4562//2890
f 4572//2890 4562//2890 4573//2890
f 4573//2891 4562//2891 4561//2891
f 4573//2891 4561//2891 4560//2891
f 4553//2886 4568//2886 4569//2886
f 4553//2886 4569//2886 4554//2886
f 4554//2887 4569//2887 4570//2887
f 4554//2887 4570//2887 4555//2887
f 4555//2888 4570//2888 4571//2888
f 4555//2888 4571//2888 4556//2888
f 4556//2889 4571//2889 4572//2889
f 4556//2889 4572//2889 4557//2889
f 4557//2890 4572//2890 4573//2890
f 4557//2890 4573//2890 4558//2890
f 4558//2891 4573//2891 4560//2891
f 4558//2891 4560//2891 4559//2891
f 3422//2893 3440//2893 1118//2893
f 3422//2893 1118//2893 1110//2893
f 3447//2894 4574//2894 3440//2894
f 3440//2894 4574//2894 4575//2894
f 3440//2894 4575//2894 4576//2894
f 4576//2895 4575//2895 4577//2895
f 4576//2895 4577//2895 4578//2895
f 4578//2896 4577//2896 4579//2896
f 4578//2896 4579//2896 4580//2896
f 4580//2897 4579//2897 1103//2897
f 1103//2897 4579//2897 3442//2897
f 3442//2897 4579//2897 4581//2897
f 3442//2897 4581//2897 3443//2897
f 3443//2896 4581//2896 4582//2896
f 3443//2896 4582//2896 3445//2896
f 3445//2895 4582//2895 4574//2895
f 3445//2895 4574//2895 3447//2895
f 4580//2897 1103//2897 4583//2897
f 4583//2897 1103//2897 1121//2897
f 4583//2896 1121//2896 1120//2896
f 4583//2896 1120//2896 4584//2896
f 4584//2895 1120//2895 1119//2895
f 4584//2895 1119//2895 4585//2895
f 4585//2894 1119//2894 1118//2894
f 4585//2894 1118//2894 4576//2894
f 4576//2894 1118//2894 3440//2894
f 4577//2895 4575//2895 4574//2895
f 4577//2895 4574//2895 4582//2895
f 4584//2895 4585//2895 4576//2895
f 4584//2895 4576//2895 4578//2895
f 4577//2896 4582//2896 4581//2896
f 4577//2896 4581//2896 4579//2896
f 4584//2896 4578//2896 4580//2896
f 4584//2896 4580//2896 4583//2896
f 3442//2898 3450//2898 1101//2898
f 3442//2898 1101//2898 1103//2898
f 3461//2899 4586//2899 3450//2899
f 3450//2899 4586//2899 4587//2899
f 3450//2899 4587//2899 1101//2899
f 1101//2899 4587//2899 4588//2899
f 1101//2899 4588//2899 1099//2899
f 1099//2900 4588//2900 4589//2900
f 1099//2900 4589//2900 1097//2900
f 1097//2901 4589//2901 4590//2901
f 1097//2901 4590//2901 1095//2901
f 1095//2902 4590//2902 4591//2902
f 1095//2902 4591//2902 1093//2902
f 1093//2903 4591//2903 4592//2903
f 1093//2903 4592//2903 1091//2903
f 1091//2904 4592//2904 1090//2904
f 1090//2904 4592//2904 4593//2904
f 1090//2904 4593//2904 3451//2904
f 3451//2904 4593//2904 4594//2904
f 3451//2904 4594//2904 3452//2904
f 3452//2903 4594//2903 4595//2903
f 3452//2903 4595//2903 3455//2903
f 3455//2902 4595//2902 4596//2902
f 3455//2902 4596//2902 3457//2902
f 3457//2901 4596//2901 4597//2901
f 3457//2901 4597//2901 3459//2901
f 3459//2900 4597//2900 4586//2900
f 3459//2900 4586//2900 3461//2900
f 4589//2900 4588//2900 4587//2900
f 4589//2900 4587//2900 4598//2900
f 4598//2900 4587//2900 4586//2900
f 4598//2900 4586//2900 4597//2900
f 4598//2901 4597//2901 4596//2901
f 4598//2901 4596//2901 4599//2901
f 4599//2902 4596//2902 4595//2902
f 4599//2902 4595//2902 4600//2902
f 4600//2903 4595//2903 4594//2903
f 4600//2903 4594//2903 4593//2903
f 4589//2901 4598//2901 4599//2901
f 4589//2901 4599//2901 4590//2901
f 4590//2902 4599//2902 4600//2902
f 4590//2902 4600//2902 4591//2902
f 4591//2903 4600//2903 4593//2903
f 4591//2903 4593//2903 4592//2903
f 3451//2905 3467//2905 1122//2905
f 3451//2905 1122//2905 1090//2905
f 3467//2906 3464//2906 1123//2906
f 3467//2906 1123//2906 1122//2906
f 3464//2907 3463//2907 1124//2907
f 3464//2907 1124//2907 1123//2907
f 3470//2908 4601//2908 3463//2908
f 3463//2908 4601//2908 4602//2908
f 3463//2908 4602//2908 1124//2908
f 1124//2908 4602//2908 4603//2908
f 1124//2908 4603//2908 1125//2908
f 1125//2909 4603//2909 4604//2909
f 1125//2909 4604//2909 1126//2909
f 1126//2910 4604//2910 4605//2910
f 1126//2910 4605//2910 1129//2910
f 1129//2911 4605//2911 4606//2911
f 1129//2911 4606//2911 1131//2911
f 1131//2912 4606//2912 4607//2912
f 1131//2912 4607//2912 1133//2912
f 1133//2913 4607//2913 1135//2913
f 1135//2913 4607//2913 4608//2913
f 1135//2913 4608//2913 3480//2913
f 3480//2913 4608//2913 4609//2913
f 3480//2913 4609//2913 3478//2913
f 3478//2912 4609//2912 4610//2912
f 3478//2912 4610//2912 3476//2912
f 3476//2911 4610//2911 4611//2911
f 3476//2911 4611//2911 3474//2911
f 3474//2910 4611//2910 4612//2910
f 3474//2910 4612//2910 3472//2910
f 3472//2909 4612//2909 4601//2909
f 3472//2909 4601//2909 3470//2909
f 4604//2909 4603//2909 4602//2909
f 4604//2909 4602//2909 4613//2909
f 4613//2909 4602//2909 4601//2909
f 4613//2909 4601//2909 4612//2909
f 4613//2910 4612//2910 4611//2910
f 4613//2910 4611//2910 4614//2910
f 4614//2911 4611//2911 4610//2911
f 4614//2911 4610//2911 4615//2911
f 4615//2912 4610//2912 4609//2912
f 4615//2912 4609//2912 4608//2912
f 4604//2910 4613//2910 4614//2910
f 4604//2910 4614//2910 4605//2910
f 4605//2911 4614//2911 4615//2911
f 4605//2911 4615//2911 4606//2911
f 4606//2912 4615//2912 4608//2912
f 4606//2912 4608//2912 4607//2912
f 3480//2914 3482//2914 1137//2914
f 3480//2914 1137//2914 1135//2914
f 3489//2915 4616//2915 3482//2915
f 3482//2915 4616//2915 4617//2915
f 3482//2915 4617//2915 4618//2915
f 4618//2916 4617//2916 4619//2916
f 4618//2916 4619//2916 4620//2916
f 4620//2917 4619//2917 4621//2917
f 4620//2917 4621//2917 4622//2917
f 4622//2918 4621//2918 1140//2918
f 1140//2918 4621//2918 3484//2918
f 3484//2918 4621//2918 4623//2918
f 3484//2918 4623//2918 3485//2918
f 3485//2917 4623//2917 4624//2917
f 3485//2917 4624//2917 3487//2917
f 3487//2916 4624//2916 4616//2916
f 3487//2916 4616//2916 3489//2916
f 4622//2918 1140//2918 4625//2918
f 4625//2918 1140//2918 1139//2918
f 4625//2917 1139//2917 1141//2917
f 4625//2917 1141//2917 4626//2917
f 4626//2916 1141//2916 1142//2916
f 4626//2916 1142//2916 4627//2916
f 4627//2915 1142//2915 1137//2915
f 4627//2915 1137//2915 4618//2915
f 4618//2915 1137//2915 3482//2915
f 4619//2916 4617//2916 4616//2916
f 4619//2916 4616//2916 4624//2916
f 4626//2916 4627//2916 4618//2916
f 4626//2916 4618//2916 4620//2916
f 4619//2917 4624//2917 4623//2917
f 4619//2917 4623//2917 4621//2917
f 4626//2917 4620//2917 4622//2917
f 4626//2917 4622//2917 4625//2917
f 3484//2919 3492//2919 1143//2919
f 3484//2919 1143//2919 1140//2919
f 3509//2920 4628//2920 3492//2920
f 3492//2920 4628//2920 4629//2920
f 3492//2920 4629//2920 1143//2920
f 1143//2920 4629//2920 4630//2920
f 1143//2920 4630//2920 1146//2920
f 1146//2921 4630//2921 4631//2921
f 1146//2921 4631//2921 1147//2921
f 1147//2922 4631//2922 4632//2922
f 1147//2922 4632//2922 1148//2922
f 1148//2923 4632//2923 4633//2923
f 1148//2923 4633//2923 1149//2923
f 1149//2924 4633//2924 4634//2924
f 1149//2924 4634//2924 1150//2924
f 1150//2925 4634//2925 4635//2925
f 1150//2925 4635//2925 1151//2925
f 1151//2926 4635//2926 4636//2926
f 1151//2926 4636//2926 1152//2926
f 1152//2927 4636//2927 4637//2927
f 1152//2927 4637//2927 1153//2927
f 1153//2928 4637//2928 1144//2928
f 1144//2928 4637//2928 4638//2928
f 1144//2928 4638//2928 3494//2928
f 3494//2928 4638//2928 4639//2928
f 3494//2928 4639//2928 3495//2928
f 3495//2927 4639//2927 4640//2927
f 3495//2927 4640//2927 3497//2927
f 3497//2926 4640//2926 4641//2926
f 3497//2926 4641//2926 3499//2926
f 3499//2925 4641//2925 4642//2925
f 3499//2925 4642//2925 3501//2925
f 3501//2924 4642//2924 4643//2924
f 3501//2924 4643//2924 3503//2924
f 3503//2923 4643//2923 4644//2923
f 3503//2923 4644//2923 3505//2923
f 3505//2922 4644//2922 4645//2922
f 3505//2922 4645//2922 3507//2922
f 3507//2921 4645//2921 4628//2921
f 3507//2921 4628//2921 3509//2921
f 4631//2921 4630//2921 4629//2921
f 4631//2921 4629//2921 4646//2921
f 4646//2921 4629//2921 4628//2921
f 4646//2921 4628//2921 4645//2921
f 4646//2922 4645//2922 4644//2922
f 4646//2922 4644//2922 4647//2922
f 4647//2923 4644//2923 4643//2923
f 4647//2923 4643//2923 4648//2923
f 4648//2924 4643//2924 4642//2924
f 4648//2924 4642//2924 4649//2924
f 4649//2925 4642//2925 4641//2925
f 4649//2925 4641//2925 4650//2925
f 4650//2926 4641//2926 4640//2926
f 4650//2926 4640//2926 4651//2926
f 4651//2927 4640//2927 4639//2927
f 4651//2927 4639//2927 4638//2927
f 4631//2922 4646//2922 4647//2922
f 4631//2922 4647//2922 4632//2922
f 4632//2923 4647//2923 4648//2923
f 4632//2923 4648//2923 4633//2923
f 4633//2924 4648//2924 4649//2924
f 4633//2924 4649//2924 4634//2924
f 4634//2925 4649//2925 4650//2925
f 4634//2925 4650//2925 4635//2925
f 4635//2926 4650//2926 4651//2926
f 4635//2926 4651//2926 4636//2926
f 4636//2927 4651//2927 4638//2927
f 4636//2927 4638//2927 4637//2927
f 3494//2929 3512//2929 1145//2929
f 3494//2929 1145//2929 1144//2929
f 3519//2930 4652//2930 3512//2930
f 3512//2930 4652//2930 4653//2930
f 3512//2930 4653//2930 4654//2930
f 4654//2931 4653//2931 4655//2931
f 4654//2931 4655//2931 4656//2931
f 4656//2932 4655//2932 4657//2932
f 4656//2932 4657//2932 4658//2932
f 4658//2933 4657//2933 1138//2933
f 1138//2933 4657//2933 3514//2933
f 3514//2933 4657//2933 4659//2933
f 3514//2933 4659//2933 3515//2933
f 3515//2932 4659//2932 4660//2932
f 3515//2932 4660//2932 3517//2932
f 3517//2931 4660//2931 4652//2931
f 3517//2931 4652//2931 3519//2931
f 4658//2933 1138//2933 4661//2933
f 4661//2933 1138//2933 1156//2933
f 4661//2932 1156//2932 1155//2932
f 4661//2932 1155//2932 4662//2932
f 4662//2931 1155//2931 1154//2931
f 4662//2931 1154//2931 4663//2931
f 4663//2930 1154//2930 1145//2930
f 4663//2930 1145//2930 4654//2930
f 4654//2930 1145//2930 3512//2930
f 4655//2931 4653//2931 4652//2931
f 4655//2931 4652//2931 4660//2931
f 4662//2931 4663//2931 4654//2931
f 4662//2931 4654//2931 4656//2931
f 4655//2932 4660//2932 4659//2932
f 4655//2932 4659//2932 4657//2932
f 4662//2932 4656//2932 4658//2932
f 4662//2932 4658//2932 4661//2932
f 3514//2934 3522//2934 1136//2934
f 3514//2934 1136//2934 1138//2934
f 3533//2935 4664//2935 3522//2935
f 3522//2935 4664//2935 4665//2935
f 3522//2935 4665//2935 1136//2935
f 1136//2935 4665//2935 4666//2935
f 1136//2935 4666//2935 1134//2935
f 1134//2936 4666//2936 4667//2936
f 1134//2936 4667//2936 1132//2936
f 1132//2937 4667//2937 4668//2937
f 1132//2937 4668//2937 1130//2937
f 1130//2938 4668//2938 4669//2938
f 1130//2938 4669//2938 1127//2938
f 1127//2939 4669//2939 4670//2939
f 1127//2939 4670//2939 1128//2939
f 1128//2940 4670//2940 1157//2940
f 1157//2940 4670//2940 4671//2940
f 1157//2940 4671//2940 3523//2940
f 3523//2940 4671//2940 4672//2940
f 3523//2940 4672//2940 3524//2940
f 3524//2939 4672//2939 4673//2939
f 3524//2939 4673//2939 3527//2939
f 3527//2938 4673//2938 4674//2938
f 3527//2938 4674//2938 3529//2938
f 3529//2937 4674//2937 4675//2937
f 3529//2937 4675//2937 3531//2937
f 3531//2936 4675//2936 4664//2936
f 3531//2936 4664//2936 3533//2936
f 4667//2936 4666//2936 4665//2936
f 4667//2936 4665//2936 4676//2936
f 4676//2936 4665//2936 4664//2936
f 4676//2936 4664//2936 4675//2936
f 4676//2937 4675//2937 4674//2937
f 4676//2937 4674//2937 4677//2937
f 4677//2938 4674//2938 4673//2938
f 4677//2938 4673//2938 4678//2938
f 4678//2939 4673//2939 4672//2939
f 4678//2939 4672//2939 4671//2939
f 4667//2937 4676//2937 4677//2937
f 4667//2937 4677//2937 4668//2937
f 4668//2938 4677//2938 4678//2938
f 4668//2938 4678//2938 4669//2938
f 4669//2939 4678//2939 4671//2939
f 4669//2939 4671//2939 4670//2939
f 3523//2941 3539//2941 1158//2941
f 3523//2941 1158//2941 1157//2941
f 3539//2942 3536//2942 1159//2942
f 3539//2942 1159//2942 1158//2942
f 3536//2943 3535//2943 1160//2943
f 3536//2943 1160//2943 1159//2943
f 3542//2944 4679//2944 3535//2944
f 3535//2944 4679//2944 4680//2944
f 3535//2944 4680//2944 1160//2944
f 1160//2944 4680//2944 4681//2944
f 1160//2944 4681//2944 1161//2944
f 1161//2945 4681//2945 4682//2945
f 1161//2945 4682//2945 1162//2945
f 1162//2946 4682//2946 4683//2946
f 1162//2946 4683//2946 1163//2946
f 1163//2947 4683//2947 4684//2947
f 1163//2947 4684//2947 1164//2947
f 1164//2948 4684//2948 4685//2948
f 1164//2948 4685//2948 1167//2948
f 1167//2949 4685//2949 1169//2949
f 1169//2949 4685//2949 4686//2949
f 1169//2949 4686//2949 3552//2949
f 3552//2949 4686//2949 4687//2949
f 3552//2949 4687//2949 3550//2949
f 3550//2948 4687//2948 4688//2948
f 3550//2948 4688//2948 3548//2948
f 3548//2947 4688//2947 4689//2947
f 3548//2947 4689//2947 3546//2947
f 3546//2946 4689//2946 4690//2946
f 3546//2946 4690//2946 3544//2946
f 3544//2945 4690//2945 4679//2945
f 3544//2945 4679//2945 3542//2945
f 4682//2945 4681//2945 4680//2945
f 4682//2945 4680//2945 4691//2945
f 4691//2945 4680//2945 4679//2945
f 4691//2945 4679//2945 4690//2945
f 4691//2946 4690//2946 4689//2946
f 4691//2946 4689//2946 4692//2946
f 4692//2947 4689//2947 4688//2947
f 4692//2947 4688//2947 4693//2947
f 4693//2948 4688//2948 4687//2948
f 4693//2948 4687//2948 4686//2948
f 4682//2946 4691//2946 4692//2946
f 4682//2946 4692//2946 4683//2946
f 4683//2947 4692//2947 4693//2947
f 4683//2947 4693//2947 4684//2947
f 4684//2948 4693//2948 4686//2948
f 4684//2948 4686//2948 4685//2948
f 3552//2950 3554//2950 1171//2950
f 3552//2950 1171//2950 1169//2950
f 3561//2951 4694//2951 3554//2951
f 3554//2951 4694//2951 4695//2951
f 3554//2951 4695//2951 4696//2951
f 4696//2952 4695//2952 4697//2952
f 4696//2952 4697//2952 4698//2952
f 4698//2953 4697//2953 4699//2953
f 4698//2953 4699//2953 4700//2953
f 4700//2954 4699//2954 1176//2954
f 1176//2954 4699//2954 3556//2954
f 3556//2954 4699//2954 4701//2954
f 3556//2954 4701//2954 3557//2954
f 3557//2953 4701//2953 4702//2953
f 3557//2953 4702//2953 3559//2953
f 3559//2952 4702//2952 4694//2952
f 3559//2952 4694//2952 3561//2952
f 4700//2954 1176//2954 4703//2954
f 4703//2954 1176//2954 1175//2954
f 4703//2953 1175//2953 1174//2953
f 4703//2953 1174//2953 4704//2953
f 4704//2952 1174//2952 1173//2952
f 4704//2952 1173//2952 4705//2952
f 4705//2951 1173//2951 1171//2951
f 4705//2951 1171//2951 4696//2951
f 4696//2951 1171//2951 3554//2951
f 4697//2952 4695//2952 4694//2952
f 4697//2952 4694//2952 4702//2952
f 4704//2952 4705//2952 4696//2952
f 4704//2952 4696//2952 4698//2952
f 4697//2953 4702//2953 4701//2953
f 4697//2953 4701//2953 4699//2953
f 4704//2953 4698//2953 4700//2953
f 4704//2953 4700//2953 4703//2953
f 3556//2955 3564//2955 1177//2955
f 3556//2955 1177//2955 1176//2955
f 3581//2956 4706//2956 3564//2956
f 3564//2956 4706//2956 4707//2956
f 3564//2956 4707//2956 1177//2956
f 1177//2956 4707//2956 4708//2956
f 1177//2956 4708//2956 1179//2956
f 1179//2957 4708//2957 4709//2957
f 1179//2957 4709//2957 1181//2957
f 1181//2958 4709//2958 4710//2958
f 1181//2958 4710//2958 1182//2958
f 1182//2959 4710//2959 4711//2959
f 1182//2959 4711//2959 1183//2959
f 1183//2960 4711//2960 4712//2960
f 1183//2960 4712//2960 1184//2960
f 1184//2961 4712//2961 4713//2961
f 1184//2961 4713//2961 1185//2961
f 1185//2962 4713//2962 4714//2962
f 1185//2962 4714//2962 1186//2962
f 1186//2963 4714//2963 4715//2963
f 1186//2963 4715//2963 1187//2963
f 1187//2964 4715//2964 1180//2964
f 1180//2964 4715//2964 4716//2964
f 1180//2964 4716//2964 3566//2964
f 3566//2964 4716//2964 4717//2964
f 3566//2964 4717//2964 3567//2964
f 3567//2963 4717//2963 4718//2963
f 3567//2963 4718//2963 3569//2963
f 3569//2962 4718//2962 4719//2962
f 3569//2962 4719//2962 3571//2962
f 3571//2961 4719//2961 4720//2961
f 3571//2961 4720//2961 3573//2961
f 3573//2960 4720//2960 4721//2960
f 3573//2960 4721//2960 3575//2960
f 3575//2959 4721//2959 4722//2959
f 3575//2959 4722//2959 3577//2959
f 3577//2958 4722//2958 4723//2958
f 3577//2958 4723//2958 3579//2958
f 3579//2957 4723//2957 4706//2957
f 3579//2957 4706//2957 3581//2957
f 4709//2957 4708//2957 4707//2957
f 4709//2957 4707//2957 4724//2957
f 4724//2957 4707//2957 4706//2957
f 4724//2957 4706//2957 4723//2957
f 4724//2958 4723//2958 4722//2958
f 4724//2958 4722//2958 4725//2958
f 4725//2959 4722//2959 4721//2959
f 4725//2959 4721//2959 4726//2959
f 4726//2960 4721//2960 4720//2960
f 4726//2960 4720//2960 4727//2960
f 4727//2961 4720//2961 4719//2961
f 4727//2961 4719//2961 4728//2961
f 4728//2962 4719//2962 4718//2962
f 4728//2962 4718//2962 4729//2962
f 4729//2963 4718//2963 4717//2963
f 4729//2963 4717//2963 4716//2963
f 4709//2958 4724//2958 4725//2958
f 4709//2958 4725//2958 4710//2958
f 4710//2959 4725//2959 4726//2959
f 4710//2959 4726//2959 4711//2959
f 4711//2960 4726//2960 4727//2960
f 4711//2960 4727//2960 4712//2960
f 4712//2961 4727//2961 4728//2961
f 4712//2961 4728//2961 4713//2961
f 4713//2962 4728//2962 4729//2962
f 4713//2962 4729//2962 4714//2962
f 4714//2963 4729//2963 4716//2963
f 4714//2963 4716//2963 4715//2963
f 3566//2965 3584//2965 1178//2965
f 3566//2965 1178//2965 1180//2965
f 3591//2966 4730//2966 3584//2966
f 3584//2966 4730//2966 4731//2966
f 3584//2966 4731//2966 4732//2966
f 4732//2967 4731//2967 4733//2967
f 4732//2967 4733//2967 4734//2967
f 4734//2968 4733//2968 4735//2968
f 4734//2968 4735//2968 4736//2968
f 4736//2969 4735//2969 1172//2969
f 1172//2969 4735//2969 3586//2969
f 3586//2969 4735//2969 4737//2969
f 3586//2969 4737//2969 3587//2969
f 3587//2968 4737//2968 4738//2968
f 3587//2968 4738//2968 3589//2968
f 3589//2967 4738//2967 4730//2967
f 3589//2967 4730//2967 3591//2967
f 4736//2969 1172//2969 4739//2969
f 4739//2969 1172//2969 1190//2969
f 4739//2968 1190//2968 1189//2968
f 4739//2968 1189//2968 4740//2968
f 4740//2967 1189//2967 1188//2967
f 4740//2967 1188//2967 4741//2967
f 4741//2966 1188//2966 1178//2966
f 4741//2966 1178//2966 4732//2966
f 4732//2966 1178//2966 3584//2966
f 4733//2967 4731//2967 4730//2967
f 4733//2967 4730//2967 4738//2967
f 4740//2967 4741//2967 4732//2967
f 4740//2967 4732//2967 4734//2967
f 4733//2968 4738//2968 4737//2968
f 4733//2968 4737//2968 4735//2968
f 4740//2968 4734//2968 4736//2968
f 4740//2968 4736//2968 4739//2968
f 3586//2970 3594//2970 1170//2970
f 3586//2970 1170//2970 1172//2970
f 3605//2971 4742//2971 3594//2971
f 3594//2971 4742//2971 4743//2971
f 3594//2971 4743//2971 1170//2971
f 1170//2971 4743//2971 4744//2971
f 1170//2971 4744//2971 1168//2971
f 1168//2972 4744//2972 4745//2972
f 1168//2972 4745//2972 1165//2972
f 1165//2973 4745//2973 4746//2973
f 1165//2973 4746//2973 1166//2973
f 1166//2974 4746//2974 4747//2974
f 1166//2974 4747//2974 1191//2974
f 1191//2975 4747//2975 4748//2975
f 1191//2975 4748//2975 1192//2975
f 1192//2976 4748//2976 430//2976
f 430//2976 4748//2976 4749//2976
f 430//2976 4749//2976 3595//2976
f 3595//2976 4749//2976 4750//2976
f 3595//2976 4750//2976 3596//2976
f 3596//2975 4750//2975 4751//2975
f 3596//2975 4751//2975 3599//2975
f 3599//2974 4751//2974 4752//2974
f 3599//2974 4752//2974 3601//2974
f 3601//2973 4752//2973 4753//2973
f 3601//2973 4753//2973 3603//2973
f 3603//2972 4753//2972 4742//2972
f 3603//2972 4742//2972 3605//2972
f 4745//2972 4744//2972 4743//2972
f 4745//2972 4743//2972 4754//2972
f 4754//2972 4743//2972 4742//2972
f 4754//2972 4742//2972 4753//2972
f 4754//2973 4753//2973 4752//2973
f 4754//2973 4752//2973 4755//2973
f 4755//2974 4752//2974 4751//2974
f 4755//2974 4751//2974 4756//2974
f 4756//2975 4751//2975 4750//2975
f 4756//2975 4750//2975 4749//2975
f 4745//2973 4754//2973 4755//2973
f 4745//2973 4755//2973 4746//2973
f 4746//2974 4755//2974 4756//2974
f 4746//2974 4756//2974 4747//2974
f 4747//2975 4756//2975 4749//2975
f 4747//2975 4749//2975 4748//2975
f 3595//2977 3611//2977 431//2977
f 3595//2977 431//2977 430//2977
f 3611//2978 3608//2978 432//2978
f 3611//2978 432//2978 431//2978
f 3608//2979 3607//2979 433//2979
f 3608//2979 433//2979 432//2979
f 3614//2980 4757//2980 3607//2980
f 3607//2980 4757//2980 4758//2980
f 3607//2980 4758//2980 433//2980
f 433//2980 4758//2980 4759//2980
f 433//2980 4759//2980 434//2980
f 434//2981 4759//2981 4760//2981
f 434//2981 4760//2981 435//2981
f 435//2982 4760//2982 4761//2982
f 435//2982 4761//2982 438//2982
f 438//2983 4761//2983 4762//2983
f 438//2983 4762//2983 440//2983
f 440//2984 4762//2984 4763//2984
f 440//2984 4763//2984 442//2984
f 442//2985 4763//2985 444//2985
f 444//2985 4763//2985 4764//2985
f 444//2985 4764//2985 3624//2985
f 3624//2985 4764//2985 4765//2985
f 3624//2985 4765//2985 3622//2985
f 3622//2984 4765//2984 4766//2984
f 3622//2984 4766//2984 3620//2984
f 3620//2983 4766//2983 4767//2983
f 3620//2983 4767//2983 3618//2983
f 3618//2982 4767//2982 4768//2982
f 3618//2982 4768//2982 3616//2982
f 3616//2981 4768//2981 4757//2981
f 3616//2981 4757//2981 3614//2981
f 4760//2981 4759//2981 4758//2981
f 4760//2981 4758//2981 4769//2981
f 4769//2981 4758//2981 4757//2981
f 4769//2981 4757//2981 4768//2981
f 4769//2982 4768//2982 4767//2982
f 4769//2982 4767//2982 4770//2982
f 4770//2983 4767//2983 4766//2983
f 4770//2983 4766//2983 4771//2983
f 4771//2984 4766//2984 4765//2984
f 4771//2984 4765//2984 4764//2984
f 4760//2982 4769//2982 4770//2982
f 4760//2982 4770//2982 4761//2982
f 4761//2983 4770//2983 4771//2983
f 4761//2983 4771//2983 4762//2983
f 4762//2984 4771//2984 4764//2984
f 4762//2984 4764//2984 4763//2984
f 3624//2986 3626//2986 446//2986
f 3624//2986 446//2986 444//2986
f 3633//2987 4772//2987 3626//2987
f 3626//2987 4772//2987 4773//2987
f 3626//2987 4773//2987 4774//2987
f 4774//2988 4773//2988 4775//2988
f 4774//2988 4775//2988 4776//2988
f 4776//2989 4775//2989 4777//2989
f 4776//2989 4777//2989 4778//2989
f 4778//2990 4777//2990 451//2990
f 451//2990 4777//2990 3628//2990
f 3628//2990 4777//2990 4779//2990
f 3628//2990 4779//2990 3629//2990
f 3629//2989 4779//2989 4780//2989
f 3629//2989 4780//2989 3631//2989
f 3631//2988 4780//2988 4772//2988
f 3631//2988 4772//2988 3633//2988
f 4778//2990 451//2990 4781//2990
f 4781//2990 451//2990 450//2990
f 4781//2989 450//2989 449//2989
f 4781//2989 449//2989 4782//2989
f 4782//2988 449//2988 448//2988
f 4782//2988 448//2988 4783//2988
f 4783//2987 448//2987 446//2987
f 4783//2987 446//2987 4774//2987
f 4774//2987 446//2987 3626//2987
f 4775//2988 4773//2988 4772//2988
f 4775//2988 4772//2988 4780//2988
f 4782//2988 4783//2988 4774//2988
f 4782//2988 4774//2988 4776//2988
f 4775//2989 4780//2989 4779//2989
f 4775//2989 4779//2989 4777//2989
f 4782//2989 4776//2989 4778//2989
f 4782//2989 4778//2989 4781//2989
f 3628//2991 3636//2991 452//2991
f 3628//2991 452//2991 451//2991
f 3653//2992 4784//2992 3636//2992
f 3636//2992 4784//2992 4785//2992
f 3636//2992 4785//2992 452//2992
f 452//2992 4785//2992 4786//2992
f 452//2992 4786//2992 454//2992
f 454//2993 4786//2993 4787//2993
f 454//2993 4787//2993 456//2993
f 456//2994 4787//2994 4788//2994
f 456//2994 4788//2994 457//2994
f 457//2995 4788//2995 4789//2995
f 457//2995 4789//2995 458//2995
f 458//2996 4789//2996 4790//2996
f 458//2996 4790//2996 459//2996
f 459//2997 4790//2997 4791//2997
f 459//2997 4791//2997 460//2997
f 460//2998 4791//2998 4792//2998
f 460//2998 4792//2998 461//2998
f 461//2999 4792//2999 4793//2999
f 461//2999 4793//2999 462//2999
f 462//3000 4793//3000 455//3000
f 455//3000 4793//3000 4794//3000
f 455//3000 4794//3000 3638//3000
f 3638//3000 4794//3000 4795//3000
f 3638//3000 4795//3000 3639//3000
f 3639//2999 4795//2999 4796//2999
f 3639//2999 4796//2999 3641//2999
f 3641//2998 4796//2998 4797//2998
f 3641//2998 4797//2998 3643//2998
f 3643//2997 4797//2997 4798//2997
f 3643//2997 4798//2997 3645//2997
f 3645//2996 4798//2996 4799//2996
f 3645//2996 4799//2996 3647//2996
f 3647//2995 4799//2995 4800//2995
f 3647//2995 4800//2995 3649//2995
f 3649//2994 4800//2994 4801//2994
f 3649//2994 4801//2994 3651//2994
f 3651//2993 4801//2993 4784//2993
f 3651//2993 4784//2993 3653//2993
f 4787//2993 4786//2993 4785//2993
f 4787//2993 4785//2993 4802//2993
f 4802//2993 4785//2993 4784//2993
f 4802//2993 4784//2993 4801//2993
f 4802//2994 4801//2994 4800//2994
f 4802//2994 4800//2994 4803//2994
f 4803//2995 4800//2995 4799//2995
f 4803//2995 4799//2995 4804//2995
f 4804//2996 4799//2996 4798//2996
f 4804//2996 4798//2996 4805//2996
f 4805//2997 4798//2997 4797//2997
f 4805//2997 4797//2997 4806//2997
f 4806//2998 4797//2998 4796//2998
f 4806//2998 4796//2998 4807//2998
f 4807//2999 4796//2999 4795//2999
f 4807//2999 4795//2999 4794//2999
f 4787//2994 4802//2994 4803//2994
f 4787//2994 4803//2994 4788//2994
f 4788//2995 4803//2995 4804//2995
f 4788//2995 4804//2995 4789//2995
f 4789//2996 4804//2996 4805//2996
f 4789//2996 4805//2996 4790//2996
f 4790//2997 4805//2997 4806//2997
f 4790//2997 4806//2997 4791//2997
f 4791//2998 4806//2998 4807//2998
f 4791//2998 4807//2998 4792//2998
f 4792//2999 4807//2999 4794//2999
f 4792//2999 4794//2999 4793//2999
f 3638//3001 3656//3001 453//3001
f 3638//3001 453//3001 455//3001
f 3663//3002 4808//3002 3656//3002
f 3656//3002 4808//3002 4809//3002
f 3656//3002 4809//3002 4810//3002
f 4810//3003 4809//3003 4811//3003
f 4810//3003 4811//3003 4812//3003
f 4812//3004 4811//3004 4813//3004
f 4812//3004 4813//3004 4814//3004
f 4814//3005 4813//3005 447//3005
f 447//3005 4813//3005 3658//3005
f 3658//3005 4813//3005 4815//3005
f 3658//3005 4815//3005 3659//3005
f 3659//3004 4815//3004 4816//3004
f 3659//3004 4816//3004 3661//3004
f 3661//3003 4816//3003 4808//3003
f 3661//3003 4808//3003 3663//3003
f 4814//3005 447//3005 4817//3005
f 4817//3005 447//3005 465//3005
f 4817//3004 465//3004 464//3004
f 4817//3004 464//3004 4818//3004
f 4818//3003 464//3003 463//3003
f 4818//3003 463//3003 4819//3003
f 4819//3002 463//3002 453//3002
f 4819//3002 453//3002 4810//3002
f 4810//3002 453//3002 3656//3002
f 4811//3003 4809//3003 4808//3003
f 4811//3003 4808//3003 4816//3003
f 4818//3003 4819//3003 4810//3003
f 4818//3003 4810//3003 4812//3003
f 4811//3004 4816//3004 4815//3004
f 4811//3004 4815//3004 4813//3004
f 4818//3004 4812//3004 4814//3004
f 4818//3004 4814//3004 4817//3004
f 3658//3006 3666//3006 445//3006
f 3658//3006 445//3006 447//3006
f 3677//3007 4820//3007 3666//3007
f 3666//3007 4820//3007 4821//3007
f 3666//3007 4821//3007 445//3007
f 445//3007 4821//3007 4822//3007
f 445//3007 4822//3007 443//3007
f 443//3008 4822//3008 4823//3008
f 443//3008 4823//3008 441//3008
f 441//3009 4823//3009 4824//3009
f 441//3009 4824//3009 439//3009
f 439//3010 4824//3010 4825//3010
f 439//3010 4825//3010 436//3010
f 436//3011 4825//3011 4826//3011
f 436//3011 4826//3011 437//3011
f 437//3012 4826//3012 466//3012
f 466//3012 4826//3012 4827//3012
f 466//3012 4827//3012 3667//3012
f 3667//3012 4827//3012 4828//3012
f 3667//3012 4828//3012 3668//3012
f 3668//3011 4828//3011 4829//3011
f 3668//3011 4829//3011 3671//3011
f 3671//3010 4829//3010 4830//3010
f 3671//3010 4830//3010 3673//3010
f 3673//3009 4830//3009 4831//3009
f 3673//3009 4831//3009 3675//3009
f 3675//3008 4831//3008 4820//3008
f 3675//3008 4820//3008 3677//3008
f 4823//3008 4822//3008 4821//3008
f 4823//3008 4821//3008 4832//3008
f 4832//3008 4821//3008 4820//3008
f 4832//3008 4820//3008 4831//3008
f 4832//3009 4831//3009 4830//3009
f 4832//3009 4830//3009 4833//3009
f 4833//3010 4830//3010 4829//3010
f 4833//3010 4829//3010 4834//3010
f 4834//3011 4829//3011 4828//3011
f 4834//3011 4828//3011 4827//3011
f 4823//3009 4832//3009 4833//3009
f 4823//3009 4833//3009 4824//3009
f 4824//3010 4833//3010 4834//3010
f 4824//3010 4834//3010 4825//3010
f 4825//3011 4834//3011 4827//3011
f 4825//3011 4827//3011 4826//3011
f 3667//3013 3683//3013 467//3013
f 3667//3013 467//3013 466//3013
f 3683//3014 3680//3014 468//3014
f 3683//3014 468//3014 467//3014
f 3680//3015 3679//3015 469//3015
f 3680//3015 469//3015 468//3015
f 3686//3016 4835//3016 3679//3016
f 3679//3016 4835//3016 4836//3016
f 3679//3016 4836//3016 469//3016
f 469//3016 4836//3016 4837//3016
f 469//3016 4837//3016 470//3016
f 470//3017 4837//3017 4838//3017
f 470//3017 4838//3017 473//3017
f 473//3018 4838//3018 4839//3018
f 473//3018 4839//3018 475//3018
f 475//3019 4839//3019 4840//3019
f 475//3019 4840//3019 477//3019
f 477//3020 4840//3020 4841//3020
f 477//3020 4841//3020 479//3020
f 479//3021 4841//3021 481//3021
f 481//3021 4841//3021 4842//3021
f 481//3021 4842//3021 3696//3021
f 3696//3021 4842//3021 4843//3021
f 3696//3021 4843//3021 3694//3021
f 3694//3020 4843//3020 4844//3020
f 3694//3020 4844//3020 3692//3020
f 3692//3019 4844//3019 4845//3019
f 3692//3019 4845//3019 3690//3019
f 3690//3018 4845//3018 4846//3018
f 3690//3018 4846//3018 3688//3018
f 3688//3017 4846//3017 4835//3017
f 3688//3017 4835//3017 3686//3017
f 4838//3017 4837//3017 4836//3017
f 4838//3017 4836//3017 4847//3017
f 4847//3017 4836//3017 4835//3017
f 4847//3017 4835//3017 4846//3017
f 4847//3018 4846//3018 4845//3018
f 4847//3018 4845//3018 4848//3018
f 4848//3019 4845//3019 4844//3019
f 4848//3019 4844//3019 4849//3019
f 4849//3020 4844//3020 4843//3020
f 4849//3020 4843//3020 4842//3020
f 4838//3018 4847//3018 4848//3018
f 4838//3018 4848//3018 4839//3018
f 4839//3019 4848//3019 4849//3019
f 4839//3019 4849//3019 4840//3019
f 4840//3020 4849//3020 4842//3020
f 4840//3020 4842//3020 4841//3020
f 3696//3022 3698//3022 483//3022
f 3696//3022 483//3022 481//3022
f 3705//3023 4850//3023 3698//3023
f 3698//3023 4850//3023 4851//3023
f 3698//3023 4851//3023 4852//3023
f 4852//3024 4851//3024 4853//3024
f 4852//3024 4853//3024 4854//3024
f 4854//3025 4853//3025 4855//3025
f 4854//3025 4855//3025 4856//3025
f 4856//3026 4855//3026 488//3026
f 488//3026 4855//3026 3700//3026
f 3700//3026 4855//3026 4857//3026
f 3700//3026 4857//3026 3701//3026
f 3701//3025 4857//3025 4858//3025
f 3701//3025 4858//3025 3703//3025
f 3703//3024 4858//3024 4850//3024
f 3703//3024 4850//3024 3705//3024
f 4856//3026 488//3026 4859//3026
f 4859//3026 488//3026 487//3026
f 4859//3025 487//3025 486//3025
f 4859//3025 486//3025 4860//3025
f 4860//3024 486//3024 485//3024
f 4860//3024 485//3024 4861//3024
f 4861//3023 485//3023 483//3023
f 4861//3023 483//3023 4852//3023
f 4852//3023 483//3023 3698//3023
f 4853//3024 4851//3024 4850//3024
f 4853//3024 4850//3024 4858//3024
f 4860//3024 4861//3024 4852//3024
f 4860//3024 4852//3024 4854//3024
f 4853//3025 4858//3025 4857//3025
f 4853//3025 4857//3025 4855//3025
f 4860//3025 4854//3025 4856//3025
f 4860//3025 4856//3025 4859//3025
f 3700//3027 3708//3027 489//3027
f 3700//3027 489//3027 488//3027
f 3725//3028 4862//3028 3708//3028
f 3708//3028 4862//3028 4863//3028
f 3708//3028 4863//3028 489//3028
f 489//3028 4863//3028 4864//3028
f 489//3028 4864//3028 491//3028
f 491//3029 4864//3029 4865//3029
f 491//3029 4865//3029 493//3029
f 493//3030 4865//3030 4866//3030
f 493//3030 4866//3030 494//3030
f 494//3031 4866//3031 4867//3031
f 494//3031 4867//3031 495//3031
f 495//3032 4867//3032 4868//3032
f 495//3032 4868//3032 496//3032
f 496//3033 4868//3033 4869//3033
f 496//3033 4869//3033 497//3033
f 497//3034 4869//3034 4870//3034
f 497//3034 4870//3034 498//3034
f 498//3035 4870//3035 4871//3035
f 498//3035 4871//3035 499//3035
f 499//3036 4871//3036 492//3036
f 492//3036 4871//3036 4872//3036
f 492//3036 4872//3036 3710//3036
f 3710//3036 4872//3036 4873//3036
f 3710//3036 4873//3036 3711//3036
f 3711//3035 4873//3035 4874//3035
f 3711//3035 4874//3035 3713//3035
f 3713//3034 4874//3034 4875//3034
f 3713//3034 4875//3034 3715//3034
f 3715//3033 4875//3033 4876//3033
f 3715//3033 4876//3033 3717//3033
f 3717//3032 4876//3032 4877//3032
f 3717//3032 4877//3032 3719//3032
f 3719//3031 4877//3031 4878//3031
f 3719//3031 4878//3031 3721//3031
f 3721//3030 4878//3030 4879//3030
f 3721//3030 4879//3030 3723//3030
f 3723//3029 4879//3029 4862//3029
f 3723//3029 4862//3029 3725//3029
f 4865//3029 4864//3029 4863//3029
f 4865//3029 4863//3029 4880//3029
f 4880//3029 4863//3029 4862//3029
f 4880//3029 4862//3029 4879//3029
f 4880//3030 4879//3030 4878//3030
f 4880//3030 4878//3030 4881//3030
f 4881//3031 4878//3031 4877//3031
f 4881//3031 4877//3031 4882//3031
f 4882//3032 4877//3032 4876//3032
f 4882//3032 4876//3032 4883//3032
f 4883//3033 4876//3033 4875//3033
f 4883//3033 4875//3033 4884//3033
f 4884//3034 4875//3034 4874//3034
f 4884//3034 4874//3034 4885//3034
f 4885//3035 4874//3035 4873//3035
f 4885//3035 4873//3035 4872//3035
f 4865//3030 4880//3030 4881//3030
f 4865//3030 4881//3030 4866//3030
f 4866//3031 4881//3031 4882//3031
f 4866//3031 4882//3031 4867//3031
f 4867//3032 4882//3032 4883//3032
f 4867//3032 4883//3032 4868//3032
f 4868//3033 4883//3033 4884//3033
f 4868//3033 4884//3033 4869//3033
f 4869//3034 4884//3034 4885//3034
f 4869//3034 4885//3034 4870//3034
f 4870//3035 4885//3035 4872//3035
f 4870//3035 4872//3035 4871//3035
f 3710//3037 3728//3037 490//3037
f 3710//3037 490//3037 492//3037
f 3735//3038 4886//3038 3728//3038
f 3728//3038 4886//3038 4887//3038
f 3728//3038 4887//3038 4888//3038
f 4888//3039 4887//3039 4889//3039
f 4888//3039 4889//3039 4890//3039
f 4890//3040 4889//3040 4891//3040
f 4890//3040 4891//3040 4892//3040
f 4892//3041 4891//3041 484//3041
f 484//3041 4891//3041 3730//3041
f 3730//3041 4891//3041 4893//3041
f 3730//3041 4893//3041 3731//3041
f 3731//3040 4893//3040 4894//3040
f 3731//3040 4894//3040 3733//3040
f 3733//3039 4894//3039 4886//3039
f 3733//3039 4886//3039 3735//3039
f 4892//3041 484//3041 4895//3041
f 4895//3041 484//3041 502//3041
f 4895//3040 502//3040 501//3040
f 4895//3040 501//3040 4896//3040
f 4896//3039 501//3039 500//3039
f 4896//3039 500//3039 4897//3039
f 4897//3038 500//3038 490//3038
f 4897//3038 490//3038 4888//3038
f 4888//3038 490//3038 3728//3038
f 4889//3039 4887//3039 4886//3039
f 4889//3039 4886//3039 4894//3039
f 4896//3039 4897//3039 4888//3039
f 4896//3039 4888//3039 4890//3039
f 4889//3040 4894//3040 4893//3040
f 4889//3040 4893//3040 4891//3040
f 4896//3040 4890//3040 4892//3040
f 4896//3040 4892//3040 4895//3040
f 3730//3042 3738//3042 482//3042
f 3730//3042 482//3042 484//3042
f 3749//3043 4898//3043 3738//3043
f 3738//3043 4898//3043 4899//3043
f 3738//3043 4899//3043 482//3043
f 482//3043 4899//3043 4900//3043
f 482//3043 4900//3043 480//3043
f 480//3044 4900//3044 4901//3044
f 480//3044 4901//3044 478//3044
f 478//3045 4901//3045 4902//3045
f 478//3045 4902//3045 476//3045
f 476//3046 4902//3046 4903//3046
f 476//3046 4903//3046 474//3046
f 474//3047 4903//3047 4904//3047
f 474//3047 4904//3047 471//3047
f 471//3048 4904//3048 472//3048
f 472//3048 4904//3048 4905//3048
f 472//3048 4905//3048 3739//3048
f 3739//3048 4905//3048 4906//3048
f 3739//3048 4906//3048 3740//3048
f 3740//3047 4906//3047 4907//3047
f 3740//3047 4907//3047 3743//3047
f 3743//3046 4907//3046 4908//3046
f 3743//3046 4908//3046 3745//3046
f 3745//3045 4908//3045 4909//3045
f 3745//3045 4909//3045 3747//3045
f 3747//3044 4909//3044 4898//3044
f 3747//3044 4898//3044 3749//3044
f 4901//3044 4900//3044 4899//3044
f 4901//3044 4899//3044 4910//3044
f 4910//3044 4899//3044 4898//3044
f 4910//3044 4898//3044 4909//3044
f 4910//3045 4909//3045 4908//3045
f 4910//3045 4908//3045 4911//3045
f 4911//3046 4908//3046 4907//3046
f 4911//3046 4907//3046 4912//3046
f 4912//3047 4907//3047 4906//3047
f 4912//3047 4906//3047 4905//3047
f 4901//3045 4910//3045 4911//3045
f 4901//3045 4911//3045 4902//3045
f 4902//3046 4911//3046 4912//3046
f 4902//3046 4912//3046 4903//3046
f 4903//3047 4912//3047 4905//3047
f 4903//3047 4905//3047 4904//3047
f 3739//3049 3755//3049 503//3049
f 3739//3049 503//3049 472//3049
f 3755//3050 3752//3050 326//3050
f 3755//3050 326//3050 503//3050
f 3752//3051 3751//3051 327//3051
f 3752//3051 327//3051 326//3051
f 3758//3052 4913//3052 3751//3052
f 3751//3052 4913//3052 4914//3052
f 3751//3052 4914//3052 327//3052
f 327//3052 4914//3052 4915//3052
f 327//3052 4915//3052 504//3052
f 504//3053 4915//3053 4916//3053
f 504//3053 4916//3053 506//3053
f 506//3054 4916//3054 4917//3054
f 506//3054 4917//3054 508//3054
f 508//3055 4917//3055 4918//3055
f 508//3055 4918//3055 510//3055
f 510//3056 4918//3056 4919//3056
f 510//3056 4919//3056 512//3056
f 512//3057 4919//3057 514//3057
f 514//3057 4919//3057 4920//3057
f 514//3057 4920//3057 3768//3057
f 3768//3057 4920//3057 4921//3057
f 3768//3057 4921//3057 3766//3057
f 3766//3056 4921//3056 4922//3056
f 3766//3056 4922//3056 3764//3056
f 3764//3055 4922//3055 4923//3055
f 3764//3055 4923//3055 3762//3055
f 3762//3054 4923//3054 4924//3054
f 3762//3054 4924//3054 3760//3054
f 3760//3053 4924//3053 4913//3053
f 3760//3053 4913//3053 3758//3053
f 4916//3053 4915//3053 4914//3053
f 4916//3053 4914//3053 4925//3053
f 4925//3053 4914//3053 4913//3053
f 4925//3053 4913//3053 4924//3053
f 4925//3054 4924//3054 4923//3054
f 4925//3054 4923//3054 4926//3054
f 4926//3055 4923//3055 4922//3055
f 4926//3055 4922//3055 4927//3055
f 4927//3056 4922//3056 4921//3056
f 4927//3056 4921//3056 4920//3056
f 4916//3054 4925//3054 4926//3054
f 4916//3054 4926//3054 4917//3054
f 4917//3055 4926//3055 4927//3055
f 4917//3055 4927//3055 4918//3055
f 4918//3056 4927//3056 4920//3056
f 4918//3056 4920//3056 4919//3056
f 3768//3058 3770//3058 516//3058
f 3768//3058 516//3058 514//3058
f 3777//3059 4928//3059 3770//3059
f 3770//3059 4928//3059 4929//3059
f 3770//3059 4929//3059 4930//3059
f 4930//3060 4929//3060 4931//3060
f 4930//3060 4931//3060 4932//3060
f 4932//3061 4931//3061 4933//3061
f 4932//3061 4933//3061 4934//3061
f 4934//3062 4933//3062 521//3062
f 521//3062 4933//3062 3772//3062
f 3772//3062 4933//3062 4935//3062
f 3772//3062 4935//3062 3773//3062
f 3773//3061 4935//3061 4936//3061
f 3773//3061 4936//3061 3775//3061
f 3775//3060 4936//3060 4928//3060
f 3775//3060 4928//3060 3777//3060
f 4934//3062 521//3062 4937//3062
f 4937//3062 521//3062 520//3062
f 4937//3061 520//3061 519//3061
f 4937//3061 519//3061 4938//3061
f 4938//3060 519//3060 518//3060
f 4938//3060 518//3060 4939//3060
f 4939//3059 518//3059 516//3059
f 4939//3059 516//3059 4930//3059
f 4930//3059 516//3059 3770//3059
f 4931//3060 4929//3060 4928//3060
f 4931//3060 4928//3060 4936//3060
f 4938//3060 4939//3060 4930//3060
f 4938//3060 4930//3060 4932//3060
f 4931//3061 4936//3061 4935//3061
f 4931//3061 4935//3061 4933//3061
f 4938//3061 4932//3061 4934//3061
f 4938//3061 4934//3061 4937//3061
f 3772//3063 3780//3063 522//3063
f 3772//3063 522//3063 521//3063
f 3797//3064 4940//3064 3780//3064
f 3780//3064 4940//3064 4941//3064
f 3780//3064 4941//3064 522//3064
f 522//3064 4941//3064 4942//3064
f 522//3064 4942//3064 524//3064
f 524//3065 4942//3065 4943//3065
f 524//3065 4943//3065 526//3065
f 526//3066 4943//3066 4944//3066
f 526//3066 4944//3066 527//3066
f 527//3067 4944//3067 4945//3067
f 527//3067 4945//3067 528//3067
f 528//3068 4945//3068 4946//3068
f 528//3068 4946//3068 529//3068
f 529//3069 4946//3069 4947//3069
f 529//3069 4947//3069 530//3069
f 530//3070 4947//3070 4948//3070
f 530//3070 4948//3070 531//3070
f 531//3071 4948//3071 4949//3071
f 531//3071 4949//3071 532//3071
f 532//3072 4949//3072 525//3072
f 525//3072 4949//3072 4950//3072
f 525//3072 4950//3072 3782//3072
f 3782//3072 4950//3072 4951//3072
f 3782//3072 4951//3072 3783//3072
f 3783//3071 4951//3071 4952//3071
f 3783//3071 4952//3071 3785//3071
f 3785//3070 4952//3070 4953//3070
f 3785//3070 4953//3070 3787//3070
f 3787//3069 4953//3069 4954//3069
f 3787//3069 4954//3069 3789//3069
f 3789//3068 4954//3068 4955//3068
f 3789//3068 4955//3068 3791//3068
f 3791//3067 4955//3067 4956//3067
f 3791//3067 4956//3067 3793//3067
f 3793//3066 4956//3066 4957//3066
f 3793//3066 4957//3066 3795//3066
f 3795//3065 4957//3065 4940//3065
f 3795//3065 4940//3065 3797//3065
f 4943//3065 4942//3065 4941//3065
f 4943//3065 4941//3065 4958//3065
f 4958//3065 4941//3065 4940//3065
f 4958//3065 4940//3065 4957//3065
f 4958//3066 4957//3066 4956//3066
f 4958//3066 4956//3066 4959//3066
f 4959//3067 4956//3067 4955//3067
f 4959//3067 4955//3067 4960//3067
f 4960//3068 4955//3068 4954//3068
f 4960//3068 4954//3068 4961//3068
f 4961//3069 4954//3069 4953//3069
f 4961//3069 4953//3069 4962//3069
f 4962//3070 4953//3070 4952//3070
f 4962//3070 4952//3070 4963//3070
f 4963//3071 4952//3071 4951//3071
f 4963//3071 4951//3071 4950//3071
f 4943//3066 4958//3066 4959//3066
f 4943//3066 4959//3066 4944//3066
f 4944//3067 4959//3067 4960//3067
f 4944//3067 4960//3067 4945//3067
f 4945//3068 4960//3068 4961//3068
f 4945//3068 4961//3068 4946//3068
f 4946//3069 4961//3069 4962//3069
f 4946//3069 4962//3069 4947//3069
f 4947//3070 4962//3070 4963//3070
f 4947//3070 4963//3070 4948//3070
f 4948//3071 4963//3071 4950//3071
f 4948//3071 4950//3071 4949//3071
f 3782//3073 3800//3073 523//3073
f 3782//3073 523//3073 525//3073
f 3807//3074 4964//3074 3800//3074
f 3800//3074 4964//3074 4965//3074
f 3800//3074 4965//3074 4966//3074
f 4966//3075 4965//3075 4967//3075
f 4966//3075 4967//3075 4968//3075
f 4968//3076 4967//3076 4969//3076
f 4968//3076 4969//3076 4970//3076
f 4970//3077 4969//3077 517//3077
f 517//3077 4969//3077 3802//3077
f 3802//3077 4969//3077 4971//3077
f 3802//3077 4971//3077 3803//3077
f 3803//3076 4971//3076 4972//3076
f 3803//3076 4972//3076 3805//3076
f 3805//3075 4972//3075 4964//3075
f 3805//3075 4964//3075 3807//3075
f 4970//3077 517//3077 4973//3077
f 4973//3077 517//3077 534//3077
f 4973//3076 534//3076 535//3076
f 4973//3076 535//3076 4974//3076
f 4974//3075 535//3075 533//3075
f 4974//3075 533//3075 4975//3075
f 4975//3074 533//3074 523//3074
f 4975//3074 523//3074 4966//3074
f 4966//3074 523//3074 3800//3074
f 4967//3075 4965//3075 4964//3075
f 4967//3075 4964//3075 4972//3075
f 4974//3075 4975//3075 4966//3075
f 4974//3075 4966//3075 4968//3075
f 4967//3076 4972//3076 4971//3076
f 4967//3076 4971//3076 4969//3076
f 4974//3076 4968//3076 4970//3076
f 4974//3076 4970//3076 4973//3076
f 3802//3078 3810//3078 515//3078
f 3802//3078 515//3078 517//3078
f 3819//3079 4976//3079 3810//3079
f 3810//3079 4976//3079 4977//3079
f 3810//3079 4977//3079 515//3079
f 515//3079 4977//3079 4978//3079
f 515//3079 4978//3079 513//3079
f 513//3080 4978//3080 4979//3080
f 513//3080 4979//3080 511//3080
f 511//3081 4979//3081 4980//3081
f 511//3081 4980//3081 509//3081
f 509//3082 4980//3082 4981//3082
f 509//3082 4981//3082 507//3082
f 507//3083 4981//3083 4982//3083
f 507//3083 4982//3083 505//3083
f 505//3084 4982//3084 323//3084
f 323//3084 4982//3084 4983//3084
f 323//3084 4983//3084 1664//3084
f 1664//3084 4983//3084 4984//3084
f 1664//3084 4984//3084 3811//3084
f 3811//3083 4984//3083 4985//3083
f 3811//3083 4985//3083 3813//3083
f 3813//3082 4985//3082 4986//3082
f 3813//3082 4986//3082 3815//3082
f 3815//3081 4986//3081 4987//3081
f 3815//3081 4987//3081 3817//3081
f 3817//3080 4987//3080 4976//3080
f 3817//3080 4976//3080 3819//3080
f 4979//3080 4978//3080 4977//3080
f 4979//3080 4977//3080 4988//3080
f 4988//3080 4977//3080 4976//3080
f 4988//3080 4976//3080 4987//3080
f 4988//3081 4987//3081 4986//3081
f 4988//3081 4986//3081 4989//3081
f 4989//3082 4986//3082 4985//3082
f 4989//3082 4985//3082 4990//3082
f 4990//3083 4985//3083 4984//3083
f 4990//3083 4984//3083 4983//3083
f 4979//3081 4988//3081 4989//3081
f 4979//3081 4989//3081 4980//3081
f 4980//3082 4989//3082 4990//3082
f 4980//3082 4990//3082 4981//3082
f 4981//3083 4990//3083 4983//3083
f 4981//3083 4983//3083 4982//3083
f 1664//3085 1663//3085 324//3085
f 1664//3085 324//3085 323//3085
f 1663//3086 1666//3086 321//3086
f 1663//3086 321//3086 324//3086
f 1666//3087 1668//3087 303//3087
f 1666//3087 303//3087 321//3087
f 1504//3088 4991//3088 4992//3088
f 1504//3088 4992//3088 3543//3088
f 1504//3088 3543//3088 3541//3088
f 4992//3088 4993//3088 3547//3088
f 4992//3088 3547//3088 3545//3088
f 4993//3088 4994//3088 3597//3088
f 4993//3088 3597//3088 3600//3088
f 4994//3088 4995//3088 3598//3088
f 4994//3088 3598//3088 3597//3088
f 4995//3088 4996//3088 3612//3088
f 4995//3088 3612//3088 3598//3088
f 4996//3088 4997//3088 3612//3088
f 3612//3088 4997//3088 4998//3088
f 3612//3088 4998//3088 3609//3088
f 3609//3088 4998//3088 4999//3088
f 3609//3088 4999//3088 5000//3088
f 4998//3088 5001//3088 4999//3088
f 5000//3088 5002//3088 3609//3088
f 3609//3088 5002//3088 5003//3088
f 3609//3088 5003//3088 5004//3088
f 3609//3088 5004//3088 3610//3088
f 3610//3088 5004//3088 5005//3088
f 3610//3088 5005//3088 3613//3088
f 3613//3088 5005//3088 3615//3088
f 3615//3088 5005//3088 5006//3088
f 3615//3088 5006//3088 3617//3088
f 3617//3088 5006//3088 5007//3088
f 3617//3088 5007//3088 3619//3088
f 3619//3088 5007//3088 3621//3088
f 3621//3088 5007//3088 5008//3088
f 3621//3088 5008//3088 3623//3088
f 3623//3088 5008//3088 5009//3088
f 5009//3088 5010//3088 3625//3088
f 5009//3088 3625//3088 3623//3088
f 5010//3088 5011//3088 3665//3088
f 5010//3088 3665//3088 3625//3088
f 3625//3088 3665//3088 3657//3088
f 3625//3088 3657//3088 3627//3088
f 3625//3088 3627//3088 3630//3088
f 5011//3088 5012//3088 3678//3088
f 5011//3088 3678//3088 3665//3088
f 5012//3088 5013//3088 3676//3088
f 5012//3088 3676//3088 3678//3088
f 5013//3088 5014//3088 3674//3088
f 5013//3088 3674//3088 3676//3088
f 5014//3088 5015//3088 3672//3088
f 5014//3088 3672//3088 3674//3088
f 5015//3088 5016//3088 3670//3088
f 5015//3088 3670//3088 3669//3088
f 5016//3088 5017//3088 3670//3088
f 3670//3088 5017//3088 5018//3088
f 3670//3088 5018//3088 3684//3088
f 3684//3088 5018//3088 5019//3088
f 5019//3088 5020//3088 3681//3088
f 5019//3088 3681//3088 3684//3088
f 5020//3088 5021//3088 3681//3088
f 3681//3088 5021//3088 5022//3088
f 3681//3088 5022//3088 3682//3088
f 3682//3088 5022//3088 5023//3088
f 5023//3088 5024//3088 3742//3088
f 5023//3088 3742//3088 3682//3088
f 3682//3088 3742//3088 3685//3088
f 3685//3088 3742//3088 3741//3088
f 3685//3088 3741//3088 3744//3088
f 5024//3088 5025//3088 3742//3088
f 3742//3088 5025//3088 5026//3088
f 3742//3088 5026//3088 5027//3088
f 5027//3088 5028//3088 5029//3088
f 5027//3088 5029//3088 1195//3088
f 5028//3088 5030//3088 5029//3088
f 5029//3088 5030//3088 5031//3088
f 5029//3088 5031//3088 5032//3088
f 5032//3088 5033//3088 5034//3088
f 5032//3088 5034//3088 5029//3088
f 5033//3088 5035//3088 5036//3088
f 5033//3088 5036//3088 5037//3088
f 5035//3088 5038//3088 5036//3088
f 5036//3088 5038//3088 5039//3088
f 5036//3088 5039//3088 5040//3088
f 5036//3088 5040//3088 5041//3088
f 5041//3088 5040//3088 5042//3088
f 5041//3088 5042//3088 5043//3088
f 5043//3088 5044//3088 5045//3088
f 5043//3088 5045//3088 5041//3088
f 5044//3088 5046//3088 5047//3088
f 5044//3088 5047//3088 5045//3088
f 5046//3088 5048//3088 5049//3088
f 5046//3088 5049//3088 5050//3088
f 5048//3088 5051//3088 5049//3088
f 5050//3088 5052//3088 5046//3088
f 5046//3088 5052//3088 5047//3088
f 5037//3088 5034//3088 5033//3088
f 1195//3088 1196//3088 3765//3088
f 1195//3088 3765//3088 3763//3088
f 1196//3088 1198//3088 3816//3088
f 1196//3088 3816//3088 3818//3088
f 1200//3088 1661//3088 1198//3088
f 1198//3088 1661//3088 3812//3088
f 1198//3088 3812//3088 3814//3088
f 1200//3088 1202//3088 1665//3088
f 1200//3088 1665//3088 1662//3088
f 1202//3088 1204//3088 1667//3088
f 1202//3088 1667//3088 1665//3088
f 1204//3088 1206//3088 1671//3088
f 1204//3088 1671//3088 1669//3088
f 1206//3088 1208//3088 1679//3088
f 1206//3088 1679//3088 1677//3088
f 1208//3088 1210//3088 1728//3088
f 1208//3088 1728//3088 1730//3088
f 1210//3088 1212//3088 1735//3088
f 1210//3088 1735//3088 1726//3088
f 1212//3088 1214//3088 1737//3088
f 1212//3088 1737//3088 1735//3088
f 1214//3088 1216//3088 1739//3088
f 1214//3088 1739//3088 1737//3088
f 1216//3088 1218//3088 1745//3088
f 1216//3088 1745//3088 1743//3088
f 1218//3088 1220//3088 1804//3088
f 1218//3088 1804//3088 1806//3088
f 1220//3088 1222//3088 1797//3088
f 1220//3088 1797//3088 1800//3088
f 1222//3088 1224//3088 1807//3088
f 1222//3088 1807//3088 1798//3088
f 1224//3088 1226//3088 1809//3088
f 1224//3088 1809//3088 1807//3088
f 1809//3088 1226//3088 1811//3088
f 1811//3088 1226//3088 1228//3088
f 1811//3088 1228//3088 1813//3088
f 1813//3088 1228//3088 1815//3088
f 1815//3088 1228//3088 1817//3088
f 1817//3088 1228//3088 1230//3088
f 1817//3088 1230//3088 1819//3088
f 1819//3088 1230//3088 1821//3088
f 1821//3088 1230//3088 1878//3088
f 1821//3088 1878//3088 1865//3088
f 1821//3088 1865//3088 1823//3088
f 1823//3088 1865//3088 1857//3088
f 1823//3088 1857//3088 1825//3088
f 1825//3088 1857//3088 1827//3088
f 1825//3088 1827//3088 1834//3088
f 1834//3088 1827//3088 1832//3088
f 1832//3088 1827//3088 1830//3088
f 1230//3088 1232//3088 1876//3088
f 1230//3088 1876//3088 1878//3088
f 1232//3088 1234//3088 1870//3088
f 1232//3088 1870//3088 1869//3088
f 1234//3088 1236//3088 1879//3088
f 1234//3088 1879//3088 1870//3088
f 1236//3088 1238//3088 1883//3088
f 1236//3088 1883//3088 1881//3088
f 1238//3088 1240//3088 1885//3088
f 1238//3088 1885//3088 1883//3088
f 1240//3088 1242//3088 1893//3088
f 1240//3088 1893//3088 1891//3088
f 1242//3088 1244//3088 1946//3088
f 1242//3088 1946//3088 1948//3088
f 1246//3088 1942//3088 1244//3088
f 1244//3088 1942//3088 1941//3088
f 1244//3088 1941//3088 1944//3088
f 1246//3088 1248//3088 1953//3088
f 1246//3088 1953//3088 1951//3088
f 1248//3088 1250//3088 1955//3088
f 1248//3088 1955//3088 1953//3088
f 1250//3088 1252//3088 1959//3088
f 1250//3088 1959//3088 1957//3088
f 1252//3088 1254//3088 1965//3088
f 1252//3088 1965//3088 1963//3088
f 1254//3088 1256//3088 2016//3088
f 1254//3088 2016//3088 2018//3088
f 1256//3088 1258//3088 2023//3088
f 1256//3088 2023//3088 2014//3088
f 1258//3088 1260//3088 2025//3088
f 1258//3088 2025//3088 2023//3088
f 1260//3088 1262//3088 2027//3088
f 1260//3088 2027//3088 2025//3088
f 1262//3088 1264//3088 2033//3088
f 1262//3088 2033//3088 2031//3088
f 1264//3088 1266//3088 2094//3088
f 1264//3088 2094//3088 2081//3088
f 1266//3088 1268//3088 2085//3088
f 1266//3088 2085//3088 2088//3088
f 1268//3088 1270//3088 2095//3088
f 1268//3088 2095//3088 2086//3088
f 1270//3088 1272//3088 2097//3088
f 1270//3088 2097//3088 2095//3088
f 1272//3088 1274//3088 2099//3088
f 1272//3088 2099//3088 2097//3088
f 1274//3088 1276//3088 2105//3088
f 1274//3088 2105//3088 2103//3088
f 1276//3088 1278//3088 2164//3088
f 1276//3088 2164//3088 2166//3088
f 1278//3088 1280//3088 2158//3088
f 1278//3088 2158//3088 2157//3088
f 1280//3088 1282//3088 2167//3088
f 1280//3088 2167//3088 2158//3088
f 1282//3088 1284//3088 2171//3088
f 1282//3088 2171//3088 2169//3088
f 1284//3088 1286//3088 2171//3088
f 2171//3088 1286//3088 2173//3088
f 2173//3088 1286//3088 2175//3088
f 2175//3088 1286//3088 2177//3088
f 2177//3088 1286//3088 1288//3088
f 2177//3088 1288//3088 2179//3088
f 2179//3088 1288//3088 2181//3088
f 2181//3088 1288//3088 2238//3088
f 2181//3088 2238//3088 2225//3088
f 2181//3088 2225//3088 2183//3088
f 2183//3088 2225//3088 2217//3088
f 2183//3088 2217//3088 2185//3088
f 2185//3088 2217//3088 2187//3088
f 2185//3088 2187//3088 2194//3088
f 2194//3088 2187//3088 2192//3088
f 2192//3088 2187//3088 2190//3088
f 1288//3088 1290//3088 2234//3088
f 1288//3088 2234//3088 2236//3088
f 1292//3088 2230//3088 1290//3088
f 1290//3088 2230//3088 2229//3088
f 1290//3088 2229//3088 2232//3088
f 1292//3088 1294//3088 2239//3088
f 1292//3088 2239//3088 2230//3088
f 1294//3088 1296//3088 2243//3088
f 1294//3088 2243//3088 2241//3088
f 1296//3088 1298//3088 2245//3088
f 1296//3088 2245//3088 2243//3088
f 1298//3088 1300//3088 2253//3088
f 1298//3088 2253//3088 2251//3088
f 1300//3088 1302//3088 2304//3088
f 1300//3088 2304//3088 2306//3088
f 1302//3088 1304//3088 2311//3088
f 1302//3088 2311//3088 2302//3088
f 1304//3088 1306//3088 2313//3088
f 1304//3088 2313//3088 2311//3088
f 1306//3088 1308//3088 2315//3088
f 1306//3088 2315//3088 2313//3088
f 1308//3088 1310//3088 2319//3088
f 1308//3088 2319//3088 2317//3088
f 1310//3088 1312//3088 2327//3088
f 1310//3088 2327//3088 2325//3088
f 1312//3088 1314//3088 2373//3088
f 1312//3088 2373//3088 2376//3088
f 1314//3088 1316//3088 2383//3088
f 1314//3088 2383//3088 2374//3088
f 1316//3088 1318//3088 2385//3088
f 1316//3088 2385//3088 2383//3088
f 1318//3088 1320//3088 2387//3088
f 1318//3088 2387//3088 2385//3088
f 1320//3088 1322//3088 2393//3088
f 1320//3088 2393//3088 2391//3088
f 1322//3088 1324//3088 2452//3088
f 1322//3088 2452//3088 2454//3088
f 1324//3088 1326//3088 2445//3088
f 1324//3088 2445//3088 2448//3088
f 1326//3088 1328//3088 2455//3088
f 1326//3088 2455//3088 2446//3088
f 1328//3088 1330//3088 2457//3088
f 1328//3088 2457//3088 2455//3088
f 2457//3088 1330//3088 2459//3088
f 2459//3088 1330//3088 1332//3088
f 2459//3088 1332//3088 2461//3088
f 2461//3088 1332//3088 2463//3088
f 2463//3088 1332//3088 2465//3088
f 2465//3088 1332//3088 1334//3088
f 2465//3088 1334//3088 2467//3088
f 2467//3088 1334//3088 2469//3088
f 2469//3088 1334//3088 2526//3088
f 2469//3088 2526//3088 2513//3088
f 2469//3088 2513//3088 2471//3088
f 2471//3088 2513//3088 2505//3088
f 2471//3088 2505//3088 2473//3088
f 2473//3088 2505//3088 2475//3088
f 2473//3088 2475//3088 2478//3088
f 1334//3088 1336//3088 2524//3088
f 1334//3088 2524//3088 2526//3088
f 1336//3088 1338//3088 2518//3088
f 1336//3088 2518//3088 2517//3088
f 1338//3088 1340//3088 2527//3088
f 1338//3088 2527//3088 2518//3088
f 1340//3088 1342//3088 2531//3088
f 1340//3088 2531//3088 2529//3088
f 1342//3088 1344//3088 2533//3088
f 1342//3088 2533//3088 2531//3088
f 1344//3088 1346//3088 2541//3088
f 1344//3088 2541//3088 2539//3088
f 1346//3088 1348//3088 2594//3088
f 1346//3088 2594//3088 2596//3088
f 1350//3088 2590//3088 1348//3088
f 1348//3088 2590//3088 2589//3088
f 1348//3088 2589//3088 2592//3088
f 1350//3088 1352//3088 2601//3088
f 1350//3088 2601//3088 2599//3088
f 1352//3088 1354//3088 2603//3088
f 1352//3088 2603//3088 2601//3088
f 1354//3088 1356//3088 2607//3088
f 1354//3088 2607//3088 2605//3088
f 1356//3088 1358//3088 2615//3088
f 1356//3088 2615//3088 2613//3088
f 1358//3088 1360//3088 2664//3088
f 1358//3088 2664//3088 2666//3088
f 1360//3088 1362//3088 2671//3088
f 1360//3088 2671//3088 2662//3088
f 1362//3088 1364//3088 2673//3088
f 1362//3088 2673//3088 2671//3088
f 1364//3088 1366//3088 2675//3088
f 1364//3088 2675//3088 2673//3088
f 1366//3088 1368//3088 2681//3088
f 1366//3088 2681//3088 2679//3088
f 1368//3088 1370//3088 2742//3088
f 1368//3088 2742//3088 2729//3088
f 1370//3088 1372//3088 2733//3088
f 1370//3088 2733//3088 2736//3088
f 1372//3088 1374//3088 2743//3088
f 1372//3088 2743//3088 2734//3088
f 1374//3088 1376//3088 2745//3088
f 1374//3088 2745//3088 2743//3088
f 2745//3088 1376//3088 2747//3088
f 2747//3088 1376//3088 1378//3088
f 2747//3088 1378//3088 2749//3088
f 2749//3088 1378//3088 2751//3088
f 2751//3088 1378//3088 2753//3088
f 2753//3088 1378//3088 1380//3088
f 2753//3088 1380//3088 2755//3088
f 2755//3088 1380//3088 2757//3088
f 2757//3088 1380//3088 2814//3088
f 2757//3088 2814//3088 2801//3088
f 2757//3088 2801//3088 2759//3088
f 2759//3088 2801//3088 2793//3088
f 2759//3088 2793//3088 2761//3088
f 2761//3088 2793//3088 2796//3088
f 2761//3088 2796//3088 2791//3088
f 2761//3088 2791//3088 2763//3088
f 2763//3088 2791//3088 2771//3088
f 2771//3088 2791//3088 2773//3088
f 2771//3088 2773//3088 2790//3088
f 2790//3088 2773//3088 2788//3088
f 2788//3088 2773//3088 2786//3088
f 2786//3088 2773//3088 2784//3088
f 2784//3088 2773//3088 2782//3088
f 2782//3088 2773//3088 2780//3088
f 2780//3088 2773//3088 2778//3088
f 2778//3088 2773//3088 2776//3088
f 1380//3088 1382//3088 2812//3088
f 1380//3088 2812//3088 2814//3088
f 1382//3088 1384//3088 2806//3088
f 1382//3088 2806//3088 2805//3088
f 1384//3088 1386//3088 2820//3088
f 1384//3088 2820//3088 2806//3088
f 1386//3088 1388//3088 2818//3088
f 1386//3088 2818//3088 2817//3088
f 1388//3088 1390//3088 2818//3088
f 2818//3088 1390//3088 2821//3088
f 2821//3088 1390//3088 2823//3088
f 2823//3088 1390//3088 2825//3088
f 2825//3088 1390//3088 1392//3088
f 2825//3088 1392//3088 2827//3088
f 2827//3088 1392//3088 2829//3088
f 2829//3088 1392//3088 2886//3088
f 2829//3088 2886//3088 2873//3088
f 2829//3088 2873//3088 2831//3088
f 2831//3088 2873//3088 2865//3088
f 2831//3088 2865//3088 2833//3088
f 2833//3088 2865//3088 2868//3088
f 2833//3088 2868//3088 2863//3088
f 2833//3088 2863//3088 2835//3088
f 2835//3088 2863//3088 2843//3088
f 2843//3088 2863//3088 2845//3088
f 2843//3088 2845//3088 2862//3088
f 2862//3088 2845//3088 2860//3088
f 2860//3088 2845//3088 2858//3088
f 2858//3088 2845//3088 2856//3088
f 2856//3088 2845//3088 2854//3088
f 2854//3088 2845//3088 2852//3088
f 2852//3088 2845//3088 2850//3088
f 2850//3088 2845//3088 2848//3088
f 1392//3088 1394//3088 2882//3088
f 1392//3088 2882//3088 2884//3088
f 1396//3088 2878//3088 1394//3088
f 1394//3088 2878//3088 2877//3088
f 1394//3088 2877//3088 2880//3088
f 1396//3088 1398//3088 2889//3088
f 1396//3088 2889//3088 2892//3088
f 1398//3088 1400//3088 2890//3088
f 1398//3088 2890//3088 2889//3088
f 1400//3088 1402//3088 2893//3088
f 1400//3088 2893//3088 2890//3088
f 1402//3088 1404//3088 2901//3088
f 1402//3088 2901//3088 2899//3088
f 1404//3088 1406//3088 2952//3088
f 1404//3088 2952//3088 2954//3088
f 1406//3088 1408//3088 2964//3088
f 1406//3088 2964//3088 2950//3088
f 1408//3088 1410//3088 2961//3088
f 1408//3088 2961//3088 2964//3088
f 1410//3088 1412//3088 2962//3088
f 1410//3088 2962//3088 2961//3088
f 1412//3088 1414//3088 2967//3088
f 1412//3088 2967//3088 2965//3088
f 1414//3088 1416//3088 2975//3088
f 1414//3088 2975//3088 2973//3088
f 1416//3088 1418//3088 3021//3088
f 1416//3088 3021//3088 3024//3088
f 1418//3088 1420//3088 3036//3088
f 1418//3088 3036//3088 3022//3088
f 1420//3088 1422//3088 3033//3088
f 1420//3088 3033//3088 3036//3088
f 1422//3088 1424//3088 3034//3088
f 1422//3088 3034//3088 3033//3088
f 1424//3088 1426//3088 3041//3088
f 1424//3088 3041//3088 3039//3088
f 1426//3088 1428//3088 3100//3088
f 1426//3088 3100//3088 3102//3088
f 1428//3088 1430//3088 3094//3088
f 1428//3088 3094//3088 3093//3088
f 1430//3088 1432//3088 3108//3088
f 1430//3088 3108//3088 3094//3088
f 1432//3088 1434//3088 3105//3088
f 1432//3088 3105//3088 3108//3088
f 3105//3088 1434//3088 3106//3088
f 3106//3088 1434//3088 1436//3088
f 3106//3088 1436//3088 3109//3088
f 3109//3088 1436//3088 3111//3088
f 3111//3088 1436//3088 3113//3088
f 3113//3088 1436//3088 1438//3088
f 3113//3088 1438//3088 3115//3088
f 3115//3088 1438//3088 3117//3088
f 3117//3088 1438//3088 3174//3088
f 3117//3088 3174//3088 3161//3088
f 3117//3088 3161//3088 3119//3088
f 3119//3088 3161//3088 3153//3088
f 3119//3088 3153//3088 3121//3088
f 3121//3088 3153//3088 3123//3088
f 3121//3088 3123//3088 3130//3088
f 3130//3088 3123//3088 3128//3088
f 3128//3088 3123//3088 3126//3088
f 1438//3088 1440//3088 3170//3088
f 1438//3088 3170//3088 3172//3088
f 1442//3088 3166//3088 1440//3088
f 1440//3088 3166//3088 3165//3088
f 1440//3088 3165//3088 3168//3088
f 1442//3088 1444//3088 3180//3088
f 1442//3088 3180//3088 3166//3088
f 1444//3088 1446//3088 3178//3088
f 1444//3088 3178//3088 3177//3088
f 1446//3088 1448//3088 3181//3088
f 1446//3088 3181//3088 3178//3088
f 1448//3088 1450//3088 3189//3088
f 1448//3088 3189//3088 3187//3088
f 1450//3088 1452//3088 3242//3088
f 1450//3088 3242//3088 3244//3088
f 1454//3088 3238//3088 1452//3088
f 1452//3088 3238//3088 3237//3088
f 1452//3088 3237//3088 3240//3088
f 1454//3088 1456//3088 3249//3088
f 1454//3088 3249//3088 3252//3088
f 1456//3088 1458//3088 3250//3088
f 1456//3088 3250//3088 3249//3088
f 1458//3088 1460//3088 3255//3088
f 1458//3088 3255//3088 3253//3088
f 1460//3088 1462//3088 3263//3088
f 1460//3088 3263//3088 3261//3088
f 1462//3088 1464//3088 3312//3088
f 1462//3088 3312//3088 3314//3088
f 1464//3088 1466//3088 3324//3088
f 1464//3088 3324//3088 3310//3088
f 1466//3088 1468//3088 3321//3088
f 1466//3088 3321//3088 3324//3088
f 1468//3088 1470//3088 3322//3088
f 1468//3088 3322//3088 3321//3088
f 1470//3088 1472//3088 3329//3088
f 1470//3088 3329//3088 3327//3088
f 1472//3088 1474//3088 3390//3088
f 1472//3088 3390//3088 3377//3088
f 1474//3088 1476//3088 3381//3088
f 1474//3088 3381//3088 3384//3088
f 1476//3088 1478//3088 3396//3088
f 1476//3088 3396//3088 3382//3088
f 1478//3088 1480//3088 3393//3088
f 1478//3088 3393//3088 3396//3088
f 3393//3088 1480//3088 3394//3088
f 3394//3088 1480//3088 1482//3088
f 3394//3088 1482//3088 3397//3088
f 3397//3088 1482//3088 3399//3088
f 3399//3088 1482//3088 3401//3088
f 3401//3088 1482//3088 1484//3088
f 3401//3088 1484//3088 3403//3088
f 3403//3088 1484//3088 3405//3088
f 3405//3088 1484//3088 3462//3088
f 3405//3088 3462//3088 3449//3088
f 3405//3088 3449//3088 3407//3088
f 3407//3088 3449//3088 3441//3088
f 3407//3088 3441//3088 3409//3088
f 3409//3088 3441//3088 3411//3088
f 3409//3088 3411//3088 3418//3088
f 3418//3088 3411//3088 3416//3088
f 3416//3088 3411//3088 3414//3088
f 1484//3088 1486//3088 3460//3088
f 1484//3088 3460//3088 3462//3088
f 1486//3088 1488//3088 3454//3088
f 1486//3088 3454//3088 3453//3088
f 1488//3088 1490//3088 3468//3088
f 1488//3088 3468//3088 3454//3088
f 1490//3088 1492//3088 3466//3088
f 1490//3088 3466//3088 3465//3088
f 1492//3088 1494//3088 3469//3088
f 1492//3088 3469//3088 3466//3088
f 1494//3088 1496//3088 3477//3088
f 1494//3088 3477//3088 3475//3088
f 1496//3088 1498//3088 3530//3088
f 1496//3088 3530//3088 3532//3088
f 1500//3088 3526//3088 1498//3088
f 1498//3088 3526//3088 3525//3088
f 1498//3088 3525//3088 3528//3088
f 1500//3088 1502//3088 3537//3088
f 1500//3088 3537//3088 3540//3088
f 1502//3088 1504//3088 3538//3088
f 1502//3088 3538//3088 3537//3088
f 1662//3088 1661//3088 1200//3088
f 3814//3088 3816//3088 1198//3088
f 3818//3088 3820//3088 1196//3088
f 1196//3088 3820//3088 3809//3088
f 1196//3088 3809//3088 3767//3088
f 1196//3088 3767//3088 3765//3088
f 3809//3088 3801//3088 3769//3088
f 3809//3088 3769//3088 3767//3088
f 3804//3088 3808//3088 3801//3088
f 3801//3088 3808//3088 3799//3088
f 3801//3088 3799//3088 3771//3088
f 3801//3088 3771//3088 3774//3088
f 3801//3088 3774//3088 3769//3088
f 3769//3088 3774//3088 3776//3088
f 3804//3088 3806//3088 3808//3088
f 3799//3088 3781//3088 3798//3088
f 3799//3088 3798//3088 3779//3088
f 3784//3088 3786//3088 3781//3088
f 3781//3088 3786//3088 3788//3088
f 3781//3088 3788//3088 3790//3088
f 3790//3088 3792//3088 3781//3088
f 3781//3088 3792//3088 3794//3088
f 3781//3088 3794//3088 3796//3088
f 3796//3088 3798//3088 3781//3088
f 3779//3088 3771//3088 3799//3088
f 3776//3088 3778//3088 3769//3088
f 3763//3088 3761//3088 1195//3088
f 1195//3088 3761//3088 3759//3088
f 1195//3088 3759//3088 3757//3088
f 3757//3088 3754//3088 1195//3088
f 1195//3088 3754//3088 3753//3088
f 1195//3088 3753//3088 3756//3088
f 1195//3088 3756//3088 5027//3088
f 5027//3088 3756//3088 3742//3088
f 3744//3088 3746//3088 3687//3088
f 3744//3088 3687//3088 3685//3088
f 3746//3088 3748//3088 3689//3088
f 3746//3088 3689//3088 3687//3088
f 3748//3088 3750//3088 3691//3088
f 3748//3088 3691//3088 3689//3088
f 3750//3088 3737//3088 3697//3088
f 3750//3088 3697//3088 3695//3088
f 3737//3088 3729//3088 3699//3088
f 3737//3088 3699//3088 3702//3088
f 3737//3088 3702//3088 3697//3088
f 3697//3088 3702//3088 3704//3088
f 3732//3088 3734//3088 3729//3088
f 3729//3088 3734//3088 3736//3088
f 3729//3088 3736//3088 3727//3088
f 3729//3088 3727//3088 3699//3088
f 3699//3088 3727//3088 3707//3088
f 3707//3088 3727//3088 3709//3088
f 3707//3088 3709//3088 3726//3088
f 3726//3088 3709//3088 3724//3088
f 3724//3088 3709//3088 3722//3088
f 3722//3088 3709//3088 3720//3088
f 3720//3088 3709//3088 3718//3088
f 3718//3088 3709//3088 3716//3088
f 3716//3088 3709//3088 3714//3088
f 3714//3088 3709//3088 3712//3088
f 3704//3088 3706//3088 3697//3088
f 3695//3088 3693//3088 3750//3088
f 3750//3088 3693//3088 3691//3088
f 3669//3088 3672//3088 5015//3088
f 3660//3088 3662//3088 3657//3088
f 3657//3088 3662//3088 3664//3088
f 3657//3088 3664//3088 3655//3088
f 3657//3088 3655//3088 3627//3088
f 3627//3088 3655//3088 3635//3088
f 3635//3088 3655//3088 3637//3088
f 3635//3088 3637//3088 3654//3088
f 3654//3088 3637//3088 3652//3088
f 3652//3088 3637//3088 3650//3088
f 3650//3088 3637//3088 3648//3088
f 3648//3088 3637//3088 3646//3088
f 3646//3088 3637//3088 3644//3088
f 3644//3088 3637//3088 3642//3088
f 3642//3088 3637//3088 3640//3088
f 3630//3088 3632//3088 3625//3088
f 3625//3088 3632//3088 3634//3088
f 3600//3088 3602//3088 4993//3088
f 4993//3088 3602//3088 3604//3088
f 4993//3088 3604//3088 3547//3088
f 3547//3088 3604//3088 3606//3088
f 3547//3088 3606//3088 3549//3088
f 3549//3088 3606//3088 3593//3088
f 3549//3088 3593//3088 3551//3088
f 3551//3088 3593//3088 3585//3088
f 3551//3088 3585//3088 3553//3088
f 3553//3088 3585//3088 3555//3088
f 3553//3088 3555//3088 3558//3088
f 3588//3088 3590//3088 3585//3088
f 3585//3088 3590//3088 3592//3088
f 3585//3088 3592//3088 3583//3088
f 3585//3088 3583//3088 3555//3088
f 3555//3088 3583//3088 3565//3088
f 3555//3088 3565//3088 3563//3088
f 3563//3088 3565//3088 3582//3088
f 3582//3088 3565//3088 3580//3088
f 3580//3088 3565//3088 3578//3088
f 3578//3088 3565//3088 3576//3088
f 3576//3088 3565//3088 3574//3088
f 3574//3088 3565//3088 3572//3088
f 3572//3088 3565//3088 3570//3088
f 3570//3088 3565//3088 3568//3088
f 3558//3088 3560//3088 3553//3088
f 3553//3088 3560//3088 3562//3088
f 3545//3088 3543//3088 4992//3088
f 3541//3088 3538//3088 1504//3088
f 3540//3088 3526//3088 1500//3088
f 3528//3088 3530//3088 1498//3088
f 3532//3088 3534//3088 1496//3088
f 1496//3088 3534//3088 3521//3088
f 1496//3088 3521//3088 3479//3088
f 1496//3088 3479//3088 3477//3088
f 3521//3088 3513//3088 3481//3088
f 3521//3088 3481//3088 3479//3088
f 3516//3088 3518//3088 3513//3088
f 3513//3088 3518//3088 3520//3088
f 3513//3088 3520//3088 3511//3088
f 3513//3088 3511//3088 3483//3088
f 3483//3088 3511//3088 3493//3088
f 3493//3088 3496//3088 3491//3088
f 3493//3088 3491//3088 3483//3088
f 3496//3088 3498//3088 3491//3088
f 3491//3088 3498//3088 3500//3088
f 3491//3088 3500//3088 3502//3088
f 3502//3088 3504//3088 3491//3088
f 3491//3088 3504//3088 3506//3088
f 3491//3088 3506//3088 3508//3088
f 3508//3088 3510//3088 3491//3088
f 3483//3088 3486//3088 3481//3088
f 3483//3088 3481//3088 3513//3088
f 3488//3088 3490//3088 3486//3088
f 3486//3088 3490//3088 3481//3088
f 3475//3088 3473//3088 1494//3088
f 1494//3088 3473//3088 3471//3088
f 1494//3088 3471//3088 3469//3088
f 3465//3088 3468//3088 1490//3088
f 3453//3088 3456//3088 1486//3088
f 1486//3088 3456//3088 3458//3088
f 1486//3088 3458//3088 3460//3088
f 3444//3088 3446//3088 3441//3088
f 3441//3088 3446//3088 3448//3088
f 3441//3088 3448//3088 3439//3088
f 3441//3088 3439//3088 3411//3088
f 3411//3088 3439//3088 3421//3088
f 3421//3088 3424//3088 3419//3088
f 3421//3088 3419//3088 3411//3088
f 3424//3088 3426//3088 3419//3088
f 3419//3088 3426//3088 3428//3088
f 3419//3088 3428//3088 3430//3088
f 3430//3088 3432//3088 3419//3088
f 3419//3088 3432//3088 3434//3088
f 3419//3088 3434//3088 3436//3088
f 3436//3088 3438//3088 3419//3088
f 3382//3088 3381//3088 1476//3088
f 3384//3088 3386//3088 1474//3088
f 1474//3088 3386//3088 3388//3088
f 1474//3088 3388//3088 3390//3088
f 3377//3088 3369//3088 3337//3088
f 3377//3088 3337//3088 3335//3088
f 3372//3088 3374//3088 3369//3088
f 3369//3088 3374//3088 3376//3088
f 3369//3088 3376//3088 3367//3088
f 3369//3088 3367//3088 3339//3088
f 3339//3088 3367//3088 3349//3088
f 3349//3088 3352//3088 3347//3088
f 3349//3088 3347//3088 3339//3088
f 3352//3088 3354//3088 3347//3088
f 3347//3088 3354//3088 3356//3088
f 3347//3088 3356//3088 3358//3088
f 3358//3088 3360//3088 3347//3088
f 3347//3088 3360//3088 3362//3088
f 3347//3088 3362//3088 3364//3088
f 3364//3088 3366//3088 3347//3088
f 3342//3088 3344//3088 3339//3088
f 3339//3088 3344//3088 3346//3088
f 3339//3088 3346//3088 3337//3088
f 3339//3088 3337//3088 3369//3088
f 3335//3088 3333//3088 1472//3088
f 3335//3088 1472//3088 3377//3088
f 3333//3088 3331//3088 1472//3088
f 1472//3088 3331//3088 3329//3088
f 3327//3088 3325//3088 1470//3088
f 1470//3088 3325//3088 3322//3088
f 3310//3088 3309//3088 1464//3088
f 1464//3088 3309//3088 3312//3088
f 3314//3088 3316//3088 1462//3088
f 1462//3088 3316//3088 3318//3088
f 1462//3088 3318//3088 3305//3088
f 1462//3088 3305//3088 3263//3088
f 3263//3088 3305//3088 3297//3088
f 3263//3088 3297//3088 3265//3088
f 3265//3088 3297//3088 3267//3088
f 3265//3088 3267//3088 3274//3088
f 3274//3088 3267//3088 3272//3088
f 3272//3088 3267//3088 3270//3088
f 3300//3088 3302//3088 3297//3088
f 3297//3088 3302//3088 3304//3088
f 3297//3088 3304//3088 3295//3088
f 3297//3088 3295//3088 3267//3088
f 3267//3088 3295//3088 3277//3088
f 3277//3088 3280//3088 3275//3088
f 3277//3088 3275//3088 3267//3088
f 3280//3088 3282//3088 3275//3088
f 3275//3088 3282//3088 3284//3088
f 3275//3088 3284//3088 3286//3088
f 3286//3088 3288//3088 3275//3088
f 3275//3088 3288//3088 3290//3088
f 3275//3088 3290//3088 3294//3088
f 3294//3088 3290//3088 3292//3088
f 3261//3088 3259//3088 1460//3088
f 1460//3088 3259//3088 3257//3088
f 1460//3088 3257//3088 3255//3088
f 3253//3088 3250//3088 1458//3088
f 3252//3088 3238//3088 1454//3088
f 3240//3088 3242//3088 1452//3088
f 3244//3088 3246//3088 1450//3088
f 1450//3088 3246//3088 3233//3088
f 1450//3088 3233//3088 3191//3088
f 1450//3088 3191//3088 3189//3088
f 3233//3088 3225//3088 3193//3088
f 3233//3088 3193//3088 3191//3088
f 3225//3088 3228//3088 3223//3088
f 3225//3088 3223//3088 3195//3088
f 3195//3088 3223//3088 3205//3088
f 3228//3088 3230//3088 3223//3088
f 3223//3088 3230//3088 3232//3088
f 3205//3088 3208//3088 3203//3088
f 3205//3088 3203//3088 3195//3088
f 3208//3088 3210//3088 3203//3088
f 3203//3088 3210//3088 3212//3088
f 3203//3088 3212//3088 3214//3088
f 3203//3088 3214//3088 3222//3088
f 3222//3088 3214//3088 3216//3088
f 3222//3088 3216//3088 3220//3088
f 3220//3088 3216//3088 3218//3088
f 3198//3088 3200//3088 3195//3088
f 3195//3088 3200//3088 3202//3088
f 3195//3088 3202//3088 3193//3088
f 3195//3088 3193//3088 3225//3088
f 3187//3088 3185//3088 1448//3088
f 1448//3088 3185//3088 3183//3088
f 1448//3088 3183//3088 3181//3088
f 3177//3088 3180//3088 1444//3088
f 3168//3088 3170//3088 1440//3088
f 3172//3088 3174//3088 1438//3088
f 3153//3088 3156//3088 3151//3088
f 3153//3088 3151//3088 3123//3088
f 3123//3088 3151//3088 3133//3088
f 3156//3088 3158//3088 3151//3088
f 3151//3088 3158//3088 3160//3088
f 3133//3088 3136//3088 3131//3088
f 3133//3088 3131//3088 3123//3088
f 3136//3088 3138//3088 3150//3088
f 3136//3088 3150//3088 3131//3088
f 3138//3088 3140//3088 3150//3088
f 3150//3088 3140//3088 3148//3088
f 3148//3088 3140//3088 3142//3088
f 3148//3088 3142//3088 3146//3088
f 3146//3088 3142//3088 3144//3088
f 3093//3088 3096//3088 1428//3088
f 1428//3088 3096//3088 3098//3088
f 1428//3088 3098//3088 3100//3088
f 3102//3088 3089//3088 3047//3088
f 3102//3088 3047//3088 3045//3088
f 3102//3088 3045//3088 1426//3088
f 1426//3088 3045//3088 3043//3088
f 3089//3088 3081//3088 3049//3088
f 3089//3088 3049//3088 3047//3088
f 3081//3088 3084//3088 3079//3088
f 3081//3088 3079//3088 3051//3088
f 3051//3088 3079//3088 3059//3088
f 3059//3088 3079//3088 3061//3088
f 3059//3088 3061//3088 3078//3088
f 3078//3088 3061//3088 3064//3088
f 3078//3088 3064//3088 3076//3088
f 3076//3088 3064//3088 3074//3088
f 3074//3088 3064//3088 3066//3088
f 3074//3088 3066//3088 3072//3088
f 3072//3088 3066//3088 3068//3088
f 3072//3088 3068//3088 3070//3088
f 3084//3088 3086//3088 3079//3088
f 3079//3088 3086//3088 3088//3088
f 3054//3088 3056//3088 3051//3088
f 3051//3088 3056//3088 3058//3088
f 3051//3088 3058//3088 3049//3088
f 3051//3088 3049//3088 3081//3088
f 3043//3088 3041//3088 1426//3088
f 3039//3088 3037//3088 1424//3088
f 1424//3088 3037//3088 3034//3088
f 3022//3088 3021//3088 1418//3088
f 3024//3088 3026//3088 1416//3088
f 1416//3088 3026//3088 3028//3088
f 1416//3088 3028//3088 3030//3088
f 3030//3088 3017//3088 2975//3088
f 3030//3088 2975//3088 1416//3088
f 3017//3088 3009//3088 2977//3088
f 3017//3088 2977//3088 2975//3088
f 3009//3088 3012//3088 3007//3088
f 3009//3088 3007//3088 2979//3088
f 2979//3088 3007//3088 2987//3088
f 2987//3088 3007//3088 2989//3088
f 2987//3088 2989//3088 3006//3088
f 3006//3088 2989//3088 3004//3088
f 3004//3088 2989//3088 3002//3088
f 3002//3088 2989//3088 3000//3088
f 3000//3088 2989//3088 2992//3088
f 3000//3088 2992//3088 2998//3088
f 2998//3088 2992//3088 2994//3088
f 2998//3088 2994//3088 2996//3088
f 3012//3088 3014//3088 3007//3088
f 3007//3088 3014//3088 3016//3088
f 2982//3088 2984//3088 2979//3088
f 2979//3088 2984//3088 2986//3088
f 2979//3088 2986//3088 2977//3088
f 2979//3088 2977//3088 3009//3088
f 2973//3088 2971//3088 1414//3088
f 1414//3088 2971//3088 2969//3088
f 1414//3088 2969//3088 2967//3088
f 2965//3088 2962//3088 1412//3088
f 2950//3088 2949//3088 1406//3088
f 1406//3088 2949//3088 2952//3088
f 2954//3088 2956//3088 1404//3088
f 1404//3088 2956//3088 2958//3088
f 1404//3088 2958//3088 2945//3088
f 1404//3088 2945//3088 2903//3088
f 1404//3088 2903//3088 2901//3088
f 2945//3088 2937//3088 2905//3088
f 2945//3088 2905//3088 2903//3088
f 2937//3088 2940//3088 2935//3088
f 2937//3088 2935//3088 2907//3088
f 2937//3088 2907//3088 2905//3088
f 2905//3088 2907//3088 2910//3088
f 2940//3088 2942//3088 2935//3088
f 2935//3088 2942//3088 2944//3088
f 2935//3088 2917//3088 2934//3088
f 2935//3088 2934//3088 2915//3088
f 2920//3088 2922//3088 2917//3088
f 2917//3088 2922//3088 2924//3088
f 2917//3088 2924//3088 2926//3088
f 2926//3088 2928//3088 2917//3088
f 2917//3088 2928//3088 2930//3088
f 2917//3088 2930//3088 2932//3088
f 2932//3088 2934//3088 2917//3088
f 2915//3088 2907//3088 2935//3088
f 2910//3088 2912//3088 2905//3088
f 2905//3088 2912//3088 2914//3088
f 2899//3088 2897//3088 1402//3088
f 1402//3088 2897//3088 2895//3088
f 1402//3088 2895//3088 2893//3088
f 2892//3088 2878//3088 1396//3088
f 2880//3088 2882//3088 1394//3088
f 2884//3088 2886//3088 1392//3088
f 2868//3088 2870//3088 2863//3088
f 2863//3088 2870//3088 2872//3088
f 2835//3088 2838//3088 2833//3088
f 2833//3088 2838//3088 2840//3088
f 2833//3088 2840//3088 2842//3088
f 2817//3088 2820//3088 1386//3088
f 2805//3088 2808//3088 1382//3088
f 1382//3088 2808//3088 2810//3088
f 1382//3088 2810//3088 2812//3088
f 2796//3088 2798//3088 2791//3088
f 2791//3088 2798//3088 2800//3088
f 2763//3088 2766//3088 2761//3088
f 2761//3088 2766//3088 2768//3088
f 2761//3088 2768//3088 2770//3088
f 2734//3088 2733//3088 1372//3088
f 2736//3088 2738//3088 1370//3088
f 1370//3088 2738//3088 2740//3088
f 1370//3088 2740//3088 2742//3088
f 2729//3088 2721//3088 2689//3088
f 2729//3088 2689//3088 2687//3088
f 2724//3088 2728//3088 2721//3088
f 2721//3088 2728//3088 2719//3088
f 2721//3088 2719//3088 2691//3088
f 2721//3088 2691//3088 2694//3088
f 2721//3088 2694//3088 2689//3088
f 2689//3088 2694//3088 2696//3088
f 2724//3088 2726//3088 2728//3088
f 2719//3088 2701//3088 2699//3088
f 2719//3088 2699//3088 2691//3088
f 2701//3088 2704//3088 2699//3088
f 2699//3088 2704//3088 2706//3088
f 2699//3088 2706//3088 2708//3088
f 2708//3088 2710//3088 2699//3088
f 2699//3088 2710//3088 2712//3088
f 2699//3088 2712//3088 2714//3088
f 2714//3088 2716//3088 2699//3088
f 2699//3088 2716//3088 2718//3088
f 2696//3088 2698//3088 2689//3088
f 2687//3088 2685//3088 1368//3088
f 2687//3088 1368//3088 2729//3088
f 2685//3088 2683//3088 1368//3088
f 1368//3088 2683//3088 2681//3088
f 2679//3088 2677//3088 1366//3088
f 1366//3088 2677//3088 2675//3088
f 2662//3088 2661//3088 1360//3088
f 1360//3088 2661//3088 2664//3088
f 2666//3088 2668//3088 1358//3088
f 1358//3088 2668//3088 2670//3088
f 1358//3088 2670//3088 2657//3088
f 1358//3088 2657//3088 2615//3088
f 2615//3088 2657//3088 2649//3088
f 2615//3088 2649//3088 2617//3088
f 2617//3088 2649//3088 2647//3088
f 2617//3088 2647//3088 2619//3088
f 2617//3088 2619//3088 2622//3088
f 2652//3088 2654//3088 2649//3088
f 2649//3088 2654//3088 2656//3088
f 2649//3088 2656//3088 2647//3088
f 2647//3088 2629//3088 2627//3088
f 2647//3088 2627//3088 2619//3088
f 2629//3088 2632//3088 2627//3088
f 2627//3088 2632//3088 2634//3088
f 2627//3088 2634//3088 2636//3088
f 2636//3088 2638//3088 2627//3088
f 2627//3088 2638//3088 2640//3088
f 2627//3088 2640//3088 2642//3088
f 2642//3088 2644//3088 2627//3088
f 2627//3088 2644//3088 2646//3088
f 2622//3088 2624//3088 2617//3088
f 2617//3088 2624//3088 2626//3088
f 2613//3088 2611//3088 1356//3088
f 1356//3088 2611//3088 2609//3088
f 1356//3088 2609//3088 2607//3088
f 2605//3088 2603//3088 1354//3088
f 2599//3088 2590//3088 1350//3088
f 2592//3088 2594//3088 1348//3088
f 2596//3088 2598//3088 1346//3088
f 1346//3088 2598//3088 2585//3088
f 1346//3088 2585//3088 2543//3088
f 1346//3088 2543//3088 2541//3088
f 2585//3088 2577//3088 2545//3088
f 2585//3088 2545//3088 2543//3088
f 2580//3088 2582//3088 2577//3088
f 2577//3088 2582//3088 2584//3088
f 2577//3088 2584//3088 2575//3088
f 2575//3088 2557//3088 2555//3088
f 2575//3088 2555//3088 2547//3088
f 2557//3088 2560//3088 2555//3088
f 2555//3088 2560//3088 2562//3088
f 2555//3088 2562//3088 2564//3088
f 2564//3088 2566//3088 2555//3088
f 2555//3088 2566//3088 2568//3088
f 2555//3088 2568//3088 2570//3088
f 2570//3088 2572//3088 2555//3088
f 2555//3088 2572//3088 2574//3088
f 2547//3088 2550//3088 2545//3088
f 2547//3088 2545//3088 2577//3088
f 2547//3088 2577//3088 2575//3088
f 2550//3088 2552//3088 2545//3088
f 2545//3088 2552//3088 2554//3088
f 2539//3088 2537//3088 1344//3088
f 1344//3088 2537//3088 2535//3088
f 1344//3088 2535//3088 2533//3088
f 2529//3088 2527//3088 1340//3088
f 2517//3088 2520//3088 1336//3088
f 1336//3088 2520//3088 2522//3088
f 1336//3088 2522//3088 2524//3088
f 2508//3088 2510//3088 2505//3088
f 2505//3088 2510//3088 2512//3088
f 2505//3088 2512//3088 2503//3088
f 2505//3088 2503//3088 2475//3088
f 2475//3088 2503//3088 2485//3088
f 2485//3088 2488//3088 2483//3088
f 2485//3088 2483//3088 2475//3088
f 2488//3088 2490//3088 2483//3088
f 2483//3088 2490//3088 2492//3088
f 2483//3088 2492//3088 2494//3088
f 2494//3088 2496//3088 2483//3088
f 2483//3088 2496//3088 2498//3088
f 2483//3088 2498//3088 2500//3088
f 2500//3088 2502//3088 2483//3088
f 2478//3088 2480//3088 2473//3088
f 2473//3088 2480//3088 2482//3088
f 2446//3088 2445//3088 1326//3088
f 2448//3088 2450//3088 1324//3088
f 1324//3088 2450//3088 2452//3088
f 2454//3088 2441//3088 2399//3088
f 2454//3088 2399//3088 2397//3088
f 2454//3088 2397//3088 1322//3088
f 1322//3088 2397//3088 2395//3088
f 2441//3088 2433//3088 2401//3088
f 2441//3088 2401//3088 2399//3088
f 2436//3088 2438//3088 2433//3088
f 2433//3088 2438//3088 2440//3088
f 2433//3088 2440//3088 2431//3088
f 2433//3088 2431//3088 2403//3088
f 2403//3088 2431//3088 2413//3088
f 2413//3088 2416//3088 2411//3088
f 2413//3088 2411//3088 2403//3088
f 2416//3088 2418//3088 2411//3088
f 2411//3088 2418//3088 2420//3088
f 2411//3088 2420//3088 2422//3088
f 2422//3088 2424//3088 2411//3088
f 2411//3088 2424//3088 2426//3088
f 2411//3088 2426//3088 2428//3088
f 2428//3088 2430//3088 2411//3088
f 2403//3088 2406//3088 2401//3088
f 2403//3088 2401//3088 2433//3088
f 2408//3088 2410//3088 2406//3088
f 2406//3088 2410//3088 2401//3088
f 2395//3088 2393//3088 1322//3088
f 2391//3088 2389//3088 1320//3088
f 1320//3088 2389//3088 2387//3088
f 2374//3088 2373//3088 1314//3088
f 2376//3088 2378//3088 1312//3088
f 1312//3088 2378//3088 2380//3088
f 1312//3088 2380//3088 2382//3088
f 2382//3088 2369//3088 2327//3088
f 2382//3088 2327//3088 1312//3088
f 2369//3088 2361//3088 2329//3088
f 2369//3088 2329//3088 2327//3088
f 2364//3088 2366//3088 2361//3088
f 2361//3088 2366//3088 2368//3088
f 2361//3088 2368//3088 2359//3088
f 2361//3088 2359//3088 2331//3088
f 2331//3088 2359//3088 2341//3088
f 2341//3088 2344//3088 2339//3088
f 2341//3088 2339//3088 2331//3088
f 2344//3088 2346//3088 2339//3088
f 2339//3088 2346//3088 2348//3088
f 2339//3088 2348//3088 2350//3088
f 2350//3088 2352//3088 2339//3088
f 2339//3088 2352//3088 2354//3088
f 2339//3088 2354//3088 2356//3088
f 2356//3088 2358//3088 2339//3088
f 2334//3088 2336//3088 2331//3088
f 2331//3088 2336//3088 2338//3088
f 2331//3088 2338//3088 2329//3088
f 2331//3088 2329//3088 2361//3088
f 2325//3088 2323//3088 1310//3088
f 1310//3088 2323//3088 2321//3088
f 1310//3088 2321//3088 2319//3088
f 2317//3088 2315//3088 1308//3088
f 2302//3088 2301//3088 1302//3088
f 1302//3088 2301//3088 2304//3088
f 2306//3088 2308//3088 1300//3088
f 1300//3088 2308//3088 2310//3088
f 1300//3088 2310//3088 2297//3088
f 1300//3088 2297//3088 2255//3088
f 1300//3088 2255//3088 2253//3088
f 2297//3088 2289//3088 2257//3088
f 2297//3088 2257//3088 2255//3088
f 2292//3088 2294//3088 2289//3088
f 2289//3088 2294//3088 2296//3088
f 2289//3088 2296//3088 2287//3088
f 2289//3088 2287//3088 2259//3088
f 2259//3088 2287//3088 2269//3088
f 2269//3088 2272//3088 2267//3088
f 2269//3088 2267//3088 2259//3088
f 2272//3088 2274//3088 2267//3088
f 2267//3088 2274//3088 2276//3088
f 2267//3088 2276//3088 2278//3088
f 2278//3088 2280//3088 2267//3088
f 2267//3088 2280//3088 2282//3088
f 2267//3088 2282//3088 2284//3088
f 2284//3088 2286//3088 2267//3088
f 2262//3088 2264//3088 2259//3088
f 2259//3088 2264//3088 2266//3088
f 2259//3088 2266//3088 2257//3088
f 2259//3088 2257//3088 2289//3088
f 2251//3088 2249//3088 1298//3088
f 1298//3088 2249//3088 2247//3088
f 1298//3088 2247//3088 2245//3088
f 2241//3088 2239//3088 1294//3088
f 2232//3088 2234//3088 1290//3088
f 2236//3088 2238//3088 1288//3088
f 2217//3088 2220//3088 2215//3088
f 2217//3088 2215//3088 2187//3088
f 2187//3088 2215//3088 2197//3088
f 2220//3088 2222//3088 2215//3088
f 2215//3088 2222//3088 2224//3088
f 2197//3088 2200//3088 2195//3088
f 2197//3088 2195//3088 2187//3088
f 2200//3088 2202//3088 2195//3088
f 2195//3088 2202//3088 2204//3088
f 2195//3088 2204//3088 2206//3088
f 2206//3088 2208//3088 2195//3088
f 2195//3088 2208//3088 2210//3088
f 2195//3088 2210//3088 2214//3088
f 2214//3088 2210//3088 2212//3088
f 2169//3088 2167//3088 1282//3088
f 2157//3088 2160//3088 1278//3088
f 1278//3088 2160//3088 2162//3088
f 1278//3088 2162//3088 2164//3088
f 2166//3088 2153//3088 2111//3088
f 2166//3088 2111//3088 2109//3088
f 2166//3088 2109//3088 1276//3088
f 1276//3088 2109//3088 2107//3088
f 2153//3088 2145//3088 2113//3088
f 2153//3088 2113//3088 2111//3088
f 2145//3088 2148//3088 2143//3088
f 2145//3088 2143//3088 2115//3088
f 2115//3088 2143//3088 2125//3088
f 2148//3088 2150//3088 2143//3088
f 2143//3088 2150//3088 2152//3088
f 2125//3088 2128//3088 2123//3088
f 2125//3088 2123//3088 2115//3088
f 2128//3088 2130//3088 2123//3088
f 2123//3088 2130//3088 2132//3088
f 2123//3088 2132//3088 2134//3088
f 2123//3088 2134//3088 2142//3088
f 2142//3088 2134//3088 2136//3088
f 2142//3088 2136//3088 2140//3088
f 2140//3088 2136//3088 2138//3088
f 2118//3088 2120//3088 2115//3088
f 2115//3088 2120//3088 2122//3088
f 2115//3088 2122//3088 2113//3088
f 2115//3088 2113//3088 2145//3088
f 2107//3088 2105//3088 1276//3088
f 2103//3088 2101//3088 1274//3088
f 1274//3088 2101//3088 2099//3088
f 2086//3088 2085//3088 1268//3088
f 2088//3088 2090//3088 1266//3088
f 1266//3088 2090//3088 2092//3088
f 1266//3088 2092//3088 2094//3088
f 2081//3088 2073//3088 2041//3088
f 2081//3088 2041//3088 2039//3088
f 2073//3088 2076//3088 2071//3088
f 2073//3088 2071//3088 2043//3088
f 2043//3088 2071//3088 2053//3088
f 2076//3088 2078//3088 2071//3088
f 2071//3088 2078//3088 2080//3088
f 2053//3088 2056//3088 2051//3088
f 2053//3088 2051//3088 2043//3088
f 2056//3088 2058//3088 2070//3088
f 2056//3088 2070//3088 2051//3088
f 2058//3088 2060//3088 2070//3088
f 2070//3088 2060//3088 2068//3088
f 2068//3088 2060//3088 2062//3088
f 2068//3088 2062//3088 2066//3088
f 2066//3088 2062//3088 2064//3088
f 2046//3088 2048//3088 2043//3088
f 2043//3088 2048//3088 2050//3088
f 2043//3088 2050//3088 2041//3088
f 2043//3088 2041//3088 2073//3088
f 2039//3088 2037//3088 1264//3088
f 2039//3088 1264//3088 2081//3088
f 2037//3088 2035//3088 1264//3088
f 1264//3088 2035//3088 2033//3088
f 2031//3088 2029//3088 1262//3088
f 1262//3088 2029//3088 2027//3088
f 2014//3088 2013//3088 1256//3088
f 1256//3088 2013//3088 2016//3088
f 2018//3088 2020//3088 1254//3088
f 1254//3088 2020//3088 2022//3088
f 1254//3088 2022//3088 2009//3088
f 1254//3088 2009//3088 1967//3088
f 1254//3088 1967//3088 1965//3088
f 2009//3088 2001//3088 1969//3088
f 2009//3088 1969//3088 1967//3088
f 2001//3088 2004//3088 1999//3088
f 2001//3088 1999//3088 1971//3088
f 1971//3088 1999//3088 1979//3088
f 1979//3088 1999//3088 1981//3088
f 1979//3088 1981//3088 1998//3088
f 1998//3088 1981//3088 1984//3088
f 1998//3088 1984//3088 1996//3088
f 1996//3088 1984//3088 1994//3088
f 1994//3088 1984//3088 1986//3088
f 1994//3088 1986//3088 1992//3088
f 1992//3088 1986//3088 1988//3088
f 1992//3088 1988//3088 1990//3088
f 2004//3088 2006//3088 1999//3088
f 1999//3088 2006//3088 2008//3088
f 1974//3088 1976//3088 1971//3088
f 1971//3088 1976//3088 1978//3088
f 1971//3088 1978//3088 1969//3088
f 1971//3088 1969//3088 2001//3088
f 1963//3088 1961//3088 1252//3088
f 1252//3088 1961//3088 1959//3088
f 1957//3088 1955//3088 1250//3088
f 1951//3088 1942//3088 1246//3088
f 1944//3088 1946//3088 1244//3088
f 1948//3088 1950//3088 1242//3088
f 1242//3088 1950//3088 1937//3088
f 1242//3088 1937//3088 1895//3088
f 1242//3088 1895//3088 1893//3088
f 1937//3088 1929//3088 1897//3088
f 1937//3088 1897//3088 1895//3088
f 1929//3088 1932//3088 1927//3088
f 1929//3088 1927//3088 1899//3088
f 1899//3088 1927//3088 1907//3088
f 1907//3088 1927//3088 1909//3088
f 1907//3088 1909//3088 1926//3088
f 1926//3088 1909//3088 1924//3088
f 1924//3088 1909//3088 1922//3088
f 1922//3088 1909//3088 1920//3088
f 1920//3088 1909//3088 1912//3088
f 1920//3088 1912//3088 1918//3088
f 1918//3088 1912//3088 1914//3088
f 1918//3088 1914//3088 1916//3088
f 1932//3088 1934//3088 1927//3088
f 1927//3088 1934//3088 1936//3088
f 1902//3088 1904//3088 1899//3088
f 1899//3088 1904//3088 1906//3088
f 1899//3088 1906//3088 1897//3088
f 1899//3088 1897//3088 1929//3088
f 1891//3088 1889//3088 1240//3088
f 1240//3088 1889//3088 1887//3088
f 1240//3088 1887//3088 1885//3088
f 1881//3088 1879//3088 1236//3088
f 1869//3088 1872//3088 1232//3088
f 1232//3088 1872//3088 1874//3088
f 1232//3088 1874//3088 1876//3088
f 1857//3088 1860//3088 1855//3088
f 1857//3088 1855//3088 1827//3088
f 1827//3088 1855//3088 1835//3088
f 1835//3088 1855//3088 1837//3088
f 1835//3088 1837//3088 1854//3088
f 1854//3088 1837//3088 1852//3088
f 1852//3088 1837//3088 1850//3088
f 1850//3088 1837//3088 1848//3088
f 1848//3088 1837//3088 1846//3088
f 1846//3088 1837//3088 1844//3088
f 1844//3088 1837//3088 1842//3088
f 1842//3088 1837//3088 1840//3088
f 1860//3088 1862//3088 1855//3088
f 1855//3088 1862//3088 1864//3088
f 1798//3088 1797//3088 1222//3088
f 1800//3088 1802//3088 1220//3088
f 1220//3088 1802//3088 1804//3088
f 1806//3088 1793//3088 1751//3088
f 1806//3088 1751//3088 1749//3088
f 1806//3088 1749//3088 1218//3088
f 1218//3088 1749//3088 1747//3088
f 1793//3088 1785//3088 1753//3088
f 1793//3088 1753//3088 1751//3088
f 1785//3088 1788//3088 1783//3088
f 1785//3088 1783//3088 1755//3088
f 1785//3088 1755//3088 1753//3088
f 1753//3088 1755//3088 1758//3088
f 1788//3088 1790//3088 1783//3088
f 1783//3088 1790//3088 1792//3088
f 1783//3088 1765//3088 1782//3088
f 1783//3088 1782//3088 1763//3088
f 1768//3088 1770//3088 1765//3088
f 1765//3088 1770//3088 1772//3088
f 1765//3088 1772//3088 1774//3088
f 1774//3088 1776//3088 1765//3088
f 1765//3088 1776//3088 1778//3088
f 1765//3088 1778//3088 1780//3088
f 1780//3088 1782//3088 1765//3088
f 1763//3088 1755//3088 1783//3088
f 1758//3088 1760//3088 1753//3088
f 1753//3088 1760//3088 1762//3088
f 1747//3088 1745//3088 1218//3088
f 1743//3088 1741//3088 1216//3088
f 1216//3088 1741//3088 1739//3088
f 1726//3088 1725//3088 1210//3088
f 1210//3088 1725//3088 1728//3088
f 1730//3088 1732//3088 1208//3088
f 1208//3088 1732//3088 1734//3088
f 1208//3088 1734//3088 1721//3088
f 1208//3088 1721//3088 1679//3088
f 1679//3088 1721//3088 1713//3088
f 1679//3088 1713//3088 1681//3088
f 1681//3088 1713//3088 1716//3088
f 1681//3088 1716//3088 1711//3088
f 1681//3088 1711//3088 1683//3088
f 1683//3088 1711//3088 1691//3088
f 1691//3088 1711//3088 1693//3088
f 1691//3088 1693//3088 1710//3088
f 1710//3088 1693//3088 1708//3088
f 1708//3088 1693//3088 1706//3088
f 1706//3088 1693//3088 1704//3088
f 1704//3088 1693//3088 1702//3088
f 1702//3088 1693//3088 1700//3088
f 1700//3088 1693//3088 1698//3088
f 1698//3088 1693//3088 1696//3088
f 1716//3088 1718//3088 1711//3088
f 1711//3088 1718//3088 1720//3088
f 1683//3088 1686//3088 1681//3088
f 1681//3088 1686//3088 1688//3088
f 1681//3088 1688//3088 1690//3088
f 1677//3088 1675//3088 1206//3088
f 1206//3088 1675//3088 1673//3088
f 1206//3088 1673//3088 1671//3088
f 1669//3088 1667//3088 1204//3088
f 4992//3089 4991//3089 5053//3089
f 5053//3089 4991//3089 5054//3089
f 5053//3089 5054//3089 5055//3089
f 5055//3090 5056//3090 5057//3090
f 5055//3091 5057//3091 5053//3091
f 5053//3092 5057//3092 4993//3092
f 5053//3093 4993//3093 4992//3093
f 5056//3094 5058//3094 5059//3094
f 5056//3094 5059//3094 5057//3094
f 5057//3095 5059//3095 4994//3095
f 5057//3095 4994//3095 4993//3095
f 5058//3096 5060//3096 5061//3096
f 5058//3096 5061//3096 5059//3096
f 5059//3097 5061//3097 4995//3097
f 5059//3097 4995//3097 4994//3097
f 5060//3098 5062//3098 5063//3098
f 5060//3099 5063//3099 5061//3099
f 5061//3100 5063//3100 4996//3100
f 5061//3101 4996//3101 4995//3101
f 5062//3102 5064//3102 5065//3102
f 5062//3103 5065//3103 5063//3103
f 5063//3104 5065//3104 4997//3104
f 5063//3105 4997//3105 4996//3105
f 5064//3106 5066//3106 5067//3106
f 5064//3107 5067//3107 5065//3107
f 5065//3108 5067//3108 4998//3108
f 5065//3109 4998//3109 4997//3109
f 5066//3110 5068//3110 5067//3110
f 5067//3110 5068//3110 5001//3110
f 5067//3110 5001//3110 4998//3110
f 5069//3111 5051//3111 5048//3111
f 5069//3112 5048//3112 5070//3112
f 5070//3113 5048//3113 5046//3113
f 5070//3114 5046//3114 5071//3114
f 5071//3115 5046//3115 5044//3115
f 5071//3116 5044//3116 5072//3116
f 5072//3117 5044//3117 5043//3117
f 5072//3118 5043//3118 5073//3118
f 5073//3119 5043//3119 5042//3119
f 5073//3120 5042//3120 5074//3120
f 5074//3121 5042//3121 5040//3121
f 5074//3122 5040//3122 5075//3122
f 5075//3123 5040//3123 5039//3123
f 5075//3124 5039//3124 5076//3124
f 5076//3125 5039//3125 5038//3125
f 5076//3126 5038//3126 5077//3126
f 4999//3127 5001//3127 5078//3127
f 5078//3127 5001//3127 5068//3127
f 5078//3127 5068//3127 5079//3127
f 5079//3128 5080//3128 5081//3128
f 5079//3128 5081//3128 5078//3128
f 5078//3128 5081//3128 5000//3128
f 5078//3128 5000//3128 4999//3128
f 5080//3129 5082//3129 5083//3129
f 5080//3129 5083//3129 5081//3129
f 5081//3129 5083//3129 5002//3129
f 5081//3129 5002//3129 5000//3129
f 5082//3130 5084//3130 5085//3130
f 5082//3130 5085//3130 5083//3130
f 5083//3130 5085//3130 5003//3130
f 5083//3130 5003//3130 5002//3130
f 5084//3131 5086//3131 5087//3131
f 5084//3131 5087//3131 5085//3131
f 5085//3131 5087//3131 5004//3131
f 5085//3131 5004//3131 5003//3131
f 5086//3132 5088//3132 5089//3132
f 5086//3132 5089//3132 5087//3132
f 5087//3132 5089//3132 5005//3132
f 5087//3132 5005//3132 5004//3132
f 5088//3133 5090//3133 5091//3133
f 5088//3133 5091//3133 5089//3133
f 5089//3133 5091//3133 5006//3133
f 5089//3133 5006//3133 5005//3133
f 5090//3134 5092//3134 5093//3134
f 5090//3134 5093//3134 5091//3134
f 5091//3134 5093//3134 5007//3134
f 5091//3134 5007//3134 5006//3134
f 5092//3135 5094//3135 5095//3135
f 5092//3135 5095//3135 5093//3135
f 5093//3135 5095//3135 5008//3135
f 5093//3135 5008//3135 5007//3135
f 5094//3136 5096//3136 5097//3136
f 5094//3136 5097//3136 5095//3136
f 5095//3136 5097//3136 5009//3136
f 5095//3136 5009//3136 5008//3136
f 5096//3137 5098//3137 5099//3137
f 5096//3137 5099//3137 5097//3137
f 5097//3137 5099//3137 5010//3137
f 5097//3137 5010//3137 5009//3137
f 5098//3138 5100//3138 5101//3138
f 5098//3138 5101//3138 5099//3138
f 5099//3138 5101//3138 5011//3138
f 5099//3138 5011//3138 5010//3138
f 5100//3139 5102//3139 5103//3139
f 5100//3139 5103//3139 5101//3139
f 5101//3139 5103//3139 5012//3139
f 5101//3139 5012//3139 5011//3139
f 5102//3140 5104//3140 5105//3140
f 5102//3140 5105//3140 5103//3140
f 5103//3140 5105//3140 5013//3140
f 5103//3140 5013//3140 5012//3140
f 5104//3141 5106//3141 5107//3141
f 5104//3141 5107//3141 5105//3141
f 5105//3141 5107//3141 5014//3141
f 5105//3141 5014//3141 5013//3141
f 5106//3142 5108//3142 5109//3142
f 5106//3142 5109//3142 5107//3142
f 5107//3142 5109//3142 5015//3142
f 5107//3142 5015//3142 5014//3142
f 5108//3143 5110//3143 5111//3143
f 5108//3143 5111//3143 5109//3143
f 5109//3143 5111//3143 5016//3143
f 5109//3143 5016//3143 5015//3143
f 5110//3144 5112//3144 5113//3144
f 5110//3144 5113//3144 5111//3144
f 5111//3144 5113//3144 5017//3144
f 5111//3144 5017//3144 5016//3144
f 5112//3145 5114//3145 5115//3145
f 5112//3145 5115//3145 5113//3145
f 5113//3145 5115//3145 5018//3145
f 5113//3145 5018//3145 5017//3145
f 5114//3146 5116//3146 5117//3146
f 5114//3146 5117//3146 5115//3146
f 5115//3146 5117//3146 5019//3146
f 5115//3146 5019//3146 5018//3146
f 5116//3147 5118//3147 5119//3147
f 5116//3147 5119//3147 5117//3147
f 5117//3147 5119//3147 5020//3147
f 5117//3147 5020//3147 5019//3147
f 5118//3148 5120//3148 5121//3148
f 5118//3148 5121//3148 5119//3148
f 5119//3148 5121//3148 5021//3148
f 5119//3148 5021//3148 5020//3148
f 5120//3149 5122//3149 5123//3149
f 5120//3149 5123//3149 5121//3149
f 5121//3149 5123//3149 5022//3149
f 5121//3149 5022//3149 5021//3149
f 5122//3150 5124//3150 5125//3150
f 5122//3150 5125//3150 5123//3150
f 5123//3150 5125//3150 5023//3150
f 5123//3150 5023//3150 5022//3150
f 5124//3151 5126//3151 5127//3151
f 5124//3151 5127//3151 5125//3151
f 5125//3151 5127//3151 5024//3151
f 5125//3151 5024//3151 5023//3151
f 5126//3152 5128//3152 5129//3152
f 5126//3152 5129//3152 5127//3152
f 5127//3152 5129//3152 5025//3152
f 5127//3152 5025//3152 5024//3152
f 5128//3153 5130//3153 5131//3153
f 5128//3153 5131//3153 5129//3153
f 5129//3153 5131//3153 5026//3153
f 5129//3153 5026//3153 5025//3153
f 5130//3154 5132//3154 5133//3154
f 5130//3154 5133//3154 5131//3154
f 5131//3154 5133//3154 5027//3154
f 5131//3154 5027//3154 5026//3154
f 5132//3155 5134//3155 5135//3155
f 5132//3155 5135//3155 5133//3155
f 5133//3155 5135//3155 5028//3155
f 5133//3155 5028//3155 5027//3155
f 5134//3156 5136//3156 5137//3156
f 5134//3156 5137//3156 5135//3156
f 5135//3156 5137//3156 5030//3156
f 5135//3156 5030//3156 5028//3156
f 5136//3157 5138//3157 5139//3157
f 5136//3157 5139//3157 5137//3157
f 5137//3157 5139//3157 5031//3157
f 5137//3157 5031//3157 5030//3157
f 5138//3158 5140//3158 5141//3158
f 5138//3158 5141//3158 5139//3158
f 5139//3158 5141//3158 5032//3158
f 5139//3158 5032//3158 5031//3158
f 5140//3159 5142//3159 5143//3159
f 5140//3159 5143//3159 5141//3159
f 5141//3159 5143//3159 5033//3159
f 5141//3159 5033//3159 5032//3159
f 5142//3160 5144//3160 5145//3160
f 5142//3160 5145//3160 5143//3160
f 5143//3160 5145//3160 5035//3160
f 5143//3160 5035//3160 5033//3160
f 5144//3161 5077//3161 5145//3161
f 5145//3161 5077//3161 5038//3161
f 5145//3161 5038//3161 5035//3161
f 5054//3088 5146//3088 5058//3088
f 5054//3088 5058//3088 5056//3088
f 5146//3088 5147//3088 5058//3088
f 5058//3088 5147//3088 5148//3088
f 5058//3088 5148//3088 5069//3088
f 5058//3088 5069//3088 5070//3088
f 5058//3088 5070//3088 5060//3088
f 5060//3088 5070//3088 5071//3088
f 5060//3088 5071//3088 5062//3088
f 5062//3088 5071//3088 5072//3088
f 5062//3088 5072//3088 5064//3088
f 5064//3088 5072//3088 5073//3088
f 5064//3088 5073//3088 5066//3088
f 5066//3088 5073//3088 5068//3088
f 5068//3088 5073//3088 5079//3088
f 5079//3088 5073//3088 5080//3088
f 5080//3088 5073//3088 5082//3088
f 5082//3088 5073//3088 5074//3088
f 5082//3088 5074//3088 5084//3088
f 5084//3088 5074//3088 5086//3088
f 5086//3088 5074//3088 5075//3088
f 5086//3088 5075//3088 5088//3088
f 5088//3088 5075//3088 5076//3088
f 5088//3088 5076//3088 5126//3088
f 5088//3088 5126//3088 5124//3088
f 5077//3088 5132//3088 5076//3088
f 5076//3088 5132//3088 5130//3088
f 5076//3088 5130//3088 5128//3088
f 5144//3088 5142//3088 5077//3088
f 5077//3088 5142//3088 5140//3088
f 5077//3088 5140//3088 5138//3088
f 5138//3088 5136//3088 5077//3088
f 5077//3088 5136//3088 5134//3088
f 5077//3088 5134//3088 5132//3088
f 5128//3088 5126//3088 5076//3088
f 5124//3088 5122//3088 5088//3088
f 5088//3088 5122//3088 5120//3088
f 5088//3088 5120//3088 5118//3088
f 5118//3088 5116//3088 5088//3088
f 5088//3088 5116//3088 5114//3088
f 5088//3088 5114//3088 5112//3088
f 5112//3088 5110//3088 5088//3088
f 5088//3088 5110//3088 5108//3088
f 5088//3088 5108//3088 5106//3088
f 5088//3088 5106//3088 5090//3088
f 5090//3088 5106//3088 5092//3088
f 5092//3088 5106//3088 5104//3088
f 5092//3088 5104//3088 5094//3088
f 5094//3088 5104//3088 5102//3088
f 5094//3088 5102//3088 5096//3088
f 5096//3088 5102//3088 5100//3088
f 5096//3088 5100//3088 5098//3088
f 5056//3088 5055//3088 5054//3088
f 1195//3162 5029//3162 1193//3162
f 1193//3163 5029//3163 5149//3163
f 1193//3163 5149//3163 1660//3163
f 5150//3088 5151//3088 5149//3088
f 5150//3088 5149//3088 5152//3088
f 5151//3088 5153//3088 5149//3088
f 5149//3088 5153//3088 5154//3088
f 5149//3088 5154//3088 5155//3088
f 5155//3088 5156//3088 5149//3088
f 5149//3088 5156//3088 5157//3088
f 5149//3088 5157//3088 5158//3088
f 5158//3088 5159//3088 5149//3088
f 5149//3088 5159//3088 5160//3088
f 5149//3088 5160//3088 5161//3088
f 5161//3088 5162//3088 5149//3088
f 5149//3088 5162//3088 5163//3088
f 5149//3088 5163//3088 5164//3088
f 5164//3088 5165//3088 5149//3088
f 5149//3088 5165//3088 5166//3088
f 5149//3088 5166//3088 5167//3088
f 5167//3088 5168//3088 5149//3088
f 5149//3088 5168//3088 1660//3088
f 1660//3088 5168//3088 1594//3088
f 1660//3088 1594//3088 1595//3088
f 1594//3088 5168//3088 1593//3088
f 1593//3088 5168//3088 5169//3088
f 1593//3088 5169//3088 1592//3088
f 1592//3088 5169//3088 1591//3088
f 1591//3088 5169//3088 5170//3088
f 1591//3088 5170//3088 1590//3088
f 1590//3088 5170//3088 5171//3088
f 1590//3088 5171//3088 5172//3088
f 5172//3088 5173//3088 1590//3088
f 1590//3088 5173//3088 5174//3088
f 1590//3088 5174//3088 5175//3088
f 5175//3088 5176//3088 1590//3088
f 1590//3088 5176//3088 5177//3088
f 1590//3088 5177//3088 5178//3088
f 5178//3088 5179//3088 1590//3088
f 1590//3088 5179//3088 5180//3088
f 1590//3088 5180//3088 5181//3088
f 5181//3088 5182//3088 1590//3088
f 1590//3088 5182//3088 5183//3088
f 1590//3088 5183//3088 5184//3088
f 5184//3088 5185//3088 1590//3088
f 1590//3088 5185//3088 5186//3088
f 1590//3088 5186//3088 5187//3088
f 1590//3088 5187//3088 1589//3088
f 1589//3088 5187//3088 1588//3088
f 1588//3088 5187//3088 5188//3088
f 1588//3088 5188//3088 1587//3088
f 1587//3088 5188//3088 1586//3088
f 1586//3088 5188//3088 5189//3088
f 1586//3088 5189//3088 1585//3088
f 1585//3088 5189//3088 1584//3088
f 1584//3088 5189//3088 1583//3088
f 1583//3088 5189//3088 5190//3088
f 1583//3088 5190//3088 1582//3088
f 1582//3088 5190//3088 1581//3088
f 1581//3088 5190//3088 5191//3088
f 1581//3088 5191//3088 1580//3088
f 1580//3088 5191//3088 1579//3088
f 1579//3088 5191//3088 5192//3088
f 1579//3088 5192//3088 1578//3088
f 1578//3088 5192//3088 5193//3088
f 5193//3088 5194//3088 1578//3088
f 1578//3088 5194//3088 5195//3088
f 1578//3088 5195//3088 5196//3088
f 5196//3088 5197//3088 1578//3088
f 1578//3088 5197//3088 5198//3088
f 1578//3088 5198//3088 5199//3088
f 5199//3088 5200//3088 1578//3088
f 1578//3088 5200//3088 5201//3088
f 1578//3088 5201//3088 5202//3088
f 5202//3088 5203//3088 1578//3088
f 1578//3088 5203//3088 5204//3088
f 1578//3088 5204//3088 5205//3088
f 5205//3088 5206//3088 1578//3088
f 1578//3088 5206//3088 5207//3088
f 1578//3088 5207//3088 5208//3088
f 1578//3088 5208//3088 1506//3088
f 1506//3088 5208//3088 5209//3088
f 1506//3088 5209//3088 5210//3088
f 5210//3088 5211//3088 1506//3088
f 1506//3088 5211//3088 5212//3088
f 1506//3088 5212//3088 5213//3088
f 5213//3088 5214//3088 1506//3088
f 1506//3088 5214//3088 5215//3088
f 1506//3088 5215//3088 5216//3088
f 5216//3088 5215//3088 5217//3088
f 5216//3088 5217//3088 5218//3088
f 5218//3088 5217//3088 5219//3088
f 5218//3088 5219//3088 5220//3088
f 5220//3088 5219//3088 5221//3088
f 5220//3088 5221//3088 5222//3088
f 5222//3088 5221//3088 5223//3088
f 5222//3088 5223//3088 5224//3088
f 5224//3088 5223//3088 5225//3088
f 5224//3088 5225//3088 5226//3088
f 5226//3088 5225//3088 5227//3088
f 5227//3088 5225//3088 5228//3088
f 5227//3088 5228//3088 5229//3088
f 5229//3088 5228//3088 5230//3088
f 5230//3088 5231//3088 5229//3088
f 5229//3088 5231//3088 5232//3088
f 5229//3088 5232//3088 5233//3088
f 5233//3088 5234//3088 5229//3088
f 5229//3088 5234//3088 5150//3088
f 5229//3088 5150//3088 5235//3088
f 5235//3088 5150//3088 5236//3088
f 5236//3088 5150//3088 5152//3088
f 1506//3088 1505//3088 1575//3088
f 1506//3088 1575//3088 1576//3088
f 1505//3088 1507//3088 1574//3088
f 1505//3088 1574//3088 1575//3088
f 1507//3088 1508//3088 1573//3088
f 1507//3088 1573//3088 1574//3088
f 1508//3088 1509//3088 1572//3088
f 1508//3088 1572//3088 1573//3088
f 1509//3088 1510//3088 1571//3088
f 1509//3088 1571//3088 1572//3088
f 1510//3088 1511//3088 1570//3088
f 1510//3088 1570//3088 1571//3088
f 1511//3088 1512//3088 1569//3088
f 1511//3088 1569//3088 1570//3088
f 1512//3088 1513//3088 1568//3088
f 1512//3088 1568//3088 1569//3088
f 1513//3088 1514//3088 1567//3088
f 1513//3088 1567//3088 1568//3088
f 1514//3088 1515//3088 1566//3088
f 1514//3088 1566//3088 1567//3088
f 1515//3088 1516//3088 1565//3088
f 1515//3088 1565//3088 1566//3088
f 1516//3088 1517//3088 1564//3088
f 1516//3088 1564//3088 1565//3088
f 1517//3088 1518//3088 1563//3088
f 1517//3088 1563//3088 1564//3088
f 1518//3088 1519//3088 1562//3088
f 1518//3088 1562//3088 1563//3088
f 1519//3088 1520//3088 1561//3088
f 1519//3088 1561//3088 1562//3088
f 1520//3088 1521//3088 1560//3088
f 1520//3088 1560//3088 1561//3088
f 1521//3088 1522//3088 1559//3088
f 1521//3088 1559//3088 1560//3088
f 1522//3088 1523//3088 1558//3088
f 1522//3088 1558//3088 1559//3088
f 1523//3088 1524//3088 1557//3088
f 1523//3088 1557//3088 1558//3088
f 1524//3088 1525//3088 1557//3088
f 1557//3088 1525//3088 1556//3088
f 1556//3088 1525//3088 1526//3088
f 1556//3088 1526//3088 1555//3088
f 1555//3088 1526//3088 1527//3088
f 1555//3088 1527//3088 1554//3088
f 1554//3088 1527//3088 1528//3088
f 1554//3088 1528//3088 1553//3088
f 1553//3088 1528//3088 1529//3088
f 1553//3088 1529//3088 1552//3088
f 1552//3088 1529//3088 1530//3088
f 1552//3088 1530//3088 1551//3088
f 1551//3088 1530//3088 1531//3088
f 1551//3088 1531//3088 1550//3088
f 1550//3088 1531//3088 1532//3088
f 1550//3088 1532//3088 1549//3088
f 1549//3088 1532//3088 1533//3088
f 1549//3088 1533//3088 1548//3088
f 1548//3088 1533//3088 1534//3088
f 1548//3088 1534//3088 1547//3088
f 1547//3088 1534//3088 1535//3088
f 1547//3088 1535//3088 1546//3088
f 1546//3088 1535//3088 1536//3088
f 1546//3088 1536//3088 1545//3088
f 1545//3088 1536//3088 1537//3088
f 1545//3088 1537//3088 1544//3088
f 1544//3088 1537//3088 1538//3088
f 1544//3088 1538//3088 1543//3088
f 1543//3088 1538//3088 1539//3088
f 1543//3088 1539//3088 1542//3088
f 1542//3088 1539//3088 1540//3088
f 1542//3088 1540//3088 1541//3088
f 1576//3088 1577//3088 1506//3088
f 1506//3088 1577//3088 1578//3088
f 1595//3088 1596//3088 1659//3088
f 1595//3088 1659//3088 1660//3088
f 1596//3088 1597//3088 1658//3088
f 1596//3088 1658//3088 1659//3088
f 1597//3088 1598//3088 1658//3088
f 1658//3088 1598//3088 1599//3088
f 1658//3088 1599//3088 1600//3088
f 1600//3088 1601//3088 1658//3088
f 1658//3088 1601//3088 1602//3088
f 1658//3088 1602//3088 1657//3088
f 1657//3088 1602//3088 1603//3088
f 1603//3088 1604//3088 1657//3088
f 1657//3088 1604//3088 1605//3088
f 1657//3088 1605//3088 1606//3088
f 1606//3088 1607//3088 1657//3088
f 1657//3088 1607//3088 1608//3088
f 1657//3088 1608//3088 1609//3088
f 1609//3088 1610//3088 1657//3088
f 1657//3088 1610//3088 1611//3088
f 1657//3088 1611//3088 1612//3088
f 1612//3088 1613//3088 1657//3088
f 1657//3088 1613//3088 1614//3088
f 1657//3088 1614//3088 1615//3088
f 1615//3088 1616//3088 1657//3088
f 1657//3088 1616//3088 1617//3088
f 1657//3088 1617//3088 1618//3088
f 1618//3088 1619//3088 1657//3088
f 1657//3088 1619//3088 1620//3088
f 1657//3088 1620//3088 1621//3088
f 1621//3088 1622//3088 1657//3088
f 1657//3088 1622//3088 1623//3088
f 1657//3088 1623//3088 1624//3088
f 1624//3088 1625//3088 1657//3088
f 1657//3088 1625//3088 1626//3088
f 1657//3088 1626//3088 1627//3088
f 1627//3088 1628//3088 1657//3088
f 1657//3088 1628//3088 1629//3088
f 1657//3088 1629//3088 1630//3088
f 1630//3088 1631//3088 1657//3088
f 1657//3088 1631//3088 1632//3088
f 1657//3088 1632//3088 1633//3088
f 1633//3088 1634//3088 1657//3088
f 1657//3088 1634//3088 1635//3088
f 1657//3088 1635//3088 1636//3088
f 1636//3088 1637//3088 1657//3088
f 1657//3088 1637//3088 1638//3088
f 1657//3088 1638//3088 1639//3088
f 1639//3088 1640//3088 1657//3088
f 1657//3088 1640//3088 1641//3088
f 1657//3088 1641//3088 1642//3088
f 1642//3088 1643//3088 1657//3088
f 1657//3088 1643//3088 1644//3088
f 1657//3088 1644//3088 1645//3088
f 1645//3088 1646//3088 1657//3088
f 1657//3088 1646//3088 1647//3088
f 1657//3088 1647//3088 1648//3088
f 1648//3088 1649//3088 1657//3088
f 1657//3088 1649//3088 1650//3088
f 1657//3088 1650//3088 1651//3088
f 1651//3088 1652//3088 1657//3088
f 1657//3088 1652//3088 1653//3088
f 1657//3088 1653//3088 1654//3088
f 1654//3088 1655//3088 1657//3088
f 1657//3088 1655//3088 1656//3088
f 5054//3164 4991//3164 1503//3164
f 5054//3164 1503//3164 1506//3164
f 4991//3165 1504//3165 1503//3165
f 1506//3166 5216//3166 5054//3166
f 5054//3167 5216//3167 5146//3167
f 5148//3168 5218//3168 5069//3168
f 5069//3169 5218//3169 5220//3169
f 5069//3170 5220//3170 5237//3170
f 5237//3171 5220//3171 5222//3171
f 5237//3171 5222//3171 5238//3171
f 5238//3172 5222//3172 5224//3172
f 5238//3172 5224//3172 5239//3172
f 5239//3173 5224//3173 5226//3173
f 5239//3173 5226//3173 5240//3173
f 5240//3174 5226//3174 5227//3174
f 5240//3174 5227//3174 5241//3174
f 5241//3175 5227//3175 5229//3175
f 5148//3176 5147//3176 5218//3176
f 5218//3177 5147//3177 5146//3177
f 5218//3178 5146//3178 5216//3178
f 5229//3175 5041//3175 5241//3175
f 5241//3179 5041//3179 5045//3179
f 5241//3180 5045//3180 5047//3180
f 5241//3181 5047//3181 5240//3181
f 5240//3182 5047//3182 5052//3182
f 5240//3183 5052//3183 5239//3183
f 5239//3184 5052//3184 5050//3184
f 5239//3185 5050//3185 5238//3185
f 5238//3186 5050//3186 5049//3186
f 5049//3187 5051//3187 5237//3187
f 5049//3188 5237//3188 5238//3188
f 5051//3170 5069//3170 5237//3170
f 5036//3189 5041//3189 5229//3189
f 5036//3189 5229//3189 5235//3189
f 5149//3190 5029//3190 5034//3190
f 5149//3190 5034//3190 5152//3190
f 5152//3191 5034//3191 5037//3191
f 5152//3191 5037//3191 5236//3191
f 5236//3192 5037//3192 5036//3192
f 5236//3192 5036//3192 5235//3192
f 2462//3193 5242//3193 2460//3193
f 2460//3193 5242//3193 5243//3193
f 2460//3193 5243//3193 52//3193
f 52//3193 5243//3193 5244//3193
f 52//3193 5244//3193 53//3193
f 53//3194 5244//3194 5245//3194
f 53//3194 5245//3194 55//3194
f 55//3195 5245//3195 5246//3195
f 55//3195 5246//3195 57//3195
f 57//3196 5246//3196 5247//3196
f 57//3196 5247//3196 59//3196
f 59//3197 5247//3197 5248//3197
f 59//3197 5248//3197 61//3197
f 61//3198 5248//3198 63//3198
f 63//3198 5248//3198 5249//3198
f 63//3198 5249//3198 2472//3198
f 2472//3198 5249//3198 5250//3198
f 2472//3198 5250//3198 2470//3198
f 2470//3197 5250//3197 5251//3197
f 2470//3197 5251//3197 2468//3197
f 2468//3196 5251//3196 5252//3196
f 2468//3196 5252//3196 2466//3196
f 2466//3195 5252//3195 5253//3195
f 2466//3195 5253//3195 2464//3195
f 2464//3194 5253//3194 5242//3194
f 2464//3194 5242//3194 2462//3194
f 5245//3194 5244//3194 5243//3194
f 5245//3194 5243//3194 5254//3194
f 5254//3194 5243//3194 5242//3194
f 5254//3194 5242//3194 5253//3194
f 5254//3195 5253//3195 5252//3195
f 5254//3195 5252//3195 5255//3195
f 5255//3196 5252//3196 5251//3196
f 5255//3196 5251//3196 5256//3196
f 5256//3197 5251//3197 5250//3197
f 5256//3197 5250//3197 5249//3197
f 5245//3195 5254//3195 5255//3195
f 5245//3195 5255//3195 5246//3195
f 5246//3196 5255//3196 5256//3196
f 5246//3196 5256//3196 5247//3196
f 5247//3197 5256//3197 5249//3197
f 5247//3197 5249//3197 5248//3197
f 2501//3199 5257//3199 2484//3199
f 2484//3199 5257//3199 5258//3199
f 2484//3199 5258//3199 711//3199
f 711//3199 5258//3199 5259//3199
f 711//3199 5259//3199 714//3199
f 714//3200 5259//3200 5260//3200
f 714//3200 5260//3200 715//3200
f 715//3201 5260//3201 5261//3201
f 715//3201 5261//3201 716//3201
f 716//3202 5261//3202 5262//3202
f 716//3202 5262//3202 717//3202
f 717//3203 5262//3203 5263//3203
f 717//3203 5263//3203 718//3203
f 718//3204 5263//3204 5264//3204
f 718//3204 5264//3204 719//3204
f 719//3205 5264//3205 5265//3205
f 719//3205 5265//3205 720//3205
f 720//3206 5265//3206 5266//3206
f 720//3206 5266//3206 721//3206
f 721//3207 5266//3207 722//3207
f 722//3207 5266//3207 5267//3207
f 722//3207 5267//3207 2486//3207
f 2486//3207 5267//3207 5268//3207
f 2486//3207 5268//3207 2487//3207
f 2487//3206 5268//3206 5269//3206
f 2487//3206 5269//3206 2489//3206
f 2489//3205 5269//3205 5270//3205
f 2489//3205 5270//3205 2491//3205
f 2491//3204 5270//3204 5271//3204
f 2491//3204 5271//3204 2493//3204
f 2493//3203 5271//3203 5272//3203
f 2493//3203 5272//3203 2495//3203
f 2495//3202 5272//3202 5273//3202
f 2495//3202 5273//3202 2497//3202
f 2497//3201 5273//3201 5274//3201
f 2497//3201 5274//3201 2499//3201
f 2499//3200 5274//3200 5257//3200
f 2499//3200 5257//3200 2501//3200
f 5260//3200 5259//3200 5258//3200
f 5260//3200 5258//3200 5275//3200
f 5275//3200 5258//3200 5257//3200
f 5275//3200 5257//3200 5274//3200
f 5275//3201 5274//3201 5273//3201
f 5275//3201 5273//3201 5276//3201
f 5276//3202 5273//3202 5272//3202
f 5276//3202 5272//3202 5277//3202
f 5277//3203 5272//3203 5271//3203
f 5277//3203 5271//3203 5278//3203
f 5278//3204 5271//3204 5270//3204
f 5278//3204 5270//3204 5279//3204
f 5279//3205 5270//3205 5269//3205
f 5279//3205 5269//3205 5280//3205
f 5280//3206 5269//3206 5268//3206
f 5280//3206 5268//3206 5267//3206
f 5260//3201 5275//3201 5276//3201
f 5260//3201 5276//3201 5261//3201
f 5261//3202 5276//3202 5277//3202
f 5261//3202 5277//3202 5262//3202
f 5262//3203 5277//3203 5278//3203
f 5262//3203 5278//3203 5263//3203
f 5263//3204 5278//3204 5279//3204
f 5263//3204 5279//3204 5264//3204
f 5264//3205 5279//3205 5280//3205
f 5264//3205 5280//3205 5265//3205
f 5265//3206 5280//3206 5267//3206
f 5265//3206 5267//3206 5266//3206
f 2476//3208 2484//3208 711//3208
f 2476//3208 711//3208 68//3208
f 2486//3209 2504//3209 712//3209
f 2486//3209 712//3209 722//3209
f 2525//3210 5281//3210 2514//3210
f 2514//3210 5281//3210 5282//3210
f 2514//3210 5282//3210 64//3210
f 64//3210 5282//3210 5283//3210
f 64//3210 5283//3210 62//3210
f 62//3211 5283//3211 5284//3211
f 62//3211 5284//3211 60//3211
f 60//3212 5284//3212 5285//3212
f 60//3212 5285//3212 58//3212
f 58//3213 5285//3213 5286//3213
f 58//3213 5286//3213 56//3213
f 56//3214 5286//3214 5287//3214
f 56//3214 5287//3214 54//3214
f 54//3215 5287//3215 49//3215
f 49//3215 5287//3215 5288//3215
f 49//3215 5288//3215 2515//3215
f 2515//3215 5288//3215 5289//3215
f 2515//3215 5289//3215 2516//3215
f 2516//3214 5289//3214 5290//3214
f 2516//3214 5290//3214 2519//3214
f 2519//3213 5290//3213 5291//3213
f 2519//3213 5291//3213 2521//3213
f 2521//3212 5291//3212 5292//3212
f 2521//3212 5292//3212 2523//3212
f 2523//3211 5292//3211 5281//3211
f 2523//3211 5281//3211 2525//3211
f 5284//3211 5283//3211 5282//3211
f 5284//3211 5282//3211 5293//3211
f 5293//3211 5282//3211 5281//3211
f 5293//3211 5281//3211 5292//3211
f 5293//3212 5292//3212 5291//3212
f 5293//3212 5291//3212 5294//3212
f 5294//3213 5291//3213 5290//3213
f 5294//3213 5290//3213 5295//3213
f 5295//3214 5290//3214 5289//3214
f 5295//3214 5289//3214 5288//3214
f 5284//3212 5293//3212 5294//3212
f 5284//3212 5294//3212 5285//3212
f 5285//3213 5294//3213 5295//3213
f 5285//3213 5295//3213 5286//3213
f 5286//3214 5295//3214 5288//3214
f 5286//3214 5288//3214 5287//3214
f 2481//3216 5296//3216 2474//3216
f 2474//3216 5296//3216 5297//3216
f 2474//3216 5297//3216 5298//3216
f 5298//3217 5297//3217 5299//3217
f 5298//3217 5299//3217 5300//3217
f 5300//3218 5299//3218 5301//3218
f 5300//3218 5301//3218 5302//3218
f 5302//3219 5301//3219 68//3219
f 68//3219 5301//3219 2476//3219
f 2476//3219 5301//3219 5303//3219
f 2476//3219 5303//3219 2477//3219
f 2477//3218 5303//3218 5304//3218
f 2477//3218 5304//3218 2479//3218
f 2479//3217 5304//3217 5296//3217
f 2479//3217 5296//3217 2481//3217
f 5302//3219 68//3219 5305//3219
f 5305//3219 68//3219 67//3219
f 5305//3218 67//3218 710//3218
f 5305//3218 710//3218 5306//3218
f 5306//3217 710//3217 709//3217
f 5306//3217 709//3217 5307//3217
f 5307//3216 709//3216 65//3216
f 5307//3216 65//3216 5298//3216
f 5298//3216 65//3216 2474//3216
f 5299//3217 5297//3217 5296//3217
f 5299//3217 5296//3217 5304//3217
f 5306//3217 5307//3217 5298//3217
f 5306//3217 5298//3217 5300//3217
f 5299//3218 5304//3218 5303//3218
f 5299//3218 5303//3218 5301//3218
f 5306//3218 5300//3218 5302//3218
f 5306//3218 5302//3218 5305//3218
f 2511//3220 5308//3220 2504//3220
f 2504//3220 5308//3220 5309//3220
f 2504//3220 5309//3220 5310//3220
f 5310//3221 5309//3221 5311//3221
f 5310//3221 5311//3221 5312//3221
f 5312//3222 5311//3222 5313//3222
f 5312//3222 5313//3222 5314//3222
f 5314//3223 5313//3223 66//3223
f 66//3223 5313//3223 2506//3223
f 2506//3223 5313//3223 5315//3223
f 2506//3223 5315//3223 2507//3223
f 2507//3222 5315//3222 5316//3222
f 2507//3222 5316//3222 2509//3222
f 2509//3221 5316//3221 5308//3221
f 2509//3221 5308//3221 2511//3221
f 5314//3223 66//3223 5317//3223
f 5317//3223 66//3223 724//3223
f 5317//3222 724//3222 723//3222
f 5317//3222 723//3222 5318//3222
f 5318//3221 723//3221 713//3221
f 5318//3221 713//3221 5319//3221
f 5319//3220 713//3220 712//3220
f 5319//3220 712//3220 5310//3220
f 5310//3220 712//3220 2504//3220
f 5311//3221 5309//3221 5308//3221
f 5311//3221 5308//3221 5316//3221
f 5318//3221 5319//3221 5310//3221
f 5318//3221 5310//3221 5312//3221
f 5311//3222 5316//3222 5315//3222
f 5311//3222 5315//3222 5313//3222
f 5318//3222 5312//3222 5314//3222
f 5318//3222 5314//3222 5317//3222
f 2506//3224 2514//3224 64//3224
f 2506//3224 64//3224 66//3224
f 2472//3225 2474//3225 65//3225
f 2472//3225 65//3225 63//3225
f 24//5 23//5 25//5
f 2515//3226 2528//3226 50//3226
f 2515//3226 50//3226 49//3226
f 2528//3227 2530//3227 46//3227
f 2528//3227 46//3227 50//3227
f 2530//3228 2532//3228 47//3228
f 2530//3228 47//3228 46//3228
f 2453//3229 5320//3229 2442//3229
f 2442//3229 5320//3229 5321//3229
f 2442//3229 5321//3229 87//3229
f 87//3229 5321//3229 5322//3229
f 87//3229 5322//3229 85//3229
f 85//3230 5322//3230 5323//3230
f 85//3230 5323//3230 83//3230
f 83//3231 5323//3231 5324//3231
f 83//3231 5324//3231 81//3231
f 81//3232 5324//3232 5325//3232
f 81//3232 5325//3232 79//3232
f 79//3233 5325//3233 5326//3233
f 79//3233 5326//3233 77//3233
f 77//3234 5326//3234 72//3234
f 72//3234 5326//3234 5327//3234
f 72//3234 5327//3234 2443//3234
f 2443//3234 5327//3234 5328//3234
f 2443//3234 5328//3234 2444//3234
f 2444//3233 5328//3233 5329//3233
f 2444//3233 5329//3233 2447//3233
f 2447//3232 5329//3232 5330//3232
f 2447//3232 5330//3232 2449//3232
f 2449//3231 5330//3231 5331//3231
f 2449//3231 5331//3231 2451//3231
f 2451//3230 5331//3230 5320//3230
f 2451//3230 5320//3230 2453//3230
f 5323//3230 5322//3230 5321//3230
f 5323//3230 5321//3230 5332//3230
f 5332//3230 5321//3230 5320//3230
f 5332//3230 5320//3230 5331//3230
f 5332//3231 5331//3231 5330//3231
f 5332//3231 5330//3231 5333//3231
f 5333//3232 5330//3232 5329//3232
f 5333//3232 5329//3232 5334//3232
f 5334//3233 5329//3233 5328//3233
f 5334//3233 5328//3233 5327//3233
f 5323//3231 5332//3231 5333//3231
f 5323//3231 5333//3231 5324//3231
f 5324//3232 5333//3232 5334//3232
f 5324//3232 5334//3232 5325//3232
f 5325//3233 5334//3233 5327//3233
f 5325//3233 5327//3233 5326//3233
f 2429//3235 5335//3235 2412//3235
f 2412//3235 5335//3235 5336//3235
f 2412//3235 5336//3235 695//3235
f 695//3235 5336//3235 5337//3235
f 695//3235 5337//3235 698//3235
f 698//3236 5337//3236 5338//3236
f 698//3236 5338//3236 699//3236
f 699//3237 5338//3237 5339//3237
f 699//3237 5339//3237 700//3237
f 700//3238 5339//3238 5340//3238
f 700//3238 5340//3238 701//3238
f 701//3239 5340//3239 5341//3239
f 701//3239 5341//3239 702//3239
f 702//3240 5341//3240 5342//3240
f 702//3240 5342//3240 703//3240
f 703//3241 5342//3241 5343//3241
f 703//3241 5343//3241 704//3241
f 704//3242 5343//3242 5344//3242
f 704//3242 5344//3242 696//3242
f 696//3243 5344//3243 697//3243
f 697//3243 5344//3243 5345//3243
f 697//3243 5345//3243 2414//3243
f 2414//3243 5345//3243 5346//3243
f 2414//3243 5346//3243 2415//3243
f 2415//3242 5346//3242 5347//3242
f 2415//3242 5347//3242 2417//3242
f 2417//3241 5347//3241 5348//3241
f 2417//3241 5348//3241 2419//3241
f 2419//3240 5348//3240 5349//3240
f 2419//3240 5349//3240 2421//3240
f 2421//3239 5349//3239 5350//3239
f 2421//3239 5350//3239 2423//3239
f 2423//3238 5350//3238 5351//3238
f 2423//3238 5351//3238 2425//3238
f 2425//3237 5351//3237 5352//3237
f 2425//3237 5352//3237 2427//3237
f 2427//3236 5352//3236 5335//3236
f 2427//3236 5335//3236 2429//3236
f 5338//3236 5337//3236 5336//3236
f 5338//3236 5336//3236 5353//3236
f 5353//3236 5336//3236 5335//3236
f 5353//3236 5335//3236 5352//3236
f 5353//3237 5352//3237 5351//3237
f 5353//3237 5351//3237 5354//3237
f 5354//3238 5351//3238 5350//3238
f 5354//3238 5350//3238 5355//3238
f 5355//3239 5350//3239 5349//3239
f 5355//3239 5349//3239 5356//3239
f 5356//3240 5349//3240 5348//3240
f 5356//3240 5348//3240 5357//3240
f 5357//3241 5348//3241 5347//3241
f 5357//3241 5347//3241 5358//3241
f 5358//3242 5347//3242 5346//3242
f 5358//3242 5346//3242 5345//3242
f 5338//3237 5353//3237 5354//3237
f 5338//3237 5354//3237 5339//3237
f 5339//3238 5354//3238 5355//3238
f 5339//3238 5355//3238 5340//3238
f 5340//3239 5355//3239 5356//3239
f 5340//3239 5356//3239 5341//3239
f 5341//3240 5356//3240 5357//3240
f 5341//3240 5357//3240 5342//3240
f 5342//3241 5357//3241 5358//3241
f 5342//3241 5358//3241 5343//3241
f 5343//3242 5358//3242 5345//3242
f 5343//3242 5345//3242 5344//3242
f 2404//3244 2412//3244 695//3244
f 2404//3244 695//3244 91//3244
f 2414//3245 2432//3245 705//3245
f 2414//3245 705//3245 697//3245
f 2390//3246 5359//3246 2388//3246
f 2388//3246 5359//3246 5360//3246
f 2388//3246 5360//3246 75//3246
f 75//3246 5360//3246 5361//3246
f 75//3246 5361//3246 76//3246
f 76//3247 5361//3247 5362//3247
f 76//3247 5362//3247 78//3247
f 78//3248 5362//3248 5363//3248
f 78//3248 5363//3248 80//3248
f 80//3249 5363//3249 5364//3249
f 80//3249 5364//3249 82//3249
f 82//3250 5364//3250 5365//3250
f 82//3250 5365//3250 84//3250
f 84//3251 5365//3251 86//3251
f 86//3251 5365//3251 5366//3251
f 86//3251 5366//3251 2400//3251
f 2400//3251 5366//3251 5367//3251
f 2400//3251 5367//3251 2398//3251
f 2398//3250 5367//3250 5368//3250
f 2398//3250 5368//3250 2396//3250
f 2396//3249 5368//3249 5369//3249
f 2396//3249 5369//3249 2394//3249
f 2394//3248 5369//3248 5370//3248
f 2394//3248 5370//3248 2392//3248
f 2392//3247 5370//3247 5359//3247
f 2392//3247 5359//3247 2390//3247
f 5362//3247 5361//3247 5360//3247
f 5362//3247 5360//3247 5371//3247
f 5371//3247 5360//3247 5359//3247
f 5371//3247 5359//3247 5370//3247
f 5371//3248 5370//3248 5369//3248
f 5371//3248 5369//3248 5372//3248
f 5372//3249 5369//3249 5368//3249
f 5372//3249 5368//3249 5373//3249
f 5373//3250 5368//3250 5367//3250
f 5373//3250 5367//3250 5366//3250
f 5362//3248 5371//3248 5372//3248
f 5362//3248 5372//3248 5363//3248
f 5363//3249 5372//3249 5373//3249
f 5363//3249 5373//3249 5364//3249
f 5364//3250 5373//3250 5366//3250
f 5364//3250 5366//3250 5365//3250
f 2409//3252 5374//3252 2402//3252
f 2402//3252 5374//3252 5375//3252
f 2402//3252 5375//3252 5376//3252
f 5376//3253 5375//3253 5377//3253
f 5376//3253 5377//3253 5378//3253
f 5378//3254 5377//3254 5379//3254
f 5378//3254 5379//3254 5380//3254
f 5380//3255 5379//3255 91//3255
f 91//3255 5379//3255 2404//3255
f 2404//3255 5379//3255 5381//3255
f 2404//3255 5381//3255 2405//3255
f 2405//3254 5381//3254 5382//3254
f 2405//3254 5382//3254 2407//3254
f 2407//3253 5382//3253 5374//3253
f 2407//3253 5374//3253 2409//3253
f 5380//3255 91//3255 5383//3255
f 5383//3255 91//3255 90//3255
f 5383//3254 90//3254 694//3254
f 5383//3254 694//3254 5384//3254
f 5384//3253 694//3253 693//3253
f 5384//3253 693//3253 5385//3253
f 5385//3252 693//3252 88//3252
f 5385//3252 88//3252 5376//3252
f 5376//3252 88//3252 2402//3252
f 5377//3253 5375//3253 5374//3253
f 5377//3253 5374//3253 5382//3253
f 5384//3253 5385//3253 5376//3253
f 5384//3253 5376//3253 5378//3253
f 5377//3254 5382//3254 5381//3254
f 5377//3254 5381//3254 5379//3254
f 5384//3254 5378//3254 5380//3254
f 5384//3254 5380//3254 5383//3254
f 2439//3256 5386//3256 2432//3256
f 2432//3256 5386//3256 5387//3256
f 2432//3256 5387//3256 5388//3256
f 5388//3257 5387//3257 5389//3257
f 5388//3257 5389//3257 5390//3257
f 5390//3258 5389//3258 5391//3258
f 5390//3258 5391//3258 5392//3258
f 5392//3259 5391//3259 89//3259
f 89//3259 5391//3259 2434//3259
f 2434//3259 5391//3259 5393//3259
f 2434//3259 5393//3259 2435//3259
f 2435//3258 5393//3258 5394//3258
f 2435//3258 5394//3258 2437//3258
f 2437//3257 5394//3257 5386//3257
f 2437//3257 5386//3257 2439//3257
f 5392//3259 89//3259 5395//3259
f 5395//3259 89//3259 708//3259
f 5395//3258 708//3258 707//3258
f 5395//3258 707//3258 5396//3258
f 5396//3257 707//3257 706//3257
f 5396//3257 706//3257 5397//3257
f 5397//3256 706//3256 705//3256
f 5397//3256 705//3256 5388//3256
f 5388//3256 705//3256 2432//3256
f 5389//3257 5387//3257 5386//3257
f 5389//3257 5386//3257 5394//3257
f 5396//3257 5397//3257 5388//3257
f 5396//3257 5388//3257 5390//3257
f 5389//3258 5394//3258 5393//3258
f 5389//3258 5393//3258 5391//3258
f 5396//3258 5390//3258 5392//3258
f 5396//3258 5392//3258 5395//3258
f 2434//3260 2442//3260 87//3260
f 2434//3260 87//3260 89//3260
f 2400//3261 2402//3261 88//3261
f 2400//3261 88//3261 86//3261
f 2371//3262 2384//3262 94//3262
f 2371//3262 94//3262 93//3262
f 2384//3263 2386//3263 692//3263
f 2384//3263 692//3263 94//3263
f 2386//3264 2388//3264 75//3264
f 2386//3264 75//3264 692//3264
f 2443//3265 2456//3265 73//3265
f 2443//3265 73//3265 72//3265
f 2456//3266 2458//3266 70//3266
f 2456//3266 70//3266 73//3266
f 2458//3267 2460//3267 52//3267
f 2458//3267 52//3267 70//3267
f 2318//3268 5398//3268 2316//3268
f 2316//3268 5398//3268 5399//3268
f 2316//3268 5399//3268 96//3268
f 96//3268 5399//3268 5400//3268
f 96//3268 5400//3268 97//3268
f 97//3269 5400//3269 5401//3269
f 97//3269 5401//3269 99//3269
f 99//3270 5401//3270 5402//3270
f 99//3270 5402//3270 101//3270
f 101//3271 5402//3271 5403//3271
f 101//3271 5403//3271 103//3271
f 103//3272 5403//3272 5404//3272
f 103//3272 5404//3272 105//3272
f 105//3273 5404//3273 107//3273
f 107//3273 5404//3273 5405//3273
f 107//3273 5405//3273 2328//3273
f 2328//3273 5405//3273 5406//3273
f 2328//3273 5406//3273 2326//3273
f 2326//3272 5406//3272 5407//3272
f 2326//3272 5407//3272 2324//3272
f 2324//3271 5407//3271 5408//3271
f 2324//3271 5408//3271 2322//3271
f 2322//3270 5408//3270 5409//3270
f 2322//3270 5409//3270 2320//3270
f 2320//3269 5409//3269 5398//3269
f 2320//3269 5398//3269 2318//3269
f 5401//3269 5400//3269 5399//3269
f 5401//3269 5399//3269 5410//3269
f 5410//3269 5399//3269 5398//3269
f 5410//3269 5398//3269 5409//3269
f 5410//3270 5409//3270 5408//3270
f 5410//3270 5408//3270 5411//3270
f 5411//3271 5408//3271 5407//3271
f 5411//3271 5407//3271 5412//3271
f 5412//3272 5407//3272 5406//3272
f 5412//3272 5406//3272 5405//3272
f 5401//3270 5410//3270 5411//3270
f 5401//3270 5411//3270 5402//3270
f 5402//3271 5411//3271 5412//3271
f 5402//3271 5412//3271 5403//3271
f 5403//3272 5412//3272 5405//3272
f 5403//3272 5405//3272 5404//3272
f 2357//3274 5413//3274 2340//3274
f 2340//3274 5413//3274 5414//3274
f 2340//3274 5414//3274 678//3274
f 678//3274 5414//3274 5415//3274
f 678//3274 5415//3274 681//3274
f 681//3275 5415//3275 5416//3275
f 681//3275 5416//3275 682//3275
f 682//3276 5416//3276 5417//3276
f 682//3276 5417//3276 683//3276
f 683//3277 5417//3277 5418//3277
f 683//3277 5418//3277 684//3277
f 684//3278 5418//3278 5419//3278
f 684//3278 5419//3278 685//3278
f 685//3279 5419//3279 5420//3279
f 685//3279 5420//3279 686//3279
f 686//3280 5420//3280 5421//3280
f 686//3280 5421//3280 687//3280
f 687//3281 5421//3281 5422//3281
f 687//3281 5422//3281 679//3281
f 679//3282 5422//3282 680//3282
f 680//3282 5422//3282 5423//3282
f 680//3282 5423//3282 2342//3282
f 2342//3282 5423//3282 5424//3282
f 2342//3282 5424//3282 2343//3282
f 2343//3281 5424//3281 5425//3281
f 2343//3281 5425//3281 2345//3281
f 2345//3280 5425//3280 5426//3280
f 2345//3280 5426//3280 2347//3280
f 2347//3279 5426//3279 5427//3279
f 2347//3279 5427//3279 2349//3279
f 2349//3278 5427//3278 5428//3278
f 2349//3278 5428//3278 2351//3278
f 2351//3277 5428//3277 5429//3277
f 2351//3277 5429//3277 2353//3277
f 2353//3276 5429//3276 5430//3276
f 2353//3276 5430//3276 2355//3276
f 2355//3275 5430//3275 5413//3275
f 2355//3275 5413//3275 2357//3275
f 5416//3275 5415//3275 5414//3275
f 5416//3275 5414//3275 5431//3275
f 5431//3275 5414//3275 5413//3275
f 5431//3275 5413//3275 5430//3275
f 5431//3276 5430//3276 5429//3276
f 5431//3276 5429//3276 5432//3276
f 5432//3277 5429//3277 5428//3277
f 5432//3277 5428//3277 5433//3277
f 5433//3278 5428//3278 5427//3278
f 5433//3278 5427//3278 5434//3278
f 5434//3279 5427//3279 5426//3279
f 5434//3279 5426//3279 5435//3279
f 5435//3280 5426//3280 5425//3280
f 5435//3280 5425//3280 5436//3280
f 5436//3281 5425//3281 5424//3281
f 5436//3281 5424//3281 5423//3281
f 5416//3276 5431//3276 5432//3276
f 5416//3276 5432//3276 5417//3276
f 5417//3277 5432//3277 5433//3277
f 5417//3277 5433//3277 5418//3277
f 5418//3278 5433//3278 5434//3278
f 5418//3278 5434//3278 5419//3278
f 5419//3279 5434//3279 5435//3279
f 5419//3279 5435//3279 5420//3279
f 5420//3280 5435//3280 5436//3280
f 5420//3280 5436//3280 5421//3280
f 5421//3281 5436//3281 5423//3281
f 5421//3281 5423//3281 5422//3281
f 2332//3283 2340//3283 678//3283
f 2332//3283 678//3283 112//3283
f 2342//3284 2360//3284 688//3284
f 2342//3284 688//3284 680//3284
f 2381//3285 5437//3285 2370//3285
f 2370//3285 5437//3285 5438//3285
f 2370//3285 5438//3285 108//3285
f 108//3285 5438//3285 5439//3285
f 108//3285 5439//3285 106//3285
f 106//3286 5439//3286 5440//3286
f 106//3286 5440//3286 104//3286
f 104//3287 5440//3287 5441//3287
f 104//3287 5441//3287 102//3287
f 102//3288 5441//3288 5442//3288
f 102//3288 5442//3288 100//3288
f 100//3289 5442//3289 5443//3289
f 100//3289 5443//3289 98//3289
f 98//3290 5443//3290 93//3290
f 93//3290 5443//3290 5444//3290
f 93//3290 5444//3290 2371//3290
f 2371//3290 5444//3290 5445//3290
f 2371//3290 5445//3290 2372//3290
f 2372//3289 5445//3289 5446//3289
f 2372//3289 5446//3289 2375//3289
f 2375//3288 5446//3288 5447//3288
f 2375//3288 5447//3288 2377//3288
f 2377//3287 5447//3287 5448//3287
f 2377//3287 5448//3287 2379//3287
f 2379//3286 5448//3286 5437//3286
f 2379//3286 5437//3286 2381//3286
f 5440//3286 5439//3286 5438//3286
f 5440//3286 5438//3286 5449//3286
f 5449//3286 5438//3286 5437//3286
f 5449//3286 5437//3286 5448//3286
f 5449//3287 5448//3287 5447//3287
f 5449//3287 5447//3287 5450//3287
f 5450//3288 5447//3288 5446//3288
f 5450//3288 5446//3288 5451//3288
f 5451//3289 5446//3289 5445//3289
f 5451//3289 5445//3289 5444//3289
f 5440//3287 5449//3287 5450//3287
f 5440//3287 5450//3287 5441//3287
f 5441//3288 5450//3288 5451//3288
f 5441//3288 5451//3288 5442//3288
f 5442//3289 5451//3289 5444//3289
f 5442//3289 5444//3289 5443//3289
f 2337//3291 5452//3291 2330//3291
f 2330//3291 5452//3291 5453//3291
f 2330//3291 5453//3291 5454//3291
f 5454//3292 5453//3292 5455//3292
f 5454//3292 5455//3292 5456//3292
f 5456//3293 5455//3293 5457//3293
f 5456//3293 5457//3293 5458//3293
f 5458//3294 5457//3294 112//3294
f 112//3294 5457//3294 2332//3294
f 2332//3294 5457//3294 5459//3294
f 2332//3294 5459//3294 2333//3294
f 2333//3293 5459//3293 5460//3293
f 2333//3293 5460//3293 2335//3293
f 2335//3292 5460//3292 5452//3292
f 2335//3292 5452//3292 2337//3292
f 5458//3294 112//3294 5461//3294
f 5461//3294 112//3294 677//3294
f 5461//3293 677//3293 113//3293
f 5461//3293 113//3293 5462//3293
f 5462//3292 113//3292 111//3292
f 5462//3292 111//3292 5463//3292
f 5463//3291 111//3291 109//3291
f 5463//3291 109//3291 5454//3291
f 5454//3291 109//3291 2330//3291
f 5455//3292 5453//3292 5452//3292
f 5455//3292 5452//3292 5460//3292
f 5462//3292 5463//3292 5454//3292
f 5462//3292 5454//3292 5456//3292
f 5455//3293 5460//3293 5459//3293
f 5455//3293 5459//3293 5457//3293
f 5462//3293 5456//3293 5458//3293
f 5462//3293 5458//3293 5461//3293
f 2367//3295 5464//3295 2360//3295
f 2360//3295 5464//3295 5465//3295
f 2360//3295 5465//3295 5466//3295
f 5466//3296 5465//3296 5467//3296
f 5466//3296 5467//3296 5468//3296
f 5468//3297 5467//3297 5469//3297
f 5468//3297 5469//3297 5470//3297
f 5470//3298 5469//3298 110//3298
f 110//3298 5469//3298 2362//3298
f 2362//3298 5469//3298 5471//3298
f 2362//3298 5471//3298 2363//3298
f 2363//3297 5471//3297 5472//3297
f 2363//3297 5472//3297 2365//3297
f 2365//3296 5472//3296 5464//3296
f 2365//3296 5464//3296 2367//3296
f 5470//3298 110//3298 5473//3298
f 5473//3298 110//3298 691//3298
f 5473//3297 691//3297 690//3297
f 5473//3297 690//3297 5474//3297
f 5474//3296 690//3296 689//3296
f 5474//3296 689//3296 5475//3296
f 5475//3295 689//3295 688//3295
f 5475//3295 688//3295 5466//3295
f 5466//3295 688//3295 2360//3295
f 5467//3296 5465//3296 5464//3296
f 5467//3296 5464//3296 5472//3296
f 5474//3296 5475//3296 5466//3296
f 5474//3296 5466//3296 5468//3296
f 5467//3297 5472//3297 5471//3297
f 5467//3297 5471//3297 5469//3297
f 5474//3297 5468//3297 5470//3297
f 5474//3297 5470//3297 5473//3297
f 2362//3299 2370//3299 108//3299
f 2362//3299 108//3299 110//3299
f 2328//3300 2330//3300 109//3300
f 2328//3300 109//3300 107//3300
f 2309//3301 5476//3301 2298//3301
f 2298//3301 5476//3301 5477//3301
f 2298//3301 5477//3301 132//3301
f 132//3301 5477//3301 5478//3301
f 132//3301 5478//3301 130//3301
f 130//3302 5478//3302 5479//3302
f 130//3302 5479//3302 128//3302
f 128//3303 5479//3303 5480//3303
f 128//3303 5480//3303 126//3303
f 126//3304 5480//3304 5481//3304
f 126//3304 5481//3304 124//3304
f 124//3305 5481//3305 5482//3305
f 124//3305 5482//3305 122//3305
f 122//3306 5482//3306 117//3306
f 117//3306 5482//3306 5483//3306
f 117//3306 5483//3306 2299//3306
f 2299//3306 5483//3306 5484//3306
f 2299//3306 5484//3306 2300//3306
f 2300//3305 5484//3305 5485//3305
f 2300//3305 5485//3305 2303//3305
f 2303//3304 5485//3304 5486//3304
f 2303//3304 5486//3304 2305//3304
f 2305//3303 5486//3303 5487//3303
f 2305//3303 5487//3303 2307//3303
f 2307//3302 5487//3302 5476//3302
f 2307//3302 5476//3302 2309//3302
f 5479//3302 5478//3302 5477//3302
f 5479//3302 5477//3302 5488//3302
f 5488//3302 5477//3302 5476//3302
f 5488//3302 5476//3302 5487//3302
f 5488//3303 5487//3303 5486//3303
f 5488//3303 5486//3303 5489//3303
f 5489//3304 5486//3304 5485//3304
f 5489//3304 5485//3304 5490//3304
f 5490//3305 5485//3305 5484//3305
f 5490//3305 5484//3305 5483//3305
f 5479//3303 5488//3303 5489//3303
f 5479//3303 5489//3303 5480//3303
f 5480//3304 5489//3304 5490//3304
f 5480//3304 5490//3304 5481//3304
f 5481//3305 5490//3305 5483//3305
f 5481//3305 5483//3305 5482//3305
f 2285//3307 5491//3307 2268//3307
f 2268//3307 5491//3307 5492//3307
f 2268//3307 5492//3307 663//3307
f 663//3307 5492//3307 5493//3307
f 663//3307 5493//3307 666//3307
f 666//3308 5493//3308 5494//3308
f 666//3308 5494//3308 667//3308
f 667//3309 5494//3309 5495//3309
f 667//3309 5495//3309 668//3309
f 668//3310 5495//3310 5496//3310
f 668//3310 5496//3310 669//3310
f 669//3311 5496//3311 5497//3311
f 669//3311 5497//3311 670//3311
f 670//3312 5497//3312 5498//3312
f 670//3312 5498//3312 671//3312
f 671//3313 5498//3313 5499//3313
f 671//3313 5499//3313 672//3313
f 672//3314 5499//3314 5500//3314
f 672//3314 5500//3314 664//3314
f 664//3315 5500//3315 665//3315
f 665//3315 5500//3315 5501//3315
f 665//3315 5501//3315 2270//3315
f 2270//3315 5501//3315 5502//3315
f 2270//3315 5502//3315 2271//3315
f 2271//3314 5502//3314 5503//3314
f 2271//3314 5503//3314 2273//3314
f 2273//3313 5503//3313 5504//3313
f 2273//3313 5504//3313 2275//3313
f 2275//3312 5504//3312 5505//3312
f 2275//3312 5505//3312 2277//3312
f 2277//3311 5505//3311 5506//3311
f 2277//3311 5506//3311 2279//3311
f 2279//3310 5506//3310 5507//3310
f 2279//3310 5507//3310 2281//3310
f 2281//3309 5507//3309 5508//3309
f 2281//3309 5508//3309 2283//3309
f 2283//3308 5508//3308 5491//3308
f 2283//3308 5491//3308 2285//3308
f 5494//3308 5493//3308 5492//3308
f 5494//3308 5492//3308 5509//3308
f 5509//3308 5492//3308 5491//3308
f 5509//3308 5491//3308 5508//3308
f 5509//3309 5508//3309 5507//3309
f 5509//3309 5507//3309 5510//3309
f 5510//3310 5507//3310 5506//3310
f 5510//3310 5506//3310 5511//3310
f 5511//3311 5506//3311 5505//3311
f 5511//3311 5505//3311 5512//3311
f 5512//3312 5505//3312 5504//3312
f 5512//3312 5504//3312 5513//3312
f 5513//3313 5504//3313 5503//3313
f 5513//3313 5503//3313 5514//3313
f 5514//3314 5503//3314 5502//3314
f 5514//3314 5502//3314 5501//3314
f 5494//3309 5509//3309 5510//3309
f 5494//3309 5510//3309 5495//3309
f 5495//3310 5510//3310 5511//3310
f 5495//3310 5511//3310 5496//3310
f 5496//3311 5511//3311 5512//3311
f 5496//3311 5512//3311 5497//3311
f 5497//3312 5512//3312 5513//3312
f 5497//3312 5513//3312 5498//3312
f 5498//3313 5513//3313 5514//3313
f 5498//3313 5514//3313 5499//3313
f 5499//3314 5514//3314 5501//3314
f 5499//3314 5501//3314 5500//3314
f 2260//3316 2268//3316 663//3316
f 2260//3316 663//3316 136//3316
f 2270//3317 2288//3317 673//3317
f 2270//3317 673//3317 665//3317
f 2246//3318 5515//3318 2244//3318
f 2244//3318 5515//3318 5516//3318
f 2244//3318 5516//3318 120//3318
f 120//3318 5516//3318 5517//3318
f 120//3318 5517//3318 121//3318
f 121//3319 5517//3319 5518//3319
f 121//3319 5518//3319 123//3319
f 123//3320 5518//3320 5519//3320
f 123//3320 5519//3320 125//3320
f 125//3321 5519//3321 5520//3321
f 125//3321 5520//3321 127//3321
f 127//3322 5520//3322 5521//3322
f 127//3322 5521//3322 129//3322
f 129//3323 5521//3323 131//3323
f 131//3323 5521//3323 5522//3323
f 131//3323 5522//3323 2256//3323
f 2256//3323 5522//3323 5523//3323
f 2256//3323 5523//3323 2254//3323
f 2254//3322 5523//3322 5524//3322
f 2254//3322 5524//3322 2252//3322
f 2252//3321 5524//3321 5525//3321
f 2252//3321 5525//3321 2250//3321
f 2250//3320 5525//3320 5526//3320
f 2250//3320 5526//3320 2248//3320
f 2248//3319 5526//3319 5515//3319
f 2248//3319 5515//3319 2246//3319
f 5518//3319 5517//3319 5516//3319
f 5518//3319 5516//3319 5527//3319
f 5527//3319 5516//3319 5515//3319
f 5527//3319 5515//3319 5526//3319
f 5527//3320 5526//3320 5525//3320
f 5527//3320 5525//3320 5528//3320
f 5528//3321 5525//3321 5524//3321
f 5528//3321 5524//3321 5529//3321
f 5529//3322 5524//3322 5523//3322
f 5529//3322 5523//3322 5522//3322
f 5518//3320 5527//3320 5528//3320
f 5518//3320 5528//3320 5519//3320
f 5519//3321 5528//3321 5529//3321
f 5519//3321 5529//3321 5520//3321
f 5520//3322 5529//3322 5522//3322
f 5520//3322 5522//3322 5521//3322
f 2265//3324 5530//3324 2258//3324
f 2258//3324 5530//3324 5531//3324
f 2258//3324 5531//3324 5532//3324
f 5532//3325 5531//3325 5533//3325
f 5532//3325 5533//3325 5534//3325
f 5534//3326 5533//3326 5535//3326
f 5534//3326 5535//3326 5536//3326
f 5536//3327 5535//3327 136//3327
f 136//3327 5535//3327 2260//3327
f 2260//3327 5535//3327 5537//3327
f 2260//3327 5537//3327 2261//3327
f 2261//3326 5537//3326 5538//3326
f 2261//3326 5538//3326 2263//3326
f 2263//3325 5538//3325 5530//3325
f 2263//3325 5530//3325 2265//3325
f 5536//3327 136//3327 5539//3327
f 5539//3327 136//3327 662//3327
f 5539//3326 662//3326 137//3326
f 5539//3326 137//3326 5540//3326
f 5540//3325 137//3325 135//3325
f 5540//3325 135//3325 5541//3325
f 5541//3324 135//3324 133//3324
f 5541//3324 133//3324 5532//3324
f 5532//3324 133//3324 2258//3324
f 5533//3325 5531//3325 5530//3325
f 5533//3325 5530//3325 5538//3325
f 5540//3325 5541//3325 5532//3325
f 5540//3325 5532//3325 5534//3325
f 5533//3326 5538//3326 5537//3326
f 5533//3326 5537//3326 5535//3326
f 5540//3326 5534//3326 5536//3326
f 5540//3326 5536//3326 5539//3326
f 2295//3328 5542//3328 2288//3328
f 2288//3328 5542//3328 5543//3328
f 2288//3328 5543//3328 5544//3328
f 5544//3329 5543//3329 5545//3329
f 5544//3329 5545//3329 5546//3329
f 5546//3330 5545//3330 5547//3330
f 5546//3330 5547//3330 5548//3330
f 5548//3331 5547//3331 134//3331
f 134//3331 5547//3331 2290//3331
f 2290//3331 5547//3331 5549//3331
f 2290//3331 5549//3331 2291//3331
f 2291//3330 5549//3330 5550//3330
f 2291//3330 5550//3330 2293//3330
f 2293//3329 5550//3329 5542//3329
f 2293//3329 5542//3329 2295//3329
f 5548//3331 134//3331 5551//3331
f 5551//3331 134//3331 676//3331
f 5551//3330 676//3330 675//3330
f 5551//3330 675//3330 5552//3330
f 5552//3329 675//3329 674//3329
f 5552//3329 674//3329 5553//3329
f 5553//3328 674//3328 673//3328
f 5553//3328 673//3328 5544//3328
f 5544//3328 673//3328 2288//3328
f 5545//3329 5543//3329 5542//3329
f 5545//3329 5542//3329 5550//3329
f 5552//3329 5553//3329 5544//3329
f 5552//3329 5544//3329 5546//3329
f 5545//3330 5550//3330 5549//3330
f 5545//3330 5549//3330 5547//3330
f 5552//3330 5546//3330 5548//3330
f 5552//3330 5548//3330 5551//3330
f 2290//3332 2298//3332 132//3332
f 2290//3332 132//3332 134//3332
f 2256//3333 2258//3333 133//3333
f 2256//3333 133//3333 131//3333
f 2227//3334 2240//3334 140//3334
f 2227//3334 140//3334 139//3334
f 2240//3335 2242//3335 661//3335
f 2240//3335 661//3335 140//3335
f 2242//3336 2244//3336 120//3336
f 2242//3336 120//3336 661//3336
f 2299//3337 2312//3337 118//3337
f 2299//3337 118//3337 117//3337
f 2312//3338 2314//3338 115//3338
f 2312//3338 115//3338 118//3338
f 2314//3339 2316//3339 96//3339
f 2314//3339 96//3339 115//3339
f 2174//3340 5554//3340 2172//3340
f 2172//3340 5554//3340 5555//3340
f 2172//3340 5555//3340 142//3340
f 142//3340 5555//3340 5556//3340
f 142//3340 5556//3340 143//3340
f 143//3341 5556//3341 5557//3341
f 143//3341 5557//3341 145//3341
f 145//3342 5557//3342 5558//3342
f 145//3342 5558//3342 147//3342
f 147//3343 5558//3343 5559//3343
f 147//3343 5559//3343 149//3343
f 149//3344 5559//3344 5560//3344
f 149//3344 5560//3344 151//3344
f 151//3345 5560//3345 153//3345
f 153//3345 5560//3345 5561//3345
f 153//3345 5561//3345 2184//3345
f 2184//3345 5561//3345 5562//3345
f 2184//3345 5562//3345 2182//3345
f 2182//3344 5562//3344 5563//3344
f 2182//3344 5563//3344 2180//3344
f 2180//3343 5563//3343 5564//3343
f 2180//3343 5564//3343 2178//3343
f 2178//3342 5564//3342 5565//3342
f 2178//3342 5565//3342 2176//3342
f 2176//3341 5565//3341 5554//3341
f 2176//3341 5554//3341 2174//3341
f 5557//3341 5556//3341 5555//3341
f 5557//3341 5555//3341 5566//3341
f 5566//3341 5555//3341 5554//3341
f 5566//3341 5554//3341 5565//3341
f 5566//3342 5565//3342 5564//3342
f 5566//3342 5564//3342 5567//3342
f 5567//3343 5564//3343 5563//3343
f 5567//3343 5563//3343 5568//3343
f 5568//3344 5563//3344 5562//3344
f 5568//3344 5562//3344 5561//3344
f 5557//3342 5566//3342 5567//3342
f 5557//3342 5567//3342 5558//3342
f 5558//3343 5567//3343 5568//3343
f 5558//3343 5568//3343 5559//3343
f 5559//3344 5568//3344 5561//3344
f 5559//3344 5561//3344 5560//3344
f 2213//3346 5569//3346 2196//3346
f 2196//3346 5569//3346 5570//3346
f 2196//3346 5570//3346 647//3346
f 647//3346 5570//3346 5571//3346
f 647//3346 5571//3346 650//3346
f 650//3347 5571//3347 5572//3347
f 650//3347 5572//3347 654//3347
f 654//3348 5572//3348 5573//3348
f 654//3348 5573//3348 651//3348
f 651//3349 5573//3349 5574//3349
f 651//3349 5574//3349 652//3349
f 652//3350 5574//3350 5575//3350
f 652//3350 5575//3350 653//3350
f 653//3351 5575//3351 5576//3351
f 653//3351 5576//3351 655//3351
f 655//3352 5576//3352 5577//3352
f 655//3352 5577//3352 656//3352
f 656//3353 5577//3353 5578//3353
f 656//3353 5578//3353 648//3353
f 648//3354 5578//3354 649//3354
f 649//3354 5578//3354 5579//3354
f 649//3354 5579//3354 2198//3354
f 2198//3354 5579//3354 5580//3354
f 2198//3354 5580//3354 2199//3354
f 2199//3353 5580//3353 5581//3353
f 2199//3353 5581//3353 2201//3353
f 2201//3352 5581//3352 5582//3352
f 2201//3352 5582//3352 2203//3352
f 2203//3351 5582//3351 5583//3351
f 2203//3351 5583//3351 2205//3351
f 2205//3350 5583//3350 5584//3350
f 2205//3350 5584//3350 2207//3350
f 2207//3349 5584//3349 5585//3349
f 2207//3349 5585//3349 2209//3349
f 2209//3348 5585//3348 5586//3348
f 2209//3348 5586//3348 2211//3348
f 2211//3347 5586//3347 5569//3347
f 2211//3347 5569//3347 2213//3347
f 5572//3347 5571//3347 5570//3347
f 5572//3347 5570//3347 5587//3347
f 5587//3347 5570//3347 5569//3347
f 5587//3347 5569//3347 5586//3347
f 5587//3348 5586//3348 5585//3348
f 5587//3348 5585//3348 5588//3348
f 5588//3349 5585//3349 5584//3349
f 5588//3349 5584//3349 5589//3349
f 5589//3350 5584//3350 5583//3350
f 5589//3350 5583//3350 5590//3350
f 5590//3351 5583//3351 5582//3351
f 5590//3351 5582//3351 5591//3351
f 5591//3352 5582//3352 5581//3352
f 5591//3352 5581//3352 5592//3352
f 5592//3353 5581//3353 5580//3353
f 5592//3353 5580//3353 5579//3353
f 5572//3348 5587//3348 5588//3348
f 5572//3348 5588//3348 5573//3348
f 5573//3349 5588//3349 5589//3349
f 5573//3349 5589//3349 5574//3349
f 5574//3350 5589//3350 5590//3350
f 5574//3350 5590//3350 5575//3350
f 5575//3351 5590//3351 5591//3351
f 5575//3351 5591//3351 5576//3351
f 5576//3352 5591//3352 5592//3352
f 5576//3352 5592//3352 5577//3352
f 5577//3353 5592//3353 5579//3353
f 5577//3353 5579//3353 5578//3353
f 2188//3355 2196//3355 647//3355
f 2188//3355 647//3355 158//3355
f 2198//3356 2216//3356 657//3356
f 2198//3356 657//3356 649//3356
f 2237//3357 5593//3357 2226//3357
f 2226//3357 5593//3357 5594//3357
f 2226//3357 5594//3357 154//3357
f 154//3357 5594//3357 5595//3357
f 154//3357 5595//3357 152//3357
f 152//3358 5595//3358 5596//3358
f 152//3358 5596//3358 150//3358
f 150//3359 5596//3359 5597//3359
f 150//3359 5597//3359 148//3359
f 148//3360 5597//3360 5598//3360
f 148//3360 5598//3360 146//3360
f 146//3361 5598//3361 5599//3361
f 146//3361 5599//3361 144//3361
f 144//3362 5599//3362 139//3362
f 139//3362 5599//3362 5600//3362
f 139//3362 5600//3362 2227//3362
f 2227//3362 5600//3362 5601//3362
f 2227//3362 5601//3362 2228//3362
f 2228//3361 5601//3361 5602//3361
f 2228//3361 5602//3361 2231//3361
f 2231//3360 5602//3360 5603//3360
f 2231//3360 5603//3360 2233//3360
f 2233//3359 5603//3359 5604//3359
f 2233//3359 5604//3359 2235//3359
f 2235//3358 5604//3358 5593//3358
f 2235//3358 5593//3358 2237//3358
f 5596//3358 5595//3358 5594//3358
f 5596//3358 5594//3358 5605//3358
f 5605//3358 5594//3358 5593//3358
f 5605//3358 5593//3358 5604//3358
f 5605//3359 5604//3359 5603//3359
f 5605//3359 5603//3359 5606//3359
f 5606//3360 5603//3360 5602//3360
f 5606//3360 5602//3360 5607//3360
f 5607//3361 5602//3361 5601//3361
f 5607//3361 5601//3361 5600//3361
f 5596//3359 5605//3359 5606//3359
f 5596//3359 5606//3359 5597//3359
f 5597//3360 5606//3360 5607//3360
f 5597//3360 5607//3360 5598//3360
f 5598//3361 5607//3361 5600//3361
f 5598//3361 5600//3361 5599//3361
f 2193//3363 5608//3363 2186//3363
f 2186//3363 5608//3363 5609//3363
f 2186//3363 5609//3363 5610//3363
f 5610//3364 5609//3364 5611//3364
f 5610//3364 5611//3364 5612//3364
f 5612//3365 5611//3365 5613//3365
f 5612//3365 5613//3365 5614//3365
f 5614//3366 5613//3366 158//3366
f 158//3366 5613//3366 2188//3366
f 2188//3366 5613//3366 5615//3366
f 2188//3366 5615//3366 2189//3366
f 2189//3365 5615//3365 5616//3365
f 2189//3365 5616//3365 2191//3365
f 2191//3364 5616//3364 5608//3364
f 2191//3364 5608//3364 2193//3364
f 5614//3366 158//3366 5617//3366
f 5617//3366 158//3366 646//3366
f 5617//3365 646//3365 159//3365
f 5617//3365 159//3365 5618//3365
f 5618//3364 159//3364 157//3364
f 5618//3364 157//3364 5619//3364
f 5619//3363 157//3363 155//3363
f 5619//3363 155//3363 5610//3363
f 5610//3363 155//3363 2186//3363
f 5611//3364 5609//3364 5608//3364
f 5611//3364 5608//3364 5616//3364
f 5618//3364 5619//3364 5610//3364
f 5618//3364 5610//3364 5612//3364
f 5611//3365 5616//3365 5615//3365
f 5611//3365 5615//3365 5613//3365
f 5618//3365 5612//3365 5614//3365
f 5618//3365 5614//3365 5617//3365
f 2223//3367 5620//3367 2216//3367
f 2216//3367 5620//3367 5621//3367
f 2216//3367 5621//3367 5622//3367
f 5622//3368 5621//3368 5623//3368
f 5622//3368 5623//3368 5624//3368
f 5624//3369 5623//3369 5625//3369
f 5624//3369 5625//3369 5626//3369
f 5626//3370 5625//3370 156//3370
f 156//3370 5625//3370 2218//3370
f 2218//3370 5625//3370 5627//3370
f 2218//3370 5627//3370 2219//3370
f 2219//3369 5627//3369 5628//3369
f 2219//3369 5628//3369 2221//3369
f 2221//3368 5628//3368 5620//3368
f 2221//3368 5620//3368 2223//3368
f 5626//3370 156//3370 5629//3370
f 5629//3370 156//3370 658//3370
f 5629//3369 658//3369 660//3369
f 5629//3369 660//3369 5630//3369
f 5630//3368 660//3368 659//3368
f 5630//3368 659//3368 5631//3368
f 5631//3367 659//3367 657//3367
f 5631//3367 657//3367 5622//3367
f 5622//3367 657//3367 2216//3367
f 5623//3368 5621//3368 5620//3368
f 5623//3368 5620//3368 5628//3368
f 5630//3368 5631//3368 5622//3368
f 5630//3368 5622//3368 5624//3368
f 5623//3369 5628//3369 5627//3369
f 5623//3369 5627//3369 5625//3369
f 5630//3369 5624//3369 5626//3369
f 5630//3369 5626//3369 5629//3369
f 2218//3371 2226//3371 154//3371
f 2218//3371 154//3371 156//3371
f 2184//3372 2186//3372 155//3372
f 2184//3372 155//3372 153//3372
f 2165//3373 5632//3373 2154//3373
f 2154//3373 5632//3373 5633//3373
f 2154//3373 5633//3373 178//3373
f 178//3373 5633//3373 5634//3373
f 178//3373 5634//3373 176//3373
f 176//3374 5634//3374 5635//3374
f 176//3374 5635//3374 174//3374
f 174//3375 5635//3375 5636//3375
f 174//3375 5636//3375 172//3375
f 172//3376 5636//3376 5637//3376
f 172//3376 5637//3376 170//3376
f 170//3377 5637//3377 5638//3377
f 170//3377 5638//3377 168//3377
f 168//3378 5638//3378 163//3378
f 163//3378 5638//3378 5639//3378
f 163//3378 5639//3378 2155//3378
f 2155//3378 5639//3378 5640//3378
f 2155//3378 5640//3378 2156//3378
f 2156//3377 5640//3377 5641//3377
f 2156//3377 5641//3377 2159//3377
f 2159//3376 5641//3376 5642//3376
f 2159//3376 5642//3376 2161//3376
f 2161//3375 5642//3375 5643//3375
f 2161//3375 5643//3375 2163//3375
f 2163//3374 5643//3374 5632//3374
f 2163//3374 5632//3374 2165//3374
f 5635//3374 5634//3374 5633//3374
f 5635//3374 5633//3374 5644//3374
f 5644//3374 5633//3374 5632//3374
f 5644//3374 5632//3374 5643//3374
f 5644//3375 5643//3375 5642//3375
f 5644//3375 5642//3375 5645//3375
f 5645//3376 5642//3376 5641//3376
f 5645//3376 5641//3376 5646//3376
f 5646//3377 5641//3377 5640//3377
f 5646//3377 5640//3377 5639//3377
f 5635//3375 5644//3375 5645//3375
f 5635//3375 5645//3375 5636//3375
f 5636//3376 5645//3376 5646//3376
f 5636//3376 5646//3376 5637//3376
f 5637//3377 5646//3377 5639//3377
f 5637//3377 5639//3377 5638//3377
f 2141//3379 5647//3379 2124//3379
f 2124//3379 5647//3379 5648//3379
f 2124//3379 5648//3379 632//3379
f 632//3379 5648//3379 5649//3379
f 632//3379 5649//3379 635//3379
f 635//3380 5649//3380 5650//3380
f 635//3380 5650//3380 640//3380
f 640//3381 5650//3381 5651//3381
f 640//3381 5651//3381 641//3381
f 641//3382 5651//3382 5652//3382
f 641//3382 5652//3382 639//3382
f 639//3383 5652//3383 5653//3383
f 639//3383 5653//3383 636//3383
f 636//3384 5653//3384 5654//3384
f 636//3384 5654//3384 637//3384
f 637//3385 5654//3385 5655//3385
f 637//3385 5655//3385 638//3385
f 638//3386 5655//3386 5656//3386
f 638//3386 5656//3386 642//3386
f 642//3387 5656//3387 633//3387
f 633//3387 5656//3387 5657//3387
f 633//3387 5657//3387 2126//3387
f 2126//3387 5657//3387 5658//3387
f 2126//3387 5658//3387 2127//3387
f 2127//3386 5658//3386 5659//3386
f 2127//3386 5659//3386 2129//3386
f 2129//3385 5659//3385 5660//3385
f 2129//3385 5660//3385 2131//3385
f 2131//3384 5660//3384 5661//3384
f 2131//3384 5661//3384 2133//3384
f 2133//3383 5661//3383 5662//3383
f 2133//3383 5662//3383 2135//3383
f 2135//3382 5662//3382 5663//3382
f 2135//3382 5663//3382 2137//3382
f 2137//3381 5663//3381 5664//3381
f 2137//3381 5664//3381 2139//3381
f 2139//3380 5664//3380 5647//3380
f 2139//3380 5647//3380 2141//3380
f 5650//3380 5649//3380 5648//3380
f 5650//3380 5648//3380 5665//3380
f 5665//3380 5648//3380 5647//3380
f 5665//3380 5647//3380 5664//3380
f 5665//3381 5664//3381 5663//3381
f 5665//3381 5663//3381 5666//3381
f 5666//3382 5663//3382 5662//3382
f 5666//3382 5662//3382 5667//3382
f 5667//3383 5662//3383 5661//3383
f 5667//3383 5661//3383 5668//3383
f 5668//3384 5661//3384 5660//3384
f 5668//3384 5660//3384 5669//3384
f 5669//3385 5660//3385 5659//3385
f 5669//3385 5659//3385 5670//3385
f 5670//3386 5659//3386 5658//3386
f 5670//3386 5658//3386 5657//3386
f 5650//3381 5665//3381 5666//3381
f 5650//3381 5666//3381 5651//3381
f 5651//3382 5666//3382 5667//3382
f 5651//3382 5667//3382 5652//3382
f 5652//3383 5667//3383 5668//3383
f 5652//3383 5668//3383 5653//3383
f 5653//3384 5668//3384 5669//3384
f 5653//3384 5669//3384 5654//3384
f 5654//3385 5669//3385 5670//3385
f 5654//3385 5670//3385 5655//3385
f 5655//3386 5670//3386 5657//3386
f 5655//3386 5657//3386 5656//3386
f 2116//3388 2124//3388 632//3388
f 2116//3388 632//3388 182//3388
f 2126//3389 2144//3389 634//3389
f 2126//3389 634//3389 633//3389
f 2102//3390 5671//3390 2100//3390
f 2100//3390 5671//3390 5672//3390
f 2100//3390 5672//3390 166//3390
f 166//3390 5672//3390 5673//3390
f 166//3390 5673//3390 167//3390
f 167//3391 5673//3391 5674//3391
f 167//3391 5674//3391 169//3391
f 169//3392 5674//3392 5675//3392
f 169//3392 5675//3392 171//3392
f 171//3393 5675//3393 5676//3393
f 171//3393 5676//3393 173//3393
f 173//3394 5676//3394 5677//3394
f 173//3394 5677//3394 175//3394
f 175//3395 5677//3395 177//3395
f 177//3395 5677//3395 5678//3395
f 177//3395 5678//3395 2112//3395
f 2112//3395 5678//3395 5679//3395
f 2112//3395 5679//3395 2110//3395
f 2110//3394 5679//3394 5680//3394
f 2110//3394 5680//3394 2108//3394
f 2108//3393 5680//3393 5681//3393
f 2108//3393 5681//3393 2106//3393
f 2106//3392 5681//3392 5682//3392
f 2106//3392 5682//3392 2104//3392
f 2104//3391 5682//3391 5671//3391
f 2104//3391 5671//3391 2102//3391
f 5674//3391 5673//3391 5672//3391
f 5674//3391 5672//3391 5683//3391
f 5683//3391 5672//3391 5671//3391
f 5683//3391 5671//3391 5682//3391
f 5683//3392 5682//3392 5681//3392
f 5683//3392 5681//3392 5684//3392
f 5684//3393 5681//3393 5680//3393
f 5684//3393 5680//3393 5685//3393
f 5685//3394 5680//3394 5679//3394
f 5685//3394 5679//3394 5678//3394
f 5674//3392 5683//3392 5684//3392
f 5674//3392 5684//3392 5675//3392
f 5675//3393 5684//3393 5685//3393
f 5675//3393 5685//3393 5676//3393
f 5676//3394 5685//3394 5678//3394
f 5676//3394 5678//3394 5677//3394
f 2121//3396 5686//3396 2114//3396
f 2114//3396 5686//3396 5687//3396
f 2114//3396 5687//3396 5688//3396
f 5688//3397 5687//3397 5689//3397
f 5688//3397 5689//3397 5690//3397
f 5690//3398 5689//3398 5691//3398
f 5690//3398 5691//3398 5692//3398
f 5692//3399 5691//3399 182//3399
f 182//3399 5691//3399 2116//3399
f 2116//3399 5691//3399 5693//3399
f 2116//3399 5693//3399 2117//3399
f 2117//3398 5693//3398 5694//3398
f 2117//3398 5694//3398 2119//3398
f 2119//3397 5694//3397 5686//3397
f 2119//3397 5686//3397 2121//3397
f 5692//3399 182//3399 5695//3399
f 5695//3399 182//3399 631//3399
f 5695//3398 631//3398 183//3398
f 5695//3398 183//3398 5696//3398
f 5696//3397 183//3397 181//3397
f 5696//3397 181//3397 5697//3397
f 5697//3396 181//3396 179//3396
f 5697//3396 179//3396 5688//3396
f 5688//3396 179//3396 2114//3396
f 5689//3397 5687//3397 5686//3397
f 5689//3397 5686//3397 5694//3397
f 5696//3397 5697//3397 5688//3397
f 5696//3397 5688//3397 5690//3397
f 5689//3398 5694//3398 5693//3398
f 5689//3398 5693//3398 5691//3398
f 5696//3398 5690//3398 5692//3398
f 5696//3398 5692//3398 5695//3398
f 2151//3400 5698//3400 2144//3400
f 2144//3400 5698//3400 5699//3400
f 2144//3400 5699//3400 5700//3400
f 5700//3401 5699//3401 5701//3401
f 5700//3401 5701//3401 5702//3401
f 5702//3402 5701//3402 5703//3402
f 5702//3402 5703//3402 5704//3402
f 5704//3403 5703//3403 180//3403
f 180//3403 5703//3403 2146//3403
f 2146//3403 5703//3403 5705//3403
f 2146//3403 5705//3403 2147//3403
f 2147//3402 5705//3402 5706//3402
f 2147//3402 5706//3402 2149//3402
f 2149//3401 5706//3401 5698//3401
f 2149//3401 5698//3401 2151//3401
f 5704//3403 180//3403 5707//3403
f 5707//3403 180//3403 645//3403
f 5707//3402 645//3402 644//3402
f 5707//3402 644//3402 5708//3402
f 5708//3401 644//3401 643//3401
f 5708//3401 643//3401 5709//3401
f 5709//3400 643//3400 634//3400
f 5709//3400 634//3400 5700//3400
f 5700//3400 634//3400 2144//3400
f 5701//3401 5699//3401 5698//3401
f 5701//3401 5698//3401 5706//3401
f 5708//3401 5709//3401 5700//3401
f 5708//3401 5700//3401 5702//3401
f 5701//3402 5706//3402 5705//3402
f 5701//3402 5705//3402 5703//3402
f 5708//3402 5702//3402 5704//3402
f 5708//3402 5704//3402 5707//3402
f 2146//3404 2154//3404 178//3404
f 2146//3404 178//3404 180//3404
f 2112//3405 2114//3405 179//3405
f 2112//3405 179//3405 177//3405
f 2083//3406 2096//3406 630//3406
f 2083//3406 630//3406 188//3406
f 2096//3407 2098//3407 185//3407
f 2096//3407 185//3407 630//3407
f 2098//3408 2100//3408 166//3408
f 2098//3408 166//3408 185//3408
f 2155//3409 2168//3409 164//3409
f 2155//3409 164//3409 163//3409
f 2168//3410 2170//3410 161//3410
f 2168//3410 161//3410 164//3410
f 2170//3411 2172//3411 142//3411
f 2170//3411 142//3411 161//3411
f 2030//3412 5710//3412 2028//3412
f 2028//3412 5710//3412 5711//3412
f 2028//3412 5711//3412 187//3412
f 187//3412 5711//3412 5712//3412
f 187//3412 5712//3412 189//3412
f 189//3413 5712//3413 5713//3413
f 189//3413 5713//3413 191//3413
f 191//3414 5713//3414 5714//3414
f 191//3414 5714//3414 193//3414
f 193//3415 5714//3415 5715//3415
f 193//3415 5715//3415 195//3415
f 195//3416 5715//3416 5716//3416
f 195//3416 5716//3416 197//3416
f 197//3417 5716//3417 199//3417
f 199//3417 5716//3417 5717//3417
f 199//3417 5717//3417 2040//3417
f 2040//3417 5717//3417 5718//3417
f 2040//3417 5718//3417 2038//3417
f 2038//3416 5718//3416 5719//3416
f 2038//3416 5719//3416 2036//3416
f 2036//3415 5719//3415 5720//3415
f 2036//3415 5720//3415 2034//3415
f 2034//3414 5720//3414 5721//3414
f 2034//3414 5721//3414 2032//3414
f 2032//3413 5721//3413 5710//3413
f 2032//3413 5710//3413 2030//3413
f 5713//3413 5712//3413 5711//3413
f 5713//3413 5711//3413 5722//3413
f 5722//3413 5711//3413 5710//3413
f 5722//3413 5710//3413 5721//3413
f 5722//3414 5721//3414 5720//3414
f 5722//3414 5720//3414 5723//3414
f 5723//3415 5720//3415 5719//3415
f 5723//3415 5719//3415 5724//3415
f 5724//3416 5719//3416 5718//3416
f 5724//3416 5718//3416 5717//3416
f 5713//3414 5722//3414 5723//3414
f 5713//3414 5723//3414 5714//3414
f 5714//3415 5723//3415 5724//3415
f 5714//3415 5724//3415 5715//3415
f 5715//3416 5724//3416 5717//3416
f 5715//3416 5717//3416 5716//3416
f 2069//3418 5725//3418 2052//3418
f 2052//3418 5725//3418 5726//3418
f 2052//3418 5726//3418 616//3418
f 616//3418 5726//3418 5727//3418
f 616//3418 5727//3418 619//3418
f 619//3419 5727//3419 5728//3419
f 619//3419 5728//3419 623//3419
f 623//3420 5728//3420 5729//3420
f 623//3420 5729//3420 625//3420
f 625//3421 5729//3421 5730//3421
f 625//3421 5730//3421 626//3421
f 626//3422 5730//3422 5731//3422
f 626//3422 5731//3422 624//3422
f 624//3423 5731//3423 5732//3423
f 624//3423 5732//3423 622//3423
f 622//3424 5732//3424 5733//3424
f 622//3424 5733//3424 620//3424
f 620//3425 5733//3425 5734//3425
f 620//3425 5734//3425 621//3425
f 621//3426 5734//3426 617//3426
f 617//3426 5734//3426 5735//3426
f 617//3426 5735//3426 2054//3426
f 2054//3426 5735//3426 5736//3426
f 2054//3426 5736//3426 2055//3426
f 2055//3425 5736//3425 5737//3425
f 2055//3425 5737//3425 2057//3425
f 2057//3424 5737//3424 5738//3424
f 2057//3424 5738//3424 2059//3424
f 2059//3423 5738//3423 5739//3423
f 2059//3423 5739//3423 2061//3423
f 2061//3422 5739//3422 5740//3422
f 2061//3422 5740//3422 2063//3422
f 2063//3421 5740//3421 5741//3421
f 2063//3421 5741//3421 2065//3421
f 2065//3420 5741//3420 5742//3420
f 2065//3420 5742//3420 2067//3420
f 2067//3419 5742//3419 5725//3419
f 2067//3419 5725//3419 2069//3419
f 5728//3419 5727//3419 5726//3419
f 5728//3419 5726//3419 5743//3419
f 5743//3419 5726//3419 5725//3419
f 5743//3419 5725//3419 5742//3419
f 5743//3420 5742//3420 5741//3420
f 5743//3420 5741//3420 5744//3420
f 5744//3421 5741//3421 5740//3421
f 5744//3421 5740//3421 5745//3421
f 5745//3422 5740//3422 5739//3422
f 5745//3422 5739//3422 5746//3422
f 5746//3423 5739//3423 5738//3423
f 5746//3423 5738//3423 5747//3423
f 5747//3424 5738//3424 5737//3424
f 5747//3424 5737//3424 5748//3424
f 5748//3425 5737//3425 5736//3425
f 5748//3425 5736//3425 5735//3425
f 5728//3420 5743//3420 5744//3420
f 5728//3420 5744//3420 5729//3420
f 5729//3421 5744//3421 5745//3421
f 5729//3421 5745//3421 5730//3421
f 5730//3422 5745//3422 5746//3422
f 5730//3422 5746//3422 5731//3422
f 5731//3423 5746//3423 5747//3423
f 5731//3423 5747//3423 5732//3423
f 5732//3424 5747//3424 5748//3424
f 5732//3424 5748//3424 5733//3424
f 5733//3425 5748//3425 5735//3425
f 5733//3425 5735//3425 5734//3425
f 2044//3427 2052//3427 616//3427
f 2044//3427 616//3427 204//3427
f 2054//3428 2072//3428 618//3428
f 2054//3428 618//3428 617//3428
f 2093//3429 5749//3429 2082//3429
f 2082//3429 5749//3429 5750//3429
f 2082//3429 5750//3429 200//3429
f 200//3429 5750//3429 5751//3429
f 200//3429 5751//3429 198//3429
f 198//3430 5751//3430 5752//3430
f 198//3430 5752//3430 196//3430
f 196//3431 5752//3431 5753//3431
f 196//3431 5753//3431 194//3431
f 194//3432 5753//3432 5754//3432
f 194//3432 5754//3432 192//3432
f 192//3433 5754//3433 5755//3433
f 192//3433 5755//3433 190//3433
f 190//3434 5755//3434 188//3434
f 188//3434 5755//3434 5756//3434
f 188//3434 5756//3434 2083//3434
f 2083//3434 5756//3434 5757//3434
f 2083//3434 5757//3434 2084//3434
f 2084//3433 5757//3433 5758//3433
f 2084//3433 5758//3433 2087//3433
f 2087//3432 5758//3432 5759//3432
f 2087//3432 5759//3432 2089//3432
f 2089//3431 5759//3431 5760//3431
f 2089//3431 5760//3431 2091//3431
f 2091//3430 5760//3430 5749//3430
f 2091//3430 5749//3430 2093//3430
f 5752//3430 5751//3430 5750//3430
f 5752//3430 5750//3430 5761//3430
f 5761//3430 5750//3430 5749//3430
f 5761//3430 5749//3430 5760//3430
f 5761//3431 5760//3431 5759//3431
f 5761//3431 5759//3431 5762//3431
f 5762//3432 5759//3432 5758//3432
f 5762//3432 5758//3432 5763//3432
f 5763//3433 5758//3433 5757//3433
f 5763//3433 5757//3433 5756//3433
f 5752//3431 5761//3431 5762//3431
f 5752//3431 5762//3431 5753//3431
f 5753//3432 5762//3432 5763//3432
f 5753//3432 5763//3432 5754//3432
f 5754//3433 5763//3433 5756//3433
f 5754//3433 5756//3433 5755//3433
f 2049//3435 5764//3435 2042//3435
f 2042//3435 5764//3435 5765//3435
f 2042//3435 5765//3435 5766//3435
f 5766//3436 5765//3436 5767//3436
f 5766//3436 5767//3436 5768//3436
f 5768//3437 5767//3437 5769//3437
f 5768//3437 5769//3437 5770//3437
f 5770//3438 5769//3438 204//3438
f 204//3438 5769//3438 2044//3438
f 2044//3438 5769//3438 5771//3438
f 2044//3438 5771//3438 2045//3438
f 2045//3437 5771//3437 5772//3437
f 2045//3437 5772//3437 2047//3437
f 2047//3436 5772//3436 5764//3436
f 2047//3436 5764//3436 2049//3436
f 5770//3438 204//3438 5773//3438
f 5773//3438 204//3438 615//3438
f 5773//3437 615//3437 205//3437
f 5773//3437 205//3437 5774//3437
f 5774//3436 205//3436 203//3436
f 5774//3436 203//3436 5775//3436
f 5775//3435 203//3435 201//3435
f 5775//3435 201//3435 5766//3435
f 5766//3435 201//3435 2042//3435
f 5767//3436 5765//3436 5764//3436
f 5767//3436 5764//3436 5772//3436
f 5774//3436 5775//3436 5766//3436
f 5774//3436 5766//3436 5768//3436
f 5767//3437 5772//3437 5771//3437
f 5767//3437 5771//3437 5769//3437
f 5774//3437 5768//3437 5770//3437
f 5774//3437 5770//3437 5773//3437
f 2079//3439 5776//3439 2072//3439
f 2072//3439 5776//3439 5777//3439
f 2072//3439 5777//3439 5778//3439
f 5778//3440 5777//3440 5779//3440
f 5778//3440 5779//3440 5780//3440
f 5780//3441 5779//3441 5781//3441
f 5780//3441 5781//3441 5782//3441
f 5782//3442 5781//3442 202//3442
f 202//3442 5781//3442 2074//3442
f 2074//3442 5781//3442 5783//3442
f 2074//3442 5783//3442 2075//3442
f 2075//3441 5783//3441 5784//3441
f 2075//3441 5784//3441 2077//3441
f 2077//3440 5784//3440 5776//3440
f 2077//3440 5776//3440 2079//3440
f 5782//3442 202//3442 5785//3442
f 5785//3442 202//3442 629//3442
f 5785//3441 629//3441 628//3441
f 5785//3441 628//3441 5786//3441
f 5786//3440 628//3440 627//3440
f 5786//3440 627//3440 5787//3440
f 5787//3439 627//3439 618//3439
f 5787//3439 618//3439 5778//3439
f 5778//3439 618//3439 2072//3439
f 5779//3440 5777//3440 5776//3440
f 5779//3440 5776//3440 5784//3440
f 5786//3440 5787//3440 5778//3440
f 5786//3440 5778//3440 5780//3440
f 5779//3441 5784//3441 5783//3441
f 5779//3441 5783//3441 5781//3441
f 5786//3441 5780//3441 5782//3441
f 5786//3441 5782//3441 5785//3441
f 2074//3443 2082//3443 200//3443
f 2074//3443 200//3443 202//3443
f 2040//3444 2042//3444 201//3444
f 2040//3444 201//3444 199//3444
f 2021//3445 5788//3445 2010//3445
f 2010//3445 5788//3445 5789//3445
f 2010//3445 5789//3445 224//3445
f 224//3445 5789//3445 5790//3445
f 224//3445 5790//3445 222//3445
f 222//3446 5790//3446 5791//3446
f 222//3446 5791//3446 220//3446
f 220//3447 5791//3447 5792//3447
f 220//3447 5792//3447 218//3447
f 218//3448 5792//3448 5793//3448
f 218//3448 5793//3448 216//3448
f 216//3449 5793//3449 5794//3449
f 216//3449 5794//3449 214//3449
f 214//3450 5794//3450 209//3450
f 209//3450 5794//3450 5795//3450
f 209//3450 5795//3450 2011//3450
f 2011//3450 5795//3450 5796//3450
f 2011//3450 5796//3450 2012//3450
f 2012//3449 5796//3449 5797//3449
f 2012//3449 5797//3449 2015//3449
f 2015//3448 5797//3448 5798//3448
f 2015//3448 5798//3448 2017//3448
f 2017//3447 5798//3447 5799//3447
f 2017//3447 5799//3447 2019//3447
f 2019//3446 5799//3446 5788//3446
f 2019//3446 5788//3446 2021//3446
f 5791//3446 5790//3446 5789//3446
f 5791//3446 5789//3446 5800//3446
f 5800//3446 5789//3446 5788//3446
f 5800//3446 5788//3446 5799//3446
f 5800//3447 5799//3447 5798//3447
f 5800//3447 5798//3447 5801//3447
f 5801//3448 5798//3448 5797//3448
f 5801//3448 5797//3448 5802//3448
f 5802//3449 5797//3449 5796//3449
f 5802//3449 5796//3449 5795//3449
f 5791//3447 5800//3447 5801//3447
f 5791//3447 5801//3447 5792//3447
f 5792//3448 5801//3448 5802//3448
f 5792//3448 5802//3448 5793//3448
f 5793//3449 5802//3449 5795//3449
f 5793//3449 5795//3449 5794//3449
f 1997//3451 5803//3451 1980//3451
f 1980//3451 5803//3451 5804//3451
f 1980//3451 5804//3451 605//3451
f 605//3451 5804//3451 5805//3451
f 605//3451 5805//3451 606//3451
f 606//3452 5805//3452 5806//3452
f 606//3452 5806//3452 608//3452
f 608//3453 5806//3453 5807//3453
f 608//3453 5807//3453 610//3453
f 610//3454 5807//3454 5808//3454
f 610//3454 5808//3454 612//3454
f 612//3455 5808//3455 5809//3455
f 612//3455 5809//3455 614//3455
f 614//3456 5809//3456 5810//3456
f 614//3456 5810//3456 613//3456
f 613//3457 5810//3457 5811//3457
f 613//3457 5811//3457 611//3457
f 611//3458 5811//3458 5812//3458
f 611//3458 5812//3458 609//3458
f 609//3459 5812//3459 607//3459
f 607//3459 5812//3459 5813//3459
f 607//3459 5813//3459 1982//3459
f 1982//3459 5813//3459 5814//3459
f 1982//3459 5814//3459 1983//3459
f 1983//3458 5814//3458 5815//3458
f 1983//3458 5815//3458 1985//3458
f 1985//3457 5815//3457 5816//3457
f 1985//3457 5816//3457 1987//3457
f 1987//3456 5816//3456 5817//3456
f 1987//3456 5817//3456 1989//3456
f 1989//3455 5817//3455 5818//3455
f 1989//3455 5818//3455 1991//3455
f 1991//3454 5818//3454 5819//3454
f 1991//3454 5819//3454 1993//3454
f 1993//3453 5819//3453 5820//3453
f 1993//3453 5820//3453 1995//3453
f 1995//3452 5820//3452 5803//3452
f 1995//3452 5803//3452 1997//3452
f 5806//3452 5805//3452 5804//3452
f 5806//3452 5804//3452 5821//3452
f 5821//3452 5804//3452 5803//3452
f 5821//3452 5803//3452 5820//3452
f 5821//3453 5820//3453 5819//3453
f 5821//3453 5819//3453 5822//3453
f 5822//3454 5819//3454 5818//3454
f 5822//3454 5818//3454 5823//3454
f 5823//3455 5818//3455 5817//3455
f 5823//3455 5817//3455 5824//3455
f 5824//3456 5817//3456 5816//3456
f 5824//3456 5816//3456 5825//3456
f 5825//3457 5816//3457 5815//3457
f 5825//3457 5815//3457 5826//3457
f 5826//3458 5815//3458 5814//3458
f 5826//3458 5814//3458 5813//3458
f 5806//3453 5821//3453 5822//3453
f 5806//3453 5822//3453 5807//3453
f 5807//3454 5822//3454 5823//3454
f 5807//3454 5823//3454 5808//3454
f 5808//3455 5823//3455 5824//3455
f 5808//3455 5824//3455 5809//3455
f 5809//3456 5824//3456 5825//3456
f 5809//3456 5825//3456 5810//3456
f 5810//3457 5825//3457 5826//3457
f 5810//3457 5826//3457 5811//3457
f 5811//3458 5826//3458 5813//3458
f 5811//3458 5813//3458 5812//3458
f 1972//3460 1980//3460 605//3460
f 1972//3460 605//3460 228//3460
f 1982//3461 2000//3461 601//3461
f 1982//3461 601//3461 607//3461
f 1958//3462 5827//3462 1956//3462
f 1956//3462 5827//3462 5828//3462
f 1956//3462 5828//3462 212//3462
f 212//3462 5828//3462 5829//3462
f 212//3462 5829//3462 213//3462
f 213//3463 5829//3463 5830//3463
f 213//3463 5830//3463 215//3463
f 215//3464 5830//3464 5831//3464
f 215//3464 5831//3464 217//3464
f 217//3465 5831//3465 5832//3465
f 217//3465 5832//3465 219//3465
f 219//3466 5832//3466 5833//3466
f 219//3466 5833//3466 221//3466
f 221//3467 5833//3467 223//3467
f 223//3467 5833//3467 5834//3467
f 223//3467 5834//3467 1968//3467
f 1968//3467 5834//3467 5835//3467
f 1968//3467 5835//3467 1966//3467
f 1966//3466 5835//3466 5836//3466
f 1966//3466 5836//3466 1964//3466
f 1964//3465 5836//3465 5837//3465
f 1964//3465 5837//3465 1962//3465
f 1962//3464 5837//3464 5838//3464
f 1962//3464 5838//3464 1960//3464
f 1960//3463 5838//3463 5827//3463
f 1960//3463 5827//3463 1958//3463
f 5830//3463 5829//3463 5828//3463
f 5830//3463 5828//3463 5839//3463
f 5839//3463 5828//3463 5827//3463
f 5839//3463 5827//3463 5838//3463
f 5839//3464 5838//3464 5837//3464
f 5839//3464 5837//3464 5840//3464
f 5840//3465 5837//3465 5836//3465
f 5840//3465 5836//3465 5841//3465
f 5841//3466 5836//3466 5835//3466
f 5841//3466 5835//3466 5834//3466
f 5830//3464 5839//3464 5840//3464
f 5830//3464 5840//3464 5831//3464
f 5831//3465 5840//3465 5841//3465
f 5831//3465 5841//3465 5832//3465
f 5832//3466 5841//3466 5834//3466
f 5832//3466 5834//3466 5833//3466
f 1977//3468 5842//3468 1970//3468
f 1970//3468 5842//3468 5843//3468
f 1970//3468 5843//3468 5844//3468
f 5844//3469 5843//3469 5845//3469
f 5844//3469 5845//3469 5846//3469
f 5846//3470 5845//3470 5847//3470
f 5846//3470 5847//3470 5848//3470
f 5848//3471 5847//3471 228//3471
f 228//3471 5847//3471 1972//3471
f 1972//3471 5847//3471 5849//3471
f 1972//3471 5849//3471 1973//3471
f 1973//3470 5849//3470 5850//3470
f 1973//3470 5850//3470 1975//3470
f 1975//3469 5850//3469 5842//3469
f 1975//3469 5842//3469 1977//3469
f 5848//3471 228//3471 5851//3471
f 5851//3471 228//3471 600//3471
f 5851//3470 600//3470 229//3470
f 5851//3470 229//3470 5852//3470
f 5852//3469 229//3469 227//3469
f 5852//3469 227//3469 5853//3469
f 5853//3468 227//3468 225//3468
f 5853//3468 225//3468 5844//3468
f 5844//3468 225//3468 1970//3468
f 5845//3469 5843//3469 5842//3469
f 5845//3469 5842//3469 5850//3469
f 5852//3469 5853//3469 5844//3469
f 5852//3469 5844//3469 5846//3469
f 5845//3470 5850//3470 5849//3470
f 5845//3470 5849//3470 5847//3470
f 5852//3470 5846//3470 5848//3470
f 5852//3470 5848//3470 5851//3470
f 2007//3472 5854//3472 2000//3472
f 2000//3472 5854//3472 5855//3472
f 2000//3472 5855//3472 5856//3472
f 5856//3473 5855//3473 5857//3473
f 5856//3473 5857//3473 5858//3473
f 5858//3474 5857//3474 5859//3474
f 5858//3474 5859//3474 5860//3474
f 5860//3475 5859//3475 226//3475
f 226//3475 5859//3475 2002//3475
f 2002//3475 5859//3475 5861//3475
f 2002//3475 5861//3475 2003//3475
f 2003//3474 5861//3474 5862//3474
f 2003//3474 5862//3474 2005//3474
f 2005//3473 5862//3473 5854//3473
f 2005//3473 5854//3473 2007//3473
f 5860//3475 226//3475 5863//3475
f 5863//3475 226//3475 602//3475
f 5863//3474 602//3474 603//3474
f 5863//3474 603//3474 5864//3474
f 5864//3473 603//3473 604//3473
f 5864//3473 604//3473 5865//3473
f 5865//3472 604//3472 601//3472
f 5865//3472 601//3472 5856//3472
f 5856//3472 601//3472 2000//3472
f 5857//3473 5855//3473 5854//3473
f 5857//3473 5854//3473 5862//3473
f 5864//3473 5865//3473 5856//3473
f 5864//3473 5856//3473 5858//3473
f 5857//3474 5862//3474 5861//3474
f 5857//3474 5861//3474 5859//3474
f 5864//3474 5858//3474 5860//3474
f 5864//3474 5860//3474 5863//3474
f 2002//3476 2010//3476 224//3476
f 2002//3476 224//3476 226//3476
f 1968//3477 1970//3477 225//3477
f 1968//3477 225//3477 223//3477
f 1939//3478 1952//3478 232//3478
f 1939//3478 232//3478 231//3478
f 1952//3479 1954//3479 599//3479
f 1952//3479 599//3479 232//3479
f 1954//3480 1956//3480 212//3480
f 1954//3480 212//3480 599//3480
f 2011//3481 2024//3481 210//3481
f 2011//3481 210//3481 209//3481
f 2024//3482 2026//3482 207//3482
f 2024//3482 207//3482 210//3482
f 2026//3483 2028//3483 187//3483
f 2026//3483 187//3483 207//3483
f 1886//3484 5866//3484 1884//3484
f 1884//3484 5866//3484 5867//3484
f 1884//3484 5867//3484 234//3484
f 234//3484 5867//3484 5868//3484
f 234//3484 5868//3484 235//3484
f 235//3485 5868//3485 5869//3485
f 235//3485 5869//3485 237//3485
f 237//3486 5869//3486 5870//3486
f 237//3486 5870//3486 239//3486
f 239//3487 5870//3487 5871//3487
f 239//3487 5871//3487 241//3487
f 241//3488 5871//3488 5872//3488
f 241//3488 5872//3488 243//3488
f 243//3489 5872//3489 245//3489
f 245//3489 5872//3489 5873//3489
f 245//3489 5873//3489 1896//3489
f 1896//3489 5873//3489 5874//3489
f 1896//3489 5874//3489 1894//3489
f 1894//3488 5874//3488 5875//3488
f 1894//3488 5875//3488 1892//3488
f 1892//3487 5875//3487 5876//3487
f 1892//3487 5876//3487 1890//3487
f 1890//3486 5876//3486 5877//3486
f 1890//3486 5877//3486 1888//3486
f 1888//3485 5877//3485 5866//3485
f 1888//3485 5866//3485 1886//3485
f 5869//3485 5868//3485 5867//3485
f 5869//3485 5867//3485 5878//3485
f 5878//3485 5867//3485 5866//3485
f 5878//3485 5866//3485 5877//3485
f 5878//3486 5877//3486 5876//3486
f 5878//3486 5876//3486 5879//3486
f 5879//3487 5876//3487 5875//3487
f 5879//3487 5875//3487 5880//3487
f 5880//3488 5875//3488 5874//3488
f 5880//3488 5874//3488 5873//3488
f 5869//3486 5878//3486 5879//3486
f 5869//3486 5879//3486 5870//3486
f 5870//3487 5879//3487 5880//3487
f 5870//3487 5880//3487 5871//3487
f 5871//3488 5880//3488 5873//3488
f 5871//3488 5873//3488 5872//3488
f 1925//3490 5881//3490 1908//3490
f 1908//3490 5881//3490 5882//3490
f 1908//3490 5882//3490 589//3490
f 589//3490 5882//3490 5883//3490
f 589//3490 5883//3490 590//3490
f 590//3491 5883//3491 5884//3491
f 590//3491 5884//3491 592//3491
f 592//3492 5884//3492 5885//3492
f 592//3492 5885//3492 593//3492
f 593//3493 5885//3493 5886//3493
f 593//3493 5886//3493 594//3493
f 594//3494 5886//3494 5887//3494
f 594//3494 5887//3494 596//3494
f 596//3495 5887//3495 5888//3495
f 596//3495 5888//3495 598//3495
f 598//3496 5888//3496 5889//3496
f 598//3496 5889//3496 597//3496
f 597//3497 5889//3497 5890//3497
f 597//3497 5890//3497 595//3497
f 595//3498 5890//3498 591//3498
f 591//3498 5890//3498 5891//3498
f 591//3498 5891//3498 1910//3498
f 1910//3498 5891//3498 5892//3498
f 1910//3498 5892//3498 1911//3498
f 1911//3497 5892//3497 5893//3497
f 1911//3497 5893//3497 1913//3497
f 1913//3496 5893//3496 5894//3496
f 1913//3496 5894//3496 1915//3496
f 1915//3495 5894//3495 5895//3495
f 1915//3495 5895//3495 1917//3495
f 1917//3494 5895//3494 5896//3494
f 1917//3494 5896//3494 1919//3494
f 1919//3493 5896//3493 5897//3493
f 1919//3493 5897//3493 1921//3493
f 1921//3492 5897//3492 5898//3492
f 1921//3492 5898//3492 1923//3492
f 1923//3491 5898//3491 5881//3491
f 1923//3491 5881//3491 1925//3491
f 5884//3491 5883//3491 5882//3491
f 5884//3491 5882//3491 5899//3491
f 5899//3491 5882//3491 5881//3491
f 5899//3491 5881//3491 5898//3491
f 5899//3492 5898//3492 5897//3492
f 5899//3492 5897//3492 5900//3492
f 5900//3493 5897//3493 5896//3493
f 5900//3493 5896//3493 5901//3493
f 5901//3494 5896//3494 5895//3494
f 5901//3494 5895//3494 5902//3494
f 5902//3495 5895//3495 5894//3495
f 5902//3495 5894//3495 5903//3495
f 5903//3496 5894//3496 5893//3496
f 5903//3496 5893//3496 5904//3496
f 5904//3497 5893//3497 5892//3497
f 5904//3497 5892//3497 5891//3497
f 5884//3492 5899//3492 5900//3492
f 5884//3492 5900//3492 5885//3492
f 5885//3493 5900//3493 5901//3493
f 5885//3493 5901//3493 5886//3493
f 5886//3494 5901//3494 5902//3494
f 5886//3494 5902//3494 5887//3494
f 5887//3495 5902//3495 5903//3495
f 5887//3495 5903//3495 5888//3495
f 5888//3496 5903//3496 5904//3496
f 5888//3496 5904//3496 5889//3496
f 5889//3497 5904//3497 5891//3497
f 5889//3497 5891//3497 5890//3497
f 1900//3499 1908//3499 589//3499
f 1900//3499 589//3499 250//3499
f 1910//3500 1928//3500 585//3500
f 1910//3500 585//3500 591//3500
f 1949//3501 5905//3501 1938//3501
f 1938//3501 5905//3501 5906//3501
f 1938//3501 5906//3501 246//3501
f 246//3501 5906//3501 5907//3501
f 246//3501 5907//3501 244//3501
f 244//3502 5907//3502 5908//3502
f 244//3502 5908//3502 242//3502
f 242//3503 5908//3503 5909//3503
f 242//3503 5909//3503 240//3503
f 240//3504 5909//3504 5910//3504
f 240//3504 5910//3504 238//3504
f 238//3505 5910//3505 5911//3505
f 238//3505 5911//3505 236//3505
f 236//3506 5911//3506 231//3506
f 231//3506 5911//3506 5912//3506
f 231//3506 5912//3506 1939//3506
f 1939//3506 5912//3506 5913//3506
f 1939//3506 5913//3506 1940//3506
f 1940//3505 5913//3505 5914//3505
f 1940//3505 5914//3505 1943//3505
f 1943//3504 5914//3504 5915//3504
f 1943//3504 5915//3504 1945//3504
f 1945//3503 5915//3503 5916//3503
f 1945//3503 5916//3503 1947//3503
f 1947//3502 5916//3502 5905//3502
f 1947//3502 5905//3502 1949//3502
f 5908//3502 5907//3502 5906//3502
f 5908//3502 5906//3502 5917//3502
f 5917//3502 5906//3502 5905//3502
f 5917//3502 5905//3502 5916//3502
f 5917//3503 5916//3503 5915//3503
f 5917//3503 5915//3503 5918//3503
f 5918//3504 5915//3504 5914//3504
f 5918//3504 5914//3504 5919//3504
f 5919//3505 5914//3505 5913//3505
f 5919//3505 5913//3505 5912//3505
f 5908//3503 5917//3503 5918//3503
f 5908//3503 5918//3503 5909//3503
f 5909//3504 5918//3504 5919//3504
f 5909//3504 5919//3504 5910//3504
f 5910//3505 5919//3505 5912//3505
f 5910//3505 5912//3505 5911//3505
f 1905//3507 5920//3507 1898//3507
f 1898//3507 5920//3507 5921//3507
f 1898//3507 5921//3507 5922//3507
f 5922//3508 5921//3508 5923//3508
f 5922//3508 5923//3508 5924//3508
f 5924//3509 5923//3509 5925//3509
f 5924//3509 5925//3509 5926//3509
f 5926//3510 5925//3510 250//3510
f 250//3510 5925//3510 1900//3510
f 1900//3510 5925//3510 5927//3510
f 1900//3510 5927//3510 1901//3510
f 1901//3509 5927//3509 5928//3509
f 1901//3509 5928//3509 1903//3509
f 1903//3508 5928//3508 5920//3508
f 1903//3508 5920//3508 1905//3508
f 5926//3510 250//3510 5929//3510
f 5929//3510 250//3510 584//3510
f 5929//3509 584//3509 251//3509
f 5929//3509 251//3509 5930//3509
f 5930//3508 251//3508 249//3508
f 5930//3508 249//3508 5931//3508
f 5931//3507 249//3507 247//3507
f 5931//3507 247//3507 5922//3507
f 5922//3507 247//3507 1898//3507
f 5923//3508 5921//3508 5920//3508
f 5923//3508 5920//3508 5928//3508
f 5930//3508 5931//3508 5922//3508
f 5930//3508 5922//3508 5924//3508
f 5923//3509 5928//3509 5927//3509
f 5923//3509 5927//3509 5925//3509
f 5930//3509 5924//3509 5926//3509
f 5930//3509 5926//3509 5929//3509
f 1935//3511 5932//3511 1928//3511
f 1928//3511 5932//3511 5933//3511
f 1928//3511 5933//3511 5934//3511
f 5934//3512 5933//3512 5935//3512
f 5934//3512 5935//3512 5936//3512
f 5936//3513 5935//3513 5937//3513
f 5936//3513 5937//3513 5938//3513
f 5938//3514 5937//3514 248//3514
f 248//3514 5937//3514 1930//3514
f 1930//3514 5937//3514 5939//3514
f 1930//3514 5939//3514 1931//3514
f 1931//3513 5939//3513 5940//3513
f 1931//3513 5940//3513 1933//3513
f 1933//3512 5940//3512 5932//3512
f 1933//3512 5932//3512 1935//3512
f 5938//3514 248//3514 5941//3514
f 5941//3514 248//3514 586//3514
f 5941//3513 586//3513 587//3513
f 5941//3513 587//3513 5942//3513
f 5942//3512 587//3512 588//3512
f 5942//3512 588//3512 5943//3512
f 5943//3511 588//3511 585//3511
f 5943//3511 585//3511 5934//3511
f 5934//3511 585//3511 1928//3511
f 5935//3512 5933//3512 5932//3512
f 5935//3512 5932//3512 5940//3512
f 5942//3512 5943//3512 5934//3512
f 5942//3512 5934//3512 5936//3512
f 5935//3513 5940//3513 5939//3513
f 5935//3513 5939//3513 5937//3513
f 5942//3513 5936//3513 5938//3513
f 5942//3513 5938//3513 5941//3513
f 1930//3515 1938//3515 246//3515
f 1930//3515 246//3515 248//3515
f 1896//3516 1898//3516 247//3516
f 1896//3516 247//3516 245//3516
f 1877//3517 5944//3517 1866//3517
f 1866//3517 5944//3517 5945//3517
f 1866//3517 5945//3517 270//3517
f 270//3517 5945//3517 5946//3517
f 270//3517 5946//3517 268//3517
f 268//3518 5946//3518 5947//3518
f 268//3518 5947//3518 266//3518
f 266//3519 5947//3519 5948//3519
f 266//3519 5948//3519 264//3519
f 264//3520 5948//3520 5949//3520
f 264//3520 5949//3520 262//3520
f 262//3521 5949//3521 5950//3521
f 262//3521 5950//3521 260//3521
f 260//3522 5950//3522 255//3522
f 255//3522 5950//3522 5951//3522
f 255//3522 5951//3522 1867//3522
f 1867//3522 5951//3522 5952//3522
f 1867//3522 5952//3522 1868//3522
f 1868//3521 5952//3521 5953//3521
f 1868//3521 5953//3521 1871//3521
f 1871//3520 5953//3520 5954//3520
f 1871//3520 5954//3520 1873//3520
f 1873//3519 5954//3519 5955//3519
f 1873//3519 5955//3519 1875//3519
f 1875//3518 5955//3518 5944//3518
f 1875//3518 5944//3518 1877//3518
f 5947//3518 5946//3518 5945//3518
f 5947//3518 5945//3518 5956//3518
f 5956//3518 5945//3518 5944//3518
f 5956//3518 5944//3518 5955//3518
f 5956//3519 5955//3519 5954//3519
f 5956//3519 5954//3519 5957//3519
f 5957//3520 5954//3520 5953//3520
f 5957//3520 5953//3520 5958//3520
f 5958//3521 5953//3521 5952//3521
f 5958//3521 5952//3521 5951//3521
f 5947//3519 5956//3519 5957//3519
f 5947//3519 5957//3519 5948//3519
f 5948//3520 5957//3520 5958//3520
f 5948//3520 5958//3520 5949//3520
f 5949//3521 5958//3521 5951//3521
f 5949//3521 5951//3521 5950//3521
f 1853//3523 5959//3523 1836//3523
f 1836//3523 5959//3523 5960//3523
f 1836//3523 5960//3523 574//3523
f 574//3523 5960//3523 5961//3523
f 574//3523 5961//3523 575//3523
f 575//3524 5961//3524 5962//3524
f 575//3524 5962//3524 577//3524
f 577//3525 5962//3525 5963//3525
f 577//3525 5963//3525 578//3525
f 578//3526 5963//3526 5964//3526
f 578//3526 5964//3526 579//3526
f 579//3527 5964//3527 5965//3527
f 579//3527 5965//3527 580//3527
f 580//3528 5965//3528 5966//3528
f 580//3528 5966//3528 581//3528
f 581//3529 5966//3529 5967//3529
f 581//3529 5967//3529 582//3529
f 582//3530 5967//3530 5968//3530
f 582//3530 5968//3530 583//3530
f 583//3531 5968//3531 576//3531
f 576//3531 5968//3531 5969//3531
f 576//3531 5969//3531 1838//3531
f 1838//3531 5969//3531 5970//3531
f 1838//3531 5970//3531 1839//3531
f 1839//3530 5970//3530 5971//3530
f 1839//3530 5971//3530 1841//3530
f 1841//3529 5971//3529 5972//3529
f 1841//3529 5972//3529 1843//3529
f 1843//3528 5972//3528 5973//3528
f 1843//3528 5973//3528 1845//3528
f 1845//3527 5973//3527 5974//3527
f 1845//3527 5974//3527 1847//3527
f 1847//3526 5974//3526 5975//3526
f 1847//3526 5975//3526 1849//3526
f 1849//3525 5975//3525 5976//3525
f 1849//3525 5976//3525 1851//3525
f 1851//3524 5976//3524 5959//3524
f 1851//3524 5959//3524 1853//3524
f 5962//3524 5961//3524 5960//3524
f 5962//3524 5960//3524 5977//3524
f 5977//3524 5960//3524 5959//3524
f 5977//3524 5959//3524 5976//3524
f 5977//3525 5976//3525 5975//3525
f 5977//3525 5975//3525 5978//3525
f 5978//3526 5975//3526 5974//3526
f 5978//3526 5974//3526 5979//3526
f 5979//3527 5974//3527 5973//3527
f 5979//3527 5973//3527 5980//3527
f 5980//3528 5973//3528 5972//3528
f 5980//3528 5972//3528 5981//3528
f 5981//3529 5972//3529 5971//3529
f 5981//3529 5971//3529 5982//3529
f 5982//3530 5971//3530 5970//3530
f 5982//3530 5970//3530 5969//3530
f 5962//3525 5977//3525 5978//3525
f 5962//3525 5978//3525 5963//3525
f 5963//3526 5978//3526 5979//3526
f 5963//3526 5979//3526 5964//3526
f 5964//3527 5979//3527 5980//3527
f 5964//3527 5980//3527 5965//3527
f 5965//3528 5980//3528 5981//3528
f 5965//3528 5981//3528 5966//3528
f 5966//3529 5981//3529 5982//3529
f 5966//3529 5982//3529 5967//3529
f 5967//3530 5982//3530 5969//3530
f 5967//3530 5969//3530 5968//3530
f 1828//3532 1836//3532 574//3532
f 1828//3532 574//3532 274//3532
f 1838//3533 1856//3533 570//3533
f 1838//3533 570//3533 576//3533
f 1814//3534 5983//3534 1812//3534
f 1812//3534 5983//3534 5984//3534
f 1812//3534 5984//3534 258//3534
f 258//3534 5984//3534 5985//3534
f 258//3534 5985//3534 259//3534
f 259//3535 5985//3535 5986//3535
f 259//3535 5986//3535 261//3535
f 261//3536 5986//3536 5987//3536
f 261//3536 5987//3536 263//3536
f 263//3537 5987//3537 5988//3537
f 263//3537 5988//3537 265//3537
f 265//3538 5988//3538 5989//3538
f 265//3538 5989//3538 267//3538
f 267//3539 5989//3539 269//3539
f 269//3539 5989//3539 5990//3539
f 269//3539 5990//3539 1824//3539
f 1824//3539 5990//3539 5991//3539
f 1824//3539 5991//3539 1822//3539
f 1822//3538 5991//3538 5992//3538
f 1822//3538 5992//3538 1820//3538
f 1820//3537 5992//3537 5993//3537
f 1820//3537 5993//3537 1818//3537
f 1818//3536 5993//3536 5994//3536
f 1818//3536 5994//3536 1816//3536
f 1816//3535 5994//3535 5983//3535
f 1816//3535 5983//3535 1814//3535
f 5986//3535 5985//3535 5984//3535
f 5986//3535 5984//3535 5995//3535
f 5995//3535 5984//3535 5983//3535
f 5995//3535 5983//3535 5994//3535
f 5995//3536 5994//3536 5993//3536
f 5995//3536 5993//3536 5996//3536
f 5996//3537 5993//3537 5992//3537
f 5996//3537 5992//3537 5997//3537
f 5997//3538 5992//3538 5991//3538
f 5997//3538 5991//3538 5990//3538
f 5986//3536 5995//3536 5996//3536
f 5986//3536 5996//3536 5987//3536
f 5987//3537 5996//3537 5997//3537
f 5987//3537 5997//3537 5988//3537
f 5988//3538 5997//3538 5990//3538
f 5988//3538 5990//3538 5989//3538
f 1833//3540 5998//3540 1826//3540
f 1826//3540 5998//3540 5999//3540
f 1826//3540 5999//3540 6000//3540
f 6000//3541 5999//3541 6001//3541
f 6000//3541 6001//3541 6002//3541
f 6002//3542 6001//3542 6003//3542
f 6002//3542 6003//3542 6004//3542
f 6004//3543 6003//3543 274//3543
f 274//3543 6003//3543 1828//3543
f 1828//3543 6003//3543 6005//3543
f 1828//3543 6005//3543 1829//3543
f 1829//3542 6005//3542 6006//3542
f 1829//3542 6006//3542 1831//3542
f 1831//3541 6006//3541 5998//3541
f 1831//3541 5998//3541 1833//3541
f 6004//3543 274//3543 6007//3543
f 6007//3543 274//3543 569//3543
f 6007//3542 569//3542 275//3542
f 6007//3542 275//3542 6008//3542
f 6008//3541 275//3541 273//3541
f 6008//3541 273//3541 6009//3541
f 6009//3540 273//3540 271//3540
f 6009//3540 271//3540 6000//3540
f 6000//3540 271//3540 1826//3540
f 6001//3541 5999//3541 5998//3541
f 6001//3541 5998//3541 6006//3541
f 6008//3541 6009//3541 6000//3541
f 6008//3541 6000//3541 6002//3541
f 6001//3542 6006//3542 6005//3542
f 6001//3542 6005//3542 6003//3542
f 6008//3542 6002//3542 6004//3542
f 6008//3542 6004//3542 6007//3542
f 1863//3544 6010//3544 1856//3544
f 1856//3544 6010//3544 6011//3544
f 1856//3544 6011//3544 6012//3544
f 6012//3545 6011//3545 6013//3545
f 6012//3545 6013//3545 6014//3545
f 6014//3546 6013//3546 6015//3546
f 6014//3546 6015//3546 6016//3546
f 6016//3547 6015//3547 272//3547
f 272//3547 6015//3547 1858//3547
f 1858//3547 6015//3547 6017//3547
f 1858//3547 6017//3547 1859//3547
f 1859//3546 6017//3546 6018//3546
f 1859//3546 6018//3546 1861//3546
f 1861//3545 6018//3545 6010//3545
f 1861//3545 6010//3545 1863//3545
f 6016//3547 272//3547 6019//3547
f 6019//3547 272//3547 571//3547
f 6019//3546 571//3546 572//3546
f 6019//3546 572//3546 6020//3546
f 6020//3545 572//3545 573//3545
f 6020//3545 573//3545 6021//3545
f 6021//3544 573//3544 570//3544
f 6021//3544 570//3544 6012//3544
f 6012//3544 570//3544 1856//3544
f 6013//3545 6011//3545 6010//3545
f 6013//3545 6010//3545 6018//3545
f 6020//3545 6021//3545 6012//3545
f 6020//3545 6012//3545 6014//3545
f 6013//3546 6018//3546 6017//3546
f 6013//3546 6017//3546 6015//3546
f 6020//3546 6014//3546 6016//3546
f 6020//3546 6016//3546 6019//3546
f 1858//3548 1866//3548 270//3548
f 1858//3548 270//3548 272//3548
f 1824//3549 1826//3549 271//3549
f 1824//3549 271//3549 269//3549
f 1795//3550 1808//3550 568//3550
f 1795//3550 568//3550 280//3550
f 1808//3551 1810//3551 277//3551
f 1808//3551 277//3551 568//3551
f 1810//3552 1812//3552 258//3552
f 1810//3552 258//3552 277//3552
f 1867//3553 1880//3553 256//3553
f 1867//3553 256//3553 255//3553
f 1880//3554 1882//3554 253//3554
f 1880//3554 253//3554 256//3554
f 1882//3555 1884//3555 234//3555
f 1882//3555 234//3555 253//3555
f 1742//3556 6022//3556 1740//3556
f 1740//3556 6022//3556 6023//3556
f 1740//3556 6023//3556 279//3556
f 279//3556 6023//3556 6024//3556
f 279//3556 6024//3556 281//3556
f 281//3557 6024//3557 6025//3557
f 281//3557 6025//3557 283//3557
f 283//3558 6025//3558 6026//3558
f 283//3558 6026//3558 285//3558
f 285//3559 6026//3559 6027//3559
f 285//3559 6027//3559 287//3559
f 287//3560 6027//3560 6028//3560
f 287//3560 6028//3560 289//3560
f 289//3561 6028//3561 291//3561
f 291//3561 6028//3561 6029//3561
f 291//3561 6029//3561 1752//3561
f 1752//3561 6029//3561 6030//3561
f 1752//3561 6030//3561 1750//3561
f 1750//3560 6030//3560 6031//3560
f 1750//3560 6031//3560 1748//3560
f 1748//3559 6031//3559 6032//3559
f 1748//3559 6032//3559 1746//3559
f 1746//3558 6032//3558 6033//3558
f 1746//3558 6033//3558 1744//3558
f 1744//3557 6033//3557 6022//3557
f 1744//3557 6022//3557 1742//3557
f 6025//3557 6024//3557 6023//3557
f 6025//3557 6023//3557 6034//3557
f 6034//3557 6023//3557 6022//3557
f 6034//3557 6022//3557 6033//3557
f 6034//3558 6033//3558 6032//3558
f 6034//3558 6032//3558 6035//3558
f 6035//3559 6032//3559 6031//3559
f 6035//3559 6031//3559 6036//3559
f 6036//3560 6031//3560 6030//3560
f 6036//3560 6030//3560 6029//3560
f 6025//3558 6034//3558 6035//3558
f 6025//3558 6035//3558 6026//3558
f 6026//3559 6035//3559 6036//3559
f 6026//3559 6036//3559 6027//3559
f 6027//3560 6036//3560 6029//3560
f 6027//3560 6029//3560 6028//3560
f 1781//3562 6037//3562 1764//3562
f 1764//3562 6037//3562 6038//3562
f 1764//3562 6038//3562 554//3562
f 554//3562 6038//3562 6039//3562
f 554//3562 6039//3562 557//3562
f 557//3563 6039//3563 6040//3563
f 557//3563 6040//3563 559//3563
f 559//3564 6040//3564 6041//3564
f 559//3564 6041//3564 560//3564
f 560//3565 6041//3565 6042//3565
f 560//3565 6042//3565 561//3565
f 561//3566 6042//3566 6043//3566
f 561//3566 6043//3566 562//3566
f 562//3567 6043//3567 6044//3567
f 562//3567 6044//3567 563//3567
f 563//3568 6044//3568 6045//3568
f 563//3568 6045//3568 564//3568
f 564//3569 6045//3569 6046//3569
f 564//3569 6046//3569 565//3569
f 565//3570 6046//3570 558//3570
f 558//3570 6046//3570 6047//3570
f 558//3570 6047//3570 1766//3570
f 1766//3570 6047//3570 6048//3570
f 1766//3570 6048//3570 1767//3570
f 1767//3569 6048//3569 6049//3569
f 1767//3569 6049//3569 1769//3569
f 1769//3568 6049//3568 6050//3568
f 1769//3568 6050//3568 1771//3568
f 1771//3567 6050//3567 6051//3567
f 1771//3567 6051//3567 1773//3567
f 1773//3566 6051//3566 6052//3566
f 1773//3566 6052//3566 1775//3566
f 1775//3565 6052//3565 6053//3565
f 1775//3565 6053//3565 1777//3565
f 1777//3564 6053//3564 6054//3564
f 1777//3564 6054//3564 1779//3564
f 1779//3563 6054//3563 6037//3563
f 1779//3563 6037//3563 1781//3563
f 6040//3563 6039//3563 6038//3563
f 6040//3563 6038//3563 6055//3563
f 6055//3563 6038//3563 6037//3563
f 6055//3563 6037//3563 6054//3563
f 6055//3564 6054//3564 6053//3564
f 6055//3564 6053//3564 6056//3564
f 6056//3565 6053//3565 6052//3565
f 6056//3565 6052//3565 6057//3565
f 6057//3566 6052//3566 6051//3566
f 6057//3566 6051//3566 6058//3566
f 6058//3567 6051//3567 6050//3567
f 6058//3567 6050//3567 6059//3567
f 6059//3568 6050//3568 6049//3568
f 6059//3568 6049//3568 6060//3568
f 6060//3569 6049//3569 6048//3569
f 6060//3569 6048//3569 6047//3569
f 6040//3564 6055//3564 6056//3564
f 6040//3564 6056//3564 6041//3564
f 6041//3565 6056//3565 6057//3565
f 6041//3565 6057//3565 6042//3565
f 6042//3566 6057//3566 6058//3566
f 6042//3566 6058//3566 6043//3566
f 6043//3567 6058//3567 6059//3567
f 6043//3567 6059//3567 6044//3567
f 6044//3568 6059//3568 6060//3568
f 6044//3568 6060//3568 6045//3568
f 6045//3569 6060//3569 6047//3569
f 6045//3569 6047//3569 6046//3569
f 1756//3571 1764//3571 554//3571
f 1756//3571 554//3571 296//3571
f 1766//3572 1784//3572 555//3572
f 1766//3572 555//3572 558//3572
f 1805//3573 6061//3573 1794//3573
f 1794//3573 6061//3573 6062//3573
f 1794//3573 6062//3573 292//3573
f 292//3573 6062//3573 6063//3573
f 292//3573 6063//3573 290//3573
f 290//3574 6063//3574 6064//3574
f 290//3574 6064//3574 288//3574
f 288//3575 6064//3575 6065//3575
f 288//3575 6065//3575 286//3575
f 286//3576 6065//3576 6066//3576
f 286//3576 6066//3576 284//3576
f 284//3577 6066//3577 6067//3577
f 284//3577 6067//3577 282//3577
f 282//3578 6067//3578 280//3578
f 280//3578 6067//3578 6068//3578
f 280//3578 6068//3578 1795//3578
f 1795//3578 6068//3578 6069//3578
f 1795//3578 6069//3578 1796//3578
f 1796//3577 6069//3577 6070//3577
f 1796//3577 6070//3577 1799//3577
f 1799//3576 6070//3576 6071//3576
f 1799//3576 6071//3576 1801//3576
f 1801//3575 6071//3575 6072//3575
f 1801//3575 6072//3575 1803//3575
f 1803//3574 6072//3574 6061//3574
f 1803//3574 6061//3574 1805//3574
f 6064//3574 6063//3574 6062//3574
f 6064//3574 6062//3574 6073//3574
f 6073//3574 6062//3574 6061//3574
f 6073//3574 6061//3574 6072//3574
f 6073//3575 6072//3575 6071//3575
f 6073//3575 6071//3575 6074//3575
f 6074//3576 6071//3576 6070//3576
f 6074//3576 6070//3576 6075//3576
f 6075//3577 6070//3577 6069//3577
f 6075//3577 6069//3577 6068//3577
f 6064//3575 6073//3575 6074//3575
f 6064//3575 6074//3575 6065//3575
f 6065//3576 6074//3576 6075//3576
f 6065//3576 6075//3576 6066//3576
f 6066//3577 6075//3577 6068//3577
f 6066//3577 6068//3577 6067//3577
f 1761//3579 6076//3579 1754//3579
f 1754//3579 6076//3579 6077//3579
f 1754//3579 6077//3579 6078//3579
f 6078//3580 6077//3580 6079//3580
f 6078//3580 6079//3580 6080//3580
f 6080//3581 6079//3581 6081//3581
f 6080//3581 6081//3581 6082//3581
f 6082//3582 6081//3582 296//3582
f 296//3582 6081//3582 1756//3582
f 1756//3582 6081//3582 6083//3582
f 1756//3582 6083//3582 1757//3582
f 1757//3581 6083//3581 6084//3581
f 1757//3581 6084//3581 1759//3581
f 1759//3580 6084//3580 6076//3580
f 1759//3580 6076//3580 1761//3580
f 6082//3582 296//3582 6085//3582
f 6085//3582 296//3582 295//3582
f 6085//3581 295//3581 553//3581
f 6085//3581 553//3581 6086//3581
f 6086//3580 553//3580 552//3580
f 6086//3580 552//3580 6087//3580
f 6087//3579 552//3579 293//3579
f 6087//3579 293//3579 6078//3579
f 6078//3579 293//3579 1754//3579
f 6079//3580 6077//3580 6076//3580
f 6079//3580 6076//3580 6084//3580
f 6086//3580 6087//3580 6078//3580
f 6086//3580 6078//3580 6080//3580
f 6079//3581 6084//3581 6083//3581
f 6079//3581 6083//3581 6081//3581
f 6086//3581 6080//3581 6082//3581
f 6086//3581 6082//3581 6085//3581
f 1791//3583 6088//3583 1784//3583
f 1784//3583 6088//3583 6089//3583
f 1784//3583 6089//3583 6090//3583
f 6090//3584 6089//3584 6091//3584
f 6090//3584 6091//3584 6092//3584
f 6092//3585 6091//3585 6093//3585
f 6092//3585 6093//3585 6094//3585
f 6094//3586 6093//3586 294//3586
f 294//3586 6093//3586 1786//3586
f 1786//3586 6093//3586 6095//3586
f 1786//3586 6095//3586 1787//3586
f 1787//3585 6095//3585 6096//3585
f 1787//3585 6096//3585 1789//3585
f 1789//3584 6096//3584 6088//3584
f 1789//3584 6088//3584 1791//3584
f 6094//3586 294//3586 6097//3586
f 6097//3586 294//3586 556//3586
f 6097//3585 556//3585 567//3585
f 6097//3585 567//3585 6098//3585
f 6098//3584 567//3584 566//3584
f 6098//3584 566//3584 6099//3584
f 6099//3583 566//3583 555//3583
f 6099//3583 555//3583 6090//3583
f 6090//3583 555//3583 1784//3583
f 6091//3584 6089//3584 6088//3584
f 6091//3584 6088//3584 6096//3584
f 6098//3584 6099//3584 6090//3584
f 6098//3584 6090//3584 6092//3584
f 6091//3585 6096//3585 6095//3585
f 6091//3585 6095//3585 6093//3585
f 6098//3585 6092//3585 6094//3585
f 6098//3585 6094//3585 6097//3585
f 1786//3587 1794//3587 292//3587
f 1786//3587 292//3587 294//3587
f 1752//3588 1754//3588 293//3588
f 1752//3588 293//3588 291//3588
f 1733//3589 6100//3589 1722//3589
f 1722//3589 6100//3589 6101//3589
f 1722//3589 6101//3589 315//3589
f 315//3589 6101//3589 6102//3589
f 315//3589 6102//3589 313//3589
f 313//3590 6102//3590 6103//3590
f 313//3590 6103//3590 311//3590
f 311//3591 6103//3591 6104//3591
f 311//3591 6104//3591 309//3591
f 309//3592 6104//3592 6105//3592
f 309//3592 6105//3592 307//3592
f 307//3593 6105//3593 6106//3593
f 307//3593 6106//3593 305//3593
f 305//3594 6106//3594 300//3594
f 300//3594 6106//3594 6107//3594
f 300//3594 6107//3594 1723//3594
f 1723//3594 6107//3594 6108//3594
f 1723//3594 6108//3594 1724//3594
f 1724//3593 6108//3593 6109//3593
f 1724//3593 6109//3593 1727//3593
f 1727//3592 6109//3592 6110//3592
f 1727//3592 6110//3592 1729//3592
f 1729//3591 6110//3591 6111//3591
f 1729//3591 6111//3591 1731//3591
f 1731//3590 6111//3590 6100//3590
f 1731//3590 6100//3590 1733//3590
f 6103//3590 6102//3590 6101//3590
f 6103//3590 6101//3590 6112//3590
f 6112//3590 6101//3590 6100//3590
f 6112//3590 6100//3590 6111//3590
f 6112//3591 6111//3591 6110//3591
f 6112//3591 6110//3591 6113//3591
f 6113//3592 6110//3592 6109//3592
f 6113//3592 6109//3592 6114//3592
f 6114//3593 6109//3593 6108//3593
f 6114//3593 6108//3593 6107//3593
f 6103//3591 6112//3591 6113//3591
f 6103//3591 6113//3591 6104//3591
f 6104//3592 6113//3592 6114//3592
f 6104//3592 6114//3592 6105//3592
f 6105//3593 6114//3593 6107//3593
f 6105//3593 6107//3593 6106//3593
f 1709//3595 6115//3595 1692//3595
f 1692//3595 6115//3595 6116//3595
f 1692//3595 6116//3595 538//3595
f 538//3595 6116//3595 6117//3595
f 538//3595 6117//3595 541//3595
f 541//3596 6117//3596 6118//3596
f 541//3596 6118//3596 543//3596
f 543//3597 6118//3597 6119//3597
f 543//3597 6119//3597 544//3597
f 544//3598 6119//3598 6120//3598
f 544//3598 6120//3598 545//3598
f 545//3599 6120//3599 6121//3599
f 545//3599 6121//3599 546//3599
f 546//3600 6121//3600 6122//3600
f 546//3600 6122//3600 547//3600
f 547//3601 6122//3601 6123//3601
f 547//3601 6123//3601 548//3601
f 548//3602 6123//3602 6124//3602
f 548//3602 6124//3602 549//3602
f 549//3603 6124//3603 542//3603
f 542//3603 6124//3603 6125//3603
f 542//3603 6125//3603 1694//3603
f 1694//3603 6125//3603 6126//3603
f 1694//3603 6126//3603 1695//3603
f 1695//3602 6126//3602 6127//3602
f 1695//3602 6127//3602 1697//3602
f 1697//3601 6127//3601 6128//3601
f 1697//3601 6128//3601 1699//3601
f 1699//3600 6128//3600 6129//3600
f 1699//3600 6129//3600 1701//3600
f 1701//3599 6129//3599 6130//3599
f 1701//3599 6130//3599 1703//3599
f 1703//3598 6130//3598 6131//3598
f 1703//3598 6131//3598 1705//3598
f 1705//3597 6131//3597 6132//3597
f 1705//3597 6132//3597 1707//3597
f 1707//3596 6132//3596 6115//3596
f 1707//3596 6115//3596 1709//3596
f 6118//3596 6117//3596 6116//3596
f 6118//3596 6116//3596 6133//3596
f 6133//3596 6116//3596 6115//3596
f 6133//3596 6115//3596 6132//3596
f 6133//3597 6132//3597 6131//3597
f 6133//3597 6131//3597 6134//3597
f 6134//3598 6131//3598 6130//3598
f 6134//3598 6130//3598 6135//3598
f 6135//3599 6130//3599 6129//3599
f 6135//3599 6129//3599 6136//3599
f 6136//3600 6129//3600 6128//3600
f 6136//3600 6128//3600 6137//3600
f 6137//3601 6128//3601 6127//3601
f 6137//3601 6127//3601 6138//3601
f 6138//3602 6127//3602 6126//3602
f 6138//3602 6126//3602 6125//3602
f 6118//3597 6133//3597 6134//3597
f 6118//3597 6134//3597 6119//3597
f 6119//3598 6134//3598 6135//3598
f 6119//3598 6135//3598 6120//3598
f 6120//3599 6135//3599 6136//3599
f 6120//3599 6136//3599 6121//3599
f 6121//3600 6136//3600 6137//3600
f 6121//3600 6137//3600 6122//3600
f 6122//3601 6137//3601 6138//3601
f 6122//3601 6138//3601 6123//3601
f 6123//3602 6138//3602 6125//3602
f 6123//3602 6125//3602 6124//3602
f 1684//3604 1692//3604 538//3604
f 1684//3604 538//3604 319//3604
f 1694//3605 1712//3605 539//3605
f 1694//3605 539//3605 542//3605
f 1670//3606 6139//3606 1668//3606
f 1668//3606 6139//3606 6140//3606
f 1668//3606 6140//3606 303//3606
f 303//3606 6140//3606 6141//3606
f 303//3606 6141//3606 304//3606
f 304//3607 6141//3607 6142//3607
f 304//3607 6142//3607 306//3607
f 306//3608 6142//3608 6143//3608
f 306//3608 6143//3608 308//3608
f 308//3609 6143//3609 6144//3609
f 308//3609 6144//3609 310//3609
f 310//3610 6144//3610 6145//3610
f 310//3610 6145//3610 312//3610
f 312//3611 6145//3611 314//3611
f 314//3611 6145//3611 6146//3611
f 314//3611 6146//3611 1680//3611
f 1680//3611 6146//3611 6147//3611
f 1680//3611 6147//3611 1678//3611
f 1678//3610 6147//3610 6148//3610
f 1678//3610 6148//3610 1676//3610
f 1676//3609 6148//3609 6149//3609
f 1676//3609 6149//3609 1674//3609
f 1674//3608 6149//3608 6150//3608
f 1674//3608 6150//3608 1672//3608
f 1672//3607 6150//3607 6139//3607
f 1672//3607 6139//3607 1670//3607
f 6142//3607 6141//3607 6140//3607
f 6142//3607 6140//3607 6151//3607
f 6151//3607 6140//3607 6139//3607
f 6151//3607 6139//3607 6150//3607
f 6151//3608 6150//3608 6149//3608
f 6151//3608 6149//3608 6152//3608
f 6152//3609 6149//3609 6148//3609
f 6152//3609 6148//3609 6153//3609
f 6153//3610 6148//3610 6147//3610
f 6153//3610 6147//3610 6146//3610
f 6142//3608 6151//3608 6152//3608
f 6142//3608 6152//3608 6143//3608
f 6143//3609 6152//3609 6153//3609
f 6143//3609 6153//3609 6144//3609
f 6144//3610 6153//3610 6146//3610
f 6144//3610 6146//3610 6145//3610
f 1689//3612 6154//3612 1682//3612
f 1682//3612 6154//3612 6155//3612
f 1682//3612 6155//3612 6156//3612
f 6156//3613 6155//3613 6157//3613
f 6156//3613 6157//3613 6158//3613
f 6158//3614 6157//3614 6159//3614
f 6158//3614 6159//3614 6160//3614
f 6160//3615 6159//3615 319//3615
f 319//3615 6159//3615 1684//3615
f 1684//3615 6159//3615 6161//3615
f 1684//3615 6161//3615 1685//3615
f 1685//3614 6161//3614 6162//3614
f 1685//3614 6162//3614 1687//3614
f 1687//3613 6162//3613 6154//3613
f 1687//3613 6154//3613 1689//3613
f 6160//3615 319//3615 6163//3615
f 6163//3615 319//3615 318//3615
f 6163//3614 318//3614 537//3614
f 6163//3614 537//3614 6164//3614
f 6164//3613 537//3613 536//3613
f 6164//3613 536//3613 6165//3613
f 6165//3612 536//3612 316//3612
f 6165//3612 316//3612 6156//3612
f 6156//3612 316//3612 1682//3612
f 6157//3613 6155//3613 6154//3613
f 6157//3613 6154//3613 6162//3613
f 6164//3613 6165//3613 6156//3613
f 6164//3613 6156//3613 6158//3613
f 6157//3614 6162//3614 6161//3614
f 6157//3614 6161//3614 6159//3614
f 6164//3614 6158//3614 6160//3614
f 6164//3614 6160//3614 6163//3614
f 1719//3616 6166//3616 1712//3616
f 1712//3616 6166//3616 6167//3616
f 1712//3616 6167//3616 6168//3616
f 6168//3617 6167//3617 6169//3617
f 6168//3617 6169//3617 6170//3617
f 6170//3618 6169//3618 6171//3618
f 6170//3618 6171//3618 6172//3618
f 6172//3619 6171//3619 317//3619
f 317//3619 6171//3619 1714//3619
f 1714//3619 6171//3619 6173//3619
f 1714//3619 6173//3619 1715//3619
f 1715//3618 6173//3618 6174//3618
f 1715//3618 6174//3618 1717//3618
f 1717//3617 6174//3617 6166//3617
f 1717//3617 6166//3617 1719//3617
f 6172//3619 317//3619 6175//3619
f 6175//3619 317//3619 540//3619
f 6175//3618 540//3618 551//3618
f 6175//3618 551//3618 6176//3618
f 6176//3617 551//3617 550//3617
f 6176//3617 550//3617 6177//3617
f 6177//3616 550//3616 539//3616
f 6177//3616 539//3616 6168//3616
f 6168//3616 539//3616 1712//3616
f 6169//3617 6167//3617 6166//3617
f 6169//3617 6166//3617 6174//3617
f 6176//3617 6177//3617 6168//3617
f 6176//3617 6168//3617 6170//3617
f 6169//3618 6174//3618 6173//3618
f 6169//3618 6173//3618 6171//3618
f 6176//3618 6170//3618 6172//3618
f 6176//3618 6172//3618 6175//3618
f 1714//3620 1722//3620 315//3620
f 1714//3620 315//3620 317//3620
f 1680//3621 1682//3621 316//3621
f 1680//3621 316//3621 314//3621
f 1723//3622 1736//3622 301//3622
f 1723//3622 301//3622 300//3622
f 1736//3623 1738//3623 298//3623
f 1736//3623 298//3623 301//3623
f 1738//3624 1740//3624 279//3624
f 1738//3624 279//3624 298//3624
f 2731//3625 2744//3625 368//3625
f 2731//3625 368//3625 367//3625
f 2744//3626 2746//3626 369//3626
f 2744//3626 369//3626 368//3626
f 2746//3627 2748//3627 774//3627
f 2746//3627 774//3627 369//3627
f 2678//3628 6178//3628 2676//3628
f 2676//3628 6178//3628 6179//3628
f 2676//3628 6179//3628 371//3628
f 371//3628 6179//3628 6180//3628
f 371//3628 6180//3628 372//3628
f 372//3629 6180//3629 6181//3629
f 372//3629 6181//3629 374//3629
f 374//3630 6181//3630 6182//3630
f 374//3630 6182//3630 376//3630
f 376//3631 6182//3631 6183//3631
f 376//3631 6183//3631 378//3631
f 378//3632 6183//3632 6184//3632
f 378//3632 6184//3632 380//3632
f 380//3633 6184//3633 382//3633
f 382//3633 6184//3633 6185//3633
f 382//3633 6185//3633 2688//3633
f 2688//3633 6185//3633 6186//3633
f 2688//3633 6186//3633 2686//3633
f 2686//3632 6186//3632 6187//3632
f 2686//3632 6187//3632 2684//3632
f 2684//3631 6187//3631 6188//3631
f 2684//3631 6188//3631 2682//3631
f 2682//3630 6188//3630 6189//3630
f 2682//3630 6189//3630 2680//3630
f 2680//3629 6189//3629 6178//3629
f 2680//3629 6178//3629 2678//3629
f 6181//3629 6180//3629 6179//3629
f 6181//3629 6179//3629 6190//3629
f 6190//3629 6179//3629 6178//3629
f 6190//3629 6178//3629 6189//3629
f 6190//3630 6189//3630 6188//3630
f 6190//3630 6188//3630 6191//3630
f 6191//3631 6188//3631 6187//3631
f 6191//3631 6187//3631 6192//3631
f 6192//3632 6187//3632 6186//3632
f 6192//3632 6186//3632 6185//3632
f 6181//3630 6190//3630 6191//3630
f 6181//3630 6191//3630 6182//3630
f 6182//3631 6191//3631 6192//3631
f 6182//3631 6192//3631 6183//3631
f 6183//3632 6192//3632 6185//3632
f 6183//3632 6185//3632 6184//3632
f 2717//3634 6193//3634 2700//3634
f 2700//3634 6193//3634 6194//3634
f 2700//3634 6194//3634 760//3634
f 760//3634 6194//3634 6195//3634
f 760//3634 6195//3634 763//3634
f 763//3635 6195//3635 6196//3635
f 763//3635 6196//3635 765//3635
f 765//3636 6196//3636 6197//3636
f 765//3636 6197//3636 766//3636
f 766//3637 6197//3637 6198//3637
f 766//3637 6198//3637 767//3637
f 767//3638 6198//3638 6199//3638
f 767//3638 6199//3638 768//3638
f 768//3639 6199//3639 6200//3639
f 768//3639 6200//3639 769//3639
f 769//3640 6200//3640 6201//3640
f 769//3640 6201//3640 770//3640
f 770//3641 6201//3641 6202//3641
f 770//3641 6202//3641 771//3641
f 771//3642 6202//3642 764//3642
f 764//3642 6202//3642 6203//3642
f 764//3642 6203//3642 2702//3642
f 2702//3642 6203//3642 6204//3642
f 2702//3642 6204//3642 2703//3642
f 2703//3641 6204//3641 6205//3641
f 2703//3641 6205//3641 2705//3641
f 2705//3640 6205//3640 6206//3640
f 2705//3640 6206//3640 2707//3640
f 2707//3639 6206//3639 6207//3639
f 2707//3639 6207//3639 2709//3639
f 2709//3638 6207//3638 6208//3638
f 2709//3638 6208//3638 2711//3638
f 2711//3637 6208//3637 6209//3637
f 2711//3637 6209//3637 2713//3637
f 2713//3636 6209//3636 6210//3636
f 2713//3636 6210//3636 2715//3636
f 2715//3635 6210//3635 6193//3635
f 2715//3635 6193//3635 2717//3635
f 6196//3635 6195//3635 6194//3635
f 6196//3635 6194//3635 6211//3635
f 6211//3635 6194//3635 6193//3635
f 6211//3635 6193//3635 6210//3635
f 6211//3636 6210//3636 6209//3636
f 6211//3636 6209//3636 6212//3636
f 6212//3637 6209//3637 6208//3637
f 6212//3637 6208//3637 6213//3637
f 6213//3638 6208//3638 6207//3638
f 6213//3638 6207//3638 6214//3638
f 6214//3639 6207//3639 6206//3639
f 6214//3639 6206//3639 6215//3639
f 6215//3640 6206//3640 6205//3640
f 6215//3640 6205//3640 6216//3640
f 6216//3641 6205//3641 6204//3641
f 6216//3641 6204//3641 6203//3641
f 6196//3636 6211//3636 6212//3636
f 6196//3636 6212//3636 6197//3636
f 6197//3637 6212//3637 6213//3637
f 6197//3637 6213//3637 6198//3637
f 6198//3638 6213//3638 6214//3638
f 6198//3638 6214//3638 6199//3638
f 6199//3639 6214//3639 6215//3639
f 6199//3639 6215//3639 6200//3639
f 6200//3640 6215//3640 6216//3640
f 6200//3640 6216//3640 6201//3640
f 6201//3641 6216//3641 6203//3641
f 6201//3641 6203//3641 6202//3641
f 2692//3643 2700//3643 760//3643
f 2692//3643 760//3643 387//3643
f 2702//3644 2720//3644 761//3644
f 2702//3644 761//3644 764//3644
f 2741//3645 6217//3645 2730//3645
f 2730//3645 6217//3645 6218//3645
f 2730//3645 6218//3645 383//3645
f 383//3645 6218//3645 6219//3645
f 383//3645 6219//3645 381//3645
f 381//3646 6219//3646 6220//3646
f 381//3646 6220//3646 379//3646
f 379//3647 6220//3647 6221//3647
f 379//3647 6221//3647 377//3647
f 377//3648 6221//3648 6222//3648
f 377//3648 6222//3648 375//3648
f 375//3649 6222//3649 6223//3649
f 375//3649 6223//3649 373//3649
f 373//3650 6223//3650 367//3650
f 367//3650 6223//3650 6224//3650
f 367//3650 6224//3650 2731//3650
f 2731//3650 6224//3650 6225//3650
f 2731//3650 6225//3650 2732//3650
f 2732//3649 6225//3649 6226//3649
f 2732//3649 6226//3649 2735//3649
f 2735//3648 6226//3648 6227//3648
f 2735//3648 6227//3648 2737//3648
f 2737//3647 6227//3647 6228//3647
f 2737//3647 6228//3647 2739//3647
f 2739//3646 6228//3646 6217//3646
f 2739//3646 6217//3646 2741//3646
f 6220//3646 6219//3646 6218//3646
f 6220//3646 6218//3646 6229//3646
f 6229//3646 6218//3646 6217//3646
f 6229//3646 6217//3646 6228//3646
f 6229//3647 6228//3647 6227//3647
f 6229//3647 6227//3647 6230//3647
f 6230//3648 6227//3648 6226//3648
f 6230//3648 6226//3648 6231//3648
f 6231//3649 6226//3649 6225//3649
f 6231//3649 6225//3649 6224//3649
f 6220//3647 6229//3647 6230//3647
f 6220//3647 6230//3647 6221//3647
f 6221//3648 6230//3648 6231//3648
f 6221//3648 6231//3648 6222//3648
f 6222//3649 6231//3649 6224//3649
f 6222//3649 6224//3649 6223//3649
f 2697//3651 6232//3651 2690//3651
f 2690//3651 6232//3651 6233//3651
f 2690//3651 6233//3651 6234//3651
f 6234//3652 6233//3652 6235//3652
f 6234//3652 6235//3652 6236//3652
f 6236//3653 6235//3653 6237//3653
f 6236//3653 6237//3653 6238//3653
f 6238//3654 6237//3654 387//3654
f 387//3654 6237//3654 2692//3654
f 2692//3654 6237//3654 6239//3654
f 2692//3654 6239//3654 2693//3654
f 2693//3653 6239//3653 6240//3653
f 2693//3653 6240//3653 2695//3653
f 2695//3652 6240//3652 6232//3652
f 2695//3652 6232//3652 2697//3652
f 6238//3654 387//3654 6241//3654
f 6241//3654 387//3654 386//3654
f 6241//3653 386//3653 759//3653
f 6241//3653 759//3653 6242//3653
f 6242//3652 759//3652 758//3652
f 6242//3652 758//3652 6243//3652
f 6243//3651 758//3651 384//3651
f 6243//3651 384//3651 6234//3651
f 6234//3651 384//3651 2690//3651
f 6235//3652 6233//3652 6232//3652
f 6235//3652 6232//3652 6240//3652
f 6242//3652 6243//3652 6234//3652
f 6242//3652 6234//3652 6236//3652
f 6235//3653 6240//3653 6239//3653
f 6235//3653 6239//3653 6237//3653
f 6242//3653 6236//3653 6238//3653
f 6242//3653 6238//3653 6241//3653
f 2727//3655 6244//3655 2720//3655
f 2720//3655 6244//3655 6245//3655
f 2720//3655 6245//3655 6246//3655
f 6246//3656 6245//3656 6247//3656
f 6246//3656 6247//3656 6248//3656
f 6248//3657 6247//3657 6249//3657
f 6248//3657 6249//3657 6250//3657
f 6250//3658 6249//3658 385//3658
f 385//3658 6249//3658 2722//3658
f 2722//3658 6249//3658 6251//3658
f 2722//3658 6251//3658 2723//3658
f 2723//3657 6251//3657 6252//3657
f 2723//3657 6252//3657 2725//3657
f 2725//3656 6252//3656 6244//3656
f 2725//3656 6244//3656 2727//3656
f 6250//3658 385//3658 6253//3658
f 6253//3658 385//3658 773//3658
f 6253//3657 773//3657 772//3657
f 6253//3657 772//3657 6254//3657
f 6254//3656 772//3656 762//3656
f 6254//3656 762//3656 6255//3656
f 6255//3655 762//3655 761//3655
f 6255//3655 761//3655 6246//3655
f 6246//3655 761//3655 2720//3655
f 6247//3656 6245//3656 6244//3656
f 6247//3656 6244//3656 6252//3656
f 6254//3656 6255//3656 6246//3656
f 6254//3656 6246//3656 6248//3656
f 6247//3657 6252//3657 6251//3657
f 6247//3657 6251//3657 6249//3657
f 6254//3657 6248//3657 6250//3657
f 6254//3657 6250//3657 6253//3657
f 2722//3659 2730//3659 383//3659
f 2722//3659 383//3659 385//3659
f 2688//3660 2690//3660 384//3660
f 2688//3660 384//3660 382//3660
f 2669//3661 6256//3661 2658//3661
f 2658//3661 6256//3661 6257//3661
f 2658//3661 6257//3661 406//3661
f 406//3661 6257//3661 6258//3661
f 406//3661 6258//3661 404//3661
f 404//3662 6258//3662 6259//3662
f 404//3662 6259//3662 402//3662
f 402//3663 6259//3663 6260//3663
f 402//3663 6260//3663 400//3663
f 400//3664 6260//3664 6261//3664
f 400//3664 6261//3664 398//3664
f 398//3665 6261//3665 6262//3665
f 398//3665 6262//3665 396//3665
f 396//3666 6262//3666 391//3666
f 391//3666 6262//3666 6263//3666
f 391//3666 6263//3666 2659//3666
f 2659//3666 6263//3666 6264//3666
f 2659//3666 6264//3666 2660//3666
f 2660//3665 6264//3665 6265//3665
f 2660//3665 6265//3665 2663//3665
f 2663//3664 6265//3664 6266//3664
f 2663//3664 6266//3664 2665//3664
f 2665//3663 6266//3663 6267//3663
f 2665//3663 6267//3663 2667//3663
f 2667//3662 6267//3662 6256//3662
f 2667//3662 6256//3662 2669//3662
f 6259//3662 6258//3662 6257//3662
f 6259//3662 6257//3662 6268//3662
f 6268//3662 6257//3662 6256//3662
f 6268//3662 6256//3662 6267//3662
f 6268//3663 6267//3663 6266//3663
f 6268//3663 6266//3663 6269//3663
f 6269//3664 6266//3664 6265//3664
f 6269//3664 6265//3664 6270//3664
f 6270//3665 6265//3665 6264//3665
f 6270//3665 6264//3665 6263//3665
f 6259//3663 6268//3663 6269//3663
f 6259//3663 6269//3663 6260//3663
f 6260//3664 6269//3664 6270//3664
f 6260//3664 6270//3664 6261//3664
f 6261//3665 6270//3665 6263//3665
f 6261//3665 6263//3665 6262//3665
f 2645//3667 6271//3667 2628//3667
f 2628//3667 6271//3667 6272//3667
f 2628//3667 6272//3667 744//3667
f 744//3667 6272//3667 6273//3667
f 744//3667 6273//3667 747//3667
f 747//3668 6273//3668 6274//3668
f 747//3668 6274//3668 748//3668
f 748//3669 6274//3669 6275//3669
f 748//3669 6275//3669 749//3669
f 749//3670 6275//3670 6276//3670
f 749//3670 6276//3670 750//3670
f 750//3671 6276//3671 6277//3671
f 750//3671 6277//3671 751//3671
f 751//3672 6277//3672 6278//3672
f 751//3672 6278//3672 752//3672
f 752//3673 6278//3673 6279//3673
f 752//3673 6279//3673 753//3673
f 753//3674 6279//3674 6280//3674
f 753//3674 6280//3674 754//3674
f 754//3675 6280//3675 755//3675
f 755//3675 6280//3675 6281//3675
f 755//3675 6281//3675 2630//3675
f 2630//3675 6281//3675 6282//3675
f 2630//3675 6282//3675 2631//3675
f 2631//3674 6282//3674 6283//3674
f 2631//3674 6283//3674 2633//3674
f 2633//3673 6283//3673 6284//3673
f 2633//3673 6284//3673 2635//3673
f 2635//3672 6284//3672 6285//3672
f 2635//3672 6285//3672 2637//3672
f 2637//3671 6285//3671 6286//3671
f 2637//3671 6286//3671 2639//3671
f 2639//3670 6286//3670 6287//3670
f 2639//3670 6287//3670 2641//3670
f 2641//3669 6287//3669 6288//3669
f 2641//3669 6288//3669 2643//3669
f 2643//3668 6288//3668 6271//3668
f 2643//3668 6271//3668 2645//3668
f 6274//3668 6273//3668 6272//3668
f 6274//3668 6272//3668 6289//3668
f 6289//3668 6272//3668 6271//3668
f 6289//3668 6271//3668 6288//3668
f 6289//3669 6288//3669 6287//3669
f 6289//3669 6287//3669 6290//3669
f 6290//3670 6287//3670 6286//3670
f 6290//3670 6286//3670 6291//3670
f 6291//3671 6286//3671 6285//3671
f 6291//3671 6285//3671 6292//3671
f 6292//3672 6285//3672 6284//3672
f 6292//3672 6284//3672 6293//3672
f 6293//3673 6284//3673 6283//3673
f 6293//3673 6283//3673 6294//3673
f 6294//3674 6283//3674 6282//3674
f 6294//3674 6282//3674 6281//3674
f 6274//3669 6289//3669 6290//3669
f 6274//3669 6290//3669 6275//3669
f 6275//3670 6290//3670 6291//3670
f 6275//3670 6291//3670 6276//3670
f 6276//3671 6291//3671 6292//3671
f 6276//3671 6292//3671 6277//3671
f 6277//3672 6292//3672 6293//3672
f 6277//3672 6293//3672 6278//3672
f 6278//3673 6293//3673 6294//3673
f 6278//3673 6294//3673 6279//3673
f 6279//3674 6294//3674 6281//3674
f 6279//3674 6281//3674 6280//3674
f 2620//3676 2628//3676 744//3676
f 2620//3676 744//3676 410//3676
f 2630//3677 2648//3677 745//3677
f 2630//3677 745//3677 755//3677
f 2606//3678 6295//3678 2604//3678
f 2604//3678 6295//3678 6296//3678
f 2604//3678 6296//3678 394//3678
f 394//3678 6296//3678 6297//3678
f 394//3678 6297//3678 395//3678
f 395//3679 6297//3679 6298//3679
f 395//3679 6298//3679 397//3679
f 397//3680 6298//3680 6299//3680
f 397//3680 6299//3680 399//3680
f 399//3681 6299//3681 6300//3681
f 399//3681 6300//3681 401//3681
f 401//3682 6300//3682 6301//3682
f 401//3682 6301//3682 403//3682
f 403//3683 6301//3683 405//3683
f 405//3683 6301//3683 6302//3683
f 405//3683 6302//3683 2616//3683
f 2616//3683 6302//3683 6303//3683
f 2616//3683 6303//3683 2614//3683
f 2614//3682 6303//3682 6304//3682
f 2614//3682 6304//3682 2612//3682
f 2612//3681 6304//3681 6305//3681
f 2612//3681 6305//3681 2610//3681
f 2610//3680 6305//3680 6306//3680
f 2610//3680 6306//3680 2608//3680
f 2608//3679 6306//3679 6295//3679
f 2608//3679 6295//3679 2606//3679
f 6298//3679 6297//3679 6296//3679
f 6298//3679 6296//3679 6307//3679
f 6307//3679 6296//3679 6295//3679
f 6307//3679 6295//3679 6306//3679
f 6307//3680 6306//3680 6305//3680
f 6307//3680 6305//3680 6308//3680
f 6308//3681 6305//3681 6304//3681
f 6308//3681 6304//3681 6309//3681
f 6309//3682 6304//3682 6303//3682
f 6309//3682 6303//3682 6302//3682
f 6298//3680 6307//3680 6308//3680
f 6298//3680 6308//3680 6299//3680
f 6299//3681 6308//3681 6309//3681
f 6299//3681 6309//3681 6300//3681
f 6300//3682 6309//3682 6302//3682
f 6300//3682 6302//3682 6301//3682
f 2625//3684 6310//3684 2618//3684
f 2618//3684 6310//3684 6311//3684
f 2618//3684 6311//3684 6312//3684
f 6312//3685 6311//3685 6313//3685
f 6312//3685 6313//3685 6314//3685
f 6314//3686 6313//3686 6315//3686
f 6314//3686 6315//3686 6316//3686
f 6316//3687 6315//3687 410//3687
f 410//3687 6315//3687 2620//3687
f 2620//3687 6315//3687 6317//3687
f 2620//3687 6317//3687 2621//3687
f 2621//3686 6317//3686 6318//3686
f 2621//3686 6318//3686 2623//3686
f 2623//3685 6318//3685 6310//3685
f 2623//3685 6310//3685 2625//3685
f 6316//3687 410//3687 6319//3687
f 6319//3687 410//3687 409//3687
f 6319//3686 409//3686 743//3686
f 6319//3686 743//3686 6320//3686
f 6320//3685 743//3685 742//3685
f 6320//3685 742//3685 6321//3685
f 6321//3684 742//3684 407//3684
f 6321//3684 407//3684 6312//3684
f 6312//3684 407//3684 2618//3684
f 6313//3685 6311//3685 6310//3685
f 6313//3685 6310//3685 6318//3685
f 6320//3685 6321//3685 6312//3685
f 6320//3685 6312//3685 6314//3685
f 6313//3686 6318//3686 6317//3686
f 6313//3686 6317//3686 6315//3686
f 6320//3686 6314//3686 6316//3686
f 6320//3686 6316//3686 6319//3686
f 2655//3688 6322//3688 2648//3688
f 2648//3688 6322//3688 6323//3688
f 2648//3688 6323//3688 6324//3688
f 6324//3689 6323//3689 6325//3689
f 6324//3689 6325//3689 6326//3689
f 6326//3690 6325//3690 6327//3690
f 6326//3690 6327//3690 6328//3690
f 6328//3691 6327//3691 408//3691
f 408//3691 6327//3691 2650//3691
f 2650//3691 6327//3691 6329//3691
f 2650//3691 6329//3691 2651//3691
f 2651//3690 6329//3690 6330//3690
f 2651//3690 6330//3690 2653//3690
f 2653//3689 6330//3689 6322//3689
f 2653//3689 6322//3689 2655//3689
f 6328//3691 408//3691 6331//3691
f 6331//3691 408//3691 757//3691
f 6331//3690 757//3690 756//3690
f 6331//3690 756//3690 6332//3690
f 6332//3689 756//3689 746//3689
f 6332//3689 746//3689 6333//3689
f 6333//3688 746//3688 745//3688
f 6333//3688 745//3688 6324//3688
f 6324//3688 745//3688 2648//3688
f 6325//3689 6323//3689 6322//3689
f 6325//3689 6322//3689 6330//3689
f 6332//3689 6333//3689 6324//3689
f 6332//3689 6324//3689 6326//3689
f 6325//3690 6330//3690 6329//3690
f 6325//3690 6329//3690 6327//3690
f 6332//3690 6326//3690 6328//3690
f 6332//3690 6328//3690 6331//3690
f 2650//3692 2658//3692 406//3692
f 2650//3692 406//3692 408//3692
f 2616//3693 2618//3693 407//3693
f 2616//3693 407//3693 405//3693
f 2587//3694 2600//3694 741//3694
f 2587//3694 741//3694 413//3694
f 2600//3695 2602//3695 412//3695
f 2600//3695 412//3695 741//3695
f 2602//3696 2604//3696 394//3696
f 2602//3696 394//3696 412//3696
f 2659//3697 2672//3697 392//3697
f 2659//3697 392//3697 391//3697
f 2672//3698 2674//3698 389//3698
f 2672//3698 389//3698 392//3698
f 2674//3699 2676//3699 371//3699
f 2674//3699 371//3699 389//3699
f 2534//3700 6334//3700 2532//3700
f 2532//3700 6334//3700 6335//3700
f 2532//3700 6335//3700 47//3700
f 47//3700 6335//3700 6336//3700
f 47//3700 6336//3700 414//3700
f 414//3701 6336//3701 6337//3701
f 414//3701 6337//3701 416//3701
f 416//3702 6337//3702 6338//3702
f 416//3702 6338//3702 418//3702
f 418//3703 6338//3703 6339//3703
f 418//3703 6339//3703 420//3703
f 420//3704 6339//3704 6340//3704
f 420//3704 6340//3704 422//3704
f 422//3705 6340//3705 424//3705
f 424//3705 6340//3705 6341//3705
f 424//3705 6341//3705 2544//3705
f 2544//3705 6341//3705 6342//3705
f 2544//3705 6342//3705 2542//3705
f 2542//3704 6342//3704 6343//3704
f 2542//3704 6343//3704 2540//3704
f 2540//3703 6343//3703 6344//3703
f 2540//3703 6344//3703 2538//3703
f 2538//3702 6344//3702 6345//3702
f 2538//3702 6345//3702 2536//3702
f 2536//3701 6345//3701 6334//3701
f 2536//3701 6334//3701 2534//3701
f 6337//3701 6336//3701 6335//3701
f 6337//3701 6335//3701 6346//3701
f 6346//3701 6335//3701 6334//3701
f 6346//3701 6334//3701 6345//3701
f 6346//3702 6345//3702 6344//3702
f 6346//3702 6344//3702 6347//3702
f 6347//3703 6344//3703 6343//3703
f 6347//3703 6343//3703 6348//3703
f 6348//3704 6343//3704 6342//3704
f 6348//3704 6342//3704 6341//3704
f 6337//3702 6346//3702 6347//3702
f 6337//3702 6347//3702 6338//3702
f 6338//3703 6347//3703 6348//3703
f 6338//3703 6348//3703 6339//3703
f 6339//3704 6348//3704 6341//3704
f 6339//3704 6341//3704 6340//3704
f 2573//3706 6349//3706 2556//3706
f 2556//3706 6349//3706 6350//3706
f 2556//3706 6350//3706 727//3706
f 727//3706 6350//3706 6351//3706
f 727//3706 6351//3706 730//3706
f 730//3707 6351//3707 6352//3707
f 730//3707 6352//3707 731//3707
f 731//3708 6352//3708 6353//3708
f 731//3708 6353//3708 732//3708
f 732//3709 6353//3709 6354//3709
f 732//3709 6354//3709 733//3709
f 733//3710 6354//3710 6355//3710
f 733//3710 6355//3710 734//3710
f 734//3711 6355//3711 6356//3711
f 734//3711 6356//3711 735//3711
f 735//3712 6356//3712 6357//3712
f 735//3712 6357//3712 736//3712
f 736//3713 6357//3713 6358//3713
f 736//3713 6358//3713 737//3713
f 737//3714 6358//3714 738//3714
f 738//3714 6358//3714 6359//3714
f 738//3714 6359//3714 2558//3714
f 2558//3714 6359//3714 6360//3714
f 2558//3714 6360//3714 2559//3714
f 2559//3713 6360//3713 6361//3713
f 2559//3713 6361//3713 2561//3713
f 2561//3712 6361//3712 6362//3712
f 2561//3712 6362//3712 2563//3712
f 2563//3711 6362//3711 6363//3711
f 2563//3711 6363//3711 2565//3711
f 2565//3710 6363//3710 6364//3710
f 2565//3710 6364//3710 2567//3710
f 2567//3709 6364//3709 6365//3709
f 2567//3709 6365//3709 2569//3709
f 2569//3708 6365//3708 6366//3708
f 2569//3708 6366//3708 2571//3708
f 2571//3707 6366//3707 6349//3707
f 2571//3707 6349//3707 2573//3707
f 6352//3707 6351//3707 6350//3707
f 6352//3707 6350//3707 6367//3707
f 6367//3707 6350//3707 6349//3707
f 6367//3707 6349//3707 6366//3707
f 6367//3708 6366//3708 6365//3708
f 6367//3708 6365//3708 6368//3708
f 6368//3709 6365//3709 6364//3709
f 6368//3709 6364//3709 6369//3709
f 6369//3710 6364//3710 6363//3710
f 6369//3710 6363//3710 6370//3710
f 6370//3711 6363//3711 6362//3711
f 6370//3711 6362//3711 6371//3711
f 6371//3712 6362//3712 6361//3712
f 6371//3712 6361//3712 6372//3712
f 6372//3713 6361//3713 6360//3713
f 6372//3713 6360//3713 6359//3713
f 6352//3708 6367//3708 6368//3708
f 6352//3708 6368//3708 6353//3708
f 6353//3709 6368//3709 6369//3709
f 6353//3709 6369//3709 6354//3709
f 6354//3710 6369//3710 6370//3710
f 6354//3710 6370//3710 6355//3710
f 6355//3711 6370//3711 6371//3711
f 6355//3711 6371//3711 6356//3711
f 6356//3712 6371//3712 6372//3712
f 6356//3712 6372//3712 6357//3712
f 6357//3713 6372//3713 6359//3713
f 6357//3713 6359//3713 6358//3713
f 2548//3715 2556//3715 727//3715
f 2548//3715 727//3715 429//3715
f 2558//3716 2576//3716 728//3716
f 2558//3716 728//3716 738//3716
f 2597//3717 6373//3717 2586//3717
f 2586//3717 6373//3717 6374//3717
f 2586//3717 6374//3717 425//3717
f 425//3717 6374//3717 6375//3717
f 425//3717 6375//3717 423//3717
f 423//3718 6375//3718 6376//3718
f 423//3718 6376//3718 421//3718
f 421//3719 6376//3719 6377//3719
f 421//3719 6377//3719 419//3719
f 419//3720 6377//3720 6378//3720
f 419//3720 6378//3720 417//3720
f 417//3721 6378//3721 6379//3721
f 417//3721 6379//3721 415//3721
f 415//3722 6379//3722 413//3722
f 413//3722 6379//3722 6380//3722
f 413//3722 6380//3722 2587//3722
f 2587//3722 6380//3722 6381//3722
f 2587//3722 6381//3722 2588//3722
f 2588//3721 6381//3721 6382//3721
f 2588//3721 6382//3721 2591//3721
f 2591//3720 6382//3720 6383//3720
f 2591//3720 6383//3720 2593//3720
f 2593//3719 6383//3719 6384//3719
f 2593//3719 6384//3719 2595//3719
f 2595//3718 6384//3718 6373//3718
f 2595//3718 6373//3718 2597//3718
f 6376//3718 6375//3718 6374//3718
f 6376//3718 6374//3718 6385//3718
f 6385//3718 6374//3718 6373//3718
f 6385//3718 6373//3718 6384//3718
f 6385//3719 6384//3719 6383//3719
f 6385//3719 6383//3719 6386//3719
f 6386//3720 6383//3720 6382//3720
f 6386//3720 6382//3720 6387//3720
f 6387//3721 6382//3721 6381//3721
f 6387//3721 6381//3721 6380//3721
f 6376//3719 6385//3719 6386//3719
f 6376//3719 6386//3719 6377//3719
f 6377//3720 6386//3720 6387//3720
f 6377//3720 6387//3720 6378//3720
f 6378//3721 6387//3721 6380//3721
f 6378//3721 6380//3721 6379//3721
f 2553//3723 6388//3723 2546//3723
f 2546//3723 6388//3723 6389//3723
f 2546//3723 6389//3723 6390//3723
f 6390//3724 6389//3724 6391//3724
f 6390//3724 6391//3724 6392//3724
f 6392//3725 6391//3725 6393//3725
f 6392//3725 6393//3725 6394//3725
f 6394//3726 6393//3726 429//3726
f 429//3726 6393//3726 2548//3726
f 2548//3726 6393//3726 6395//3726
f 2548//3726 6395//3726 2549//3726
f 2549//3725 6395//3725 6396//3725
f 2549//3725 6396//3725 2551//3725
f 2551//3724 6396//3724 6388//3724
f 2551//3724 6388//3724 2553//3724
f 6394//3726 429//3726 6397//3726
f 6397//3726 429//3726 428//3726
f 6397//3725 428//3725 726//3725
f 6397//3725 726//3725 6398//3725
f 6398//3724 726//3724 725//3724
f 6398//3724 725//3724 6399//3724
f 6399//3723 725//3723 426//3723
f 6399//3723 426//3723 6390//3723
f 6390//3723 426//3723 2546//3723
f 6391//3724 6389//3724 6388//3724
f 6391//3724 6388//3724 6396//3724
f 6398//3724 6399//3724 6390//3724
f 6398//3724 6390//3724 6392//3724
f 6391//3725 6396//3725 6395//3725
f 6391//3725 6395//3725 6393//3725
f 6398//3725 6392//3725 6394//3725
f 6398//3725 6394//3725 6397//3725
f 2583//3727 6400//3727 2576//3727
f 2576//3727 6400//3727 6401//3727
f 2576//3727 6401//3727 6402//3727
f 6402//3728 6401//3728 6403//3728
f 6402//3728 6403//3728 6404//3728
f 6404//3729 6403//3729 6405//3729
f 6404//3729 6405//3729 6406//3729
f 6406//3730 6405//3730 427//3730
f 427//3730 6405//3730 2578//3730
f 2578//3730 6405//3730 6407//3730
f 2578//3730 6407//3730 2579//3730
f 2579//3729 6407//3729 6408//3729
f 2579//3729 6408//3729 2581//3729
f 2581//3728 6408//3728 6400//3728
f 2581//3728 6400//3728 2583//3728
f 6406//3730 427//3730 6409//3730
f 6409//3730 427//3730 740//3730
f 6409//3729 740//3729 739//3729
f 6409//3729 739//3729 6410//3729
f 6410//3728 739//3728 729//3728
f 6410//3728 729//3728 6411//3728
f 6411//3727 729//3727 728//3727
f 6411//3727 728//3727 6402//3727
f 6402//3727 728//3727 2576//3727
f 6403//3728 6401//3728 6400//3728
f 6403//3728 6400//3728 6408//3728
f 6410//3728 6411//3728 6402//3728
f 6410//3728 6402//3728 6404//3728
f 6403//3729 6408//3729 6407//3729
f 6403//3729 6407//3729 6405//3729
f 6410//3729 6404//3729 6406//3729
f 6410//3729 6406//3729 6409//3729
f 2578//3731 2586//3731 425//3731
f 2578//3731 425//3731 427//3731
f 2544//3732 2546//3732 426//3732
f 2544//3732 426//3732 424//3732
f 411//3733 5190//3733 44//3733
f 44//3733 5190//3733 5189//3733
f 44//3734 5189//3734 5188//3734
f 44//3734 5188//3734 45//3734
f 45//3735 5188//3735 5187//3735
f 45//3735 5187//3735 48//3735
f 48//3736 5187//3736 5186//3736
f 48//3736 5186//3736 51//3736
f 51//3737 5186//3737 5185//3737
f 51//3737 5185//3737 69//3737
f 69//3738 5185//3738 5184//3738
f 69//3738 5184//3738 71//3738
f 71//3739 5184//3739 5183//3739
f 71//3739 5183//3739 74//3739
f 74//3740 5183//3740 5182//3740
f 74//3740 5182//3740 92//3740
f 92//3741 5182//3741 5181//3741
f 92//3741 5181//3741 95//3741
f 95//3742 5181//3742 5180//3742
f 95//3742 5180//3742 114//3742
f 114//3743 5180//3743 5179//3743
f 114//3743 5179//3743 116//3743
f 116//3744 5179//3744 5178//3744
f 116//3744 5178//3744 119//3744
f 119//3745 5178//3745 5177//3745
f 119//3745 5177//3745 138//3745
f 138//3746 5177//3746 5176//3746
f 138//3746 5176//3746 141//3746
f 141//3747 5176//3747 5175//3747
f 141//3747 5175//3747 160//3747
f 160//3748 5175//3748 5174//3748
f 160//3748 5174//3748 162//3748
f 162//3749 5174//3749 5173//3749
f 162//3749 5173//3749 165//3749
f 165//3750 5173//3750 5172//3750
f 165//3750 5172//3750 184//3750
f 184//3751 5172//3751 5171//3751
f 184//3751 5171//3751 186//3751
f 186//3752 5171//3752 5170//3752
f 186//3752 5170//3752 206//3752
f 206//3753 5170//3753 5169//3753
f 206//3753 5169//3753 208//3753
f 208//3754 5169//3754 5168//3754
f 208//3754 5168//3754 211//3754
f 211//3755 5168//3755 5167//3755
f 211//3755 5167//3755 230//3755
f 230//3756 5167//3756 5166//3756
f 230//3756 5166//3756 233//3756
f 233//3757 5166//3757 5165//3757
f 233//3757 5165//3757 252//3757
f 252//3758 5165//3758 5164//3758
f 252//3758 5164//3758 254//3758
f 254//3759 5164//3759 5163//3759
f 254//3759 5163//3759 257//3759
f 257//3760 5163//3760 5162//3760
f 257//3760 5162//3760 276//3760
f 276//3761 5162//3761 5161//3761
f 276//3761 5161//3761 278//3761
f 278//3762 5161//3762 5160//3762
f 278//3762 5160//3762 297//3762
f 297//3763 5160//3763 5159//3763
f 297//3763 5159//3763 299//3763
f 299//3764 5159//3764 5158//3764
f 299//3764 5158//3764 302//3764
f 302//3765 5158//3765 5157//3765
f 302//3765 5157//3765 320//3765
f 320//3766 5157//3766 5156//3766
f 320//3766 5156//3766 322//3766
f 322//3767 5156//3767 5155//3767
f 322//3767 5155//3767 325//3767
f 325//3768 5155//3768 5154//3768
f 325//3768 5154//3768 328//3768
f 328//3769 5154//3769 5153//3769
f 328//3769 5153//3769 329//3769
f 329//3770 5153//3770 5151//3770
f 329//3770 5151//3770 330//3770
f 330//3771 5151//3771 5150//3771
f 330//3771 5150//3771 331//3771
f 331//3772 5150//3772 5234//3772
f 331//3772 5234//3772 332//3772
f 332//3773 5234//3773 5233//3773
f 332//3773 5233//3773 333//3773
f 333//3774 5233//3774 5232//3774
f 333//3774 5232//3774 334//3774
f 334//3775 5232//3775 5231//3775
f 334//3775 5231//3775 335//3775
f 335//3776 5231//3776 5230//3776
f 335//3776 5230//3776 336//3776
f 336//3777 5230//3777 5228//3777
f 336//3777 5228//3777 337//3777
f 337//3778 5228//3778 5225//3778
f 337//3778 5225//3778 338//3778
f 338//3779 5225//3779 5223//3779
f 338//3779 5223//3779 339//3779
f 339//3780 5223//3780 5221//3780
f 339//3780 5221//3780 340//3780
f 340//3781 5221//3781 5219//3781
f 340//3781 5219//3781 341//3781
f 341//3782 5219//3782 5217//3782
f 341//3782 5217//3782 345//3782
f 345//3783 5217//3783 5215//3783
f 345//3783 5215//3783 349//3783
f 349//3784 5215//3784 5214//3784
f 349//3784 5214//3784 350//3784
f 350//3785 5214//3785 5213//3785
f 350//3785 5213//3785 351//3785
f 351//3786 5213//3786 5212//3786
f 351//3786 5212//3786 352//3786
f 352//3787 5212//3787 5211//3787
f 352//3787 5211//3787 353//3787
f 353//3788 5211//3788 5210//3788
f 353//3788 5210//3788 354//3788
f 354//3789 5210//3789 5209//3789
f 354//3789 5209//3789 355//3789
f 355//3790 5209//3790 5208//3790
f 355//3790 5208//3790 356//3790
f 356//3791 5208//3791 5207//3791
f 356//3791 5207//3791 41//3791
f 41//3792 5207//3792 5206//3792
f 41//3792 5206//3792 39//3792
f 39//3793 5206//3793 5205//3793
f 39//3793 5205//3793 40//3793
f 40//3794 5205//3794 5204//3794
f 40//3794 5204//3794 357//3794
f 357//3795 5204//3795 5203//3795
f 357//3795 5203//3795 358//3795
f 358//3796 5203//3796 5202//3796
f 358//3796 5202//3796 359//3796
f 359//3797 5202//3797 5201//3797
f 359//3797 5201//3797 360//3797
f 360//3798 5201//3798 5200//3798
f 360//3798 5200//3798 361//3798
f 361//3799 5200//3799 5199//3799
f 361//3799 5199//3799 362//3799
f 362//3800 5199//3800 5198//3800
f 362//3800 5198//3800 363//3800
f 363//3801 5198//3801 5197//3801
f 363//3801 5197//3801 364//3801
f 364//3802 5197//3802 5196//3802
f 364//3802 5196//3802 365//3802
f 365//3803 5196//3803 5195//3803
f 365//3803 5195//3803 366//3803
f 366//3804 5195//3804 5194//3804
f 366//3804 5194//3804 370//3804
f 370//3805 5194//3805 5193//3805
f 370//3805 5193//3805 388//3805
f 388//3806 5193//3806 5192//3806
f 388//3806 5192//3806 390//3806
f 390//3807 5192//3807 5191//3807
f 390//3807 5191//3807 393//3807
f 393//3808 5191//3808 5190//3808
f 393//3808 5190//3808 411//3808
usemtl mat1
f 1//1 2//1 3//1
# Vertices: 6411, normals: 3808, texture coordinates: 0, faces: 12822

