# File generated by ImageToStl.com - Free Image and 3D model conversion tools

mtllib new_escapement_gear_9.mtl

o obj1
v -132.60641479 84.91648865 32.87869263
v -132.86602783 84.91648865 32.71214294
v -133.29185486 84.91648865 33.72963715
v -133.25552368 84.91648865 33.7882576
v -133.00024414 84.91648865 32.6418457
v -133.37585449 84.91648865 33.61743546
v -133.13977051 84.91648865 32.5871048
v -133.28533936 84.91648865 32.55014801
v -133.43565369 84.91648865 32.52710724
v -133.47779846 84.91648865 33.54518127
v -133.53082275 84.91648865 33.51459503
v -133.58631897 84.91648865 33.49064636
v -133.64466858 84.91648865 33.47437668
v -133.74420166 84.91648865 32.5042038
v -133.70526123 84.91648865 33.46414185
v -134.19978333 84.91648865 32.55929565
v -133.83015442 84.91648865 33.45372772
v -134.00907898 84.91648865 33.48340607
v -134.09371948 84.91648865 33.50743103
v -134.41764832 84.91648865 32.60836029
v -134.17253113 84.91648865 33.54247284
v -134.62359619 84.91648865 32.68325806
v -134.24459839 84.91648865 33.59033203
v -134.81488037 84.91648865 32.78997803
v -134.31132507 84.91648865 33.64831543
v -134.99404907 84.91648865 32.922966
v -134.43588257 84.91648865 33.781147
v -135.3321991 84.91648865 33.23271942
v -134.57792664 84.91648865 34.10431671
v -135.48573303 84.91648865 33.50751495
v -134.63594055 84.91648865 34.26935577
v -135.6282196 84.91648865 33.78544235
v -134.67941284 84.91648865 34.43825531
v -135.74862671 84.91648865 34.06964111
v -134.73036194 84.91648865 34.78562164
v -135.83650208 84.91648865 34.36306
v -135.89170837 84.91648865 34.66575241
v -135.92219543 84.91648865 34.97544861
v -134.75511169 84.91648865 35.13994598
v -135.9420166 84.91648865 35.60652161
v -134.6081543 84.91648865 36.10454559
v -134.57514954 84.91648865 36.00982285
v -135.92382812 84.91648865 36.22294998
v -134.64224243 84.91648865 36.30406952
v -134.62960815 84.91648865 36.20291519
v -135.89489746 84.91648865 36.52562714
v -134.65280151 84.91648865 36.51102448
v -135.84216309 84.91648865 36.8216629
v -135.75790405 84.91648865 37.10889053
v -134.63981628 84.91648865 36.74290085
v -135.64208984 84.91648865 37.38731384
v -134.62515259 84.91648865 36.85627365
v -135.50479126 84.91648865 37.65974045
v -134.60066223 84.91648865 36.96656799
v -135.35675049 84.91648865 37.9291687
v -134.56341553 84.91648865 37.07286072
v -135.03923035 84.91648865 38.22663498
v -134.51446533 84.91648865 37.17548752
v -134.87077332 84.91648865 38.35476685
v -134.39700317 84.91648865 37.37459946
v -134.69067383 84.91648865 38.45818329
v -134.27279663 84.91648865 37.49825287
v -134.49632263 84.91648865 38.53134918
v -134.20681763 84.91648865 37.55236053
v -134.29029846 84.91648865 38.57972717
v -134.13615417 84.91648865 37.59719849
v -134.05953979 84.91648865 37.63023758
v -133.85881042 84.91648865 38.6351738
v -133.97776794 84.91648865 37.65303802
v -133.80560303 84.91648865 37.6815567
v -133.47270203 84.91648865 38.59503937
v -133.65293884 84.91648865 37.66128922
v -133.58004761 84.91648865 37.64384079
v -133.28649902 84.91648865 38.55826187
v -133.51133728 84.91648865 37.61761475
v -133.10850525 84.91648865 38.5014267
v -133.44763184 84.91648865 37.58074951
v -132.94076538 84.91648865 38.41960144
v -133.38801575 84.91648865 37.5352478
v -132.78157043 84.91648865 38.3168602
v -133.27558899 84.91648865 37.42985153
v -132.47749329 84.91648865 38.07651138
v -133.17306519 84.91648865 37.23776245
v -133.13140869 84.91648865 37.13899994
v -133.1010437 84.91648865 37.03705215
v -132.23904419 84.91648865 37.7476387
v -133.07151794 84.91648865 36.82432938
v -132.13793945 84.91648865 37.57633209
v -132.05859375 84.91648865 37.39678955
v -132.0045166 84.91648865 37.20768356
v -131.97035217 84.91648865 37.0110321
v -131.93519592 84.91648865 36.60515594
v -133.06480408 84.91648865 36.60515594
v -131.96868896 84.91648865 36.21440125
v -133.07336426 84.91648865 36.37753296
v -132.00112915 84.91648865 36.02484512
v -132.05239868 84.91648865 35.84227371
v -132.12756348 84.91648865 35.66855621
v -133.10635376 84.91648865 36.15706635
v -132.22325134 84.91648865 35.50244522
v -132.44885254 84.91648865 35.18292236
v -132.71418762 84.91648865 34.95585632
v -133.13948059 84.91648865 36.05171585
v -133.18437195 84.91648865 35.94980621
v -132.85360718 84.91648865 34.85756302
v -133.29400635 84.91648865 35.7518158
v -133.00112915 84.91648865 34.77756119
v -133.15872192 84.91648865 34.72026062
v -133.32467651 84.91648865 34.68185425
v -133.41564941 84.91648865 35.63804245
v -133.48013306 84.91648865 35.58889771
v -133.54901123 84.91648865 35.54903412
v -133.67053223 84.91648865 34.63653564
v -133.62327576 84.91648865 35.52063751
v -133.70202637 84.91648865 35.50170898
v -133.98127747 84.91648865 34.67676544
v -133.86698914 84.91648865 35.47964859
v -134.12986755 84.91648865 34.71154022
v -134.02713013 84.91648865 35.50110626
v -134.27032471 84.91648865 34.76390457
v -134.10368347 84.91648865 35.51941299
v -134.40090942 84.91648865 34.83763885
v -134.17601013 84.91648865 35.54681015
v -134.5234375 84.91648865 34.9287529
v -134.2432251 84.91648865 35.58517075
v -134.30632019 84.91648865 35.63238525
v -134.42564392 84.91648865 35.74158478
v -134.53134155 84.91648865 35.91850662
v -133.22598267 84.91648865 33.84987259
v -132.3977356 84.91648865 33.1227951
v -133.20372009 84.91648865 33.91472626
v -133.18704224 84.91648865 33.98205566
v -132.30595398 84.91648865 33.25130463
v -132.22920227 84.91648865 33.38753891
v -132.16921997 84.91648865 33.53239059
v -133.1630249 84.91648865 34.12084961
v -132.12220764 84.91648865 33.68391037
v -132.04980469 84.91648865 33.99806595
v -133.43565369 85.51647949 32.52710724
v -133.74420166 85.51647949 32.5042038
v -133.28533936 85.51647949 32.55014801
v -133.13977051 85.51647949 32.5871048
v -133.00024414 85.51647949 32.6418457
v -132.86602783 85.51647949 32.71214294
v -132.60641479 85.51647949 32.87869263
v -134.99404907 85.51647949 32.922966
v -135.3321991 85.51647949 33.23271942
v -134.81488037 85.51647949 32.78997803
v -134.62359619 85.51647949 32.68325806
v -134.41764832 85.51647949 32.60836029
v -134.19978333 85.51647949 32.55929565
v -135.92219543 85.51647949 34.97544861
v -135.9420166 85.51647949 35.60652161
v -135.89170837 85.51647949 34.66575241
v -135.83650208 85.51647949 34.36306
v -135.74862671 85.51647949 34.06964111
v -135.6282196 85.51647949 33.78544235
v -135.48573303 85.51647949 33.50751495
v -135.50479126 85.51647949 37.65974045
v -135.35675049 85.51647949 37.9291687
v -135.64208984 85.51647949 37.38731384
v -135.75790405 85.51647949 37.10889053
v -135.84216309 85.51647949 36.8216629
v -135.89489746 85.51647949 36.52562714
v -135.92382812 85.51647949 36.22294998
v -134.29029846 85.51647949 38.57972717
v -133.85881042 85.51647949 38.6351738
v -134.49632263 85.51647949 38.53134918
v -134.69067383 85.51647949 38.45818329
v -134.87077332 85.51647949 38.35476685
v -135.03923035 85.51647949 38.22663498
v -132.78157043 85.51647949 38.3168602
v -132.47749329 85.51647949 38.07651138
v -132.94076538 85.51647949 38.41960144
v -133.10850525 85.51647949 38.5014267
v -133.28649902 85.51647949 38.55826187
v -133.47270203 85.51647949 38.59503937
v -131.97035217 85.51647949 37.0110321
v -131.93519592 85.51647949 36.60515594
v -132.0045166 85.51647949 37.20768356
v -132.05859375 85.51647949 37.39678955
v -132.13793945 85.51647949 37.57633209
v -132.23904419 85.51647949 37.7476387
v -132.22325134 85.51647949 35.50244522
v -132.44885254 85.51647949 35.18292236
v -132.12756348 85.51647949 35.66855621
v -132.05239868 85.51647949 35.84227371
v -132.00112915 85.51647949 36.02484512
v -131.96868896 85.51647949 36.21440125
v -133.32467651 85.51647949 34.68185425
v -133.67053223 85.51647949 34.63653564
v -133.15872192 85.51647949 34.72026062
v -133.00112915 85.51647949 34.77756119
v -132.85360718 85.51647949 34.85756302
v -132.71418762 85.51647949 34.95585632
v -134.5234375 85.51647949 34.9287529
v -134.75511169 85.51647949 35.13994598
v -134.40090942 85.51647949 34.83763885
v -134.27032471 85.51647949 34.76390457
v -134.12986755 85.51647949 34.71154022
v -133.98127747 85.51647949 34.67676544
v -134.57792664 85.51647949 34.10431671
v -134.43588257 85.51647949 33.781147
v -134.63594055 85.51647949 34.26935577
v -134.67941284 85.51647949 34.43825531
v -134.73036194 85.51647949 34.78562164
v -134.00907898 85.51647949 33.48340607
v -133.83015442 85.51647949 33.45372772
v -134.09371948 85.51647949 33.50743103
v -134.17253113 85.51647949 33.54247284
v -134.24459839 85.51647949 33.59033203
v -134.31132507 85.51647949 33.64831543
v -133.47779846 85.51647949 33.54518127
v -133.37585449 85.51647949 33.61743546
v -133.53082275 85.51647949 33.51459503
v -133.58631897 85.51647949 33.49064636
v -133.64466858 85.51647949 33.47437668
v -133.70526123 85.51647949 33.46414185
v -133.18704224 85.51647949 33.98205566
v -133.1630249 85.51647949 34.12084961
v -133.20372009 85.51647949 33.91472626
v -133.22598267 85.51647949 33.84987259
v -133.25552368 85.51647949 33.7882576
v -133.29185486 85.51647949 33.72963715
v -132.04980469 85.51647949 33.99806595
v -132.3977356 85.51647949 33.1227951
v -132.30595398 85.51647949 33.25130463
v -132.22920227 85.51647949 33.38753891
v -132.16921997 85.51647949 33.53239059
v -132.12220764 85.51647949 33.68391037
v -134.02713013 85.51647949 35.50110626
v -133.86698914 85.51647949 35.47964859
v -134.10368347 85.51647949 35.51941299
v -134.17601013 85.51647949 35.54681015
v -134.2432251 85.51647949 35.58517075
v -134.30632019 85.51647949 35.63238525
v -134.42564392 85.51647949 35.74158478
v -133.41564941 85.51647949 35.63804245
v -133.29400635 85.51647949 35.7518158
v -133.48013306 85.51647949 35.58889771
v -133.54901123 85.51647949 35.54903412
v -133.62327576 85.51647949 35.52063751
v -133.70202637 85.51647949 35.50170898
v -133.07336426 85.51647949 36.37753296
v -133.06480408 85.51647949 36.60515594
v -133.10635376 85.51647949 36.15706635
v -133.13948059 85.51647949 36.05171585
v -133.18437195 85.51647949 35.94980621
v -133.17306519 85.51647949 37.23776245
v -133.27558899 85.51647949 37.42985153
v -133.13140869 85.51647949 37.13899994
v -133.1010437 85.51647949 37.03705215
v -133.07151794 85.51647949 36.82432938
v -133.65293884 85.51647949 37.66128922
v -133.80560303 85.51647949 37.6815567
v -133.58004761 85.51647949 37.64384079
v -133.51133728 85.51647949 37.61761475
v -133.44763184 85.51647949 37.58074951
v -133.38801575 85.51647949 37.5352478
v -134.27279663 85.51647949 37.49825287
v -134.39700317 85.51647949 37.37459946
v -134.20681763 85.51647949 37.55236053
v -134.13615417 85.51647949 37.59719849
v -134.05953979 85.51647949 37.63023758
v -133.97776794 85.51647949 37.65303802
v -134.63981628 85.51647949 36.74290085
v -134.65280151 85.51647949 36.51102448
v -134.62515259 85.51647949 36.85627365
v -134.60066223 85.51647949 36.96656799
v -134.56341553 85.51647949 37.07286072
v -134.51446533 85.51647949 37.17548752
v -134.53134155 85.51647949 35.91850662
v -134.57514954 85.51647949 36.00982285
v -134.6081543 85.51647949 36.10454559
v -134.62960815 85.51647949 36.20291519
v -134.64224243 85.51647949 36.30406952
v -154.27967834 84.51648712 32.51941681
v -154.33460999 84.06648254 32.07202148
v -153.9229126 84.51648712 32.4738884
v -153.95429993 84.06648254 32.02498627
v -153.57115173 84.06648254 32.0186348
v -154.62893677 84.51648712 32.60531998
v -154.70776367 84.06648254 32.15921783
v -154.96611023 84.51648712 32.73047256
v -155.06951904 84.06648254 32.28557968
v -155.28683472 84.51648712 32.8932457
v -155.415802 84.06648254 32.44968033
v -155.5868988 84.51648712 33.09151459
v -155.74267578 84.06648254 32.64966202
v -155.8624115 84.51648712 33.3227005
v -156.04646301 84.06648254 32.883255
v -156.10978699 84.51648712 33.58378601
v -156.32368469 84.06648254 33.14780807
v -156.32577515 84.51648712 33.87136841
v -156.78623962 84.06648254 33.75751495
v -156.57121277 84.06648254 33.44033432
v -156.50758362 84.51648712 34.18169403
v -156.96633911 84.06648254 34.09575653
v -156.65281677 84.51648712 34.5107193
v -157.10946655 84.06648254 34.45122147
v -156.75961304 84.51648712 34.85416031
v -157.21400452 84.06648254 34.81988525
v -156.8265686 84.51648712 35.20753479
v -157.27876282 84.06648254 35.19757462
v -156.8527832 84.51648712 35.5662384
v -157.30299377 84.06648254 35.58000565
v -156.83795166 84.51648712 35.92559052
v -157.28645325 84.06648254 35.96284866
v -156.78225708 84.51648712 36.28091049
v -157.22930908 84.06648254 36.34176254
v -156.68641663 84.51648712 36.62756348
v -157.13221741 84.06648254 36.71245956
v -156.55168152 84.51648712 36.96103668
v -156.9962616 84.06648254 37.0707283
v -156.37982178 84.51648712 37.27697372
v -156.82299805 84.06648254 37.41252518
v -156.17306519 84.51648712 37.57126236
v -156.61439514 84.06648254 37.73396301
v -155.93411255 84.51648712 37.840065
v -156.37280273 84.06648254 38.03141022
v -155.6660614 84.51648712 38.07987595
v -156.10095215 84.06648254 38.30149078
v -155.37243652 84.51648712 38.28756714
v -155.47915649 84.06648254 38.74765778
v -155.80194092 84.06648254 38.54114151
v -155.05703735 84.51648712 38.46043396
v -155.13624573 84.06648254 38.91868973
v -154.72399902 84.51648712 38.59622192
v -154.77708435 84.06648254 39.05230713
v -154.37765503 84.51648712 38.69316101
v -154.40576172 84.06648254 39.14698792
v -154.02250671 84.51648712 38.74998856
v -154.02648926 84.06648254 39.20166779
v -153.66319275 84.51648712 38.76596069
v -153.64355469 84.06648254 39.21572113
v -153.30441284 84.51648712 38.74087143
v -153.26127625 84.06648254 39.18899155
v -152.95083618 84.51648712 38.67504883
v -152.8840332 84.06648254 39.12177658
v -152.60705566 84.51648712 38.56934738
v -152.51605225 84.06648254 39.0148468
v -152.27755737 84.51648712 38.42514801
v -152.16152954 84.06648254 38.86940765
v -151.9666748 84.51648712 38.24433136
v -151.82446289 84.06648254 38.6871109
v -151.67840576 84.51648712 38.02925491
v -151.50868225 84.06648254 38.47001648
v -151.41653442 84.51648712 37.78271484
v -151.21777344 84.06648254 38.22058868
v -151.18447876 84.51648712 37.50793839
v -150.72341919 84.06648254 37.6363678
v -150.95503235 84.06648254 37.94165039
v -150.98524475 84.51648712 37.20849609
v -150.52557373 84.06648254 37.30819321
v -150.82147217 84.51648712 36.88829803
v -150.36373901 84.06648254 36.96084595
v -150.69523621 84.51648712 36.55151367
v -150.23973083 84.06648254 36.5982666
v -150.60823059 84.51648712 36.20253754
v -150.154953 84.06648254 36.22455978
v -150.56156921 84.51648712 35.84591675
v -150.11039734 84.06648254 35.84395981
v -150.55586243 84.51648712 35.48630142
v -150.10653687 84.06648254 35.4607811
v -150.59118652 84.51648712 35.12838364
v -150.14344788 84.06648254 35.07936096
v -150.66708374 84.51648712 34.77682114
v -150.22067261 84.06648254 34.70402527
v -150.78256226 84.51648712 34.436203
v -150.33735657 84.06648254 34.33902359
v -150.93611145 84.51648712 34.11096954
v -150.4921875 84.06648254 33.98849487
v -151.12573242 84.51648712 33.80535507
v -150.68339539 84.06648254 33.6564064
v -151.34893799 84.51648712 33.52335358
v -150.90881348 84.06648254 33.34652328
v -151.6028595 84.51648712 33.26863098
v -151.16589355 84.06648254 33.06235886
v -151.88415527 84.51648712 33.0445137
v -151.76306152 84.06648254 32.58372879
v -151.45173645 84.06648254 32.80712891
v -152.18916321 84.51648712 32.8539238
v -152.09638977 84.06648254 32.39468765
v -152.51391602 84.51648712 32.69934464
v -152.44793701 84.06648254 32.24214935
v -152.85415649 84.51648712 32.58279037
v -152.81367493 84.06648254 32.12783432
v -153.20547485 84.51648712 32.50578308
v -153.18951416 84.06648254 32.05305099
v -153.56329346 84.51648712 32.4693222
v -157.12176514 74.96648407 34.48782349
v -156.98472595 74.96648407 34.13584137
v -156.97451782 79.51647949 34.11341095
v -157.11572266 79.51647949 34.46964645
v -157.12176514 77.1164856 34.48782349
v -157.21826172 79.51647949 34.838871
v -157.21510315 77.1164856 34.82476044
v -157.28097534 79.51647949 35.2169075
v -157.27531433 77.1164856 35.16916656
v -157.30314636 79.51647949 35.59946442
v -157.30183411 77.1164856 35.51778793
v -157.28453064 79.51647949 35.98221207
v -157.29441833 77.1164856 35.86734009
v -157.2253418 79.51647949 36.36081314
v -157.25312805 77.1164856 36.2145195
v -157.12623596 79.51647949 36.7309761
v -157.17832947 77.1164856 36.55605698
v -156.98835754 79.51647949 37.08850861
v -157.07078552 77.1164856 36.8887291
v -156.81324768 79.51647949 37.42935944
v -156.93145752 77.1164856 37.20940018
v -156.93145752 74.96648407 37.20940018
v -156.7449646 74.96648407 37.5417366
v -156.60290527 79.51647949 37.74966812
v -156.52436829 74.96648407 37.8524971
v -156.35969543 79.51647949 38.04580307
v -156.27215576 74.96648407 38.13819504
v -156.08641052 79.51647949 38.31440735
v -155.99116516 74.96648407 38.3956337
v -155.78610229 79.51647949 38.55244446
v -155.68452454 74.96648407 38.62192535
v -155.46220398 79.51647949 38.75720978
v -155.35568237 74.96648407 38.81452942
v -155.11837769 79.51647949 38.92638779
v -155.0083313 74.96648407 38.97129822
v -154.75849915 79.51647949 39.05805969
v -154.64634705 77.1164856 39.09046936
v -154.64634705 74.96648407 39.09046936
v -156.81155396 74.96648407 33.80015945
v -156.79624939 79.51647949 33.77420807
v -156.60415649 74.96648407 33.48446655
v -156.58293152 79.51647949 33.45587158
v -156.36483765 74.96648407 33.19224548
v -156.3369751 79.51647949 33.16201019
v -156.09620667 74.96648407 32.92670822
v -156.06118774 79.51647949 32.89595795
v -155.80122375 74.96648407 32.69077682
v -155.75868225 79.51647949 32.66072845
v -155.48316956 74.96648407 32.48705292
v -155.43289185 79.51647949 32.45898438
v -155.14550781 74.96648407 32.31777191
v -155.0874939 79.51647949 32.29301453
v -154.79196167 74.96648407 32.18480682
v -154.72642517 79.51647949 32.16469574
v -154.42643738 74.96648407 32.08961487
v -154.35375977 79.51647949 32.07548523
v -154.052948 74.96648407 32.03324509
v -153.97370911 79.51647949 32.02639389
v -153.67559814 74.96648407 32.01631927
v -153.59060669 79.51647949 32.01797485
v -153.29856873 74.96648407 32.03902435
v -153.20877075 79.51647949 32.0503273
v -152.92599487 74.96648407 32.10110855
v -152.56196594 74.96648407 32.20188904
v -152.83255005 79.51647949 32.12307739
v -152.21051025 74.96648407 32.34025574
v -152.46618652 79.51647949 32.2354126
v -151.87547302 74.96648407 32.5146904
v -152.11383057 79.51647949 32.38605118
v -151.56056213 74.96648407 32.72326279
v -151.77949524 79.51647949 32.57328796
v -151.26924133 74.96648407 32.96368408
v -151.46694946 79.51647949 32.79500198
v -151.00471497 74.96648407 33.23330688
v -151.17973328 79.51647949 33.04868317
v -150.76989746 74.96648407 33.52916336
v -150.92111206 79.51647949 33.33145523
v -150.56735229 74.96648407 33.84799194
v -150.69403076 79.51647949 33.64011383
v -150.39935303 74.96648407 34.18629074
v -150.5010376 79.51647949 33.97116089
v -150.26771545 74.96648407 34.54032516
v -150.34431458 79.51647949 34.32085037
v -150.17388916 74.96648407 34.90620804
v -150.22564697 79.51647949 34.685215
v -150.118927 74.96648407 35.27990723
v -150.14639282 79.51647949 35.06012726
v -150.10342407 74.96648407 35.65730667
v -150.10743713 79.51647949 35.44134521
v -150.12753296 74.96648407 36.03425598
v -150.10922241 79.51647949 35.82453918
v -150.19102478 74.96648407 36.40660095
v -150.15171814 79.51647949 36.20537186
v -150.29316711 74.96648407 36.7702446
v -150.23446655 79.51647949 36.57953262
v -150.43286133 74.96648407 37.1211853
v -150.35650635 79.51647949 36.94277954
v -150.60853577 74.96648407 37.45555878
v -150.51647949 79.51647949 37.29099274
v -150.81829834 74.96648407 37.76968384
v -150.71255493 79.51647949 37.62023163
v -151.05981445 74.96648407 38.06010437
v -150.94250488 79.51647949 37.92676544
v -151.33042908 74.96648407 38.32361603
v -151.20373535 79.51647949 38.20711517
v -151.62716675 74.96648407 38.55732346
v -151.49328613 79.51647949 38.45811462
v -151.94674683 74.96648407 38.75865555
v -151.80789185 79.51647949 38.6769104
v -152.28567505 74.96648407 38.92539215
v -152.28567505 77.11647797 38.92539215
v -152.14395142 79.51647949 38.86102676
v -152.60832214 77.1164856 39.04568481
v -152.49769592 79.51647949 39.00838089
v -152.94096375 77.1164856 39.13459778
v -152.86508179 79.51647949 39.11729813
v -153.28060913 77.1164856 39.19132614
v -153.24197388 79.51647949 39.18655014
v -153.62409973 77.1164856 39.21534729
v -153.62409973 79.51647949 39.21534729
v -153.96832275 77.1164856 39.20643616
v -154.0071106 79.51647949 39.20336151
v -154.31011963 77.1164856 39.1646843
v -154.38667297 79.51647949 39.15073395
v -153.56329346 74.51647949 32.4693222
v -153.9229126 74.51647949 32.4738884
v -154.27967834 74.51647949 32.51941681
v -154.62893677 74.51647949 32.60531998
v -154.96611023 74.51647949 32.73047256
v -155.28683472 74.51647949 32.8932457
v -155.5868988 74.51647949 33.09151459
v -155.8624115 74.51647949 33.3227005
v -156.10978699 74.51647949 33.58378601
v -156.32577515 74.51647949 33.87136841
v -156.50758362 74.51647949 34.18169403
v -156.65281677 74.51647949 34.5107193
v -153.20547485 74.51647949 32.50578308
v -152.85415649 74.51647949 32.58279037
v -152.51391602 74.51647949 32.69934464
v -152.18916321 74.51647949 32.8539238
v -151.88415527 74.51647949 33.0445137
v -151.6028595 74.51647949 33.26863098
v -151.34893799 74.51647949 33.52335358
v -151.12573242 74.51647949 33.80535507
v -150.93611145 74.51647949 34.11096954
v -150.78256226 74.51647949 34.436203
v -150.66708374 74.51647949 34.77682114
v -150.59118652 74.51647949 35.12838364
v -150.55586243 74.51647949 35.48630142
v -150.56156921 74.51647949 35.84591675
v -150.60823059 74.51647949 36.20253754
v -150.69523621 74.51647949 36.55151367
v -150.82147217 74.51647949 36.88829803
v -150.98524475 74.51647949 37.20849609
v -151.18447876 74.51647949 37.50793839
v -151.41653442 74.51647949 37.78271484
v -151.67840576 74.51647949 38.02925491
v -151.9666748 74.51647949 38.24433136
v -152.27755737 74.51647949 38.42514801
v -152.60705566 74.51647949 38.56934738
v -152.59199524 74.87755585 38.94681549
v -152.95083618 74.51647949 38.67504883
v -152.88858032 74.81539917 38.96755219
v -153.30441284 74.51647949 38.74087143
v -153.46601868 74.76647949 39.00793076
v -153.17884827 74.77864838 38.98785019
v -153.66319275 74.51647949 38.76596069
v -153.75317383 74.77864838 39.02801132
v -154.02250671 74.51647949 38.74998856
v -154.04344177 74.81539917 39.04830933
v -154.37765503 74.51647949 38.69316101
v -154.34002686 74.87755585 39.06904602
v -154.72399902 74.51647949 38.59622192
v -155.05703735 74.51647949 38.46043396
v -155.37243652 74.51647949 38.28756714
v -155.6660614 74.51647949 38.07987595
v -155.93411255 74.51647949 37.840065
v -156.17306519 74.51647949 37.57126236
v -156.37982178 74.51647949 37.27697372
v -156.55168152 74.51647949 36.96103668
v -156.68641663 74.51647949 36.62756348
v -156.98042297 74.76317596 36.50904846
v -156.95648193 74.84642029 36.85152435
v -156.78225708 74.51647949 36.28091049
v -157.00369263 74.71419525 36.17642593
v -156.83795166 74.51647949 35.92559052
v -157.02661133 74.69802856 35.84860992
v -156.8527832 74.51647949 35.5662384
v -157.04954529 74.71419525 35.52079773
v -156.8265686 74.51647949 35.20753479
v -157.07278442 74.76317596 35.18817139
v -156.75961304 74.51647949 34.85416031
v -157.09674072 74.84642029 34.84569931
v -157.10910034 74.90164185 34.66905975
v -156.94413757 74.90164185 37.02816391
v -153.9229126 73.51647949 32.4738884
v -153.56329346 73.51647949 32.4693222
v -153.20547485 73.51647949 32.50578308
v -152.85415649 73.51647949 32.58279037
v -152.51391602 73.51647949 32.69934464
v -152.18916321 73.51647949 32.8539238
v -151.88415527 73.51647949 33.0445137
v -151.6028595 73.51647949 33.26863098
v -151.34893799 73.51647949 33.52335358
v -151.12573242 73.51647949 33.80535507
v -150.93611145 73.51647949 34.11096954
v -150.78256226 73.51647949 34.436203
v -150.66708374 73.51647949 34.77682114
v -150.59118652 73.51647949 35.12838364
v -150.55586243 73.51647949 35.48630142
v -150.56156921 73.51647949 35.84591675
v -150.60823059 73.51647949 36.20253754
v -150.69523621 73.51647949 36.55151367
v -150.82147217 73.51647949 36.88829803
v -150.98524475 73.51647949 37.20849609
v -151.18447876 73.51647949 37.50793839
v -151.41653442 73.51647949 37.78271484
v -151.67840576 73.51647949 38.02925491
v -151.9666748 73.51647949 38.24433136
v -152.27755737 73.51647949 38.42514801
v -152.60705566 73.51647949 38.56934738
v -152.95083618 73.51647949 38.67504883
v -153.30441284 73.51647949 38.74087143
v -153.66319275 73.51647949 38.76596069
v -154.02250671 73.51647949 38.74998856
v -154.37765503 73.51647949 38.69316101
v -154.72399902 73.51647949 38.59622192
v -155.05703735 73.51647949 38.46043396
v -155.37243652 73.51647949 38.28756714
v -155.6660614 73.51647949 38.07987595
v -155.93411255 73.51647949 37.840065
v -156.17306519 73.51647949 37.57126236
v -156.37982178 73.51647949 37.27697372
v -156.55168152 73.51647949 36.96103668
v -156.68641663 73.51647949 36.62756348
v -156.78225708 73.51647949 36.28091049
v -156.83795166 73.51647949 35.92559052
v -156.8527832 73.51647949 35.5662384
v -156.8265686 73.51647949 35.20753479
v -156.75961304 73.51647949 34.85416031
v -156.65281677 73.51647949 34.5107193
v -156.50758362 73.51647949 34.18169403
v -156.32577515 73.51647949 33.87136841
v -156.10978699 73.51647949 33.58378601
v -155.8624115 73.51647949 33.3227005
v -155.5868988 73.51647949 33.09151459
v -155.28683472 73.51647949 32.8932457
v -154.96611023 73.51647949 32.73047256
v -154.62893677 73.51647949 32.60531998
v -154.27967834 73.51647949 32.51941681
v -153.56329346 85.51647949 32.4693222
v -153.9229126 85.51647949 32.4738884
v -153.20547485 85.51647949 32.50578308
v -152.85415649 85.51647949 32.58279037
v -152.51391602 85.51647949 32.69934464
v -152.18916321 85.51647949 32.8539238
v -151.88415527 85.51647949 33.0445137
v -151.6028595 85.51647949 33.26863098
v -151.34893799 85.51647949 33.52335358
v -151.12573242 85.51647949 33.80535507
v -150.93611145 85.51647949 34.11096954
v -150.78256226 85.51647949 34.436203
v -150.66708374 85.51647949 34.77682114
v -150.59118652 85.51647949 35.12838364
v -150.55586243 85.51647949 35.48630142
v -150.56156921 85.51647949 35.84591675
v -150.60823059 85.51647949 36.20253754
v -150.69523621 85.51647949 36.55151367
v -150.82147217 85.51647949 36.88829803
v -150.98524475 85.51647949 37.20849609
v -151.18447876 85.51647949 37.50793839
v -151.41653442 85.51647949 37.78271484
v -151.67840576 85.51647949 38.02925491
v -151.9666748 85.51647949 38.24433136
v -152.27755737 85.51647949 38.42514801
v -152.60705566 85.51647949 38.56934738
v -152.95083618 85.51647949 38.67504883
v -153.30441284 85.51647949 38.74087143
v -153.66319275 85.51647949 38.76596069
v -154.02250671 85.51647949 38.74998856
v -154.37765503 85.51647949 38.69316101
v -154.72399902 85.51647949 38.59622192
v -155.05703735 85.51647949 38.46043396
v -155.37243652 85.51647949 38.28756714
v -155.6660614 85.51647949 38.07987595
v -155.93411255 85.51647949 37.840065
v -156.17306519 85.51647949 37.57126236
v -156.37982178 85.51647949 37.27697372
v -156.55168152 85.51647949 36.96103668
v -156.68641663 85.51647949 36.62756348
v -156.78225708 85.51647949 36.28091049
v -156.83795166 85.51647949 35.92559052
v -156.8527832 85.51647949 35.5662384
v -156.8265686 85.51647949 35.20753479
v -156.75961304 85.51647949 34.85416031
v -156.65281677 85.51647949 34.5107193
v -156.50758362 85.51647949 34.18169403
v -156.32577515 85.51647949 33.87136841
v -156.10978699 85.51647949 33.58378601
v -155.8624115 85.51647949 33.3227005
v -155.5868988 85.51647949 33.09151459
v -155.28683472 85.51647949 32.8932457
v -154.96611023 85.51647949 32.73047256
v -154.62893677 85.51647949 32.60531998
v -154.27967834 85.51647949 32.51941681
v -131.05886841 85.51647949 29.33248711
v -131.20585632 85.51647949 28.825037
v -130.96888733 85.51647949 29.41351318
v -130.27902222 85.51647949 32.38845825
v -130.86769104 85.51647949 29.48002815
v -130.39752197 85.51647949 32.60031128
v -130.34635925 85.51647949 32.48986053
v -130.33560181 85.51647949 33.12497711
v -130.2855072 85.51647949 33.65090179
v -130.24725342 85.51647949 34.1778183
v -130.09091187 85.51647949 34.36188507
v -130.17607117 85.51647949 34.27578354
v -129.99372864 85.51647949 34.43414688
v -129.88676453 85.51647949 34.49091339
v -129.91247559 85.51647949 37.20293427
v -129.796875 85.51647949 37.16483307
v -129.77246094 85.51647949 34.53088379
v -129.65342712 85.51647949 34.55314255
v -129.67681885 85.51647949 37.14471436
v -128.14505005 85.51647949 34.71836472
v -128.16540527 85.51647949 37.00843811
v -130.02096558 85.51647949 37.25813293
v -130.27975464 85.51647949 37.51173401
v -130.20675659 85.51647949 37.41434097
v -130.32829285 85.51647949 38.03780746
v -130.3886261 85.51647949 38.5626564
v -130.46075439 85.51647949 39.08601379
v -130.41149902 85.51647949 39.19664001
v -130.99130249 85.51647949 42.19497681
v -130.87985229 85.51647949 42.14606476
v -130.34609985 85.51647949 39.2985611
v -130.26608276 85.51647949 39.38945007
v -130.76225281 85.51647949 42.11463165
v -130.17324829 85.51647949 39.46721649
v -130.64126587 85.51647949 42.10139847
v -130.06974792 85.51647949 39.53007889
v -130.51965332 85.51647949 42.10667038
v -129.95794678 85.51647949 39.57659912
v -129.01292419 85.51647949 42.28762054
v -128.51687622 85.51647949 40.05182266
v -128.88967896 85.51647949 42.29178619
v -128.54074097 85.51647949 42.180336
v -128.76753235 85.51647949 42.27486038
v -131.18572998 85.51647949 42.34031677
v -131.09405518 85.51647949 42.26023102
v -131.34255981 85.51647949 42.84480667
v -138.62283325 85.51647949 40.65534973
v -131.51071167 85.51647949 43.34563828
v -138.87709045 85.51647949 41.36051178
v -131.69007874 85.51647949 43.84256363
v -139.16430664 85.51647949 42.05290222
v -138.40208435 85.51647949 39.93899536
v -138.21534729 85.51647949 39.21302414
v -138.06303406 85.51647949 38.47906494
v -137.94549561 85.51647949 37.73873901
v -137.80322266 85.51647949 35.5829277
v -147.55235291 85.51647949 30.82795334
v -146.13656616 85.51647949 33.74368668
v -137.82244873 85.51647949 34.83357239
v -137.8769989 85.51647949 34.0859642
v -137.96670532 85.51647949 33.3417511
v -138.09140015 85.51647949 32.60259628
v -138.2507782 85.51647949 31.87013817
v -138.44450378 85.51647949 31.14600754
v -131.53384399 85.51647949 27.82069206
v -131.36419678 85.51647949 28.32102203
v -153.14584351 85.51647949 27.84128952
v -156.35638428 85.51647949 28.2867775
v -146.81515503 85.51647949 21.28565216
v -148.82147217 85.51647949 20.48416138
v -144.17687988 85.51647949 14.13367748
v -144.66220093 85.51647949 13.92495728
v -150.0316925 85.51647949 28.74015427
v -141.58189392 85.51647949 25.32621384
v -143.08877563 85.51647949 23.77796364
v -136.26272583 85.51647949 19.86564255
v -136.62121582 85.51647949 19.47756577
v -146.02911377 85.51647949 36.98319244
v -140.17112732 85.51647949 43.96446609
v -133.33410645 85.51647949 47.33587646
v -133.07580566 85.51647949 46.87502289
v -147.24856567 85.51647949 39.98633957
v -149.58409119 85.51647949 42.23385239
v -152.6318512 85.51647949 43.33711243
v -155.86483765 85.51647949 43.10535812
v -158.72406006 85.51647949 41.57866669
v -160.71514893 85.51647949 39.02100754
v -161.49377441 85.51647949 35.87462997
v -160.925354 85.51647949 32.68357086
v -159.1081543 85.51647949 29.99959183
v -153.2394104 85.51647949 19.72297859
v -155.39828491 85.51647949 19.80682945
v -152.49085999 85.51647949 19.76249886
v -152.68188477 85.51647949 12.13841534
v -153.20991516 85.51647949 12.12139034
v -151.74499512 85.51647949 19.83725739
v -149.36962891 85.51647949 12.51923656
v -149.4588623 85.51647949 12.43644905
v -149.53450012 85.51647949 12.34108353
v -152.57702637 85.51647949 12.07786465
v -152.48248291 85.51647949 12.00217628
v -149.5947876 85.51647949 12.23534584
v -152.40046692 85.51647949 11.91308784
v -149.63835144 85.51647949 12.12168503
v -152.33282471 85.51647949 11.81264019
v -149.66416931 85.51647949 12.00273132
v -152.28112793 85.51647949 11.70313358
v -149.6716156 85.51647949 11.88124084
v -152.24655151 85.51647949 11.58707809
v -149.64916992 85.51647949 10.36384583
v -151.92456055 85.51647949 10.10423756
v -149.73709106 85.51647949 10.00825024
v -149.8052063 85.51647949 9.90547085
v -151.003479 85.51647949 19.94708443
v -150.26797485 85.51647949 20.09173965
v -148.85151672 85.51647949 12.62248993
v -148.33584595 85.51647949 12.73736477
v -149.5401001 85.51647949 20.27089691
v -147.82289124 85.51647949 12.86380196
v -144.73226929 85.51647949 13.82542706
v -168.67523193 85.51647949 30.2638607
v -169.26261902 85.51647949 32.34298325
v -168.40634155 85.51647949 29.56415367
v -175.71630859 85.51647949 27.38986206
v -175.89567566 85.51647949 27.88678932
v -168.10473633 85.51647949 28.87789726
v -174.33058167 85.51647949 24.35739899
v -174.43688965 85.51647949 24.41667938
v -175.7414856 85.51647949 27.2714119
v -174.5509491 85.51647949 24.45914841
v -175.78424072 85.51647949 27.1581192
v -174.6701355 85.51647949 24.48381615
v -175.84364319 85.51647949 27.05258179
v -174.79171753 85.51647949 24.49011612
v -175.91827393 85.51647949 26.95721626
v -174.91281128 85.51647949 24.47790146
v -176.00643921 85.51647949 26.87420845
v -175.03067017 85.51647949 24.44745827
v -176.10612488 85.51647949 26.80545807
v -176.46684265 85.51647949 23.95719528
v -177.41690063 85.51647949 26.041008
v -176.58653259 85.51647949 23.92749786
v -176.95100403 85.51647949 23.96396446
v -176.70951843 85.51647949 23.9186573
v -167.77116394 85.51647949 28.20661926
v -167.40629578 85.51647949 27.55181122
v -174.07226562 85.51647949 23.89654922
v -173.80368042 85.51647949 23.44161987
v -167.01097107 85.51647949 26.91492271
v -173.5249176 85.51647949 22.99284363
v -166.58609009 85.51647949 26.29737854
v -165.20384216 85.51647949 24.63691521
v -141.11036682 85.51647949 25.90894318
v -135.57240295 85.51647949 20.66547394
v -135.91307068 85.51647949 20.26167679
v -140.6668396 85.51647949 26.51324844
v -133.63908386 85.51647949 23.38177681
v -133.63725281 85.51647949 23.2600708
v -135.45722961 85.51647949 20.70288849
v -133.61700439 85.51647949 23.14004898
v -135.33773804 85.51647949 20.72249413
v -133.57876587 85.51647949 23.02448654
v -135.21664429 85.51647949 20.7238369
v -133.5234375 85.51647949 22.91606712
v -135.09674072 85.51647949 20.70688629
v -133.45231628 85.51647949 22.81729126
v -134.98075867 85.51647949 20.67203522
v -133.36701965 85.51647949 22.73045349
v -134.87138367 85.51647949 20.62007713
v -132.22434998 85.51647949 21.73181152
v -133.55395508 85.51647949 19.86714554
v -132.13879395 85.51647949 21.643013
v -131.98812866 85.51647949 21.30912781
v -132.06964111 85.51647949 21.54092026
v -140.25230408 85.51647949 27.13778496
v -139.86764526 85.51647949 27.78116608
v -133.36912537 85.51647949 23.83590508
v -133.10943604 85.51647949 24.29598236
v -139.51374817 85.51647949 28.4419632
v -132.86016846 85.51647949 24.7617836
v -139.19137573 85.51647949 29.11870575
v -144.73657227 85.51647949 48.74671173
v -143.03929138 85.51647949 47.40991592
v -145.36540222 85.51647949 49.15472412
v -140.72953796 85.51647949 55.21045303
v -140.29234314 85.51647949 54.91386032
v -146.01275635 85.51647949 49.53265381
v -143.63304138 85.51647949 56.84925842
v -143.51219177 85.51647949 56.86378479
v -140.77877808 85.51647949 55.32108307
v -143.39494324 85.51647949 56.89648056
v -140.8107605 85.51647949 55.43788147
v -143.28401184 85.51647949 56.94658279
v -140.82476807 85.51647949 55.5581665
v -143.18197632 85.51647949 57.01293564
v -140.82043457 85.51647949 55.67918396
v -143.09117126 85.51647949 57.09400177
v -140.79789734 85.51647949 55.79816437
v -143.01373291 85.51647949 57.18790436
v -140.75765991 85.51647949 55.91238022
v -142.13999939 85.51647949 58.42870331
v -140.14656067 85.51647949 57.30128479
v -141.85984802 85.51647949 58.66470337
v -141.74432373 85.51647949 58.70780945
v -146.67720032 85.51647949 49.87965012
v -147.35726929 85.51647949 50.19494629
v -144.11289978 85.51647949 57.07026672
v -144.59761047 85.51647949 57.28042984
v -148.05143738 85.51647949 50.47783279
v -145.08691406 85.51647949 57.47964859
v -148.75816345 85.51647949 50.72769165
v -150.85243225 85.51647949 51.25856781
v -157.46121216 85.51647949 51.0657196
v -155.33207703 85.51647949 51.43255615
v -158.18519592 85.51647949 50.87142944
v -159.58346558 85.51647949 58.36862564
v -159.07052612 85.51647949 58.49506378
v -158.8992157 85.51647949 50.64323425
v -162.74417114 85.51647949 57.30746841
v -162.67410278 85.51647949 57.40699768
v -162.61994934 85.51647949 57.51600647
v -159.69865417 85.51647949 58.40604782
v -159.80683899 85.51647949 58.46043015
v -162.58294678 85.51647949 57.63196945
v -159.90559387 85.51647949 58.53051758
v -162.56399536 85.51647949 57.7522049
v -159.99264526 85.51647949 58.61470795
v -162.56347656 85.51647949 57.87392044
v -160.065979 85.51647949 58.71107101
v -162.5814209 85.51647949 57.99430847
v -160.12393188 85.51647949 58.81740189
v -162.91888428 85.51647949 59.47387695
v -160.74719238 85.51647949 60.20088959
v -162.90681458 85.51647949 59.83998108
v -162.86154175 85.51647949 59.9546814
v -159.60168457 85.51647949 50.38163757
v -160.29104614 85.51647949 50.08722305
v -163.22950745 85.51647949 57.09875107
v -163.71002197 85.51647949 56.87917328
v -160.96575928 85.51647949 49.76064682
v -164.18547058 85.51647949 56.64884949
v -161.62432861 85.51647949 49.40262604
v -163.42019653 85.51647949 48.2015152
v -167.69900513 85.51647949 43.16119385
v -166.54695129 85.51647949 44.98890686
v -168.03907776 85.51647949 42.49316406
v -174.54620361 85.51647949 46.47064209
v -174.29693604 85.51647949 46.93643951
v -168.34725952 85.51647949 41.80984879
v -175.87252808 85.51647949 43.41173172
v -175.89962769 85.51647949 43.53040314
v -175.94438171 85.51647949 43.64358902
v -174.65109253 85.51647949 46.41009903
v -174.7638855 85.51647949 46.36607742
v -176.00579834 85.51647949 43.74867249
v -174.88204956 85.51647949 46.33958435
v -176.0824585 85.51647949 43.84322739
v -175.00286865 85.51647949 46.33123398
v -176.1725769 85.51647949 43.92505264
v -175.12356567 85.51647949 46.34121323
v -176.27404785 85.51647949 43.99226379
v -175.24136353 85.51647949 46.36929321
v -177.59939575 85.51647949 44.73150635
v -176.68652344 85.51647949 46.8318634
v -177.70153809 85.51647949 44.80057144
v -177.9183197 85.51647949 45.09584045
v -177.79040527 85.51647949 44.88605881
v -168.62289429 85.51647949 41.11277008
v -168.8653717 85.51647949 40.4034729
v -176.04217529 85.51647949 42.91140747
v -176.20053101 85.51647949 42.40738678
v -169.07415771 85.51647949 39.68353653
v -176.34750366 85.51647949 41.89994049
v -169.2487793 85.51647949 38.95455933
v -177.0088501 85.51647949 38.63211823
v -177.06001282 85.51647949 38.74256516
v -169.55783081 85.51647949 36.81627655
v -139.86192322 85.51647949 54.60750961
v -139.43850708 85.51647949 54.29156494
v -139.317276 85.51647949 54.28064728
v -136.96434021 85.51647949 52.20335007
v -136.93916321 85.51647949 52.0848999
v -139.19578552 85.51647949 54.28825378
v -136.97134399 85.51647949 52.32424164
v -139.07685852 85.51647949 54.31419754
v -136.96002197 85.51647949 52.44480896
v -138.96325684 85.51647949 54.35787964
v -136.93063354 85.51647949 52.56229019
v -138.85758972 85.51647949 54.41829681
v -136.8838501 85.51647949 52.67398453
v -138.76231384 85.51647949 54.49404907
v -136.82073975 85.51647949 52.77733231
v -137.64970398 85.51647949 55.52606964
v -135.93423462 85.51647949 54.00883102
v -137.55244446 85.51647949 55.60187912
v -137.44367981 85.51647949 55.65998077
v -137.32659912 85.51647949 55.69866943
v -137.20463562 85.51647949 55.71681595
v -136.60334778 85.51647949 55.75411987
v -135.80014038 85.51647949 54.47712326
v -135.87068176 85.51647949 54.11540222
v -135.8263855 85.51647949 54.23129654
v -135.80262756 85.51647949 54.35307312
v -136.47821045 85.51647949 55.75098038
v -135.84033203 85.51647949 55.08314514
v -136.35552979 85.51647949 55.72622299
v -136.23898315 85.51647949 55.68058777
v -136.13208008 85.51647949 55.61545944
v -136.0381012 85.51647949 55.5328064
v -135.95983887 85.51647949 55.43512344
v -135.89968872 85.51647949 55.32536316
v -135.85943604 85.51647949 55.20684052
v -136.57319641 85.51647949 51.70388794
v -141.97619629 85.51647949 46.3534317
v -142.49528503 85.51647949 46.894207
v -136.21588135 85.51647949 51.31474304
v -135.86740112 85.51647949 50.91766739
v -141.48316956 85.51647949 45.78878403
v -141.01730347 85.51647949 45.20153427
v -133.88146973 85.51647949 48.23958588
v -140.57962036 85.51647949 44.59297562
v -133.60270691 85.51647949 47.790802
v -135.75108337 85.51647949 50.88178635
v -133.88146973 85.51647949 48.36067581
v -135.63067627 85.51647949 50.8639679
v -133.8631897 85.51647949 48.48038483
v -135.50895691 85.51647949 50.86461639
v -133.82704163 85.51647949 48.59596634
v -135.38874817 85.51647949 50.88372803
v -133.77386475 85.51647949 48.70476151
v -135.27282715 85.51647949 50.92085266
v -133.70487976 85.51647949 48.80429077
v -135.16387939 85.51647949 50.9751358
v -133.62165833 85.51647949 48.89226532
v -133.86100769 85.51647949 51.75328827
v -132.49848938 85.51647949 49.91253281
v -133.75012207 85.51647949 51.80721664
v -133.63165283 85.51647949 51.84143448
v -133.50909424 85.51647949 51.85493469
v -133.38601685 85.51647949 51.84732819
v -132.7901001 85.51647949 51.75880051
v -132.2699585 85.51647949 50.34271622
v -132.41416931 85.51647949 50.00356293
v -132.34674072 85.51647949 50.10771179
v -132.29818726 85.51647949 50.22189713
v -132.66836548 85.51647949 51.72971725
v -132.18328857 85.51647949 50.94385147
v -132.55351257 85.51647949 51.67998886
v -132.44898987 85.51647949 51.61111832
v -132.35797119 85.51647949 51.52519226
v -132.28323364 85.51647949 51.42480469
v -132.22698975 85.51647949 51.31298447
v -132.190979 85.51647949 51.19311523
v -132.17625427 85.51647949 51.06882095
v -132.96949768 85.51647949 46.81574249
v -131.66490173 85.51647949 43.96101379
v -132.85540771 85.51647949 46.7732811
v -131.62213135 85.51647949 44.07430649
v -132.73622131 85.51647949 46.74861145
v -131.56274414 85.51647949 44.1798439
v -132.6146698 85.51647949 46.74230957
v -131.48809814 85.51647949 44.27520752
v -132.49356079 85.51647949 46.75452423
v -131.39993286 85.51647949 44.35821915
v -132.3757019 85.51647949 46.78496933
v -131.30024719 85.51647949 44.42697144
v -130.93951416 85.51647949 47.27523422
v -129.98948669 85.51647949 45.19142151
v -130.81983948 85.51647949 47.30492401
v -130.69685364 85.51647949 47.31376648
v -130.57415771 85.51647949 47.30149078
v -130.45535278 85.51647949 47.26846313
v -129.8908844 85.51647949 47.05797195
v -129.67652893 85.51647949 45.56468964
v -129.88809204 85.51647949 45.26292801
v -129.80047607 85.51647949 45.3507843
v -129.72924805 85.51647949 45.45238113
v -129.77784729 85.51647949 47.00421143
v -129.46673584 85.51647949 46.13466644
v -129.67582703 85.51647949 46.93169022
v -129.58792114 85.51647949 46.84259796
v -129.51676941 85.51647949 46.73962402
v -129.46452332 85.51647949 46.62588501
v -129.43275452 85.51647949 46.50482178
v -129.43388367 85.51647949 46.25543976
v -129.42243958 85.51647949 46.38008118
v -128.65007019 85.51647949 42.23734283
v -128.13314819 85.51647949 40.35186768
v -128.40284729 85.51647949 40.10068893
v -128.2988739 85.51647949 40.16841125
v -128.20808411 85.51647949 40.25297165
v -128.03236389 85.51647949 41.85708618
v -127.93296814 85.51647949 41.78100204
v -127.80945587 85.51647949 40.86577606
v -127.8482666 85.51647949 41.6888504
v -127.78079987 85.51647949 41.58342743
v -127.73261261 85.51647949 41.46791458
v -127.75221252 85.51647949 40.97707748
v -127.70515442 85.51647949 41.34579468
v -127.71510315 85.51647949 41.09661484
v -127.69926453 85.51647949 41.22077179
v -130.11981201 85.51647949 37.32914734
v -128.04399109 85.51647949 36.98688889
v -127.72583771 85.51647949 36.80532837
v -127.7073288 85.51647949 34.9320755
v -128.02334595 85.51647949 34.74245453
v -127.90756226 85.51647949 34.78707886
v -127.80117798 85.51647949 34.85091782
v -127.92802429 85.51647949 36.94494247
v -127.82093811 85.51647949 36.88382339
v -127.29577637 85.51647949 36.38344193
v -127.21438599 85.51647949 36.28835297
v -127.28385925 85.51647949 35.36745071
v -127.15068817 85.51647949 36.18061066
v -127.20471191 85.51647949 35.4644165
v -127.14356232 85.51647949 35.57362747
v -127.10661316 85.51647949 36.06346512
v -127.10224915 85.51647949 35.69177628
v -127.08349609 85.51647949 35.94045258
v -127.08202362 85.51647949 35.81529617
v -130.19709778 85.51647949 32.29843903
v -130.75761414 85.51647949 29.53050613
v -130.10246277 85.51647949 32.22189331
v -130.64118958 85.51647949 29.56379128
v -129.99729919 85.51647949 32.16059113
v -130.52105713 85.51647949 29.57912254
v -129.88406372 85.51647949 32.11594772
v -130.3999939 85.51647949 29.57614708
v -128.43400574 85.51647949 31.66841125
v -128.89022827 85.51647949 29.42415237
v -128.31971741 85.51647949 31.62208939
v -128.04627991 85.51647949 31.3783493
v -128.41763306 85.51647949 29.54218102
v -128.76615906 85.51647949 29.42240715
v -128.64364624 85.51647949 29.44198608
v -128.52632141 85.51647949 29.48230934
v -128.21502686 85.51647949 31.55694962
v -128.12298584 85.51647949 31.47490311
v -127.7133255 85.51647949 30.87626457
v -127.91290283 85.51647949 29.87999916
v -127.65348816 85.51647949 30.76633453
v -127.73281097 85.51647949 30.05250168
v -127.81533051 85.51647949 29.9583931
v -127.66783905 85.51647949 30.15948105
v -127.61357117 85.51647949 30.64770126
v -127.62236786 85.51647949 30.27609253
v -127.59482574 85.51647949 30.52395058
v -127.59777832 85.51647949 30.39882278
v -131.50675964 85.51647949 27.70202255
v -131.46199036 85.51647949 27.58883476
v -132.7552948 85.51647949 24.82233047
v -131.40057373 85.51647949 27.48374939
v -132.52432251 85.51647949 24.89284134
v -132.64248657 85.51647949 24.86635208
v -131.32391357 85.51647949 27.38920021
v -132.40350342 85.51647949 24.90119171
v -131.23379517 85.51647949 27.30737305
v -132.28282166 85.51647949 24.89121246
v -131.13232422 85.51647949 27.2401638
v -132.16503906 85.51647949 24.86313057
v -129.80699158 85.51647949 26.50091934
v -130.71984863 85.51647949 24.40055847
v -129.70483398 85.51647949 26.43185043
v -129.48805237 85.51647949 26.13658714
v -130.23304749 85.51647949 24.41775322
v -130.59887695 85.51647949 24.37305832
v -130.47496033 85.51647949 24.36673737
v -130.35179138 85.51647949 24.38178635
v -129.6159668 85.51647949 26.34636879
v -129.54298401 85.51647949 26.24697495
v -129.26675415 85.51647949 25.57624817
v -129.66911316 85.51647949 24.6432476
v -129.2310791 85.51647949 25.45627785
v -129.30256653 85.51647949 24.9702816
v -129.37129211 85.51647949 24.86566925
v -129.45707703 85.51647949 24.77453613
v -129.25300598 85.51647949 25.08521652
v -129.21670532 85.51647949 25.3319397
v -129.22409058 85.51647949 25.20699501
v -129.55737305 85.51647949 24.69964218
v -132.0189209 85.51647949 21.42852783
v -131.88818359 85.51647949 20.71502686
v -132.47572327 85.51647949 19.88606644
v -133.07421875 85.51647949 19.78274918
v -131.8782196 85.51647949 20.59025764
v -131.89001465 85.51647949 20.46565056
v -131.92321777 85.51647949 20.3449707
v -131.97680664 85.51647949 20.23186111
v -132.04919434 85.51647949 20.12974739
v -132.13816833 85.51647949 20.0417099
v -132.24102783 85.51647949 19.97040749
v -132.35470581 85.51647949 19.91799927
v -133.19784546 85.51647949 19.77225685
v -133.32144165 85.51647949 19.783144
v -133.44132996 85.51647949 19.81509018
v -136.64472961 85.51647949 19.35814095
v -138.956604 85.51647949 17.23523331
v -139.07702637 85.51647949 17.22257996
v -143.6585083 85.51647949 23.29084587
v -139.49421692 85.51647949 16.8984375
v -144.25059509 85.51647949 22.83112335
v -139.9185791 85.51647949 16.58375359
v -136.64987183 85.51647949 19.2365284
v -138.83563232 85.51647949 17.22956467
v -136.63648987 85.51647949 19.11554527
v -138.71691895 85.51647949 17.20570374
v -136.60493469 85.51647949 18.99798965
v -138.60314941 85.51647949 17.16419411
v -136.55589294 85.51647949 18.88658714
v -138.4969635 85.51647949 17.10599136
v -136.49050903 85.51647949 18.78391075
v -138.40077209 85.51647949 17.03242493
v -135.58044434 85.51647949 17.56951523
v -137.26869202 85.51647949 16.02204132
v -135.51521301 85.51647949 17.46487045
v -135.43727112 85.51647949 17.10695648
v -136.81698608 85.51647949 15.83974457
v -136.94009399 85.51647949 15.85518646
v -135.46881104 85.51647949 17.35063362
v -135.44256592 85.51647949 17.23015022
v -135.4630127 85.51647949 16.50505829
v -136.21006775 85.51647949 15.81636906
v -135.47921753 85.51647949 16.38094521
v -135.5166626 85.51647949 16.26151657
v -135.57423401 85.51647949 16.15037537
v -135.650177 85.51647949 16.05088234
v -135.74220276 85.51647949 15.96604443
v -135.84753418 85.51647949 15.89842796
v -135.96298218 85.51647949 15.85007286
v -136.08505249 85.51647949 15.8224411
v -137.05871582 85.51647949 15.8915329
v -137.16934204 85.51647949 15.94770622
v -140.34989929 85.51647949 16.27869034
v -144.86367798 85.51647949 22.39981651
v -140.39775085 85.51647949 16.16676712
v -143.10046387 85.51647949 14.57091522
v -143.22090149 85.51647949 14.58357811
v -140.42805481 85.51647949 16.04888153
v -142.9833374 85.51647949 14.54022026
v -140.44012451 85.51647949 15.92776108
v -142.87216187 85.51647949 14.49219608
v -140.4336853 85.51647949 15.80621147
v -142.76951599 85.51647949 14.42794228
v -140.40888977 85.51647949 15.6870451
v -142.67774963 85.51647949 14.34893131
v -140.36628723 85.51647949 15.57302094
v -142.59895325 85.51647949 14.25697422
v -139.72857666 85.51647949 14.1959486
v -141.70167542 85.51647949 13.03329563
v -139.68655396 85.51647949 14.08003044
v -139.6847229 85.51647949 13.71373081
v -141.29774475 85.51647949 12.76106739
v -141.41494751 85.51647949 12.8017664
v -139.66490173 85.51647949 13.95863914
v -139.66427612 85.51647949 13.83533287
v -139.83503723 85.51647949 13.13033867
v -140.70895386 85.51647949 12.61202049
v -139.87669373 85.51647949 13.01230621
v -139.93815613 85.51647949 12.90327168
v -140.01756287 85.51647949 12.80652809
v -140.11254883 85.51647949 12.72499943
v -140.22019958 85.51647949 12.66114998
v -140.33728027 85.51647949 12.61690903
v -140.46025085 85.51647949 12.59361362
v -140.5854187 85.51647949 12.59196758
v -141.52342224 85.51647949 12.86198425
v -141.6199646 85.51647949 12.93993187
v -143.6963501 85.51647949 14.35325527
v -146.14738464 85.51647949 21.62622261
v -144.78642273 85.51647949 13.71641922
v -147.70773315 85.51647949 12.82637691
v -144.82342529 85.51647949 13.60045528
v -147.5007782 85.51647949 12.70191002
v -147.59951782 85.51647949 12.77199745
v -144.84239197 85.51647949 13.48022366
v -147.41372681 85.51647949 12.61771965
v -144.84289551 85.51647949 13.35850334
v -147.34039307 85.51647949 12.52135372
v -144.82495117 85.51647949 13.23811531
v -147.28244019 85.51647949 12.41502571
v -144.48748779 85.51647949 11.75855064
v -146.65919495 85.51647949 11.03153229
v -144.4995575 85.51647949 11.39244461
v -144.54483032 85.51647949 11.27774715
v -144.47451782 85.51647949 11.51318455
v -144.47045898 85.51647949 11.63642406
v -144.81317139 85.51647949 10.73835945
v -146.32067871 85.51647949 10.68126869
v -146.42686462 85.51647949 10.74544811
v -144.87844849 85.51647949 10.63156605
v -144.96124268 85.51647949 10.53769207
v -145.05903625 85.51647949 10.4595747
v -145.16888428 85.51647949 10.39957237
v -145.28746033 85.51647949 10.35950184
v -145.41117859 85.51647949 10.34057045
v -145.53631592 85.51647949 10.34335232
v -145.65907288 85.51647949 10.36776352
v -145.77575684 85.51647949 10.41306496
v -146.52044678 85.51647949 10.82690334
v -146.59867859 85.51647949 10.92321873
v -149.65789795 85.51647949 10.24084949
v -149.6875 85.51647949 10.1211462
v -150.17984009 85.51647949 9.43366146
v -151.66627502 85.51647949 9.69124699
v -151.75679016 85.51647949 9.77610111
v -150.26589966 85.51647949 9.34277534
v -150.36639404 85.51647949 9.26816559
v -150.47828674 85.51647949 9.21208668
v -150.59820557 85.51647949 9.17623425
v -150.72251892 85.51647949 9.16169262
v -150.8474884 85.51647949 9.16889858
v -150.96929932 85.51647949 9.1976366
v -151.08430481 85.51647949 9.24703693
v -151.18901062 85.51647949 9.31560802
v -151.83139038 85.51647949 9.87523651
v -151.88787842 85.51647949 9.98570824
v -153.73820496 85.51647949 12.11623955
v -154.26646423 85.51647949 12.12296486
v -154.37095642 85.51647949 12.06053829
v -157.58551025 85.51647949 12.4391222
v -156.14152527 85.51647949 19.90429115
v -158.10554504 85.51647949 12.53225327
v -156.8793335 85.51647949 20.03667641
v -158.62335205 85.51647949 12.63705063
v -154.46476746 85.51647949 11.98298264
v -157.49552917 85.51647949 12.35808945
v -154.54573059 85.51647949 11.8920908
v -157.41879272 85.51647949 12.26440239
v -154.61196899 85.51647949 11.78996944
v -157.35708618 85.51647949 12.16020679
v -154.66194153 85.51647949 11.67898178
v -157.28401184 85.51647949 11.93002892
v -157.31181335 85.51647949 12.04789162
v -154.69450378 85.51647949 11.56169701
v -157.27432251 85.51647949 11.8093214
v -154.98800659 85.51647949 10.07279205
v -157.26766968 85.51647949 10.29193878
v -155.0221405 85.51647949 9.95429897
v -155.07597351 85.51647949 9.84336662
v -155.14794922 85.51647949 9.74324799
v -155.23596191 85.51647949 9.65687847
v -155.70050049 85.51647949 9.27326775
v -157.10089111 85.51647949 9.83427143
v -155.80355835 85.51647949 9.20225906
v -156.7121582 85.51647949 9.36761379
v -155.91737366 85.51647949 9.15017414
v -156.03848267 85.51647949 9.11858654
v -156.16323853 85.51647949 9.10844994
v -156.28785706 85.51647949 9.12007236
v -156.40859985 85.51647949 9.15310097
v -156.52177429 85.51647949 9.20653915
v -156.62399292 85.51647949 9.2787714
v -157.17178345 85.51647949 9.93609142
v -157.22415161 85.51647949 10.04857159
v -157.25643921 85.51647949 10.16837311
v -159.13867188 85.51647949 12.75345993
v -157.61009216 85.51647949 20.20368576
v -159.25386047 85.51647949 12.71412373
v -162.24829102 85.51647949 13.65480614
v -162.31947327 85.51647949 13.75277901
v -159.36175537 85.51647949 12.65776634
v -162.19271851 85.51647949 13.54721451
v -159.45983887 85.51647949 12.58569527
v -162.15402222 85.51647949 13.43246555
v -159.54586792 85.51647949 12.49957561
v -162.13308716 85.51647949 13.31319237
v -159.61782837 85.51647949 12.40140343
v -162.13040161 85.51647949 13.19212437
v -159.67405701 85.51647949 12.29345131
v -162.14601135 85.51647949 13.07203865
v -160.27070618 85.51647949 10.89810753
v -162.45498657 85.51647949 11.58643246
v -160.32873535 85.51647949 10.78929901
v -160.40444946 85.51647949 10.69198418
v -160.4956665 85.51647949 10.60901737
v -160.59970093 85.51647949 10.54283237
v -161.1338501 85.51647949 10.26418686
v -162.38700867 85.51647949 11.10408878
v -161.24942017 85.51647949 10.21615982
v -162.10380554 85.51647949 10.5668087
v -161.37159729 85.51647949 10.18887615
v -161.49661255 85.51647949 10.18315887
v -161.62075806 85.51647949 10.19918251
v -161.74024963 85.51647949 10.23646164
v -161.85147095 85.51647949 10.29386902
v -161.95106506 85.51647949 10.36967182
v -162.03604126 85.51647949 10.46157742
v -162.43518066 85.51647949 11.21842575
v -162.4630127 85.51647949 11.3393364
v -162.46969604 85.51647949 11.46323204
v -162.8087616 85.51647949 13.95199585
v -159.74386597 85.51647949 20.90839005
v -159.04394531 85.51647949 20.640028
v -163.29347229 85.51647949 14.16215992
v -163.77333069 85.51647949 14.38316822
v -161.68199158 85.51647949 21.86308289
v -163.8941803 85.51647949 14.36863995
v -166.62759399 85.51647949 15.91134262
v -166.67684937 85.51647949 16.02197266
v -164.01141357 85.51647949 14.33594608
v -166.59561157 85.51647949 15.79454613
v -164.12234497 85.51647949 14.28584194
v -166.581604 85.51647949 15.67426109
v -164.22439575 85.51647949 14.21949005
v -166.5859375 85.51647949 15.55324173
v -164.31520081 85.51647949 14.13842392
v -166.60845947 85.51647949 15.43426037
v -164.39263916 85.51647949 14.04452229
v -166.64871216 85.51647949 15.32004452
v -165.26638794 85.51647949 12.80372238
v -167.2598114 85.51647949 13.93114185
v -165.3457489 85.51647949 12.70935249
v -165.44004822 85.51647949 12.62990952
v -165.54653931 85.51647949 12.56772137
v -165.6620636 85.51647949 12.52461433
v -166.2424469 85.51647949 12.36311054
v -167.29360962 85.51647949 13.44520569
v -167.1282959 85.51647949 12.86078358
v -167.08387756 85.51647949 12.74376106
v -167.0198822 85.51647949 12.636199
v -166.9382019 85.51647949 12.5413456
v -166.84135437 85.51647949 12.46206665
v -166.73223877 85.51647949 12.40076065
v -166.614151 85.51647949 12.35927773
v -166.49064636 85.51647949 12.33887482
v -166.36549377 85.51647949 12.34016418
v -167.31695557 85.51647949 13.56706142
v -167.29980469 85.51647949 13.81369114
v -167.31904602 85.51647949 13.69111824
v -167.11402893 85.51647949 16.31856728
v -162.94151306 85.51647949 22.67545509
v -162.32133484 85.51647949 22.25441933
v -167.54446411 85.51647949 16.62491608
v -167.96786499 85.51647949 16.94086266
v -163.54116821 85.51647949 23.12525177
v -164.11895752 85.51647949 23.60281181
v -170.46720886 85.51647949 19.14752769
v -164.67358398 85.51647949 24.10707283
v -170.83319092 85.51647949 19.52853966
v -171.19049072 85.51647949 19.91768074
v -168.08911133 85.51647949 16.9517765
v -170.44203186 85.51647949 19.02907562
v -168.21058655 85.51647949 16.94417572
v -170.43502808 85.51647949 18.90818214
v -168.32949829 85.51647949 16.91823006
v -170.4463501 85.51647949 18.78761482
v -168.44313049 85.51647949 16.87454414
v -170.47575378 85.51647949 18.67013931
v -168.54879761 85.51647949 16.81412697
v -170.52252197 85.51647949 18.55844498
v -168.64407349 85.51647949 16.73837852
v -170.58563232 85.51647949 18.45509148
v -169.75668335 85.51647949 15.70635319
v -171.47215271 85.51647949 17.22359467
v -169.85394287 85.51647949 15.63054657
v -169.96269226 85.51647949 15.57244682
v -170.07977295 85.51647949 15.53375626
v -170.20173645 85.51647949 15.51560974
v -170.80303955 85.51647949 15.47830677
v -171.60623169 85.51647949 16.75530052
v -171.53567505 85.51647949 17.11702538
v -171.57998657 85.51647949 17.00113106
v -171.60372925 85.51647949 16.87935066
v -170.92816162 85.51647949 15.48144436
v -171.56602478 85.51647949 16.14928055
v -171.05085754 85.51647949 15.50620461
v -171.16738892 85.51647949 15.55183792
v -171.27427673 85.51647949 15.61696529
v -171.36827087 85.51647949 15.69962025
v -171.4465332 85.51647949 15.79730225
v -171.50668335 85.51647949 15.90706253
v -171.54693604 85.51647949 16.02558327
v -171.53898621 85.51647949 20.3147583
v -171.6552887 85.51647949 20.35063934
v -173.5249176 85.51647949 22.87174606
v -171.7756958 85.51647949 20.36846161
v -173.54318237 85.51647949 22.75203896
v -171.89741516 85.51647949 20.3678093
v -173.57933044 85.51647949 22.63646126
v -172.01763916 85.51647949 20.34869957
v -173.63250732 85.51647949 22.52766037
v -172.13354492 85.51647949 20.31157303
v -173.70149231 85.51647949 22.42813492
v -172.24249268 85.51647949 20.25728989
v -173.78471375 85.51647949 22.34016228
v -173.54536438 85.51647949 19.47913933
v -174.90789795 85.51647949 21.31989288
v -173.65625 85.51647949 19.42521095
v -173.77471924 85.51647949 19.39099121
v -173.89727783 85.51647949 19.37748909
v -174.02035522 85.51647949 19.3850975
v -174.61625671 85.51647949 19.47362709
v -175.13641357 85.51647949 20.88970947
v -174.99220276 85.51647949 21.22886467
v -175.05964661 85.51647949 21.12471008
v -175.10818481 85.51647949 21.01053047
v -174.73800659 85.51647949 19.50271034
v -175.22309875 85.51647949 20.28857422
v -174.85287476 85.51647949 19.55243683
v -174.95739746 85.51647949 19.62130547
v -175.04838562 85.51647949 19.70723343
v -175.12313843 85.51647949 19.80762291
v -175.17938232 85.51647949 19.91944313
v -175.21539307 85.51647949 20.03931046
v -175.2301178 85.51647949 20.16360855
v -176.83221436 85.51647949 23.930933
v -177.7298584 85.51647949 25.66773415
v -177.51829529 85.51647949 25.96949577
v -177.605896 85.51647949 25.88164139
v -177.67712402 85.51647949 25.78004837
v -177.51550293 85.51647949 24.17445374
v -177.62854004 85.51647949 24.22821236
v -177.93962097 85.51647949 25.09776115
v -177.73054504 85.51647949 24.30073547
v -177.81845093 85.51647949 24.38982773
v -177.88961792 85.51647949 24.49279976
v -177.94186401 85.51647949 24.60653687
v -177.97361755 85.51647949 24.72760773
v -177.9724884 85.51647949 24.97698593
v -177.9839325 85.51647949 24.85234451
v -176.06381226 85.51647949 28.38762093
v -176.22067261 85.51647949 28.89210701
v -176.31231689 85.51647949 28.97219658
v -176.99487305 85.51647949 32.03578568
v -176.94561768 85.51647949 32.1464119
v -176.41506958 85.51647949 29.0374527
v -177.06025696 85.51647949 31.93386269
v -176.52651978 85.51647949 29.08636284
v -177.14028931 85.51647949 31.84297562
v -176.64411926 85.51647949 29.11779785
v -177.23312378 85.51647949 31.76521111
v -176.76512146 85.51647949 29.13103104
v -177.33660889 85.51647949 31.7023468
v -176.88673401 85.51647949 29.1257515
v -177.44842529 85.51647949 31.65582657
v -178.39346313 85.51647949 28.94480515
v -178.88948059 85.51647949 31.18060303
v -178.51669312 85.51647949 28.9406395
v -178.86564636 85.51647949 29.05208778
v -179.27322388 85.51647949 30.88055801
v -179.00352478 85.51647949 31.13173676
v -179.10749817 85.51647949 31.06401634
v -179.19828796 85.51647949 30.97945404
v -178.63883972 85.51647949 28.95756149
v -178.75628662 85.51647949 28.99507904
v -179.37400818 85.51647949 29.37534142
v -179.47340393 85.51647949 29.45142746
v -179.59692383 85.51647949 30.36665154
v -179.55810547 85.51647949 29.54357338
v -179.62556458 85.51647949 29.64899826
v -179.67376709 85.51647949 29.76451492
v -179.65415955 85.51647949 30.25534821
v -179.70123291 85.51647949 29.8866291
v -179.69128418 85.51647949 30.13581276
v -179.7071228 85.51647949 30.0116539
v -177.01774597 85.51647949 32.66976929
v -169.50167847 85.51647949 33.8225708
v -169.39959717 85.51647949 33.07995987
v -177.07809448 85.51647949 33.19461823
v -177.12661743 85.51647949 33.72069168
v -169.56866455 85.51647949 34.56917191
v -169.60038757 85.51647949 35.31809998
v -177.19963074 85.51647949 33.81808472
v -177.15911865 85.51647949 37.05460739
v -169.59677124 85.51647949 36.0676918
v -177.12084961 85.51647949 37.5815239
v -177.07077026 85.51647949 38.10744858
v -177.28656006 85.51647949 33.90327835
v -177.2303009 85.51647949 36.95664215
v -177.38540649 85.51647949 33.97429657
v -177.31546021 85.51647949 36.87054062
v -177.49389648 85.51647949 34.02949524
v -177.41264343 85.51647949 36.79827881
v -177.60949707 85.51647949 34.06759262
v -177.51960754 85.51647949 36.7415123
v -177.72955322 85.51647949 34.08771133
v -179.26132202 85.51647949 36.51406097
v -177.75296021 85.51647949 36.67928314
v -179.2409668 85.51647949 34.22398758
v -179.36239624 85.51647949 34.2455368
v -179.68054199 85.51647949 34.42709732
v -179.47833252 85.51647949 34.28748322
v -179.58543396 85.51647949 34.34860229
v -179.69903564 85.51647949 36.30035019
v -179.38302612 85.51647949 36.48997498
v -179.49880981 85.51647949 36.44534683
v -179.60519409 85.51647949 36.38150787
v -180.11061096 85.51647949 34.84898376
v -180.19198608 85.51647949 34.94407272
v -180.12251282 85.51647949 35.86497498
v -180.25567627 85.51647949 35.05181503
v -180.20166016 85.51647949 35.76800919
v -180.26281738 85.51647949 35.65879822
v -180.29975891 85.51647949 35.16896057
v -180.30412292 85.51647949 35.54064941
v -180.32287598 85.51647949 35.29197311
v -180.32434082 85.51647949 35.41712952
v -177.63391113 85.51647949 36.7015419
v -177.12734985 85.51647949 38.84396744
v -176.4375 85.51647949 41.81891632
v -177.20928955 85.51647949 38.93398666
v -176.53869629 85.51647949 41.75239563
v -177.3039093 85.51647949 39.01053619
v -176.76519775 85.51647949 41.66863251
v -176.64877319 85.51647949 41.70191956
v -177.40907288 85.51647949 39.07183838
v -176.88531494 85.51647949 41.65330505
v -177.52230835 85.51647949 39.11647797
v -177.00637817 85.51647949 41.65628052
v -178.97238159 85.51647949 39.56401443
v -178.5161438 85.51647949 41.80827713
v -179.0866394 85.51647949 39.6103363
v -179.36010742 85.51647949 39.85407639
v -178.98873901 85.51647949 41.69024658
v -178.64021301 85.51647949 41.81002045
v -178.76272583 85.51647949 41.79043579
v -178.88006592 85.51647949 41.75011444
v -179.19136047 85.51647949 39.67547607
v -179.28338623 85.51647949 39.75752258
v -179.6930542 85.51647949 40.35615921
v -179.49346924 85.51647949 41.35242844
v -179.75289917 85.51647949 40.46608734
v -179.67355347 85.51647949 41.17992401
v -179.59104919 85.51647949 41.27403259
v -179.73854065 85.51647949 41.07294464
v -179.7928009 85.51647949 40.58472443
v -179.78401184 85.51647949 40.95632935
v -179.81155396 85.51647949 40.70847321
v -179.80859375 85.51647949 40.83360672
v -177.86338806 85.51647949 44.98545074
v -178.13961792 85.51647949 45.65617371
v -177.73727417 85.51647949 46.58917999
v -177.17332458 85.51647949 46.81467438
v -178.17529297 85.51647949 45.77614594
v -178.10380554 85.51647949 46.262146
v -178.03509521 85.51647949 46.36676025
v -177.94929504 85.51647949 46.45788574
v -178.15336609 85.51647949 46.14721298
v -178.18966675 85.51647949 45.90048218
v -178.18228149 85.51647949 46.02543259
v -177.84899902 85.51647949 46.53278351
v -177.05458069 85.51647949 46.85064316
v -176.931427 85.51647949 46.86568832
v -176.80749512 85.51647949 46.85936737
v -174.0372467 85.51647949 47.39652252
v -173.76730347 85.51647949 47.85064697
v -173.769104 85.51647949 47.97235489
v -171.94914246 85.51647949 50.5295372
v -171.83396912 85.51647949 50.56695557
v -173.78936768 85.51647949 48.09238052
v -172.06863403 85.51647949 50.50992966
v -173.8276062 85.51647949 48.20793533
v -172.18972778 85.51647949 50.5085907
v -173.88291931 85.51647949 48.31636047
v -172.30964661 85.51647949 50.52553558
v -173.95407104 85.51647949 48.41513062
v -172.4256134 85.51647949 50.56039429
v -174.03933716 85.51647949 48.5019722
v -172.53500366 85.51647949 50.61235046
v -175.18202209 85.51647949 49.50061798
v -173.85240173 85.51647949 51.36528015
v -175.26757812 85.51647949 49.5894165
v -175.41824341 85.51647949 49.9233017
v -174.33215332 85.51647949 51.44967651
v -174.20852661 85.51647949 51.46017075
v -175.33674622 85.51647949 49.69150543
v -175.38745117 85.51647949 49.80390167
v -175.51818848 85.51647949 50.51740265
v -174.9306488 85.51647949 51.34635925
v -175.52816772 85.51647949 50.64216614
v -175.51635742 85.51647949 50.76677322
v -175.4831543 85.51647949 50.88745499
v -175.42955017 85.51647949 51.00056076
v -175.35717773 85.51647949 51.10268021
v -175.26821899 85.51647949 51.1907196
v -175.16534424 85.51647949 51.26202011
v -175.05166626 85.51647949 51.31442642
v -174.08493042 85.51647949 51.44927979
v -173.96502686 85.51647949 51.41733551
v -171.49330139 85.51647949 50.9707489
v -165.6073761 85.51647949 46.1566124
v -166.09094238 85.51647949 45.58383942
v -171.14364624 85.51647949 51.36678696
v -170.78515625 85.51647949 51.75485992
v -165.09736633 85.51647949 46.70596313
v -164.56204224 85.51647949 47.2306633
v -168.32933044 85.51647949 54.00984955
v -164.00254822 85.51647949 47.72954941
v -167.91215515 85.51647949 54.33398819
v -167.48779297 85.51647949 54.6486702
v -170.76164246 85.51647949 51.87428284
v -168.44976807 85.51647949 53.99719238
v -170.7565155 85.51647949 51.99589539
v -168.57072449 85.51647949 54.00286102
v -170.7698822 85.51647949 52.11688232
v -168.68945312 85.51647949 54.02672195
v -170.80145264 85.51647949 52.23443604
v -168.80322266 85.51647949 54.06822968
v -170.85049438 85.51647949 52.34584045
v -168.90942383 85.51647949 54.12643433
v -170.91584778 85.51647949 52.44851685
v -169.00559998 85.51647949 54.20000076
v -171.82592773 85.51647949 53.66291046
v -170.13769531 85.51647949 55.21038437
v -171.89115906 85.51647949 53.76755142
v -171.96911621 85.51647949 54.12547302
v -170.5894165 85.51647949 55.39268112
v -170.46629333 85.51647949 55.37723923
v -171.93757629 85.51647949 53.88179398
v -171.96380615 85.51647949 54.00227356
v -171.94335938 85.51647949 54.7273674
v -171.19630432 85.51647949 55.41605377
v -171.92715454 85.51647949 54.85147858
v -171.88970947 85.51647949 54.97091293
v -171.83213806 85.51647949 55.08205414
v -171.75619507 85.51647949 55.18154526
v -171.66415405 85.51647949 55.26638031
v -171.55883789 85.51647949 55.33399963
v -171.44340515 85.51647949 55.38235092
v -171.32131958 85.51647949 55.40998459
v -170.34765625 85.51647949 55.34089661
v -170.23703003 85.51647949 55.28472137
v -167.05645752 85.51647949 54.95373535
v -167.00863647 85.51647949 55.06565857
v -164.30589294 85.51647949 56.66151047
v -166.97831726 85.51647949 55.18354416
v -164.42304993 85.51647949 56.69220352
v -166.96624756 85.51647949 55.30466461
v -164.53421021 85.51647949 56.74023056
v -166.97267151 85.51647949 55.42621613
v -164.63685608 85.51647949 56.80448532
v -166.99749756 85.51647949 55.54538345
v -164.72862244 85.51647949 56.88349152
v -167.04008484 85.51647949 55.65940475
v -164.80741882 85.51647949 56.97544861
v -167.67778015 85.51647949 57.03647614
v -165.7046814 85.51647949 58.1991272
v -167.71981812 85.51647949 57.15239716
v -167.72167969 85.51647949 57.51869583
v -166.10864258 85.51647949 58.47135925
v -165.99142456 85.51647949 58.43066406
v -167.74147034 85.51647949 57.27378845
v -167.74209595 85.51647949 57.39709473
v -167.57133484 85.51647949 58.10208893
v -166.69741821 85.51647949 58.6204071
v -167.52967834 85.51647949 58.22011948
v -167.4682312 85.51647949 58.32915497
v -167.38879395 85.51647949 58.42589951
v -167.2938385 85.51647949 58.50742722
v -167.18618774 85.51647949 58.57127762
v -167.0690918 85.51647949 58.61551666
v -166.94612122 85.51647949 58.6388092
v -166.82096863 85.51647949 58.64046097
v -165.88294983 85.51647949 58.37044144
v -165.78642273 85.51647949 58.29249573
v -162.93591309 85.51647949 59.59600449
v -162.93183899 85.51647949 59.7192421
v -162.59321594 85.51647949 60.49406433
v -161.08569336 85.51647949 60.55115509
v -160.97952271 85.51647949 60.48698044
v -162.52792358 85.51647949 60.60085678
v -162.44512939 85.51647949 60.69473267
v -162.34733582 85.51647949 60.77285385
v -162.23748779 85.51647949 60.83285522
v -162.11891174 85.51647949 60.8729248
v -161.99520874 85.51647949 60.89185715
v -161.87005615 85.51647949 60.88907242
v -161.74729919 85.51647949 60.86466217
v -161.63061523 85.51647949 60.81935883
v -160.88592529 85.51647949 60.40552139
v -160.80770874 85.51647949 60.3092041
v -158.55485535 85.51647949 58.60993195
v -158.03674316 85.51647949 58.71318817
v -157.94750977 85.51647949 58.79597473
v -154.7244873 85.51647949 59.0940094
v -154.58482361 85.51647949 51.49175262
v -154.19645691 85.51647949 59.11103821
v -153.83560181 85.51647949 51.51566315
v -153.66818237 85.51647949 59.11618805
v -157.87187195 85.51647949 58.89134216
v -154.82936096 85.51647949 59.1545639
v -157.81156921 85.51647949 58.99708176
v -155.00592041 85.51647949 59.31933975
v -154.92388916 85.51647949 59.23025131
v -157.76802063 85.51647949 59.11074066
v -155.07354736 85.51647949 59.41978455
v -157.74221802 85.51647949 59.22969437
v -155.12524414 85.51647949 59.52928925
v -157.73475647 85.51647949 59.35118866
v -155.15982056 85.51647949 59.6453476
v -157.75721741 85.51647949 60.86857605
v -155.48181152 85.51647949 61.12818909
v -157.74847412 85.51647949 60.99157715
v -157.71887207 85.51647949 61.11127853
v -157.66928101 85.51647949 61.2241745
v -157.60115051 85.51647949 61.3269577
v -157.22653198 85.51647949 61.79876328
v -155.7401123 85.51647949 61.54117966
v -156.21736145 85.51647949 61.91681671
v -156.32206726 85.51647949 61.98538971
v -156.43707275 85.51647949 62.03479004
v -156.55889893 85.51647949 62.06352615
v -156.68383789 85.51647949 62.07073212
v -156.8081665 85.51647949 62.05619431
v -156.92808533 85.51647949 62.02033997
v -157.03997803 85.51647949 61.9642601
v -157.14048767 85.51647949 61.88965225
v -155.64958191 85.51647949 61.45632935
v -155.57496643 85.51647949 61.35718918
v -155.51849365 85.51647949 61.24671936
v -153.13990784 85.51647949 59.10946274
v -153.08609009 85.51647949 51.50423431
v -153.03541565 85.51647949 59.17188644
v -149.82086182 85.51647949 58.79330063
v -151.59284973 85.51647949 51.37554169
v -152.33795166 85.51647949 51.45749664
v -152.94160461 85.51647949 59.24944305
v -149.91085815 85.51647949 58.87433624
v -152.86064148 85.51647949 59.34033203
v -149.98757935 85.51647949 58.96802521
v -152.79440308 85.51647949 59.44245911
v -150.04928589 85.51647949 59.07221985
v -152.74443054 85.51647949 59.55344772
v -150.12236023 85.51647949 59.30239868
v -150.09455872 85.51647949 59.18453217
v -152.71188354 85.51647949 59.67073059
v -150.13204956 85.51647949 59.42310333
v -152.41835022 85.51647949 61.15963364
v -150.13870239 85.51647949 60.94048309
v -152.38424683 85.51647949 61.27812958
v -152.33039856 85.51647949 61.38906097
v -152.25842285 85.51647949 61.4891777
v -152.17042542 85.51647949 61.57554626
v -151.70588684 85.51647949 61.95915604
v -150.30549622 85.51647949 61.39815521
v -151.60281372 85.51647949 62.03016663
v -150.69421387 85.51647949 61.86481094
v -151.48899841 85.51647949 62.0822525
v -151.3678894 85.51647949 62.1138382
v -151.24313354 85.51647949 62.12397766
v -151.11849976 85.51647949 62.11235428
v -150.99778748 85.51647949 62.07932281
v -150.88459778 85.51647949 62.02588654
v -150.78237915 85.51647949 61.95365524
v -150.23458862 85.51647949 61.29633331
v -150.18222046 85.51647949 61.18385315
v -150.14993286 85.51647949 61.06405258
v -149.30082703 85.51647949 58.70017624
v -148.78302002 85.51647949 58.59537506
v -148.2677002 85.51647949 58.47896576
v -148.1525116 85.51647949 58.51830292
v -145.15808105 85.51647949 57.57762146
v -148.0446167 85.51647949 58.57465744
v -145.21365356 85.51647949 57.68521118
v -147.9465332 85.51647949 58.64673233
v -145.25234985 85.51647949 57.79995728
v -147.86051941 85.51647949 58.73284912
v -145.27328491 85.51647949 57.91923523
v -147.78855896 85.51647949 58.83102417
v -145.27597046 85.51647949 58.04029846
v -147.73233032 85.51647949 58.93897629
v -145.26036072 85.51647949 58.16038513
v -147.13565063 85.51647949 60.33432007
v -144.9513855 85.51647949 59.64599609
v -147.07765198 85.51647949 60.44313049
v -147.00192261 85.51647949 60.54044342
v -146.91070557 85.51647949 60.62340546
v -146.80665588 85.51647949 60.68959045
v -146.27252197 85.51647949 60.96824265
v -145.0193634 85.51647949 60.12833405
v -146.15693665 85.51647949 61.01626968
v -145.30256653 85.51647949 60.6656189
v -146.03479004 85.51647949 61.04354858
v -145.90975952 85.51647949 61.04926682
v -145.78561401 85.51647949 61.03324509
v -145.6661377 85.51647949 60.99596405
v -145.55491638 85.51647949 60.93856049
v -145.45530701 85.51647949 60.86275482
v -145.37034607 85.51647949 60.77085114
v -144.97119141 85.51647949 60.01399994
v -144.94335938 85.51647949 59.89308929
v -144.93669128 85.51647949 59.76919174
v -142.06062317 85.51647949 58.52307129
v -141.96632385 85.51647949 58.60251999
v -141.16392517 85.51647949 58.8693161
v -140.11277771 85.51647949 57.78722382
v -140.0894165 85.51647949 57.66536713
v -141.0408783 85.51647949 58.89225769
v -140.27807617 85.51647949 58.37164307
v -140.91571045 85.51647949 58.89355087
v -140.79222107 85.51647949 58.87314606
v -140.67414856 85.51647949 58.83166885
v -140.5650177 85.51647949 58.77036285
v -140.46815491 85.51647949 58.691082
v -140.38648987 85.51647949 58.59622955
v -140.32249451 85.51647949 58.48866272
v -140.08732605 85.51647949 57.54130936
v -140.10656738 85.51647949 57.41873169
v -145.49639893 85.51647949 21.99788666
v -158.33216858 85.51647949 20.4049511
v -131.95089722 78.91648102 21.08786011
v -133.13293457 78.91648102 19.77508354
v -133.11329651 78.91648102 19.77710342
v -133.07421875 78.91648102 19.78274918
v -133.09371948 78.91648102 19.77965927
v -132.47572327 78.91648102 19.88606644
v -131.88818359 78.91648102 20.71502686
v -132.35470581 78.91648102 19.91799927
v -132.24102783 78.91648102 19.97040749
v -132.13816833 78.91648102 20.0417099
v -132.04919434 78.91648102 20.12974739
v -131.97680664 78.91648102 20.23186111
v -131.92321777 78.91648102 20.3449707
v -131.89001465 78.91648102 20.46565056
v -131.8782196 78.91648102 20.59025764
v -133.90325928 78.91648102 20.06678009
v -133.55395508 78.91648102 19.86714554
v -133.1750946 78.91648102 19.77257919
v -133.46504211 78.91648102 19.8241272
v -133.37106323 78.91648102 19.79368591
v -133.27380371 78.91648102 19.7763958
v -135.46983337 78.91648102 20.69971848
v -141.45431519 78.91648102 23.11760139
v -135.50453186 78.91648102 20.68984795
v -135.53874207 78.91648102 20.67842484
v -135.57240295 78.91648102 20.66547394
v -135.91307068 78.91648102 20.26167679
v -136.26272583 78.91648102 19.86564255
v -141.99568176 78.91648102 22.6091156
v -136.62121582 78.91648102 19.47756577
v -142.55815125 78.91648102 22.12405777
v -139.07702637 78.91648102 17.22257996
v -143.14070129 78.91648102 21.66330147
v -143.74224854 78.91648102 21.22768021
v -139.49421692 78.91648102 16.8984375
v -144.36175537 78.91648102 20.817976
v -140.34989929 78.91648102 16.27869034
v -139.9185791 78.91648102 16.58375359
v -144.99810791 78.91648102 20.43492889
v -145.65011597 78.91648102 20.07922363
v -140.39775085 78.91648102 16.16676712
v -140.42805481 78.91648102 16.04888153
v -140.44012451 78.91648102 15.92776108
v -140.4336853 78.91648102 15.80621147
v -140.40888977 78.91648102 15.6870451
v -140.36628723 78.91648102 15.57302094
v -139.66207886 78.91648102 13.87844563
v -139.72857666 78.91648102 14.1959486
v -139.66807556 78.91648102 13.98724461
v -139.69041443 78.91648102 14.09389305
v -138.956604 78.91648102 17.23523331
v -136.64472961 78.91648102 19.35814095
v -138.83563232 78.91648102 17.22956467
v -136.64987183 78.91648102 19.2365284
v -138.71691895 78.91648102 17.20570374
v -136.63648987 78.91648102 19.11554527
v -138.60314941 78.91648102 17.16419411
v -136.60493469 78.91648102 18.99798965
v -138.4969635 78.91648102 17.10599136
v -136.49050903 78.91648102 18.78391075
v -136.55589294 78.91648102 18.88658714
v -138.40077209 78.91648102 17.03242493
v -137.26869202 78.91648102 16.02204132
v -135.58044434 78.91648102 17.56951523
v -135.43727112 78.91648102 17.10695648
v -135.44256592 78.91648102 17.23015022
v -137.16934204 78.91648102 15.94770622
v -136.81698608 78.91648102 15.83974457
v -135.4630127 78.91648102 16.50505829
v -137.05871582 78.91648102 15.8915329
v -136.94009399 78.91648102 15.85518646
v -136.21006775 78.91648102 15.81636906
v -135.47921753 78.91648102 16.38094521
v -136.08505249 78.91648102 15.8224411
v -135.96298218 78.91648102 15.85007286
v -135.84753418 78.91648102 15.89842796
v -135.74220276 78.91648102 15.96604443
v -135.650177 78.91648102 16.05088234
v -135.57423401 78.91648102 16.15037537
v -135.5166626 78.91648102 16.26151657
v -135.46881104 78.91648102 17.35063362
v -135.51521301 78.91648102 17.46487045
v -139.74069214 78.91648102 13.49645424
v -141.35449219 78.91648102 12.77794743
v -141.29774475 78.91648102 12.76106739
v -139.83503723 78.91648102 13.13033867
v -139.87669373 78.91648102 13.01230621
v -139.93815613 78.91648102 12.90327168
v -140.70895386 78.91648102 12.61202049
v -140.01756287 78.91648102 12.80652809
v -140.11254883 78.91648102 12.72499943
v -140.22019958 78.91648102 12.66114998
v -140.33728027 78.91648102 12.61690903
v -140.46025085 78.91648102 12.59361362
v -140.5854187 78.91648102 12.59196758
v -141.33573914 78.91648102 12.77180195
v -141.31680298 78.91648102 12.76617432
v -141.93959045 78.91648102 13.35775471
v -141.70167542 78.91648102 13.03329563
v -141.39402771 78.91648102 12.79280567
v -141.63793945 78.91648102 12.95782852
v -141.56446838 78.91648102 12.89179611
v -141.48265076 78.91648102 12.83644104
v -143.11328125 78.91648102 14.57314587
v -147.59692383 78.91648102 19.2161026
v -143.14898682 78.91648102 14.57823944
v -143.18487549 78.91648102 14.5817194
v -143.22090149 78.91648102 14.58357811
v -143.6963501 78.91648102 14.35325527
v -144.17687988 78.91648102 14.13367748
v -144.66220093 78.91648102 13.92495728
v -148.29832458 78.91648102 18.97177124
v -147.82289124 78.91648102 12.86380196
v -149.00944519 78.91648102 18.7574234
v -149.72903442 78.91648102 18.57344055
v -148.33584595 78.91648102 12.73736477
v -150.45576477 78.91648102 18.42016029
v -149.36962891 78.91648102 12.51923656
v -148.85151672 78.91648102 12.62248993
v -151.18835449 78.91648102 18.29785156
v -151.92547607 78.91648102 18.20674133
v -152.665802 78.91648102 18.14698982
v -149.4588623 78.91648102 12.43644905
v -149.53450012 78.91648102 12.34108353
v -149.5947876 78.91648102 12.23534584
v -149.63835144 78.91648102 12.12168503
v -149.66416931 78.91648102 12.00273132
v -149.6716156 78.91648102 11.88124084
v -149.71754456 78.91648102 10.04674721
v -149.64916992 78.91648102 10.36384583
v -149.65579224 78.91648102 10.2550869
v -149.67877197 78.91648102 10.14857388
v -147.70773315 78.91648102 12.82637691
v -144.73226929 78.91648102 13.82542706
v -147.59951782 78.91648102 12.77199745
v -144.78642273 78.91648102 13.71641922
v -147.5007782 78.91648102 12.70191002
v -144.82342529 78.91648102 13.60045528
v -147.41372681 78.91648102 12.61771965
v -144.84239197 78.91648102 13.48022366
v -147.34039307 78.91648102 12.52135372
v -144.84289551 78.91648102 13.35850334
v -147.28244019 78.91648102 12.41502571
v -144.82495117 78.91648102 13.23811531
v -146.65919495 78.91648102 11.03153229
v -144.48748779 78.91648102 11.75855064
v -146.59867859 78.91648102 10.92321873
v -146.32067871 78.91648102 10.68126869
v -144.54483032 78.91648102 11.27774715
v -144.81317139 78.91648102 10.73835945
v -145.77575684 78.91648102 10.41306496
v -144.87844849 78.91648102 10.63156605
v -144.96124268 78.91648102 10.53769207
v -145.05903625 78.91648102 10.4595747
v -145.16888428 78.91648102 10.39957237
v -145.28746033 78.91648102 10.35950184
v -145.65907288 78.91648102 10.36776352
v -145.41117859 78.91648102 10.34057045
v -145.53631592 78.91648102 10.34335232
v -146.52044678 78.91648102 10.82690334
v -146.42686462 78.91648102 10.74544811
v -144.4995575 78.91648102 11.39244461
v -144.47451782 78.91648102 11.51318455
v -144.47045898 78.91648102 11.63642406
v -151.71125793 78.91648102 9.72975349
v -151.6966095 78.91648102 9.71650887
v -149.94473267 78.91648102 9.72975349
v -151.68161011 78.91648102 9.7036705
v -151.66627502 78.91648102 9.69124699
v -151.18901062 78.91648102 9.31560802
v -150.17984009 78.91648102 9.43366146
v -151.08430481 78.91648102 9.24703693
v -150.47828674 78.91648102 9.21208668
v -150.36639404 78.91648102 9.26816559
v -150.26589966 78.91648102 9.34277534
v -150.59820557 78.91648102 9.17623425
v -150.96929932 78.91648102 9.1976366
v -150.72251892 78.91648102 9.16169262
v -150.8474884 78.91648102 9.16889858
v -152.00993347 78.91648102 10.49742126
v -151.92456055 78.91648102 10.10423756
v -151.74131775 78.91648102 9.75940323
v -151.80453491 78.91648102 9.8353138
v -151.85676575 78.91648102 9.91916084
v -151.89703369 78.91648102 10.0093689
v -152.58781433 78.91648102 12.08510971
v -154.79536438 78.91648102 18.15032959
v -152.61836243 78.91648102 12.10428715
v -152.6497345 78.91648102 12.12206841
v -152.68188477 78.91648102 12.13841534
v -153.20991516 78.91648102 12.12139034
v -153.73820496 78.91648102 12.11623955
v -154.26646423 78.91648102 12.12296486
v -155.53549194 78.91648102 18.21240425
v -157.49552917 78.91648102 12.35808945
v -154.37095642 78.91648102 12.06053829
v -157.41879272 78.91648102 12.26440239
v -154.46476746 78.91648102 11.98298264
v -157.35708618 78.91648102 12.16020679
v -154.54573059 78.91648102 11.8920908
v -157.31181335 78.91648102 12.04789162
v -154.61196899 78.91648102 11.78996944
v -157.28401184 78.91648102 11.93002892
v -154.66194153 78.91648102 11.67898178
v -157.27432251 78.91648102 11.8093214
v -154.69450378 78.91648102 11.56169701
v -157.26766968 78.91648102 10.29193878
v -154.98800659 78.91648102 10.07279205
v -155.23596191 78.91648102 9.65687847
v -155.14794922 78.91648102 9.74324799
v -156.27232361 78.91648102 18.30582809
v -157.58551025 78.91648102 12.4391222
v -157.00453186 78.91648102 18.43043137
v -157.73078918 78.91648102 18.58599281
v -158.10554504 78.91648102 12.53225327
v -158.62335205 78.91648102 12.63705063
v -158.44978333 78.91648102 18.77223206
v -159.13867188 78.91648102 12.75345993
v -159.1602478 78.91648102 18.98881149
v -159.25386047 78.91648102 12.71412373
v -159.8608551 78.91648102 19.23534012
v -159.36175537 78.91648102 12.65776634
v -159.45983887 78.91648102 12.58569527
v -159.54586792 78.91648102 12.49957561
v -159.61782837 78.91648102 12.40140343
v -159.67405701 78.91648102 12.29345131
v -160.46217346 78.91648102 10.63624001
v -160.27070618 78.91648102 10.89810753
v -160.38531494 78.91648102 10.71348953
v -160.3210144 78.91648102 10.80144978
v -157.25643921 78.91648102 10.16837311
v -157.22415161 78.91648102 10.04857159
v -157.17178345 78.91648102 9.93609142
v -157.10089111 78.91648102 9.83427143
v -156.7121582 78.91648102 9.36761379
v -155.80355835 78.91648102 9.20225906
v -155.70050049 78.91648102 9.27326775
v -156.62399292 78.91648102 9.2787714
v -156.52177429 78.91648102 9.20653915
v -156.40859985 78.91648102 9.15310097
v -156.28785706 78.91648102 9.12007236
v -156.16323853 78.91648102 9.10844994
v -156.03848267 78.91648102 9.11858654
v -155.91737366 78.91648102 9.15017414
v -155.07597351 78.91648102 9.84336662
v -155.0221405 78.91648102 9.95429897
v -162.41242981 78.91648102 11.15756607
v -162.40444946 78.91648102 11.13951111
v -160.79864502 78.91648102 10.4390564
v -162.39596558 78.91648102 11.12168121
v -162.38700867 78.91648102 11.10408878
v -162.10380554 78.91648102 10.5668087
v -162.03604126 78.91648102 10.46157742
v -161.95106506 78.91648102 10.36967182
v -161.1338501 78.91648102 10.26418686
v -161.85147095 78.91648102 10.29386902
v -161.24942017 78.91648102 10.21615982
v -161.74024963 78.91648102 10.23646164
v -161.37159729 78.91648102 10.18887615
v -161.62075806 78.91648102 10.19918251
v -161.49661255 78.91648102 10.18315887
v -162.42784119 78.91648102 11.19687939
v -162.37306213 78.91648102 11.98035145
v -162.45471191 78.91648102 11.29193783
v -162.45498657 78.91648102 11.58643246
v -162.46833801 78.91648102 11.389781
v -162.46841431 78.91648102 11.48856544
v -162.25521851 78.91648102 13.66581535
v -161.80496216 78.91648102 20.10456467
v -162.27531433 78.91648102 13.69575977
v -162.29675293 78.91648102 13.72476673
v -162.31947327 78.91648102 13.75277901
v -162.8087616 78.91648102 13.95199585
v -163.29347229 78.91648102 14.16215992
v -162.45587158 78.91648102 20.4623127
v -163.77333069 78.91648102 14.38316822
v -163.09098816 78.91648102 20.84735489
v -163.8941803 78.91648102 14.36863995
v -164.01141357 78.91648102 14.33594608
v -166.62759399 78.91648102 15.91134262
v -164.12234497 78.91648102 14.28584194
v -166.59561157 78.91648102 15.79454613
v -164.22439575 78.91648102 14.21949005
v -166.581604 78.91648102 15.67426109
v -164.31520081 78.91648102 14.13842392
v -166.5859375 78.91648102 15.55324173
v -164.39263916 78.91648102 14.04452229
v -166.60845947 78.91648102 15.43426037
v -163.709198 78.91648102 21.25900078
v -166.67684937 78.91648102 16.02197266
v -164.30940247 78.91648102 21.69650841
v -167.11402893 78.91648102 16.31856728
v -164.89047241 78.91648102 22.15908813
v -167.54446411 78.91648102 16.62491608
v -165.45143127 78.91648102 22.64590836
v -167.96786499 78.91648102 16.94086266
v -165.99119568 78.91648102 23.15609169
v -168.08911133 78.91648102 16.9517765
v -170.03808594 78.91648102 15.54499626
v -168.64407349 78.91648102 16.73837852
v -168.54879761 78.91648102 16.81412697
v -168.44313049 78.91648102 16.87454414
v -169.75668335 78.91648102 15.70635319
v -169.9364624 78.91648102 15.58431149
v -169.8419342 78.91648102 15.63850975
v -168.32949829 78.91648102 16.91823006
v -168.21058655 78.91648102 16.94417572
v -166.64871216 78.91648102 15.32004452
v -165.26638794 78.91648102 12.80372238
v -167.2598114 78.91648102 13.93114185
v -166.2424469 78.91648102 12.36311054
v -165.6620636 78.91648102 12.52461433
v -167.29980469 78.91648102 13.81369114
v -167.31695557 78.91648102 13.56706142
v -167.29360962 78.91648102 13.44520569
v -167.1282959 78.91648102 12.86078358
v -167.08387756 78.91648102 12.74376106
v -167.31904602 78.91648102 13.69111824
v -167.0198822 78.91648102 12.636199
v -166.9382019 78.91648102 12.5413456
v -166.84135437 78.91648102 12.46206665
v -166.73223877 78.91648102 12.40076065
v -166.614151 78.91648102 12.35927773
v -166.49064636 78.91648102 12.33887482
v -166.36549377 78.91648102 12.34016418
v -165.54653931 78.91648102 12.56772137
v -165.44004822 78.91648102 12.62990952
v -165.3457489 78.91648102 12.70935249
v -170.4256897 78.91648102 15.50171757
v -171.60769653 78.91648102 16.81450081
v -171.60726929 78.91648102 16.77501869
v -171.60623169 78.91648102 16.75530052
v -171.60775757 78.91648102 16.79475594
v -171.56602478 78.91648102 16.14928055
v -170.80303955 78.91648102 15.47830677
v -171.54693604 78.91648102 16.02558327
v -171.50668335 78.91648102 15.90706253
v -171.4465332 78.91648102 15.79730225
v -171.36827087 78.91648102 15.69962025
v -171.27427673 78.91648102 15.61696529
v -171.16738892 78.91648102 15.55183792
v -171.05085754 78.91648102 15.50620461
v -170.92816162 78.91648102 15.48144436
v -171.23709106 78.91648102 17.55013275
v -171.47215271 78.91648102 17.22359467
v -171.60580444 78.91648102 16.85668182
v -171.5242157 78.91648102 17.13965225
v -171.56433105 78.91648102 17.04937172
v -171.5916748 78.91648102 16.95445251
v -170.44387817 78.91648102 19.04194641
v -167.41366577 78.91648102 24.74090767
v -170.45005798 78.91648102 19.07747841
v -170.45783997 78.91648102 19.1126976
v -170.46720886 78.91648102 19.14752769
v -170.83319092 78.91648102 19.52853966
v -171.19049072 78.91648102 19.91768074
v -171.53898621 78.91648102 20.3147583
v -167.86279297 78.91648102 25.33246803
v -173.5249176 78.91648102 22.99284363
v -168.28640747 78.91648102 25.94255257
v -168.68374634 78.91648102 26.57006073
v -169.05409241 78.91648102 27.21386337
v -173.80368042 78.91648102 23.44161987
v -174.07226562 78.91648102 23.89654922
v -169.39680481 78.91648102 27.87280273
v -174.33058167 78.91648102 24.35739899
v -169.71122742 78.91648102 28.54568863
v -169.99682617 78.91648102 29.2313118
v -174.43688965 78.91648102 24.41667938
v -176.78956604 78.91648102 23.92424774
v -175.03067017 78.91648102 24.44745827
v -174.91281128 78.91648102 24.47790146
v -174.79171753 78.91648102 24.49011612
v -176.46684265 78.91648102 23.95719528
v -176.68074036 78.91648102 23.91883087
v -176.57234192 78.91648102 23.92989922
v -174.6701355 78.91648102 24.48381615
v -174.5509491 78.91648102 24.45914841
v -173.5249176 78.91648102 22.87174606
v -171.6552887 78.91648102 20.35063934
v -173.54318237 78.91648102 22.75203896
v -171.7756958 78.91648102 20.36846161
v -173.57933044 78.91648102 22.63646126
v -171.89741516 78.91648102 20.3678093
v -173.63250732 78.91648102 22.52766037
v -172.01763916 78.91648102 20.34869957
v -173.70149231 78.91648102 22.42813492
v -172.13354492 78.91648102 20.31157303
v -173.78471375 78.91648102 22.34016228
v -172.24249268 78.91648102 20.25728989
v -174.90789795 78.91648102 21.31989288
v -173.54536438 78.91648102 19.47913933
v -174.99220276 78.91648102 21.22886467
v -175.13641357 78.91648102 20.88970947
v -174.61625671 78.91648102 19.47362709
v -174.02035522 78.91648102 19.3850975
v -175.05964661 78.91648102 21.12471008
v -175.10818481 78.91648102 21.01053047
v -175.22309875 78.91648102 20.28857422
v -174.73800659 78.91648102 19.50271034
v -175.2301178 78.91648102 20.16360855
v -175.21539307 78.91648102 20.03931046
v -175.17938232 78.91648102 19.91944313
v -175.12313843 78.91648102 19.80762291
v -175.04838562 78.91648102 19.70723343
v -174.95739746 78.91648102 19.62130547
v -174.85287476 78.91648102 19.55243683
v -173.89727783 78.91648102 19.37748909
v -173.77471924 78.91648102 19.39099121
v -173.65625 78.91648102 19.42521095
v -177.16123962 78.91648102 24.04235649
v -177.70713806 78.91648102 25.72242355
v -177.7298584 78.91648102 25.66773415
v -177.51550293 78.91648102 24.17445374
v -177.62854004 78.91648102 24.22821236
v -177.73054504 78.91648102 24.30073547
v -177.93962097 78.91648102 25.09776115
v -177.81845093 78.91648102 24.38982773
v -177.88961792 78.91648102 24.49279976
v -177.94186401 78.91648102 24.60653687
v -177.97361755 78.91648102 24.72760773
v -177.9724884 78.91648102 24.97698593
v -177.9839325 78.91648102 24.85234451
v -177.71520996 78.91648102 25.70440292
v -177.72277832 78.91648102 25.68616867
v -177.06933594 78.91648102 26.24370384
v -177.41690063 78.91648102 26.041008
v -177.68821716 78.91648102 25.7601757
v -177.63555908 78.91648102 25.84375381
v -177.57196045 78.91648102 25.91933823
v -177.49861145 78.91648102 25.98550415
v -175.7379303 78.91648102 27.28391647
v -170.65171814 78.91648102 31.25768852
v -175.72912598 78.91648102 27.31889534
v -175.72190857 78.91648102 27.35423279
v -175.71630859 78.91648102 27.38986206
v -175.89567566 78.91648102 27.88678932
v -176.06381226 78.91648102 28.38762093
v -176.22067261 78.91648102 28.89210701
v -170.82139587 78.91648102 31.98077774
v -176.94561768 78.91648102 32.1464119
v -170.96025085 78.91648102 32.71041107
v -171.06799316 78.91648102 33.44528198
v -177.01774597 78.91648102 32.66976929
v -171.14448547 78.91648102 34.18406677
v -177.12661743 78.91648102 33.72069168
v -177.07809448 78.91648102 33.19461823
v -171.18954468 78.91648102 34.92542648
v -171.20309448 78.91648102 35.66802979
v -171.18515015 78.91648102 36.41054153
v -177.19963074 78.91648102 33.81808472
v -177.28656006 78.91648102 33.90327835
v -177.38540649 78.91648102 33.97429657
v -177.49389648 78.91648102 34.02949524
v -177.60949707 78.91648102 34.06759262
v -177.72955322 78.91648102 34.08771133
v -179.54919434 78.91648102 34.32514954
v -179.2409668 78.91648102 34.22398758
v -179.34844971 78.91648102 34.2419548
v -179.45198059 78.91648102 34.27593613
v -176.99487305 78.91648102 32.03578568
v -176.31231689 78.91648102 28.97219658
v -177.06025696 78.91648102 31.93386269
v -176.41506958 78.91648102 29.0374527
v -177.14028931 78.91648102 31.84297562
v -176.52651978 78.91648102 29.08636284
v -177.23312378 78.91648102 31.76521111
v -176.64411926 78.91648102 29.11779785
v -177.33660889 78.91648102 31.7023468
v -176.76512146 78.91648102 29.13103104
v -177.44842529 78.91648102 31.65582657
v -176.88673401 78.91648102 29.1257515
v -178.88948059 78.91648102 31.18060303
v -178.39346313 78.91648102 28.94480515
v -179.00352478 78.91648102 31.13173676
v -179.27322388 78.91648102 30.88055801
v -178.86564636 78.91648102 29.05208778
v -179.37400818 78.91648102 29.37534142
v -179.59692383 78.91648102 30.36665154
v -179.47340393 78.91648102 29.45142746
v -179.55810547 78.91648102 29.54357338
v -179.62556458 78.91648102 29.64899826
v -179.67376709 78.91648102 29.76451492
v -179.65415955 78.91648102 30.25534821
v -179.70123291 78.91648102 29.8866291
v -179.69128418 78.91648102 30.13581276
v -179.7071228 78.91648102 30.0116539
v -179.10749817 78.91648102 31.06401634
v -179.19828796 78.91648102 30.97945404
v -178.75628662 78.91648102 28.99507904
v -178.63883972 78.91648102 28.95756149
v -178.51669312 78.91648102 28.9406395
v -179.65605164 78.91648102 36.34106827
v -179.67074585 78.91648102 36.3278923
v -179.84069824 78.91648102 34.58422089
v -179.68508911 78.91648102 36.3143158
v -179.69903564 78.91648102 36.30035019
v -180.12251282 78.91648102 35.86497498
v -180.19198608 78.91648102 34.94407272
v -180.11061096 78.91648102 34.84898376
v -180.20166016 78.91648102 35.76800919
v -180.25567627 78.91648102 35.05181503
v -180.26281738 78.91648102 35.65879822
v -180.29975891 78.91648102 35.16896057
v -180.30412292 78.91648102 35.54064941
v -180.32287598 78.91648102 35.29197311
v -180.32434082 78.91648102 35.41712952
v -179.62341309 78.91648102 36.36787033
v -178.86138916 78.91648102 36.55786896
v -179.5413208 78.91648102 36.42280197
v -179.26132202 78.91648102 36.51406097
v -179.45248413 78.91648102 36.46598053
v -179.35853577 78.91648102 36.49658966
v -177.2219696 78.91648102 36.9666214
v -170.95922852 78.91648102 38.52809525
v -177.19970703 78.91648102 36.99499512
v -177.17874146 78.91648102 37.02434158
v -177.15911865 78.91648102 37.05460739
v -177.12084961 78.91648102 37.5815239
v -177.07077026 78.91648102 38.10744858
v -170.82012939 78.91648102 39.2576828
v -177.0088501 78.91648102 38.63211823
v -177.06001282 78.91648102 38.74256516
v -176.4375 78.91648102 41.81891632
v -176.53869629 78.91648102 41.75239563
v -177.12734985 78.91648102 38.84396744
v -176.64877319 78.91648102 41.70191956
v -177.20928955 78.91648102 38.93398666
v -176.76519775 78.91648102 41.66863251
v -177.3039093 78.91648102 39.01053619
v -176.88531494 78.91648102 41.65330505
v -177.40907288 78.91648102 39.07183838
v -177.00637817 78.91648102 41.65628052
v -177.52230835 78.91648102 39.11647797
v -178.5161438 78.91648102 41.80827713
v -178.97238159 78.91648102 39.56401443
v -179.36010742 78.91648102 39.85407639
v -179.28338623 78.91648102 39.75752258
v -170.65019226 78.91648102 39.98071289
v -176.34750366 78.91648102 41.89994049
v -170.44973755 78.91648102 40.69587708
v -176.20053101 78.91648102 42.40738678
v -170.21911621 78.91648102 41.40189743
v -176.04217529 78.91648102 42.91140747
v -169.95874023 78.91648102 42.09749222
v -175.87252808 78.91648102 43.41173172
v -169.66906738 78.91648102 42.78141022
v -169.35066223 78.91648102 43.4524231
v -175.89962769 78.91648102 43.53040314
v -175.94438171 78.91648102 43.64358902
v -176.00579834 78.91648102 43.74867249
v -176.0824585 78.91648102 43.84322739
v -176.1725769 78.91648102 43.92505264
v -176.27404785 78.91648102 43.99226379
v -177.83981323 78.91648102 44.94928741
v -177.59939575 78.91648102 44.73150635
v -177.77101135 78.91648102 44.86478806
v -177.69026184 78.91648102 44.79163742
v -178.64021301 78.91648102 41.81002045
v -178.76272583 78.91648102 41.79043579
v -178.88006592 78.91648102 41.75011444
v -178.98873901 78.91648102 41.69024658
v -179.6930542 78.91648102 40.35615921
v -179.49346924 78.91648102 41.35242844
v -179.59104919 78.91648102 41.27403259
v -179.67355347 78.91648102 41.17992401
v -179.73854065 78.91648102 41.07294464
v -179.78401184 78.91648102 40.95632935
v -179.80859375 78.91648102 40.83360672
v -179.81155396 78.91648102 40.70847321
v -179.7928009 78.91648102 40.58472443
v -179.75289917 78.91648102 40.46608734
v -179.19136047 78.91648102 39.67547607
v -179.0866394 78.91648102 39.6103363
v -177.11747742 78.91648102 46.8343811
v -177.13626099 78.91648102 46.82832336
v -178.00073242 78.91648102 45.30452347
v -177.15487671 78.91648102 46.82175064
v -177.17332458 78.91648102 46.81467438
v -177.73727417 78.91648102 46.58917999
v -177.84899902 78.91648102 46.53278351
v -177.94929504 78.91648102 46.45788574
v -178.13961792 78.91648102 45.65617371
v -178.03509521 78.91648102 46.36676025
v -178.10380554 78.91648102 46.262146
v -178.17529297 78.91648102 45.77614594
v -178.15336609 78.91648102 46.14721298
v -178.18966675 78.91648102 45.90048218
v -178.18228149 78.91648102 46.02543259
v -176.30334473 78.91648102 46.70922089
v -176.68652344 78.91648102 46.8318634
v -177.07675171 78.91648102 46.8455925
v -176.97943115 78.91648102 46.86238098
v -176.78244019 78.91648102 46.85545349
v -176.88067627 78.91648102 46.86569214
v -171.95700073 78.91648102 53.95965576
v -170.91584778 78.91648102 52.44851685
v -164.81060791 78.91648102 49.13935089
v -170.85049438 78.91648102 52.34584045
v -170.80145264 78.91648102 52.23443604
v -171.82592773 78.91648102 53.66291046
v -171.92852783 78.91648102 53.85447693
v -171.88449097 78.91648102 53.7548027
v -170.7698822 78.91648102 52.11688232
v -170.7565155 78.91648102 51.99589539
v -170.76164246 78.91648102 51.87428284
v -170.78515625 78.91648102 51.75485992
v -165.37442017 78.91648102 48.6558609
v -171.14364624 78.91648102 51.36678696
v -165.91720581 78.91648102 48.14888382
v -171.49330139 78.91648102 50.9707489
v -171.83396912 78.91648102 50.56695557
v -166.43798828 78.91648102 47.61932755
v -166.93582153 78.91648102 47.0681572
v -173.769104 78.91648102 47.97235489
v -167.40983582 78.91648102 46.49635315
v -173.76730347 78.91648102 47.85064697
v -167.85917664 78.91648102 45.904953
v -174.0372467 78.91648102 47.39652252
v -168.2829895 78.91648102 45.29501343
v -174.29693604 78.91648102 46.93643951
v -171.94914246 78.91648102 50.5295372
v -173.78936768 78.91648102 48.09238052
v -172.06863403 78.91648102 50.50992966
v -173.88291931 78.91648102 48.31636047
v -173.8276062 78.91648102 48.20793533
v -172.18972778 78.91648102 50.5085907
v -173.95407104 78.91648102 48.41513062
v -172.30964661 78.91648102 50.52553558
v -174.03933716 78.91648102 48.5019722
v -172.4256134 78.91648102 50.56039429
v -172.53500366 78.91648102 50.61235046
v -175.18202209 78.91648102 49.50061798
v -175.41824341 78.91648102 49.9233017
v -175.38745117 78.91648102 49.80390167
v -173.85240173 78.91648102 51.36528015
v -175.51818848 78.91648102 50.51740265
v -173.96502686 78.91648102 51.41733551
v -174.33215332 78.91648102 51.44967651
v -174.9306488 78.91648102 51.34635925
v -175.52816772 78.91648102 50.64216614
v -175.51635742 78.91648102 50.76677322
v -175.4831543 78.91648102 50.88745499
v -175.42955017 78.91648102 51.00056076
v -175.35717773 78.91648102 51.10268021
v -175.26821899 78.91648102 51.1907196
v -175.16534424 78.91648102 51.26202011
v -175.05166626 78.91648102 51.31442642
v -174.08493042 78.91648102 51.44927979
v -174.20852661 78.91648102 51.46017075
v -175.33674622 78.91648102 49.69150543
v -175.26757812 78.91648102 49.5894165
v -174.54620361 78.91648102 46.47064209
v -174.57643127 78.91648102 46.45097351
v -174.60752869 78.91648102 46.43268967
v -174.6394043 78.91648102 46.41582489
v -171.95951843 78.91648102 54.34963226
v -170.53038025 78.91648102 55.38796997
v -170.55000305 78.91648102 55.39008331
v -170.5894165 78.91648102 55.39268112
v -170.56968689 78.91648102 55.39165115
v -171.19630432 78.91648102 55.41605377
v -171.92715454 78.91648102 54.85147858
v -171.94335938 78.91648102 54.7273674
v -171.32131958 78.91648102 55.40998459
v -171.44340515 78.91648102 55.38235092
v -171.55883789 78.91648102 55.33399963
v -171.66415405 78.91648102 55.26638031
v -171.75619507 78.91648102 55.18154526
v -171.83213806 78.91648102 55.08205414
v -171.88970947 78.91648102 54.97091293
v -169.83752441 78.91648102 54.94249725
v -170.13769531 78.91648102 55.21038437
v -170.48860168 78.91648102 55.38165665
v -170.21572876 78.91648102 55.27095032
v -170.30133057 78.91648102 55.32026291
v -170.39285278 78.91648102 55.35739899
v -162.91792297 78.91648102 59.79827499
v -162.5814209 78.91648102 57.99430847
v -158.34994507 78.91648102 52.48801422
v -162.56347656 78.91648102 57.87392044
v -162.56399536 78.91648102 57.7522049
v -162.91888428 78.91648102 59.47387695
v -162.93469238 78.91648102 59.69060516
v -162.93501282 78.91648102 59.58164215
v -162.58294678 78.91648102 57.63196945
v -162.61994934 78.91648102 57.51600647
v -162.67410278 78.91648102 57.40699768
v -162.74417114 78.91648102 57.30746841
v -159.06167603 78.91648102 52.2756424
v -163.22950745 78.91648102 57.09875107
v -160.45489502 78.91648102 51.76131821
v -159.76374817 78.91648102 52.03326797
v -163.71002197 78.91648102 56.87917328
v -164.18547058 78.91648102 56.64884949
v -161.13388062 78.91648102 51.46028519
v -161.79948425 78.91648102 51.13071823
v -162.45050049 78.91648102 50.77320099
v -167.05645752 78.91648102 54.95373535
v -163.08578491 78.91648102 50.38838196
v -167.48779297 78.91648102 54.6486702
v -164.30589294 78.91648102 56.66151047
v -167.00863647 78.91648102 55.06565857
v -164.42304993 78.91648102 56.69220352
v -166.97831726 78.91648102 55.18354416
v -164.53421021 78.91648102 56.74023056
v -166.96624756 78.91648102 55.30466461
v -164.63685608 78.91648102 56.80448532
v -166.97267151 78.91648102 55.42621613
v -164.72862244 78.91648102 56.88349152
v -166.99749756 78.91648102 55.54538345
v -164.80741882 78.91648102 56.97544861
v -167.04008484 78.91648102 55.65940475
v -165.7046814 78.91648102 58.1991272
v -167.67778015 78.91648102 57.03647614
v -165.78642273 78.91648102 58.29249573
v -166.10864258 78.91648102 58.47135925
v -167.57133484 78.91648102 58.10208893
v -167.72167969 78.91648102 57.51869583
v -165.88294983 78.91648102 58.37044144
v -165.99142456 78.91648102 58.43066406
v -166.69741821 78.91648102 58.6204071
v -167.52967834 78.91648102 58.22011948
v -166.82096863 78.91648102 58.64046097
v -166.94612122 78.91648102 58.6388092
v -167.0690918 78.91648102 58.61551666
v -167.18618774 78.91648102 58.57127762
v -167.2938385 78.91648102 58.50742722
v -167.38879395 78.91648102 58.42589951
v -167.4682312 78.91648102 58.32915497
v -167.74209595 78.91648102 57.39709473
v -167.74147034 78.91648102 57.27378845
v -167.71981812 78.91648102 57.15239716
v -167.91215515 78.91648102 54.33398819
v -168.32933044 78.91648102 54.00984955
v -168.36495972 78.91648102 54.00417328
v -168.40078735 78.91648102 54.00011444
v -168.43676758 78.91648102 53.99767303
v -162.76161194 78.91648102 60.15556335
v -161.03369141 78.91648102 60.52284241
v -161.05075073 78.91648102 60.53275681
v -162.59321594 78.91648102 60.49406433
v -161.06809998 78.91648102 60.54219818
v -161.08569336 78.91648102 60.55115509
v -162.52792358 78.91648102 60.60085678
v -162.44512939 78.91648102 60.69473267
v -161.63061523 78.91648102 60.81935883
v -162.34733582 78.91648102 60.77285385
v -162.23748779 78.91648102 60.83285522
v -162.11891174 78.91648102 60.8729248
v -161.74729919 78.91648102 60.86466217
v -161.99520874 78.91648102 60.89185715
v -161.87005615 78.91648102 60.88907242
v -160.58195496 78.91648102 59.834095
v -160.74719238 78.91648102 60.20088959
v -160.99809265 78.91648102 60.50008774
v -160.92048645 78.91648102 60.4389801
v -160.85197449 78.91648102 60.36782074
v -160.7938385 78.91648102 60.28796387
v -152.28552246 78.91648102 61.45559311
v -152.71188354 78.91648102 59.67073059
v -151.08584595 78.91648102 52.91938019
v -152.74443054 78.91648102 59.55344772
v -152.79440308 78.91648102 59.44245911
v -152.41835022 78.91648102 61.15963364
v -152.34463501 78.91648102 61.36405563
v -152.38925171 78.91648102 61.26464081
v -152.86064148 78.91648102 59.34033203
v -152.94160461 78.91648102 59.24944305
v -153.03541565 78.91648102 59.17188644
v -153.13990784 78.91648102 59.10946274
v -151.82241821 78.91648102 53.01485443
v -153.66818237 78.91648102 59.11618805
v -154.04710388 78.91648102 53.11283493
v -153.30438232 78.91648102 53.11166763
v -154.19645691 78.91648102 59.11103821
v -154.7244873 78.91648102 59.0940094
v -154.78921509 78.91648102 53.0824852
v -155.52935791 78.91648102 53.02066803
v -158.03674316 78.91648102 58.71318817
v -156.26623535 78.91648102 52.92750549
v -158.55485535 78.91648102 58.60993195
v -154.82936096 78.91648102 59.1545639
v -157.94750977 78.91648102 58.79597473
v -154.92388916 78.91648102 59.23025131
v -157.87187195 78.91648102 58.89134216
v -155.00592041 78.91648102 59.31933975
v -157.81156921 78.91648102 58.99708176
v -155.07354736 78.91648102 59.41978455
v -157.76802063 78.91648102 59.11074066
v -155.12524414 78.91648102 59.52928925
v -157.74221802 78.91648102 59.22969437
v -155.15982056 78.91648102 59.6453476
v -157.73475647 78.91648102 59.35118866
v -155.48181152 78.91648102 61.12818909
v -157.75721741 78.91648102 60.86857605
v -155.51849365 78.91648102 61.24671936
v -155.57496643 78.91648102 61.35718918
v -155.64958191 78.91648102 61.45632935
v -155.7401123 78.91648102 61.54117966
v -157.60115051 78.91648102 61.3269577
v -156.21736145 78.91648102 61.91681671
v -156.32206726 78.91648102 61.98538971
v -157.22653198 78.91648102 61.79876328
v -156.43707275 78.91648102 62.03479004
v -156.55889893 78.91648102 62.06352615
v -156.68383789 78.91648102 62.07073212
v -156.8081665 78.91648102 62.05619431
v -156.92808533 78.91648102 62.02033997
v -157.03997803 78.91648102 61.9642601
v -157.14048767 78.91648102 61.88965225
v -157.66928101 78.91648102 61.2241745
v -157.71887207 78.91648102 61.11127853
v -157.74847412 78.91648102 60.99157715
v -159.07052612 78.91648102 58.49506378
v -159.58346558 78.91648102 58.36862564
v -159.61831665 78.91648102 58.37792969
v -159.65270996 78.91648102 58.38879395
v -159.68656921 78.91648102 58.40120316
v -152.56236267 78.91648102 53.07899094
v -150.26948547 78.91648102 61.35113525
v -150.28105164 78.91648102 61.36713409
v -151.99740601 78.91648102 61.71841431
v -150.2930603 78.91648102 61.3828125
v -150.30549622 78.91648102 61.39815521
v -150.69421387 78.91648102 61.86481094
v -150.78237915 78.91648102 61.95365524
v -151.70588684 78.91648102 61.95915604
v -150.88459778 78.91648102 62.02588654
v -151.60281372 78.91648102 62.03016663
v -151.48899841 78.91648102 62.0822525
v -150.99778748 78.91648102 62.07932281
v -151.3678894 78.91648102 62.1138382
v -151.11849976 78.91648102 62.11235428
v -151.24313354 78.91648102 62.12397766
v -150.24624634 78.91648102 61.31587219
v -150.13694763 78.91648102 60.53819275
v -150.20019531 78.91648102 61.22848129
v -150.16653442 78.91648102 61.13560486
v -150.13870239 78.91648102 60.94048309
v -150.14590454 78.91648102 61.03900528
v -141.89826965 78.91648102 58.64505005
v -143.01373291 78.91648102 57.18790436
v -144.27429199 78.91648102 50.35887146
v -143.09117126 78.91648102 57.09400177
v -143.18197632 78.91648102 57.01293564
v -142.13999939 78.91648102 58.42870331
v -141.98950195 78.91648102 58.58546448
v -142.07069397 78.91648102 58.51279449
v -143.28401184 78.91648102 56.94658279
v -143.39494324 78.91648102 56.89648056
v -143.51219177 78.91648102 56.86378479
v -143.63304138 78.91648102 56.84925842
v -144.90834045 78.91648102 50.74568176
v -144.11289978 78.91648102 57.07026672
v -146.22280884 78.91648102 51.43689728
v -145.5582428 78.91648102 51.10523987
v -144.59761047 78.91648102 57.28042984
v -145.08691406 78.91648102 57.47964859
v -146.90084839 78.91648102 51.74005508
v -147.59115601 78.91648102 52.01416779
v -145.15808105 78.91648102 57.57762146
v -148.29244995 78.91648102 52.25875092
v -145.21365356 78.91648102 57.68521118
v -148.0446167 78.91648102 58.57465744
v -145.25234985 78.91648102 57.79995728
v -147.9465332 78.91648102 58.64673233
v -145.27328491 78.91648102 57.91923523
v -147.86051941 78.91648102 58.73284912
v -145.27597046 78.91648102 58.04029846
v -147.78855896 78.91648102 58.83102417
v -145.26036072 78.91648102 58.16038513
v -147.73233032 78.91648102 58.93897629
v -147.13565063 78.91648102 60.33432007
v -146.80665588 78.91648102 60.68959045
v -146.91070557 78.91648102 60.62340546
v -144.9513855 78.91648102 59.64599609
v -146.27252197 78.91648102 60.96824265
v -144.93669128 78.91648102 59.76919174
v -144.94335938 78.91648102 59.89308929
v -144.97119141 78.91648102 60.01399994
v -145.0193634 78.91648102 60.12833405
v -145.30256653 78.91648102 60.6656189
v -146.15693665 78.91648102 61.01626968
v -145.37034607 78.91648102 60.77085114
v -145.45530701 78.91648102 60.86275482
v -145.55491638 78.91648102 60.93856049
v -145.6661377 78.91648102 60.99596405
v -145.78561401 78.91648102 61.03324509
v -145.90975952 78.91648102 61.04926682
v -146.03479004 78.91648102 61.04354858
v -147.00192261 78.91648102 60.54044342
v -147.07765198 78.91648102 60.44313049
v -148.1525116 78.91648102 58.51830292
v -148.2677002 78.91648102 58.47896576
v -148.78302002 78.91648102 58.59537506
v -149.00350952 78.91648102 52.47335052
v -149.30082703 78.91648102 58.70017624
v -149.82086182 78.91648102 58.79330063
v -149.84890747 78.91648102 58.81597519
v -149.87590027 78.91648102 58.83988953
v -149.90179443 78.91648102 58.86499786
v -140.09901428 78.91648102 57.72962952
v -140.10307312 78.91648102 57.74894714
v -141.52815247 78.91648102 58.76796341
v -140.10766602 78.91648102 57.76815033
v -140.11277771 78.91648102 57.78722382
v -140.27807617 78.91648102 58.37164307
v -140.32249451 78.91648102 58.48866272
v -140.38648987 78.91648102 58.59622955
v -141.16392517 78.91648102 58.8693161
v -140.46815491 78.91648102 58.691082
v -140.5650177 78.91648102 58.77036285
v -140.67414856 78.91648102 58.83166885
v -140.79222107 78.91648102 58.87314606
v -140.91571045 78.91648102 58.89355087
v -141.0408783 78.91648102 58.89225769
v -140.30857849 78.91648102 56.93305588
v -140.14656067 78.91648102 57.30128479
v -140.09211731 78.91648102 57.68795013
v -140.11308289 78.91648102 57.39421463
v -140.09262085 78.91648102 57.49085236
v -140.08558655 78.91648102 57.58938217
v -133.55218506 78.91648102 51.85260773
v -135.16387939 78.91648102 50.9751358
v -139.09307861 78.91648102 45.24922943
v -135.27282715 78.91648102 50.92085266
v -135.38874817 78.91648102 50.88372803
v -133.86100769 78.91648102 51.75328827
v -133.65975952 78.91648102 51.83528519
v -133.76350403 78.91648102 51.80191803
v -135.50895691 78.91648102 50.86461639
v -135.63067627 78.91648102 50.8639679
v -135.75108337 78.91648102 50.88178635
v -135.86740112 78.91648102 50.91766739
v -139.51498413 78.91648102 45.86048889
v -136.21588135 78.91648102 51.31474304
v -139.96244812 78.91648102 46.45330048
v -136.57319641 78.91648102 51.70388794
v -136.93916321 78.91648102 52.0848999
v -140.43467712 78.91648102 47.02658844
v -140.93078613 78.91648102 47.57931519
v -136.96434021 78.91648102 52.20335007
v -139.317276 78.91648102 54.28064728
v -141.4499054 78.91648102 48.11050415
v -139.43850708 78.91648102 54.29156494
v -141.99110413 78.91648102 48.6191864
v -139.86192322 78.91648102 54.60750961
v -142.5533905 78.91648102 49.1044426
v -140.29234314 78.91648102 54.91386032
v -136.97134399 78.91648102 52.32424164
v -139.19578552 78.91648102 54.28825378
v -136.96002197 78.91648102 52.44480896
v -138.85758972 78.91648102 54.41829681
v -138.96325684 78.91648102 54.35787964
v -136.93063354 78.91648102 52.56229019
v -138.76231384 78.91648102 54.49404907
v -136.8838501 78.91648102 52.67398453
v -136.82073975 78.91648102 52.77733231
v -135.93423462 78.91648102 54.00883102
v -137.64970398 78.91648102 55.52606964
v -137.20463562 78.91648102 55.71681595
v -137.32659912 78.91648102 55.69866943
v -135.87068176 78.91648102 54.11540222
v -135.80014038 78.91648102 54.47712326
v -136.60334778 78.91648102 55.75411987
v -135.8263855 78.91648102 54.23129654
v -135.80262756 78.91648102 54.35307312
v -135.84033203 78.91648102 55.08314514
v -136.47821045 78.91648102 55.75098038
v -135.85943604 78.91648102 55.20684052
v -135.89968872 78.91648102 55.32536316
v -135.95983887 78.91648102 55.43512344
v -136.0381012 78.91648102 55.5328064
v -136.13208008 78.91648102 55.61545944
v -136.23898315 78.91648102 55.68058777
v -136.35552979 78.91648102 55.72622299
v -137.44367981 78.91648102 55.65998077
v -137.55244446 78.91648102 55.60187912
v -139.07685852 78.91648102 54.31419754
v -140.72953796 78.91648102 55.21045303
v -140.74594116 78.91648102 55.24257278
v -140.76086426 78.91648102 55.27540207
v -140.77430725 78.91648102 55.30886841
v -133.16407776 78.91648102 51.81435394
v -132.28082275 78.91648102 50.28450775
v -132.27667236 78.91648102 50.30381012
v -132.2699585 78.91648102 50.34271622
v -132.27305603 78.91648102 50.3232193
v -132.18328857 78.91648102 50.94385147
v -132.55351257 78.91648102 51.67998886
v -132.66836548 78.91648102 51.72971725
v -132.17625427 78.91648102 51.06882095
v -132.190979 78.91648102 51.19311523
v -132.22698975 78.91648102 51.31298447
v -132.28323364 78.91648102 51.42480469
v -132.35797119 78.91648102 51.52519226
v -132.44898987 78.91648102 51.61111832
v -132.7901001 78.91648102 51.75880051
v -132.79626465 78.91648102 49.64203262
v -132.49848938 78.91648102 49.91253281
v -132.29147339 78.91648102 50.24362564
v -132.43009949 78.91648102 49.98381042
v -132.37210083 78.91648102 50.06378174
v -132.3256073 78.91648102 50.15093231
v -128.69039917 78.91648102 42.2527504
v -130.51965332 78.91648102 42.10667038
v -136.43809509 78.91648102 38.47394562
v -130.64126587 78.91648102 42.10139847
v -130.76225281 78.91648102 42.11463165
v -128.79571533 78.91648102 42.2806778
v -128.90405273 78.91648102 42.29238892
v -129.01292419 78.91648102 42.28762054
v -130.87985229 78.91648102 42.14606476
v -130.99130249 78.91648102 42.19497681
v -131.09405518 78.91648102 42.26023102
v -131.18572998 78.91648102 42.34031677
v -136.57489014 78.91648102 39.20396423
v -131.34255981 78.91648102 42.84480667
v -136.94078064 78.91648102 40.64331436
v -136.74256897 78.91648102 39.92752457
v -131.51071167 78.91648102 43.34563828
v -131.69007874 78.91648102 43.84256363
v -137.16918945 78.91648102 41.35005569
v -137.42738342 78.91648102 42.04646301
v -137.71487427 78.91648102 42.7312851
v -133.07580566 78.91648102 46.87502289
v -138.03118896 78.91648102 43.40329742
v -133.33410645 78.91648102 47.33587646
v -131.66490173 78.91648102 43.96101379
v -132.96949768 78.91648102 46.81574249
v -131.62213135 78.91648102 44.07430649
v -132.85540771 78.91648102 46.7732811
v -131.56274414 78.91648102 44.1798439
v -132.73622131 78.91648102 46.74861145
v -131.48809814 78.91648102 44.27520752
v -132.6146698 78.91648102 46.74230957
v -131.39993286 78.91648102 44.35821915
v -132.49356079 78.91648102 46.75452423
v -131.30024719 78.91648102 44.42697144
v -132.3757019 78.91648102 46.78496933
v -129.98948669 78.91648102 45.19142151
v -130.93951416 78.91648102 47.27523422
v -129.88809204 78.91648102 45.26292801
v -129.67652893 78.91648102 45.56468964
v -129.8908844 78.91648102 47.05797195
v -130.45535278 78.91648102 47.26846313
v -129.80047607 78.91648102 45.3507843
v -129.72924805 78.91648102 45.45238113
v -129.46673584 78.91648102 46.13466644
v -129.77784729 78.91648102 47.00421143
v -129.43388367 78.91648102 46.25543976
v -129.43275452 78.91648102 46.50482178
v -129.46452332 78.91648102 46.62588501
v -129.51676941 78.91648102 46.73962402
v -129.42243958 78.91648102 46.38008118
v -129.58792114 78.91648102 46.84259796
v -129.67582703 78.91648102 46.93169022
v -130.57415771 78.91648102 47.30149078
v -130.69685364 78.91648102 47.31376648
v -130.81983948 78.91648102 47.30492401
v -133.60270691 78.91648102 47.790802
v -133.88146973 78.91648102 48.23958588
v -133.88337708 78.91648102 48.27559662
v -133.88368225 78.91648102 48.31165695
v -133.88233948 78.91648102 48.34769821
v -128.35140991 78.91648102 42.05994415
v -128.16674805 78.91648102 40.30310822
v -128.15510559 78.91648102 40.31905365
v -128.03236389 78.91648102 41.85708618
v -128.14390564 78.91648102 40.33531189
v -128.13314819 78.91648102 40.35186768
v -127.93296814 78.91648102 41.78100204
v -127.80945587 78.91648102 40.86577606
v -127.8482666 78.91648102 41.6888504
v -127.78079987 78.91648102 41.58342743
v -127.73261261 78.91648102 41.46791458
v -127.75221252 78.91648102 40.97707748
v -127.70515442 78.91648102 41.34579468
v -127.71510315 78.91648102 41.09661484
v -127.69926453 78.91648102 41.22077179
v -128.8989563 78.91648102 39.92582703
v -128.51687622 78.91648102 40.05182266
v -128.19309998 78.91648102 40.27009583
v -128.26199341 78.91648102 40.19929504
v -128.33990479 78.91648102 40.13858795
v -128.42541504 78.91648102 40.08911896
v -128.15354919 78.91648102 31.50537491
v -129.88406372 78.91648102 32.11594772
v -136.7684021 78.91648102 31.20453835
v -129.99729919 78.91648102 32.16059113
v -130.10246277 78.91648102 32.22189331
v -128.43400574 78.91648102 31.66841125
v -128.23840332 78.91648102 31.57372665
v -128.33261108 78.91648102 31.62849045
v -130.19709778 78.91648102 32.29843903
v -130.27902222 78.91648102 32.38845825
v -130.34635925 78.91648102 32.48986053
v -130.39752197 78.91648102 32.60031128
v -136.59645081 78.91648102 31.92708969
v -130.33560181 78.91648102 33.12497711
v -136.26646423 78.91648102 34.12935257
v -136.34524536 78.91648102 33.39081573
v -130.2855072 78.91648102 33.65090179
v -130.24725342 78.91648102 34.1778183
v -136.21907043 78.91648102 34.87057114
v -136.20318604 78.91648102 35.61312866
v -130.27975464 78.91648102 37.51173401
v -136.21881104 78.91648102 36.35569
v -130.32829285 78.91648102 38.03780746
v -130.17607117 78.91648102 34.27578354
v -130.20675659 78.91648102 37.41434097
v -130.09091187 78.91648102 34.36188507
v -130.11981201 78.91648102 37.32914734
v -129.99372864 78.91648102 34.43414688
v -130.02096558 78.91648102 37.25813293
v -129.88676453 78.91648102 34.49091339
v -129.91247559 78.91648102 37.20293427
v -129.77246094 78.91648102 34.53088379
v -129.796875 78.91648102 37.16483307
v -129.65342712 78.91648102 34.55314255
v -129.67681885 78.91648102 37.14471436
v -128.14505005 78.91648102 34.71836472
v -128.16540527 78.91648102 37.00843811
v -128.02334595 78.91648102 34.74245453
v -127.90756226 78.91648102 34.78707886
v -127.80117798 78.91648102 34.85091782
v -127.7073288 78.91648102 34.9320755
v -127.28385925 78.91648102 35.36745071
v -127.72583771 78.91648102 36.80532837
v -127.29577637 78.91648102 36.38344193
v -127.21438599 78.91648102 36.28835297
v -127.15068817 78.91648102 36.18061066
v -127.10661316 78.91648102 36.06346512
v -127.08349609 78.91648102 35.94045258
v -127.08202362 78.91648102 35.81529617
v -127.10224915 78.91648102 35.69177628
v -127.14356232 78.91648102 35.57362747
v -127.20471191 78.91648102 35.4644165
v -127.82093811 78.91648102 36.88382339
v -127.92802429 78.91648102 36.94494247
v -128.04399109 78.91648102 36.98688889
v -130.3886261 78.91648102 38.5626564
v -130.46075439 78.91648102 39.08601379
v -130.44786072 78.91648102 39.11969376
v -130.43347168 78.91648102 39.15275955
v -130.41758728 78.91648102 39.18514252
v -136.45532227 78.91648102 32.65628433
v -128.46815491 78.91648102 29.51129913
v -128.45103455 78.91648102 29.52112961
v -127.92227936 78.91648102 31.19135284
v -128.43418884 78.91648102 29.53142548
v -128.41763306 78.91648102 29.54218102
v -127.91290283 78.91648102 29.87999916
v -127.7133255 78.91648102 30.87626457
v -127.81533051 78.91648102 29.9583931
v -127.73281097 78.91648102 30.05250168
v -127.65348816 78.91648102 30.76633453
v -127.66783905 78.91648102 30.15948105
v -127.61357117 78.91648102 30.64770126
v -127.62236786 78.91648102 30.27609253
v -127.59482574 78.91648102 30.52395058
v -127.59777832 78.91648102 30.39882278
v -128.50566101 78.91648102 29.49185944
v -129.29052734 78.91648102 29.46445274
v -128.59738159 78.91648102 29.45519638
v -128.69326782 78.91648102 29.43143654
v -128.89022827 78.91648102 29.42415237
v -128.79148865 78.91648102 29.42102242
v -130.97911072 78.91648102 29.40548325
v -137.42964172 78.91648102 29.18022537
v -131.00679016 78.91648102 29.38236046
v -131.03338623 78.91648102 29.35800934
v -131.05886841 78.91648102 29.33248711
v -131.20585632 78.91648102 28.825037
v -131.36419678 78.91648102 28.32102203
v -137.71739197 78.91648102 28.49550247
v -131.53384399 78.91648102 27.82069206
v -138.03393555 78.91648102 27.82360458
v -131.50675964 78.91648102 27.70202255
v -131.46199036 78.91648102 27.58883476
v -132.7552948 78.91648102 24.82233047
v -132.64248657 78.91648102 24.86635208
v -131.40057373 78.91648102 27.48374939
v -131.32391357 78.91648102 27.38920021
v -132.52432251 78.91648102 24.89284134
v -131.23379517 78.91648102 27.30737305
v -132.40350342 78.91648102 24.90119171
v -131.13232422 78.91648102 27.2401638
v -132.28282166 78.91648102 24.89121246
v -138.37870789 78.91648102 27.16574478
v -132.86016846 78.91648102 24.7617836
v -138.75108337 78.91648102 26.52310562
v -139.15039062 78.91648102 25.89684677
v -133.10943604 78.91648102 24.29598236
v -133.36912537 78.91648102 23.83590508
v -139.57591248 78.91648102 25.28809547
v -133.63908386 78.91648102 23.38177681
v -140.02687073 78.91648102 24.69794846
v -133.63725281 78.91648102 23.2600708
v -133.61700439 78.91648102 23.14004898
v -133.57876587 78.91648102 23.02448654
v -133.5234375 78.91648102 22.91606712
v -133.45231628 78.91648102 22.81729126
v -133.36701965 78.91648102 22.73045349
v -132.03445435 78.91648102 21.4688015
v -132.22434998 78.91648102 21.73181152
v -132.08418274 78.91648102 21.56575966
v -132.14796448 78.91648102 21.65410233
v -132.16503906 78.91648102 24.86313057
v -129.80699158 78.91648102 26.50091934
v -130.71984863 78.91648102 24.40055847
v -129.26675415 78.91648102 25.57624817
v -129.48805237 78.91648102 26.13658714
v -130.59887695 78.91648102 24.37305832
v -130.47496033 78.91648102 24.36673737
v -130.35179138 78.91648102 24.38178635
v -130.23304749 78.91648102 24.41775322
v -129.66911316 78.91648102 24.6432476
v -129.2310791 78.91648102 25.45627785
v -129.55737305 78.91648102 24.69964218
v -129.45707703 78.91648102 24.77453613
v -129.37129211 78.91648102 24.86566925
v -129.30256653 78.91648102 24.9702816
v -129.25300598 78.91648102 25.08521652
v -129.22409058 78.91648102 25.20699501
v -129.21670532 78.91648102 25.3319397
v -129.54298401 78.91648102 26.24697495
v -129.6159668 78.91648102 26.34636879
v -129.70483398 78.91648102 26.43185043
v -140.77877808 81.1164856 55.32108307
v -140.8107605 81.1164856 55.43788147
v -140.80873108 78.91648102 55.42767334
v -140.82476807 81.1164856 55.5581665
v -140.82441711 78.91648102 55.55036545
v -140.82043457 81.1164856 55.67918396
v -140.82099915 78.91648102 55.67401123
v -140.79789734 81.1164856 55.79816437
v -140.79856873 78.91648102 55.79565048
v -140.75765991 78.91648102 55.91238022
v -140.79789734 83.31649017 55.79816437
v -140.82043457 83.31649017 55.67918396
v -140.82476807 83.31649017 55.5581665
v -140.8107605 83.31649017 55.43788147
v -140.77877808 83.31649017 55.32108307
v -140.32249451 83.31649017 58.48866272
v -140.32249451 81.1164856 58.48866272
v -140.38648987 81.1164856 58.59622955
v -140.46815491 81.1164856 58.691082
v -140.5650177 81.1164856 58.77036285
v -140.67414856 81.1164856 58.83166885
v -140.79222107 81.1164856 58.87314606
v -140.91571045 81.1164856 58.89355087
v -141.0408783 81.1164856 58.89225769
v -141.0408783 83.31649017 58.89225769
v -140.91571045 83.31649017 58.89355087
v -140.79222107 83.31649017 58.87314606
v -140.67414856 83.31649017 58.83166885
v -140.5650177 83.31649017 58.77036285
v -140.46815491 83.31649017 58.691082
v -140.38648987 83.31649017 58.59622955
v -141.74432373 78.91648102 58.70780945
v -143.51219177 83.31649017 56.86378479
v -143.51219177 81.1164856 56.86378479
v -143.39494324 81.1164856 56.89648056
v -143.28401184 81.1164856 56.94658279
v -143.18197632 81.1164856 57.01293564
v -143.09117126 81.1164856 57.09400177
v -143.09117126 83.31649017 57.09400177
v -143.18197632 83.31649017 57.01293564
v -143.28401184 83.31649017 56.94658279
v -143.39494324 83.31649017 56.89648056
v -142.06062317 81.1164856 58.52307129
v -142.06062317 83.31649017 58.52307129
v -141.96632385 83.31649017 58.60251999
v -141.85984802 83.31649017 58.66470337
v -141.85984802 81.1164856 58.66470337
v -141.79719543 78.91648102 58.69087219
v -141.84861755 78.91648102 58.66991043
v -141.96632385 81.1164856 58.60251999
v -140.09645081 78.91648102 57.71578217
v -140.09414673 78.91648102 57.70188904
v -140.0894165 83.31649017 57.66536713
v -140.08732605 83.31649017 57.54130936
v -140.10656738 83.31649017 57.41873169
v -140.10656738 81.1164856 57.41873169
v -140.08732605 81.1164856 57.54130936
v -140.0894165 81.1164856 57.66536713
v -136.96434021 81.1164856 52.20335007
v -136.96434021 83.31649017 52.20335007
v -136.97134399 83.31649017 52.32424164
v -136.96002197 83.31649017 52.44480896
v -136.93063354 83.31649017 52.56229019
v -136.8838501 83.31649017 52.67398453
v -136.8838501 81.1164856 52.67398453
v -136.93063354 81.1164856 52.56229019
v -136.96002197 81.1164856 52.44480896
v -136.97134399 81.1164856 52.32424164
v -135.85943604 83.31649017 55.20684052
v -135.85943604 81.1164856 55.20684052
v -135.89968872 81.1164856 55.32536316
v -135.95983887 81.1164856 55.43512344
v -136.0381012 81.1164856 55.5328064
v -136.13208008 81.1164856 55.61545944
v -136.23898315 81.1164856 55.68058777
v -136.35552979 81.1164856 55.72622299
v -136.47821045 81.1164856 55.75098038
v -136.47821045 83.31649017 55.75098038
v -136.35552979 83.31649017 55.72622299
v -136.23898315 83.31649017 55.68058777
v -136.13208008 83.31649017 55.61545944
v -136.0381012 83.31649017 55.5328064
v -135.95983887 83.31649017 55.43512344
v -135.89968872 83.31649017 55.32536316
v -139.317276 83.31649017 54.28064728
v -139.317276 81.1164856 54.28064728
v -139.19578552 81.1164856 54.28825378
v -139.07685852 81.1164856 54.31419754
v -138.96325684 81.1164856 54.35787964
v -138.85758972 81.1164856 54.41829681
v -138.85758972 83.31649017 54.41829681
v -138.96325684 83.31649017 54.35787964
v -139.07685852 83.31649017 54.31419754
v -139.19578552 83.31649017 54.28825378
v -137.55244446 81.1164856 55.60187912
v -137.55244446 83.31649017 55.60187912
v -137.44367981 83.31649017 55.65998077
v -137.32659912 83.31649017 55.69866943
v -137.32659912 81.1164856 55.69866943
v -137.44367981 81.1164856 55.65998077
v -135.80262756 81.1164856 54.35307312
v -135.80262756 83.31649017 54.35307312
v -135.8263855 83.31649017 54.23129654
v -135.87068176 83.31649017 54.11540222
v -135.87068176 81.1164856 54.11540222
v -135.8263855 81.1164856 54.23129654
v -133.88146973 81.1164856 48.36067581
v -133.8631897 81.1164856 48.48038483
v -133.86546326 78.91648102 48.47023392
v -133.82704163 81.1164856 48.59596634
v -133.82989502 78.91648102 48.58869934
v -133.77386475 81.1164856 48.70476151
v -133.77648926 78.91648102 48.70026398
v -133.70487976 81.1164856 48.80429077
v -133.70652771 78.91648102 48.80226517
v -133.62165833 78.91648102 48.89226532
v -133.70487976 83.31649017 48.80429077
v -133.77386475 83.31649017 48.70476151
v -133.82704163 83.31649017 48.59596634
v -133.8631897 83.31649017 48.48038483
v -133.88146973 83.31649017 48.36067581
v -132.17625427 83.31649017 51.06882095
v -132.17625427 81.1164856 51.06882095
v -132.190979 81.1164856 51.19311523
v -132.22698975 81.1164856 51.31298447
v -132.28323364 81.1164856 51.42480469
v -132.35797119 81.1164856 51.52519226
v -132.44898987 81.1164856 51.61111832
v -132.55351257 81.1164856 51.67998886
v -132.66836548 81.1164856 51.72971725
v -132.66836548 83.31649017 51.72971725
v -132.55351257 83.31649017 51.67998886
v -132.44898987 83.31649017 51.61111832
v -132.35797119 83.31649017 51.52519226
v -132.28323364 83.31649017 51.42480469
v -132.22698975 83.31649017 51.31298447
v -132.190979 83.31649017 51.19311523
v -133.38601685 78.91648102 51.84732819
v -135.75108337 83.31649017 50.88178635
v -135.75108337 81.1164856 50.88178635
v -135.63067627 81.1164856 50.8639679
v -135.50895691 81.1164856 50.86461639
v -135.38874817 81.1164856 50.88372803
v -135.27282715 81.1164856 50.92085266
v -135.27282715 83.31649017 50.92085266
v -135.38874817 83.31649017 50.88372803
v -135.50895691 83.31649017 50.86461639
v -135.63067627 83.31649017 50.8639679
v -133.75012207 81.1164856 51.80721664
v -133.75012207 83.31649017 51.80721664
v -133.63165283 83.31649017 51.84143448
v -133.50909424 83.31649017 51.85493469
v -133.50909424 81.1164856 51.85493469
v -133.44122314 78.91648102 51.85336304
v -133.49671936 78.91648102 51.85512543
v -133.63165283 81.1164856 51.84143448
v -132.28410339 78.91648102 50.27081299
v -132.28765869 78.91648102 50.25718689
v -132.29818726 83.31649017 50.22189713
v -132.34674072 83.31649017 50.10771179
v -132.41416931 83.31649017 50.00356293
v -132.41416931 81.1164856 50.00356293
v -132.34674072 81.1164856 50.10771179
v -132.29818726 81.1164856 50.22189713
v -131.66490173 81.1164856 43.96101379
v -131.66490173 83.31649017 43.96101379
v -131.62213135 83.31649017 44.07430649
v -131.56274414 83.31649017 44.1798439
v -131.48809814 83.31649017 44.27520752
v -131.39993286 83.31649017 44.35821915
v -131.39993286 81.1164856 44.35821915
v -131.48809814 81.1164856 44.27520752
v -131.56274414 81.1164856 44.1798439
v -131.62213135 81.1164856 44.07430649
v -129.43388367 83.31649017 46.25543976
v -129.43388367 81.1164856 46.25543976
v -129.42243958 81.1164856 46.38008118
v -129.43275452 81.1164856 46.50482178
v -129.46452332 81.1164856 46.62588501
v -129.51676941 81.1164856 46.73962402
v -129.58792114 81.1164856 46.84259796
v -129.67582703 81.1164856 46.93169022
v -129.77784729 81.1164856 47.00421143
v -129.77784729 83.31649017 47.00421143
v -129.67582703 83.31649017 46.93169022
v -129.58792114 83.31649017 46.84259796
v -129.51676941 83.31649017 46.73962402
v -129.46452332 83.31649017 46.62588501
v -129.43275452 83.31649017 46.50482178
v -129.42243958 83.31649017 46.38008118
v -132.96949768 83.31649017 46.81574249
v -132.96949768 81.1164856 46.81574249
v -132.85540771 81.1164856 46.7732811
v -132.73622131 81.1164856 46.74861145
v -132.6146698 81.1164856 46.74230957
v -132.49356079 81.1164856 46.75452423
v -132.49356079 83.31649017 46.75452423
v -132.6146698 83.31649017 46.74230957
v -132.73622131 83.31649017 46.74861145
v -132.85540771 83.31649017 46.7732811
v -130.81983948 81.1164856 47.30492401
v -130.81983948 83.31649017 47.30492401
v -130.69685364 83.31649017 47.31376648
v -130.57415771 83.31649017 47.30149078
v -130.57415771 81.1164856 47.30149078
v -130.69685364 81.1164856 47.31376648
v -129.72924805 81.1164856 45.45238113
v -129.72924805 83.31649017 45.45238113
v -129.80047607 83.31649017 45.3507843
v -129.88809204 83.31649017 45.26292801
v -129.88809204 81.1164856 45.26292801
v -129.80047607 81.1164856 45.3507843
v -130.41149902 81.1164856 39.19664001
v -130.34609985 81.1164856 39.2985611
v -130.35231018 78.91648102 39.29021454
v -130.26608276 81.1164856 39.38945007
v -130.27163696 78.91648102 39.38397217
v -130.17324829 81.1164856 39.46721649
v -130.17747498 78.91648102 39.46417236
v -130.06974792 81.1164856 39.53007889
v -130.07206726 78.91648102 39.52889633
v -129.95794678 78.91648102 39.57659912
v -130.06974792 83.31649017 39.53007889
v -130.17324829 83.31649017 39.46721649
v -130.26608276 83.31649017 39.38945007
v -130.34609985 83.31649017 39.2985611
v -130.41149902 83.31649017 39.19664001
v -127.75221252 83.31649017 40.97707748
v -127.75221252 81.1164856 40.97707748
v -127.71510315 81.1164856 41.09661484
v -127.69926453 81.1164856 41.22077179
v -127.70515442 81.1164856 41.34579468
v -127.73261261 81.1164856 41.46791458
v -127.78079987 81.1164856 41.58342743
v -127.8482666 81.1164856 41.6888504
v -127.93296814 81.1164856 41.78100204
v -127.93296814 83.31649017 41.78100204
v -127.8482666 83.31649017 41.6888504
v -127.78079987 83.31649017 41.58342743
v -127.73261261 83.31649017 41.46791458
v -127.70515442 83.31649017 41.34579468
v -127.69926453 83.31649017 41.22077179
v -127.71510315 83.31649017 41.09661484
v -128.54074097 78.91648102 42.180336
v -131.09405518 83.31649017 42.26023102
v -131.09405518 81.1164856 42.26023102
v -130.99130249 81.1164856 42.19497681
v -130.87985229 81.1164856 42.14606476
v -130.76225281 81.1164856 42.11463165
v -130.64126587 81.1164856 42.10139847
v -130.64126587 83.31649017 42.10139847
v -130.76225281 83.31649017 42.11463165
v -130.87985229 83.31649017 42.14606476
v -130.99130249 83.31649017 42.19497681
v -128.88967896 81.1164856 42.29178619
v -128.88967896 83.31649017 42.29178619
v -128.76753235 83.31649017 42.27486038
v -128.65007019 83.31649017 42.23734283
v -128.65007019 81.1164856 42.23734283
v -128.5887146 78.91648102 42.20830536
v -128.63870239 78.91648102 42.23249054
v -128.76753235 81.1164856 42.27486038
v -128.17532349 78.91648102 40.29193497
v -128.18409729 78.91648102 40.28092194
v -128.20808411 83.31649017 40.25297165
v -128.2988739 83.31649017 40.16841125
v -128.40284729 83.31649017 40.10068893
v -128.40284729 81.1164856 40.10068893
v -128.2988739 81.1164856 40.16841125
v -128.20808411 81.1164856 40.25297165
v -130.17607117 81.1164856 34.27578354
v -130.17607117 83.31649017 34.27578354
v -130.09091187 83.31649017 34.36188507
v -129.99372864 83.31649017 34.43414688
v -129.88676453 83.31649017 34.49091339
v -129.77246094 83.31649017 34.53088379
v -129.77246094 81.1164856 34.53088379
v -129.88676453 81.1164856 34.49091339
v -129.99372864 81.1164856 34.43414688
v -130.09091187 81.1164856 34.36188507
v -127.20471191 83.31649017 35.4644165
v -127.20471191 81.1164856 35.4644165
v -127.14356232 81.1164856 35.57362747
v -127.10224915 81.1164856 35.69177628
v -127.08202362 81.1164856 35.81529617
v -127.08349609 81.1164856 35.94045258
v -127.10661316 81.1164856 36.06346512
v -127.15068817 81.1164856 36.18061066
v -127.21438599 81.1164856 36.28835297
v -127.21438599 83.31649017 36.28835297
v -127.15068817 83.31649017 36.18061066
v -127.10661316 83.31649017 36.06346512
v -127.08349609 83.31649017 35.94045258
v -127.08202362 83.31649017 35.81529617
v -127.10224915 83.31649017 35.69177628
v -127.14356232 83.31649017 35.57362747
v -130.20675659 83.31649017 37.41434097
v -130.20675659 81.1164856 37.41434097
v -130.11981201 81.1164856 37.32914734
v -130.02096558 81.1164856 37.25813293
v -129.91247559 81.1164856 37.20293427
v -129.796875 81.1164856 37.16483307
v -129.796875 83.31649017 37.16483307
v -129.91247559 83.31649017 37.20293427
v -130.02096558 83.31649017 37.25813293
v -130.11981201 83.31649017 37.32914734
v -128.04399109 81.1164856 36.98688889
v -128.04399109 83.31649017 36.98688889
v -127.92802429 83.31649017 36.94494247
v -127.82093811 83.31649017 36.88382339
v -127.82093811 81.1164856 36.88382339
v -127.92802429 81.1164856 36.94494247
v -127.80117798 81.1164856 34.85091782
v -127.80117798 83.31649017 34.85091782
v -127.90756226 83.31649017 34.78707886
v -128.02334595 83.31649017 34.74245453
v -128.02334595 81.1164856 34.74245453
v -127.90756226 81.1164856 34.78707886
v -130.96888733 81.1164856 29.41351318
v -130.86769104 81.1164856 29.48002815
v -130.87675476 78.91648102 29.4749279
v -130.75761414 81.1164856 29.53050613
v -130.76490784 78.91648102 29.52776337
v -130.64118958 81.1164856 29.56379128
v -130.64627075 78.91648102 29.56272888
v -130.52105713 81.1164856 29.57912254
v -130.52365112 78.91648102 29.57898712
v -130.3999939 78.91648102 29.57614708
v -130.52105713 83.31649017 29.57912254
v -130.64118958 83.31649017 29.56379128
v -130.75761414 83.31649017 29.53050613
v -130.86769104 83.31649017 29.48002815
v -130.96888733 83.31649017 29.41351318
v -127.81533051 83.31649017 29.9583931
v -127.81533051 81.1164856 29.9583931
v -127.73281097 81.1164856 30.05250168
v -127.66783905 81.1164856 30.15948105
v -127.62236786 81.1164856 30.27609253
v -127.59777832 81.1164856 30.39882278
v -127.59482574 81.1164856 30.52395058
v -127.61357117 81.1164856 30.64770126
v -127.65348816 81.1164856 30.76633453
v -127.65348816 83.31649017 30.76633453
v -127.61357117 83.31649017 30.64770126
v -127.59482574 83.31649017 30.52395058
v -127.59777832 83.31649017 30.39882278
v -127.62236786 83.31649017 30.27609253
v -127.66783905 83.31649017 30.15948105
v -127.73281097 83.31649017 30.05250168
v -128.04627991 78.91648102 31.3783493
v -130.34635925 83.31649017 32.48986053
v -130.34635925 81.1164856 32.48986053
v -130.27902222 81.1164856 32.38845825
v -130.19709778 81.1164856 32.29843903
v -130.10246277 81.1164856 32.22189331
v -129.99729919 81.1164856 32.16059113
v -129.99729919 83.31649017 32.16059113
v -130.10246277 83.31649017 32.22189331
v -130.19709778 83.31649017 32.29843903
v -130.27902222 83.31649017 32.38845825
v -128.31971741 81.1164856 31.62208939
v -128.31971741 83.31649017 31.62208939
v -128.21502686 83.31649017 31.55694962
v -128.12298584 83.31649017 31.47490311
v -128.12298584 81.1164856 31.47490311
v -128.07873535 78.91648102 31.42341232
v -128.11456299 78.91648102 31.46583557
v -128.21502686 81.1164856 31.55694962
v -128.48052979 78.91648102 29.50457573
v -128.49302673 78.91648102 29.49809265
v -128.52632141 83.31649017 29.48230934
v -128.64364624 83.31649017 29.44198608
v -128.76615906 83.31649017 29.42240715
v -128.76615906 81.1164856 29.42240715
v -128.64364624 81.1164856 29.44198608
v -128.52632141 81.1164856 29.48230934
v -132.7552948 81.1164856 24.82233047
v -132.7552948 83.31649017 24.82233047
v -132.64248657 83.31649017 24.86635208
v -132.52432251 83.31649017 24.89284134
v -132.40350342 83.31649017 24.90119171
v -132.28282166 83.31649017 24.89121246
v -132.28282166 81.1164856 24.89121246
v -132.40350342 81.1164856 24.90119171
v -132.52432251 81.1164856 24.89284134
v -132.64248657 81.1164856 24.86635208
v -129.55737305 83.31649017 24.69964218
v -129.55737305 81.1164856 24.69964218
v -129.45707703 81.1164856 24.77453613
v -129.37129211 81.1164856 24.86566925
v -129.30256653 81.1164856 24.9702816
v -129.25300598 81.1164856 25.08521652
v -129.22409058 81.1164856 25.20699501
v -129.21670532 81.1164856 25.3319397
v -129.2310791 81.1164856 25.45627785
v -129.2310791 83.31649017 25.45627785
v -129.21670532 83.31649017 25.3319397
v -129.22409058 83.31649017 25.20699501
v -129.25300598 83.31649017 25.08521652
v -129.30256653 83.31649017 24.9702816
v -129.37129211 83.31649017 24.86566925
v -129.45707703 83.31649017 24.77453613
v -131.50675964 83.31649017 27.70202255
v -131.50675964 81.1164856 27.70202255
v -131.46199036 81.1164856 27.58883476
v -131.40057373 81.1164856 27.48374939
v -131.32391357 81.1164856 27.38920021
v -131.23379517 81.1164856 27.30737305
v -131.23379517 83.31649017 27.30737305
v -131.32391357 83.31649017 27.38920021
v -131.40057373 83.31649017 27.48374939
v -131.46199036 83.31649017 27.58883476
v -129.70483398 81.1164856 26.43185043
v -129.70483398 83.31649017 26.43185043
v -129.6159668 83.31649017 26.34636879
v -129.54298401 83.31649017 26.24697495
v -129.54298401 81.1164856 26.24697495
v -129.6159668 81.1164856 26.34636879
v -130.35179138 81.1164856 24.38178635
v -130.35179138 83.31649017 24.38178635
v -130.47496033 83.31649017 24.36673737
v -130.59887695 83.31649017 24.37305832
v -130.59887695 81.1164856 24.37305832
v -130.47496033 81.1164856 24.36673737
v -135.45722961 81.1164856 20.70288849
v -135.33773804 81.1164856 20.72249413
v -135.3480835 78.91648102 20.72152328
v -135.21664429 81.1164856 20.7238369
v -135.22442627 78.91648102 20.7243042
v -135.09674072 81.1164856 20.70688629
v -135.1018219 78.91648102 20.70798683
v -134.98075867 81.1164856 20.67203522
v -134.98320007 78.91648102 20.672966
v -134.87138367 78.91648102 20.62007713
v -134.98075867 83.31649017 20.67203522
v -135.09674072 83.31649017 20.70688629
v -135.21664429 83.31649017 20.7238369
v -135.33773804 83.31649017 20.72249413
v -135.45722961 83.31649017 20.70288849
v -132.35470581 83.31649017 19.91799927
v -132.35470581 81.1164856 19.91799927
v -132.24102783 81.1164856 19.97040749
v -132.13816833 81.1164856 20.0417099
v -132.04919434 81.1164856 20.12974739
v -131.97680664 81.1164856 20.23186111
v -131.92321777 81.1164856 20.3449707
v -131.89001465 81.1164856 20.46565056
v -131.8782196 81.1164856 20.59025764
v -131.8782196 83.31649017 20.59025764
v -131.89001465 83.31649017 20.46565056
v -131.92321777 83.31649017 20.3449707
v -131.97680664 83.31649017 20.23186111
v -132.04919434 83.31649017 20.12974739
v -132.13816833 83.31649017 20.0417099
v -132.24102783 83.31649017 19.97040749
v -131.98812866 78.91648102 21.30912781
v -133.63725281 83.31649017 23.2600708
v -133.63725281 81.1164856 23.2600708
v -133.61700439 81.1164856 23.14004898
v -133.57876587 81.1164856 23.02448654
v -133.5234375 81.1164856 22.91606712
v -133.45231628 81.1164856 22.81729126
v -133.45231628 83.31649017 22.81729126
v -133.5234375 83.31649017 22.91606712
v -133.57876587 83.31649017 23.02448654
v -133.61700439 83.31649017 23.14004898
v -132.13879395 81.1164856 21.643013
v -132.13879395 83.31649017 21.643013
v -132.06964111 83.31649017 21.54092026
v -132.0189209 83.31649017 21.42852783
v -132.0189209 81.1164856 21.42852783
v -131.99945068 78.91648102 21.36349106
v -132.0149231 78.91648102 21.41682434
v -132.06964111 81.1164856 21.54092026
v -133.14697266 78.91648102 19.77397537
v -133.161026 78.91648102 19.77313995
v -133.19784546 83.31649017 19.77225685
v -133.32144165 83.31649017 19.783144
v -133.44132996 83.31649017 19.81509018
v -133.44132996 81.1164856 19.81509018
v -133.32144165 81.1164856 19.783144
v -133.19784546 81.1164856 19.77225685
v -138.956604 81.1164856 17.23523331
v -138.956604 83.31649017 17.23523331
v -138.83563232 83.31649017 17.22956467
v -138.71691895 83.31649017 17.20570374
v -138.60314941 83.31649017 17.16419411
v -138.4969635 83.31649017 17.10599136
v -138.4969635 81.1164856 17.10599136
v -138.60314941 81.1164856 17.16419411
v -138.71691895 81.1164856 17.20570374
v -138.83563232 81.1164856 17.22956467
v -136.08505249 83.31649017 15.8224411
v -136.08505249 81.1164856 15.8224411
v -135.96298218 81.1164856 15.85007286
v -135.84753418 81.1164856 15.89842796
v -135.74220276 81.1164856 15.96604443
v -135.650177 81.1164856 16.05088234
v -135.57423401 81.1164856 16.15037537
v -135.5166626 81.1164856 16.26151657
v -135.47921753 81.1164856 16.38094521
v -135.47921753 83.31649017 16.38094521
v -135.5166626 83.31649017 16.26151657
v -135.57423401 83.31649017 16.15037537
v -135.650177 83.31649017 16.05088234
v -135.74220276 83.31649017 15.96604443
v -135.84753418 83.31649017 15.89842796
v -135.96298218 83.31649017 15.85007286
v -136.64472961 83.31649017 19.35814095
v -136.64472961 81.1164856 19.35814095
v -136.64987183 81.1164856 19.2365284
v -136.63648987 81.1164856 19.11554527
v -136.60493469 81.1164856 18.99798965
v -136.55589294 81.1164856 18.88658714
v -136.55589294 83.31649017 18.88658714
v -136.60493469 83.31649017 18.99798965
v -136.63648987 83.31649017 19.11554527
v -136.64987183 83.31649017 19.2365284
v -135.51521301 81.1164856 17.46487045
v -135.51521301 83.31649017 17.46487045
v -135.46881104 83.31649017 17.35063362
v -135.44256592 83.31649017 17.23015022
v -135.44256592 81.1164856 17.23015022
v -135.46881104 81.1164856 17.35063362
v -136.94009399 81.1164856 15.85518646
v -136.94009399 83.31649017 15.85518646
v -137.05871582 83.31649017 15.8915329
v -137.16934204 83.31649017 15.94770622
v -137.16934204 81.1164856 15.94770622
v -137.05871582 81.1164856 15.8915329
v -143.10046387 81.1164856 14.57091522
v -142.9833374 81.1164856 14.54022026
v -142.99317932 78.91648102 14.54354668
v -142.87216187 81.1164856 14.49219608
v -142.87908936 78.91648102 14.49578857
v -142.76951599 81.1164856 14.42794228
v -142.77371216 78.91648102 14.43101311
v -142.67774963 81.1164856 14.34893131
v -142.67958069 78.91648102 14.35076904
v -142.59895325 78.91648102 14.25697422
v -142.67774963 83.31649017 14.34893131
v -142.76951599 83.31649017 14.42794228
v -142.87216187 83.31649017 14.49219608
v -142.9833374 83.31649017 14.54022026
v -143.10046387 83.31649017 14.57091522
v -140.5854187 83.31649017 12.59196758
v -140.5854187 81.1164856 12.59196758
v -140.46025085 81.1164856 12.59361362
v -140.33728027 81.1164856 12.61690903
v -140.22019958 81.1164856 12.66114998
v -140.11254883 81.1164856 12.72499943
v -140.01756287 81.1164856 12.80652809
v -139.93815613 81.1164856 12.90327168
v -139.87669373 81.1164856 13.01230621
v -139.87669373 83.31649017 13.01230621
v -139.93815613 83.31649017 12.90327168
v -140.01756287 83.31649017 12.80652809
v -140.11254883 83.31649017 12.72499943
v -140.22019958 83.31649017 12.66114998
v -140.33728027 83.31649017 12.61690903
v -140.46025085 83.31649017 12.59361362
v -139.6847229 78.91648102 13.71373081
v -140.39775085 83.31649017 16.16676712
v -140.39775085 81.1164856 16.16676712
v -140.42805481 81.1164856 16.04888153
v -140.44012451 81.1164856 15.92776108
v -140.4336853 81.1164856 15.80621147
v -140.40888977 81.1164856 15.6870451
v -140.40888977 83.31649017 15.6870451
v -140.4336853 83.31649017 15.80621147
v -140.44012451 83.31649017 15.92776108
v -140.42805481 83.31649017 16.04888153
v -139.68655396 81.1164856 14.08003044
v -139.68655396 83.31649017 14.08003044
v -139.66490173 83.31649017 13.95863914
v -139.66427612 83.31649017 13.83533287
v -139.66427612 81.1164856 13.83533287
v -139.67294312 78.91648102 13.76799774
v -139.66539001 78.91648102 13.82301331
v -139.66490173 81.1164856 13.95863914
v -141.36776733 78.91648102 12.78264141
v -141.38095093 78.91648102 12.7875948
v -141.41494751 83.31649017 12.8017664
v -141.52342224 83.31649017 12.86198425
v -141.6199646 83.31649017 12.93993187
v -141.6199646 81.1164856 12.93993187
v -141.52342224 81.1164856 12.86198425
v -141.41494751 81.1164856 12.8017664
v -147.70773315 81.1164856 12.82637691
v -147.70773315 83.31649017 12.82637691
v -147.59951782 83.31649017 12.77199745
v -147.5007782 83.31649017 12.70191002
v -147.41372681 83.31649017 12.61771965
v -147.34039307 83.31649017 12.52135372
v -147.34039307 81.1164856 12.52135372
v -147.41372681 81.1164856 12.61771965
v -147.5007782 81.1164856 12.70191002
v -147.59951782 81.1164856 12.77199745
v -145.65907288 83.31649017 10.36776352
v -145.65907288 81.1164856 10.36776352
v -145.53631592 81.1164856 10.34335232
v -145.41117859 81.1164856 10.34057045
v -145.28746033 81.1164856 10.35950184
v -145.16888428 81.1164856 10.39957237
v -145.05903625 81.1164856 10.4595747
v -144.96124268 81.1164856 10.53769207
v -144.87844849 81.1164856 10.63156605
v -144.87844849 83.31649017 10.63156605
v -144.96124268 83.31649017 10.53769207
v -145.05903625 83.31649017 10.4595747
v -145.16888428 83.31649017 10.39957237
v -145.28746033 83.31649017 10.35950184
v -145.41117859 83.31649017 10.34057045
v -145.53631592 83.31649017 10.34335232
v -144.73226929 83.31649017 13.82542706
v -144.73226929 81.1164856 13.82542706
v -144.78642273 81.1164856 13.71641922
v -144.82342529 81.1164856 13.60045528
v -144.84239197 81.1164856 13.48022366
v -144.84289551 81.1164856 13.35850334
v -144.84289551 83.31649017 13.35850334
v -144.84239197 83.31649017 13.48022366
v -144.82342529 83.31649017 13.60045528
v -144.78642273 83.31649017 13.71641922
v -144.47045898 81.1164856 11.63642406
v -144.47045898 83.31649017 11.63642406
v -144.47451782 83.31649017 11.51318455
v -144.4995575 83.31649017 11.39244461
v -144.4995575 81.1164856 11.39244461
v -144.47451782 81.1164856 11.51318455
v -146.42686462 81.1164856 10.74544811
v -146.42686462 83.31649017 10.74544811
v -146.52044678 83.31649017 10.82690334
v -146.59867859 83.31649017 10.92321873
v -146.59867859 81.1164856 10.92321873
v -146.52044678 81.1164856 10.82690334
v -152.57702637 81.1164856 12.07786465
v -152.48248291 81.1164856 12.00217628
v -152.49014282 78.91648102 12.00922203
v -152.40046692 81.1164856 11.91308784
v -152.40533447 78.91648102 11.91918564
v -152.33282471 81.1164856 11.81264019
v -152.3354187 78.91648102 11.81715202
v -152.28112793 81.1164856 11.70313358
v -152.28205872 78.91648102 11.70556068
v -152.24655151 78.91648102 11.58707809
v -152.28112793 83.31649017 11.70313358
v -152.33282471 83.31649017 11.81264019
v -152.40046692 83.31649017 11.91308784
v -152.48248291 83.31649017 12.00217628
v -152.57702637 83.31649017 12.07786465
v -151.08430481 83.31649017 9.24703693
v -151.08430481 81.1164856 9.24703693
v -150.96929932 81.1164856 9.1976366
v -150.8474884 81.1164856 9.16889858
v -150.72251892 81.1164856 9.16169262
v -150.59820557 81.1164856 9.17623425
v -150.47828674 81.1164856 9.21208668
v -150.36639404 81.1164856 9.26816559
v -150.26589966 81.1164856 9.34277534
v -150.26589966 83.31649017 9.34277534
v -150.36639404 83.31649017 9.26816559
v -150.47828674 83.31649017 9.21208668
v -150.59820557 83.31649017 9.17623425
v -150.72251892 83.31649017 9.16169262
v -150.8474884 83.31649017 9.16889858
v -150.96929932 83.31649017 9.1976366
v -149.8052063 78.91648102 9.90547085
v -149.4588623 83.31649017 12.43644905
v -149.4588623 81.1164856 12.43644905
v -149.53450012 81.1164856 12.34108353
v -149.5947876 81.1164856 12.23534584
v -149.63835144 81.1164856 12.12168503
v -149.66416931 81.1164856 12.00273132
v -149.66416931 83.31649017 12.00273132
v -149.63835144 83.31649017 12.12168503
v -149.5947876 83.31649017 12.23534584
v -149.53450012 83.31649017 12.34108353
v -149.65789795 81.1164856 10.24084949
v -149.65789795 83.31649017 10.24084949
v -149.6875 83.31649017 10.1211462
v -149.73709106 83.31649017 10.00825024
v -149.73709106 81.1164856 10.00825024
v -149.77238464 78.91648102 9.95026016
v -149.74310303 78.91648102 9.99744511
v -149.6875 81.1164856 10.1211462
v -151.72146606 78.91648102 9.73944092
v -151.73149109 78.91648102 9.7493248
v -151.75679016 83.31649017 9.77610111
v -151.83139038 83.31649017 9.87523651
v -151.88787842 83.31649017 9.98570824
v -151.88787842 81.1164856 9.98570824
v -151.83139038 81.1164856 9.87523651
v -151.75679016 81.1164856 9.77610111
v -157.49552917 81.1164856 12.35808945
v -157.49552917 83.31649017 12.35808945
v -157.41879272 83.31649017 12.26440239
v -157.35708618 83.31649017 12.16020679
v -157.31181335 83.31649017 12.04789162
v -157.28401184 83.31649017 11.93002892
v -157.28401184 81.1164856 11.93002892
v -157.31181335 81.1164856 12.04789162
v -157.35708618 81.1164856 12.16020679
v -157.41879272 81.1164856 12.26440239
v -156.62399292 83.31649017 9.2787714
v -156.62399292 81.1164856 9.2787714
v -156.52177429 81.1164856 9.20653915
v -156.40859985 81.1164856 9.15310097
v -156.28785706 81.1164856 9.12007236
v -156.16323853 81.1164856 9.10844994
v -156.03848267 81.1164856 9.11858654
v -155.91737366 81.1164856 9.15017414
v -155.80355835 81.1164856 9.20225906
v -155.80355835 83.31649017 9.20225906
v -155.91737366 83.31649017 9.15017414
v -156.03848267 83.31649017 9.11858654
v -156.16323853 83.31649017 9.10844994
v -156.28785706 83.31649017 9.12007236
v -156.40859985 83.31649017 9.15310097
v -156.52177429 83.31649017 9.20653915
v -154.37095642 83.31649017 12.06053829
v -154.37095642 81.1164856 12.06053829
v -154.46476746 81.1164856 11.98298264
v -154.54573059 81.1164856 11.8920908
v -154.61196899 81.1164856 11.78996944
v -154.66194153 81.1164856 11.67898178
v -154.66194153 83.31649017 11.67898178
v -154.61196899 83.31649017 11.78996944
v -154.54573059 83.31649017 11.8920908
v -154.46476746 83.31649017 11.98298264
v -155.0221405 81.1164856 9.95429897
v -155.0221405 83.31649017 9.95429897
v -155.07597351 83.31649017 9.84336662
v -155.14794922 83.31649017 9.74324799
v -155.14794922 81.1164856 9.74324799
v -155.07597351 81.1164856 9.84336662
v -157.17178345 81.1164856 9.93609142
v -157.17178345 83.31649017 9.93609142
v -157.22415161 83.31649017 10.04857159
v -157.25643921 83.31649017 10.16837311
v -157.25643921 81.1164856 10.16837311
v -157.22415161 81.1164856 10.04857159
v -162.24829102 81.1164856 13.65480614
v -162.19271851 81.1164856 13.54721451
v -162.19683838 78.91648102 13.55676174
v -162.15402222 81.1164856 13.43246555
v -162.1559906 78.91648102 13.44001389
v -162.13308716 81.1164856 13.31319237
v -162.13362122 78.91648102 13.3183651
v -162.13040161 81.1164856 13.19212437
v -162.13026428 78.91648102 13.19472122
v -162.14601135 78.91648102 13.07203865
v -162.13040161 83.31649017 13.19212437
v -162.13308716 83.31649017 13.31319237
v -162.15402222 83.31649017 13.43246555
v -162.19271851 83.31649017 13.54721451
v -162.24829102 83.31649017 13.65480614
v -162.03604126 83.31649017 10.46157742
v -162.03604126 81.1164856 10.46157742
v -161.95106506 81.1164856 10.36967182
v -161.85147095 81.1164856 10.29386902
v -161.74024963 81.1164856 10.23646164
v -161.62075806 81.1164856 10.19918251
v -161.49661255 81.1164856 10.18315887
v -161.37159729 81.1164856 10.18887615
v -161.24942017 81.1164856 10.21615982
v -161.24942017 83.31649017 10.21615982
v -161.37159729 83.31649017 10.18887615
v -161.49661255 83.31649017 10.18315887
v -161.62075806 83.31649017 10.19918251
v -161.74024963 83.31649017 10.23646164
v -161.85147095 83.31649017 10.29386902
v -161.95106506 83.31649017 10.36967182
v -160.59970093 78.91648102 10.54283237
v -159.25386047 83.31649017 12.71412373
v -159.25386047 81.1164856 12.71412373
v -159.36175537 81.1164856 12.65776634
v -159.45983887 81.1164856 12.58569527
v -159.54586792 81.1164856 12.49957561
v -159.61782837 81.1164856 12.40140343
v -159.61782837 83.31649017 12.40140343
v -159.54586792 83.31649017 12.49957561
v -159.45983887 83.31649017 12.58569527
v -159.36175537 83.31649017 12.65776634
v -160.32873535 81.1164856 10.78929901
v -160.32873535 83.31649017 10.78929901
v -160.40444946 83.31649017 10.69198418
v -160.4956665 83.31649017 10.60901737
v -160.4956665 81.1164856 10.60901737
v -160.55151367 78.91648102 10.57039738
v -160.5055542 78.91648102 10.60159492
v -160.40444946 81.1164856 10.69198418
v -162.41783142 78.91648102 11.17056942
v -162.42295837 78.91648102 11.18367577
v -162.43518066 83.31649017 11.21842575
v -162.4630127 83.31649017 11.3393364
v -162.46969604 83.31649017 11.46323204
v -162.46969604 81.1164856 11.46323204
v -162.4630127 81.1164856 11.3393364
v -162.43518066 81.1164856 11.21842575
v -166.62759399 81.1164856 15.91134262
v -166.62759399 83.31649017 15.91134262
v -166.59561157 83.31649017 15.79454613
v -166.581604 83.31649017 15.67426109
v -166.5859375 83.31649017 15.55324173
v -166.60845947 83.31649017 15.43426037
v -166.60845947 81.1164856 15.43426037
v -166.5859375 81.1164856 15.55324173
v -166.581604 81.1164856 15.67426109
v -166.59561157 81.1164856 15.79454613
v -167.08387756 83.31649017 12.74376106
v -167.08387756 81.1164856 12.74376106
v -167.0198822 81.1164856 12.636199
v -166.9382019 81.1164856 12.5413456
v -166.84135437 81.1164856 12.46206665
v -166.73223877 81.1164856 12.40076065
v -166.614151 81.1164856 12.35927773
v -166.49064636 81.1164856 12.33887482
v -166.36549377 81.1164856 12.34016418
v -166.36549377 83.31649017 12.34016418
v -166.49064636 83.31649017 12.33887482
v -166.614151 83.31649017 12.35927773
v -166.73223877 83.31649017 12.40076065
v -166.84135437 83.31649017 12.46206665
v -166.9382019 83.31649017 12.5413456
v -167.0198822 83.31649017 12.636199
v -163.8941803 83.31649017 14.36863995
v -163.8941803 81.1164856 14.36863995
v -164.01141357 81.1164856 14.33594608
v -164.12234497 81.1164856 14.28584194
v -164.22439575 81.1164856 14.21949005
v -164.31520081 81.1164856 14.13842392
v -164.31520081 83.31649017 14.13842392
v -164.22439575 83.31649017 14.21949005
v -164.12234497 83.31649017 14.28584194
v -164.01141357 83.31649017 14.33594608
v -165.3457489 81.1164856 12.70935249
v -165.3457489 83.31649017 12.70935249
v -165.44004822 83.31649017 12.62990952
v -165.54653931 83.31649017 12.56772137
v -165.54653931 81.1164856 12.56772137
v -165.44004822 81.1164856 12.62990952
v -167.31695557 81.1164856 13.56706142
v -167.31695557 83.31649017 13.56706142
v -167.31904602 83.31649017 13.69111824
v -167.29980469 83.31649017 13.81369114
v -167.29980469 81.1164856 13.81369114
v -167.31904602 81.1164856 13.69111824
v -170.44203186 81.1164856 19.02907562
v -170.43502808 81.1164856 18.90818214
v -170.43490601 78.91648102 18.91858101
v -170.4463501 81.1164856 18.78761482
v -170.44508362 78.91648102 18.79531097
v -170.47575378 81.1164856 18.67013931
v -170.47410583 78.91648102 18.67507935
v -170.52252197 81.1164856 18.55844498
v -170.5213623 78.91648102 18.5607605
v -170.58563232 78.91648102 18.45509148
v -170.52252197 83.31649017 18.55844498
v -170.47575378 83.31649017 18.67013931
v -170.4463501 83.31649017 18.78761482
v -170.43502808 83.31649017 18.90818214
v -170.44203186 83.31649017 19.02907562
v -171.54693604 83.31649017 16.02558327
v -171.54693604 81.1164856 16.02558327
v -171.50668335 81.1164856 15.90706253
v -171.4465332 81.1164856 15.79730225
v -171.36827087 81.1164856 15.69962025
v -171.27427673 81.1164856 15.61696529
v -171.16738892 81.1164856 15.55183792
v -171.05085754 81.1164856 15.50620461
v -170.92816162 81.1164856 15.48144436
v -170.92816162 83.31649017 15.48144436
v -171.05085754 83.31649017 15.50620461
v -171.16738892 83.31649017 15.55183792
v -171.27427673 83.31649017 15.61696529
v -171.36827087 83.31649017 15.69962025
v -171.4465332 83.31649017 15.79730225
v -171.50668335 83.31649017 15.90706253
v -170.20173645 78.91648102 15.51560974
v -168.08911133 83.31649017 16.9517765
v -168.08911133 81.1164856 16.9517765
v -168.21058655 81.1164856 16.94417572
v -168.32949829 81.1164856 16.91823006
v -168.44313049 81.1164856 16.87454414
v -168.54879761 81.1164856 16.81412697
v -168.54879761 83.31649017 16.81412697
v -168.44313049 83.31649017 16.87454414
v -168.32949829 83.31649017 16.91823006
v -168.21058655 83.31649017 16.94417572
v -169.85394287 81.1164856 15.63054657
v -169.85394287 83.31649017 15.63054657
v -169.96269226 83.31649017 15.57244682
v -170.07977295 83.31649017 15.53375626
v -170.07977295 81.1164856 15.53375626
v -170.14648438 78.91648102 15.52118301
v -170.09184265 78.91648102 15.53099823
v -169.96269226 81.1164856 15.57244682
v -171.60734558 78.91648102 16.82857323
v -171.60671997 78.91648102 16.8426342
v -171.60372925 83.31649017 16.87935066
v -171.57998657 83.31649017 17.00113106
v -171.53567505 83.31649017 17.11702538
v -171.53567505 81.1164856 17.11702538
v -171.57998657 81.1164856 17.00113106
v -171.60372925 81.1164856 16.87935066
v -173.5249176 81.1164856 22.87174606
v -173.5249176 83.31649017 22.87174606
v -173.54318237 83.31649017 22.75203896
v -173.57933044 83.31649017 22.63646126
v -173.63250732 83.31649017 22.52766037
v -173.70149231 83.31649017 22.42813492
v -173.70149231 81.1164856 22.42813492
v -173.63250732 81.1164856 22.52766037
v -173.57933044 81.1164856 22.63646126
v -173.54318237 81.1164856 22.75203896
v -175.2301178 83.31649017 20.16360855
v -175.2301178 81.1164856 20.16360855
v -175.21539307 81.1164856 20.03931046
v -175.17938232 81.1164856 19.91944313
v -175.12313843 81.1164856 19.80762291
v -175.04838562 81.1164856 19.70723343
v -174.95739746 81.1164856 19.62130547
v -174.85287476 81.1164856 19.55243683
v -174.73800659 81.1164856 19.50271034
v -174.73800659 83.31649017 19.50271034
v -174.85287476 83.31649017 19.55243683
v -174.95739746 83.31649017 19.62130547
v -175.04838562 83.31649017 19.70723343
v -175.12313843 83.31649017 19.80762291
v -175.17938232 83.31649017 19.91944313
v -175.21539307 83.31649017 20.03931046
v -171.6552887 83.31649017 20.35063934
v -171.6552887 81.1164856 20.35063934
v -171.7756958 81.1164856 20.36846161
v -171.89741516 81.1164856 20.3678093
v -172.01763916 81.1164856 20.34869957
v -172.13354492 81.1164856 20.31157303
v -172.13354492 83.31649017 20.31157303
v -172.01763916 83.31649017 20.34869957
v -171.89741516 83.31649017 20.3678093
v -171.7756958 83.31649017 20.36846161
v -173.65625 81.1164856 19.42521095
v -173.65625 83.31649017 19.42521095
v -173.77471924 83.31649017 19.39099121
v -173.89727783 83.31649017 19.37748909
v -173.89727783 81.1164856 19.37748909
v -173.77471924 81.1164856 19.39099121
v -175.10818481 81.1164856 21.01053047
v -175.10818481 83.31649017 21.01053047
v -175.05964661 83.31649017 21.12471008
v -174.99220276 83.31649017 21.22886467
v -174.99220276 81.1164856 21.22886467
v -175.05964661 81.1164856 21.12471008
v -175.7414856 81.1164856 27.2714119
v -175.78424072 81.1164856 27.1581192
v -175.77990723 78.91648102 27.16757202
v -175.84364319 81.1164856 27.05258179
v -175.83935547 78.91648102 27.05909348
v -175.91827393 81.1164856 26.95721626
v -175.9147644 78.91648102 26.96106911
v -176.00643921 81.1164856 26.87420845
v -176.00440979 78.91648102 26.87584305
v -176.10612488 78.91648102 26.80545807
v -176.00643921 83.31649017 26.87420845
v -175.91827393 83.31649017 26.95721626
v -175.84364319 83.31649017 27.05258179
v -175.78424072 83.31649017 27.1581192
v -175.7414856 83.31649017 27.2714119
v -177.9724884 83.31649017 24.97698593
v -177.9724884 81.1164856 24.97698593
v -177.9839325 81.1164856 24.85234451
v -177.97361755 81.1164856 24.72760773
v -177.94186401 81.1164856 24.60653687
v -177.88961792 81.1164856 24.49279976
v -177.81845093 81.1164856 24.38982773
v -177.73054504 81.1164856 24.30073547
v -177.62854004 81.1164856 24.22821236
v -177.62854004 83.31649017 24.22821236
v -177.73054504 83.31649017 24.30073547
v -177.81845093 83.31649017 24.38982773
v -177.88961792 83.31649017 24.49279976
v -177.94186401 83.31649017 24.60653687
v -177.97361755 83.31649017 24.72760773
v -177.9839325 83.31649017 24.85234451
v -176.95100403 78.91648102 23.96396446
v -174.43688965 83.31649017 24.41667938
v -174.43688965 81.1164856 24.41667938
v -174.5509491 81.1164856 24.45914841
v -174.6701355 81.1164856 24.48381615
v -174.79171753 81.1164856 24.49011612
v -174.91281128 81.1164856 24.47790146
v -174.91281128 83.31649017 24.47790146
v -174.79171753 83.31649017 24.49011612
v -174.6701355 83.31649017 24.48381615
v -174.5509491 83.31649017 24.45914841
v -176.58653259 81.1164856 23.92749786
v -176.58653259 83.31649017 23.92749786
v -176.70951843 83.31649017 23.9186573
v -176.83221436 83.31649017 23.930933
v -176.83221436 81.1164856 23.930933
v -176.89826965 78.91648102 23.94658279
v -176.84434509 78.91648102 23.93331718
v -176.70951843 81.1164856 23.9186573
v -177.70108032 78.91648102 25.73513031
v -177.69477844 78.91648102 25.7477169
v -177.67712402 83.31649017 25.78004837
v -177.605896 83.31649017 25.88164139
v -177.51829529 83.31649017 25.96949577
v -177.51829529 81.1164856 25.96949577
v -177.605896 81.1164856 25.88164139
v -177.67712402 81.1164856 25.78004837
v -176.99487305 81.1164856 32.03578568
v -176.99487305 83.31649017 32.03578568
v -177.06025696 83.31649017 31.93386269
v -177.14028931 83.31649017 31.84297562
v -177.23312378 83.31649017 31.76521111
v -177.33660889 83.31649017 31.7023468
v -177.33660889 81.1164856 31.7023468
v -177.23312378 81.1164856 31.76521111
v -177.14028931 81.1164856 31.84297562
v -177.06025696 81.1164856 31.93386269
v -179.65415955 83.31649017 30.25534821
v -179.65415955 81.1164856 30.25534821
v -179.69128418 81.1164856 30.13581276
v -179.7071228 81.1164856 30.0116539
v -179.70123291 81.1164856 29.8866291
v -179.67376709 81.1164856 29.76451492
v -179.62556458 81.1164856 29.64899826
v -179.55810547 81.1164856 29.54357338
v -179.47340393 81.1164856 29.45142746
v -179.47340393 83.31649017 29.45142746
v -179.55810547 83.31649017 29.54357338
v -179.62556458 83.31649017 29.64899826
v -179.67376709 83.31649017 29.76451492
v -179.70123291 83.31649017 29.8866291
v -179.7071228 83.31649017 30.0116539
v -179.69128418 83.31649017 30.13581276
v -176.31231689 83.31649017 28.97219658
v -176.31231689 81.1164856 28.97219658
v -176.41506958 81.1164856 29.0374527
v -176.52651978 81.1164856 29.08636284
v -176.64411926 81.1164856 29.11779785
v -176.76512146 81.1164856 29.13103104
v -176.76512146 83.31649017 29.13103104
v -176.64411926 83.31649017 29.11779785
v -176.52651978 83.31649017 29.08636284
v -176.41506958 83.31649017 29.0374527
v -178.51669312 81.1164856 28.9406395
v -178.51669312 83.31649017 28.9406395
v -178.63883972 83.31649017 28.95756149
v -178.75628662 83.31649017 28.99507904
v -178.75628662 81.1164856 28.99507904
v -178.63883972 81.1164856 28.95756149
v -179.19828796 81.1164856 30.97945404
v -179.19828796 83.31649017 30.97945404
v -179.10749817 83.31649017 31.06401634
v -179.00352478 83.31649017 31.13173676
v -179.00352478 81.1164856 31.13173676
v -179.10749817 81.1164856 31.06401634
v -177.2303009 81.1164856 36.95664215
v -177.31546021 81.1164856 36.87054062
v -177.30764771 78.91648102 36.87741089
v -177.41264343 81.1164856 36.79827881
v -177.40606689 78.91648102 36.80247879
v -177.51960754 81.1164856 36.7415123
v -177.51483154 78.91648102 36.7436142
v -177.63391113 81.1164856 36.7015419
v -177.63139343 78.91648102 36.7022171
v -177.75296021 78.91648102 36.67928314
v -177.63391113 83.31649017 36.7015419
v -177.51960754 83.31649017 36.7415123
v -177.41264343 83.31649017 36.79827881
v -177.31546021 83.31649017 36.87054062
v -177.2303009 83.31649017 36.95664215
v -180.20166016 83.31649017 35.76800919
v -180.20166016 81.1164856 35.76800919
v -180.26281738 81.1164856 35.65879822
v -180.30412292 81.1164856 35.54064941
v -180.32434082 81.1164856 35.41712952
v -180.32287598 81.1164856 35.29197311
v -180.29975891 81.1164856 35.16896057
v -180.25567627 81.1164856 35.05181503
v -180.19198608 81.1164856 34.94407272
v -180.19198608 83.31649017 34.94407272
v -180.25567627 83.31649017 35.05181503
v -180.29975891 83.31649017 35.16896057
v -180.32287598 83.31649017 35.29197311
v -180.32434082 83.31649017 35.41712952
v -180.30412292 83.31649017 35.54064941
v -180.26281738 83.31649017 35.65879822
v -179.68054199 78.91648102 34.42709732
v -177.19963074 83.31649017 33.81808472
v -177.19963074 81.1164856 33.81808472
v -177.28656006 81.1164856 33.90327835
v -177.38540649 81.1164856 33.97429657
v -177.49389648 81.1164856 34.02949524
v -177.60949707 81.1164856 34.06759262
v -177.60949707 83.31649017 34.06759262
v -177.49389648 83.31649017 34.02949524
v -177.38540649 83.31649017 33.97429657
v -177.28656006 83.31649017 33.90327835
v -179.36239624 81.1164856 34.2455368
v -179.36239624 83.31649017 34.2455368
v -179.47833252 83.31649017 34.28748322
v -179.58543396 83.31649017 34.34860229
v -179.58543396 81.1164856 34.34860229
v -179.63941956 78.91648102 34.38976669
v -179.59555054 78.91648102 34.35572052
v -179.47833252 81.1164856 34.28748322
v -179.64535522 78.91648102 36.35021591
v -179.63447571 78.91648102 36.35914993
v -179.60519409 83.31649017 36.38150787
v -179.49880981 83.31649017 36.44534683
v -179.38302612 83.31649017 36.48997498
v -179.38302612 81.1164856 36.48997498
v -179.49880981 81.1164856 36.44534683
v -179.60519409 81.1164856 36.38150787
v -176.4375 81.1164856 41.81891632
v -176.4375 83.31649017 41.81891632
v -176.53869629 83.31649017 41.75239563
v -176.64877319 83.31649017 41.70191956
v -176.76519775 83.31649017 41.66863251
v -176.88531494 83.31649017 41.65330505
v -176.88531494 81.1164856 41.65330505
v -176.76519775 81.1164856 41.66863251
v -176.64877319 81.1164856 41.70191956
v -176.53869629 81.1164856 41.75239563
v -179.59104919 83.31649017 41.27403259
v -179.59104919 81.1164856 41.27403259
v -179.67355347 81.1164856 41.17992401
v -179.73854065 81.1164856 41.07294464
v -179.78401184 81.1164856 40.95632935
v -179.80859375 81.1164856 40.83360672
v -179.81155396 81.1164856 40.70847321
v -179.7928009 81.1164856 40.58472443
v -179.75289917 81.1164856 40.46608734
v -179.75289917 83.31649017 40.46608734
v -179.7928009 83.31649017 40.58472443
v -179.81155396 83.31649017 40.70847321
v -179.80859375 83.31649017 40.83360672
v -179.78401184 83.31649017 40.95632935
v -179.73854065 83.31649017 41.07294464
v -179.67355347 83.31649017 41.17992401
v -177.06001282 83.31649017 38.74256516
v -177.06001282 81.1164856 38.74256516
v -177.12734985 81.1164856 38.84396744
v -177.20928955 81.1164856 38.93398666
v -177.3039093 81.1164856 39.01053619
v -177.40907288 81.1164856 39.07183838
v -177.40907288 83.31649017 39.07183838
v -177.3039093 83.31649017 39.01053619
v -177.20928955 83.31649017 38.93398666
v -177.12734985 83.31649017 38.84396744
v -179.0866394 81.1164856 39.6103363
v -179.0866394 83.31649017 39.6103363
v -179.19136047 83.31649017 39.67547607
v -179.28338623 83.31649017 39.75752258
v -179.28338623 81.1164856 39.75752258
v -179.19136047 81.1164856 39.67547607
v -178.88006592 81.1164856 41.75011444
v -178.88006592 83.31649017 41.75011444
v -178.76272583 83.31649017 41.79043579
v -178.64021301 83.31649017 41.81002045
v -178.64021301 81.1164856 41.81002045
v -178.76272583 81.1164856 41.79043579
v -174.65109253 81.1164856 46.41009903
v -174.7638855 81.1164856 46.36607742
v -174.75395203 78.91648102 46.36917496
v -174.88204956 81.1164856 46.33958435
v -174.87434387 78.91648102 46.34074783
v -175.00286865 81.1164856 46.33123398
v -174.99765015 78.91648102 46.3312149
v -175.12356567 81.1164856 46.34121323
v -175.12098694 78.91648102 46.34080887
v -175.24136353 78.91648102 46.36929321
v -175.12356567 83.31649017 46.34121323
v -175.00286865 83.31649017 46.33123398
v -174.88204956 83.31649017 46.33958435
v -174.7638855 83.31649017 46.36607742
v -174.65109253 83.31649017 46.41009903
v -177.84899902 83.31649017 46.53278351
v -177.84899902 81.1164856 46.53278351
v -177.94929504 81.1164856 46.45788574
v -178.03509521 81.1164856 46.36676025
v -178.10380554 81.1164856 46.262146
v -178.15336609 81.1164856 46.14721298
v -178.18228149 81.1164856 46.02543259
v -178.18966675 81.1164856 45.90048218
v -178.17529297 81.1164856 45.77614594
v -178.17529297 83.31649017 45.77614594
v -178.18966675 83.31649017 45.90048218
v -178.18228149 83.31649017 46.02543259
v -178.15336609 83.31649017 46.14721298
v -178.10380554 83.31649017 46.262146
v -178.03509521 83.31649017 46.36676025
v -177.94929504 83.31649017 46.45788574
v -177.9183197 78.91648102 45.09584045
v -175.89962769 83.31649017 43.53040314
v -175.89962769 81.1164856 43.53040314
v -175.94438171 81.1164856 43.64358902
v -176.00579834 81.1164856 43.74867249
v -176.0824585 81.1164856 43.84322739
v -176.1725769 81.1164856 43.92505264
v -176.1725769 83.31649017 43.92505264
v -176.0824585 83.31649017 43.84322739
v -176.00579834 83.31649017 43.74867249
v -175.94438171 83.31649017 43.64358902
v -177.70153809 81.1164856 44.80057144
v -177.70153809 83.31649017 44.80057144
v -177.79040527 83.31649017 44.88605881
v -177.86338806 83.31649017 44.98545074
v -177.86338806 81.1164856 44.98545074
v -177.89595032 78.91648102 45.04501724
v -177.86973572 78.91648102 44.99607086
v -177.79040527 81.1164856 44.88605881
v -177.10397339 78.91648102 46.83838272
v -177.09042358 78.91648102 46.84212112
v -177.05458069 83.31649017 46.85064316
v -176.931427 83.31649017 46.86568832
v -176.80749512 83.31649017 46.85936737
v -176.80749512 81.1164856 46.85936737
v -176.931427 81.1164856 46.86568832
v -177.05458069 81.1164856 46.85064316
v -171.94914246 81.1164856 50.5295372
v -171.94914246 83.31649017 50.5295372
v -172.06863403 83.31649017 50.50992966
v -172.18972778 83.31649017 50.5085907
v -172.30964661 83.31649017 50.52553558
v -172.4256134 83.31649017 50.56039429
v -172.4256134 81.1164856 50.56039429
v -172.30964661 81.1164856 50.52553558
v -172.18972778 81.1164856 50.5085907
v -172.06863403 81.1164856 50.50992966
v -175.05166626 83.31649017 51.31442642
v -175.05166626 81.1164856 51.31442642
v -175.16534424 81.1164856 51.26202011
v -175.26821899 81.1164856 51.1907196
v -175.35717773 81.1164856 51.10268021
v -175.42955017 81.1164856 51.00056076
v -175.4831543 81.1164856 50.88745499
v -175.51635742 81.1164856 50.76677322
v -175.52816772 81.1164856 50.64216614
v -175.52816772 83.31649017 50.64216614
v -175.51635742 83.31649017 50.76677322
v -175.4831543 83.31649017 50.88745499
v -175.42955017 83.31649017 51.00056076
v -175.35717773 83.31649017 51.10268021
v -175.26821899 83.31649017 51.1907196
v -175.16534424 83.31649017 51.26202011
v -173.769104 83.31649017 47.97235489
v -173.769104 81.1164856 47.97235489
v -173.78936768 81.1164856 48.09238052
v -173.8276062 81.1164856 48.20793533
v -173.88291931 81.1164856 48.31636047
v -173.95407104 81.1164856 48.41513062
v -173.95407104 83.31649017 48.41513062
v -173.88291931 83.31649017 48.31636047
v -173.8276062 83.31649017 48.20793533
v -173.78936768 83.31649017 48.09238052
v -175.26757812 81.1164856 49.5894165
v -175.26757812 83.31649017 49.5894165
v -175.33674622 83.31649017 49.69150543
v -175.38745117 83.31649017 49.80390167
v -175.38745117 81.1164856 49.80390167
v -175.33674622 81.1164856 49.69150543
v -174.20852661 81.1164856 51.46017075
v -174.20852661 83.31649017 51.46017075
v -174.08493042 83.31649017 51.44927979
v -173.96502686 83.31649017 51.41733551
v -173.96502686 81.1164856 51.41733551
v -174.08493042 81.1164856 51.44927979
v -168.44976807 81.1164856 53.99719238
v -168.57072449 81.1164856 54.00286102
v -168.56039429 78.91648102 54.00165558
v -168.68945312 81.1164856 54.02672195
v -168.68193054 78.91648102 54.02465057
v -168.80322266 81.1164856 54.06822968
v -168.79846191 78.91648102 54.06610107
v -168.90942383 81.1164856 54.12643433
v -168.90722656 78.91648102 54.12501907
v -169.00559998 78.91648102 54.20000076
v -168.90942383 83.31649017 54.12643433
v -168.80322266 83.31649017 54.06822968
v -168.68945312 83.31649017 54.02672195
v -168.57072449 83.31649017 54.00286102
v -168.44976807 83.31649017 53.99719238
v -171.32131958 83.31649017 55.40998459
v -171.32131958 81.1164856 55.40998459
v -171.44340515 81.1164856 55.38235092
v -171.55883789 81.1164856 55.33399963
v -171.66415405 81.1164856 55.26638031
v -171.75619507 81.1164856 55.18154526
v -171.83213806 81.1164856 55.08205414
v -171.88970947 81.1164856 54.97091293
v -171.92715454 81.1164856 54.85147858
v -171.92715454 83.31649017 54.85147858
v -171.88970947 83.31649017 54.97091293
v -171.83213806 83.31649017 55.08205414
v -171.75619507 83.31649017 55.18154526
v -171.66415405 83.31649017 55.26638031
v -171.55883789 83.31649017 55.33399963
v -171.44340515 83.31649017 55.38235092
v -171.96911621 78.91648102 54.12547302
v -170.76164246 83.31649017 51.87428284
v -170.76164246 81.1164856 51.87428284
v -170.7565155 81.1164856 51.99589539
v -170.7698822 81.1164856 52.11688232
v -170.80145264 81.1164856 52.23443604
v -170.85049438 81.1164856 52.34584045
v -170.85049438 83.31649017 52.34584045
v -170.80145264 83.31649017 52.23443604
v -170.7698822 83.31649017 52.11688232
v -170.7565155 83.31649017 51.99589539
v -171.89115906 81.1164856 53.76755142
v -171.89115906 83.31649017 53.76755142
v -171.93757629 83.31649017 53.88179398
v -171.96380615 83.31649017 54.00227356
v -171.96380615 81.1164856 54.00227356
v -171.96932983 78.91648102 54.06993866
v -171.96530151 78.91648102 54.01455688
v -171.93757629 81.1164856 53.88179398
v -170.51641846 78.91648102 55.38613892
v -170.50248718 78.91648102 55.38402939
v -170.46629333 83.31649017 55.37723923
v -170.34765625 83.31649017 55.34089661
v -170.23703003 83.31649017 55.28472137
v -170.23703003 81.1164856 55.28472137
v -170.34765625 81.1164856 55.34089661
v -170.46629333 81.1164856 55.37723923
v -164.30589294 81.1164856 56.66151047
v -164.30589294 83.31649017 56.66151047
v -164.42304993 83.31649017 56.69220352
v -164.53421021 83.31649017 56.74023056
v -164.63685608 83.31649017 56.80448532
v -164.72862244 83.31649017 56.88349152
v -164.72862244 81.1164856 56.88349152
v -164.63685608 81.1164856 56.80448532
v -164.53421021 81.1164856 56.74023056
v -164.42304993 81.1164856 56.69220352
v -166.82096863 83.31649017 58.64046097
v -166.82096863 81.1164856 58.64046097
v -166.94612122 81.1164856 58.6388092
v -167.0690918 81.1164856 58.61551666
v -167.18618774 81.1164856 58.57127762
v -167.2938385 81.1164856 58.50742722
v -167.38879395 81.1164856 58.42589951
v -167.4682312 81.1164856 58.32915497
v -167.52967834 81.1164856 58.22011948
v -167.52967834 83.31649017 58.22011948
v -167.4682312 83.31649017 58.32915497
v -167.38879395 83.31649017 58.42589951
v -167.2938385 83.31649017 58.50742722
v -167.18618774 83.31649017 58.57127762
v -167.0690918 83.31649017 58.61551666
v -166.94612122 83.31649017 58.6388092
v -167.00863647 83.31649017 55.06565857
v -167.00863647 81.1164856 55.06565857
v -166.97831726 81.1164856 55.18354416
v -166.96624756 81.1164856 55.30466461
v -166.97267151 81.1164856 55.42621613
v -166.99749756 81.1164856 55.54538345
v -166.99749756 83.31649017 55.54538345
v -166.97267151 83.31649017 55.42621613
v -166.96624756 83.31649017 55.30466461
v -166.97831726 83.31649017 55.18354416
v -167.71981812 81.1164856 57.15239716
v -167.71981812 83.31649017 57.15239716
v -167.74147034 83.31649017 57.27378845
v -167.74209595 83.31649017 57.39709473
v -167.74209595 81.1164856 57.39709473
v -167.74147034 81.1164856 57.27378845
v -165.99142456 81.1164856 58.43066406
v -165.99142456 83.31649017 58.43066406
v -165.88294983 83.31649017 58.37044144
v -165.78642273 83.31649017 58.29249573
v -165.78642273 81.1164856 58.29249573
v -165.88294983 81.1164856 58.37044144
v -159.69865417 81.1164856 58.40604782
v -159.80683899 81.1164856 58.46043015
v -159.79788208 78.91648102 58.4551239
v -159.90559387 81.1164856 58.53051758
v -159.89956665 78.91648102 58.52555847
v -159.99264526 81.1164856 58.61470795
v -159.98918152 78.91648102 58.61083221
v -160.065979 81.1164856 58.71107101
v -160.06455994 78.91648102 58.70889282
v -160.12393188 78.91648102 58.81740189
v -160.065979 83.31649017 58.71107101
v -159.99264526 83.31649017 58.61470795
v -159.90559387 83.31649017 58.53051758
v -159.80683899 83.31649017 58.46043015
v -159.69865417 83.31649017 58.40604782
v -161.74729919 83.31649017 60.86466217
v -161.74729919 81.1164856 60.86466217
v -161.87005615 81.1164856 60.88907242
v -161.99520874 81.1164856 60.89185715
v -162.11891174 81.1164856 60.8729248
v -162.23748779 81.1164856 60.83285522
v -162.34733582 81.1164856 60.77285385
v -162.44512939 81.1164856 60.69473267
v -162.52792358 81.1164856 60.60085678
v -162.52792358 83.31649017 60.60085678
v -162.44512939 83.31649017 60.69473267
v -162.34733582 83.31649017 60.77285385
v -162.23748779 83.31649017 60.83285522
v -162.11891174 83.31649017 60.8729248
v -161.99520874 83.31649017 60.89185715
v -161.87005615 83.31649017 60.88907242
v -162.86154175 78.91648102 59.9546814
v -162.67410278 83.31649017 57.40699768
v -162.67410278 81.1164856 57.40699768
v -162.61994934 81.1164856 57.51600647
v -162.58294678 81.1164856 57.63196945
v -162.56399536 81.1164856 57.7522049
v -162.56347656 81.1164856 57.87392044
v -162.56347656 83.31649017 57.87392044
v -162.56399536 83.31649017 57.7522049
v -162.58294678 83.31649017 57.63196945
v -162.61994934 83.31649017 57.51600647
v -162.93591309 81.1164856 59.59600449
v -162.93591309 83.31649017 59.59600449
v -162.93183899 83.31649017 59.7192421
v -162.90681458 83.31649017 59.83998108
v -162.90681458 81.1164856 59.83998108
v -162.88435364 78.91648102 59.9040451
v -162.90316772 78.91648102 59.85180664
v -162.93183899 81.1164856 59.7192421
v -161.02166748 78.91648102 60.51548767
v -161.0098114 78.91648102 60.50790405
v -160.97952271 83.31649017 60.48698044
v -160.88592529 83.31649017 60.40552139
v -160.80770874 83.31649017 60.3092041
v -160.80770874 81.1164856 60.3092041
v -160.88592529 81.1164856 60.40552139
v -160.97952271 81.1164856 60.48698044
v -154.82936096 81.1164856 59.1545639
v -154.82936096 83.31649017 59.1545639
v -154.92388916 83.31649017 59.23025131
v -155.00592041 83.31649017 59.31933975
v -155.07354736 83.31649017 59.41978455
v -155.12524414 83.31649017 59.52928925
v -155.12524414 81.1164856 59.52928925
v -155.07354736 81.1164856 59.41978455
v -155.00592041 81.1164856 59.31933975
v -154.92388916 81.1164856 59.23025131
v -156.32206726 83.31649017 61.98538971
v -156.32206726 81.1164856 61.98538971
v -156.43707275 81.1164856 62.03479004
v -156.55889893 81.1164856 62.06352615
v -156.68383789 81.1164856 62.07073212
v -156.8081665 81.1164856 62.05619431
v -156.92808533 81.1164856 62.02033997
v -157.03997803 81.1164856 61.9642601
v -157.14048767 81.1164856 61.88965225
v -157.14048767 83.31649017 61.88965225
v -157.03997803 83.31649017 61.9642601
v -156.92808533 83.31649017 62.02033997
v -156.8081665 83.31649017 62.05619431
v -156.68383789 83.31649017 62.07073212
v -156.55889893 83.31649017 62.06352615
v -156.43707275 83.31649017 62.03479004
v -157.94750977 83.31649017 58.79597473
v -157.94750977 81.1164856 58.79597473
v -157.87187195 81.1164856 58.89134216
v -157.81156921 81.1164856 58.99708176
v -157.76802063 81.1164856 59.11074066
v -157.74221802 81.1164856 59.22969437
v -157.74221802 83.31649017 59.22969437
v -157.76802063 83.31649017 59.11074066
v -157.81156921 83.31649017 58.99708176
v -157.87187195 83.31649017 58.89134216
v -157.74847412 81.1164856 60.99157715
v -157.74847412 83.31649017 60.99157715
v -157.71887207 83.31649017 61.11127853
v -157.66928101 83.31649017 61.2241745
v -157.66928101 81.1164856 61.2241745
v -157.71887207 81.1164856 61.11127853
v -155.64958191 81.1164856 61.45632935
v -155.64958191 83.31649017 61.45632935
v -155.57496643 83.31649017 61.35718918
v -155.51849365 83.31649017 61.24671936
v -155.51849365 81.1164856 61.24671936
v -155.57496643 81.1164856 61.35718918
v -149.91085815 81.1164856 58.87433624
v -149.98757935 81.1164856 58.96802521
v -149.98155212 78.91648102 58.95953751
v -150.04928589 81.1164856 59.07221985
v -150.04579163 78.91648102 59.06523895
v -150.09455872 81.1164856 59.18453217
v -150.09295654 78.91648102 59.17957687
v -150.12236023 81.1164856 59.30239868
v -150.12194824 78.91648102 59.29982758
v -150.13204956 78.91648102 59.42310333
v -150.12236023 83.31649017 59.30239868
v -150.09455872 83.31649017 59.18453217
v -150.04928589 83.31649017 59.07221985
v -149.98757935 83.31649017 58.96802521
v -149.91085815 83.31649017 58.87433624
v -150.78237915 83.31649017 61.95365524
v -150.78237915 81.1164856 61.95365524
v -150.88459778 81.1164856 62.02588654
v -150.99778748 81.1164856 62.07932281
v -151.11849976 81.1164856 62.11235428
v -151.24313354 81.1164856 62.12397766
v -151.3678894 81.1164856 62.1138382
v -151.48899841 81.1164856 62.0822525
v -151.60281372 81.1164856 62.03016663
v -151.60281372 83.31649017 62.03016663
v -151.48899841 83.31649017 62.0822525
v -151.3678894 83.31649017 62.1138382
v -151.24313354 83.31649017 62.12397766
v -151.11849976 83.31649017 62.11235428
v -150.99778748 83.31649017 62.07932281
v -150.88459778 83.31649017 62.02588654
v -152.17042542 78.91648102 61.57554626
v -153.03541565 83.31649017 59.17188644
v -153.03541565 81.1164856 59.17188644
v -152.94160461 81.1164856 59.24944305
v -152.86064148 81.1164856 59.34033203
v -152.79440308 81.1164856 59.44245911
v -152.74443054 81.1164856 59.55344772
v -152.74443054 83.31649017 59.55344772
v -152.79440308 83.31649017 59.44245911
v -152.86064148 83.31649017 59.34033203
v -152.94160461 83.31649017 59.24944305
v -152.38424683 81.1164856 61.27812958
v -152.38424683 83.31649017 61.27812958
v -152.33039856 83.31649017 61.38906097
v -152.25842285 83.31649017 61.4891777
v -152.25842285 81.1164856 61.4891777
v -152.21183777 78.91648102 61.53856659
v -152.25027466 78.91648102 61.49849701
v -152.33039856 81.1164856 61.38906097
v -150.26150513 78.91648102 61.33953476
v -150.25376892 78.91648102 61.32777786
v -150.23458862 83.31649017 61.29633331
v -150.18222046 83.31649017 61.18385315
v -150.14993286 83.31649017 61.06405258
v -150.14993286 81.1164856 61.06405258
v -150.18222046 81.1164856 61.18385315
v -150.23458862 81.1164856 61.29633331
v -145.15808105 81.1164856 57.57762146
v -145.15808105 83.31649017 57.57762146
v -145.21365356 83.31649017 57.68521118
v -145.25234985 83.31649017 57.79995728
v -145.27328491 83.31649017 57.91923523
v -145.27597046 83.31649017 58.04029846
v -145.27597046 81.1164856 58.04029846
v -145.27328491 81.1164856 57.91923523
v -145.25234985 81.1164856 57.79995728
v -145.21365356 81.1164856 57.68521118
v -145.37034607 83.31649017 60.77085114
v -145.37034607 81.1164856 60.77085114
v -145.45530701 81.1164856 60.86275482
v -145.55491638 81.1164856 60.93856049
v -145.6661377 81.1164856 60.99596405
v -145.78561401 81.1164856 61.03324509
v -145.90975952 81.1164856 61.04926682
v -146.03479004 81.1164856 61.04354858
v -146.15693665 81.1164856 61.01626968
v -146.15693665 83.31649017 61.01626968
v -146.03479004 83.31649017 61.04354858
v -145.90975952 83.31649017 61.04926682
v -145.78561401 83.31649017 61.03324509
v -145.6661377 83.31649017 60.99596405
v -145.55491638 83.31649017 60.93856049
v -145.45530701 83.31649017 60.86275482
v -148.1525116 83.31649017 58.51830292
v -148.1525116 81.1164856 58.51830292
v -148.0446167 81.1164856 58.57465744
v -147.9465332 81.1164856 58.64673233
v -147.86051941 81.1164856 58.73284912
v -147.78855896 81.1164856 58.83102417
v -147.78855896 83.31649017 58.83102417
v -147.86051941 83.31649017 58.73284912
v -147.9465332 83.31649017 58.64673233
v -148.0446167 83.31649017 58.57465744
v -147.07765198 81.1164856 60.44313049
v -147.07765198 83.31649017 60.44313049
v -147.00192261 83.31649017 60.54044342
v -146.91070557 83.31649017 60.62340546
v -146.91070557 81.1164856 60.62340546
v -147.00192261 81.1164856 60.54044342
v -144.97119141 81.1164856 60.01399994
v -144.97119141 83.31649017 60.01399994
v -144.94335938 83.31649017 59.89308929
v -144.93669128 83.31649017 59.76919174
v -144.93669128 81.1164856 59.76919174
v -144.94335938 81.1164856 59.89308929
v -128.47410583 78.91648102 29.49295998
v -127.81642151 78.91648102 31.51714706
v -128.16473389 78.91648102 40.28393173
v -128.38720703 78.91648102 42.40062714
v -132.2711792 78.91648102 50.26781082
v -133.33535767 78.91648102 52.11101913
v -140.0834198 78.91648102 57.71829605
v -141.80528259 78.91648102 58.96931076
v -150.25064087 78.91648102 61.34712601
v -152.33247375 78.91648102 61.7896347
v -161.01483154 78.91648102 60.52685165
v -163.09667969 78.91648102 60.08434296
v -170.51477051 78.91648102 55.39930344
v -172.23664856 78.91648102 54.14828873
v -177.10784912 78.91648102 46.85107803
v -178.17201233 78.91648102 45.00786209
v -179.65402222 78.91648102 36.36023712
v -179.87649536 78.91648102 34.24354172
v -177.71308899 78.91648102 25.74075317
v -177.0553894 78.91648102 23.71656609
v -171.62062073 78.91648102 16.828825
v -170.19645691 78.91648102 15.24714851
v -162.43003845 78.91648102 11.16540527
v -160.48570251 78.91648102 10.29972553
v -151.73052979 78.91648102 9.72975349
v -149.60217285 78.91648102 9.72975349
v -141.37210083 78.91648102 12.77010536
v -139.42776489 78.91648102 13.63578606
v -133.14584351 78.91648102 19.76075745
v -131.72167969 78.91648102 21.34243202
v -167.01097107 73.51647949 26.91492271
v -166.58609009 73.51647949 26.29737854
v -167.40629578 73.51647949 27.55181122
v -167.77116394 73.51647949 28.20661926
v -168.10473633 73.51647949 28.87789726
v -168.40634155 73.51647949 29.56415367
v -168.67523193 73.51647949 30.2638607
v -162.32133484 73.51647949 22.25441933
v -161.68199158 73.51647949 21.86308289
v -162.94151306 73.51647949 22.67545509
v -163.54116821 73.51647949 23.12525177
v -164.11895752 73.51647949 23.60281181
v -164.67358398 73.51647949 24.10707283
v -165.20384216 73.51647949 24.63691521
v -156.14152527 73.51647949 19.90429115
v -155.39828491 73.51647949 19.80682945
v -156.8793335 73.51647949 20.03667641
v -157.61009216 73.51647949 20.20368576
v -158.33216858 73.51647949 20.4049511
v -159.04394531 73.51647949 20.640028
v -159.74386597 73.51647949 20.90839005
v -169.39959717 73.51647949 33.07995987
v -169.26261902 73.51647949 32.34298325
v -169.50167847 73.51647949 33.8225708
v -169.56866455 73.51647949 34.56917191
v -169.60038757 73.51647949 35.31809998
v -169.59677124 73.51647949 36.0676918
v -169.55783081 73.51647949 36.81627655
v -169.07415771 73.51647949 39.68353653
v -169.2487793 73.51647949 38.95455933
v -168.8653717 73.51647949 40.4034729
v -168.62289429 73.51647949 41.11277008
v -168.34725952 73.51647949 41.80984879
v -168.03907776 73.51647949 42.49316406
v -167.69900513 73.51647949 43.16119385
v -160.96575928 73.51647949 49.76064682
v -161.62432861 73.51647949 49.40262604
v -160.29104614 73.51647949 50.08722305
v -159.60168457 73.51647949 50.38163757
v -158.8992157 73.51647949 50.64323425
v -158.18519592 73.51647949 50.87142944
v -157.46121216 73.51647949 51.0657196
v -166.09094238 73.51647949 45.58383942
v -166.54695129 73.51647949 44.98890686
v -165.6073761 73.51647949 46.1566124
v -165.09736633 73.51647949 46.70596313
v -164.56204224 73.51647949 47.2306633
v -164.00254822 73.51647949 47.72954941
v -163.42019653 73.51647949 48.2015152
v -142.49528503 73.51647949 46.894207
v -143.03929138 73.51647949 47.40991592
v -141.97619629 73.51647949 46.3534317
v -141.48316956 73.51647949 45.78878403
v -141.01730347 73.51647949 45.20153427
v -140.57962036 73.51647949 44.59297562
v -140.17112732 73.51647949 43.96446609
v -138.87709045 73.51647949 41.36051178
v -139.16430664 73.51647949 42.05290222
v -138.62283325 73.51647949 40.65534973
v -138.40208435 73.51647949 39.93899536
v -138.21534729 73.51647949 39.21302414
v -138.06303406 73.51647949 38.47906494
v -137.94549561 73.51647949 37.73873901
v -148.05143738 73.51647949 50.47783279
v -148.75816345 73.51647949 50.72769165
v -147.35726929 73.51647949 50.19494629
v -146.67720032 73.51647949 49.87965012
v -146.01275635 73.51647949 49.53265381
v -145.36540222 73.51647949 49.15472412
v -144.73657227 73.51647949 48.74671173
v -154.58482361 73.51647949 51.49175262
v -155.33207703 73.51647949 51.43255615
v -153.83560181 73.51647949 51.51566315
v -153.08609009 73.51647949 51.50423431
v -152.33795166 73.51647949 51.45749664
v -151.59284973 73.51647949 51.37554169
v -150.85243225 73.51647949 51.25856781
v -139.51374817 73.51647949 28.4419632
v -139.19137573 73.51647949 29.11870575
v -139.86764526 73.51647949 27.78116608
v -140.25230408 73.51647949 27.13778496
v -140.6668396 73.51647949 26.51324844
v -141.11036682 73.51647949 25.90894318
v -141.58189392 73.51647949 25.32621384
v -137.82244873 73.51647949 34.83357239
v -137.80322266 73.51647949 35.5829277
v -137.8769989 73.51647949 34.0859642
v -137.96670532 73.51647949 33.3417511
v -138.09140015 73.51647949 32.60259628
v -138.2507782 73.51647949 31.87013817
v -138.44450378 73.51647949 31.14600754
v -143.6585083 73.51647949 23.29084587
v -143.08877563 73.51647949 23.77796364
v -144.25059509 73.51647949 22.83112335
v -144.86367798 73.51647949 22.39981651
v -145.49639893 73.51647949 21.99788666
v -146.14738464 73.51647949 21.62622261
v -146.81515503 73.51647949 21.28565216
v -149.5401001 73.51647949 20.27089691
v -148.82147217 73.51647949 20.48416138
v -150.26797485 73.51647949 20.09173965
v -151.003479 73.51647949 19.94708443
v -151.74499512 73.51647949 19.83725739
v -152.49085999 73.51647949 19.76249886
v -153.2394104 73.51647949 19.72297859
v -163.08578491 73.51647949 50.38838196
v -162.45050049 73.51647949 50.77320099
v -161.79948425 73.51647949 51.13071823
v -161.13388062 73.51647949 51.46028519
v -160.45489502 73.51647949 51.76131821
v -159.76374817 73.51647949 52.03326797
v -159.06167603 73.51647949 52.2756424
v -158.34994507 73.51647949 52.48801422
v -161.80496216 73.51647949 20.10456467
v -162.45587158 73.51647949 20.4623127
v -163.09098816 73.51647949 20.84735489
v -163.709198 73.51647949 21.25900078
v -164.30940247 73.51647949 21.69650841
v -164.89047241 73.51647949 22.15908813
v -165.45143127 73.51647949 22.64590836
v -165.99119568 73.51647949 23.15609169
v -171.18515015 73.51647949 36.41054153
v -171.20309448 73.51647949 35.66802979
v -171.18954468 73.51647949 34.92542648
v -171.14448547 73.51647949 34.18406677
v -171.06799316 73.51647949 33.44528198
v -170.96025085 73.51647949 32.71041107
v -170.82139587 73.51647949 31.98077774
v -170.65171814 73.51647949 31.25768852
v -167.41366577 73.51647949 24.74090767
v -167.86279297 73.51647949 25.33246803
v -168.28640747 73.51647949 25.94255257
v -168.68374634 73.51647949 26.57006073
v -169.05409241 73.51647949 27.21386337
v -169.39680481 73.51647949 27.87280273
v -169.71122742 73.51647949 28.54568863
v -169.99682617 73.51647949 29.2313118
v -159.8608551 73.51647949 19.23534012
v -159.1602478 73.51647949 18.98881149
v -158.44978333 73.51647949 18.77223206
v -157.73078918 73.51647949 18.58599281
v -157.00453186 73.51647949 18.43043137
v -156.27232361 73.51647949 18.30582809
v -155.53549194 73.51647949 18.21240425
v -154.79536438 73.51647949 18.15032959
v -170.95922852 73.51647949 38.52809525
v -170.82012939 73.51647949 39.2576828
v -170.65019226 73.51647949 39.98071289
v -170.44973755 73.51647949 40.69587708
v -170.21911621 73.51647949 41.40189743
v -169.95874023 73.51647949 42.09749222
v -169.66906738 73.51647949 42.78141022
v -169.35066223 73.51647949 43.4524231
v -137.42964172 73.51647949 29.18022537
v -137.71739197 73.51647949 28.49550247
v -138.03393555 73.51647949 27.82360458
v -138.37870789 73.51647949 27.16574478
v -138.75108337 73.51647949 26.52310562
v -139.15039062 73.51647949 25.89684677
v -139.57591248 73.51647949 25.28809547
v -140.02687073 73.51647949 24.69794846
v -149.00350952 73.51647949 52.47335052
v -148.29244995 73.51647949 52.25875092
v -147.59115601 73.51647949 52.01416779
v -146.90084839 73.51647949 51.74005508
v -146.22280884 73.51647949 51.43689728
v -145.5582428 73.51647949 51.10523987
v -144.90834045 73.51647949 50.74568176
v -144.27429199 73.51647949 50.35887146
v -164.81060791 73.51647949 49.13935089
v -165.37442017 73.51647949 48.6558609
v -165.91720581 73.51647949 48.14888382
v -166.43798828 73.51647949 47.61932755
v -166.93582153 73.51647949 47.0681572
v -167.40983582 73.51647949 46.49635315
v -167.85917664 73.51647949 45.904953
v -168.2829895 73.51647949 45.29501343
v -139.09307861 73.51647949 45.24922943
v -139.51498413 73.51647949 45.86048889
v -139.96244812 73.51647949 46.45330048
v -140.43467712 73.51647949 47.02658844
v -140.93078613 73.51647949 47.57931519
v -141.4499054 73.51647949 48.11050415
v -141.99110413 73.51647949 48.6191864
v -142.5533905 73.51647949 49.1044426
v -138.03118896 73.51647949 43.40329742
v -137.71487427 73.51647949 42.7312851
v -137.42738342 73.51647949 42.04646301
v -137.16918945 73.51647949 41.35005569
v -136.94078064 73.51647949 40.64331436
v -136.74256897 73.51647949 39.92752457
v -136.57489014 73.51647949 39.20396423
v -136.43809509 73.51647949 38.47394562
v -151.08584595 73.51647949 52.91938019
v -151.82241821 73.51647949 53.01485443
v -152.56236267 73.51647949 53.07899094
v -153.30438232 73.51647949 53.11166763
v -154.04710388 73.51647949 53.11283493
v -154.78921509 73.51647949 53.0824852
v -155.52935791 73.51647949 53.02066803
v -156.26623535 73.51647949 52.92750549
v -145.65011597 73.51647949 20.07922363
v -144.99810791 73.51647949 20.43492889
v -144.36175537 73.51647949 20.817976
v -143.74224854 73.51647949 21.22768021
v -143.14070129 73.51647949 21.66330147
v -142.55815125 73.51647949 22.12405777
v -141.99568176 73.51647949 22.6091156
v -141.45431519 73.51647949 23.11760139
v -136.7684021 73.51647949 31.20453835
v -136.59645081 73.51647949 31.92708969
v -136.45532227 73.51647949 32.65628433
v -136.34524536 73.51647949 33.39081573
v -136.26646423 73.51647949 34.12935257
v -136.21907043 73.51647949 34.87057114
v -136.20318604 73.51647949 35.61312866
v -136.21881104 73.51647949 36.35569
v -147.59692383 73.51647949 19.2161026
v -148.29832458 73.51647949 18.97177124
v -149.00944519 73.51647949 18.7574234
v -149.72903442 73.51647949 18.57344055
v -150.45576477 73.51647949 18.42016029
v -151.18835449 73.51647949 18.29785156
v -151.92547607 73.51647949 18.20674133
v -152.665802 73.51647949 18.14698982
v -141.37210083 73.51647949 12.77010536
v -139.42776489 73.51647949 13.63578606
v -127.81642151 73.51647949 31.51714706
v -128.47410583 73.51647949 29.49295998
v -133.14584351 73.51647949 19.76075745
v -131.72167969 73.51647949 21.34243202
v -152.33247375 73.51647949 61.7896347
v -150.25064087 73.51647949 61.34712601
v -132.2711792 73.51647949 50.26781082
v -133.33535767 73.51647949 52.11101913
v -140.0834198 73.51647949 57.71829605
v -141.80528259 73.51647949 58.96931076
v -172.23664856 73.51647949 54.14828873
v -170.51477051 73.51647949 55.39930344
v -161.01483154 73.51647949 60.52685165
v -163.09667969 73.51647949 60.08434296
v -128.16473389 73.51647949 40.28393173
v -128.38720703 73.51647949 42.40062714
v -179.65402222 73.51647949 36.36023712
v -179.87649536 73.51647949 34.24354172
v -160.48570251 73.51647949 10.29972553
v -162.43003845 73.51647949 11.16540527
v -171.62062073 73.51647949 16.828825
v -170.19645691 73.51647949 15.24714851
v -177.71308899 73.51647949 25.74075317
v -177.0553894 73.51647949 23.71656609
v -151.73052979 73.51647949 9.72975349
v -149.60217285 73.51647949 9.72975349
v -156.35638428 73.51647949 28.2867775
v -153.14584351 73.51647949 27.84128952
v -159.1081543 73.51647949 29.99959183
v -160.925354 73.51647949 32.68357086
v -161.49377441 73.51647949 35.87462997
v -160.71514893 73.51647949 39.02100754
v -158.72406006 73.51647949 41.57866669
v -155.86483765 73.51647949 43.10535812
v -152.6318512 73.51647949 43.33711243
v -149.58409119 73.51647949 42.23385239
v -147.24856567 73.51647949 39.98633957
v -146.02911377 73.51647949 36.98319244
v -146.13656616 73.51647949 33.74368668
v -147.55235291 73.51647949 30.82795334
v -150.0316925 73.51647949 28.74015427
v -177.10784912 73.51647949 46.85107803
v -178.17201233 73.51647949 45.00786209
v -154.92190552 75.01648712 39.1097374
v -154.56213379 75.01648712 39.21512985
v -154.64634705 74.91648102 39.09046936
v -154.19354248 75.01648712 39.28357697
v -154.34002686 74.8275528 39.06904602
v -154.04344177 74.76540375 39.04830933
v -153.81991577 75.01648712 39.31437302
v -153.75317383 74.72864532 39.02801132
v -153.44509888 75.01648712 39.30720139
v -153.46601868 74.71648407 39.00793076
v -153.07290649 75.01648712 39.26213455
v -153.17884827 74.72864532 38.98785019
v -152.7071991 75.01648712 39.17964172
v -152.88858032 74.76540375 38.96755219
v -152.59199524 74.82756042 38.94681549
v -152.35171509 75.01648712 39.06056213
v -152.28567505 74.91648865 38.92539215
v -152.01011658 75.01648712 38.90612411
v -152.01011658 77.01647949 38.90612411
v -154.92190552 77.01647949 39.1097374
v -154.19354248 77.01647949 39.28357697
v -154.56213379 77.01647949 39.21512985
v -153.81991577 77.01647949 39.31437302
v -153.44509888 77.01647949 39.30720139
v -153.07290649 77.01647949 39.26213455
v -152.7071991 77.01647949 39.17964172
v -152.35171509 77.01647949 39.06056213
v -157.34326172 77.01647949 34.95298386
v -157.2588501 77.01647949 34.5928421
v -157.39129639 77.01647949 35.31975555
v -157.40246582 77.01647949 35.68948746
v -157.37666321 77.01647949 36.05849075
v -157.31413269 77.01647949 36.423069
v -157.2155304 77.01647949 36.77959061
v -157.08181763 77.01647949 37.12447739
v -156.91433716 77.01647949 37.4542923
v -157.1388855 77.01647949 34.24292755
v -156.91433716 75.01648712 37.4542923
v -157.08181763 75.01648712 37.12447739
v -157.2155304 75.01648712 36.77959061
v -157.31413269 75.01648712 36.423069
v -157.37666321 75.01648712 36.05849075
v -157.40246582 75.01648712 35.68948746
v -157.39129639 75.01648712 35.31975555
v -157.34326172 75.01648712 34.95298386
v -157.2588501 75.01648712 34.5928421
v -157.1388855 75.01648712 34.24292755
v -157.12176514 74.91648102 34.48782349
v -157.10910034 74.85163879 34.66905975
v -157.09674072 74.79641724 34.84569931
v -157.07278442 74.71317291 35.18817139
v -157.04954529 74.6641922 35.52079773
v -157.02661133 74.64802551 35.84860992
v -157.00369263 74.6641922 36.17642593
v -156.98042297 74.71317291 36.50904846
v -156.95648193 74.79641724 36.85152435
v -156.94413757 74.85163879 37.02816391
v -156.93145752 74.91648102 37.20940018
vn 0 1 0
vn -0.07402 0 0.99726
vn -0.15153 0 0.98845
vn -0.24604 0 0.96926
vn -0.36525 0 0.93091
vn -0.46397 0 0.88585
vn -0.53997 0 0.84169
vn 0.67546 0 0.7374
vn 0.59601 0 0.80298
vn 0.48723 0 0.87327
vn 0.34176 0 0.93979
vn 0.21971 0 0.97557
vn 0.12005 0 0.99277
vn 0.99951 0 0.0314
vn 0.99519 0 0.09797
vn 0.98378 0 0.1794
vn 0.95796 0 0.28691
vn 0.92078 0 0.39009
vn 0.88987 0 0.45622
vn 0.87299 0 0.48775
vn 0.87642 0 -0.48155
vn 0.893 0 -0.45006
vn 0.92331 0 -0.38406
vn 0.95956 0 -0.28151
vn 0.9845 0 -0.17536
vn 0.99546 0 -0.09516
vn 0.99957 0 -0.02949
vn 0.12745 0 -0.99184
vn 0.2286 0 -0.97352
vn 0.35232 0 -0.93588
vn 0.49796 0 -0.8672
vn 0.60538 0 -0.79594
vn 0.68369 0 -0.72977
vn -0.6201 0 -0.78452
vn -0.54228 0 -0.8402
vn -0.4384 0 -0.89878
vn -0.30419 0 -0.95261
vn -0.19377 0 -0.98105
vn -0.10339 0 -0.99464
vn -0.99627 0 -0.08629
vn -0.98524 0 -0.1712
vn -0.96145 0 -0.27496
vn -0.91466 0 -0.40422
vn -0.86123 0 -0.50822
vn -0.80958 0 -0.58701
vn -0.81691 0 0.57676
vn -0.8665 0 0.49917
vn -0.91779 0 0.39708
vn -0.96275 0 0.27041
vn -0.98568 0 0.16866
vn -0.99635 0 0.0854
vn -0.12992 0 0.99152
vn -0.22548 0 0.97425
vn -0.34173 0 0.9398
vn -0.4767 0 0.87907
vn -0.57619 0 0.81732
vn -0.65018 0 0.75978
vn 0.67368 0 0.73902
vn 0.59669 0 0.80247
vn 0.4917 0 0.87077
vn 0.34934 0 0.937
vn 0.22786 0 0.97369
vn 0.12839 0 0.99172
vn -0.91548 0 -0.40237
vn -0.94341 0 -0.33162
vn -0.96843 0 -0.24929
vn -0.98941 0 -0.14514
vn -0.99757 0 -0.06968
vn -0.16364 0 -0.98652
vn -0.2731 0 -0.96199
vn -0.4062 0 -0.91378
vn -0.55326 0 -0.83301
vn -0.65591 0 -0.75484
vn -0.72946 0 -0.68403
vn 0.57824 0 -0.81587
vn 0.49967 0 -0.86622
vn 0.3962 0 -0.91816
vn 0.26864 0 -0.96324
vn 0.16658 0 -0.98603
vn 0.08309 0 -0.99654
vn 0.98536 0 -0.17049
vn 0.97069 0 -0.24034
vn 0.94584 0 -0.32462
vn 0.90165 0 -0.43247
vn 0.85002 0 -0.52676
vn 0.80052 0 -0.59931
vn -0.10963 0 -0.99397
vn -0.7601 0 0.6498
vn -0.81379 0 0.58116
vn -0.87125 0 0.49084
vn -0.92391 0 0.38261
vn -0.95508 0 0.29636
vn -0.97446 0 0.22458
vn -0.13281 0 -0.99114
vn -0.23257 0 -0.97258
vn -0.35427 0 -0.93514
vn -0.4956 0 -0.86855
vn -0.59915 0 -0.80064
vn -0.67511 0 -0.73771
vn 0.68306 0 -0.73036
vn 0.60615 0 -0.79535
vn 0.50096 0 -0.86547
vn 0.35714 0 -0.93405
vn 0.23369 0 -0.97231
vn 0.13256 0 -0.99118
vn 0.99929 0 -0.0376
vn 0.989 0 -0.14794
vn 0.95394 0 -0.29999
vn 0.91515 0 -0.40312
vn 0.87483 0 -0.48443
vn 0.88222 0 0.47084
vn 0.92139 0 0.38864
vn 0.95839 0 0.28545
vn 0.9905 0 0.13748
vn 0.99953 0 0.03062
vn 0.13161 0 0.9913
vn 0.23285 0 0.97251
vn 0.35655 0 0.93428
vn 0.50085 0 0.86553
vn 0.60673 0 0.79491
vn 0.68392 0 0.72956
vn -0.70555 0 0.70866
vn -0.63407 0 0.77327
vn -0.53576 0 0.84437
vn -0.396 0 0.91825
vn -0.26856 0 0.96326
vn -0.16344 0 0.98655
vn -0.99844 0 0.05589
vn -0.99173 0 0.1283
vn -0.97622 0 0.21676
vn -0.94372 0 0.33073
vn -0.90261 0 0.43045
vn -0.86129 0 0.50811
vn -0.85847 0 -0.51287
vn -0.90164 0 -0.43249
vn -0.94431 0 -0.32905
vn -0.97703 0 -0.21312
vn -0.99229 0 -0.12396
vn -0.9987 0 -0.0509
vn 0.08944 -0.70769 0.70083
vn 0.08686 -0.7066 0.70226
vn 0.01172 -0.7066 0.70751
vn 0.16851 -0.70869 0.68511
vn 0.16123 -0.70565 0.68997
vn 0.24522 -0.70951 0.66066
vn 0.23392 -0.70485 0.66968
vn 0.31863 -0.71015 0.62782
vn 0.30406 -0.70419 0.64161
vn 0.38786 -0.71064 0.58699
vn 0.37079 -0.70368 0.60609
vn 0.45203 -0.71095 0.53871
vn 0.43333 -0.70333 0.56352
vn 0.51038 -0.7111 0.48358
vn 0.49091 -0.70312 0.51442
vn 0.57391 -0.6963 0.43104
vn 0.57726 -0.71666 0.39136
vn 0.61743 -0.69853 0.36171
vn 0.61728 -0.71479 0.32868
vn 0.65282 -0.70056 0.28818
vn 0.65037 -0.71305 0.26187
vn 0.67968 -0.7024 0.21135
vn 0.6761 -0.71143 0.1917
vn 0.69773 -0.70406 0.13219
vn 0.69412 -0.70995 0.11901
vn 0.70679 -0.70554 0.05168
vn 0.70419 -0.70861 0.04464
vn 0.70677 -0.70684 -0.02919
vn 0.70615 -0.70741 -0.03052
vn 0.69774 -0.70796 -0.10937
vn 0.69994 -0.70635 -0.10556
vn 0.67979 -0.70891 -0.18795
vn 0.68564 -0.70544 -0.17959
vn 0.65323 -0.70968 -0.26391
vn 0.66337 -0.70468 -0.25173
vn 0.61833 -0.7103 -0.33637
vn 0.63342 -0.70405 -0.32108
vn 0.57561 -0.71073 -0.4044
vn 0.59608 -0.70359 -0.38686
vn 0.52555 -0.711 -0.4672
vn 0.55183 -0.70326 -0.44822
vn 0.46879 -0.71111 -0.52399
vn 0.50118 -0.70309 -0.50446
vn 0.41416 -0.69688 -0.58552
vn 0.37612 -0.71619 -0.58789
vn 0.34369 -0.69905 -0.62706
vn 0.31234 -0.71434 -0.62622
vn 0.26923 -0.70104 -0.66035
vn 0.24461 -0.71263 -0.65751
vn 0.19174 -0.70283 -0.68503
vn 0.17373 -0.71105 -0.68134
vn 0.11214 -0.70445 -0.70084
vn 0.10054 -0.7096 -0.69739
vn 0.03146 -0.70588 -0.70763
vn 0.02589 -0.7083 -0.70544
vn -0.04932 -0.70714 -0.70536
vn -0.04932 -0.70713 -0.70536
vn -0.12921 -0.70821 -0.69408
vn -0.1242 -0.70611 -0.69712
vn -0.20722 -0.70912 -0.67395
vn -0.19784 -0.70523 -0.68081
vn -0.28239 -0.70985 -0.64527
vn -0.26936 -0.7045 -0.6566
vn -0.35382 -0.71042 -0.60837
vn -0.33789 -0.70392 -0.62476
vn -0.42062 -0.71082 -0.56375
vn -0.40264 -0.70349 -0.58565
vn -0.48199 -0.71104 -0.51196
vn -0.46279 -0.70321 -0.53975
vn -0.54924 -0.69511 -0.46385
vn -0.55481 -0.71765 -0.42091
vn -0.59666 -0.69744 -0.39696
vn -0.59811 -0.71571 -0.36059
vn -0.63617 -0.69957 -0.32541
vn -0.63473 -0.7139 -0.29574
vn -0.66734 -0.7015 -0.25012
vn -0.66418 -0.71222 -0.22716
vn -0.68982 -0.70326 -0.17198
vn -0.6861 -0.71067 -0.15563
vn -0.70339 -0.70482 -0.09204
vn -0.70015 -0.70927 -0.08197
vn -0.70791 -0.70621 -0.01123
vn -0.70618 -0.70799 -0.0071
vn -0.70339 -0.70741 0.0694
vn -0.70406 -0.70687 0.06811
vn -0.68987 -0.70845 0.14893
vn -0.6938 -0.70587 0.14276
vn -0.66757 -0.70932 0.22633
vn -0.67549 -0.70503 0.21596
vn -0.63679 -0.71001 0.30064
vn -0.64934 -0.70434 0.2868
vn -0.59792 -0.71053 0.37099
vn -0.61564 -0.7038 0.35448
vn -0.55146 -0.71089 0.4365
vn -0.5748 -0.7034 0.41813
vn -0.49797 -0.71107 0.49639
vn -0.52728 -0.70316 0.47702
vn -0.44761 -0.69572 0.56181
vn -0.4063 -0.71715 0.56623
vn -0.37947 -0.69799 0.6073
vn -0.34477 -0.71525 0.60791
vn -0.30691 -0.70007 0.64476
vn -0.27892 -0.71347 0.64278
vn -0.23081 -0.70196 0.67378
vn -0.20953 -0.71182 0.67038
vn -0.15213 -0.70366 0.69405
vn -0.13737 -0.71031 0.69035
vn -0.07187 -0.70519 0.70537
vn -0.06334 -0.70893 0.70242
vn 0.00897 -0.7077 0.70646
vn -0.47364 -0.70306 0.53044
vn -0.51763 -0.70307 -0.48759
vn 0.44474 -0.70307 -0.55488
vn 0.54286 -0.70306 0.45935
vn 0.93185 -0.0003 0.36284
vn 0.92964 0.00023 0.36848
vn 0.94872 -0 0.31612
vn 0.96353 -0.0004 0.26759
vn 0.96371 -0.00031 0.26696
vn 0.98652 0.00033 0.16366
vn 0.98506 -0.0011 0.1722
vn 0.99832 0.0012 0.05786
vn 0.99712 -0.00204 0.07586
vn 0.99882 0.0022 -0.04858
vn 0.99977 -0.0031 -0.02122
vn 0.988 0.00332 -0.15445
vn 0.99299 -0.00429 -0.11811
vn 0.96597 0.00458 -0.25862
vn 0.97684 -0.00562 -0.2139
vn 0.93301 0.00597 -0.35981
vn 0.95148 -0.00707 -0.30762
vn 0.88946 0.00749 -0.45694
vn 0.91714 -0.00865 -0.39847
vn 0.88086 0 -0.47338
vn 0.87207 0.001 -0.48939
vn 0.83588 -0.00101 -0.54891
vn 0.81544 0.00099 -0.57884
vn 0.77279 -0.001 -0.63466
vn 0.74968 0.00099 -0.6618
vn 0.70096 -0.001 -0.7132
vn 0.67553 0.00098 -0.73733
vn 0.62118 -0.00099 -0.78367
vn 0.59379 0.00097 -0.80462
vn 0.53435 -0.00098 -0.84526
vn 0.5054 0.00096 -0.86289
vn 0.4415 -0.00097 -0.89726
vn 0.41137 0.00095 -0.91147
vn 0.34361 -0.00096 -0.93911
vn 0.30518 0.0014 -0.95229
vn 0.3127 0 -0.94985
vn 0.88872 -0.00037 0.45846
vn 0.8852 0.00031 0.46522
vn 0.8852 -0.00024 0.46522
vn 0.88267 0.00024 0.46999
vn 0.83578 -0.00045 0.54907
vn 0.83073 0.00038 0.55667
vn 0.83073 -0.00024 0.55667
vn 0.82771 0.00024 0.56115
vn 0.77365 -0.00053 0.63361
vn 0.76685 0.00046 0.64183
vn 0.76685 -0.00024 0.64183
vn 0.76338 0.00024 0.64595
vn 0.703 -0.0006 0.71119
vn 0.69429 0.00053 0.71969
vn 0.69429 -0.00024 0.71969
vn 0.69039 0.00024 0.72344
vn 0.62462 -0.00068 0.78093
vn 0.61386 0.00061 0.78942
vn 0.61386 -0.00024 0.78942
vn 0.60958 0.00024 0.79273
vn 0.53937 -0.00077 0.84207
vn 0.52647 0.00069 0.85019
vn 0.52647 -0.00024 0.85019
vn 0.52187 0.00024 0.85303
vn 0.44816 -0.00085 0.89395
vn 0.43312 0.00077 0.90134
vn 0.43312 -0.00024 0.90134
vn 0.42824 0.00024 0.90366
vn 0.35203 -0.00093 0.93599
vn 0.33487 0.00086 0.94226
vn 0.33487 -0.00024 0.94227
vn 0.32976 0.00024 0.94406
vn 0.25201 -0.00102 0.96772
vn 0.2328 0.00095 0.97252
vn 0.2328 -0.00024 0.97253
vn 0.22755 0.00024 0.97377
vn 0.14924 -0.00111 0.9888
vn 0.12811 0.00103 0.99176
vn 0.12811 -0.00024 0.99176
vn 0.12275 0.00024 0.99244
vn 0.04481 -0.0012 0.99899
vn 0.02197 0.00112 0.99976
vn 0.02197 -0.00024 0.99976
vn 0.01657 0.00024 0.99986
vn -0.06011 -0.00129 0.99819
vn -0.08442 0.00121 0.99643
vn -0.08442 -0.00024 0.99643
vn -0.08981 0.00024 0.99596
vn -0.16437 0.00079 0.9864
vn -0.26681 -0.00583 0.96373
vn -0.18986 0.00571 0.9818
vn -0.36633 -0.00567 0.93047
vn -0.29314 0.00556 0.95605
vn -0.46179 -0.00551 0.88697
vn -0.39309 0.0054 0.91948
vn -0.55219 -0.00536 0.8337
vn -0.48861 0.00525 0.87249
vn -0.63649 -0.0052 0.77126
vn -0.57858 0.0051 0.81561
vn -0.71382 -0.00505 0.70031
vn -0.662 0.00495 0.74949
vn -0.78326 -0.0049 0.62168
vn -0.73791 0.0048 0.67488
vn -0.84408 -0.00476 0.53619
vn -0.80547 0.00465 0.59261
vn -0.89562 -0.00461 0.44479
vn -0.8639 0.00451 0.50364
vn -0.9373 -0.00447 0.3485
vn -0.91254 0.00436 0.40897
vn -0.96865 -0.00433 0.24839
vn -0.95084 0.00422 0.30967
vn -0.98935 -0.00419 0.14553
vn -0.97837 0.00408 0.20684
vn -0.99915 -0.00405 0.04105
vn -0.99481 0.00395 0.10166
vn -0.99795 -0.00391 -0.06385
vn -0.99998 0.00381 -0.00465
vn -0.98577 -0.00378 -0.16808
vn -0.99382 0.00368 -0.11092
vn -0.96273 -0.00364 -0.27043
vn -0.9764 0.00355 -0.21592
vn -0.9291 -0.00351 -0.36981
vn -0.94792 0.00342 -0.3185
vn -0.88524 -0.00338 -0.46512
vn -0.9087 0.00329 -0.41743
vn -0.83163 -0.00326 -0.55533
vn -0.85917 0.00316 -0.51167
vn -0.76888 -0.00313 -0.63939
vn -0.79992 0.00304 -0.6001
vn -0.69764 -0.00301 -0.71644
vn -0.73161 0.00292 -0.68171
vn -0.61874 -0.00289 -0.78559
vn -0.655 0.0028 -0.75562
vn -0.53302 -0.00277 -0.8461
vn -0.57097 0.00268 -0.82097
vn -0.44143 -0.00265 -0.89729
vn -0.46141 0 -0.88719
vn -0.48047 0.00485 -0.877
vn -0.34933 -0.0045 -0.93699
vn -0.38453 0.00338 -0.9231
vn -0.25822 -0.00311 -0.96608
vn -0.28423 0.00208 -0.95875
vn -0.16474 -0.0019 -0.98633
vn -0.18072 0.00095 -0.98353
vn -0.06976 -0.00086 -0.99756
vn -0.07515 0 -0.99717
vn 0.02587 0 -0.99967
vn 0.03127 -0.00078 -0.99951
vn 0.12126 0.00069 -0.99262
vn 0.13734 -0.00138 -0.99052
vn 0.21553 0.0012 -0.9765
vn 0.24184 -0.0018 -0.97031
vn 0.92763 0.00024 0.37351
vn 0.92964 -0.00024 0.36848
vn 0.96207 0.00024 0.27279
vn 0.96353 -0.00024 0.26759
vn 0.98562 0.00024 0.16898
vn 0.98652 -0.00024 0.16366
vn 0.998 0.00024 0.06326
vn 0.99832 -0.00024 0.05786
vn 0.99907 0.00024 -0.04318
vn 0.99882 -0.00024 -0.04858
vn 0.98882 0.00024 -0.14912
vn 0.988 -0.00024 -0.15445
vn 0.96737 0.00024 -0.25338
vn 0.96598 -0.00024 -0.25863
vn 0.93495 0.00024 -0.35479
vn 0.93302 -0.00024 -0.35982
vn 0.89195 0.00024 -0.45213
vn 0.88949 -0.00024 -0.45696
vn 0.83883 0.00024 -0.5444
vn 0.83588 -0.00024 -0.54891
vn 0.77621 0.00024 -0.63047
vn 0.77279 -0.00024 -0.63467
vn 0.7048 0.00024 -0.70941
vn 0.70096 -0.00024 -0.7132
vn 0.62541 0.00024 -0.7803
vn 0.62118 -0.00024 -0.78367
vn 0.53892 0.00024 -0.84236
vn 0.53435 -0.00024 -0.84526
vn 0.44633 0.00024 -0.89487
vn 0.4415 -0.00024 -0.89726
vn 0.34868 0.00024 -0.93724
vn 0.34361 -0.00024 -0.93911
vn 0.24708 0.00024 -0.96899
vn 0.24184 -0.00024 -0.97032
vn 0.14269 0.00024 -0.98977
vn 0.13734 -0.00024 -0.99052
vn 0.03667 0.00024 -0.99933
vn 0.03127 -0.00024 -0.99951
vn -0.06975 0.00024 -0.99756
vn -0.07515 -0.00024 -0.99717
vn -0.1754 0.00024 -0.9845
vn -0.18072 -0.00024 -0.98354
vn -0.27905 0.00024 -0.96028
vn -0.28423 -0.00024 -0.95876
vn -0.37954 0.00024 -0.92518
vn -0.38454 -0.00024 -0.92311
vn -0.47572 0.00024 -0.8796
vn -0.48048 -0.00024 -0.87701
vn -0.56653 0.00024 -0.82404
vn -0.57097 -0.00024 -0.82097
vn -0.65091 0.00024 -0.75916
vn -0.65501 -0.00024 -0.75562
vn -0.72791 0.00024 -0.68567
vn -0.73162 -0.00024 -0.68172
vn -0.79667 0.00024 -0.60441
vn -0.79992 -0.00024 -0.6001
vn -0.8564 0.00024 -0.51631
vn -0.85918 -0.00024 -0.51168
vn -0.90644 0.00024 -0.42234
vn -0.90871 -0.00024 -0.41743
vn -0.94619 0.00024 -0.32361
vn -0.94792 -0.00024 -0.3185
vn -0.97522 0.00024 -0.22122
vn -0.97641 -0.00024 -0.21592
vn -0.99322 0.00024 -0.11627
vn -0.99383 -0.00024 -0.11092
vn -0.99995 0.00024 -0.01005
vn -0.99999 -0.00024 -0.00465
vn -0.99535 0.00024 0.09629
vn -0.99482 -0.00024 0.10166
vn -0.97948 0.00024 0.20154
vn -0.97838 -0.00024 0.20684
vn -0.95251 0.00024 0.30452
vn -0.95084 -0.00024 0.30967
vn -0.91475 0.00024 0.40402
vn -0.91255 -0.00024 0.40897
vn -0.86661 0.00024 0.49898
vn -0.86391 -0.00024 0.50364
vn -0.80867 0.00024 0.58826
vn -0.80548 -0.00024 0.59262
vn -0.74156 0.00024 0.67089
vn -0.73792 -0.00024 0.67489
vn -0.66604 0.00024 0.74591
vn -0.66201 -0.00024 0.7495
vn -0.58299 0.00024 0.81248
vn -0.57859 -0.00024 0.81562
vn -0.49332 0.00024 0.86985
vn -0.48862 -0.00024 0.8725
vn -0.39807 0.00024 0.91736
vn -0.3931 -0.00024 0.9195
vn -0.29832 0.00024 0.95447
vn -0.29315 -0.00024 0.95607
vn -0.19516 0.00024 0.98077
vn -0.18986 -0.00024 0.98181
vn 0.00893 0.71053 0.70361
vn 0.03183 0.70396 0.70952
vn 0.10493 0.71109 0.69523
vn 0.09002 0.70308 0.70539
vn 0.17762 0.70938 0.68207
vn 0.1694 0.70496 0.68872
vn 0.24865 0.70788 0.66112
vn 0.24624 0.70658 0.66341
vn 0.31713 0.70658 0.63259
vn 0.31964 0.70794 0.6298
vn 0.38227 0.70548 0.5968
vn 0.38874 0.70906 0.58832
vn 0.44323 0.7046 0.55415
vn 0.45269 0.70994 0.5395
vn 0.49932 0.70392 0.50514
vn 0.51077 0.71056 0.48395
vn 0.54986 0.70346 0.45033
vn 0.56231 0.71095 0.42232
vn 0.59421 0.70322 0.39037
vn 0.60665 0.71111 0.35539
vn 0.63187 0.7032 0.32596
vn 0.64328 0.71102 0.28397
vn 0.66237 0.70338 0.25791
vn -0.07129 0.71094 0.69963
vn -0.04272 0.70349 0.70942
vn -0.15054 0.7111 0.68678
vn -0.11686 0.70323 0.70129
vn -0.23222 0.69752 0.6779
vn -0.25576 0.71594 0.64963
vn -0.30692 0.70004 0.64479
vn -0.32343 0.71378 0.62122
vn -0.37725 0.70228 0.60373
vn -0.38785 0.71181 0.58557
vn -0.44239 0.70426 0.55526
vn -0.44821 0.71003 0.54311
vn -0.50159 0.70597 0.50001
vn -0.50379 0.70845 0.49426
vn -0.55418 0.70744 0.43865
vn -0.55389 0.70706 0.43963
vn -0.59953 0.70866 0.37198
vn -0.59789 0.70589 0.3798
vn -0.63714 0.70963 0.30081
vn -0.63526 0.70492 0.31549
vn -0.66659 0.71034 0.226
vn -0.66552 0.70416 0.24745
vn -0.68753 0.71083 0.14842
vn -0.68831 0.70361 0.1765
vn -0.69971 0.71108 0.06904
vn -0.70334 0.70329 0.10346
vn -0.71733 0.69664 -0.01138
vn -0.69597 0.71669 -0.04453
vn -0.70884 0.69925 -0.09275
vn -0.68972 0.71447 -0.1176
vn -0.69143 0.70157 -0.17238
vn -0.6756 0.71243 -0.18977
vn -0.66535 0.70365 -0.24938
vn -0.65373 0.71058 -0.26021
vn -0.63101 0.70544 -0.32277
vn -0.62434 0.70894 -0.32804
vn -0.58881 0.70699 -0.39175
vn -0.58773 0.70749 -0.39247
vn -0.53933 0.70829 -0.45547
vn -0.54434 0.70624 -0.45267
vn -0.48317 0.70934 -0.51322
vn -0.49463 0.70521 -0.50796
vn -0.42103 0.71014 -0.5643
vn -0.43919 0.70438 -0.55763
vn -0.35368 0.7107 -0.60812
vn -0.37867 0.70377 -0.60109
vn -0.28714 0.69789 -0.65612
vn -0.25358 0.71711 -0.64919
vn -0.20818 0.70587 -0.67706
vn -0.1964 0.71245 -0.67367
vn -0.13389 0.68175 -0.71922
vn -0.07822 0.73526 -0.67325
vn -0.04999 0.69743 -0.7149
vn -0.01748 0.72463 -0.68892
vn 0.0314 0.70715 -0.70637
vn 0.04142 0.71342 -0.69951
vn 0.11108 0.71113 -0.69423
vn 0.09903 0.70639 -0.70086
vn 0.18953 0.71102 -0.67714
vn 0.1561 0.70448 -0.69234
vn 0.26975 0.69964 -0.66162
vn 0.28804 0.71395 -0.63821
vn 0.34244 0.70171 -0.62477
vn 0.35481 0.71214 -0.60578
vn 0.41037 0.70357 -0.58016
vn 0.41785 0.7105 -0.56621
vn 0.47274 0.7052 -0.5284
vn 0.47638 0.70901 -0.51996
vn 0.52883 0.70664 -0.47011
vn 0.52967 0.70768 -0.46758
vn 0.57796 0.70788 -0.40605
vn 0.57708 0.70652 -0.40964
vn 0.61957 0.7089 -0.33705
vn 0.61802 0.70553 -0.34682
vn 0.68061 0.67908 -0.27497
vn 0.65141 0.72555 -0.22191
vn 0.70276 0.68438 -0.1943
vn 0.67075 0.72557 -0.15374
vn 0.71232 0.69291 -0.11165
vn 0.68536 0.72339 -0.08361
vn 0.71189 0.70167 -0.0294
vn 0.69613 0.7178 -0.01328
vn 0.7048 0.70753 0.05153
vn 0.70131 0.71068 0.05562
vn 0.69172 0.71017 0.13105
vn 0.69758 0.70591 0.12279
vn 0.67214 0.71032 0.209
vn 0.68671 0.70611 0.17274
vn -0.13804 0.70723 -0.69337
vn -0.31378 0.70337 -0.63781
vn -0.71041 0.70318 0.02919
vn -0.1897 0.70319 0.68523
vn 0.67204 0.71089 0.20734
vn 0.65122 0.71016 -0.26755
vn 0.6423 0.70632 -0.29761
vn 0.2223 0.70329 -0.67525
vn 0.01269 0 0.99992
vn -0.10137 0 0.99485
vn -0.21411 0 0.97681
vn -0.32407 0 0.94603
vn -0.4298 0 0.90292
vn -0.52991 0 0.84805
vn -0.62313 0 0.78212
vn -0.70823 0 0.70599
vn -0.78409 0 0.62064
vn -0.84973 0 0.52722
vn -0.90428 0 0.42693
vn -0.94705 0 0.32108
vn -0.97748 0 0.21101
vn -0.99517 0 0.09819
vn -0.99987 0 -0.01586
vn -0.99155 0 -0.12974
vn -0.9703 0 -0.24191
vn -0.93639 0 -0.35096
vn -0.89029 0 -0.45539
vn -0.83257 0 -0.55392
vn -0.764 0 -0.64522
vn -0.68547 0 -0.7281
vn -0.598 0 -0.80149
vn -0.50275 0 -0.86443
vn -0.40092 0 -0.91611
vn -0.29389 0 -0.95584
vn -0.18301 0 -0.98311
vn -0.06976 0 -0.99756
vn 0.04441 0 -0.99901
vn 0.158 0 -0.98744
vn 0.26954 0 -0.96299
vn 0.37754 0 -0.92599
vn 0.48064 0 -0.87692
vn 0.57747 0 -0.81641
vn 0.66676 0 -0.74527
vn 0.74738 0 -0.66439
vn 0.81825 0 -0.57487
vn 0.87843 0 -0.47787
vn 0.92719 0 -0.37459
vn 0.96384 0 -0.26649
vn 0.98794 0 -0.15485
vn 0.99915 0 -0.04126
vn 0.99734 0 0.07292
vn 0.98252 0 0.18614
vn 0.9549 0 0.29693
vn 0.91483 0 0.40384
vn 0.86284 0 0.50548
vn 0.7996 0 0.60054
vn 0.72591 0 0.68779
vn 0.64279 0 0.76605
vn 0.55129 0 0.83432
vn 0.45257 0 0.89173
vn 0.34798 0 0.9375
vn 0.23884 0 0.97106
vn 0.12659 0 0.99196
vn 0 -1 0
vn 0.89059 -0 0.45481
vn 0.91024 -0.00025 0.41407
vn 0.92161 -0.00056 0.38813
vn 0.92798 -0.00018 0.37262
vn 0.96449 0.00049 0.26414
vn 0.96051 -0.0004 0.27825
vn 0.99329 0.00039 0.11561
vn 0.99192 -0.00029 0.12683
vn 0.99936 0.00029 -0.03575
vn 0.99962 -0.00019 -0.0276
vn 0.98253 0.00019 -0.1861
vn 0.98342 -9E-05 -0.18134
vn 0.94374 9E-05 -0.33069
vn 0.94319 0 -0.33226
vn 0.98253 0 -0.1861
vn 0.99936 0 -0.03575
vn 0.99329 0 0.11561
vn 0.96449 0 0.26414
vn 0.91357 0 0.40668
vn 0.93493 0 0.35483
vn 0.85938 -0 0.51133
vn 0.75783 -0 0.65245
vn 0.6334 -0 0.77382
vn 0.48979 -0 0.87184
vn 0.33142 -0 0.94348
vn 0.16301 -0 0.98662
vn -0.01032 0 0.99995
vn -0.18332 0 0.98305
vn -0.26808 0 0.9634
vn -0.26807 0 0.9634
vn -0.26809 0 0.96339
vn 0.96225 0 0.27218
vn -0.11933 0 0.99285
vn -0.26863 0 0.96324
vn -0.41161 0 0.91136
vn -0.54513 0 0.83835
vn -0.666 0 0.74595
vn -0.77146 0 0.63627
vn -0.77169 0.00056 0.636
vn -0.76529 0 0.64368
vn -0.64431 0 0.76477
vn -0.50431 0 0.86352
vn -0.34958 0 0.93691
vn -0.36844 0.00057 0.92965
vn -0.37748 0.00027 0.92602
vn -0.44776 -0.00017 0.89415
vn -0.50431 0.00109 0.86352
vn -0.54684 -0.00073 0.83724
vn -0.64431 0.00086 0.76477
vn -0.6669 -0.00043 0.74515
vn -0.30502 0 0.95234
vn 0.96591 -0 0.25886
vn 0.97263 8E-05 0.23235
vn 0.97859 0.00024 0.20582
vn 0.98212 0.00041 0.18824
vn 0.98327 0.00034 0.18216
vn 0.98659 0.0002 0.16319
vn 0.99172 0 0.12845
vn 0.99986 0 0.01683
vn 0.98791 0 -0.15503
vn 0.94661 0 -0.32237
vn 0.95284 0.00056 -0.30347
vn 0.98791 -0.0012 -0.15503
vn 0.97832 0.0024 -0.20709
vn 0.99747 -0.00077 -0.07115
vn 0.99986 0.00116 0.01683
vn 0.99782 -0.00055 0.06604
vn 0.98955 0.00027 0.14422
vn 0.9408 0 -0.33897
vn 0.91532 0 -0.40273
vn 0.91532 -0 -0.40273
vn 0.91532 0 -0.40274
vn -0.81763 0 0.57575
vn 0.41833 -0 0.9083
vn 0.39781 -0 0.91747
vn 0.37709 -0 0.92618
vn 0.97815 -0 0.20791
vn 0.99833 -0 0.05781
vn 0.99562 0 -0.09348
vn 0.97012 0 -0.24264
vn 0.92235 0 -0.38636
vn 0.85348 0 -0.52113
vn 0.98829 0 0.15262
vn 0.9469 -0 0.32153
vn 0.87692 -0 0.48063
vn 0.78044 -0 0.62523
vn 0.66037 -0 0.75094
vn 0.52035 -0 0.85395
vn 0.36459 -0 0.93117
vn 0.1978 -0 0.98024
vn 0.02507 -0 0.99969
vn -0.06192 0 0.99808
vn 0.99781 0 0.06618
vn 0.08967 0 0.99597
vn -0.06248 0 0.99805
vn -0.21315 0 0.97702
vn -0.35888 0 0.93338
vn -0.49635 0 0.86812
vn -0.62235 0 0.78274
vn -0.61477 0 0.78871
vn -0.47118 0 0.88204
vn -0.31379 0 0.94949
vn -0.14714 0 0.98912
vn 0.9998 0 -0.02006
vn 0.98151 0 -0.19139
vn 0.93407 0 -0.3571
vn 0.8589 0 -0.51214
vn 0.81159 0 -0.58423
vn -0.68006 0 0.73316
vn 0.56141 0 0.82754
vn 0.57987 0 0.81471
vn 0.59804 0 0.80147
vn 0.99859 -0 0.05316
vn 0.99997 -0.00025 0.0082
vn 0.9998 -0.00056 -0.02019
vn 0.99931 -0.00018 -0.03702
vn 0.98854 0.0005 -0.15097
vn 0.99064 -0.0004 -0.13647
vn 0.95442 0.00039 -0.29847
vn 0.95775 -0.00029 -0.28759
vn 0.89845 0.00029 -0.43907
vn 0.90198 -0.00019 -0.43177
vn 0.82187 0.00019 -0.56967
vn 0.82466 -9E-05 -0.56563
vn 0.72758 9E-05 -0.68602
vn 0.72646 0 -0.6872
vn 0.82187 0 -0.56967
vn 0.89845 0 -0.43907
vn 0.95442 0 -0.29847
vn 0.98854 0 -0.15097
vn 1 0 0
vn 0.99842 0 -0.05615
vn 0.99306 -0 0.11757
vn 0.9577 -0 0.28778
vn 0.89337 -0 0.44932
vn 0.80208 -0 0.59722
vn 0.68651 -0 0.72712
vn 0.5502 -0 0.83503
vn 0.39731 -0 0.91768
vn 0.23236 -0 0.97263
vn 0.14695 -0 0.98914
vn 0.14694 -0 0.98914
vn 0.14696 0 0.98914
vn 0.98976 0 -0.14272
vn 0.29479 0 0.95556
vn 0.14639 0 0.98923
vn -0.00533 0 0.99999
vn -0.15701 0 0.9876
vn -0.30502 0 0.95235
vn -0.44596 0 0.89505
vn -0.44634 0.00056 0.89486
vn -0.43738 0 0.89928
vn -0.2775 0 0.96073
vn -0.10948 0 0.99399
vn 0.06168 0 0.9981
vn 0.04151 0.00057 0.99914
vn 0.03178 0.00027 0.99949
vn -0.04534 -0.00017 0.99897
vn -0.10948 0.00109 0.99399
vn -0.15899 -0.00073 0.98728
vn -0.2775 0.00086 0.96073
vn -0.30617 -0.00043 0.95198
vn 0.10863 0 0.99408
vn 0.98767 0 -0.15652
vn 0.9831 8E-05 -0.18309
vn 0.97767 0.00025 -0.21012
vn 0.97377 0.00041 -0.22751
vn 0.97233 0.00034 -0.2336
vn 0.96775 0.0002 -0.25193
vn 0.95819 0 -0.28612
vn 0.92029 0 -0.39124
vn 0.83941 0 -0.54349
vn 0.73364 0 -0.67953
vn 0.74701 0.00056 -0.66481
vn 0.83941 -0.0012 -0.54349
vn 0.80954 0.00239 -0.58706
vn 0.88227 -0.00077 -0.47075
vn 0.92029 0.00115 -0.39124
vn 0.9384 -0.00055 -0.34555
vn 0.96264 0.00027 -0.27078
vn 0.72158 0 -0.69233
vn 0.67238 0 -0.7402
vn 0.67238 -0 -0.7402
vn 0.67238 0 -0.7402
vn -0.51276 0 0.85853
vn 0.7212 0 0.69273
vn 0.73659 0 0.67634
vn 0.7516 0 0.65962
vn 0.97815 0 -0.20791
vn 0.93555 0 -0.35321
vn 0.87151 0 -0.49039
vn 0.78749 0 -0.61632
vn 0.6855 0 -0.72807
vn 0.56773 0 -0.82321
vn 0.96493 0 -0.26249
vn 0.99581 0 -0.09143
vn 0.9966 -0 0.08236
vn 0.96726 -0 0.25381
vn 0.90873 -0 0.41739
vn 0.8227 -0 0.56848
vn 0.71182 -0 0.70237
vn 0.57941 -0 0.81504
vn 0.42948 -0 0.90308
vn 0.34939 -0 0.93698
vn 0.93846 0 -0.3454
vn 0.48703 0 0.87338
vn 0.34884 0 0.93718
vn 0.2027 0 0.97924
vn 0.05175 0 0.99866
vn -0.10033 0 0.99495
vn -0.25012 0 0.96821
vn -0.24081 0 0.97057
vn -0.07169 0 0.99743
vn 0.09954 0 0.99503
vn 0.26788 0 0.96345
vn 0.9052 0 -0.42499
vn 0.81884 0 -0.57402
vn 0.70809 0 -0.70613
vn 0.57633 0 -0.81722
vn 0.50379 0 -0.86383
vn -0.32306 0 0.94638
vn 0.84947 0 0.52764
vn 0.86111 0 0.50842
vn 0.87232 0 0.48893
vn 0.9339 0 -0.35753
vn 0.91683 -0.00025 -0.39928
vn 0.90513 -0.00056 -0.42514
vn 0.89786 -0.00018 -0.44027
vn 0.84166 0.00049 -0.54001
vn 0.84945 -0.0004 -0.52766
vn 0.75054 0.00039 -0.66082
vn 0.75802 -0.00029 -0.65223
vn 0.64216 0.00029 -0.76657
vn 0.64835 -0.00019 -0.76134
vn 0.51912 0.00019 -0.8547
vn 0.5233 -9E-05 -0.85215
vn 0.38565 9E-05 -0.92265
vn 0.38415 0 -0.92327
vn 0.51912 0 -0.8547
vn 0.64216 0 -0.76657
vn 0.75054 0 -0.66082
vn 0.84166 0 -0.54001
vn 0.91354 0 -0.40676
vn 0.88926 0 -0.45739
vn 0.95504 0 -0.29647
vn 0.99196 0 -0.12656
vn 0.99889 -0 0.04709
vn 0.97564 -0 0.21936
vn 0.92291 -0 0.38501
vn 0.8423 -0 0.53901
vn 0.73622 -0 0.67675
vn 0.60785 -0 0.79405
vn 0.53656 -0 0.84386
vn 0.53656 0 0.84386
vn 0.53656 0 0.84386
vn 0.84614 0 -0.53296
vn 0.65793 0 0.75308
vn 0.53611 0 0.84415
vn 0.40187 0 0.9157
vn 0.25823 0 0.96608
vn 0.10872 0 0.99407
vn -0.04333 0 0.99906
vn -0.04376 0.00056 0.99904
vn -0.03376 0 0.99943
vn 0.13725 0 0.99054
vn 0.30425 0 0.95259
vn 0.46234 0 0.8867
vn 0.44431 0.00057 0.89587
vn 0.43557 0.00027 0.90016
vn 0.36488 -0.00017 0.93105
vn 0.30425 0.00109 0.95259
vn 0.25631 -0.00073 0.96659
vn 0.13725 0.00086 0.99054
vn 0.10747 -0.00043 0.99421
vn 0.50366 0 0.8639
vn 0.83875 0 -0.54451
vn 0.82341 8E-05 -0.56745
vn 0.80759 0.00025 -0.58975
vn 0.79706 0.0004 -0.6039
vn 0.79366 0.00035 -0.60837
vn 0.78173 0.0002 -0.62362
vn 0.75891 0 -0.6512
vn 0.68156 0 -0.73176
vn 0.54578 0 -0.83793
vn 0.39386 0 -0.91917
vn 0.41212 0.00056 -0.91113
vn 0.54578 -0.00119 -0.83793
vn 0.50076 0.00239 -0.86558
vn 0.61456 -0.00077 -0.78887
vn 0.68156 0.00116 -0.73176
vn 0.71674 -0.00055 -0.69734
vn 0.76897 0.00026 -0.63928
vn 0.37759 0 -0.92597
vn 0.31318 0 -0.94969
vn 0.31318 0 -0.94969
vn 0.31318 0 -0.94969
vn -0.11924 0 0.99287
vn 0.94061 0 0.3395
vn 0.948 0 0.31828
vn 0.95492 0 0.29688
vn 0.80899 0 -0.58782
vn 0.71101 0 -0.70318
vn 0.59669 0 -0.80247
vn 0.46879 0 -0.88331
vn 0.33006 0 -0.94396
vn 0.1838 0 -0.98296
vn 0.77471 0 -0.63232
vn 0.87253 0 -0.48855
vn 0.94395 0 -0.33007
vn 0.98686 0 -0.16161
vn 0.99993 -0 0.01173
vn 0.9828 -0 0.18469
vn 0.93594 -0 0.35216
vn 0.86082 -0 0.5089
vn 0.75968 -0 0.6503
vn 0.70029 -0 0.71386
vn 0.71684 0 -0.69724
vn 0.80016 0 0.59978
vn 0.69987 0 0.71427
vn 0.58346 0 0.81214
vn 0.45347 0 0.89127
vn 0.31301 0 0.94975
vn 0.16529 0 0.98624
vn 0.17475 -0 0.98461
vn 0.34017 0 0.94036
vn 0.49568 0 0.8685
vn 0.63656 0 0.77123
vn 0.65409 0 -0.75642
vn 0.51457 0 -0.85745
vn 0.35965 0 -0.93309
vn 0.19413 0 -0.98098
vn 0.10889 0 -0.99405
vn 0.0898 0 0.99596
vn 0.99064 0 0.13652
vn 0.99346 0 0.11421
vn 0.99577 0 0.09186
vn 0.70767 0 -0.70654
vn 0.67511 -0.00025 -0.73771
vn 0.65403 -0.00055 -0.75647
vn 0.64119 -0.00018 -0.76739
vn 0.54926 0.0005 -0.83565
vn 0.56147 -0.0004 -0.8275
vn 0.41681 0.00039 -0.90899
vn 0.42713 -0.00029 -0.90419
vn 0.27488 0.00029 -0.96148
vn 0.28269 -0.00019 -0.95921
vn 0.12659 0.00019 -0.99195
vn 0.13143 -9E-05 -0.99133
vn -0.02296 9E-05 -0.99974
vn -0.02457 0 -0.9997
vn 0.12659 0 -0.99195
vn 0.27488 0 -0.96148
vn 0.41681 0 -0.90899
vn 0.54926 0 -0.83565
vn 0.66913 0 -0.74314
vn 0.62634 0 -0.77955
vn 0.75188 0 -0.6593
vn 0.85471 0 -0.51911
vn 0.93168 0 -0.36329
vn 0.98052 0 -0.19642
vn 0.99972 0 -0.02362
vn 0.98872 -0 0.1498
vn 0.9478 -0 0.31887
vn 0.87829 -0 0.47812
vn 0.83341 -0 0.55266
vn 0.8334 -0 0.55267
vn 0.83342 0 0.55264
vn 0.55621 0 -0.83104
vn 0.90737 0 0.42034
vn 0.83309 0 0.55314
vn 0.73956 0 0.6731
vn 0.6289 0 0.77749
vn 0.50361 0 0.86393
vn 0.36675 0 0.93032
vn 0.36635 0.00056 0.93048
vn 0.37564 0 0.92677
vn 0.52829 0 0.84907
vn 0.66539 0 0.7465
vn 0.78299 0 0.62203
vn 0.77026 0.00057 0.63773
vn 0.76399 0.00027 0.64523
vn 0.71207 -0.00017 0.70211
vn 0.66539 0.0011 0.7465
vn 0.62726 -0.00073 0.77881
vn 0.52829 0.00086 0.84907
vn 0.50261 -0.00043 0.86451
vn 0.81145 0 0.58442
vn 0.54477 0 -0.83859
vn 0.52164 8E-05 -0.85317
vn 0.49776 0.00025 -0.86731
vn 0.48252 0.0004 -0.87588
vn 0.47757 0.00035 -0.87859
vn 0.4603 0.0002 -0.88776
vn 0.42848 0 -0.90355
vn 0.32502 0 -0.94571
vn 0.1578 0 -0.98747
vn -0.01407 -0 -0.9999
vn 0.00587 0.00056 -0.99998
vn 0.1578 -0.0012 -0.98747
vn 0.10543 0.00239 -0.99442
vn 0.24054 -0.00077 -0.97064
vn 0.32502 0.00116 -0.94571
vn 0.37115 -0.00055 -0.92857
vn 0.44274 0.00027 -0.89665
vn -0.03169 0 -0.9995
vn -0.10017 0 -0.99497
vn -0.10017 -0 -0.99497
vn -0.10017 0 -0.99497
vn 0.29491 0 0.95553
vn 0.99737 0 -0.07242
vn 0.99549 0 -0.09482
vn 0.99311 0 -0.11719
vn 0.50001 0 -0.86602
vn 0.3635 0 -0.93159
vn 0.21874 0 -0.97578
vn 0.06897 0 -0.99762
vn -0.08241 0 -0.9966
vn -0.2319 0 -0.97274
vn 0.45056 0 -0.89274
vn 0.59835 0 -0.80123
vn 0.72812 0 -0.68545
vn 0.83579 0 -0.54905
vn 0.91826 0 -0.39598
vn 0.97295 0 -0.23102
vn 0.99826 0 -0.05897
vn 0.99339 -0 0.11475
vn 0.95849 -0 0.28512
vn 0.9301 -0 0.36732
vn 0.37128 0 -0.92852
vn 0.97493 0 0.22251
vn 0.92991 0 0.36778
vn 0.86333 0 0.50465
vn 0.77678 0 0.62977
vn 0.67225 0 0.74032
vn 0.55216 0 0.83374
vn 0.56013 -0 0.82841
vn 0.69323 0 0.72072
vn 0.80607 0 0.59182
vn 0.89525 0 0.44557
vn 0.2899 0 -0.95706
vn 0.12128 0 -0.99262
vn -0.05096 -0 -0.9987
vn -0.22164 -0 -0.97513
vn -0.30484 0 -0.9524
vn 0.48713 0 0.87333
vn 0.96052 0 -0.27821
vn 0.95402 0 -0.29973
vn 0.94705 0 -0.3211
vn 0.35905 0 -0.93332
vn 0.31672 -0.00025 -0.94852
vn 0.28971 -0.00056 -0.95711
vn 0.27364 -0.00018 -0.96183
vn 0.1619 0.00049 -0.98681
vn 0.1763 -0.0004 -0.98434
vn 0.01108 0.00039 -0.99994
vn 0.02247 -0.00029 -0.99975
vn -0.13997 0.00029 -0.99016
vn -0.13193 -0.00019 -0.99126
vn -0.2878 0.00019 -0.95769
vn -0.28314 -9E-05 -0.95908
vn -0.42757 9E-05 -0.90398
vn -0.42906 0 -0.90328
vn -0.2878 -0 -0.95769
vn -0.13997 -0 -0.99016
vn 0.01108 0 -0.99994
vn 0.1619 0 -0.98681
vn 0.30896 0 -0.95108
vn 0.25512 0 -0.96691
vn 0.41871 0 -0.90812
vn 0.56969 0 -0.82186
vn 0.70338 0 -0.71081
vn 0.81583 0 -0.5783
vn 0.90368 0 -0.42821
vn 0.96418 0 -0.26523
vn 0.99555 0 -0.09425
vn 0.99683 -0 0.07955
vn 0.98614 -0 0.1659
vn 0.98614 -0 0.1659
vn 0.98614 0 0.16589
vn 0.17011 0 -0.98542
vn 0.99989 0 0.01496
vn 0.98606 0 0.16642
vn 0.94939 0 0.3141
vn 0.89074 0 0.45451
vn 0.81147 0 0.5844
vn 0.71345 0 0.7007
vn 0.71313 0.00056 0.70103
vn 0.72013 0 0.69384
vn 0.82795 0 0.5608
vn 0.9115 0 0.41131
vn 0.9683 0 0.24981
vn 0.96305 0.00057 0.26934
vn 0.96037 0.00027 0.27872
vn 0.93609 -0.00017 0.35175
vn 0.9115 0.0011 0.41131
vn 0.88981 -0.00073 0.45634
vn 0.82795 0.00086 0.5608
vn 0.81077 -0.00043 0.58536
vn 0.979 0 0.20385
vn 0.15654 0 -0.98767
vn 0.12944 8E-05 -0.99159
vn 0.10224 0.00025 -0.99476
vn 0.08457 0.0004 -0.99642
vn 0.07881 0.00035 -0.99689
vn 0.05926 0.0002 -0.99824
vn 0.02398 0 -0.99971
vn -0.08775 -0 -0.99614
vn -0.25748 -0 -0.96628
vn -0.41954 -0 -0.90774
vn -0.40136 0.00056 -0.91592
vn -0.25748 -0.0012 -0.96628
vn -0.30814 0.00239 -0.95134
vn -0.17505 -0.00077 -0.98456
vn -0.08775 0.00116 -0.99614
vn -0.03863 -0.00055 -0.99925
vn 0.0398 0.00026 -0.99921
vn -0.43548 0 -0.9002
vn -0.4962 0 -0.86821
vn -0.4962 -0 -0.86821
vn -0.4962 0 -0.86821
vn 0.65806 0 0.75297
vn 0.88169 0 -0.47183
vn 0.87085 0 -0.49154
vn 0.85959 0 -0.51098
vn 0.10449 0 -0.99453
vn -0.04681 0 -0.9989
vn -0.19705 0 -0.98039
vn -0.34276 0 -0.93942
vn -0.48064 0 -0.87692
vn -0.6075 0 -0.79432
vn 0.04852 0 -0.99882
vn 0.22077 0 -0.97533
vn 0.38632 0 -0.92237
vn 0.54024 0 -0.84151
vn 0.67779 0 -0.73525
vn 0.7949 0 -0.60674
vn 0.88794 0 -0.45997
vn 0.95421 0 -0.29914
vn 0.99159 0 -0.12945
vn 0.99909 0 -0.04274
vn -0.03849 -0 -0.99926
vn 0.98114 0 -0.19329
vn 0.99911 0 -0.04223
vn 0.99394 0 0.10992
vn 0.96579 0 0.25934
vn 0.91525 0 0.40288
vn 0.84353 0 0.53708
vn 0.84862 -0 0.529
vn 0.92648 0 0.37635
vn 0.97709 0 0.21284
vn 0.99908 0 0.04292
vn -0.12445 0 -0.99223
vn -0.29295 -0 -0.95613
vn -0.45275 -0 -0.89164
vn -0.5991 -0 -0.80067
vn -0.66587 0 -0.74607
vn 0.80023 0 0.59969
vn 0.76433 0 -0.64482
vn 0.74963 0 -0.66186
vn 0.73457 0 -0.67854
vn -0.05153 0 -0.99867
vn -0.09649 -0.00025 -0.99533
vn -0.12461 -0.00056 -0.99221
vn -0.14123 -0.00018 -0.98998
vn -0.25348 0.00049 -0.96734
vn -0.23931 -0.0004 -0.97094
vn -0.39657 0.00039 -0.918
vn -0.38611 -0.00029 -0.92245
vn -0.5306 0.00029 -0.84762
vn -0.5237 -0.00019 -0.8519
vn -0.65245 0.00019 -0.75783
vn -0.64875 -9E-05 -0.761
vn -0.75831 9E-05 -0.6519
vn -0.75937 0 -0.65066
vn -0.65245 -0 -0.75783
vn -0.5306 -0 -0.84762
vn -0.39657 -0 -0.918
vn -0.25348 -0 -0.96734
vn -0.10457 -0 -0.99452
vn -0.16022 -0 -0.98708
vn 0.01315 0 -0.99991
vn 0.18611 0 -0.98253
vn 0.35347 0 -0.93545
vn 0.51014 0 -0.86009
vn 0.65134 0 -0.75878
vn 0.77295 0 -0.63447
vn 0.87112 0 -0.49106
vn 0.94302 0 -0.33274
vn 0.96837 0 -0.24953
vn 0.96836 0 -0.24954
vn 0.96838 0 -0.2495
vn -0.2454 -0 -0.96942
vn 0.91951 0 -0.39308
vn 0.9685 0 -0.249
vn 0.99507 0 -0.09919
vn 0.9986 0 0.05289
vn 0.97902 0 0.20379
vn 0.93676 0 0.34998
vn 0.93662 0.00056 0.35035
vn 0.94009 0 0.34093
vn 0.98447 0 0.17556
vn 0.99999 0 0.00503
vn 0.98617 0 -0.16574
vn 0.98932 0.00057 -0.14576
vn 0.99071 0.00026 -0.13602
vn 0.99823 -0.00017 -0.05942
vn 0.99999 0.0011 0.00503
vn 0.99849 -0.00073 0.05496
vn 0.98447 0.00086 0.17556
vn 0.97877 -0.00043 0.20498
vn 0.97725 0 -0.2121
vn -0.25876 0 -0.96594
vn -0.28497 8E-05 -0.95854
vn -0.31131 0.00025 -0.95031
vn -0.32803 0.0004 -0.94467
vn -0.3334 0.00035 -0.94279
vn -0.35179 0.0002 -0.93608
vn -0.38474 -0 -0.92302
vn -0.48534 -0 -0.87433
vn -0.62825 -0 -0.77801
vn -0.75247 -0 -0.65863
vn -0.7392 0.00056 -0.67349
vn -0.62825 -0.0012 -0.77801
vn -0.66845 0.00239 -0.74375
vn -0.56037 -0.00077 -0.82824
vn -0.48534 0.00116 -0.87433
vn -0.44172 -0.00055 -0.89715
vn -0.37021 0.00026 -0.92895
vn -0.76395 0 -0.64527
vn -0.80643 0 -0.59132
vn -0.80643 0 -0.59132
vn -0.80643 0 -0.59133
vn 0.90742 0 0.42022
vn 0.61355 0 -0.78966
vn 0.59565 0 -0.80324
vn 0.57744 0 -0.81644
vn -0.30905 0 -0.95104
vn -0.44905 0 -0.89351
vn -0.57878 0 -0.81549
vn -0.69524 0 -0.71878
vn -0.79576 0 -0.60561
vn -0.87804 0 -0.47858
vn -0.36193 -0 -0.93221
vn -0.19503 0 -0.9808
vn -0.02223 0 -0.99975
vn 0.15126 0 -0.98849
vn 0.32014 0 -0.94737
vn 0.47939 0 -0.8776
vn 0.62414 0 -0.78131
vn 0.75 0 -0.66144
vn 0.85322 0 -0.52154
vn 0.89532 0 -0.44542
vn -0.4416 -0 -0.89721
vn 0.8177 0 -0.57564
vn 0.89556 0 -0.44494
vn 0.9527 0 -0.30392
vn 0.98778 0 -0.15584
vn 0.99999 0 -0.00423
vn 0.98906 0 0.14753
vn 0.99042 -0 0.13805
vn 0.99946 0 -0.03295
vn 0.97917 0 -0.20302
vn 0.93017 0 -0.36714
vn -0.51724 0 -0.85584
vn -0.65654 -0 -0.75429
vn -0.77625 -0 -0.63042
vn -0.87297 -0 -0.48777
vn -0.91176 0 -0.41073
vn 0.97496 0 0.22237
vn 0.43597 0 -0.89996
vn 0.41562 0 -0.90954
vn 0.39508 0 -0.91865
vn -0.45326 0 -0.89138
vn -0.49305 -0.00025 -0.87
vn -0.5174 -0.00055 -0.85574
vn -0.53171 -0.00018 -0.84693
vn -0.62503 0.0005 -0.7806
vn -0.61353 -0.0004 -0.78967
vn -0.73567 0.00039 -0.67734
vn -0.72792 -0.00029 -0.68567
vn -0.82949 0.00029 -0.55852
vn -0.82493 -0.00019 -0.56524
vn -0.90429 0.00019 -0.42692
vn -0.90217 -0.0001 -0.43138
vn -0.95791 9E-05 -0.28706
vn -0.95836 0 -0.28556
vn -0.90429 -0 -0.42692
vn -0.82949 -0 -0.55852
vn -0.73567 -0 -0.67734
vn -0.62503 -0 -0.7806
vn -0.50004 -0 -0.866
vn -0.54787 -0 -0.83656
vn -0.39469 0 -0.91882
vn -0.2296 0 -0.97329
vn -0.05757 0 -0.99834
vn 0.11619 0 -0.99323
vn 0.28643 0 -0.9581
vn 0.44805 0 -0.89401
vn 0.59609 0 -0.80292
vn 0.72613 0 -0.68756
vn 0.78315 0 -0.62183
vn 0.78315 -0 -0.62183
vn 0.78315 0 -0.62183
vn -0.61848 -0 -0.7858
vn 0.68012 0 -0.7331
vn 0.7835 0 -0.6214
vn 0.8687 0 -0.49533
vn 0.93379 0 -0.35782
vn 0.97725 0 -0.21209
vn 0.99812 0 -0.06127
vn 0.99814 0.00056 -0.06092
vn 0.99749 0 -0.07085
vn 0.97076 0 -0.24006
vn 0.91556 0 -0.40217
vn 0.83354 0 -0.55246
vn 0.84453 0.00057 -0.5355
vn 0.84972 0.00027 -0.52724
vn 0.88779 -0.00017 -0.46024
vn 0.91556 0.00109 -0.40217
vn 0.93453 -0.00073 -0.35588
vn 0.97076 0.00086 -0.24006
vn 0.97752 -0.00043 -0.21084
vn 0.80657 0 -0.59113
vn -0.62923 0 -0.77722
vn -0.65021 8E-05 -0.75976
vn -0.67093 0.00025 -0.74152
vn -0.68389 0.0004 -0.72958
vn -0.68814 0.00035 -0.72557
vn -0.70216 0.0002 -0.71202
vn -0.72685 -0 -0.6868
vn -0.79901 -0 -0.60131
vn -0.89036 -0 -0.45525
vn -0.95531 -0 -0.29562
vn -0.94922 0.00056 -0.31461
vn -0.89036 -0.00119 -0.45525
vn -0.91316 0.00239 -0.40759
vn -0.84878 -0.00077 -0.52875
vn -0.79901 0.00115 -0.60131
vn -0.76846 -0.00055 -0.63989
vn -0.71579 0.00027 -0.69831
vn -0.96037 0 -0.27872
vn -0.97723 0 -0.2122
vn -0.97723 -0 -0.2122
vn -0.97723 0 -0.21219
vn 0.99989 0 0.0148
vn 0.23933 0 -0.97094
vn 0.21744 0 -0.97607
vn 0.19544 0 -0.98071
vn -0.66916 0 -0.74312
vn -0.77364 0 -0.63363
vn -0.86045 0 -0.50954
vn -0.92746 0 -0.37391
vn -0.97329 0 -0.22957
vn -0.99679 0 -0.08001
vn -0.7098 -0 -0.7044
vn -0.57711 0 -0.81667
vn -0.42695 0 -0.90428
vn -0.26387 0 -0.96456
vn -0.09286 0 -0.99568
vn 0.08098 0 -0.99672
vn 0.25238 0 -0.96763
vn 0.41611 0 -0.90932
vn 0.56735 0 -0.82347
vn 0.63675 0 -0.77107
vn -0.76835 -0 -0.64003
vn 0.51286 0 -0.85847
vn 0.63717 0 -0.77072
vn 0.74673 0 -0.66512
vn 0.83896 0 -0.5442
vn 0.91183 0 -0.41056
vn 0.96356 0 -0.26749
vn 0.96095 0 -0.27673
vn 0.89966 0 -0.4366
vn 0.81193 0 -0.58376
vn 0.70044 0 -0.71371
vn -0.82066 0 -0.57142
vn -0.90654 -0 -0.42212
vn -0.96558 -0 -0.26011
vn -0.99589 -0 -0.09054
vn -0.99999 0 -0.00439
vn 0.98112 0 -0.19341
vn 0.03223 0 -0.99948
vn 0.00975 0 -0.99995
vn -0.01273 -0 -0.99992
vn -0.7767 0 -0.62987
vn -0.8042 -0.00025 -0.59436
vn -0.82068 -0.00055 -0.57138
vn -0.83025 -0.00018 -0.5574
vn -0.88852 0.0005 -0.45884
vn -0.88167 -0.0004 -0.47186
vn -0.94756 0.00039 -0.31957
vn -0.94387 -0.00029 -0.33031
vn -0.98493 0.00029 -0.17294
vn -0.9835 -0.00019 -0.18088
vn -0.99975 0.00019 -0.02221
vn -0.99963 -9E-05 -0.02714
vn -0.99185 9E-05 0.12737
vn -0.99164 0 0.129
vn -0.99975 -0 -0.02221
vn -0.98493 -0 -0.17294
vn -0.94756 -0 -0.31957
vn -0.88852 -0 -0.45884
vn -0.80901 -0 -0.58779
vn -0.84075 -0 -0.54143
vn -0.73426 0 -0.67887
vn -0.60562 0 -0.79576
vn -0.45867 0 -0.8886
vn -0.29782 0 -0.95462
vn -0.12802 0 -0.99177
vn 0.04568 0 -0.99896
vn 0.21796 0 -0.97596
vn 0.38371 0 -0.92346
vn 0.46252 0 -0.88661
vn 0.46253 -0 -0.8866
vn 0.46251 0 -0.88661
vn -0.88463 -0 -0.46629
vn 0.32318 0 -0.94634
vn 0.463 0 -0.88636
vn 0.59212 0 -0.80585
vn 0.70751 0 -0.70671
vn 0.80652 0 -0.59121
vn 0.8869 0 -0.46196
vn 0.88709 0.00057 -0.46161
vn 0.88239 0 -0.47053
vn 0.78923 0 -0.6141
vn 0.67289 0 -0.73974
vn 0.53673 0 -0.84376
vn 0.55363 0.00057 -0.83276
vn 0.56172 0.00026 -0.82732
vn 0.62395 -0.00017 -0.78147
vn 0.67289 0.00109 -0.73974
vn 0.70895 -0.00073 -0.70526
vn 0.78923 0.00086 -0.6141
vn 0.80723 -0.00043 -0.59024
vn 0.49645 0 -0.86807
vn -0.89098 0 -0.45404
vn -0.90329 8E-05 -0.42903
vn -0.91443 0.00024 -0.40475
vn -0.92153 0.0004 -0.38831
vn -0.92359 0.00035 -0.38339
vn -0.93119 0.00019 -0.36455
vn -0.94332 -0 -0.33188
vn -0.97452 -0 -0.22429
vn -0.99855 -0 -0.0538
vn -0.99295 0 0.11852
vn -0.99511 0.00056 0.09879
vn -0.99855 -0.0012 -0.0538
vn -1 0.0024 -0.00077
vn -0.99045 -0.00077 -0.13786
vn -0.97452 0.00116 -0.22429
vn -0.96228 -0.00055 -0.27205
vn -0.93792 0.00027 -0.34685
vn -0.99072 0 0.13593
vn -0.97905 0 0.20362
vn -0.97905 0 0.20362
vn -0.97905 0 0.20361
vn 0.91947 0 -0.39317
vn -0.17628 -0 -0.98434
vn -0.19836 -0 -0.98013
vn -0.22034 -0 -0.97542
vn -0.91357 0 -0.40669
vn -0.96449 0 -0.26414
vn -0.99329 0 -0.11561
vn -0.99936 0 0.03575
vn -0.98255 0 0.18602
vn -0.94316 0 0.33233
vn -0.93491 -0 -0.3549
vn -0.85941 0 -0.51128
vn -0.7578 0 -0.65249
vn -0.6334 0 -0.77382
vn -0.48981 0 -0.87183
vn -0.33144 0 -0.94348
vn -0.163 0 -0.98663
vn 0.0103 0 -0.99995
vn 0.18333 0 -0.98305
vn 0.26808 0 -0.9634
vn -0.96225 -0 -0.27218
vn 0.11936 0 -0.99285
vn 0.26861 0 -0.96325
vn 0.41163 0 -0.91135
vn 0.54513 0 -0.83835
vn 0.66595 0 -0.74599
vn 0.7715 0 -0.63623
vn 0.76533 0 -0.64364
vn 0.64429 0 -0.76478
vn 0.5043 0 -0.86353
vn 0.34959 0 -0.9369
vn -0.98214 0 -0.18816
vn -0.99986 -0 -0.01691
vn -0.9879 0 0.15511
vn -0.94662 0 0.32236
vn -0.91532 0 0.40273
vn 0.81763 0 -0.57575
vn -0.37709 -0 -0.92617
vn -0.3978 -0 -0.91747
vn -0.41834 -0 -0.90829
vn -0.9657 0 -0.25965
vn -0.97645 -0.00025 -0.21576
vn -0.98214 -0.00055 -0.18815
vn -0.98521 -0.00017 -0.17135
vn -0.99833 0.0005 -0.05781
vn -0.99737 -0.00039 -0.07248
vn -0.99561 0.00039 0.09356
vn -0.99662 -0.00029 0.08219
vn -0.9701 0.00029 0.24272
vn -0.97207 -0.0002 0.23471
vn -0.9224 0.00018 0.38623
vn -0.92419 -9E-05 0.38194
vn -0.85435 0.0001 0.51969
vn -0.85345 0 0.52117
vn -0.9224 0 0.38623
vn -0.9701 0 0.24272
vn -0.99561 0 0.09356
vn -0.99833 -0 -0.05781
vn -0.97815 -0 -0.20791
vn -0.9883 -0 -0.15254
vn -0.9469 0 -0.32153
vn -0.87692 0 -0.48063
vn -0.78043 0 -0.62524
vn -0.66036 0 -0.75095
vn -0.52033 0 -0.85397
vn -0.36461 0 -0.93116
vn -0.1978 0 -0.98024
vn -0.02507 0 -0.99969
vn 0.06192 0 -0.99808
vn 0.06192 -0 -0.99808
vn 0.06192 0 -0.99808
vn -0.99781 -0 -0.0662
vn -0.08967 -0 -0.99597
vn 0.06246 0 -0.99805
vn 0.21315 0 -0.97702
vn 0.35888 0 -0.93338
vn 0.49636 0 -0.86812
vn 0.62234 0 -0.78275
vn 0.62266 0.00056 -0.78249
vn 0.61476 0 -0.78871
vn 0.4712 0 -0.88203
vn 0.31379 0 -0.94949
vn 0.14715 0 -0.98911
vn 0.16711 0.00057 -0.98594
vn 0.1768 0.00026 -0.98425
vn 0.25202 -0.00017 -0.96772
vn 0.31379 0.00109 -0.94949
vn 0.36081 -0.00073 -0.93264
vn 0.4712 0.00086 -0.88203
vn 0.4974 -0.00043 -0.86752
vn 0.10035 0 -0.99495
vn -0.99864 0 -0.05217
vn -0.99968 8E-05 -0.02512
vn -1 0.00025 0.0029
vn -0.9998 0.0004 0.02014
vn -0.99967 0.00035 0.02575
vn -0.999 0.0002 0.04472
vn -0.99673 0 0.08078
vn -0.98151 0 0.19139
vn -0.93407 0 0.3571
vn -0.85894 0 0.51208
vn -0.86897 0.00056 0.49487
vn -0.93407 -0.00119 0.3571
vn -0.91386 0.0024 0.40603
vn -0.9609 -0.00077 0.27689
vn -0.98151 0.00116 0.19139
vn -0.98974 -0.00055 0.14288
vn -0.99788 0.00026 0.06504
vn -0.84978 0 0.52713
vn -0.81158 0 0.58423
vn -0.81158 0 0.58424
vn -0.81159 0 0.58423
vn 0.68006 0 -0.73316
vn -0.56142 -0 -0.82753
vn -0.57986 -0 -0.81472
vn -0.59804 -0 -0.80146
vn -1 0 0
vn -0.98855 0 0.15089
vn -0.95442 0 0.29847
vn -0.89843 0 0.43912
vn -0.82186 0 0.56969
vn -0.72647 0 0.6872
vn -0.99843 0 0.05608
vn -0.99306 0 -0.11764
vn -0.95772 0 -0.28772
vn -0.89334 0 -0.44937
vn -0.80208 0 -0.59721
vn -0.68655 0 -0.72708
vn -0.55019 0 -0.83504
vn -0.3973 0 -0.91769
vn -0.23235 0 -0.97263
vn -0.14695 0 -0.98914
vn -0.98976 0 0.14273
vn -0.29479 -0 -0.95556
vn -0.14641 -0 -0.98922
vn 0.00537 0 -0.99999
vn 0.15698 0 -0.9876
vn 0.30504 0 -0.95234
vn 0.44596 0 -0.89505
vn 0.43734 0 -0.8993
vn 0.27751 0 -0.96072
vn 0.10951 0 -0.99399
vn -0.06171 -0 -0.99809
vn -0.97377 0 0.22751
vn -0.92029 0 0.39124
vn -0.83938 0 0.54354
vn -0.73368 0 0.67949
vn -0.67238 0 0.7402
vn 0.51276 0 -0.85853
vn -0.72119 -0 -0.69274
vn -0.7366 -0 -0.67633
vn -0.75159 -0 -0.65963
vn -0.98784 0 0.15547
vn -0.97982 -0.00025 0.1999
vn -0.97374 -0.00056 0.22766
vn -0.9697 -0.00018 0.24429
vn -0.93557 0.0005 0.35314
vn -0.94064 -0.00039 0.33941
vn -0.87147 0.00039 0.49045
vn -0.877 -0.00029 0.48048
vn -0.7875 0.00029 0.61631
vn -0.79257 -0.0002 0.60978
vn -0.68552 0.00018 0.72805
vn -0.68901 -9E-05 0.72475
vn -0.56902 9E-05 0.82232
vn -0.5677 0 0.82324
vn -0.68552 0 0.72805
vn -0.7875 0 0.61631
vn -0.87147 0 0.49045
vn -0.93557 0 0.35314
vn -0.97815 0 0.20791
vn -0.96492 0 0.26256
vn -0.99581 0 0.09143
vn -0.9966 0 -0.08244
vn -0.96728 0 -0.25372
vn -0.90872 0 -0.4174
vn -0.82266 0 -0.56853
vn -0.71182 0 -0.70237
vn -0.57945 0 -0.81501
vn -0.42951 0 -0.90306
vn -0.34938 0 -0.93698
vn -0.34938 -0 -0.93698
vn -0.34939 0 -0.93698
vn -0.93846 0 0.34539
vn -0.487 -0 -0.8734
vn -0.34892 -0 -0.93715
vn -0.20268 -0 -0.97925
vn -0.05174 -0 -0.99866
vn 0.10035 0 -0.99495
vn 0.2501 0 -0.96822
vn 0.2505 0.00056 -0.96812
vn 0.24082 0 -0.97057
vn 0.0717 0 -0.99743
vn -0.09955 -0 -0.99503
vn -0.2679 -0 -0.96345
vn -0.24837 0.00057 -0.96866
vn -0.2389 0.00026 -0.97104
vn -0.16334 -0.00017 -0.98657
vn -0.09955 0.00109 -0.99503
vn -0.04971 -0.00073 -0.99876
vn 0.0717 0.00086 -0.99743
vn 0.10157 -0.00043 -0.99483
vn -0.31301 0 -0.94975
vn -0.93358 0 0.35836
vn -0.92353 8E-05 0.38352
vn -0.91269 0.00024 0.40865
vn -0.90518 0.00041 0.42503
vn -0.90247 0.00034 0.43075
vn -0.89439 0.0002 0.44728
vn -0.87759 0 0.47941
vn -0.81883 0 0.57403
vn -0.70811 0 0.7061
vn -0.57635 0 0.8172
vn -0.59248 0.00056 0.80558
vn -0.70811 -0.0012 0.7061
vn -0.66977 0.00239 0.74256
vn -0.7652 -0.00077 0.64379
vn -0.81883 0.00115 0.57403
vn -0.84605 -0.00055 0.5331
vn -0.88482 0.00026 0.46594
vn -0.5619 0 0.82721
vn -0.50379 0 0.86383
vn -0.50379 -0 0.86383
vn -0.50379 0 0.86383
vn 0.32306 0 -0.94638
vn -0.84946 -0 -0.52765
vn -0.86112 -0 -0.50841
vn -0.87232 -0 -0.48894
vn -0.91351 0 0.40683
vn -0.84169 0 0.53996
vn -0.7505 0 0.66087
vn -0.64216 0 0.76657
vn -0.51915 0 0.85468
vn -0.38415 0 0.92327
vn -0.88929 0 0.45733
vn -0.95502 0 0.29654
vn -0.99195 0 0.12663
vn -0.99889 0 -0.04709
vn -0.97563 0 -0.21943
vn -0.92289 0 -0.38507
vn -0.8423 0 -0.53901
vn -0.73621 0 -0.67676
vn -0.60786 0 -0.79405
vn -0.53658 0 -0.84385
vn -0.84614 0 0.53296
vn -0.65803 -0 -0.75299
vn -0.53611 -0 -0.84415
vn -0.40182 -0 -0.91572
vn -0.25827 -0 -0.96607
vn -0.10871 -0 -0.99407
vn 0.04336 0 -0.99906
vn 0.03378 0 -0.99943
vn -0.13724 -0 -0.99054
vn -0.30428 -0 -0.95258
vn -0.46229 -0 -0.88673
vn -0.79702 0 0.60395
vn -0.68156 0 0.73176
vn -0.54578 0 0.83793
vn -0.39386 0 0.91917
vn -0.31318 0 0.94969
vn 0.11924 0 -0.99287
vn -0.9406 -0 -0.33951
vn -0.94801 -0 -0.31825
vn -0.95491 -0 -0.29691
vn -0.83902 0 0.5441
vn -0.81376 -0.00025 0.5812
vn -0.797 -0.00055 0.60399
vn -0.78679 -0.00018 0.61722
vn -0.71097 0.0005 0.70322
vn -0.72123 -0.0004 0.6927
vn -0.59669 0.00039 0.80247
vn -0.60577 -0.00029 0.79564
vn -0.46879 0.00028 0.88331
vn -0.47596 -0.00019 0.87947
vn -0.33006 0.00019 0.94396
vn -0.33468 -0.0001 0.94233
vn -0.18538 9E-05 0.98267
vn -0.1838 0 0.98296
vn -0.33006 0 0.94396
vn -0.46879 0 0.88331
vn -0.59669 0 0.80247
vn -0.71097 0 0.70322
vn -0.80899 0 0.58782
vn -0.77467 0 0.63237
vn -0.87253 0 0.48855
vn -0.94395 0 0.33007
vn -0.98687 0 0.16153
vn -0.99993 0 -0.01173
vn -0.9828 0 -0.18469
vn -0.93594 0 -0.35216
vn -0.86086 0 -0.50885
vn -0.75971 0 -0.65026
vn -0.70029 0 -0.71386
vn -0.70027 -0 -0.71387
vn -0.70031 0 -0.71384
vn -0.71684 0 0.69724
vn -0.80013 -0 -0.59983
vn -0.69991 -0 -0.71423
vn -0.5835 -0 -0.81211
vn -0.45347 -0 -0.89127
vn -0.31301 -0 -0.94975
vn -0.16529 -0 -0.98624
vn -0.16488 0.00056 -0.98631
vn -0.17474 0 -0.98462
vn -0.3402 -0 -0.94035
vn -0.49565 -0 -0.86852
vn -0.63656 -0 -0.77123
vn -0.62087 0.00057 -0.78391
vn -0.61313 0.00026 -0.78998
vn -0.55059 -0.00017 -0.83478
vn -0.49565 0.00109 -0.86852
vn -0.45165 -0.00073 -0.89219
vn -0.3402 0.00086 -0.94035
vn -0.31184 -0.00043 -0.95013
vn -0.67213 0 -0.74043
vn -0.70765 0 0.70656
vn -0.6874 8E-05 0.72628
vn -0.66735 0.00025 0.74475
vn -0.65413 0.00041 0.75638
vn -0.64973 0.00035 0.76016
vn -0.63497 0.0002 0.77254
vn -0.6069 0 0.79478
vn -0.51453 0 0.85747
vn -0.35965 0 0.93309
vn -0.19415 0 0.98097
vn -0.21362 0.00056 0.97692
vn -0.35965 -0.0012 0.93309
vn -0.30983 0.00239 0.95079
vn -0.43711 -0.00077 0.89941
vn -0.51453 0.00116 0.85747
vn -0.55613 -0.00055 0.8311
vn -0.61911 0.00026 0.78531
vn -0.17686 0 0.98424
vn -0.10889 0 0.99405
vn -0.10889 -0 0.99405
vn -0.10888 0 0.99405
vn -0.0898 -0 -0.99596
vn -0.99063 -0 -0.13654
vn -0.99345 -0 -0.11423
vn -0.99577 -0 -0.09185
vn -0.66912 0 0.74315
vn -0.54925 0 0.83565
vn -0.41684 0 0.90898
vn -0.27487 0 0.96148
vn -0.12659 0 0.99195
vn 0.02457 -0 0.9997
vn -0.62632 0 0.77957
vn -0.75192 0 0.65926
vn -0.85467 0 0.51917
vn -0.93168 0 0.36328
vn -0.98052 0 0.19643
vn -0.99972 0 0.02362
vn -0.98872 0 -0.1498
vn -0.94783 0 -0.31879
vn -0.87826 0 -0.47818
vn -0.83341 0 -0.55266
vn -0.55622 0 0.83104
vn -0.9074 -0 -0.42027
vn -0.83309 -0 -0.55314
vn -0.73952 -0 -0.67314
vn -0.62893 -0 -0.77746
vn -0.50358 -0 -0.86395
vn -0.36675 -0 -0.93032
vn -0.37567 0 -0.92675
vn -0.52822 -0 -0.84911
vn -0.66546 -0 -0.74643
vn -0.78295 -0 -0.62208
vn -0.48252 0 0.87588
vn -0.32498 0 0.94572
vn -0.15785 0 0.98746
vn 0.01406 0 0.9999
vn 0.10017 -0 0.99497
vn -0.29491 -0 -0.95553
vn -0.99737 0 0.07242
vn -0.9955 0 0.09481
vn -0.99311 0 0.11719
vn -0.54536 0 0.8382
vn -0.50689 -0.00025 0.86201
vn -0.48235 -0.00056 0.87598
vn -0.46772 -0.00018 0.88387
vn -0.36356 0.00049 0.93157
vn -0.37715 -0.0004 0.92615
vn -0.21878 0.00039 0.97577
vn -0.22982 -0.00029 0.97323
vn -0.06895 0.00029 0.99762
vn -0.07707 -0.00019 0.99703
vn 0.08241 0.00019 0.9966
vn 0.07756 -9E-05 0.99699
vn 0.23029 9E-05 0.97312
vn 0.23188 0 0.97274
vn 0.08241 0 0.9966
vn -0.06895 0 0.99762
vn -0.21878 0 0.97577
vn -0.36356 0 0.93157
vn -0.49993 0 0.86607
vn -0.45059 0 0.89273
vn -0.59837 0 0.80122
vn -0.7281 0 0.68547
vn -0.83579 0 0.54904
vn -0.91829 0 0.39592
vn -0.97295 0 0.23102
vn -0.99826 0 0.05897
vn -0.99339 0 -0.11475
vn -0.95849 0 -0.28511
vn -0.9301 0 -0.36732
vn -0.9301 0 -0.36731
vn -0.93009 0 -0.36733
vn -0.37127 0 0.92852
vn -0.97493 -0 -0.22251
vn -0.92991 -0 -0.36778
vn -0.86336 -0 -0.50459
vn -0.77679 -0 -0.62976
vn -0.6722 -0 -0.74037
vn -0.55221 -0 -0.8337
vn -0.55185 0.00056 -0.83394
vn -0.56015 0 -0.82839
vn -0.69321 -0 -0.72074
vn -0.80607 -0 -0.59183
vn -0.89528 -0 -0.44551
vn -0.88611 0.00057 -0.46347
vn -0.88159 0.00027 -0.47201
vn -0.84239 -0.00017 -0.53887
vn -0.80607 0.00109 -0.59183
vn -0.77548 -0.00073 -0.63137
vn -0.69321 0.00086 -0.72074
vn -0.67135 -0.00043 -0.74114
vn -0.91524 0 -0.40292
vn -0.3582 0 0.93364
vn -0.33285 8E-05 0.94298
vn -0.30701 0.00024 0.95171
vn -0.28988 0.0004 0.95706
vn -0.28405 0.00035 0.95881
vn -0.26576 0.0002 0.96404
vn -0.23131 0 0.97288
vn -0.12125 0 0.99262
vn 0.05092 0 0.9987
vn 0.22168 0 0.97512
vn 0.20223 0.00056 0.97934
vn 0.05092 -0.0012 0.9987
vn 0.10364 0.00239 0.99461
vn -0.03349 -0.00077 0.99944
vn -0.12125 0.00116 0.99262
vn -0.16999 -0.00055 0.98545
vn -0.24636 0.00026 0.96918
vn 0.23881 0 0.97107
vn 0.30485 -0 0.9524
vn 0.30485 0 0.9524
vn 0.30484 0 0.9524
vn -0.48713 -0 -0.87333
vn -0.96052 0 0.27821
vn -0.95402 0 0.29973
vn -0.94704 0 0.3211
vn -0.309 0 0.95106
vn -0.16192 0 0.9868
vn -0.01106 0 0.99994
vn 0.13993 -0 0.99016
vn 0.28785 -0 0.95767
vn 0.42904 -0 0.90329
vn -0.25514 0 0.96691
vn -0.41865 0 0.90815
vn -0.56969 0 0.82186
vn -0.70342 0 0.71077
vn -0.81584 0 0.57828
vn -0.90368 0 0.42822
vn -0.96417 0 0.2653
vn -0.99554 0 0.09433
vn -0.99682 0 -0.0797
vn -0.98614 0 -0.1659
vn -0.17011 0 0.98542
vn -0.99989 -0 -0.01489
vn -0.98606 -0 -0.16641
vn -0.94936 -0 -0.31418
vn -0.89078 -0 -0.45444
vn -0.81142 -0 -0.58446
vn -0.7135 -0 -0.70065
vn -0.72009 0 -0.69388
vn -0.82791 -0 -0.56086
vn -0.9115 -0 -0.4113
vn -0.96833 -0 -0.24966
vn -0.08458 0 0.99642
vn 0.08778 0 0.99614
vn 0.25744 0 0.96629
vn 0.41955 0 0.90773
vn 0.4962 -0 0.86821
vn -0.65806 -0 -0.75297
vn -0.88169 0 0.47183
vn -0.87085 0 0.49154
vn -0.8596 0 0.51097
vn -0.15728 0 0.98755
vn -0.11257 -0.00025 0.99364
vn -0.08441 -0.00056 0.99643
vn -0.06768 -0.00018 0.99771
vn 0.04682 0.0005 0.9989
vn 0.03219 -0.0004 0.99948
vn 0.19702 0.00039 0.9804
vn 0.18589 -0.00029 0.98257
vn 0.34279 0.00029 0.93941
vn 0.33512 -0.00019 0.94218
vn 0.4806 0.00019 0.87694
vn 0.47633 -9E-05 0.87927
vn 0.60617 9E-05 0.79533
vn 0.60751 0 0.79431
vn 0.4806 0 0.87694
vn 0.34279 0 0.93941
vn 0.19702 0 0.9804
vn 0.04682 0 0.9989
vn -0.10451 0 0.99452
vn -0.0485 0 0.99882
vn -0.22075 0 0.97533
vn -0.38635 0 0.92235
vn -0.54026 0 0.8415
vn -0.67778 0 0.73527
vn -0.79486 0 0.60679
vn -0.88797 0 0.45991
vn -0.95421 0 0.29914
vn -0.99158 0 0.12953
vn -0.99909 0 0.04274
vn -0.99909 -0 0.04273
vn -0.99909 0 0.04276
vn 0.03849 0 0.99926
vn -0.98116 0 0.19321
vn -0.99911 0 0.04215
vn -0.99395 -0 -0.10985
vn -0.96579 -0 -0.25934
vn -0.91525 -0 -0.40288
vn -0.84357 -0 -0.53702
vn -0.84325 0.00056 -0.53752
vn -0.84862 0 -0.52901
vn -0.92643 -0 -0.37648
vn -0.97712 -0 -0.21269
vn -0.99908 -0 -0.043
vn -0.998 0.00057 -0.06318
vn -0.99734 0.00027 -0.07282
vn -0.98877 -0.00017 -0.14942
vn -0.97712 0.0011 -0.21269
vn -0.96525 -0.00073 -0.26133
vn -0.92642 0.00086 -0.37648
vn -0.91475 -0.00043 -0.40401
vn -0.99999 0 0.00412
vn 0.05215 -0 0.99864
vn 0.07945 8E-05 0.99684
vn 0.10701 0.00025 0.99426
vn 0.12443 0.0004 0.99223
vn 0.13003 0.00035 0.99151
vn 0.14966 0.0002 0.98874
vn 0.18435 0 0.98286
vn 0.29291 0 0.95614
vn 0.45277 0 0.89163
vn 0.59914 0 0.80065
vn 0.58308 0.00056 0.81241
vn 0.45277 -0.0012 0.89163
vn 0.49918 0.00239 0.86649
vn 0.37595 -0.00077 0.92664
vn 0.29291 0.00115 0.95614
vn 0.24558 -0.00055 0.96938
vn 0.16857 0.00027 0.98569
vn 0.61314 0 0.78997
vn 0.66587 -0 0.74607
vn 0.66587 0 0.74607
vn 0.66586 0 0.74608
vn -0.80023 -0 -0.59969
vn -0.76432 0 0.64484
vn -0.74964 0 0.66185
vn -0.73455 0 0.67855
vn 0.10455 -0 0.99452
vn 0.25345 -0 0.96735
vn 0.39662 -0 0.91798
vn 0.53057 -0 0.84764
vn 0.65247 -0 0.75781
vn 0.75937 -0 0.65066
vn 0.16025 0 0.98708
vn -0.01318 0 0.99991
vn -0.18612 0 0.98253
vn -0.35344 0 0.93546
vn -0.51013 0 0.8601
vn -0.65139 0 0.75875
vn -0.77291 0 0.63451
vn -0.87115 0 0.49101
vn -0.94299 0 0.33281
vn -0.96836 0 0.24954
vn 0.2454 0 0.96942
vn -0.91953 0 0.39301
vn -0.9685 0 0.249
vn -0.99507 0 0.09919
vn -0.9986 -0 -0.05281
vn -0.979 -0 -0.20386
vn -0.93678 -0 -0.34992
vn -0.94009 0 -0.34092
vn -0.98447 -0 -0.17556
vn -0.99999 -0 -0.0051
vn -0.98618 0 0.16567
vn 0.32797 -0 0.94469
vn 0.48539 0 0.8743
vn 0.62825 0 0.77801
vn 0.75243 0 0.65867
vn 0.80643 -0 0.59132
vn -0.90742 -0 -0.42022
vn -0.61355 0 0.78965
vn -0.59564 0 0.80325
vn -0.57744 0 0.81643
vn 0.25793 -0 0.96616
vn 0.30131 -0.00025 0.95352
vn 0.32815 -0.00056 0.94463
vn 0.34401 -0.00018 0.93896
vn 0.4491 0.0005 0.89348
vn 0.43595 -0.0004 0.89997
vn 0.57876 0.00039 0.8155
vn 0.56942 -0.00029 0.82204
vn 0.69524 0.00028 0.71878
vn 0.68937 -0.00019 0.72441
vn 0.79576 0.00019 0.60561
vn 0.7928 -0.0001 0.60949
vn 0.87725 9E-05 0.48003
vn 0.87801 0 0.47864
vn 0.79576 0 0.60561
vn 0.69524 0 0.71878
vn 0.57876 0 0.8155
vn 0.4491 0 0.89348
vn 0.30901 0 0.95106
vn 0.36192 0 0.93221
vn 0.19502 -0 0.9808
vn 0.02225 -0 0.99975
vn -0.15126 0 0.98849
vn -0.32016 0 0.94736
vn -0.47938 0 0.87761
vn -0.62415 0 0.7813
vn -0.74997 0 0.66147
vn -0.85319 0 0.5216
vn -0.89533 0 0.4454
vn -0.89533 0 0.44541
vn -0.89534 0 0.44538
vn 0.4416 0 0.89721
vn -0.81767 0 0.57569
vn -0.89559 0 0.44488
vn -0.95267 0 0.30399
vn -0.9878 0 0.15576
vn -0.99999 0 0.00423
vn -0.98907 -0 -0.14746
vn -0.989 0.00056 -0.14791
vn -0.99044 0 -0.13798
vn -0.99946 0 0.03295
vn -0.97919 0 0.20295
vn -0.93014 0 0.3672
vn -0.93739 0.00057 0.34827
vn -0.94077 0.00026 0.33904
vn -0.9641 -0.00017 0.26552
vn -0.97919 0.00109 0.20295
vn -0.98809 -0.00073 0.15386
vn -0.99946 0.00086 0.03295
vn -1 -0.00043 0.00298
vn -0.91175 0 0.41075
vn 0.45357 -0 0.89122
vn 0.47824 8E-05 0.87823
vn 0.50219 0.00025 0.86476
vn 0.51727 0.0004 0.85582
vn 0.52194 0.00035 0.85298
vn 0.53874 0.0002 0.84247
vn 0.56837 0 0.82277
vn 0.65651 0 0.75432
vn 0.77626 0 0.63041
vn 0.87297 0 0.48777
vn 0.86306 0.00056 0.50509
vn 0.77626 -0.00119 0.63041
vn 0.80847 0.00239 0.58854
vn 0.72038 -0.00077 0.69358
vn 0.65651 0.00116 0.75432
vn 0.61862 -0.00054 0.78569
vn 0.55509 0.00027 0.83179
vn 0.88144 0 0.47229
vn 0.91176 -0 0.41073
vn 0.91175 -0 0.41074
vn 0.91176 0 0.41073
vn -0.97496 -0 -0.22237
vn -0.43597 0 0.89996
vn -0.41562 0 0.90954
vn -0.39507 0 0.91865
vn 0.50002 -0 0.86601
vn 0.62503 -0 0.7806
vn 0.73566 -0 0.67735
vn 0.82948 -0 0.55853
vn 0.90429 -0 0.42692
vn 0.95836 -0 0.28555
vn 0.54782 0 0.83659
vn 0.39468 -0 0.91882
vn 0.22961 -0 0.97328
vn 0.05757 -0 0.99834
vn -0.11615 0 0.99323
vn -0.28646 0 0.95809
vn -0.44804 0 0.89402
vn -0.59607 0 0.80293
vn -0.72618 0 0.68751
vn -0.78315 0 0.62183
vn 0.61849 0 0.78579
vn -0.68017 0 0.73306
vn -0.7835 0 0.62139
vn -0.86867 0 0.49539
vn -0.93379 0 0.35783
vn -0.97727 0 0.21202
vn -0.99812 0 0.06127
vn -0.99748 0 0.07092
vn -0.97077 0 0.24
vn -0.91556 0 0.40217
vn -0.83351 0 0.5525
vn 0.68389 -0 0.72959
vn 0.79899 0 0.60135
vn 0.89039 0 0.45521
vn 0.95531 0 0.29561
vn 0.97723 -0 0.2122
vn -0.99989 -0 -0.0148
vn -0.23933 0 0.97094
vn -0.21743 0 0.97608
vn -0.19544 0 0.98072
vn 0.62867 -0 0.77767
vn 0.66317 -0.00025 0.74847
vn 0.68401 -0.00055 0.72947
vn 0.69618 -0.00018 0.71786
vn 0.77368 0.0005 0.63358
vn 0.76429 -0.0004 0.64487
vn 0.86041 0.00039 0.50961
vn 0.85456 -0.00029 0.51936
vn 0.92749 0.00029 0.37385
vn 0.92443 -0.00019 0.38135
vn 0.97329 0.00019 0.22956
vn 0.97214 -0.0001 0.23438
vn 0.99666 9E-05 0.08165
vn 0.99679 0 0.08009
vn 0.97329 0 0.22956
vn 0.92749 0 0.37385
vn 0.86041 0 0.50961
vn 0.77368 0 0.63358
vn 0.66916 0 0.74311
vn 0.70984 0 0.70436
vn 0.57707 -0 0.81669
vn 0.42695 -0 0.90427
vn 0.2639 -0 0.96455
vn 0.09284 -0 0.99568
vn -0.081 0 0.99671
vn -0.25235 0 0.96764
vn -0.41614 0 0.9093
vn -0.56733 0 0.82349
vn -0.63675 0 0.77107
vn -0.63674 0 0.77108
vn -0.63675 0 0.77107
vn 0.76835 0 0.64004
vn -0.51288 0 0.85846
vn -0.63717 0 0.77072
vn -0.74669 0 0.66517
vn -0.839 0 0.54413
vn -0.91184 0 0.41055
vn -0.96356 0 0.26749
vn -0.96369 0.00056 0.26704
vn -0.96097 0 0.27665
vn -0.89962 0 0.43666
vn -0.81196 0 0.58372
vn -0.70044 0 0.71371
vn -0.71473 0.00057 0.6994
vn -0.7216 0.00026 0.69231
vn -0.77269 -0.00017 0.63478
vn -0.81196 0.00109 0.58372
vn -0.84008 -0.00073 0.54246
vn -0.89962 0.00086 0.43666
vn -0.91231 -0.00043 0.40949
vn -0.666 0 0.74595
vn 0.77704 -0 0.62946
vn 0.79393 8E-05 0.60801
vn 0.81034 0.00025 0.58596
vn 0.82062 0.00041 0.57147
vn 0.82383 0.00035 0.56683
vn 0.83516 0.00019 0.55
vn 0.85372 0 0.52073
vn 0.90657 0 0.42206
vn 0.96556 0 0.26018
vn 0.99589 0 0.09054
vn 0.99389 0.00056 0.11036
vn 0.96556 -0.0012 0.26018
vn 0.97795 0.00239 0.20883
vn 0.94017 -0.00077 0.3407
vn 0.90657 0.00115 0.42206
vn 0.88471 -0.00055 0.46613
vn 0.84534 0.00027 0.53422
vn 0.99733 0 0.07299
vn 0.99999 -0 0.00438
vn 0.99999 -0 0.00439
vn 0.99999 0 0.00436
vn -0.98112 0 0.19342
vn -0.03223 0 0.99948
vn -0.00975 0 0.99995
vn 0.01273 0 0.99992
vn 0.80905 -0 0.58775
vn 0.88846 -0 0.45896
vn 0.94758 -0 0.31951
vn 0.98495 -0 0.17286
vn 0.99975 -0 0.02221
vn 0.99166 0 -0.12892
vn 0.84075 0 0.54143
vn 0.73426 -0 0.67887
vn 0.60562 -0 0.79576
vn 0.45867 -0 0.88861
vn 0.29784 -0 0.95462
vn 0.128 -0 0.99177
vn -0.04568 0 0.99896
vn -0.21795 0 0.97596
vn -0.38371 0 0.92346
vn -0.46253 0 0.8866
vn 0.88463 0 0.46629
vn -0.3232 0 0.94633
vn -0.46297 0 0.88637
vn -0.5921 0 0.80587
vn -0.70754 0 0.70668
vn -0.80653 0 0.5912
vn -0.8869 0 0.46196
vn -0.88242 0 0.47046
vn -0.78922 0 0.61411
vn -0.67284 0 0.73978
vn -0.53673 0 0.84376
vn 0.92153 -0 0.38832
vn 0.97451 0 0.22436
vn 0.99856 0 0.05373
vn 0.99296 0 -0.11845
vn 0.97905 0 -0.20363
vn -0.91946 0 0.39317
vn 0.17627 0 0.98434
vn 0.19837 0 0.98013
vn 0.22035 0 0.97542
vn 0.82384 0 0.56682
vn 0.84964 0 0.52737
vn 0.87354 0 0.48676
vn 0.89552 0 0.44501
vn 0.91549 0 0.40233
vn 0.93344 0 0.35872
vn 0.52206 0 0.85291
vn 0.56169 0 0.82735
vn 0.60005 0 0.79996
vn 0.63708 0 0.7708
vn 0.67272 0 0.7399
vn 0.70683 0 0.70739
vn 0.13002 0 0.99151
vn 0.17661 0 0.98428
vn 0.2228 0 0.97486
vn 0.2685 0 0.96328
vn 0.3136 0 0.94955
vn 0.358 0 0.93372
vn 0.98316 0 0.18274
vn 0.99068 0 0.13618
vn 0.996 0 0.08936
vn 0.9991 0 0.04231
vn 0.99999 0 -0.00483
vn 0.99865 0 -0.05193
vn 0.97249 0 -0.23295
vn 0.96043 0 -0.27852
vn 0.94624 0 -0.32348
vn 0.92994 0 -0.36771
vn 0.91157 0 -0.41114
vn 0.89118 0 -0.45365
vn 0.47762 0 -0.87857
vn 0.43567 0 -0.90011
vn 0.39277 0 -0.91964
vn 0.34898 0 -0.93713
vn 0.30442 0 -0.95254
vn 0.25919 0 -0.96583
vn 0.79367 0 -0.60834
vn 0.7641 0 -0.6451
vn 0.73286 0 -0.68038
vn 0.69998 0 -0.71416
vn 0.66553 0 -0.74637
vn 0.62963 0 -0.77689
vn -0.68798 0 -0.72573
vn -0.72142 0 -0.6925
vn -0.75326 0 -0.65772
vn -0.78343 0 -0.62149
vn -0.81184 0 -0.58388
vn -0.83846 0 -0.54496
vn -0.92368 0 -0.38316
vn -0.94072 0 -0.33919
vn -0.95566 0 -0.29448
vn -0.96847 0 -0.24912
vn -0.97914 0 -0.20319
vn -0.98763 0 -0.15682
vn -0.33332 0 -0.94281
vn -0.37739 0 -0.92606
vn -0.42062 0 -0.90724
vn -0.46291 0 -0.8864
vn -0.50417 0 -0.8636
vn -0.54431 0 -0.83888
vn 0.07897 0 -0.99688
vn 0.0319 0 -0.99949
vn -0.01525 0 -0.99988
vn -0.06235 0 -0.99805
vn -0.10933 0 -0.99401
vn -0.15605 0 -0.98775
vn -0.9028 0 0.43006
vn -0.88153 0 0.47212
vn -0.8583 0 0.51315
vn -0.83317 0 0.55302
vn -0.80617 0 0.59168
vn -0.77739 0 0.62902
vn -0.99967 0 0.02566
vn -0.99735 0 0.07276
vn -0.99281 0 0.11967
vn -0.98607 0 0.16635
vn -0.97713 0 0.21263
vn -0.96603 0 0.25844
vn -0.64984 0 0.76007
vn -0.61329 0 0.78986
vn -0.57538 0 0.81789
vn -0.5362 0 0.84409
vn -0.49581 0 0.86843
vn -0.45434 0 0.89083
vn -0.28451 0 0.95867
vn -0.239 0 0.97102
vn -0.19298 0 0.9812
vn -0.14651 0 0.98921
vn -0.09973 0 0.99501
vn -0.05272 0 0.99861
vn -0.5181 0 0.85532
vn -0.48136 0 0.87652
vn -0.44372 0 0.89616
vn -0.40531 0 0.91418
vn -0.36615 0 0.93056
vn -0.32633 0 0.94525
vn -0.28593 0 0.95825
vn -0.48166 -0 -0.87636
vn -0.51842 -0 -0.85513
vn -0.55424 -0 -0.83236
vn -0.58905 -0 -0.8081
vn -0.62282 -0 -0.78236
vn -0.65544 -0 -0.75525
vn -0.68692 -0 -0.72674
vn -0.99971 0 0.02417
vn -0.99983 0 -0.01826
vn -0.99816 0 -0.06066
vn -0.99468 0 -0.10298
vn -0.98942 0 -0.14507
vn -0.98237 0 -0.18695
vn -0.97356 0 -0.22845
vn -0.79646 -0 -0.60469
vn -0.82141 -0 -0.57034
vn -0.84487 -0 -0.53497
vn -0.86681 -0 -0.49864
vn -0.88718 -0 -0.46142
vn -0.90597 -0 -0.42334
vn -0.92311 -0 -0.38454
vn -0.33193 0 -0.94331
vn -0.2916 0 -0.95654
vn -0.25075 0 -0.96805
vn -0.20944 0 -0.97782
vn -0.16777 0 -0.98583
vn -0.12578 0 -0.99206
vn -0.08358 0 -0.9965
vn -0.98231 0 0.18729
vn -0.97348 0 0.22879
vn -0.96289 0 0.2699
vn -0.95057 0 0.3105
vn -0.93654 0 0.35056
vn -0.92081 0 0.39
vn -0.90344 0 0.42871
vn 0.92191 0 -0.38741
vn 0.90463 0 -0.42619
vn 0.88573 0 -0.4642
vn 0.86524 0 -0.50136
vn 0.84318 0 -0.53763
vn 0.81962 0 -0.57291
vn 0.79457 0 -0.60717
vn 0.28894 0 0.95735
vn 0.3293 0 0.94423
vn 0.36906 0 0.9294
vn 0.40817 0 0.91291
vn 0.44654 0 0.89477
vn 0.4841 0 0.87501
vn 0.5208 0 0.85368
vn -0.65096 0 0.75911
vn -0.68259 0 0.73081
vn -0.71299 0 0.70118
vn -0.7421 0 0.67029
vn -0.76987 0 0.6382
vn -0.79625 0 0.60497
vn -0.82121 0 0.57062
vn 0.823 -0 0.56805
vn 0.79815 -0 0.60246
vn 0.77186 -0 0.63579
vn 0.74419 -0 0.66796
vn 0.71518 -0 0.69894
vn 0.68488 -0 0.72866
vn 0.65335 -0 0.75706
vn 0.90479 0 0.42587
vn 0.92204 0 0.38709
vn 0.93763 0 0.34762
vn 0.95154 0 0.30753
vn 0.96373 0 0.26687
vn 0.97419 0 0.22574
vn 0.98289 0 0.18419
vn 0.12855 -0 0.9917
vn 0.08635 -0 0.99626
vn 0.044 -0 0.99903
vn 0.00157 -0 1
vn -0.04086 0 0.99916
vn -0.08323 0 0.99653
vn -0.12543 0 0.9921
vn 0.47892 0 -0.87786
vn 0.51573 0 -0.85675
vn 0.55162 0 -0.8341
vn 0.58652 0 -0.80994
vn 0.62035 0 -0.78432
vn 0.65307 0 -0.7573
vn 0.68462 0 -0.7289
vn 0.97283 0 -0.23151
vn 0.98178 0 -0.19002
vn 0.98896 0 -0.14819
vn 0.99436 0 -0.10609
vn 0.99796 0 -0.0638
vn 0.99977 0 -0.02139
vn 0.99978 -0 0.02104
vn 0.32896 0 -0.94434
vn 0.2886 0 -0.95745
vn 0.24771 0 -0.96883
vn 0.20638 0 -0.97847
vn 0.16467 0 -0.98635
vn 0.12267 0 -0.99245
vn 0.08045 0 -0.99676
vn -0.71934 0 -0.69466
vn -0.71934 0 -0.69466
vn -0.71934 0 -0.69466
vn -0.71934 0 -0.69466
vn -0.71943 0 -0.69457
vn 0.71934 0 0.69466
vn 0.71934 -0 0.69466
vn 0.71935 0 0.69465
vn -0.0349 0 0.99939
vn -0.0349 0 0.99939
vn -0.0349 0 0.99939
vn 0.0349 0 -0.99939
vn 0.0349 0 -0.99939
vn 0.0349 0 -0.99939
vn 0.0349 0 -0.99939
vn 0.03489 0 -0.99939
vn -0.37461 0 -0.92718
vn -0.37461 0 -0.92718
vn -0.37461 0 -0.92718
vn -0.37461 0 -0.92718
vn -0.37463 0 -0.92718
vn 0.37461 0 0.92718
vn 0.37461 -0 0.92718
vn 0.37461 0 0.92718
vn -0.99027 -0 -0.13917
vn -0.99027 0 -0.13917
vn -0.99027 0 -0.13918
vn 0.99027 -0 0.13917
vn 0.99027 -0 0.13917
vn 0.99027 0 0.13918
vn 0.99027 -0 0.13917
vn 0.99025 -0 0.13928
vn 0.76604 0 -0.64279
vn 0.76604 -0 -0.64279
vn 0.76605 0 -0.64279
vn 0.76604 0 -0.64279
vn 0.76604 0 -0.6428
vn -0.76604 0 0.64279
vn -0.76604 -0 0.64279
vn -0.76604 0 0.64279
vn 0.96126 0 -0.27564
vn 0.96126 -0 -0.27564
vn 0.96126 -0 -0.27564
vn 0.96126 -0 -0.27564
vn 0.9613 0 -0.27552
vn -0.96126 0 0.27564
vn -0.96126 -0 0.27564
vn -0.96126 0 0.27564
vn -0.55919 -0 -0.82904
vn -0.55919 -0 -0.82904
vn -0.5592 0 -0.82903
vn 0.55919 -0 0.82904
vn 0.55919 0 0.82904
vn 0.55919 -0 0.82904
vn 0.5592 -0 0.82904
vn 0.55912 -0 0.82909
vn 0.84805 -0 0.52992
vn 0.84805 0 0.52992
vn 0.84805 0 0.52992
vn 0.84806 -0 0.52991
vn 0.84801 -0 0.52999
vn -0.84805 -0 -0.52992
vn -0.84805 0 -0.52992
vn -0.84805 0 -0.52992
vn 0.43837 0 -0.89879
vn 0.43837 0 -0.89879
vn 0.43837 -0 -0.89879
vn 0.43837 0 -0.89879
vn 0.43837 0 -0.89879
vn -0.43837 0 0.89879
vn -0.43837 0 0.89879
vn -0.43837 0 0.89879
vn -0.24192 0 0.9703
vn -0.24192 -0 0.9703
vn -0.24192 -0 0.9703
vn -0.24192 -0 0.9703
vn -0.24197 0 0.97028
vn 0.24192 0 -0.9703
vn 0.24192 0 -0.9703
vn 0.24192 0 -0.9703
vn 0.99756 0 -0.06976
vn 0.99756 -0 -0.06976
vn 0.99756 0 -0.06977
vn -0.99756 0 0.06976
vn -0.99756 -0 0.06976
vn -0.99756 -0 0.06975
vn -0.99756 -0 0.06975
vn -0.99758 0 0.06952
vn -0.88295 0 0.46947
vn -0.88295 -0 0.46947
vn -0.88295 0 0.46947
vn -0.88295 0 0.46947
vn -0.88284 0 0.46968
vn 0.88295 0 -0.46947
vn 0.88295 0 -0.46947
vn 0.88295 0 -0.46947
vn -0.61566 0 0.78801
vn -0.61566 -0 0.78801
vn -0.61566 0 0.78801
vn -0.61567 0 0.78801
vn -0.6155 0 0.78813
vn 0.61566 0 -0.78801
vn 0.61566 -0 -0.78801
vn 0.61565 0 -0.78802
vn -0.93969 0 -0.34202
vn -0.93969 -0 -0.34202
vn -0.93969 0 -0.34202
vn -0.93969 -0 -0.34202
vn -0.93965 0 -0.34213
vn 0.93969 0 0.34202
vn 0.93969 -0 0.34202
vn 0.93969 0 0.34202
vn 0.17365 -0 0.98481
vn 0.17365 -0 0.98481
vn 0.17365 -0 0.98481
vn 0.17365 0 0.98481
vn 0.1737 -0 0.9848
vn -0.17365 -0 -0.98481
vn -0.17365 0 -0.98481
vn -0.17364 0 -0.98481
vn -0.40678 -0 -0.91353
vn -0.40674 -0 -0.91354
vn -0.40674 0 -0.91354
vn -0.40674 0 -0.91354
vn 0.17365 0 0.98481
vn -0.55919 0 -0.82904
vn -0.24192 0 0.9703
vn -0.93969 0 -0.34202
vn -0.71934 0 -0.69466
vn 0.43837 0 -0.89879
vn -0.0349 0 0.99939
vn -0.37461 0 -0.92718
vn 0.71934 0 0.69466
vn 0.4067 0 -0.91356
vn 0.40674 -0 -0.91355
vn 0.40674 -0 -0.91354
vn 0.40674 0 -0.91355
vn 0.0349 0 -0.99939
vn 0.95118 0 -0.30865
vn 0.95106 0 -0.30902
vn 0.95106 0 -0.30902
vn 0.95106 0 -0.30901
vn 0.37461 0 0.92718
vn 0.74305 0 -0.66923
vn 0.74314 -0 -0.66913
vn 0.74315 -0 -0.66913
vn 0.74314 0 -0.66913
vn 0.76604 0 -0.64279
vn 0.84805 0 0.52992
vn -0.99027 0 -0.13917
vn 0.86601 0 0.50002
vn 0.86602 0 0.5
vn 0.86604 1E-05 0.49998
vn 0.86603 0 0.5
vn 0.96126 0 -0.27564
vn 0.99027 0 0.13917
vn 0.20804 0 0.97812
vn 0.20791 -0 0.97815
vn 0.20791 0 0.97815
vn 0.20791 0 0.97815
vn -0.76604 0 0.64279
vn 0.58798 0 0.80888
vn 0.58778 -0 0.80902
vn 0.58779 0 0.80901
vn 0.58779 0 0.80902
vn 0.55919 0 0.82904
vn -0.58775 0 0.80905
vn -0.58779 -0 0.80902
vn -0.58777 1E-05 0.80903
vn -0.58778 0 0.80902
vn -0.84805 0 -0.52992
vn -0.20794 0 0.97814
vn -0.20791 0 0.97815
vn -0.20791 -0 0.97815
vn -0.20791 0 0.97815
vn -0.43837 0 0.89879
vn 0.99449 0 0.10487
vn 0.99452 0 0.10453
vn 0.99452 1E-05 0.10451
vn 0.99452 0 0.10453
vn 0.99756 0 -0.06976
vn -0.99448 0 0.10489
vn -0.99452 -0 0.10453
vn -0.99452 -1E-05 0.10451
vn -0.99452 0 0.10453
vn 0.24192 0 -0.9703
vn -0.61566 0 0.78801
vn -0.88295 0 0.46947
vn -0.74273 -0 -0.6696
vn -0.74315 0 -0.66913
vn -0.74313 -1E-05 -0.66915
vn -0.74314 0 -0.66913
vn -0.99756 0 0.06976
vn 0.88295 0 -0.46947
vn 0.61566 0 -0.78801
vn -0.95113 -0 -0.3088
vn -0.95105 -0 -0.30902
vn -0.95107 2E-05 -0.30897
vn -0.95106 0 -0.30901
vn 0.93969 0 0.34202
vn 0 0 -1
vn -0.17365 0 -0.98481
vn -0.86616 0 0.49976
vn -0.86603 0 0.5
vn -0.86602 1E-05 0.50001
vn -0.86603 0 0.5
vn 0.20284 0.69238 -0.69244
vn 0.12454 0.73121 -0.67069
vn 0.15035 0.68875 -0.70923
vn 0.1005 0.71162 -0.69533
vn 0.05858 0.70101 -0.71074
vn 0.04064 0.70942 -0.70361
vn -0.01359 0.70364 -0.71043
vn -0.01951 0.70679 -0.70715
vn -0.08505 0.70665 -0.70243
vn -0.0792 0.70281 -0.70695
vn -0.15478 0.7108 -0.68615
vn -0.13739 0.69523 -0.70554
vn -0.19629 0.71163 -0.67458
vn -0.22744 0.69805 -0.67897
vn -0.25304 0.71453 -0.65224
vn -0.29724 0.69238 -0.65746
vn 0.06976 0 0.99756
vn 0.06976 0 0.99756
vn 0.06975 0 0.99756
vn 0.06976 0 0.99756
vn 0.06975 0 0.99756
vn 0.06975 0 0.99756
vn 0.06976 0 0.99756
vn 0.06975 0 0.99756
vn 0.06976 -0 0.99756
vn 0.15943 -0.67292 -0.72232
vn 0.12454 -0.73121 -0.67069
vn 0.09052 -0.66541 -0.74097
vn 0.05556 -0.7366 -0.67404
vn 0.0195 -0.65719 -0.75347
vn -0.01282 -0.74221 -0.67004
vn -0.04832 -0.72122 -0.69102
vn -0.12417 -0.65719 -0.74343
vn -0.08056 -0.74221 -0.66531
vn -0.19276 -0.66541 -0.72116
vn -0.14882 -0.7366 -0.65975
vn -0.25842 -0.67292 -0.69311
vn -0.21667 -0.73122 -0.64682
vn -0.29724 -0.69238 -0.65746
vn 0.20284 -0.69238 -0.69244
vn -0.41196 -0 -0.9112
vn -0.31763 -0 -0.94821
vn -0.22004 -0 -0.97549
vn -0.12021 -0 -0.99275
vn -0.01913 -0 -0.99982
vn 0.08215 0 -0.99662
vn 0.18257 0 -0.98319
vn 0.28113 0 -0.95967
vn 0.71891 -0.66597 0.19914
vn 0.65662 -0.73835 0.15391
vn 0.73836 -0.66194 0.12907
vn 0.66559 -0.74121 0.08716
vn 0.75113 -0.65768 0.05714
vn 0.66778 -0.74408 0.02017
vn 0.75696 -0.65326 -0.01607
vn 0.66324 -0.74697 -0.04637
vn 0.68742 -0.72164 -0.08176
vn 0.73588 -0.65766 -0.16114
vn 0.6585 -0.74406 -0.11293
vn 0.71323 -0.66192 -0.23059
vn 0.647 -0.74119 -0.17895
vn 0.68422 -0.66594 -0.29727
vn 0.62879 -0.73838 -0.24378
vn 0.64447 -0.69106 -0.32727
vn 0.68376 -0.69103 0.2344
vn 0.89162 0 -0.45278
vn 0.93238 0 -0.36149
vn 0.96381 0 -0.26658
vn 0.98561 0 -0.16903
vn 0.99757 0 -0.06974
vn 0.99954 0 0.03019
vn 0.99154 0 0.12984
vn 0.97361 0 0.22822
vn 0.94596 0 0.32428
vn 0.68375 0.69105 0.23439
vn 0.67492 0.70847 0.20629
vn 0.69192 0.70352 0.16219
vn 0.69634 0.69745 0.16936
vn 0.68471 0.72328 0.08966
vn 0.71007 0.694 0.11901
vn 0.69401 0.71966 0.02096
vn 0.71787 0.69422 0.05205
vn 0.69394 0.7184 -0.04851
vn 0.72028 0.6935 -0.01618
vn 0.69814 0.71103 -0.08389
vn 0.70152 0.70242 -0.12031
vn 0.68597 0.71142 -0.15273
vn 0.6867 0.70169 -0.18994
vn 0.66634 0.71252 -0.21978
vn 0.66599 0.69745 -0.26461
vn 0.66262 0.70352 -0.2569
vn 0.63964 0.70847 -0.29821
vn 0.64447 0.69106 -0.32727
vn -0.99757 0 0.06973
vn -0.99756 0 0.06976
vn -0.99756 0 0.06975
vn -0.99756 0 0.06978
vn -0.99757 0 0.06973
vn -0.99756 0 0.06977
vn -0.99756 0 0.06977
vn -0.99756 0 0.06976
vn -0.99756 0 0.06975
vn -0.99756 0 0.06975
vn -0.99756 0 0.06976
vn -0.99756 0 0.06977
usemtl mat2
f 1//1 3//1 4//1
f 2//1 5//1 6//1
f 2//1 6//1 3//1
f 5//1 7//1 6//1
f 6//1 7//1 8//1
f 6//1 8//1 9//1
f 6//1 9//1 10//1
f 10//1 9//1 11//1
f 11//1 9//1 12//1
f 12//1 9//1 13//1
f 13//1 9//1 14//1
f 13//1 14//1 15//1
f 15//1 14//1 16//1
f 15//1 16//1 17//1
f 17//1 16//1 18//1
f 18//1 16//1 19//1
f 19//1 16//1 20//1
f 19//1 20//1 21//1
f 21//1 20//1 22//1
f 21//1 22//1 23//1
f 23//1 22//1 24//1
f 23//1 24//1 25//1
f 25//1 24//1 26//1
f 25//1 26//1 27//1
f 27//1 26//1 28//1
f 27//1 28//1 29//1
f 29//1 28//1 30//1
f 29//1 30//1 31//1
f 31//1 30//1 32//1
f 31//1 32//1 33//1
f 33//1 32//1 34//1
f 33//1 34//1 35//1
f 35//1 34//1 36//1
f 36//1 37//1 35//1
f 35//1 37//1 38//1
f 35//1 38//1 39//1
f 39//1 38//1 40//1
f 39//1 40//1 41//1
f 39//1 41//1 42//1
f 40//1 43//1 44//1
f 40//1 44//1 45//1
f 43//1 46//1 47//1
f 43//1 47//1 44//1
f 46//1 48//1 47//1
f 47//1 48//1 49//1
f 47//1 49//1 50//1
f 50//1 49//1 51//1
f 50//1 51//1 52//1
f 52//1 51//1 53//1
f 52//1 53//1 54//1
f 54//1 53//1 55//1
f 54//1 55//1 56//1
f 56//1 55//1 57//1
f 56//1 57//1 58//1
f 58//1 57//1 59//1
f 58//1 59//1 60//1
f 60//1 59//1 61//1
f 60//1 61//1 62//1
f 62//1 61//1 63//1
f 62//1 63//1 64//1
f 64//1 63//1 65//1
f 64//1 65//1 66//1
f 66//1 65//1 67//1
f 67//1 65//1 68//1
f 67//1 68//1 69//1
f 69//1 68//1 70//1
f 70//1 68//1 71//1
f 70//1 71//1 72//1
f 72//1 71//1 73//1
f 73//1 71//1 74//1
f 73//1 74//1 75//1
f 75//1 74//1 76//1
f 75//1 76//1 77//1
f 77//1 76//1 78//1
f 77//1 78//1 79//1
f 79//1 78//1 80//1
f 79//1 80//1 81//1
f 81//1 80//1 82//1
f 81//1 82//1 83//1
f 83//1 82//1 84//1
f 84//1 82//1 85//1
f 85//1 82//1 86//1
f 85//1 86//1 87//1
f 87//1 86//1 88//1
f 88//1 89//1 87//1
f 87//1 89//1 90//1
f 87//1 90//1 91//1
f 91//1 92//1 93//1
f 91//1 93//1 87//1
f 92//1 94//1 95//1
f 92//1 95//1 93//1
f 94//1 96//1 95//1
f 95//1 96//1 97//1
f 95//1 97//1 98//1
f 95//1 98//1 99//1
f 99//1 98//1 100//1
f 100//1 101//1 99//1
f 99//1 101//1 102//1
f 99//1 102//1 103//1
f 103//1 102//1 104//1
f 104//1 102//1 105//1
f 104//1 105//1 106//1
f 106//1 105//1 107//1
f 107//1 108//1 106//1
f 106//1 108//1 109//1
f 106//1 109//1 110//1
f 110//1 109//1 111//1
f 111//1 109//1 112//1
f 112//1 109//1 113//1
f 112//1 113//1 114//1
f 114//1 113//1 115//1
f 115//1 113//1 116//1
f 115//1 116//1 117//1
f 117//1 116//1 118//1
f 117//1 118//1 119//1
f 119//1 118//1 120//1
f 119//1 120//1 121//1
f 121//1 120//1 122//1
f 121//1 122//1 123//1
f 123//1 122//1 124//1
f 123//1 124//1 125//1
f 125//1 124//1 39//1
f 125//1 39//1 126//1
f 126//1 39//1 127//1
f 127//1 39//1 128//1
f 128//1 39//1 42//1
f 4//1 129//1 130//1
f 4//1 130//1 1//1
f 129//1 131//1 130//1
f 130//1 131//1 132//1
f 130//1 132//1 133//1
f 133//1 132//1 134//1
f 134//1 132//1 135//1
f 135//1 132//1 136//1
f 135//1 136//1 137//1
f 137//1 136//1 138//1
f 45//1 41//1 40//1
f 14//2 9//2 139//2
f 14//2 139//2 140//2
f 9//3 8//3 141//3
f 9//3 141//3 139//3
f 8//4 7//4 142//4
f 8//4 142//4 141//4
f 7//5 5//5 143//5
f 7//5 143//5 142//5
f 5//6 2//6 144//6
f 5//6 144//6 143//6
f 2//7 1//7 145//7
f 2//7 145//7 144//7
f 28//8 26//8 146//8
f 28//8 146//8 147//8
f 26//9 24//9 148//9
f 26//9 148//9 146//9
f 24//10 22//10 149//10
f 24//10 149//10 148//10
f 22//11 20//11 150//11
f 22//11 150//11 149//11
f 20//12 16//12 151//12
f 20//12 151//12 150//12
f 16//13 14//13 140//13
f 16//13 140//13 151//13
f 40//14 38//14 152//14
f 40//14 152//14 153//14
f 38//15 37//15 154//15
f 38//15 154//15 152//15
f 37//16 36//16 155//16
f 37//16 155//16 154//16
f 36//17 34//17 156//17
f 36//17 156//17 155//17
f 34//18 32//18 157//18
f 34//18 157//18 156//18
f 32//19 30//19 158//19
f 32//19 158//19 157//19
f 30//20 28//20 147//20
f 30//20 147//20 158//20
f 55//21 53//21 159//21
f 55//21 159//21 160//21
f 53//22 51//22 161//22
f 53//22 161//22 159//22
f 51//23 49//23 162//23
f 51//23 162//23 161//23
f 49//24 48//24 163//24
f 49//24 163//24 162//24
f 48//25 46//25 164//25
f 48//25 164//25 163//25
f 46//26 43//26 165//26
f 46//26 165//26 164//26
f 43//27 40//27 153//27
f 43//27 153//27 165//27
f 68//28 65//28 166//28
f 68//28 166//28 167//28
f 65//29 63//29 168//29
f 65//29 168//29 166//29
f 63//30 61//30 169//30
f 63//30 169//30 168//30
f 61//31 59//31 170//31
f 61//31 170//31 169//31
f 59//32 57//32 171//32
f 59//32 171//32 170//32
f 57//33 55//33 160//33
f 57//33 160//33 171//33
f 82//34 80//34 172//34
f 82//34 172//34 173//34
f 80//35 78//35 174//35
f 80//35 174//35 172//35
f 78//36 76//36 175//36
f 78//36 175//36 174//36
f 76//37 74//37 176//37
f 76//37 176//37 175//37
f 74//38 71//38 177//38
f 74//38 177//38 176//38
f 71//39 68//39 167//39
f 71//39 167//39 177//39
f 92//40 91//40 178//40
f 92//40 178//40 179//40
f 91//41 90//41 180//41
f 91//41 180//41 178//41
f 90//42 89//42 181//42
f 90//42 181//42 180//42
f 89//43 88//43 182//43
f 89//43 182//43 181//43
f 88//44 86//44 183//44
f 88//44 183//44 182//44
f 86//45 82//45 173//45
f 86//45 173//45 183//45
f 101//46 100//46 184//46
f 101//46 184//46 185//46
f 100//47 98//47 186//47
f 100//47 186//47 184//47
f 98//48 97//48 187//48
f 98//48 187//48 186//48
f 97//49 96//49 188//49
f 97//49 188//49 187//49
f 96//50 94//50 189//50
f 96//50 189//50 188//50
f 94//51 92//51 179//51
f 94//51 179//51 189//51
f 113//52 109//52 190//52
f 113//52 190//52 191//52
f 109//53 108//53 192//53
f 109//53 192//53 190//53
f 108//54 107//54 193//54
f 108//54 193//54 192//54
f 107//55 105//55 194//55
f 107//55 194//55 193//55
f 105//56 102//56 195//56
f 105//56 195//56 194//56
f 102//57 101//57 185//57
f 102//57 185//57 195//57
f 39//58 124//58 196//58
f 39//58 196//58 197//58
f 124//59 122//59 198//59
f 124//59 198//59 196//59
f 122//60 120//60 199//60
f 122//60 199//60 198//60
f 120//61 118//61 200//61
f 120//61 200//61 199//61
f 118//62 116//62 201//62
f 118//62 201//62 200//62
f 116//63 113//63 191//63
f 116//63 191//63 201//63
f 27//64 29//64 202//64
f 27//64 202//64 203//64
f 29//65 31//65 204//65
f 29//65 204//65 202//65
f 31//66 33//66 205//66
f 31//66 205//66 204//66
f 33//67 35//67 206//67
f 33//67 206//67 205//67
f 35//68 39//68 197//68
f 35//68 197//68 206//68
f 17//69 18//69 207//69
f 17//69 207//69 208//69
f 18//70 19//70 209//70
f 18//70 209//70 207//70
f 19//71 21//71 210//71
f 19//71 210//71 209//71
f 21//72 23//72 211//72
f 21//72 211//72 210//72
f 23//73 25//73 212//73
f 23//73 212//73 211//73
f 25//74 27//74 203//74
f 25//74 203//74 212//74
f 6//75 10//75 213//75
f 6//75 213//75 214//75
f 10//76 11//76 215//76
f 10//76 215//76 213//76
f 11//77 12//77 216//77
f 11//77 216//77 215//77
f 12//78 13//78 217//78
f 12//78 217//78 216//78
f 13//79 15//79 218//79
f 13//79 218//79 217//79
f 15//80 17//80 208//80
f 15//80 208//80 218//80
f 136//81 132//81 219//81
f 136//81 219//81 220//81
f 132//82 131//82 221//82
f 132//82 221//82 219//82
f 131//83 129//83 222//83
f 131//83 222//83 221//83
f 129//84 4//84 223//84
f 129//84 223//84 222//84
f 4//85 3//85 224//85
f 4//85 224//85 223//85
f 3//86 6//86 214//86
f 3//86 214//86 224//86
f 138//87 136//87 220//87
f 138//87 220//87 225//87
f 1//88 130//88 226//88
f 1//88 226//88 145//88
f 130//89 133//89 227//89
f 130//89 227//89 226//89
f 133//90 134//90 228//90
f 133//90 228//90 227//90
f 134//91 135//91 229//91
f 134//91 229//91 228//91
f 135//92 137//92 230//92
f 135//92 230//92 229//92
f 137//93 138//93 225//93
f 137//93 225//93 230//93
f 117//94 119//94 231//94
f 117//94 231//94 232//94
f 119//95 121//95 233//95
f 119//95 233//95 231//95
f 121//96 123//96 234//96
f 121//96 234//96 233//96
f 123//97 125//97 235//97
f 123//97 235//97 234//97
f 125//98 126//98 236//98
f 125//98 236//98 235//98
f 126//99 127//99 237//99
f 126//99 237//99 236//99
f 106//100 110//100 238//100
f 106//100 238//100 239//100
f 110//101 111//101 240//101
f 110//101 240//101 238//101
f 111//102 112//102 241//102
f 111//102 241//102 240//102
f 112//103 114//103 242//103
f 112//103 242//103 241//103
f 114//104 115//104 243//104
f 114//104 243//104 242//104
f 115//105 117//105 232//105
f 115//105 232//105 243//105
f 93//106 95//106 244//106
f 93//106 244//106 245//106
f 95//107 99//107 246//107
f 95//107 246//107 244//107
f 99//108 103//108 247//108
f 99//108 247//108 246//108
f 103//109 104//109 248//109
f 103//109 248//109 247//109
f 104//110 106//110 239//110
f 104//110 239//110 248//110
f 81//111 83//111 249//111
f 81//111 249//111 250//111
f 83//112 84//112 251//112
f 83//112 251//112 249//112
f 84//113 85//113 252//113
f 84//113 252//113 251//113
f 85//114 87//114 253//114
f 85//114 253//114 252//114
f 87//115 93//115 245//115
f 87//115 245//115 253//115
f 70//116 72//116 254//116
f 70//116 254//116 255//116
f 72//117 73//117 256//117
f 72//117 256//117 254//117
f 73//118 75//118 257//118
f 73//118 257//118 256//118
f 75//119 77//119 258//119
f 75//119 258//119 257//119
f 77//120 79//120 259//120
f 77//120 259//120 258//120
f 79//121 81//121 250//121
f 79//121 250//121 259//121
f 60//122 62//122 260//122
f 60//122 260//122 261//122
f 62//123 64//123 262//123
f 62//123 262//123 260//123
f 64//124 66//124 263//124
f 64//124 263//124 262//124
f 66//125 67//125 264//125
f 66//125 264//125 263//125
f 67//126 69//126 265//126
f 67//126 265//126 264//126
f 69//127 70//127 255//127
f 69//127 255//127 265//127
f 47//128 50//128 266//128
f 47//128 266//128 267//128
f 50//129 52//129 268//129
f 50//129 268//129 266//129
f 52//130 54//130 269//130
f 52//130 269//130 268//130
f 54//131 56//131 270//131
f 54//131 270//131 269//131
f 56//132 58//132 271//132
f 56//132 271//132 270//132
f 58//133 60//133 261//133
f 58//133 261//133 271//133
f 127//134 128//134 272//134
f 127//134 272//134 237//134
f 128//135 42//135 273//135
f 128//135 273//135 272//135
f 42//136 41//136 274//136
f 42//136 274//136 273//136
f 41//137 45//137 275//137
f 41//137 275//137 274//137
f 45//138 44//138 276//138
f 45//138 276//138 275//138
f 44//139 47//139 267//139
f 44//139 267//139 276//139
f 243//1 232//1 272//1
f 272//1 232//1 231//1
f 272//1 231//1 233//1
f 234//1 235//1 233//1
f 233//1 235//1 236//1
f 233//1 236//1 272//1
f 272//1 236//1 237//1
f 273//1 275//1 272//1
f 272//1 275//1 276//1
f 272//1 276//1 245//1
f 272//1 245//1 244//1
f 273//1 274//1 275//1
f 276//1 267//1 245//1
f 245//1 267//1 266//1
f 245//1 266//1 268//1
f 245//1 268//1 271//1
f 271//1 268//1 270//1
f 270//1 268//1 269//1
f 271//1 261//1 245//1
f 245//1 261//1 260//1
f 245//1 260//1 262//1
f 262//1 263//1 245//1
f 245//1 263//1 264//1
f 245//1 264//1 265//1
f 245//1 265//1 253//1
f 253//1 265//1 255//1
f 255//1 254//1 253//1
f 253//1 254//1 249//1
f 253//1 249//1 251//1
f 254//1 256//1 249//1
f 249//1 256//1 257//1
f 249//1 257//1 258//1
f 258//1 259//1 249//1
f 249//1 259//1 250//1
f 251//1 252//1 253//1
f 246//1 247//1 244//1
f 244//1 247//1 248//1
f 244//1 248//1 272//1
f 272//1 248//1 239//1
f 272//1 239//1 238//1
f 272//1 238//1 242//1
f 272//1 242//1 243//1
f 241//1 242//1 240//1
f 240//1 242//1 238//1
f 277//140 278//140 279//140
f 279//141 278//141 280//141
f 279//142 280//142 281//142
f 277//143 282//143 283//143
f 277//144 283//144 278//144
f 282//145 284//145 285//145
f 282//146 285//146 283//146
f 284//147 286//147 287//147
f 284//148 287//148 285//148
f 286//149 288//149 289//149
f 286//150 289//150 287//150
f 288//151 290//151 291//151
f 288//152 291//152 289//152
f 290//153 292//153 293//153
f 290//154 293//154 291//154
f 292//155 294//155 295//155
f 292//156 295//156 296//156
f 294//157 297//157 298//157
f 294//158 298//158 295//158
f 297//159 299//159 300//159
f 297//160 300//160 298//160
f 299//161 301//161 302//161
f 299//162 302//162 300//162
f 301//163 303//163 304//163
f 301//164 304//164 302//164
f 303//165 305//165 306//165
f 303//166 306//166 304//166
f 305//167 307//167 308//167
f 305//168 308//168 306//168
f 307//169 309//169 310//169
f 307//170 310//170 308//170
f 309//171 311//171 312//171
f 309//172 312//172 310//172
f 311//173 313//173 314//173
f 311//174 314//174 312//174
f 313//175 315//175 316//175
f 313//176 316//176 314//176
f 315//177 317//177 318//177
f 315//178 318//178 316//178
f 317//179 319//179 320//179
f 317//180 320//180 318//180
f 319//181 321//181 322//181
f 319//182 322//182 320//182
f 321//183 323//183 324//183
f 321//184 324//184 325//184
f 323//185 326//185 327//185
f 323//186 327//186 324//186
f 326//187 328//187 329//187
f 326//188 329//188 327//188
f 328//189 330//189 331//189
f 328//190 331//190 329//190
f 330//191 332//191 333//191
f 330//192 333//192 331//192
f 332//193 334//193 335//193
f 332//194 335//194 333//194
f 334//195 336//195 337//195
f 334//196 337//196 335//196
f 336//197 338//197 339//197
f 336//198 339//198 337//198
f 338//199 340//199 341//199
f 338//200 341//200 339//200
f 340//201 342//201 343//201
f 340//202 343//202 341//202
f 342//203 344//203 345//203
f 342//204 345//204 343//204
f 344//205 346//205 347//205
f 344//206 347//206 345//206
f 346//207 348//207 349//207
f 346//208 349//208 347//208
f 348//209 350//209 351//209
f 348//210 351//210 352//210
f 350//211 353//211 354//211
f 350//212 354//212 351//212
f 353//213 355//213 356//213
f 353//214 356//214 354//214
f 355//215 357//215 358//215
f 355//216 358//216 356//216
f 357//217 359//217 360//217
f 357//218 360//218 358//218
f 359//219 361//219 362//219
f 359//220 362//220 360//220
f 361//221 363//221 364//221
f 361//222 364//222 362//222
f 363//223 365//223 366//223
f 363//224 366//224 364//224
f 365//225 367//225 368//225
f 365//226 368//226 366//226
f 367//227 369//227 370//227
f 367//228 370//228 368//228
f 369//229 371//229 372//229
f 369//230 372//230 370//230
f 371//231 373//231 374//231
f 371//232 374//232 372//232
f 373//233 375//233 376//233
f 373//234 376//234 374//234
f 375//235 377//235 378//235
f 375//236 378//236 376//236
f 377//237 379//237 380//237
f 377//238 380//238 381//238
f 379//239 382//239 383//239
f 379//240 383//240 380//240
f 382//241 384//241 385//241
f 382//242 385//242 383//242
f 384//243 386//243 387//243
f 384//244 387//244 385//244
f 386//245 388//245 389//245
f 386//246 389//246 387//246
f 388//247 390//247 281//247
f 388//248 281//248 389//248
f 390//249 279//249 281//249
f 381//250 378//250 377//250
f 352//251 349//251 348//251
f 325//252 322//252 321//252
f 296//253 293//253 292//253
f 391//254 392//254 393//254
f 391//255 393//255 394//255
f 391//256 394//256 395//256
f 395//257 394//257 396//257
f 395//258 396//258 397//258
f 397//259 396//259 398//259
f 397//260 398//260 399//260
f 399//261 398//261 400//261
f 399//262 400//262 401//262
f 401//263 400//263 402//263
f 401//264 402//264 403//264
f 403//265 402//265 404//265
f 403//266 404//266 405//266
f 405//267 404//267 406//267
f 405//268 406//268 407//268
f 407//269 406//269 408//269
f 407//270 408//270 409//270
f 409//271 408//271 410//271
f 409//272 410//272 411//272
f 411//273 410//273 412//273
f 412//274 410//274 413//274
f 413//275 410//275 414//275
f 413//276 414//276 415//276
f 415//277 414//277 416//277
f 415//278 416//278 417//278
f 417//279 416//279 418//279
f 417//280 418//280 419//280
f 419//281 418//281 420//281
f 419//282 420//282 421//282
f 421//283 420//283 422//283
f 421//284 422//284 423//284
f 423//285 422//285 424//285
f 423//286 424//286 425//286
f 425//287 424//287 426//287
f 425//288 426//288 427//288
f 425//289 427//289 428//289
f 392//290 429//290 430//290
f 392//291 430//291 393//291
f 393//292 430//292 295//292
f 393//293 295//293 298//293
f 429//294 431//294 432//294
f 429//295 432//295 430//295
f 430//296 432//296 296//296
f 430//297 296//297 295//297
f 431//298 433//298 434//298
f 431//299 434//299 432//299
f 432//300 434//300 293//300
f 432//301 293//301 296//301
f 433//302 435//302 436//302
f 433//303 436//303 434//303
f 434//304 436//304 291//304
f 434//305 291//305 293//305
f 435//306 437//306 438//306
f 435//307 438//307 436//307
f 436//308 438//308 289//308
f 436//309 289//309 291//309
f 437//310 439//310 440//310
f 437//311 440//311 438//311
f 438//312 440//312 287//312
f 438//313 287//313 289//313
f 439//314 441//314 442//314
f 439//315 442//315 440//315
f 440//316 442//316 285//316
f 440//317 285//317 287//317
f 441//318 443//318 444//318
f 441//319 444//319 442//319
f 442//320 444//320 283//320
f 442//321 283//321 285//321
f 443//322 445//322 446//322
f 443//323 446//323 444//323
f 444//324 446//324 278//324
f 444//325 278//325 283//325
f 445//326 447//326 448//326
f 445//327 448//327 446//327
f 446//328 448//328 280//328
f 446//329 280//329 278//329
f 447//330 449//330 450//330
f 447//331 450//331 448//331
f 448//332 450//332 281//332
f 448//333 281//333 280//333
f 449//334 451//334 452//334
f 449//335 452//335 450//335
f 450//336 452//336 389//336
f 450//337 389//337 281//337
f 451//338 453//338 452//338
f 452//339 453//339 454//339
f 452//340 454//340 455//340
f 455//341 454//341 456//341
f 455//342 456//342 457//342
f 457//343 456//343 458//343
f 457//344 458//344 459//344
f 459//345 458//345 460//345
f 459//346 460//346 461//346
f 461//347 460//347 462//347
f 461//348 462//348 463//348
f 463//349 462//349 464//349
f 463//350 464//350 465//350
f 465//351 464//351 466//351
f 465//352 466//352 467//352
f 467//353 466//353 468//353
f 467//354 468//354 469//354
f 469//355 468//355 470//355
f 469//356 470//356 471//356
f 471//357 470//357 472//357
f 471//358 472//358 473//358
f 473//359 472//359 474//359
f 473//360 474//360 475//360
f 475//361 474//361 476//361
f 475//362 476//362 477//362
f 477//363 476//363 478//363
f 477//364 478//364 479//364
f 479//365 478//365 480//365
f 479//366 480//366 481//366
f 481//367 480//367 482//367
f 481//368 482//368 483//368
f 483//369 482//369 484//369
f 483//370 484//370 485//370
f 485//371 484//371 486//371
f 485//372 486//372 487//372
f 487//373 486//373 488//373
f 487//374 488//374 489//374
f 489//375 488//375 490//375
f 489//376 490//376 491//376
f 491//377 490//377 492//377
f 491//378 492//378 493//378
f 493//379 492//379 494//379
f 493//380 494//380 495//380
f 495//381 494//381 496//381
f 495//382 496//382 497//382
f 497//383 496//383 498//383
f 497//384 498//384 499//384
f 499//385 498//385 500//385
f 499//386 500//386 501//386
f 499//387 501//387 502//387
f 502//388 501//388 503//388
f 502//389 503//389 504//389
f 504//390 503//390 505//390
f 504//391 505//391 506//391
f 506//392 505//392 507//392
f 506//393 507//393 508//393
f 508//394 507//394 509//394
f 508//395 509//395 510//395
f 510//396 509//396 511//396
f 510//397 511//397 512//397
f 512//398 511//398 513//398
f 512//399 513//399 514//399
f 514//400 513//400 427//400
f 514//401 427//401 426//401
f 298//402 300//402 394//402
f 298//403 394//403 393//403
f 300//404 302//404 396//404
f 300//405 396//405 394//405
f 302//406 304//406 398//406
f 302//407 398//407 396//407
f 304//408 306//408 400//408
f 304//409 400//409 398//409
f 306//410 308//410 402//410
f 306//411 402//411 400//411
f 308//412 310//412 404//412
f 308//413 404//413 402//413
f 310//414 312//414 406//414
f 310//415 406//415 404//415
f 312//416 314//416 408//416
f 312//417 408//417 406//417
f 314//418 316//418 410//418
f 314//419 410//419 408//419
f 316//420 318//420 414//420
f 316//421 414//421 410//421
f 318//422 320//422 416//422
f 318//423 416//423 414//423
f 320//424 322//424 418//424
f 320//425 418//425 416//425
f 322//426 325//426 420//426
f 322//427 420//427 418//427
f 325//428 324//428 422//428
f 325//429 422//429 420//429
f 324//430 327//430 424//430
f 324//431 424//431 422//431
f 327//432 329//432 426//432
f 327//433 426//433 424//433
f 329//434 331//434 514//434
f 329//435 514//435 426//435
f 331//436 333//436 512//436
f 331//437 512//437 514//437
f 333//438 335//438 510//438
f 333//439 510//439 512//439
f 335//440 337//440 508//440
f 335//441 508//441 510//441
f 337//442 339//442 506//442
f 337//443 506//443 508//443
f 339//444 341//444 504//444
f 339//445 504//445 506//445
f 341//446 343//446 502//446
f 341//447 502//447 504//447
f 343//448 345//448 499//448
f 343//449 499//449 502//449
f 345//450 347//450 497//450
f 345//451 497//451 499//451
f 347//452 349//452 495//452
f 347//453 495//453 497//453
f 349//454 352//454 493//454
f 349//455 493//455 495//455
f 352//456 351//456 491//456
f 352//457 491//457 493//457
f 351//458 354//458 489//458
f 351//459 489//459 491//459
f 354//460 356//460 487//460
f 354//461 487//461 489//461
f 356//462 358//462 485//462
f 356//463 485//463 487//463
f 358//464 360//464 483//464
f 358//465 483//465 485//465
f 360//466 362//466 481//466
f 360//467 481//467 483//467
f 362//468 364//468 479//468
f 362//469 479//469 481//469
f 364//470 366//470 477//470
f 364//471 477//471 479//471
f 366//472 368//472 475//472
f 366//473 475//473 477//473
f 368//474 370//474 473//474
f 368//475 473//475 475//475
f 370//476 372//476 471//476
f 370//477 471//477 473//477
f 372//478 374//478 469//478
f 372//479 469//479 471//479
f 374//480 376//480 467//480
f 374//481 467//481 469//481
f 376//482 378//482 465//482
f 376//483 465//483 467//483
f 378//484 381//484 463//484
f 378//485 463//485 465//485
f 381//486 380//486 461//486
f 381//487 461//487 463//487
f 380//488 383//488 459//488
f 380//489 459//489 461//489
f 383//490 385//490 457//490
f 383//491 457//491 459//491
f 385//492 387//492 455//492
f 385//493 455//493 457//493
f 387//494 389//494 452//494
f 387//495 452//495 455//495
f 515//496 449//496 516//496
f 516//497 449//497 447//497
f 516//498 447//498 445//498
f 516//499 445//499 517//499
f 517//500 445//500 443//500
f 517//501 443//501 518//501
f 518//502 443//502 441//502
f 518//503 441//503 519//503
f 519//504 441//504 439//504
f 519//505 439//505 520//505
f 520//506 439//506 437//506
f 520//507 437//507 521//507
f 521//508 437//508 435//508
f 521//509 435//509 522//509
f 522//510 435//510 433//510
f 522//511 433//511 523//511
f 523//512 433//512 431//512
f 523//513 431//513 524//513
f 524//514 431//514 429//514
f 524//515 429//515 525//515
f 525//516 429//516 392//516
f 525//517 392//517 526//517
f 526//518 392//518 391//518
f 515//519 527//519 451//519
f 515//520 451//520 449//520
f 527//521 528//521 453//521
f 527//522 453//522 451//522
f 528//523 529//523 456//523
f 528//524 456//524 454//524
f 529//525 530//525 458//525
f 529//526 458//526 456//526
f 530//527 531//527 460//527
f 530//528 460//528 458//528
f 531//529 532//529 462//529
f 531//530 462//530 460//530
f 532//531 533//531 464//531
f 532//532 464//532 462//532
f 533//533 534//533 466//533
f 533//534 466//534 464//534
f 534//535 535//535 468//535
f 534//536 468//536 466//536
f 535//537 536//537 470//537
f 535//538 470//538 468//538
f 536//539 537//539 472//539
f 536//540 472//540 470//540
f 537//541 538//541 474//541
f 537//542 474//542 472//542
f 538//543 539//543 476//543
f 538//544 476//544 474//544
f 539//545 540//545 480//545
f 539//546 480//546 478//546
f 540//547 541//547 482//547
f 540//548 482//548 480//548
f 541//549 542//549 484//549
f 541//550 484//550 482//550
f 542//551 543//551 486//551
f 542//552 486//552 484//552
f 543//553 544//553 488//553
f 543//554 488//554 486//554
f 544//555 545//555 490//555
f 544//556 490//556 488//556
f 545//557 546//557 492//557
f 545//558 492//558 490//558
f 546//559 547//559 494//559
f 546//560 494//560 492//560
f 547//561 548//561 496//561
f 547//562 496//562 494//562
f 548//563 549//563 498//563
f 548//564 498//564 496//564
f 549//565 550//565 551//565
f 549//566 551//566 500//566
f 550//567 552//567 553//567
f 550//568 553//568 551//568
f 552//569 554//569 555//569
f 552//570 555//570 556//570
f 554//571 557//571 558//571
f 554//572 558//572 555//572
f 557//573 559//573 560//573
f 557//574 560//574 558//574
f 559//575 561//575 562//575
f 559//576 562//576 560//576
f 561//577 563//577 428//577
f 561//578 428//578 562//578
f 563//579 564//579 423//579
f 563//580 423//580 425//580
f 564//581 565//581 421//581
f 564//582 421//582 423//582
f 565//583 566//583 419//583
f 565//584 419//584 421//584
f 566//585 567//585 417//585
f 566//586 417//586 419//586
f 567//587 568//587 415//587
f 567//588 415//588 417//588
f 568//589 569//589 413//589
f 568//590 413//590 415//590
f 569//591 570//591 412//591
f 569//592 412//592 413//592
f 570//593 571//593 572//593
f 570//594 572//594 573//594
f 571//595 574//595 575//595
f 571//596 575//596 572//596
f 574//597 576//597 577//597
f 574//598 577//598 575//598
f 576//599 578//599 579//599
f 576//600 579//600 577//600
f 578//601 580//601 581//601
f 578//602 581//602 579//602
f 580//603 582//603 583//603
f 580//604 583//604 581//604
f 582//605 526//605 584//605
f 582//606 584//606 583//606
f 556//607 553//607 552//607
f 500//608 498//608 549//608
f 478//609 476//609 539//609
f 454//610 453//610 528//610
f 391//611 584//611 526//611
f 573//612 585//612 570//612
f 570//613 585//613 412//613
f 425//614 428//614 563//614
f 586//615 587//615 515//615
f 586//615 515//615 516//615
f 587//616 588//616 527//616
f 587//616 527//616 515//616
f 588//617 589//617 528//617
f 588//617 528//617 527//617
f 589//618 590//618 529//618
f 589//618 529//618 528//618
f 590//619 591//619 530//619
f 590//619 530//619 529//619
f 591//620 592//620 531//620
f 591//620 531//620 530//620
f 592//621 593//621 532//621
f 592//621 532//621 531//621
f 593//622 594//622 533//622
f 593//622 533//622 532//622
f 594//623 595//623 534//623
f 594//623 534//623 533//623
f 595//624 596//624 535//624
f 595//624 535//624 534//624
f 596//625 597//625 536//625
f 596//625 536//625 535//625
f 597//626 598//626 537//626
f 597//626 537//626 536//626
f 598//627 599//627 538//627
f 598//627 538//627 537//627
f 599//628 600//628 539//628
f 599//628 539//628 538//628
f 600//629 601//629 540//629
f 600//629 540//629 539//629
f 601//630 602//630 541//630
f 601//630 541//630 540//630
f 602//631 603//631 542//631
f 602//631 542//631 541//631
f 603//632 604//632 543//632
f 603//632 543//632 542//632
f 604//633 605//633 544//633
f 604//633 544//633 543//633
f 605//634 606//634 545//634
f 605//634 545//634 544//634
f 606//635 607//635 546//635
f 606//635 546//635 545//635
f 607//636 608//636 547//636
f 607//636 547//636 546//636
f 608//637 609//637 548//637
f 608//637 548//637 547//637
f 609//638 610//638 549//638
f 609//638 549//638 548//638
f 610//639 611//639 550//639
f 610//639 550//639 549//639
f 611//640 612//640 552//640
f 611//640 552//640 550//640
f 612//641 613//641 554//641
f 612//641 554//641 552//641
f 613//642 614//642 557//642
f 613//642 557//642 554//642
f 614//643 615//643 559//643
f 614//643 559//643 557//643
f 615//644 616//644 561//644
f 615//644 561//644 559//644
f 616//645 617//645 563//645
f 616//645 563//645 561//645
f 617//646 618//646 564//646
f 617//646 564//646 563//646
f 618//647 619//647 565//647
f 618//647 565//647 564//647
f 619//648 620//648 566//648
f 619//648 566//648 565//648
f 620//649 621//649 567//649
f 620//649 567//649 566//649
f 621//650 622//650 568//650
f 621//650 568//650 567//650
f 622//651 623//651 569//651
f 622//651 569//651 568//651
f 623//652 624//652 570//652
f 623//652 570//652 569//652
f 624//653 625//653 571//653
f 624//653 571//653 570//653
f 625//654 626//654 574//654
f 625//654 574//654 571//654
f 626//655 627//655 576//655
f 626//655 576//655 574//655
f 627//656 628//656 578//656
f 627//656 578//656 576//656
f 628//657 629//657 580//657
f 628//657 580//657 578//657
f 629//658 630//658 582//658
f 629//658 582//658 580//658
f 630//659 631//659 526//659
f 630//659 526//659 582//659
f 631//660 632//660 525//660
f 631//660 525//660 526//660
f 632//661 633//661 524//661
f 632//661 524//661 525//661
f 633//662 634//662 523//662
f 633//662 523//662 524//662
f 634//663 635//663 522//663
f 634//663 522//663 523//663
f 635//664 636//664 521//664
f 635//664 521//664 522//664
f 636//665 637//665 520//665
f 636//665 520//665 521//665
f 637//666 638//666 519//666
f 637//666 519//666 520//666
f 638//667 639//667 518//667
f 638//667 518//667 519//667
f 639//668 640//668 517//668
f 639//668 517//668 518//668
f 640//669 586//669 516//669
f 640//669 516//669 517//669
f 279//615 390//615 641//615
f 279//615 641//615 642//615
f 390//616 388//616 643//616
f 390//616 643//616 641//616
f 388//617 386//617 644//617
f 388//617 644//617 643//617
f 386//618 384//618 645//618
f 386//618 645//618 644//618
f 384//619 382//619 646//619
f 384//619 646//619 645//619
f 382//620 379//620 647//620
f 382//620 647//620 646//620
f 379//621 377//621 648//621
f 379//621 648//621 647//621
f 377//622 375//622 649//622
f 377//622 649//622 648//622
f 375//623 373//623 650//623
f 375//623 650//623 649//623
f 373//624 371//624 651//624
f 373//624 651//624 650//624
f 371//625 369//625 652//625
f 371//625 652//625 651//625
f 369//626 367//626 653//626
f 369//626 653//626 652//626
f 367//627 365//627 654//627
f 367//627 654//627 653//627
f 365//628 363//628 655//628
f 365//628 655//628 654//628
f 363//629 361//629 656//629
f 363//629 656//629 655//629
f 361//630 359//630 657//630
f 361//630 657//630 656//630
f 359//631 357//631 658//631
f 359//631 658//631 657//631
f 357//632 355//632 659//632
f 357//632 659//632 658//632
f 355//633 353//633 660//633
f 355//633 660//633 659//633
f 353//634 350//634 661//634
f 353//634 661//634 660//634
f 350//635 348//635 662//635
f 350//635 662//635 661//635
f 348//636 346//636 663//636
f 348//636 663//636 662//636
f 346//637 344//637 664//637
f 346//637 664//637 663//637
f 344//638 342//638 665//638
f 344//638 665//638 664//638
f 342//639 340//639 666//639
f 342//639 666//639 665//639
f 340//640 338//640 667//640
f 340//640 667//640 666//640
f 338//641 336//641 668//641
f 338//641 668//641 667//641
f 336//642 334//642 669//642
f 336//642 669//642 668//642
f 334//643 332//643 670//643
f 334//643 670//643 669//643
f 332//644 330//644 671//644
f 332//644 671//644 670//644
f 330//645 328//645 672//645
f 330//645 672//645 671//645
f 328//646 326//646 673//646
f 328//646 673//646 672//646
f 326//647 323//647 674//647
f 326//647 674//647 673//647
f 323//648 321//648 675//648
f 323//648 675//648 674//648
f 321//649 319//649 676//649
f 321//649 676//649 675//649
f 319//650 317//650 677//650
f 319//650 677//650 676//650
f 317//651 315//651 678//651
f 317//651 678//651 677//651
f 315//652 313//652 679//652
f 315//652 679//652 678//652
f 313//653 311//653 680//653
f 313//653 680//653 679//653
f 311//654 309//654 681//654
f 311//654 681//654 680//654
f 309//655 307//655 682//655
f 309//655 682//655 681//655
f 307//656 305//656 683//656
f 307//656 683//656 682//656
f 305//657 303//657 684//657
f 305//657 684//657 683//657
f 303//658 301//658 685//658
f 303//658 685//658 684//658
f 301//659 299//659 686//659
f 301//659 686//659 685//659
f 299//660 297//660 687//660
f 299//660 687//660 686//660
f 297//661 294//661 688//661
f 297//661 688//661 687//661
f 294//662 292//662 689//662
f 294//662 689//662 688//662
f 292//663 290//663 690//663
f 292//663 690//663 689//663
f 290//664 288//664 691//664
f 290//664 691//664 690//664
f 288//665 286//665 692//665
f 288//665 692//665 691//665
f 286//666 284//666 693//666
f 286//666 693//666 692//666
f 284//667 282//667 694//667
f 284//667 694//667 693//667
f 282//668 277//668 695//668
f 282//668 695//668 694//668
f 277//669 279//669 642//669
f 277//669 642//669 695//669
f 140//1 139//1 696//1
f 140//1 696//1 697//1
f 139//1 141//1 696//1
f 696//1 141//1 142//1
f 696//1 142//1 143//1
f 143//1 144//1 698//1
f 143//1 698//1 696//1
f 144//1 145//1 699//1
f 144//1 699//1 700//1
f 144//1 700//1 698//1
f 145//1 226//1 701//1
f 145//1 701//1 702//1
f 226//1 227//1 701//1
f 701//1 227//1 228//1
f 701//1 228//1 229//1
f 701//1 229//1 703//1
f 703//1 229//1 230//1
f 230//1 225//1 704//1
f 230//1 704//1 703//1
f 225//1 220//1 193//1
f 225//1 193//1 194//1
f 219//1 191//1 220//1
f 220//1 191//1 190//1
f 220//1 190//1 192//1
f 219//1 221//1 191//1
f 191//1 221//1 222//1
f 191//1 222//1 223//1
f 223//1 224//1 191//1
f 191//1 224//1 214//1
f 191//1 214//1 213//1
f 191//1 213//1 217//1
f 191//1 217//1 218//1
f 216//1 217//1 215//1
f 215//1 217//1 213//1
f 218//1 208//1 191//1
f 191//1 208//1 207//1
f 191//1 207//1 209//1
f 209//1 210//1 191//1
f 191//1 210//1 211//1
f 191//1 211//1 212//1
f 212//1 203//1 201//1
f 212//1 201//1 191//1
f 203//1 202//1 200//1
f 203//1 200//1 201//1
f 202//1 204//1 199//1
f 202//1 199//1 200//1
f 204//1 205//1 198//1
f 204//1 198//1 199//1
f 205//1 206//1 196//1
f 205//1 196//1 198//1
f 206//1 197//1 196//1
f 192//1 193//1 220//1
f 194//1 195//1 225//1
f 225//1 195//1 185//1
f 225//1 185//1 184//1
f 225//1 184//1 705//1
f 225//1 705//1 704//1
f 184//1 186//1 706//1
f 184//1 706//1 707//1
f 186//1 187//1 708//1
f 186//1 708//1 706//1
f 187//1 188//1 709//1
f 187//1 709//1 708//1
f 188//1 189//1 710//1
f 188//1 710//1 709//1
f 709//1 710//1 711//1
f 709//1 711//1 712//1
f 712//1 711//1 713//1
f 713//1 711//1 714//1
f 713//1 714//1 715//1
f 715//1 714//1 716//1
f 189//1 179//1 717//1
f 189//1 717//1 710//1
f 179//1 178//1 718//1
f 179//1 718//1 719//1
f 178//1 180//1 718//1
f 718//1 180//1 181//1
f 718//1 181//1 720//1
f 720//1 181//1 182//1
f 182//1 183//1 721//1
f 182//1 721//1 720//1
f 183//1 173//1 722//1
f 183//1 722//1 721//1
f 173//1 172//1 722//1
f 722//1 172//1 174//1
f 722//1 174//1 175//1
f 722//1 175//1 723//1
f 723//1 175//1 724//1
f 723//1 724//1 725//1
f 723//1 725//1 726//1
f 726//1 725//1 727//1
f 727//1 725//1 728//1
f 727//1 728//1 729//1
f 729//1 728//1 730//1
f 729//1 730//1 731//1
f 731//1 730//1 732//1
f 731//1 732//1 733//1
f 733//1 732//1 734//1
f 733//1 734//1 735//1
f 735//1 734//1 736//1
f 735//1 736//1 737//1
f 737//1 736//1 738//1
f 175//1 176//1 739//1
f 175//1 739//1 740//1
f 176//1 177//1 739//1
f 739//1 177//1 167//1
f 739//1 167//1 166//1
f 739//1 166//1 741//1
f 741//1 166//1 168//1
f 741//1 168//1 742//1
f 741//1 742//1 743//1
f 743//1 742//1 744//1
f 743//1 744//1 745//1
f 745//1 744//1 746//1
f 168//1 169//1 742//1
f 742//1 169//1 170//1
f 742//1 170//1 747//1
f 747//1 170//1 171//1
f 747//1 171//1 748//1
f 748//1 171//1 160//1
f 160//1 159//1 749//1
f 160//1 749//1 748//1
f 159//1 161//1 750//1
f 159//1 750//1 749//1
f 161//1 162//1 750//1
f 750//1 162//1 163//1
f 750//1 163//1 164//1
f 164//1 165//1 751//1
f 164//1 751//1 750//1
f 750//1 751//1 752//1
f 750//1 752//1 753//1
f 753//1 752//1 651//1
f 753//1 651//1 652//1
f 165//1 153//1 751//1
f 751//1 153//1 152//1
f 751//1 152//1 754//1
f 754//1 152//1 154//1
f 754//1 154//1 755//1
f 755//1 154//1 155//1
f 155//1 156//1 756//1
f 155//1 756//1 755//1
f 156//1 157//1 756//1
f 756//1 157//1 158//1
f 756//1 158//1 757//1
f 757//1 158//1 147//1
f 757//1 147//1 758//1
f 758//1 147//1 146//1
f 146//1 148//1 759//1
f 146//1 759//1 758//1
f 148//1 149//1 759//1
f 759//1 149//1 150//1
f 759//1 150//1 760//1
f 760//1 150//1 151//1
f 151//1 140//1 761//1
f 151//1 761//1 760//1
f 695//1 642//1 762//1
f 695//1 762//1 763//1
f 763//1 762//1 764//1
f 763//1 764//1 765//1
f 765//1 764//1 766//1
f 765//1 766//1 767//1
f 642//1 641//1 762//1
f 762//1 641//1 643//1
f 762//1 643//1 644//1
f 644//1 645//1 768//1
f 644//1 768//1 762//1
f 762//1 768//1 769//1
f 762//1 769//1 770//1
f 770//1 769//1 771//1
f 770//1 771//1 772//1
f 645//1 646//1 768//1
f 768//1 646//1 647//1
f 768//1 647//1 648//1
f 768//1 648//1 752//1
f 752//1 648//1 649//1
f 649//1 650//1 752//1
f 752//1 650//1 651//1
f 652//1 653//1 753//1
f 753//1 653//1 654//1
f 753//1 654//1 655//1
f 655//1 656//1 773//1
f 655//1 773//1 753//1
f 753//1 773//1 774//1
f 753//1 774//1 746//1
f 746//1 774//1 775//1
f 746//1 775//1 776//1
f 656//1 657//1 773//1
f 773//1 657//1 658//1
f 773//1 658//1 659//1
f 773//1 659//1 777//1
f 777//1 659//1 660//1
f 660//1 661//1 777//1
f 777//1 661//1 662//1
f 777//1 662//1 663//1
f 777//1 663//1 778//1
f 778//1 663//1 664//1
f 664//1 665//1 778//1
f 778//1 665//1 666//1
f 778//1 666//1 667//1
f 778//1 667//1 779//1
f 779//1 667//1 668//1
f 668//1 669//1 779//1
f 779//1 669//1 670//1
f 779//1 670//1 780//1
f 780//1 670//1 671//1
f 671//1 672//1 780//1
f 780//1 672//1 673//1
f 780//1 673//1 674//1
f 780//1 674//1 781//1
f 781//1 674//1 675//1
f 675//1 676//1 781//1
f 781//1 676//1 677//1
f 781//1 677//1 678//1
f 781//1 678//1 782//1
f 782//1 678//1 679//1
f 679//1 680//1 782//1
f 782//1 680//1 681//1
f 782//1 681//1 783//1
f 783//1 681//1 682//1
f 682//1 683//1 783//1
f 783//1 683//1 684//1
f 783//1 684//1 685//1
f 783//1 685//1 784//1
f 784//1 685//1 686//1
f 686//1 687//1 784//1
f 784//1 687//1 688//1
f 784//1 688//1 689//1
f 784//1 689//1 785//1
f 785//1 689//1 690//1
f 690//1 691//1 785//1
f 785//1 691//1 692//1
f 785//1 692//1 763//1
f 763//1 692//1 693//1
f 693//1 694//1 763//1
f 763//1 694//1 695//1
f 763//1 786//1 787//1
f 763//1 787//1 785//1
f 786//1 788//1 789//1
f 786//1 789//1 790//1
f 788//1 791//1 792//1
f 788//1 792//1 793//1
f 788//1 793//1 789//1
f 789//1 793//1 794//1
f 789//1 794//1 795//1
f 795//1 794//1 796//1
f 796//1 794//1 797//1
f 796//1 797//1 798//1
f 798//1 797//1 799//1
f 798//1 799//1 800//1
f 800//1 799//1 801//1
f 800//1 801//1 802//1
f 802//1 801//1 803//1
f 802//1 803//1 804//1
f 804//1 803//1 805//1
f 804//1 805//1 806//1
f 806//1 805//1 807//1
f 806//1 807//1 808//1
f 791//1 809//1 792//1
f 792//1 809//1 810//1
f 792//1 810//1 811//1
f 811//1 810//1 812//1
f 812//1 810//1 813//1
f 812//1 813//1 814//1
f 814//1 813//1 765//1
f 814//1 765//1 767//1
f 814//1 767//1 815//1
f 783//1 816//1 817//1
f 783//1 817//1 782//1
f 816//1 818//1 819//1
f 816//1 819//1 820//1
f 818//1 821//1 822//1
f 818//1 822//1 819//1
f 819//1 822//1 823//1
f 819//1 823//1 824//1
f 824//1 823//1 825//1
f 824//1 825//1 826//1
f 826//1 825//1 827//1
f 826//1 827//1 828//1
f 828//1 827//1 829//1
f 828//1 829//1 830//1
f 830//1 829//1 831//1
f 830//1 831//1 832//1
f 832//1 831//1 833//1
f 832//1 833//1 834//1
f 834//1 833//1 835//1
f 834//1 835//1 836//1
f 836//1 835//1 837//1
f 836//1 837//1 838//1
f 838//1 837//1 839//1
f 821//1 840//1 822//1
f 822//1 840//1 841//1
f 822//1 841//1 842//1
f 842//1 841//1 843//1
f 843//1 841//1 844//1
f 843//1 844//1 845//1
f 845//1 844//1 846//1
f 846//1 783//1 784//1
f 846//1 784//1 847//1
f 769//1 848//1 849//1
f 769//1 849//1 850//1
f 848//1 851//1 852//1
f 848//1 852//1 849//1
f 849//1 852//1 853//1
f 849//1 853//1 854//1
f 854//1 853//1 855//1
f 854//1 855//1 856//1
f 856//1 855//1 857//1
f 856//1 857//1 858//1
f 858//1 857//1 859//1
f 858//1 859//1 860//1
f 860//1 859//1 861//1
f 860//1 861//1 862//1
f 862//1 861//1 863//1
f 862//1 863//1 864//1
f 864//1 863//1 865//1
f 864//1 865//1 866//1
f 866//1 865//1 867//1
f 866//1 867//1 868//1
f 868//1 867//1 869//1
f 851//1 870//1 852//1
f 852//1 870//1 871//1
f 852//1 871//1 872//1
f 872//1 871//1 873//1
f 873//1 871//1 874//1
f 873//1 874//1 875//1
f 875//1 874//1 876//1
f 876//1 768//1 752//1
f 876//1 752//1 759//1
f 777//1 877//1 878//1
f 777//1 878//1 773//1
f 877//1 879//1 880//1
f 877//1 880//1 881//1
f 879//1 882//1 883//1
f 879//1 883//1 880//1
f 880//1 883//1 884//1
f 880//1 884//1 885//1
f 885//1 884//1 886//1
f 885//1 886//1 887//1
f 887//1 886//1 888//1
f 887//1 888//1 889//1
f 889//1 888//1 890//1
f 889//1 890//1 891//1
f 891//1 890//1 892//1
f 891//1 892//1 893//1
f 893//1 892//1 894//1
f 893//1 894//1 895//1
f 895//1 894//1 896//1
f 895//1 896//1 897//1
f 897//1 896//1 898//1
f 897//1 898//1 899//1
f 882//1 900//1 883//1
f 883//1 900//1 901//1
f 883//1 901//1 902//1
f 902//1 901//1 903//1
f 903//1 901//1 904//1
f 903//1 904//1 905//1
f 905//1 904//1 906//1
f 906//1 777//1 778//1
f 906//1 778//1 907//1
f 779//1 908//1 909//1
f 779//1 909//1 778//1
f 908//1 910//1 911//1
f 908//1 911//1 912//1
f 910//1 913//1 914//1
f 910//1 914//1 915//1
f 910//1 915//1 911//1
f 911//1 915//1 916//1
f 911//1 916//1 917//1
f 917//1 916//1 918//1
f 918//1 916//1 919//1
f 918//1 919//1 920//1
f 920//1 919//1 921//1
f 920//1 921//1 922//1
f 922//1 921//1 923//1
f 922//1 923//1 924//1
f 924//1 923//1 925//1
f 924//1 925//1 926//1
f 926//1 925//1 927//1
f 926//1 927//1 928//1
f 928//1 927//1 929//1
f 928//1 929//1 930//1
f 913//1 931//1 914//1
f 914//1 931//1 932//1
f 914//1 932//1 933//1
f 933//1 932//1 934//1
f 934//1 932//1 935//1
f 934//1 935//1 936//1
f 936//1 935//1 937//1
f 937//1 779//1 780//1
f 937//1 780//1 938//1
f 781//1 939//1 940//1
f 781//1 940//1 780//1
f 939//1 941//1 942//1
f 939//1 942//1 943//1
f 941//1 944//1 945//1
f 941//1 945//1 946//1
f 941//1 946//1 942//1
f 942//1 946//1 947//1
f 942//1 947//1 948//1
f 948//1 947//1 949//1
f 949//1 947//1 950//1
f 949//1 950//1 951//1
f 951//1 950//1 952//1
f 951//1 952//1 953//1
f 953//1 952//1 954//1
f 953//1 954//1 955//1
f 955//1 954//1 956//1
f 955//1 956//1 957//1
f 957//1 956//1 958//1
f 957//1 958//1 959//1
f 959//1 958//1 960//1
f 959//1 960//1 961//1
f 961//1 960//1 962//1
f 944//1 963//1 945//1
f 945//1 963//1 964//1
f 945//1 964//1 965//1
f 965//1 964//1 966//1
f 966//1 964//1 967//1
f 966//1 967//1 968//1
f 968//1 967//1 969//1
f 968//1 969//1 970//1
f 968//1 970//1 971//1
f 969//1 781//1 782//1
f 969//1 782//1 972//1
f 881//1 973//1 877//1
f 877//1 973//1 974//1
f 877//1 974//1 878//1
f 878//1 974//1 975//1
f 878//1 975//1 976//1
f 878//1 976//1 977//1
f 975//1 978//1 979//1
f 975//1 979//1 976//1
f 978//1 980//1 981//1
f 978//1 981//1 979//1
f 980//1 982//1 983//1
f 980//1 983//1 981//1
f 982//1 984//1 985//1
f 982//1 985//1 983//1
f 984//1 986//1 987//1
f 984//1 987//1 985//1
f 986//1 988//1 989//1
f 986//1 989//1 987//1
f 990//1 991//1 988//1
f 988//1 991//1 992//1
f 988//1 992//1 993//1
f 988//1 993//1 989//1
f 989//1 993//1 994//1
f 989//1 994//1 995//1
f 989//1 995//1 996//1
f 996//1 995//1 997//1
f 997//1 995//1 998//1
f 994//1 999//1 1000//1
f 994//1 1000//1 995//1
f 999//1 1001//1 1000//1
f 1000//1 1001//1 1002//1
f 1000//1 1002//1 1003//1
f 1003//1 1004//1 1000//1
f 1000//1 1004//1 1005//1
f 1000//1 1005//1 1006//1
f 1006//1 1007//1 1000//1
f 977//1 1008//1 1009//1
f 977//1 1009//1 1010//1
f 1008//1 1011//1 1009//1
f 1009//1 1011//1 1012//1
f 1009//1 1012//1 1013//1
f 1013//1 1012//1 1014//1
f 1014//1 1012//1 1015//1
f 1014//1 1015//1 1016//1
f 1016//1 1015//1 1017//1
f 1016//1 1017//1 774//1
f 774//1 1017//1 775//1
f 1012//1 1018//1 1019//1
f 1012//1 1019//1 1015//1
f 1018//1 1020//1 1021//1
f 1018//1 1021//1 1019//1
f 1020//1 1022//1 1023//1
f 1020//1 1023//1 1021//1
f 1022//1 1024//1 1025//1
f 1022//1 1025//1 1023//1
f 1024//1 1026//1 1027//1
f 1024//1 1027//1 1025//1
f 1026//1 1028//1 1029//1
f 1026//1 1029//1 1027//1
f 1028//1 1030//1 1031//1
f 1028//1 1031//1 1029//1
f 1032//1 1033//1 1030//1
f 1030//1 1033//1 1034//1
f 1030//1 1034//1 1035//1
f 1030//1 1035//1 1031//1
f 1031//1 1035//1 1036//1
f 1031//1 1036//1 1037//1
f 1031//1 1037//1 1038//1
f 1038//1 1037//1 1039//1
f 1039//1 1037//1 1040//1
f 1036//1 1041//1 1042//1
f 1036//1 1042//1 1037//1
f 1041//1 1043//1 1042//1
f 1042//1 1043//1 1044//1
f 1042//1 1044//1 1045//1
f 1045//1 1046//1 1042//1
f 1042//1 1046//1 1047//1
f 1042//1 1047//1 1048//1
f 1048//1 1049//1 1042//1
f 776//1 1050//1 1051//1
f 776//1 1051//1 745//1
f 776//1 745//1 746//1
f 1050//1 1052//1 1053//1
f 1050//1 1053//1 1051//1
f 1052//1 1054//1 1055//1
f 1052//1 1055//1 1053//1
f 1054//1 1056//1 1057//1
f 1054//1 1057//1 1055//1
f 1056//1 1058//1 1059//1
f 1056//1 1059//1 1057//1
f 1058//1 1060//1 1061//1
f 1058//1 1061//1 1059//1
f 1060//1 1062//1 1063//1
f 1060//1 1063//1 1061//1
f 1064//1 1065//1 1062//1
f 1062//1 1065//1 1066//1
f 1062//1 1066//1 1067//1
f 1062//1 1067//1 1063//1
f 1063//1 1067//1 1068//1
f 1063//1 1068//1 1069//1
f 1063//1 1069//1 1070//1
f 1070//1 1069//1 1071//1
f 1071//1 1069//1 1072//1
f 1068//1 1073//1 1074//1
f 1068//1 1074//1 1069//1
f 1073//1 1075//1 1074//1
f 1074//1 1075//1 1076//1
f 1074//1 1076//1 1077//1
f 1077//1 1078//1 1074//1
f 1074//1 1078//1 1079//1
f 1074//1 1079//1 1080//1
f 1080//1 1079//1 1081//1
f 740//1 724//1 175//1
f 738//1 1082//1 737//1
f 735//1 737//1 1083//1
f 735//1 1083//1 1084//1
f 1084//1 1083//1 1085//1
f 1085//1 1083//1 1086//1
f 1087//1 1088//1 1089//1
f 1087//1 1089//1 1083//1
f 1088//1 1090//1 1089//1
f 1089//1 1090//1 1091//1
f 1089//1 1091//1 1092//1
f 1089//1 1092//1 1093//1
f 1093//1 1092//1 1094//1
f 1093//1 1094//1 1095//1
f 1095//1 1094//1 1096//1
f 719//1 1097//1 179//1
f 179//1 1097//1 717//1
f 716//1 1098//1 1099//1
f 716//1 1099//1 715//1
f 715//1 1099//1 1100//1
f 715//1 1100//1 1101//1
f 1101//1 1100//1 1102//1
f 1102//1 1100//1 1103//1
f 1098//1 1104//1 1099//1
f 1099//1 1104//1 1105//1
f 1099//1 1106//1 1100//1
f 1100//1 1106//1 1107//1
f 1100//1 1107//1 1108//1
f 1108//1 1107//1 1109//1
f 1108//1 1109//1 1110//1
f 1110//1 1109//1 1111//1
f 1111//1 1109//1 1112//1
f 1111//1 1112//1 1113//1
f 1113//1 1112//1 1114//1
f 1113//1 1114//1 1115//1
f 707//1 705//1 184//1
f 702//1 699//1 145//1
f 699//1 1116//1 1117//1
f 699//1 1117//1 700//1
f 1116//1 1118//1 1119//1
f 1116//1 1119//1 1117//1
f 1118//1 1120//1 1121//1
f 1118//1 1121//1 1119//1
f 1120//1 1122//1 1123//1
f 1120//1 1123//1 1121//1
f 1122//1 1124//1 1125//1
f 1122//1 1125//1 1123//1
f 1124//1 1126//1 1127//1
f 1124//1 1127//1 1125//1
f 1125//1 1127//1 1128//1
f 1125//1 1128//1 1129//1
f 1129//1 1128//1 1130//1
f 1130//1 1128//1 1131//1
f 1126//1 1132//1 1127//1
f 1127//1 1132//1 1133//1
f 1127//1 1134//1 1135//1
f 1127//1 1135//1 1128//1
f 1134//1 1136//1 1137//1
f 1134//1 1137//1 1138//1
f 1137//1 1136//1 1139//1
f 1139//1 1136//1 1140//1
f 1139//1 1140//1 1141//1
f 1141//1 1140//1 1142//1
f 1141//1 1142//1 1143//1
f 1138//1 1135//1 1134//1
f 697//1 761//1 140//1
f 760//1 1144//1 875//1
f 760//1 875//1 876//1
f 760//1 876//1 759//1
f 1144//1 1145//1 1146//1
f 1144//1 1146//1 875//1
f 1145//1 1147//1 1148//1
f 1145//1 1148//1 1149//1
f 1147//1 1150//1 1151//1
f 1147//1 1151//1 1148//1
f 1150//1 1152//1 1153//1
f 1150//1 1153//1 1151//1
f 1152//1 1154//1 1155//1
f 1152//1 1155//1 1153//1
f 1154//1 1156//1 1157//1
f 1154//1 1157//1 1155//1
f 1156//1 1158//1 1159//1
f 1156//1 1159//1 1157//1
f 1157//1 1159//1 1160//1
f 1157//1 1160//1 1161//1
f 1161//1 1160//1 1162//1
f 1162//1 1160//1 1163//1
f 1158//1 1164//1 1159//1
f 1159//1 1164//1 1165//1
f 1159//1 1166//1 1167//1
f 1159//1 1167//1 1160//1
f 1168//1 1169//1 1166//1
f 1166//1 1169//1 1170//1
f 1166//1 1170//1 1171//1
f 1169//1 1168//1 1172//1
f 1172//1 1168//1 1173//1
f 1172//1 1173//1 1174//1
f 1171//1 1175//1 1166//1
f 1166//1 1175//1 1167//1
f 1149//1 1146//1 1145//1
f 869//1 1176//1 868//1
f 868//1 1177//1 1178//1
f 868//1 1178//1 1179//1
f 1180//1 1181//1 1177//1
f 1177//1 1181//1 1182//1
f 1177//1 1182//1 1183//1
f 1183//1 1184//1 1177//1
f 1177//1 1184//1 1185//1
f 1177//1 1185//1 1186//1
f 1186//1 1187//1 1177//1
f 1177//1 1187//1 1178//1
f 1179//1 1188//1 866//1
f 1179//1 866//1 868//1
f 1188//1 1189//1 866//1
f 866//1 1189//1 1190//1
f 850//1 771//1 769//1
f 772//1 1191//1 1192//1
f 772//1 1192//1 1193//1
f 772//1 1193//1 770//1
f 770//1 1193//1 1194//1
f 1194//1 1193//1 1195//1
f 1194//1 1195//1 1196//1
f 1196//1 1195//1 1197//1
f 1191//1 1198//1 1199//1
f 1191//1 1199//1 1192//1
f 1198//1 1200//1 1201//1
f 1198//1 1201//1 1199//1
f 1200//1 1202//1 1203//1
f 1200//1 1203//1 1201//1
f 1202//1 1204//1 1205//1
f 1202//1 1205//1 1203//1
f 1204//1 1206//1 1207//1
f 1204//1 1207//1 1205//1
f 1206//1 1208//1 1209//1
f 1206//1 1209//1 1207//1
f 1208//1 1210//1 1211//1
f 1208//1 1211//1 1209//1
f 1209//1 1211//1 1212//1
f 1209//1 1212//1 1213//1
f 1210//1 1214//1 1211//1
f 1211//1 1214//1 1215//1
f 1211//1 1216//1 1217//1
f 1211//1 1217//1 1212//1
f 1218//1 1219//1 1216//1
f 1216//1 1219//1 1220//1
f 1216//1 1220//1 1221//1
f 1221//1 1222//1 1216//1
f 1216//1 1222//1 1223//1
f 1216//1 1223//1 1224//1
f 1224//1 1225//1 1216//1
f 1216//1 1225//1 1217//1
f 1213//1 1226//1 1209//1
f 1209//1 1226//1 1227//1
f 1197//1 1228//1 1229//1
f 1197//1 1229//1 1196//1
f 1228//1 1230//1 1231//1
f 1228//1 1231//1 1232//1
f 1230//1 1233//1 1234//1
f 1230//1 1234//1 1231//1
f 1233//1 1235//1 1236//1
f 1233//1 1236//1 1234//1
f 1235//1 1237//1 1238//1
f 1235//1 1238//1 1236//1
f 1237//1 1239//1 1240//1
f 1237//1 1240//1 1238//1
f 1239//1 1241//1 1242//1
f 1239//1 1242//1 1240//1
f 1241//1 1243//1 1244//1
f 1241//1 1244//1 1242//1
f 1243//1 1245//1 1246//1
f 1243//1 1246//1 1244//1
f 1244//1 1246//1 1247//1
f 1244//1 1247//1 1248//1
f 1245//1 1249//1 1246//1
f 1246//1 1249//1 1250//1
f 1246//1 1251//1 1252//1
f 1246//1 1252//1 1247//1
f 1253//1 1254//1 1251//1
f 1251//1 1254//1 1255//1
f 1251//1 1255//1 1256//1
f 1256//1 1257//1 1251//1
f 1251//1 1257//1 1258//1
f 1251//1 1258//1 1259//1
f 1259//1 1260//1 1251//1
f 1251//1 1260//1 1252//1
f 1248//1 1261//1 1244//1
f 1244//1 1261//1 1262//1
f 1232//1 1263//1 764//1
f 1232//1 764//1 1264//1
f 1263//1 766//1 764//1
f 815//1 1265//1 1266//1
f 815//1 1266//1 814//1
f 1265//1 1267//1 1268//1
f 1265//1 1268//1 1269//1
f 1267//1 1270//1 1271//1
f 1267//1 1271//1 1268//1
f 1270//1 1272//1 1273//1
f 1270//1 1273//1 1271//1
f 1272//1 1274//1 1275//1
f 1272//1 1275//1 1273//1
f 1274//1 1276//1 1277//1
f 1274//1 1277//1 1275//1
f 1277//1 1276//1 1278//1
f 1277//1 1278//1 1279//1
f 1280//1 1278//1 1281//1
f 1281//1 1278//1 1276//1
f 1279//1 1282//1 1283//1
f 1279//1 1283//1 1277//1
f 1277//1 1283//1 1284//1
f 1285//1 1286//1 1282//1
f 1282//1 1286//1 1287//1
f 1282//1 1287//1 1288//1
f 1288//1 1289//1 1282//1
f 1282//1 1289//1 1290//1
f 1282//1 1290//1 1291//1
f 1291//1 1292//1 1282//1
f 1282//1 1292//1 1293//1
f 1282//1 1293//1 1283//1
f 1284//1 1294//1 1277//1
f 1277//1 1294//1 1295//1
f 1269//1 1266//1 1265//1
f 1296//1 1297//1 805//1
f 805//1 1297//1 807//1
f 808//1 1298//1 1299//1
f 808//1 1299//1 806//1
f 806//1 1299//1 1300//1
f 1301//1 1302//1 1298//1
f 1298//1 1302//1 1303//1
f 1298//1 1303//1 1304//1
f 1304//1 1305//1 1298//1
f 1298//1 1305//1 1306//1
f 1298//1 1306//1 1307//1
f 1307//1 1308//1 1298//1
f 1298//1 1308//1 1309//1
f 1298//1 1309//1 1299//1
f 1300//1 1310//1 806//1
f 806//1 1310//1 1311//1
f 790//1 1312//1 786//1
f 786//1 1312//1 1313//1
f 786//1 1313//1 787//1
f 787//1 1313//1 1314//1
f 787//1 1314//1 1315//1
f 787//1 1315//1 1316//1
f 1316//1 1315//1 1317//1
f 1316//1 1317//1 1318//1
f 1318//1 1317//1 1319//1
f 1314//1 1320//1 1321//1
f 1314//1 1321//1 1315//1
f 1320//1 1322//1 1323//1
f 1320//1 1323//1 1321//1
f 1322//1 1324//1 1325//1
f 1322//1 1325//1 1323//1
f 1324//1 1326//1 1327//1
f 1324//1 1327//1 1328//1
f 1326//1 1329//1 1330//1
f 1326//1 1330//1 1327//1
f 1329//1 1331//1 1332//1
f 1329//1 1332//1 1330//1
f 1333//1 1334//1 1331//1
f 1331//1 1334//1 1335//1
f 1331//1 1335//1 1336//1
f 1331//1 1336//1 1332//1
f 1332//1 1336//1 1337//1
f 1332//1 1337//1 1338//1
f 1338//1 1337//1 1339//1
f 1338//1 1339//1 1340//1
f 1340//1 1339//1 1341//1
f 1341//1 1342//1 1340//1
f 1340//1 1342//1 1343//1
f 1340//1 1343//1 1344//1
f 1344//1 1345//1 1340//1
f 1340//1 1345//1 1346//1
f 1340//1 1346//1 1347//1
f 1338//1 1348//1 1332//1
f 1332//1 1348//1 1349//1
f 1332//1 1349//1 1350//1
f 1328//1 1325//1 1324//1
f 1319//1 1351//1 1352//1
f 1319//1 1352//1 1318//1
f 1351//1 1353//1 1354//1
f 1351//1 1354//1 1355//1
f 1353//1 1356//1 1357//1
f 1353//1 1357//1 1354//1
f 1356//1 1358//1 1359//1
f 1356//1 1359//1 1357//1
f 1358//1 1360//1 1361//1
f 1358//1 1361//1 1359//1
f 1360//1 1362//1 1363//1
f 1360//1 1363//1 1361//1
f 1362//1 1364//1 1365//1
f 1362//1 1365//1 1363//1
f 1364//1 1366//1 1367//1
f 1364//1 1367//1 1365//1
f 1368//1 1369//1 1366//1
f 1366//1 1369//1 1370//1
f 1366//1 1370//1 1371//1
f 1366//1 1371//1 1367//1
f 1367//1 1371//1 1372//1
f 1367//1 1372//1 1373//1
f 1373//1 1372//1 1374//1
f 1373//1 1374//1 1375//1
f 1375//1 1374//1 1376//1
f 1376//1 1377//1 1375//1
f 1375//1 1377//1 1378//1
f 1375//1 1378//1 1379//1
f 1379//1 1380//1 1375//1
f 1375//1 1380//1 1381//1
f 1375//1 1381//1 1382//1
f 1373//1 1383//1 1367//1
f 1367//1 1383//1 1384//1
f 1367//1 1384//1 1385//1
f 1355//1 1386//1 1387//1
f 1355//1 1387//1 1388//1
f 1386//1 1389//1 1387//1
f 1387//1 1389//1 1390//1
f 1387//1 1390//1 1391//1
f 1391//1 1390//1 1392//1
f 1391//1 1392//1 1393//1
f 1391//1 1393//1 1394//1
f 1392//1 1395//1 1396//1
f 1392//1 1396//1 1393//1
f 1395//1 1397//1 1398//1
f 1395//1 1398//1 1396//1
f 1397//1 1399//1 1400//1
f 1397//1 1400//1 1398//1
f 1399//1 1401//1 1402//1
f 1399//1 1402//1 1400//1
f 1401//1 1403//1 1404//1
f 1401//1 1404//1 1402//1
f 1403//1 1405//1 1406//1
f 1403//1 1406//1 1404//1
f 1407//1 1408//1 1405//1
f 1405//1 1408//1 1409//1
f 1405//1 1409//1 1410//1
f 1405//1 1410//1 1406//1
f 1406//1 1410//1 1411//1
f 1406//1 1411//1 1412//1
f 1412//1 1411//1 1413//1
f 1413//1 1411//1 1414//1
f 1414//1 1411//1 1415//1
f 1415//1 1411//1 1416//1
f 1416//1 1411//1 1417//1
f 1417//1 1411//1 1418//1
f 1418//1 1411//1 1419//1
f 1419//1 1411//1 1420//1
f 1420//1 1411//1 1421//1
f 1412//1 1422//1 1406//1
f 1406//1 1422//1 1423//1
f 1423//1 1422//1 1424//1
f 1394//1 1425//1 1426//1
f 1394//1 1426//1 1427//1
f 1425//1 1428//1 1426//1
f 1426//1 1428//1 1429//1
f 1426//1 1429//1 1430//1
f 1430//1 1429//1 1431//1
f 1431//1 1429//1 1432//1
f 1431//1 1432//1 1433//1
f 1433//1 1432//1 1434//1
f 1433//1 1434//1 847//1
f 847//1 1434//1 1435//1
f 1429//1 1436//1 1437//1
f 1429//1 1437//1 1432//1
f 1436//1 1438//1 1439//1
f 1436//1 1439//1 1437//1
f 1438//1 1440//1 1441//1
f 1438//1 1441//1 1439//1
f 1440//1 1442//1 1443//1
f 1440//1 1443//1 1441//1
f 1442//1 1444//1 1445//1
f 1442//1 1445//1 1443//1
f 1444//1 1446//1 1447//1
f 1444//1 1447//1 1445//1
f 1446//1 1448//1 1449//1
f 1446//1 1449//1 1447//1
f 1450//1 1451//1 1448//1
f 1448//1 1451//1 1452//1
f 1448//1 1452//1 1453//1
f 1448//1 1453//1 1449//1
f 1449//1 1453//1 1454//1
f 1449//1 1454//1 1455//1
f 1449//1 1455//1 1456//1
f 1456//1 1455//1 1457//1
f 1457//1 1455//1 1458//1
f 1454//1 1459//1 1460//1
f 1454//1 1460//1 1455//1
f 1459//1 1461//1 1460//1
f 1460//1 1461//1 1462//1
f 1460//1 1462//1 1463//1
f 1463//1 1464//1 1460//1
f 1460//1 1464//1 1465//1
f 1460//1 1465//1 1466//1
f 1466//1 1467//1 1460//1
f 1435//1 1468//1 846//1
f 1435//1 846//1 847//1
f 1468//1 1469//1 1470//1
f 1468//1 1470//1 845//1
f 1468//1 845//1 846//1
f 1469//1 1471//1 1472//1
f 1469//1 1472//1 1470//1
f 1471//1 1473//1 1474//1
f 1471//1 1474//1 1472//1
f 1473//1 1475//1 1476//1
f 1473//1 1476//1 1474//1
f 1475//1 1477//1 1478//1
f 1475//1 1478//1 1476//1
f 1477//1 1479//1 1480//1
f 1477//1 1480//1 1478//1
f 1479//1 1481//1 1482//1
f 1479//1 1482//1 1480//1
f 1483//1 1484//1 1481//1
f 1481//1 1484//1 1485//1
f 1481//1 1485//1 1486//1
f 1481//1 1486//1 1482//1
f 1482//1 1486//1 1487//1
f 1482//1 1487//1 1488//1
f 1482//1 1488//1 1489//1
f 1489//1 1488//1 1490//1
f 1490//1 1488//1 1491//1
f 1487//1 1492//1 1493//1
f 1487//1 1493//1 1488//1
f 1492//1 1494//1 1493//1
f 1493//1 1494//1 1495//1
f 1493//1 1495//1 1496//1
f 1496//1 1497//1 1493//1
f 1493//1 1497//1 1498//1
f 1493//1 1498//1 1499//1
f 1499//1 1500//1 1493//1
f 839//1 1501//1 838//1
f 836//1 838//1 1502//1
f 836//1 1502//1 1503//1
f 1503//1 1502//1 1504//1
f 1504//1 1502//1 1505//1
f 1506//1 1507//1 1508//1
f 1506//1 1508//1 1502//1
f 1507//1 1509//1 1508//1
f 1508//1 1509//1 1510//1
f 1508//1 1510//1 1511//1
f 1511//1 1512//1 1508//1
f 1508//1 1512//1 1513//1
f 1508//1 1513//1 1514//1
f 1514//1 1513//1 1515//1
f 820//1 1516//1 816//1
f 816//1 1516//1 1517//1
f 816//1 1517//1 817//1
f 817//1 1517//1 1518//1
f 817//1 1518//1 1519//1
f 817//1 1519//1 1520//1
f 1518//1 1521//1 1522//1
f 1518//1 1522//1 1519//1
f 1521//1 1523//1 1524//1
f 1521//1 1524//1 1522//1
f 1523//1 1525//1 1526//1
f 1523//1 1526//1 1524//1
f 1525//1 1527//1 1528//1
f 1525//1 1528//1 1526//1
f 1527//1 1529//1 1530//1
f 1527//1 1530//1 1528//1
f 1529//1 1531//1 1532//1
f 1529//1 1532//1 1530//1
f 1531//1 1533//1 1534//1
f 1531//1 1534//1 1532//1
f 1532//1 1534//1 1535//1
f 1532//1 1535//1 1536//1
f 1536//1 1535//1 1537//1
f 1537//1 1535//1 1538//1
f 1533//1 1539//1 1534//1
f 1534//1 1539//1 1540//1
f 1534//1 1541//1 1535//1
f 1535//1 1541//1 1542//1
f 1535//1 1542//1 1543//1
f 1543//1 1542//1 1544//1
f 1544//1 1545//1 1543//1
f 1543//1 1545//1 1546//1
f 1543//1 1546//1 1547//1
f 1547//1 1546//1 1548//1
f 1547//1 1548//1 1549//1
f 1549//1 1548//1 1550//1
f 1520//1 1551//1 1552//1
f 1520//1 1552//1 1553//1
f 1551//1 1554//1 1552//1
f 1552//1 1554//1 1555//1
f 1552//1 1555//1 1556//1
f 1556//1 1555//1 1557//1
f 1557//1 1555//1 1558//1
f 1557//1 1558//1 1559//1
f 1557//1 1559//1 1560//1
f 1560//1 1559//1 1561//1
f 1560//1 1561//1 972//1
f 972//1 1561//1 1562//1
f 1558//1 1563//1 1564//1
f 1558//1 1564//1 1559//1
f 1563//1 1565//1 1566//1
f 1563//1 1566//1 1564//1
f 1565//1 1567//1 1568//1
f 1565//1 1568//1 1566//1
f 1567//1 1569//1 1570//1
f 1567//1 1570//1 1568//1
f 1569//1 1571//1 1572//1
f 1569//1 1572//1 1573//1
f 1571//1 1574//1 1572//1
f 1572//1 1574//1 1575//1
f 1572//1 1575//1 1576//1
f 1576//1 1575//1 1577//1
f 1577//1 1578//1 1576//1
f 1572//1 1576//1 1579//1
f 1572//1 1579//1 1580//1
f 1580//1 1579//1 1581//1
f 1581//1 1579//1 1582//1
f 1583//1 1584//1 1585//1
f 1583//1 1585//1 1579//1
f 1584//1 1586//1 1587//1
f 1584//1 1587//1 1585//1
f 1587//1 1586//1 1588//1
f 1588//1 1586//1 1589//1
f 1588//1 1589//1 1590//1
f 1590//1 1589//1 1591//1
f 1590//1 1591//1 1592//1
f 1573//1 1593//1 1569//1
f 1569//1 1593//1 1570//1
f 1562//1 970//1 969//1
f 1562//1 969//1 972//1
f 971//1 1594//1 1595//1
f 971//1 1595//1 968//1
f 1594//1 1596//1 1597//1
f 1594//1 1597//1 1595//1
f 1596//1 1598//1 1599//1
f 1596//1 1599//1 1600//1
f 1598//1 1601//1 1602//1
f 1598//1 1602//1 1599//1
f 1601//1 1603//1 1604//1
f 1601//1 1604//1 1602//1
f 1603//1 1605//1 1606//1
f 1603//1 1606//1 1604//1
f 1605//1 1607//1 1608//1
f 1605//1 1608//1 1606//1
f 1606//1 1608//1 1609//1
f 1606//1 1609//1 1610//1
f 1610//1 1609//1 1611//1
f 1611//1 1609//1 1612//1
f 1607//1 1613//1 1608//1
f 1608//1 1613//1 1614//1
f 1608//1 1615//1 1616//1
f 1608//1 1616//1 1609//1
f 1615//1 1617//1 1618//1
f 1615//1 1618//1 1619//1
f 1618//1 1617//1 1620//1
f 1620//1 1617//1 1621//1
f 1620//1 1621//1 1622//1
f 1622//1 1621//1 1623//1
f 1622//1 1623//1 1624//1
f 1619//1 1616//1 1615//1
f 1600//1 1597//1 1596//1
f 962//1 1625//1 961//1
f 961//1 1626//1 1627//1
f 961//1 1627//1 1628//1
f 1629//1 1630//1 1626//1
f 1626//1 1630//1 1631//1
f 1626//1 1631//1 1632//1
f 1630//1 1629//1 1633//1
f 1633//1 1629//1 1634//1
f 1633//1 1634//1 1635//1
f 1632//1 1636//1 1626//1
f 1626//1 1636//1 1627//1
f 1637//1 1638//1 1628//1
f 1628//1 1638//1 1639//1
f 1628//1 1639//1 959//1
f 1628//1 959//1 961//1
f 943//1 1640//1 939//1
f 939//1 1640//1 1641//1
f 939//1 1641//1 940//1
f 940//1 1641//1 1642//1
f 940//1 1642//1 1643//1
f 940//1 1643//1 1644//1
f 1642//1 1645//1 1646//1
f 1642//1 1646//1 1643//1
f 1645//1 1647//1 1648//1
f 1645//1 1648//1 1646//1
f 1647//1 1649//1 1650//1
f 1647//1 1650//1 1648//1
f 1649//1 1651//1 1652//1
f 1649//1 1652//1 1650//1
f 1651//1 1653//1 1654//1
f 1651//1 1654//1 1652//1
f 1653//1 1655//1 1656//1
f 1653//1 1656//1 1654//1
f 1655//1 1657//1 1658//1
f 1655//1 1658//1 1656//1
f 1656//1 1658//1 1659//1
f 1656//1 1659//1 1660//1
f 1657//1 1661//1 1658//1
f 1658//1 1661//1 1662//1
f 1658//1 1663//1 1664//1
f 1658//1 1664//1 1659//1
f 1665//1 1666//1 1663//1
f 1663//1 1666//1 1667//1
f 1663//1 1667//1 1668//1
f 1668//1 1669//1 1663//1
f 1663//1 1669//1 1670//1
f 1663//1 1670//1 1671//1
f 1671//1 1672//1 1663//1
f 1663//1 1672//1 1664//1
f 1660//1 1673//1 1656//1
f 1656//1 1673//1 1674//1
f 1644//1 1675//1 1676//1
f 1644//1 1676//1 1677//1
f 1675//1 1678//1 1676//1
f 1676//1 1678//1 1679//1
f 1676//1 1679//1 1680//1
f 1680//1 1679//1 1681//1
f 1681//1 1679//1 1682//1
f 1681//1 1682//1 1683//1
f 1683//1 1682//1 1684//1
f 1683//1 1684//1 938//1
f 938//1 1684//1 1685//1
f 1679//1 1686//1 1687//1
f 1679//1 1687//1 1682//1
f 1686//1 1688//1 1689//1
f 1686//1 1689//1 1687//1
f 1688//1 1690//1 1691//1
f 1688//1 1691//1 1689//1
f 1690//1 1692//1 1693//1
f 1690//1 1693//1 1691//1
f 1692//1 1694//1 1695//1
f 1692//1 1695//1 1693//1
f 1694//1 1696//1 1697//1
f 1694//1 1697//1 1695//1
f 1696//1 1698//1 1699//1
f 1696//1 1699//1 1697//1
f 1698//1 1700//1 1701//1
f 1698//1 1701//1 1699//1
f 1699//1 1701//1 1702//1
f 1699//1 1702//1 1703//1
f 1700//1 1704//1 1701//1
f 1701//1 1704//1 1705//1
f 1701//1 1706//1 1707//1
f 1701//1 1707//1 1702//1
f 1708//1 1709//1 1706//1
f 1706//1 1709//1 1710//1
f 1706//1 1710//1 1711//1
f 1711//1 1712//1 1706//1
f 1706//1 1712//1 1713//1
f 1706//1 1713//1 1714//1
f 1714//1 1715//1 1706//1
f 1706//1 1715//1 1707//1
f 1703//1 1716//1 1699//1
f 1699//1 1716//1 1717//1
f 1685//1 1718//1 937//1
f 1685//1 937//1 938//1
f 1718//1 1719//1 1720//1
f 1718//1 1720//1 936//1
f 1718//1 936//1 937//1
f 1719//1 1721//1 1722//1
f 1719//1 1722//1 1720//1
f 1721//1 1723//1 1724//1
f 1721//1 1724//1 1722//1
f 1723//1 1725//1 1726//1
f 1723//1 1726//1 1724//1
f 1725//1 1727//1 1728//1
f 1725//1 1728//1 1726//1
f 1727//1 1729//1 1730//1
f 1727//1 1730//1 1728//1
f 1729//1 1731//1 1732//1
f 1729//1 1732//1 1730//1
f 1731//1 1733//1 1734//1
f 1731//1 1734//1 1732//1
f 1732//1 1734//1 1735//1
f 1732//1 1735//1 1736//1
f 1733//1 1737//1 1734//1
f 1734//1 1737//1 1738//1
f 1734//1 1739//1 1740//1
f 1734//1 1740//1 1735//1
f 1741//1 1742//1 1739//1
f 1739//1 1742//1 1743//1
f 1739//1 1743//1 1744//1
f 1744//1 1745//1 1739//1
f 1739//1 1745//1 1746//1
f 1739//1 1746//1 1747//1
f 1747//1 1748//1 1739//1
f 1739//1 1748//1 1740//1
f 1736//1 1749//1 1732//1
f 1732//1 1749//1 1750//1
f 927//1 1751//1 929//1
f 929//1 1751//1 1752//1
f 930//1 1753//1 1754//1
f 930//1 1754//1 928//1
f 928//1 1754//1 1755//1
f 1756//1 1757//1 1753//1
f 1753//1 1757//1 1758//1
f 1753//1 1758//1 1759//1
f 1759//1 1760//1 1753//1
f 1753//1 1760//1 1761//1
f 1753//1 1761//1 1762//1
f 1762//1 1763//1 1753//1
f 1753//1 1763//1 1764//1
f 1753//1 1764//1 1754//1
f 1755//1 1765//1 928//1
f 928//1 1765//1 1766//1
f 912//1 1767//1 908//1
f 908//1 1767//1 1768//1
f 908//1 1768//1 909//1
f 909//1 1768//1 1769//1
f 909//1 1769//1 1770//1
f 909//1 1770//1 1771//1
f 1771//1 1770//1 1772//1
f 1771//1 1772//1 1773//1
f 1773//1 1772//1 1774//1
f 1769//1 1775//1 1776//1
f 1769//1 1776//1 1770//1
f 1775//1 1777//1 1778//1
f 1775//1 1778//1 1779//1
f 1777//1 1780//1 1781//1
f 1777//1 1781//1 1778//1
f 1780//1 1782//1 1783//1
f 1780//1 1783//1 1781//1
f 1782//1 1784//1 1785//1
f 1782//1 1785//1 1783//1
f 1784//1 1786//1 1787//1
f 1784//1 1787//1 1785//1
f 1788//1 1789//1 1786//1
f 1786//1 1789//1 1790//1
f 1786//1 1790//1 1791//1
f 1786//1 1791//1 1787//1
f 1787//1 1791//1 1792//1
f 1787//1 1792//1 1793//1
f 1793//1 1792//1 1794//1
f 1794//1 1792//1 1795//1
f 1795//1 1792//1 1796//1
f 1796//1 1792//1 1797//1
f 1797//1 1792//1 1798//1
f 1798//1 1792//1 1799//1
f 1799//1 1792//1 1800//1
f 1800//1 1792//1 1801//1
f 1801//1 1792//1 1802//1
f 1793//1 1803//1 1787//1
f 1787//1 1803//1 1804//1
f 1787//1 1804//1 1805//1
f 1779//1 1776//1 1775//1
f 1774//1 1806//1 1807//1
f 1774//1 1807//1 1773//1
f 1806//1 1808//1 1809//1
f 1806//1 1809//1 1810//1
f 1806//1 1810//1 1811//1
f 1808//1 1812//1 1813//1
f 1808//1 1813//1 1809//1
f 1812//1 1814//1 1815//1
f 1812//1 1815//1 1813//1
f 1814//1 1816//1 1817//1
f 1814//1 1817//1 1815//1
f 1816//1 1818//1 1819//1
f 1816//1 1819//1 1820//1
f 1818//1 1821//1 1822//1
f 1818//1 1822//1 1819//1
f 1821//1 1823//1 1824//1
f 1821//1 1824//1 1822//1
f 1825//1 1826//1 1823//1
f 1823//1 1826//1 1827//1
f 1823//1 1827//1 1828//1
f 1823//1 1828//1 1824//1
f 1824//1 1828//1 1829//1
f 1824//1 1829//1 1830//1
f 1830//1 1829//1 1831//1
f 1830//1 1831//1 1832//1
f 1832//1 1831//1 1833//1
f 1833//1 1834//1 1832//1
f 1832//1 1834//1 1835//1
f 1832//1 1835//1 1836//1
f 1836//1 1837//1 1832//1
f 1832//1 1837//1 1838//1
f 1832//1 1838//1 1839//1
f 1830//1 1840//1 1824//1
f 1824//1 1840//1 1841//1
f 1824//1 1841//1 1842//1
f 1820//1 1817//1 1816//1
f 1809//1 1843//1 907//1
f 1809//1 907//1 1810//1
f 1843//1 1844//1 907//1
f 907//1 1844//1 1845//1
f 907//1 1845//1 906//1
f 906//1 1845//1 1846//1
f 906//1 1846//1 1847//1
f 906//1 1847//1 905//1
f 1846//1 1848//1 1849//1
f 1846//1 1849//1 1847//1
f 1848//1 1850//1 1851//1
f 1848//1 1851//1 1849//1
f 1850//1 1852//1 1853//1
f 1850//1 1853//1 1851//1
f 1852//1 1854//1 1855//1
f 1852//1 1855//1 1853//1
f 1854//1 1856//1 1857//1
f 1854//1 1857//1 1855//1
f 1856//1 1858//1 1859//1
f 1856//1 1859//1 1857//1
f 1860//1 1861//1 1858//1
f 1858//1 1861//1 1862//1
f 1858//1 1862//1 1863//1
f 1858//1 1863//1 1859//1
f 1859//1 1863//1 1864//1
f 1859//1 1864//1 1865//1
f 1865//1 1864//1 1866//1
f 1865//1 1866//1 1867//1
f 1867//1 1866//1 1868//1
f 1868//1 1869//1 1867//1
f 1867//1 1869//1 1870//1
f 1867//1 1870//1 1871//1
f 1871//1 1872//1 1867//1
f 1867//1 1872//1 1873//1
f 1867//1 1873//1 1874//1
f 1865//1 1875//1 1859//1
f 1859//1 1875//1 1876//1
f 1859//1 1876//1 1877//1
f 1878//1 1879//1 896//1
f 896//1 1879//1 898//1
f 899//1 1880//1 1881//1
f 899//1 1881//1 897//1
f 897//1 1881//1 1882//1
f 1880//1 1883//1 1884//1
f 1880//1 1884//1 1881//1
f 1883//1 1885//1 1884//1
f 1884//1 1885//1 1886//1
f 1884//1 1886//1 1887//1
f 1887//1 1888//1 1884//1
f 1884//1 1888//1 1889//1
f 1884//1 1889//1 1890//1
f 1890//1 1891//1 1884//1
f 1892//1 1893//1 1882//1
f 1882//1 1893//1 897//1
f 1553//1 817//1 1520//1
f 1677//1 940//1 1644//1
f 1811//1 1807//1 1806//1
f 1010//1 878//1 977//1
f 1264//1 1894//1 1228//1
f 1264//1 1228//1 1232//1
f 1894//1 1229//1 1228//1
f 1427//1 1391//1 1394//1
f 1391//1 784//1 785//1
f 1391//1 785//1 1387//1
f 1388//1 1895//1 1351//1
f 1388//1 1351//1 1355//1
f 1895//1 1352//1 1351//1
f 1083//1 737//1 1087//1
f 1579//1 1576//1 1583//1
f 1502//1 838//1 1506//1
f 1896//670 1897//670 1898//670
f 1896//670 1898//670 1899//670
f 1899//670 1898//670 1900//670
f 1899//670 1901//670 1902//670
f 1899//670 1902//670 1896//670
f 1901//670 1903//670 1902//670
f 1902//670 1903//670 1904//670
f 1902//670 1904//670 1905//670
f 1905//670 1906//670 1902//670
f 1902//670 1906//670 1907//670
f 1902//670 1907//670 1908//670
f 1908//670 1909//670 1902//670
f 1902//670 1909//670 1910//670
f 1911//670 1912//670 1913//670
f 1913//670 1912//670 1914//670
f 1913//670 1914//670 1915//670
f 1915//670 1916//670 1913//670
f 1917//670 1918//670 1919//670
f 1919//670 1918//670 1920//670
f 1920//670 1918//670 1921//670
f 1921//670 1918//670 1922//670
f 1922//670 1918//670 1923//670
f 1923//670 1918//670 1924//670
f 1923//670 1924//670 1925//670
f 1925//670 1924//670 1926//670
f 1925//670 1926//670 1927//670
f 1927//670 1926//670 1928//670
f 1928//670 1929//670 1930//670
f 1928//670 1930//670 1927//670
f 1929//670 1931//670 1932//670
f 1929//670 1932//670 1933//670
f 1931//670 1934//670 1932//670
f 1932//670 1934//670 1935//670
f 1932//670 1935//670 1936//670
f 1936//670 1935//670 1937//670
f 1937//670 1935//670 1938//670
f 1938//670 1935//670 1939//670
f 1939//670 1935//670 1940//670
f 1940//670 1935//670 1941//670
f 1941//670 1935//670 1942//670
f 1941//670 1942//670 1943//670
f 1943//670 1942//670 1944//670
f 1943//670 1944//670 1945//670
f 1933//670 1930//670 1929//670
f 1927//670 1946//670 1947//670
f 1927//670 1947//670 1925//670
f 1946//670 1948//670 1949//670
f 1946//670 1949//670 1947//670
f 1948//670 1950//670 1951//670
f 1948//670 1951//670 1949//670
f 1950//670 1952//670 1953//670
f 1950//670 1953//670 1951//670
f 1952//670 1954//670 1955//670
f 1952//670 1955//670 1956//670
f 1954//670 1957//670 1955//670
f 1955//670 1957//670 1958//670
f 1955//670 1958//670 1959//670
f 1959//670 1958//670 1960//670
f 1959//670 1960//670 1961//670
f 1958//670 1962//670 1963//670
f 1958//670 1963//670 1964//670
f 1958//670 1964//670 1960//670
f 1962//670 1965//670 1963//670
f 1963//670 1965//670 1966//670
f 1963//670 1967//670 1968//670
f 1963//670 1968//670 1964//670
f 1969//670 1970//670 1967//670
f 1967//670 1970//670 1971//670
f 1967//670 1971//670 1972//670
f 1972//670 1973//670 1967//670
f 1967//670 1973//670 1974//670
f 1967//670 1974//670 1975//670
f 1975//670 1968//670 1967//670
f 1961//670 1976//670 1959//670
f 1959//670 1976//670 1977//670
f 1956//670 1953//670 1952//670
f 1978//670 1979//670 1980//670
f 1978//670 1980//670 1981//670
f 1981//670 1980//670 1982//670
f 1982//670 1980//670 1983//670
f 1983//670 1980//670 1984//670
f 1983//670 1984//670 1985//670
f 1985//670 1984//670 1986//670
f 1986//670 1984//670 1987//670
f 1987//670 1984//670 1988//670
f 1988//670 1984//670 1989//670
f 1989//670 1984//670 1990//670
f 1979//670 1991//670 1980//670
f 1980//670 1991//670 1992//670
f 1993//670 1994//670 1995//670
f 1995//670 1994//670 1996//670
f 1995//670 1996//670 1997//670
f 1997//670 1998//670 1995//670
f 1999//670 2000//670 2001//670
f 2001//670 2000//670 2002//670
f 2002//670 2000//670 2003//670
f 2003//670 2000//670 2004//670
f 2004//670 2000//670 2005//670
f 2005//670 2000//670 2006//670
f 2006//670 2000//670 2007//670
f 2006//670 2007//670 2008//670
f 2008//670 2007//670 2009//670
f 2009//670 2010//670 2011//670
f 2009//670 2011//670 2008//670
f 2010//670 2012//670 2013//670
f 2010//670 2013//670 2014//670
f 2012//670 2015//670 2013//670
f 2013//670 2015//670 2016//670
f 2013//670 2016//670 2017//670
f 2013//670 2017//670 2018//670
f 2018//670 2017//670 2019//670
f 2019//670 2017//670 2020//670
f 2020//670 2017//670 2021//670
f 2021//670 2017//670 2022//670
f 2022//670 2017//670 2023//670
f 2023//670 2017//670 2024//670
f 2023//670 2024//670 2025//670
f 2025//670 2024//670 2026//670
f 2026//670 2024//670 2027//670
f 2014//670 2011//670 2010//670
f 2008//670 2028//670 2029//670
f 2008//670 2029//670 2006//670
f 2028//670 2030//670 2031//670
f 2028//670 2031//670 2029//670
f 2030//670 2032//670 2033//670
f 2030//670 2033//670 2031//670
f 2032//670 2034//670 2035//670
f 2032//670 2035//670 2033//670
f 2034//670 2036//670 2037//670
f 2034//670 2037//670 2035//670
f 2036//670 2038//670 2039//670
f 2036//670 2039//670 2037//670
f 2038//670 2040//670 2041//670
f 2038//670 2041//670 2039//670
f 2040//670 2042//670 2043//670
f 2040//670 2043//670 2044//670
f 2044//670 2043//670 2045//670
f 2045//670 2043//670 2046//670
f 2045//670 2046//670 2047//670
f 2047//670 2046//670 2048//670
f 2048//670 2046//670 2049//670
f 2049//670 2046//670 2050//670
f 2050//670 2046//670 2051//670
f 2051//670 2046//670 2052//670
f 2051//670 2052//670 2053//670
f 2053//670 2052//670 2054//670
f 2042//670 2055//670 2043//670
f 2043//670 2055//670 2056//670
f 2057//670 2058//670 2044//670
f 2044//670 2058//670 2059//670
f 2044//670 2059//670 2041//670
f 2044//670 2041//670 2040//670
f 2060//670 2061//670 2062//670
f 2062//670 2061//670 2063//670
f 2062//670 2063//670 2064//670
f 2064//670 2065//670 2066//670
f 2064//670 2066//670 2062//670
f 2067//670 2068//670 2065//670
f 2065//670 2068//670 2069//670
f 2065//670 2069//670 2070//670
f 2068//670 2067//670 2071//670
f 2071//670 2067//670 2072//670
f 2071//670 2072//670 2073//670
f 2073//670 2072//670 2074//670
f 2070//670 2066//670 2065//670
f 2075//670 2076//670 2077//670
f 2077//670 2076//670 2078//670
f 2078//670 2076//670 2079//670
f 2079//670 2076//670 2080//670
f 2081//670 2082//670 2083//670
f 2083//670 2082//670 2084//670
f 2084//670 2082//670 2085//670
f 2085//670 2082//670 2086//670
f 2086//670 2082//670 2087//670
f 2087//670 2082//670 2088//670
f 2088//670 2082//670 2089//670
f 2088//670 2089//670 2090//670
f 2088//670 2090//670 2091//670
f 2091//670 2090//670 2092//670
f 2091//670 2092//670 2093//670
f 2093//670 2092//670 2094//670
f 2093//670 2094//670 2095//670
f 2095//670 2094//670 2096//670
f 2095//670 2096//670 2097//670
f 2097//670 2096//670 2098//670
f 2097//670 2098//670 2099//670
f 2099//670 2098//670 2100//670
f 2099//670 2100//670 2101//670
f 2101//670 2100//670 2102//670
f 2101//670 2102//670 2103//670
f 2103//670 2102//670 2104//670
f 2103//670 2104//670 2105//670
f 2089//670 2106//670 2107//670
f 2089//670 2107//670 2090//670
f 2106//670 2108//670 2107//670
f 2107//670 2108//670 2109//670
f 2107//670 2109//670 2110//670
f 2110//670 2109//670 2111//670
f 2111//670 2109//670 2112//670
f 2111//670 2112//670 2113//670
f 2113//670 2112//670 2114//670
f 2113//670 2114//670 2115//670
f 2115//670 2114//670 2116//670
f 2115//670 2116//670 2117//670
f 2117//670 2116//670 2118//670
f 2118//670 2116//670 2119//670
f 2119//670 2116//670 2120//670
f 2120//670 2116//670 2121//670
f 2121//670 2116//670 2122//670
f 2121//670 2122//670 2123//670
f 2123//670 2122//670 2124//670
f 2123//670 2124//670 2125//670
f 2126//670 2127//670 2102//670
f 2102//670 2127//670 2128//670
f 2102//670 2128//670 2129//670
f 2129//670 2130//670 2131//670
f 2129//670 2131//670 2132//670
f 2133//670 2134//670 2130//670
f 2130//670 2134//670 2135//670
f 2130//670 2135//670 2136//670
f 2136//670 2137//670 2130//670
f 2130//670 2137//670 2138//670
f 2130//670 2138//670 2139//670
f 2139//670 2131//670 2130//670
f 2132//670 2104//670 2102//670
f 2132//670 2102//670 2129//670
f 2105//670 2140//670 2103//670
f 2103//670 2140//670 2141//670
f 2142//670 2143//670 2144//670
f 2144//670 2143//670 2145//670
f 2144//670 2145//670 2146//670
f 2146//670 2147//670 2144//670
f 2144//670 2147//670 2148//670
f 2144//670 2148//670 2149//670
f 2144//670 2149//670 2150//670
f 2150//670 2149//670 2151//670
f 2150//670 2151//670 2152//670
f 2152//670 2151//670 2153//670
f 2152//670 2153//670 2154//670
f 2154//670 2153//670 2155//670
f 2154//670 2155//670 2156//670
f 2157//670 2158//670 2159//670
f 2159//670 2158//670 2160//670
f 2159//670 2160//670 2161//670
f 2161//670 2160//670 2162//670
f 2163//670 2164//670 2165//670
f 2165//670 2164//670 2166//670
f 2166//670 2164//670 2167//670
f 2167//670 2164//670 2168//670
f 2168//670 2164//670 2169//670
f 2169//670 2164//670 2170//670
f 2169//670 2170//670 2171//670
f 2171//670 2170//670 2172//670
f 2171//670 2172//670 2173//670
f 2173//670 2172//670 2174//670
f 2174//670 2172//670 2175//670
f 2174//670 2175//670 2176//670
f 2176//670 2175//670 2177//670
f 2176//670 2177//670 2178//670
f 2178//670 2177//670 2179//670
f 2178//670 2179//670 2180//670
f 2180//670 2179//670 2181//670
f 2180//670 2181//670 2182//670
f 2182//670 2181//670 2183//670
f 2172//670 2184//670 2185//670
f 2172//670 2185//670 2175//670
f 2184//670 2186//670 2187//670
f 2184//670 2187//670 2185//670
f 2186//670 2188//670 2189//670
f 2186//670 2189//670 2187//670
f 2188//670 2190//670 2191//670
f 2188//670 2191//670 2189//670
f 2190//670 2192//670 2193//670
f 2190//670 2193//670 2191//670
f 2194//670 2195//670 2192//670
f 2192//670 2195//670 2196//670
f 2192//670 2196//670 2197//670
f 2195//670 2194//670 2198//670
f 2198//670 2194//670 2199//670
f 2198//670 2199//670 2200//670
f 2197//670 2201//670 2192//670
f 2192//670 2201//670 2202//670
f 2192//670 2202//670 2193//670
f 2183//670 2203//670 2204//670
f 2183//670 2204//670 2182//670
f 2203//670 2205//670 2206//670
f 2203//670 2206//670 2207//670
f 2208//670 2209//670 2205//670
f 2205//670 2209//670 2210//670
f 2205//670 2210//670 2206//670
f 2206//670 2210//670 2211//670
f 2206//670 2211//670 2212//670
f 2208//670 2213//670 2209//670
f 2212//670 2214//670 2206//670
f 2206//670 2214//670 2215//670
f 2206//670 2215//670 2216//670
f 2216//670 2217//670 2206//670
f 2206//670 2217//670 2218//670
f 2206//670 2218//670 2219//670
f 2219//670 2220//670 2206//670
f 2207//670 2221//670 2204//670
f 2207//670 2204//670 2203//670
f 2221//670 2222//670 2204//670
f 2204//670 2222//670 2223//670
f 2224//670 2225//670 2226//670
f 2224//670 2226//670 2227//670
f 2225//670 2228//670 2226//670
f 2227//670 2229//670 2230//670
f 2227//670 2230//670 2224//670
f 2231//670 2232//670 2229//670
f 2229//670 2232//670 2233//670
f 2229//670 2233//670 2234//670
f 2234//670 2235//670 2229//670
f 2229//670 2235//670 2236//670
f 2229//670 2236//670 2237//670
f 2237//670 2238//670 2229//670
f 2229//670 2238//670 2230//670
f 2239//670 2240//670 2241//670
f 2241//670 2240//670 2242//670
f 2241//670 2242//670 2243//670
f 2243//670 2244//670 2241//670
f 2245//670 2246//670 2247//670
f 2247//670 2246//670 2248//670
f 2248//670 2246//670 2249//670
f 2249//670 2246//670 2250//670
f 2250//670 2246//670 2251//670
f 2251//670 2246//670 2252//670
f 2252//670 2246//670 2253//670
f 2252//670 2253//670 2254//670
f 2254//670 2253//670 2255//670
f 2255//670 2256//670 2254//670
f 2254//670 2256//670 2257//670
f 2254//670 2257//670 2258//670
f 2258//670 2257//670 2259//670
f 2259//670 2257//670 2260//670
f 2259//670 2260//670 2261//670
f 2261//670 2260//670 2262//670
f 2262//670 2263//670 2264//670
f 2262//670 2264//670 2261//670
f 2265//670 2266//670 2263//670
f 2263//670 2266//670 2267//670
f 2263//670 2267//670 2268//670
f 2266//670 2265//670 2269//670
f 2269//670 2265//670 2270//670
f 2269//670 2270//670 2271//670
f 2268//670 2272//670 2263//670
f 2263//670 2272//670 2273//670
f 2263//670 2273//670 2264//670
f 2254//670 2274//670 2275//670
f 2254//670 2275//670 2252//670
f 2274//670 2276//670 2277//670
f 2274//670 2277//670 2275//670
f 2276//670 2278//670 2279//670
f 2276//670 2279//670 2277//670
f 2278//670 2280//670 2281//670
f 2278//670 2281//670 2279//670
f 2280//670 2282//670 2283//670
f 2280//670 2283//670 2281//670
f 2282//670 2284//670 2285//670
f 2282//670 2285//670 2283//670
f 2284//670 2286//670 2287//670
f 2284//670 2287//670 2285//670
f 2286//670 2288//670 2289//670
f 2286//670 2289//670 2290//670
f 2286//670 2290//670 2291//670
f 2288//670 2292//670 2289//670
f 2289//670 2292//670 2293//670
f 2289//670 2294//670 2295//670
f 2289//670 2295//670 2290//670
f 2296//670 2297//670 2294//670
f 2294//670 2297//670 2298//670
f 2294//670 2298//670 2299//670
f 2299//670 2300//670 2294//670
f 2294//670 2300//670 2301//670
f 2294//670 2301//670 2302//670
f 2302//670 2295//670 2294//670
f 2291//670 2303//670 2287//670
f 2291//670 2287//670 2286//670
f 2303//670 2304//670 2287//670
f 2287//670 2304//670 2305//670
f 2306//670 2307//670 2308//670
f 2306//670 2308//670 2309//670
f 2309//670 2308//670 2310//670
f 2310//670 2308//670 2311//670
f 2311//670 2308//670 2312//670
f 2311//670 2312//670 2313//670
f 2313//670 2312//670 2314//670
f 2314//670 2312//670 2315//670
f 2315//670 2312//670 2316//670
f 2316//670 2312//670 2317//670
f 2316//670 2317//670 2318//670
f 2307//670 2319//670 2308//670
f 2308//670 2319//670 2320//670
f 2321//670 2322//670 2323//670
f 2323//670 2322//670 2324//670
f 2324//670 2322//670 2325//670
f 2325//670 2322//670 2326//670
f 2327//670 2328//670 2329//670
f 2329//670 2328//670 2330//670
f 2330//670 2328//670 2331//670
f 2331//670 2328//670 2332//670
f 2332//670 2328//670 2333//670
f 2333//670 2328//670 2334//670
f 2334//670 2328//670 2335//670
f 2334//670 2335//670 2336//670
f 2336//670 2335//670 2337//670
f 2337//670 2338//670 2339//670
f 2337//670 2339//670 2336//670
f 2338//670 2340//670 2341//670
f 2338//670 2341//670 2342//670
f 2340//670 2343//670 2341//670
f 2341//670 2343//670 2344//670
f 2341//670 2344//670 2345//670
f 2341//670 2345//670 2346//670
f 2346//670 2345//670 2347//670
f 2347//670 2345//670 2348//670
f 2348//670 2345//670 2349//670
f 2349//670 2345//670 2350//670
f 2350//670 2345//670 2351//670
f 2351//670 2345//670 2352//670
f 2351//670 2352//670 2353//670
f 2353//670 2352//670 2354//670
f 2354//670 2352//670 2355//670
f 2342//670 2339//670 2338//670
f 2336//670 2356//670 2357//670
f 2336//670 2357//670 2334//670
f 2356//670 2358//670 2359//670
f 2356//670 2359//670 2357//670
f 2358//670 2360//670 2361//670
f 2358//670 2361//670 2359//670
f 2360//670 2362//670 2363//670
f 2360//670 2363//670 2361//670
f 2362//670 2364//670 2365//670
f 2362//670 2365//670 2363//670
f 2364//670 2366//670 2367//670
f 2364//670 2367//670 2365//670
f 2366//670 2368//670 2369//670
f 2366//670 2369//670 2367//670
f 2368//670 2370//670 2371//670
f 2368//670 2371//670 2372//670
f 2372//670 2371//670 2373//670
f 2373//670 2371//670 2374//670
f 2373//670 2374//670 2375//670
f 2375//670 2374//670 2376//670
f 2376//670 2374//670 2377//670
f 2377//670 2374//670 2378//670
f 2378//670 2374//670 2379//670
f 2378//670 2379//670 2380//670
f 2380//670 2379//670 2381//670
f 2380//670 2381//670 2382//670
f 2370//670 2383//670 2371//670
f 2371//670 2383//670 2384//670
f 2385//670 2386//670 2372//670
f 2372//670 2386//670 2387//670
f 2372//670 2387//670 2369//670
f 2372//670 2369//670 2368//670
f 2388//670 2389//670 2390//670
f 2390//670 2389//670 2391//670
f 2390//670 2391//670 2392//670
f 2392//670 2393//670 2394//670
f 2392//670 2394//670 2395//670
f 2393//670 2396//670 2397//670
f 2393//670 2397//670 2394//670
f 2396//670 2398//670 2397//670
f 2397//670 2398//670 2399//670
f 2399//670 2398//670 2400//670
f 2399//670 2400//670 2401//670
f 2401//670 2400//670 2402//670
f 2395//670 2390//670 2392//670
f 2403//670 2404//670 2405//670
f 2405//670 2404//670 2406//670
f 2405//670 2406//670 2407//670
f 2407//670 2406//670 2408//670
f 2409//670 2410//670 2411//670
f 2411//670 2410//670 2412//670
f 2412//670 2410//670 2413//670
f 2413//670 2410//670 2414//670
f 2414//670 2410//670 2415//670
f 2415//670 2410//670 2416//670
f 2415//670 2416//670 2417//670
f 2417//670 2416//670 2418//670
f 2418//670 2416//670 2419//670
f 2418//670 2419//670 2420//670
f 2418//670 2420//670 2421//670
f 2421//670 2420//670 2422//670
f 2421//670 2422//670 2423//670
f 2423//670 2422//670 2424//670
f 2423//670 2424//670 2425//670
f 2425//670 2424//670 2426//670
f 2425//670 2426//670 2427//670
f 2427//670 2426//670 2428//670
f 2427//670 2428//670 2429//670
f 2429//670 2428//670 2430//670
f 2429//670 2430//670 2431//670
f 2431//670 2430//670 2432//670
f 2431//670 2432//670 2433//670
f 2416//670 2434//670 2435//670
f 2416//670 2435//670 2419//670
f 2434//670 2436//670 2437//670
f 2434//670 2437//670 2435//670
f 2436//670 2438//670 2439//670
f 2436//670 2439//670 2437//670
f 2438//670 2440//670 2441//670
f 2438//670 2441//670 2439//670
f 2440//670 2442//670 2441//670
f 2441//670 2442//670 2443//670
f 2441//670 2443//670 2444//670
f 2444//670 2443//670 2445//670
f 2445//670 2443//670 2446//670
f 2446//670 2443//670 2447//670
f 2447//670 2443//670 2448//670
f 2448//670 2443//670 2449//670
f 2449//670 2443//670 2450//670
f 2449//670 2450//670 2451//670
f 2451//670 2450//670 2452//670
f 2451//670 2452//670 2453//670
f 2454//670 2455//670 2430//670
f 2430//670 2455//670 2456//670
f 2430//670 2456//670 2457//670
f 2430//670 2457//670 2458//670
f 2430//670 2458//670 2432//670
f 2457//670 2459//670 2458//670
f 2458//670 2459//670 2460//670
f 2458//670 2460//670 2461//670
f 2461//670 2462//670 2458//670
f 2458//670 2462//670 2463//670
f 2458//670 2463//670 2464//670
f 2464//670 2465//670 2458//670
f 2458//670 2465//670 2466//670
f 2458//670 2466//670 2467//670
f 2433//670 2468//670 2431//670
f 2431//670 2468//670 2469//670
f 2470//670 2471//670 2472//670
f 2472//670 2471//670 2473//670
f 2472//670 2473//670 2474//670
f 2474//670 2475//670 2472//670
f 2472//670 2475//670 2476//670
f 2472//670 2476//670 2477//670
f 2472//670 2477//670 2478//670
f 2478//670 2477//670 2479//670
f 2479//670 2480//670 2478//670
f 2478//670 2480//670 2481//670
f 2481//670 2480//670 2482//670
f 2481//670 2482//670 2483//670
f 2483//670 2482//670 2484//670
f 2485//670 2486//670 2487//670
f 2487//670 2486//670 2488//670
f 2488//670 2486//670 2489//670
f 2488//670 2489//670 2490//670
f 2491//670 2492//670 2493//670
f 2493//670 2492//670 2494//670
f 2493//670 2494//670 2495//670
f 2492//670 2491//670 2496//670
f 2496//670 2491//670 2497//670
f 2496//670 2497//670 2498//670
f 2495//670 2499//670 2493//670
f 2493//670 2499//670 2500//670
f 2493//670 2500//670 2501//670
f 2501//670 2502//670 2503//670
f 2501//670 2503//670 2493//670
f 2502//670 2504//670 2505//670
f 2502//670 2505//670 2503//670
f 2504//670 2506//670 2505//670
f 2505//670 2506//670 2507//670
f 2505//670 2507//670 2508//670
f 2508//670 2507//670 2509//670
f 2509//670 2507//670 2510//670
f 2509//670 2510//670 2511//670
f 2511//670 2510//670 2512//670
f 2511//670 2512//670 2513//670
f 2513//670 2512//670 2514//670
f 2513//670 2514//670 2515//670
f 2515//670 2514//670 2516//670
f 2507//670 2517//670 2518//670
f 2507//670 2518//670 2510//670
f 2517//670 2519//670 2520//670
f 2517//670 2520//670 2521//670
f 2519//670 2522//670 2523//670
f 2519//670 2523//670 2520//670
f 2522//670 2524//670 2525//670
f 2522//670 2525//670 2523//670
f 2524//670 2526//670 2525//670
f 2525//670 2526//670 2527//670
f 2525//670 2527//670 2528//670
f 2528//670 2527//670 2529//670
f 2528//670 2529//670 2530//670
f 2527//670 2531//670 2532//670
f 2527//670 2532//670 2529//670
f 2531//670 2533//670 2534//670
f 2531//670 2534//670 2532//670
f 2532//670 2534//670 2535//670
f 2532//670 2535//670 2536//670
f 2536//670 2535//670 2537//670
f 2537//670 2535//670 2538//670
f 2538//670 2535//670 2539//670
f 2539//670 2535//670 2540//670
f 2540//670 2535//670 2541//670
f 2541//670 2535//670 2542//670
f 2542//670 2535//670 2543//670
f 2533//670 2544//670 2534//670
f 2534//670 2544//670 2545//670
f 2530//670 2546//670 2528//670
f 2528//670 2546//670 2547//670
f 2521//670 2518//670 2517//670
f 2516//670 2548//670 2515//670
f 2515//670 2548//670 2549//670
f 2515//670 2549//670 2550//670
f 2550//670 2551//670 2515//670
f 2552//670 2553//670 2554//670
f 2552//670 2554//670 2555//670
f 2555//670 2554//670 2556//670
f 2555//670 2557//670 2558//670
f 2555//670 2558//670 2559//670
f 2560//670 2561//670 2557//670
f 2557//670 2561//670 2562//670
f 2557//670 2562//670 2563//670
f 2563//670 2564//670 2557//670
f 2557//670 2564//670 2565//670
f 2557//670 2565//670 2566//670
f 2566//670 2558//670 2557//670
f 2559//670 2552//670 2555//670
f 2567//670 2568//670 2569//670
f 2569//670 2568//670 2570//670
f 2569//670 2570//670 2571//670
f 2571//670 2572//670 2569//670
f 2573//670 2574//670 2575//670
f 2575//670 2574//670 2576//670
f 2575//670 2576//670 2577//670
f 2574//670 2573//670 2578//670
f 2578//670 2573//670 2579//670
f 2578//670 2579//670 2580//670
f 2577//670 2581//670 2575//670
f 2575//670 2581//670 2582//670
f 2575//670 2582//670 2583//670
f 2583//670 2584//670 2585//670
f 2583//670 2585//670 2575//670
f 2584//670 2586//670 2587//670
f 2584//670 2587//670 2588//670
f 2586//670 2589//670 2587//670
f 2587//670 2589//670 2590//670
f 2587//670 2590//670 2591//670
f 2591//670 2590//670 2592//670
f 2592//670 2590//670 2593//670
f 2593//670 2590//670 2594//670
f 2593//670 2594//670 2595//670
f 2595//670 2594//670 2596//670
f 2590//670 2597//670 2598//670
f 2590//670 2598//670 2594//670
f 2597//670 2599//670 2600//670
f 2597//670 2600//670 2598//670
f 2599//670 2601//670 2602//670
f 2599//670 2602//670 2600//670
f 2601//670 2603//670 2604//670
f 2601//670 2604//670 2602//670
f 2603//670 2605//670 2606//670
f 2603//670 2606//670 2604//670
f 2605//670 2607//670 2608//670
f 2605//670 2608//670 2606//670
f 2607//670 2609//670 2610//670
f 2607//670 2610//670 2608//670
f 2609//670 2611//670 2612//670
f 2609//670 2612//670 2613//670
f 2609//670 2613//670 2614//670
f 2611//670 2615//670 2612//670
f 2612//670 2615//670 2616//670
f 2612//670 2617//670 2618//670
f 2612//670 2618//670 2613//670
f 2619//670 2620//670 2617//670
f 2617//670 2620//670 2621//670
f 2617//670 2621//670 2622//670
f 2622//670 2623//670 2617//670
f 2617//670 2623//670 2624//670
f 2617//670 2624//670 2625//670
f 2625//670 2618//670 2617//670
f 2614//670 2626//670 2610//670
f 2614//670 2610//670 2609//670
f 2626//670 2627//670 2610//670
f 2610//670 2627//670 2628//670
f 2596//670 2629//670 2595//670
f 2595//670 2629//670 2630//670
f 2595//670 2630//670 2631//670
f 2631//670 2632//670 2595//670
f 2595//670 2632//670 2633//670
f 2588//670 2585//670 2584//670
f 2634//670 2635//670 2636//670
f 2634//670 2636//670 2637//670
f 2637//670 2636//670 2638//670
f 2638//670 2639//670 2637//670
f 2637//670 2639//670 2640//670
f 2640//670 2639//670 2641//670
f 2641//670 2639//670 2642//670
f 2641//670 2642//670 2643//670
f 2643//670 2642//670 2644//670
f 2644//670 2642//670 2645//670
f 2645//670 2642//670 2646//670
f 2645//670 2646//670 2647//670
f 2647//670 2646//670 2648//670
f 2649//670 2650//670 2651//670
f 2651//670 2650//670 2652//670
f 2652//670 2650//670 2653//670
f 2653//670 2650//670 2654//670
f 2655//670 2656//670 2657//670
f 2657//670 2656//670 2658//670
f 2657//670 2658//670 2659//670
f 2656//670 2655//670 2660//670
f 2660//670 2655//670 2661//670
f 2660//670 2661//670 2662//670
f 2659//670 2663//670 2657//670
f 2657//670 2663//670 2664//670
f 2657//670 2664//670 2665//670
f 2665//670 2666//670 2667//670
f 2665//670 2667//670 2657//670
f 2666//670 2668//670 2669//670
f 2666//670 2669//670 2670//670
f 2668//670 2671//670 2669//670
f 2669//670 2671//670 2672//670
f 2669//670 2672//670 2673//670
f 2673//670 2672//670 2674//670
f 2674//670 2672//670 2675//670
f 2674//670 2675//670 2676//670
f 2676//670 2675//670 2677//670
f 2672//670 2678//670 2679//670
f 2672//670 2679//670 2675//670
f 2678//670 2680//670 2681//670
f 2678//670 2681//670 2679//670
f 2680//670 2682//670 2683//670
f 2680//670 2683//670 2681//670
f 2682//670 2684//670 2685//670
f 2682//670 2685//670 2683//670
f 2684//670 2686//670 2687//670
f 2684//670 2687//670 2685//670
f 2686//670 2688//670 2689//670
f 2686//670 2689//670 2687//670
f 2688//670 2690//670 2691//670
f 2688//670 2691//670 2689//670
f 2692//670 2693//670 2690//670
f 2690//670 2693//670 2694//670
f 2690//670 2694//670 2695//670
f 2690//670 2695//670 2696//670
f 2696//670 2695//670 2697//670
f 2697//670 2698//670 2699//670
f 2697//670 2699//670 2696//670
f 2698//670 2700//670 2699//670
f 2699//670 2700//670 2701//670
f 2699//670 2701//670 2702//670
f 2702//670 2703//670 2699//670
f 2699//670 2703//670 2704//670
f 2699//670 2704//670 2705//670
f 2705//670 2706//670 2699//670
f 2696//670 2707//670 2691//670
f 2696//670 2691//670 2690//670
f 2707//670 2708//670 2691//670
f 2691//670 2708//670 2709//670
f 2677//670 2710//670 2676//670
f 2676//670 2710//670 2711//670
f 2676//670 2711//670 2712//670
f 2712//670 2713//670 2676//670
f 2676//670 2713//670 2714//670
f 2670//670 2715//670 2666//670
f 2666//670 2715//670 2667//670
f 2716//670 2717//670 2718//670
f 2718//670 2717//670 2719//670
f 2718//670 2719//670 2720//670
f 2720//670 2721//670 2718//670
f 2718//670 2721//670 2722//670
f 2718//670 2722//670 2723//670
f 2723//670 2722//670 2724//670
f 2723//670 2724//670 2725//670
f 2725//670 2724//670 2726//670
f 2726//670 2724//670 2727//670
f 2726//670 2727//670 2728//670
f 2728//670 2727//670 2729//670
f 2728//670 2729//670 2730//670
f 2731//670 2732//670 2733//670
f 2733//670 2732//670 2734//670
f 2734//670 2732//670 2735//670
f 2734//670 2735//670 2736//670
f 2737//670 2738//670 2739//670
f 2739//670 2738//670 2740//670
f 2739//670 2740//670 2741//670
f 2738//670 2737//670 2742//670
f 2742//670 2737//670 2743//670
f 2742//670 2743//670 2744//670
f 2741//670 2745//670 2739//670
f 2739//670 2745//670 2746//670
f 2739//670 2746//670 2747//670
f 2747//670 2748//670 2749//670
f 2747//670 2749//670 2739//670
f 2748//670 2750//670 2751//670
f 2748//670 2751//670 2752//670
f 2750//670 2753//670 2751//670
f 2751//670 2753//670 2754//670
f 2751//670 2754//670 2755//670
f 2755//670 2754//670 2756//670
f 2756//670 2754//670 2757//670
f 2756//670 2757//670 2758//670
f 2758//670 2757//670 2759//670
f 2758//670 2759//670 2760//670
f 2760//670 2759//670 2761//670
f 2760//670 2761//670 2762//670
f 2762//670 2761//670 2763//670
f 2762//670 2763//670 2764//670
f 2764//670 2763//670 2765//670
f 2764//670 2765//670 2766//670
f 2766//670 2765//670 2767//670
f 2766//670 2767//670 2768//670
f 2768//670 2767//670 2769//670
f 2769//670 2767//670 2770//670
f 2769//670 2770//670 2771//670
f 2767//670 2772//670 2773//670
f 2767//670 2773//670 2770//670
f 2774//670 2775//670 2772//670
f 2772//670 2775//670 2776//670
f 2772//670 2776//670 2777//670
f 2777//670 2778//670 2779//670
f 2777//670 2779//670 2773//670
f 2780//670 2781//670 2778//670
f 2778//670 2781//670 2782//670
f 2778//670 2782//670 2783//670
f 2783//670 2784//670 2778//670
f 2778//670 2784//670 2785//670
f 2778//670 2785//670 2786//670
f 2786//670 2779//670 2778//670
f 2771//670 2787//670 2769//670
f 2769//670 2787//670 2788//670
f 2760//670 2789//670 2758//670
f 2758//670 2789//670 2790//670
f 2758//670 2790//670 2791//670
f 2758//670 2791//670 2792//670
f 2792//670 2791//670 2793//670
f 2793//670 2794//670 2792//670
f 2792//670 2794//670 2795//670
f 2792//670 2795//670 2796//670
f 2796//670 2797//670 2792//670
f 2752//670 2749//670 2748//670
f 2777//670 2773//670 2772//670
f 2798//670 2799//670 2800//670
f 2800//670 2799//670 2801//670
f 2800//670 2801//670 2802//670
f 2802//670 2803//670 2800//670
f 2800//670 2803//670 2804//670
f 2800//670 2804//670 2805//670
f 2800//670 2805//670 2806//670
f 2806//670 2805//670 2807//670
f 2807//670 2808//670 2806//670
f 2806//670 2808//670 2809//670
f 2806//670 2809//670 2810//670
f 2811//670 2812//670 2810//670
f 2810//670 2812//670 2806//670
f 2813//670 2814//670 2815//670
f 2815//670 2814//670 2816//670
f 2815//670 2816//670 2817//670
f 2817//670 2818//670 2815//670
f 2819//670 2820//670 2821//670
f 2821//670 2820//670 2822//670
f 2821//670 2822//670 2823//670
f 2820//670 2819//670 2824//670
f 2824//670 2819//670 2825//670
f 2824//670 2825//670 2826//670
f 2823//670 2827//670 2821//670
f 2821//670 2827//670 2828//670
f 2821//670 2828//670 2829//670
f 2829//670 2830//670 2831//670
f 2829//670 2831//670 2821//670
f 2830//670 2832//670 2833//670
f 2830//670 2833//670 2831//670
f 2832//670 2834//670 2833//670
f 2833//670 2834//670 2835//670
f 2833//670 2835//670 2836//670
f 2836//670 2835//670 2837//670
f 2837//670 2835//670 2838//670
f 2837//670 2838//670 2839//670
f 2837//670 2839//670 2840//670
f 2840//670 2839//670 2841//670
f 2840//670 2841//670 2842//670
f 2842//670 2841//670 2843//670
f 2842//670 2843//670 2844//670
f 2844//670 2843//670 2845//670
f 2838//670 2846//670 2847//670
f 2838//670 2847//670 2839//670
f 2846//670 2848//670 2849//670
f 2846//670 2849//670 2850//670
f 2848//670 2851//670 2852//670
f 2848//670 2852//670 2849//670
f 2851//670 2853//670 2852//670
f 2852//670 2853//670 2854//670
f 2852//670 2854//670 2855//670
f 2852//670 2855//670 2856//670
f 2856//670 2855//670 2857//670
f 2856//670 2857//670 2858//670
f 2855//670 2859//670 2860//670
f 2855//670 2860//670 2861//670
f 2855//670 2861//670 2857//670
f 2859//670 2862//670 2860//670
f 2860//670 2862//670 2863//670
f 2860//670 2864//670 2865//670
f 2860//670 2865//670 2861//670
f 2866//670 2867//670 2864//670
f 2864//670 2867//670 2868//670
f 2864//670 2868//670 2869//670
f 2869//670 2870//670 2864//670
f 2864//670 2870//670 2871//670
f 2864//670 2871//670 2872//670
f 2872//670 2865//670 2864//670
f 2858//670 2873//670 2856//670
f 2856//670 2873//670 2874//670
f 2850//670 2875//670 2846//670
f 2846//670 2875//670 2847//670
f 2845//670 2876//670 2844//670
f 2844//670 2876//670 2877//670
f 2844//670 2877//670 2878//670
f 2878//670 2879//670 2844//670
f 2880//670 2881//670 2882//670
f 2880//670 2882//670 2883//670
f 2883//670 2882//670 2884//670
f 2883//670 2885//670 2886//670
f 2883//670 2886//670 2887//670
f 2888//670 2889//670 2885//670
f 2885//670 2889//670 2890//670
f 2885//670 2890//670 2891//670
f 2891//670 2892//670 2885//670
f 2885//670 2892//670 2893//670
f 2885//670 2893//670 2886//670
f 2887//670 2894//670 2883//670
f 2883//670 2894//670 2880//670
f 2895//670 2896//670 2897//670
f 2897//670 2896//670 2898//670
f 2897//670 2898//670 2899//670
f 2899//670 2900//670 2897//670
f 2901//670 2902//670 2903//670
f 2903//670 2902//670 2904//670
f 2903//670 2904//670 2905//670
f 2906//670 2907//670 2901//670
f 2901//670 2907//670 2908//670
f 2901//670 2908//670 2902//670
f 2905//670 2909//670 2903//670
f 2903//670 2909//670 2910//670
f 2903//670 2910//670 2911//670
f 2911//670 2912//670 2913//670
f 2911//670 2913//670 2903//670
f 2912//670 2914//670 2915//670
f 2912//670 2915//670 2916//670
f 2914//670 2917//670 2915//670
f 2915//670 2917//670 2918//670
f 2915//670 2918//670 2919//670
f 2919//670 2918//670 2920//670
f 2920//670 2918//670 2921//670
f 2921//670 2918//670 2922//670
f 2921//670 2922//670 2923//670
f 2923//670 2922//670 2924//670
f 2918//670 2925//670 2926//670
f 2918//670 2926//670 2922//670
f 2925//670 2927//670 2928//670
f 2925//670 2928//670 2926//670
f 2927//670 2929//670 2930//670
f 2927//670 2930//670 2928//670
f 2929//670 2931//670 2932//670
f 2929//670 2932//670 2930//670
f 2931//670 2933//670 2934//670
f 2931//670 2934//670 2932//670
f 2933//670 2935//670 2936//670
f 2933//670 2936//670 2934//670
f 2935//670 2937//670 2938//670
f 2935//670 2938//670 2936//670
f 2937//670 2939//670 2940//670
f 2937//670 2940//670 2941//670
f 2937//670 2941//670 2942//670
f 2939//670 2943//670 2940//670
f 2940//670 2943//670 2944//670
f 2940//670 2945//670 2946//670
f 2940//670 2946//670 2941//670
f 2947//670 2948//670 2945//670
f 2945//670 2948//670 2949//670
f 2945//670 2949//670 2950//670
f 2947//670 2951//670 2948//670
f 2950//670 2952//670 2945//670
f 2945//670 2952//670 2953//670
f 2945//670 2953//670 2946//670
f 2942//670 2954//670 2938//670
f 2942//670 2938//670 2937//670
f 2954//670 2955//670 2938//670
f 2938//670 2955//670 2956//670
f 2924//670 2957//670 2923//670
f 2923//670 2957//670 2958//670
f 2923//670 2958//670 2959//670
f 2959//670 2960//670 2923//670
f 2923//670 2960//670 2961//670
f 2916//670 2913//670 2912//670
f 2962//670 2963//670 2964//670
f 2962//670 2964//670 2965//670
f 2965//670 2964//670 2966//670
f 2966//670 2967//670 2965//670
f 2965//670 2967//670 2968//670
f 2968//670 2967//670 2969//670
f 2968//670 2969//670 2970//670
f 2970//670 2969//670 2971//670
f 2971//670 2969//670 2972//670
f 2972//670 2969//670 2973//670
f 2972//670 2973//670 2974//670
f 2974//670 2973//670 2975//670
f 2974//670 2975//670 2976//670
f 2977//670 2978//670 2979//670
f 2979//670 2978//670 2980//670
f 2980//670 2978//670 2981//670
f 2981//670 2978//670 2982//670
f 2983//670 2984//670 2985//670
f 2985//670 2984//670 2986//670
f 2985//670 2986//670 2987//670
f 2984//670 2983//670 2988//670
f 2988//670 2983//670 2989//670
f 2988//670 2989//670 2990//670
f 2987//670 2991//670 2985//670
f 2985//670 2991//670 2992//670
f 2985//670 2992//670 2993//670
f 2993//670 2994//670 2995//670
f 2993//670 2995//670 2985//670
f 2994//670 2996//670 2997//670
f 2994//670 2997//670 2998//670
f 2996//670 2999//670 2997//670
f 2997//670 2999//670 3000//670
f 2997//670 3000//670 3001//670
f 3001//670 3000//670 3002//670
f 3002//670 3000//670 3003//670
f 3002//670 3003//670 3004//670
f 3004//670 3003//670 3005//670
f 3000//670 3006//670 3007//670
f 3000//670 3007//670 3003//670
f 3006//670 3008//670 3009//670
f 3006//670 3009//670 3007//670
f 3008//670 3010//670 3011//670
f 3008//670 3011//670 3009//670
f 3010//670 3012//670 3013//670
f 3010//670 3013//670 3011//670
f 3012//670 3014//670 3015//670
f 3012//670 3015//670 3013//670
f 3014//670 3016//670 3017//670
f 3014//670 3017//670 3015//670
f 3016//670 3018//670 3019//670
f 3016//670 3019//670 3017//670
f 3020//670 3021//670 3018//670
f 3018//670 3021//670 3022//670
f 3018//670 3022//670 3023//670
f 3018//670 3023//670 3019//670
f 3019//670 3023//670 3024//670
f 3019//670 3024//670 3025//670
f 3025//670 3024//670 3026//670
f 3026//670 3024//670 3027//670
f 3027//670 3024//670 3028//670
f 3028//670 3024//670 3029//670
f 3029//670 3024//670 3030//670
f 3030//670 3024//670 3031//670
f 3031//670 3024//670 3032//670
f 3032//670 3024//670 3033//670
f 3033//670 3024//670 3034//670
f 3025//670 3035//670 3019//670
f 3019//670 3035//670 3036//670
f 3019//670 3036//670 3037//670
f 3005//670 3038//670 3004//670
f 3004//670 3038//670 3039//670
f 3004//670 3039//670 3040//670
f 3040//670 3041//670 3004//670
f 3004//670 3041//670 3042//670
f 2998//670 3043//670 2994//670
f 2994//670 3043//670 2995//670
f 3044//670 3045//670 3046//670
f 3046//670 3045//670 3047//670
f 3046//670 3047//670 3048//670
f 3048//670 3049//670 3050//670
f 3048//670 3050//670 3046//670
f 3049//670 3051//670 3050//670
f 3050//670 3051//670 3052//670
f 3050//670 3052//670 3053//670
f 3053//670 3052//670 3054//670
f 3053//670 3054//670 3055//670
f 3055//670 3054//670 3056//670
f 3055//670 3056//670 3057//670
f 3057//670 3056//670 3058//670
f 3059//670 3060//670 3061//670
f 3061//670 3060//670 3062//670
f 3062//670 3060//670 3063//670
f 3062//670 3063//670 3064//670
f 3065//670 3066//670 3067//670
f 3067//670 3066//670 3068//670
f 3068//670 3066//670 3069//670
f 3069//670 3066//670 3070//670
f 3070//670 3066//670 3071//670
f 3071//670 3066//670 3072//670
f 3071//670 3072//670 3073//670
f 3073//670 3072//670 3074//670
f 3073//670 3074//670 3075//670
f 3075//670 3074//670 3076//670
f 3076//670 3074//670 3077//670
f 3076//670 3077//670 3078//670
f 3076//670 3078//670 3079//670
f 3079//670 3078//670 3080//670
f 3080//670 3078//670 3081//670
f 3080//670 3081//670 3082//670
f 3082//670 3081//670 3083//670
f 3082//670 3083//670 3084//670
f 3084//670 3083//670 3085//670
f 3074//670 3086//670 3087//670
f 3074//670 3087//670 3077//670
f 3086//670 3088//670 3087//670
f 3087//670 3088//670 3089//670
f 3087//670 3089//670 3090//670
f 3090//670 3089//670 3091//670
f 3091//670 3089//670 3092//670
f 3091//670 3092//670 3093//670
f 3093//670 3092//670 3094//670
f 3093//670 3094//670 3095//670
f 3095//670 3094//670 3096//670
f 3096//670 3094//670 3097//670
f 3097//670 3094//670 3098//670
f 3098//670 3094//670 3099//670
f 3099//670 3094//670 3100//670
f 3100//670 3094//670 3101//670
f 3100//670 3101//670 3102//670
f 3102//670 3101//670 3103//670
f 3102//670 3103//670 3104//670
f 3085//670 3105//670 3106//670
f 3085//670 3106//670 3084//670
f 3105//670 3107//670 3108//670
f 3105//670 3108//670 3109//670
f 3110//670 3111//670 3107//670
f 3107//670 3111//670 3112//670
f 3107//670 3112//670 3113//670
f 3113//670 3114//670 3115//670
f 3113//670 3115//670 3108//670
f 3116//670 3117//670 3114//670
f 3114//670 3117//670 3118//670
f 3114//670 3118//670 3119//670
f 3119//670 3120//670 3114//670
f 3114//670 3120//670 3121//670
f 3114//670 3121//670 3122//670
f 3122//670 3115//670 3114//670
f 3109//670 3123//670 3106//670
f 3109//670 3106//670 3105//670
f 3123//670 3124//670 3106//670
f 3106//670 3124//670 3125//670
f 3108//670 3107//670 3113//670
f 2876//671 880//671 2877//671
f 2877//672 880//672 2878//672
f 2878//673 880//673 3126//673
f 2878//674 3126//674 2879//674
f 2879//675 3126//675 3127//675
f 2879//676 3127//676 3128//676
f 3128//677 3127//677 3129//677
f 3128//678 3129//678 3130//678
f 3130//679 3129//679 3131//679
f 3130//680 3131//680 3132//680
f 3132//681 3131//681 3133//681
f 3132//682 3133//682 3134//682
f 3134//683 3133//683 3135//683
f 3135//684 3133//684 3136//684
f 3135//684 3136//684 895//684
f 895//684 3136//684 893//684
f 893//685 3136//685 3137//685
f 893//685 3137//685 891//685
f 891//686 3137//686 3138//686
f 891//686 3138//686 889//686
f 889//687 3138//687 3139//687
f 889//687 3139//687 887//687
f 887//688 3139//688 3140//688
f 887//688 3140//688 885//688
f 885//689 3140//689 880//689
f 880//689 3140//689 3126//689
f 3127//688 3126//688 3140//688
f 3127//688 3140//688 3139//688
f 3127//687 3139//687 3138//687
f 3127//687 3138//687 3129//687
f 3129//686 3138//686 3137//686
f 3129//686 3137//686 3131//686
f 3131//685 3137//685 3136//685
f 3131//685 3136//685 3133//685
f 1891//690 3141//690 1884//690
f 1884//690 3141//690 3142//690
f 1884//690 3142//690 2803//690
f 2803//690 3142//690 2804//690
f 2804//691 3142//691 3143//691
f 2804//691 3143//691 2805//691
f 2805//692 3143//692 3144//692
f 2805//692 3144//692 2807//692
f 2807//693 3144//693 3145//693
f 2807//693 3145//693 2808//693
f 2808//694 3145//694 3146//694
f 2808//694 3146//694 2809//694
f 2809//695 3146//695 3147//695
f 2809//695 3147//695 2810//695
f 2810//696 3147//696 3148//696
f 2810//696 3148//696 2811//696
f 2811//697 3148//697 3149//697
f 2811//697 3149//697 2812//697
f 2812//698 3149//698 2806//698
f 2806//698 3149//698 3150//698
f 2806//698 3150//698 1880//698
f 1880//698 3150//698 1883//698
f 1883//697 3150//697 3151//697
f 1883//697 3151//697 1885//697
f 1885//696 3151//696 3152//696
f 1885//696 3152//696 1886//696
f 1886//695 3152//695 3153//695
f 1886//695 3153//695 1887//695
f 1887//694 3153//694 3154//694
f 1887//694 3154//694 1888//694
f 1888//693 3154//693 3155//693
f 1888//693 3155//693 1889//693
f 1889//692 3155//692 3156//692
f 1889//692 3156//692 1890//692
f 1890//691 3156//691 3141//691
f 1890//691 3141//691 1891//691
f 3143//691 3142//691 3141//691
f 3143//691 3141//691 3156//691
f 3143//692 3156//692 3155//692
f 3143//692 3155//692 3144//692
f 3144//693 3155//693 3154//693
f 3144//693 3154//693 3145//693
f 3145//694 3154//694 3153//694
f 3145//694 3153//694 3146//694
f 3146//695 3153//695 3152//695
f 3146//695 3152//695 3147//695
f 3147//696 3152//696 3151//696
f 3147//696 3151//696 3148//696
f 3148//697 3151//697 3150//697
f 3148//697 3150//697 3149//697
f 2806//699 1880//699 899//699
f 2806//700 899//700 2800//700
f 2800//701 899//701 3157//701
f 1884//702 2803//702 2802//702
f 1884//702 2802//702 1881//702
f 884//703 883//703 3158//703
f 3158//703 883//703 2748//703
f 3158//703 2748//703 3159//703
f 3159//703 2748//703 2747//703
f 3159//704 2747//704 2746//704
f 3159//704 2746//704 3160//704
f 3160//705 2746//705 2745//705
f 3160//705 2745//705 3161//705
f 3161//706 2745//706 2741//706
f 3161//706 2741//706 3162//706
f 3162//707 2741//707 2740//707
f 3162//707 2740//707 3163//707
f 3163//708 2740//708 2738//708
f 2738//708 894//708 3163//708
f 3163//708 894//708 3164//708
f 3163//707 3164//707 3165//707
f 3163//707 3165//707 3162//707
f 3162//706 3165//706 3166//706
f 3162//706 3166//706 3161//706
f 3161//705 3166//705 3167//705
f 3161//705 3167//705 3160//705
f 3160//704 3167//704 3158//704
f 3160//704 3158//704 3159//704
f 894//708 892//708 3164//708
f 3164//707 892//707 890//707
f 3164//707 890//707 3165//707
f 3165//706 890//706 888//706
f 3165//706 888//706 3166//706
f 3166//705 888//705 886//705
f 3166//705 886//705 3167//705
f 3167//704 886//704 884//704
f 3167//704 884//704 3158//704
f 2744//709 3168//709 2742//709
f 2742//710 3168//710 3169//710
f 2742//710 3169//710 896//710
f 896//710 3169//710 1878//710
f 1878//711 3169//711 3170//711
f 1878//711 3170//711 1879//711
f 1879//712 3170//712 3171//712
f 1879//712 3171//712 898//712
f 898//713 3171//713 899//713
f 899//713 3171//713 3172//713
f 899//714 3172//714 3173//714
f 3173//715 3172//715 3174//715
f 3174//716 3172//716 2737//716
f 2737//717 3172//717 3175//717
f 2737//718 3175//718 2743//718
f 2743//719 3175//719 3168//719
f 2743//720 3168//720 2744//720
f 3173//721 3157//721 899//721
f 3170//711 3169//711 3168//711
f 3170//711 3168//711 3175//711
f 3170//712 3175//712 3172//712
f 3170//712 3172//712 3171//712
f 2802//722 2801//722 1881//722
f 1881//723 2801//723 2799//723
f 1881//724 2799//724 2798//724
f 1881//725 2798//725 1882//725
f 1882//726 2798//726 3176//726
f 3176//727 3177//727 1882//727
f 1882//728 3177//728 3178//728
f 1882//729 3178//729 3179//729
f 1882//729 3179//729 1892//729
f 1892//730 3179//730 3180//730
f 1892//730 3180//730 1893//730
f 1893//731 3180//731 897//731
f 897//731 3180//731 3181//731
f 897//732 3181//732 2816//732
f 2816//733 3181//733 3182//733
f 2816//734 3182//734 2817//734
f 2817//735 3182//735 2818//735
f 2818//736 3182//736 3183//736
f 2818//737 3183//737 2815//737
f 2815//738 3183//738 3177//738
f 3177//728 3183//728 3178//728
f 2816//739 2814//739 897//739
f 3179//729 3178//729 3183//729
f 3179//729 3183//729 3182//729
f 3179//730 3182//730 3181//730
f 3179//730 3181//730 3180//730
f 3135//740 895//740 897//740
f 3135//741 897//741 2813//741
f 2813//742 897//742 2814//742
f 894//743 2738//743 2742//743
f 894//743 2742//743 896//743
f 2748//744 883//744 902//744
f 2748//744 902//744 2750//744
f 2750//745 902//745 903//745
f 2750//745 903//745 2753//745
f 2753//746 903//746 905//746
f 2753//746 905//746 2754//746
f 2838//747 2835//747 3184//747
f 3184//747 2835//747 977//747
f 3184//747 977//747 3185//747
f 3185//747 977//747 976//747
f 3185//748 976//748 979//748
f 3185//748 979//748 3186//748
f 3186//749 979//749 981//749
f 3186//749 981//749 3187//749
f 3187//750 981//750 983//750
f 3187//750 983//750 3188//750
f 3188//751 983//751 985//751
f 3188//751 985//751 3189//751
f 3189//752 985//752 987//752
f 987//752 2854//752 3189//752
f 3189//752 2854//752 3190//752
f 3189//751 3190//751 3191//751
f 3189//751 3191//751 3188//751
f 3188//750 3191//750 3192//750
f 3188//750 3192//750 3187//750
f 3187//749 3192//749 3193//749
f 3187//749 3193//749 3186//749
f 3186//748 3193//748 3184//748
f 3186//748 3184//748 3185//748
f 2854//752 2853//752 3190//752
f 3190//751 2853//751 2851//751
f 3190//751 2851//751 3191//751
f 3191//750 2851//750 2848//750
f 3191//750 2848//750 3192//750
f 3192//749 2848//749 2846//749
f 3192//749 2846//749 3193//749
f 3193//748 2846//748 2838//748
f 3193//748 2838//748 3184//748
f 1007//753 3194//753 1000//753
f 1000//753 3194//753 3195//753
f 1000//753 3195//753 2864//753
f 2864//753 3195//753 2866//753
f 2866//754 3195//754 3196//754
f 2866//754 3196//754 2867//754
f 2867//755 3196//755 3197//755
f 2867//755 3197//755 2868//755
f 2868//756 3197//756 3198//756
f 2868//756 3198//756 2869//756
f 2869//757 3198//757 3199//757
f 2869//757 3199//757 2870//757
f 2870//758 3199//758 3200//758
f 2870//758 3200//758 2871//758
f 2871//759 3200//759 3201//759
f 2871//759 3201//759 2872//759
f 2872//760 3201//760 3202//760
f 2872//760 3202//760 2865//760
f 2865//761 3202//761 2861//761
f 2861//761 3202//761 3203//761
f 2861//761 3203//761 994//761
f 994//761 3203//761 999//761
f 999//760 3203//760 3204//760
f 999//760 3204//760 1001//760
f 1001//759 3204//759 3205//759
f 1001//759 3205//759 1002//759
f 1002//758 3205//758 3206//758
f 1002//758 3206//758 1003//758
f 1003//757 3206//757 3207//757
f 1003//757 3207//757 1004//757
f 1004//756 3207//756 3208//756
f 1004//756 3208//756 1005//756
f 1005//755 3208//755 3209//755
f 1005//755 3209//755 1006//755
f 1006//754 3209//754 3194//754
f 1006//754 3194//754 1007//754
f 3196//754 3195//754 3194//754
f 3196//754 3194//754 3209//754
f 3196//755 3209//755 3208//755
f 3196//755 3208//755 3197//755
f 3197//756 3208//756 3207//756
f 3197//756 3207//756 3198//756
f 3198//757 3207//757 3206//757
f 3198//757 3206//757 3199//757
f 3199//758 3206//758 3205//758
f 3199//758 3205//758 3200//758
f 3200//759 3205//759 3204//759
f 3200//759 3204//759 3201//759
f 3201//760 3204//760 3203//760
f 3201//760 3203//760 3202//760
f 2861//762 994//762 993//762
f 2861//762 993//762 2857//762
f 1000//763 2864//763 2860//763
f 1000//763 2860//763 995//763
f 975//764 974//764 3210//764
f 3210//764 974//764 2841//764
f 3210//764 2841//764 3211//764
f 3211//764 2841//764 2839//764
f 3211//765 2839//765 2847//765
f 3211//765 2847//765 3212//765
f 3212//766 2847//766 2875//766
f 3212//766 2875//766 3213//766
f 3213//767 2875//767 2850//767
f 3213//767 2850//767 3214//767
f 3214//768 2850//768 2849//768
f 3214//768 2849//768 3215//768
f 3215//769 2849//769 2852//769
f 2852//769 986//769 3215//769
f 3215//769 986//769 3216//769
f 3215//768 3216//768 3217//768
f 3215//768 3217//768 3214//768
f 3214//767 3217//767 3218//767
f 3214//767 3218//767 3213//767
f 3213//766 3218//766 3219//766
f 3213//766 3219//766 3212//766
f 3212//765 3219//765 3210//765
f 3212//765 3210//765 3211//765
f 986//769 984//769 3216//769
f 3216//768 984//768 982//768
f 3216//768 982//768 3217//768
f 3217//767 982//767 980//767
f 3217//767 980//767 3218//767
f 3218//766 980//766 978//766
f 3218//766 978//766 3219//766
f 3219//765 978//765 975//765
f 3219//765 975//765 3210//765
f 2874//770 3220//770 2856//770
f 2856//770 3220//770 3221//770
f 2856//770 3221//770 988//770
f 988//770 3221//770 990//770
f 990//771 3221//771 3222//771
f 990//771 3222//771 991//771
f 991//772 3222//772 3223//772
f 991//772 3223//772 992//772
f 992//773 3223//773 993//773
f 993//773 3223//773 3224//773
f 993//773 3224//773 2857//773
f 2857//773 3224//773 2858//773
f 2858//772 3224//772 3225//772
f 2858//772 3225//772 2873//772
f 2873//771 3225//771 3220//771
f 2873//771 3220//771 2874//771
f 3222//771 3221//771 3220//771
f 3222//771 3220//771 3225//771
f 3222//772 3225//772 3224//772
f 3222//772 3224//772 3223//772
f 2863//774 3226//774 2860//774
f 2860//774 3226//774 3227//774
f 2860//774 3227//774 995//774
f 995//774 3227//774 998//774
f 998//775 3227//775 3228//775
f 998//775 3228//775 997//775
f 997//776 3228//776 3229//776
f 997//776 3229//776 996//776
f 996//777 3229//777 989//777
f 989//777 3229//777 3230//777
f 989//777 3230//777 2855//777
f 2855//777 3230//777 2859//777
f 2859//776 3230//776 3231//776
f 2859//776 3231//776 2862//776
f 2862//775 3231//775 3226//775
f 2862//775 3226//775 2863//775
f 3228//775 3227//775 3226//775
f 3228//775 3226//775 3231//775
f 3228//776 3231//776 3230//776
f 3228//776 3230//776 3229//776
f 2854//778 987//778 989//778
f 2854//778 989//778 2855//778
f 986//779 2852//779 2856//779
f 986//779 2856//779 988//779
f 880//780 2876//780 2845//780
f 880//780 2845//780 881//780
f 881//781 2845//781 2843//781
f 881//781 2843//781 973//781
f 973//782 2843//782 2841//782
f 973//782 2841//782 974//782
f 2958//783 1015//783 2959//783
f 2959//784 1015//784 2960//784
f 2960//785 1015//785 3232//785
f 2960//786 3232//786 2961//786
f 2961//787 3232//787 3233//787
f 2961//788 3233//788 3234//788
f 3234//789 3233//789 3235//789
f 3234//790 3235//790 3236//790
f 3236//791 3235//791 3237//791
f 3236//792 3237//792 3238//792
f 3238//793 3237//793 3239//793
f 3238//794 3239//794 3240//794
f 3240//795 3239//795 3241//795
f 3241//796 3239//796 3242//796
f 3241//796 3242//796 1029//796
f 1029//796 3242//796 1027//796
f 1027//797 3242//797 3243//797
f 1027//797 3243//797 1025//797
f 1025//798 3243//798 3244//798
f 1025//798 3244//798 1023//798
f 1023//799 3244//799 3245//799
f 1023//799 3245//799 1021//799
f 1021//800 3245//800 3246//800
f 1021//800 3246//800 1019//800
f 1019//801 3246//801 1015//801
f 1015//801 3246//801 3232//801
f 3233//800 3232//800 3246//800
f 3233//800 3246//800 3245//800
f 3233//799 3245//799 3244//799
f 3233//799 3244//799 3235//799
f 3235//798 3244//798 3243//798
f 3235//798 3243//798 3237//798
f 3237//797 3243//797 3242//797
f 3237//797 3242//797 3239//797
f 1049//802 3247//802 1042//802
f 1042//802 3247//802 3248//802
f 1042//802 3248//802 2885//802
f 2885//802 3248//802 2888//802
f 2888//803 3248//803 3249//803
f 2888//803 3249//803 2889//803
f 2889//804 3249//804 3250//804
f 2889//804 3250//804 2890//804
f 2890//805 3250//805 3251//805
f 2890//805 3251//805 2891//805
f 2891//806 3251//806 3252//806
f 2891//806 3252//806 2892//806
f 2892//807 3252//807 3253//807
f 2892//807 3253//807 2893//807
f 2893//808 3253//808 3254//808
f 2893//808 3254//808 2886//808
f 2886//809 3254//809 3255//809
f 2886//809 3255//809 2887//809
f 2887//810 3255//810 2894//810
f 2894//810 3255//810 3256//810
f 2894//810 3256//810 1036//810
f 1036//810 3256//810 1041//810
f 1041//809 3256//809 3257//809
f 1041//809 3257//809 1043//809
f 1043//808 3257//808 3258//808
f 1043//808 3258//808 1044//808
f 1044//807 3258//807 3259//807
f 1044//807 3259//807 1045//807
f 1045//806 3259//806 3260//806
f 1045//806 3260//806 1046//806
f 1046//805 3260//805 3261//805
f 1046//805 3261//805 1047//805
f 1047//804 3261//804 3262//804
f 1047//804 3262//804 1048//804
f 1048//803 3262//803 3247//803
f 1048//803 3247//803 1049//803
f 3249//803 3248//803 3247//803
f 3249//803 3247//803 3262//803
f 3249//804 3262//804 3261//804
f 3249//804 3261//804 3250//804
f 3250//805 3261//805 3260//805
f 3250//805 3260//805 3251//805
f 3251//806 3260//806 3259//806
f 3251//806 3259//806 3252//806
f 3252//807 3259//807 3258//807
f 3252//807 3258//807 3253//807
f 3253//808 3258//808 3257//808
f 3253//808 3257//808 3254//808
f 3254//809 3257//809 3256//809
f 3254//809 3256//809 3255//809
f 2894//811 1036//811 1035//811
f 2894//812 1035//812 2880//812
f 2880//813 1035//813 3263//813
f 1042//814 2885//814 2883//814
f 1042//814 2883//814 1037//814
f 1018//815 1012//815 3264//815
f 3264//815 1012//815 2830//815
f 3264//815 2830//815 3265//815
f 3265//815 2830//815 2829//815
f 3265//816 2829//816 2828//816
f 3265//816 2828//816 3266//816
f 3266//817 2828//817 2827//817
f 3266//817 2827//817 3267//817
f 3267//818 2827//818 2823//818
f 3267//818 2823//818 3268//818
f 3268//819 2823//819 2822//819
f 3268//819 2822//819 3269//819
f 3269//820 2822//820 2820//820
f 2820//820 1028//820 3269//820
f 3269//820 1028//820 3270//820
f 3269//819 3270//819 3271//819
f 3269//819 3271//819 3268//819
f 3268//818 3271//818 3272//818
f 3268//818 3272//818 3267//818
f 3267//817 3272//817 3273//817
f 3267//817 3273//817 3266//817
f 3266//816 3273//816 3264//816
f 3266//816 3264//816 3265//816
f 1028//820 1026//820 3270//820
f 3270//819 1026//819 1024//819
f 3270//819 1024//819 3271//819
f 3271//818 1024//818 1022//818
f 3271//818 1022//818 3272//818
f 3272//817 1022//817 1020//817
f 3272//817 1020//817 3273//817
f 3273//816 1020//816 1018//816
f 3273//816 1018//816 3264//816
f 2826//821 3274//821 2824//821
f 2824//822 3274//822 3275//822
f 2824//822 3275//822 1030//822
f 1030//822 3275//822 1032//822
f 1032//823 3275//823 3276//823
f 1032//823 3276//823 1033//823
f 1033//824 3276//824 3277//824
f 1033//824 3277//824 1034//824
f 1034//825 3277//825 1035//825
f 1035//825 3277//825 3278//825
f 1035//826 3278//826 3279//826
f 3279//827 3278//827 3280//827
f 3280//828 3278//828 2819//828
f 2819//829 3278//829 3281//829
f 2819//830 3281//830 2825//830
f 2825//831 3281//831 3274//831
f 2825//832 3274//832 2826//832
f 3279//833 3263//833 1035//833
f 3276//823 3275//823 3274//823
f 3276//823 3274//823 3281//823
f 3276//824 3281//824 3278//824
f 3276//824 3278//824 3277//824
f 2883//834 2884//834 1037//834
f 1037//835 2884//835 2882//835
f 1037//836 2882//836 2881//836
f 1037//837 2881//837 1040//837
f 1040//838 2881//838 3282//838
f 3282//839 3283//839 1040//839
f 1040//840 3283//840 3284//840
f 1040//841 3284//841 3285//841
f 1040//841 3285//841 1039//841
f 1039//842 3285//842 3286//842
f 1039//842 3286//842 1038//842
f 1038//843 3286//843 1031//843
f 1031//843 3286//843 3287//843
f 1031//844 3287//844 2898//844
f 2898//845 3287//845 3288//845
f 2898//846 3288//846 2899//846
f 2899//847 3288//847 2900//847
f 2900//848 3288//848 3289//848
f 2900//849 3289//849 2897//849
f 2897//850 3289//850 3283//850
f 3283//840 3289//840 3284//840
f 2898//851 2896//851 1031//851
f 3285//841 3284//841 3289//841
f 3285//841 3289//841 3288//841
f 3285//842 3288//842 3287//842
f 3285//842 3287//842 3286//842
f 3241//852 1029//852 1031//852
f 3241//853 1031//853 2895//853
f 2895//854 1031//854 2896//854
f 1028//855 2820//855 2824//855
f 1028//855 2824//855 1030//855
f 977//856 2835//856 2834//856
f 977//856 2834//856 1008//856
f 1008//857 2834//857 2832//857
f 1008//857 2832//857 1011//857
f 1011//858 2832//858 2830//858
f 1011//858 2830//858 1012//858
f 2925//859 2918//859 3290//859
f 3290//859 2918//859 745//859
f 3290//859 745//859 3291//859
f 3291//859 745//859 1051//859
f 3291//860 1051//860 1053//860
f 3291//860 1053//860 3292//860
f 3292//861 1053//861 1055//861
f 3292//861 1055//861 3293//861
f 3293//862 1055//862 1057//862
f 3293//862 1057//862 3294//862
f 3294//863 1057//863 1059//863
f 3294//863 1059//863 3295//863
f 3295//864 1059//864 1061//864
f 1061//864 2935//864 3295//864
f 3295//864 2935//864 3296//864
f 3295//863 3296//863 3297//863
f 3295//863 3297//863 3294//863
f 3294//862 3297//862 3298//862
f 3294//862 3298//862 3293//862
f 3293//861 3298//861 3299//861
f 3293//861 3299//861 3292//861
f 3292//860 3299//860 3290//860
f 3292//860 3290//860 3291//860
f 2935//864 2933//864 3296//864
f 3296//863 2933//863 2931//863
f 3296//863 2931//863 3297//863
f 3297//862 2931//862 2929//862
f 3297//862 2929//862 3298//862
f 3298//861 2929//861 2927//861
f 3298//861 2927//861 3299//861
f 3299//860 2927//860 2925//860
f 3299//860 2925//860 3290//860
f 1080//865 3300//865 1074//865
f 1074//865 3300//865 3301//865
f 1074//865 3301//865 2945//865
f 2945//865 3301//865 2947//865
f 2947//866 3301//866 3302//866
f 2947//866 3302//866 2951//866
f 2951//867 3302//867 3303//867
f 2951//867 3303//867 2948//867
f 2948//868 3303//868 3304//868
f 2948//868 3304//868 2949//868
f 2949//869 3304//869 3305//869
f 2949//869 3305//869 2950//869
f 2950//870 3305//870 3306//870
f 2950//870 3306//870 2952//870
f 2952//871 3306//871 3307//871
f 2952//871 3307//871 2953//871
f 2953//872 3307//872 3308//872
f 2953//872 3308//872 2946//872
f 2946//873 3308//873 2941//873
f 2941//873 3308//873 3309//873
f 2941//873 3309//873 1068//873
f 1068//873 3309//873 1073//873
f 1073//872 3309//872 3310//872
f 1073//872 3310//872 1075//872
f 1075//871 3310//871 3311//871
f 1075//871 3311//871 1076//871
f 1076//870 3311//870 3312//870
f 1076//870 3312//870 1077//870
f 1077//869 3312//869 3313//869
f 1077//869 3313//869 1078//869
f 1078//868 3313//868 3314//868
f 1078//868 3314//868 1079//868
f 1079//867 3314//867 3315//867
f 1079//867 3315//867 1081//867
f 1081//866 3315//866 3300//866
f 1081//866 3300//866 1080//866
f 3302//866 3301//866 3300//866
f 3302//866 3300//866 3315//866
f 3302//867 3315//867 3314//867
f 3302//867 3314//867 3303//867
f 3303//868 3314//868 3313//868
f 3303//868 3313//868 3304//868
f 3304//869 3313//869 3312//869
f 3304//869 3312//869 3305//869
f 3305//870 3312//870 3311//870
f 3305//870 3311//870 3306//870
f 3306//871 3311//871 3310//871
f 3306//871 3310//871 3307//871
f 3307//872 3310//872 3309//872
f 3307//872 3309//872 3308//872
f 2941//874 1068//874 1067//874
f 2941//874 1067//874 2942//874
f 1074//875 2945//875 2940//875
f 1074//875 2940//875 1069//875
f 1050//876 776//876 3316//876
f 3316//876 776//876 2922//876
f 3316//876 2922//876 3317//876
f 3317//876 2922//876 2926//876
f 3317//877 2926//877 2928//877
f 3317//877 2928//877 3318//877
f 3318//878 2928//878 2930//878
f 3318//878 2930//878 3319//878
f 3319//879 2930//879 2932//879
f 3319//879 2932//879 3320//879
f 3320//880 2932//880 2934//880
f 3320//880 2934//880 3321//880
f 3321//881 2934//881 2936//881
f 2936//881 1060//881 3321//881
f 3321//881 1060//881 3322//881
f 3321//880 3322//880 3323//880
f 3321//880 3323//880 3320//880
f 3320//879 3323//879 3324//879
f 3320//879 3324//879 3319//879
f 3319//878 3324//878 3325//878
f 3319//878 3325//878 3318//878
f 3318//877 3325//877 3316//877
f 3318//877 3316//877 3317//877
f 1060//881 1058//881 3322//881
f 3322//880 1058//880 1056//880
f 3322//880 1056//880 3323//880
f 3323//879 1056//879 1054//879
f 3323//879 1054//879 3324//879
f 3324//878 1054//878 1052//878
f 3324//878 1052//878 3325//878
f 3325//877 1052//877 1050//877
f 3325//877 1050//877 3316//877
f 2956//882 3326//882 2938//882
f 2938//882 3326//882 3327//882
f 2938//882 3327//882 1062//882
f 1062//882 3327//882 1064//882
f 1064//883 3327//883 3328//883
f 1064//883 3328//883 1065//883
f 1065//884 3328//884 3329//884
f 1065//884 3329//884 1066//884
f 1066//885 3329//885 1067//885
f 1067//885 3329//885 3330//885
f 1067//885 3330//885 2942//885
f 2942//885 3330//885 2954//885
f 2954//884 3330//884 3331//884
f 2954//884 3331//884 2955//884
f 2955//883 3331//883 3326//883
f 2955//883 3326//883 2956//883
f 3328//883 3327//883 3326//883
f 3328//883 3326//883 3331//883
f 3328//884 3331//884 3330//884
f 3328//884 3330//884 3329//884
f 2944//886 3332//886 2940//886
f 2940//886 3332//886 3333//886
f 2940//886 3333//886 1069//886
f 1069//886 3333//886 1072//886
f 1072//887 3333//887 3334//887
f 1072//887 3334//887 1071//887
f 1071//888 3334//888 3335//888
f 1071//888 3335//888 1070//888
f 1070//889 3335//889 1063//889
f 1063//889 3335//889 3336//889
f 1063//889 3336//889 2937//889
f 2937//889 3336//889 2939//889
f 2939//888 3336//888 3337//888
f 2939//888 3337//888 2943//888
f 2943//887 3337//887 3332//887
f 2943//887 3332//887 2944//887
f 3334//887 3333//887 3332//887
f 3334//887 3332//887 3337//887
f 3334//888 3337//888 3336//888
f 3334//888 3336//888 3335//888
f 2935//890 1061//890 1063//890
f 2935//890 1063//890 2937//890
f 1060//891 2936//891 2938//891
f 1060//891 2938//891 1062//891
f 1015//892 2958//892 2957//892
f 1015//892 2957//892 1017//892
f 1017//893 2957//893 2924//893
f 1017//893 2924//893 775//893
f 775//894 2924//894 2922//894
f 775//894 2922//894 776//894
f 3039//895 722//895 3040//895
f 3040//896 722//896 3041//896
f 3041//897 722//897 3338//897
f 3041//898 3338//898 3042//898
f 3042//899 3338//899 3339//899
f 3042//900 3339//900 3340//900
f 3340//901 3339//901 3341//901
f 3340//902 3341//902 3342//902
f 3342//903 3341//903 3343//903
f 3342//904 3343//904 3344//904
f 3344//905 3343//905 3345//905
f 3344//906 3345//906 3346//906
f 3346//907 3345//907 3347//907
f 3347//908 3345//908 3348//908
f 3347//908 3348//908 733//908
f 733//908 3348//908 731//908
f 731//909 3348//909 3349//909
f 731//909 3349//909 729//909
f 729//910 3349//910 3350//910
f 729//910 3350//910 727//910
f 727//911 3350//911 3351//911
f 727//911 3351//911 726//911
f 726//912 3351//912 3352//912
f 726//912 3352//912 723//912
f 723//913 3352//913 722//913
f 722//913 3352//913 3338//913
f 3339//912 3338//912 3352//912
f 3339//912 3352//912 3351//912
f 3339//911 3351//911 3350//911
f 3339//911 3350//911 3341//911
f 3341//910 3350//910 3349//910
f 3341//910 3349//910 3343//910
f 3343//909 3349//909 3348//909
f 3343//909 3348//909 3345//909
f 1093//914 3353//914 1089//914
f 1089//914 3353//914 3354//914
f 1089//914 3354//914 2969//914
f 2969//914 3354//914 2973//914
f 2973//915 3354//915 3355//915
f 2973//915 3355//915 2975//915
f 2975//916 3355//916 3356//916
f 2975//916 3356//916 2976//916
f 2976//917 3356//917 3357//917
f 2976//917 3357//917 2974//917
f 2974//918 3357//918 3358//918
f 2974//918 3358//918 2972//918
f 2972//919 3358//919 3359//919
f 2972//919 3359//919 2971//919
f 2971//920 3359//920 3360//920
f 2971//920 3360//920 2970//920
f 2970//921 3360//921 3361//921
f 2970//921 3361//921 2968//921
f 2968//922 3361//922 2965//922
f 2965//922 3361//922 3362//922
f 2965//922 3362//922 1087//922
f 1087//922 3362//922 1088//922
f 1088//921 3362//921 3363//921
f 1088//921 3363//921 1090//921
f 1090//920 3363//920 3364//920
f 1090//920 3364//920 1091//920
f 1091//919 3364//919 3365//919
f 1091//919 3365//919 1092//919
f 1092//918 3365//918 3366//918
f 1092//918 3366//918 1094//918
f 1094//917 3366//917 3367//917
f 1094//917 3367//917 1096//917
f 1096//916 3367//916 3368//916
f 1096//916 3368//916 1095//916
f 1095//915 3368//915 3353//915
f 1095//915 3353//915 1093//915
f 3355//915 3354//915 3353//915
f 3355//915 3353//915 3368//915
f 3355//916 3368//916 3367//916
f 3355//916 3367//916 3356//916
f 3356//917 3367//917 3366//917
f 3356//917 3366//917 3357//917
f 3357//918 3366//918 3365//918
f 3357//918 3365//918 3358//918
f 3358//919 3365//919 3364//919
f 3358//919 3364//919 3359//919
f 3359//920 3364//920 3363//920
f 3359//920 3363//920 3360//920
f 3360//921 3363//921 3362//921
f 3360//921 3362//921 3361//921
f 2965//923 1087//923 737//923
f 2965//924 737//924 2962//924
f 2962//925 737//925 3369//925
f 1089//926 2969//926 2967//926
f 1089//926 2967//926 1083//926
f 740//927 739//927 3370//927
f 3370//927 739//927 2912//927
f 3370//927 2912//927 3371//927
f 3371//927 2912//927 2911//927
f 3371//928 2911//928 2910//928
f 3371//928 2910//928 3372//928
f 3372//929 2910//929 2909//929
f 3372//929 2909//929 3373//929
f 3373//930 2909//930 2905//930
f 3373//930 2905//930 3374//930
f 3374//931 2905//931 2904//931
f 3374//931 2904//931 3375//931
f 3375//932 2904//932 2902//932
f 2902//932 732//932 3375//932
f 3375//932 732//932 3376//932
f 3375//931 3376//931 3377//931
f 3375//931 3377//931 3374//931
f 3374//930 3377//930 3378//930
f 3374//930 3378//930 3373//930
f 3373//929 3378//929 3379//929
f 3373//929 3379//929 3372//929
f 3372//928 3379//928 3370//928
f 3372//928 3370//928 3371//928
f 732//932 730//932 3376//932
f 3376//931 730//931 728//931
f 3376//931 728//931 3377//931
f 3377//930 728//930 725//930
f 3377//930 725//930 3378//930
f 3378//929 725//929 724//929
f 3378//929 724//929 3379//929
f 3379//928 724//928 740//928
f 3379//928 740//928 3370//928
f 2907//933 3380//933 2908//933
f 2908//934 3380//934 3381//934
f 2908//934 3381//934 734//934
f 734//934 3381//934 736//934
f 736//935 3381//935 3382//935
f 736//935 3382//935 738//935
f 738//936 3382//936 3383//936
f 738//936 3383//936 1082//936
f 1082//937 3383//937 737//937
f 737//937 3383//937 3384//937
f 737//938 3384//938 3385//938
f 3385//939 3384//939 3386//939
f 3386//940 3384//940 2901//940
f 2901//941 3384//941 3387//941
f 2901//942 3387//942 2906//942
f 2906//943 3387//943 3380//943
f 2906//944 3380//944 2907//944
f 3385//945 3369//945 737//945
f 3382//935 3381//935 3380//935
f 3382//935 3380//935 3387//935
f 3382//936 3387//936 3384//936
f 3382//936 3384//936 3383//936
f 2967//946 2966//946 1083//946
f 1083//947 2966//947 2964//947
f 1083//948 2964//948 2963//948
f 1083//949 2963//949 1086//949
f 1086//950 2963//950 3388//950
f 3388//951 3389//951 1086//951
f 1086//952 3389//952 3390//952
f 1086//953 3390//953 3391//953
f 1086//953 3391//953 1085//953
f 1085//954 3391//954 3392//954
f 1085//954 3392//954 1084//954
f 1084//955 3392//955 735//955
f 735//955 3392//955 3393//955
f 735//956 3393//956 2982//956
f 2982//957 3393//957 3394//957
f 2982//958 3394//958 2981//958
f 2981//959 3394//959 2980//959
f 2980//960 3394//960 3395//960
f 2980//961 3395//961 2979//961
f 2979//962 3395//962 3389//962
f 3389//952 3395//952 3390//952
f 2982//963 2978//963 735//963
f 3391//953 3390//953 3395//953
f 3391//953 3395//953 3394//953
f 3391//954 3394//954 3393//954
f 3391//954 3393//954 3392//954
f 3347//964 733//964 735//964
f 3347//965 735//965 2977//965
f 2977//966 735//966 2978//966
f 732//967 2902//967 2908//967
f 732//967 2908//967 734//967
f 745//968 2918//968 2917//968
f 745//968 2917//968 743//968
f 743//969 2917//969 2914//969
f 743//969 2914//969 741//969
f 741//970 2914//970 2912//970
f 741//970 2912//970 739//970
f 3006//971 3000//971 3396//971
f 3396//971 3000//971 705//971
f 3396//971 705//971 3397//971
f 3397//971 705//971 707//971
f 3397//972 707//972 706//972
f 3397//972 706//972 3398//972
f 3398//973 706//973 708//973
f 3398//973 708//973 3399//973
f 3399//974 708//974 709//974
f 3399//974 709//974 3400//974
f 3400//975 709//975 712//975
f 3400//975 712//975 3401//975
f 3401//976 712//976 713//976
f 713//976 3016//976 3401//976
f 3401//976 3016//976 3402//976
f 3401//975 3402//975 3403//975
f 3401//975 3403//975 3400//975
f 3400//974 3403//974 3404//974
f 3400//974 3404//974 3399//974
f 3399//973 3404//973 3405//973
f 3399//973 3405//973 3398//973
f 3398//972 3405//972 3396//972
f 3398//972 3396//972 3397//972
f 3016//976 3014//976 3402//976
f 3402//975 3014//975 3012//975
f 3402//975 3012//975 3403//975
f 3403//974 3012//974 3010//974
f 3403//974 3010//974 3404//974
f 3404//973 3010//973 3008//973
f 3404//973 3008//973 3405//973
f 3405//972 3008//972 3006//972
f 3405//972 3006//972 3396//972
f 1110//977 3406//977 1108//977
f 1108//977 3406//977 3407//977
f 1108//977 3407//977 3024//977
f 3024//977 3407//977 3034//977
f 3034//978 3407//978 3408//978
f 3034//978 3408//978 3033//978
f 3033//979 3408//979 3409//979
f 3033//979 3409//979 3032//979
f 3032//980 3409//980 3410//980
f 3032//980 3410//980 3031//980
f 3031//981 3410//981 3411//981
f 3031//981 3411//981 3030//981
f 3030//982 3411//982 3412//982
f 3030//982 3412//982 3029//982
f 3029//983 3412//983 3413//983
f 3029//983 3413//983 3028//983
f 3028//984 3413//984 3414//984
f 3028//984 3414//984 3027//984
f 3027//985 3414//985 3026//985
f 3026//985 3414//985 3415//985
f 3026//985 3415//985 1106//985
f 1106//985 3415//985 1107//985
f 1107//984 3415//984 3416//984
f 1107//984 3416//984 1109//984
f 1109//983 3416//983 3417//983
f 1109//983 3417//983 1112//983
f 1112//982 3417//982 3418//982
f 1112//982 3418//982 1114//982
f 1114//981 3418//981 3419//981
f 1114//981 3419//981 1115//981
f 1115//980 3419//980 3420//980
f 1115//980 3420//980 1113//980
f 1113//979 3420//979 3421//979
f 1113//979 3421//979 1111//979
f 1111//978 3421//978 3406//978
f 1111//978 3406//978 1110//978
f 3408//978 3407//978 3406//978
f 3408//978 3406//978 3421//978
f 3408//979 3421//979 3420//979
f 3408//979 3420//979 3409//979
f 3409//980 3420//980 3419//980
f 3409//980 3419//980 3410//980
f 3410//981 3419//981 3418//981
f 3410//981 3418//981 3411//981
f 3411//982 3418//982 3417//982
f 3411//982 3417//982 3412//982
f 3412//983 3417//983 3416//983
f 3412//983 3416//983 3413//983
f 3413//984 3416//984 3415//984
f 3413//984 3415//984 3414//984
f 3026//986 1106//986 1099//986
f 3026//986 1099//986 3025//986
f 1108//987 3024//987 3023//987
f 1108//987 3023//987 1100//987
f 719//988 718//988 3422//988
f 3422//988 718//988 3003//988
f 3422//988 3003//988 3423//988
f 3423//988 3003//988 3007//988
f 3423//989 3007//989 3009//989
f 3423//989 3009//989 3424//989
f 3424//990 3009//990 3011//990
f 3424//990 3011//990 3425//990
f 3425//991 3011//991 3013//991
f 3425//991 3013//991 3426//991
f 3426//992 3013//992 3015//992
f 3426//992 3015//992 3427//992
f 3427//993 3015//993 3017//993
f 3017//993 714//993 3427//993
f 3427//993 714//993 3428//993
f 3427//992 3428//992 3429//992
f 3427//992 3429//992 3426//992
f 3426//991 3429//991 3430//991
f 3426//991 3430//991 3425//991
f 3425//990 3430//990 3431//990
f 3425//990 3431//990 3424//990
f 3424//989 3431//989 3422//989
f 3424//989 3422//989 3423//989
f 714//993 711//993 3428//993
f 3428//992 711//992 710//992
f 3428//992 710//992 3429//992
f 3429//991 710//991 717//991
f 3429//991 717//991 3430//991
f 3430//990 717//990 1097//990
f 3430//990 1097//990 3431//990
f 3431//989 1097//989 719//989
f 3431//989 719//989 3422//989
f 3037//994 3432//994 3019//994
f 3019//994 3432//994 3433//994
f 3019//994 3433//994 716//994
f 716//994 3433//994 1098//994
f 1098//995 3433//995 3434//995
f 1098//995 3434//995 1104//995
f 1104//996 3434//996 3435//996
f 1104//996 3435//996 1105//996
f 1105//997 3435//997 1099//997
f 1099//997 3435//997 3436//997
f 1099//997 3436//997 3025//997
f 3025//997 3436//997 3035//997
f 3035//996 3436//996 3437//996
f 3035//996 3437//996 3036//996
f 3036//995 3437//995 3432//995
f 3036//995 3432//995 3037//995
f 3434//995 3433//995 3432//995
f 3434//995 3432//995 3437//995
f 3434//996 3437//996 3436//996
f 3434//996 3436//996 3435//996
f 3022//998 3438//998 3023//998
f 3023//998 3438//998 3439//998
f 3023//998 3439//998 1100//998
f 1100//998 3439//998 1103//998
f 1103//999 3439//999 3440//999
f 1103//999 3440//999 1102//999
f 1102//1000 3440//1000 3441//1000
f 1102//1000 3441//1000 1101//1000
f 1101//1001 3441//1001 715//1001
f 715//1001 3441//1001 3442//1001
f 715//1001 3442//1001 3018//1001
f 3018//1001 3442//1001 3020//1001
f 3020//1000 3442//1000 3443//1000
f 3020//1000 3443//1000 3021//1000
f 3021//999 3443//999 3438//999
f 3021//999 3438//999 3022//999
f 3440//999 3439//999 3438//999
f 3440//999 3438//999 3443//999
f 3440//1000 3443//1000 3442//1000
f 3440//1000 3442//1000 3441//1000
f 3016//1002 713//1002 715//1002
f 3016//1002 715//1002 3018//1002
f 714//1003 3017//1003 3019//1003
f 714//1003 3019//1003 716//1003
f 722//1004 3039//1004 3038//1004
f 722//1004 3038//1004 721//1004
f 721//1005 3038//1005 3005//1005
f 721//1005 3005//1005 720//1005
f 720//1006 3005//1006 3003//1006
f 720//1006 3003//1006 718//1006
f 3069//1007 696//1007 3068//1007
f 3068//1008 696//1008 3067//1008
f 3067//1009 696//1009 3444//1009
f 3067//1010 3444//1010 3065//1010
f 3065//1011 3444//1011 3445//1011
f 3065//1012 3445//1012 3446//1012
f 3446//1013 3445//1013 3447//1013
f 3446//1014 3447//1014 3448//1014
f 3448//1015 3447//1015 3449//1015
f 3448//1016 3449//1016 3450//1016
f 3450//1017 3449//1017 3451//1017
f 3450//1018 3451//1018 3452//1018
f 3452//1019 3451//1019 3453//1019
f 3453//1020 3451//1020 3454//1020
f 3453//1020 3454//1020 1123//1020
f 1123//1020 3454//1020 1121//1020
f 1121//1021 3454//1021 3455//1021
f 1121//1021 3455//1021 1119//1021
f 1119//1022 3455//1022 3456//1022
f 1119//1022 3456//1022 1117//1022
f 1117//1023 3456//1023 3457//1023
f 1117//1023 3457//1023 700//1023
f 700//1024 3457//1024 3458//1024
f 700//1024 3458//1024 698//1024
f 698//1025 3458//1025 696//1025
f 696//1025 3458//1025 3444//1025
f 3445//1024 3444//1024 3458//1024
f 3445//1024 3458//1024 3457//1024
f 3445//1023 3457//1023 3456//1023
f 3445//1023 3456//1023 3447//1023
f 3447//1022 3456//1022 3455//1022
f 3447//1022 3455//1022 3449//1022
f 3449//1021 3455//1021 3454//1021
f 3449//1021 3454//1021 3451//1021
f 1138//1026 3459//1026 1135//1026
f 1135//1026 3459//1026 3460//1026
f 1135//1026 3460//1026 3049//1026
f 3049//1026 3460//1026 3051//1026
f 3051//1027 3460//1027 3461//1027
f 3051//1027 3461//1027 3052//1027
f 3052//1028 3461//1028 3462//1028
f 3052//1028 3462//1028 3054//1028
f 3054//1029 3462//1029 3463//1029
f 3054//1029 3463//1029 3056//1029
f 3056//1030 3463//1030 3464//1030
f 3056//1030 3464//1030 3058//1030
f 3058//1031 3464//1031 3465//1031
f 3058//1031 3465//1031 3057//1031
f 3057//1032 3465//1032 3466//1032
f 3057//1032 3466//1032 3055//1032
f 3055//1033 3466//1033 3467//1033
f 3055//1033 3467//1033 3053//1033
f 3053//1034 3467//1034 3050//1034
f 3050//1034 3467//1034 3468//1034
f 3050//1034 3468//1034 1134//1034
f 1134//1034 3468//1034 1136//1034
f 1136//1033 3468//1033 3469//1033
f 1136//1033 3469//1033 1140//1033
f 1140//1032 3469//1032 3470//1032
f 1140//1032 3470//1032 1142//1032
f 1142//1031 3470//1031 3471//1031
f 1142//1031 3471//1031 1143//1031
f 1143//1030 3471//1030 3472//1030
f 1143//1030 3472//1030 1141//1030
f 1141//1029 3472//1029 3473//1029
f 1141//1029 3473//1029 1139//1029
f 1139//1028 3473//1028 3474//1028
f 1139//1028 3474//1028 1137//1028
f 1137//1027 3474//1027 3459//1027
f 1137//1027 3459//1027 1138//1027
f 3461//1027 3460//1027 3459//1027
f 3461//1027 3459//1027 3474//1027
f 3461//1028 3474//1028 3473//1028
f 3461//1028 3473//1028 3462//1028
f 3462//1029 3473//1029 3472//1029
f 3462//1029 3472//1029 3463//1029
f 3463//1030 3472//1030 3471//1030
f 3463//1030 3471//1030 3464//1030
f 3464//1031 3471//1031 3470//1031
f 3464//1031 3470//1031 3465//1031
f 3465//1032 3470//1032 3469//1032
f 3465//1032 3469//1032 3466//1032
f 3466//1033 3469//1033 3468//1033
f 3466//1033 3468//1033 3467//1033
f 3050//1035 1134//1035 1127//1035
f 3050//1036 1127//1036 3046//1036
f 3046//1037 1127//1037 3475//1037
f 1135//1038 3049//1038 3048//1038
f 1135//1038 3048//1038 1128//1038
f 702//1039 701//1039 3476//1039
f 3476//1039 701//1039 2994//1039
f 3476//1039 2994//1039 3477//1039
f 3477//1039 2994//1039 2993//1039
f 3477//1040 2993//1040 2992//1040
f 3477//1040 2992//1040 3478//1040
f 3478//1041 2992//1041 2991//1041
f 3478//1041 2991//1041 3479//1041
f 3479//1042 2991//1042 2987//1042
f 3479//1042 2987//1042 3480//1042
f 3480//1043 2987//1043 2986//1043
f 3480//1043 2986//1043 3481//1043
f 3481//1044 2986//1044 2984//1044
f 2984//1044 1122//1044 3481//1044
f 3481//1044 1122//1044 3482//1044
f 3481//1043 3482//1043 3483//1043
f 3481//1043 3483//1043 3480//1043
f 3480//1042 3483//1042 3484//1042
f 3480//1042 3484//1042 3479//1042
f 3479//1041 3484//1041 3485//1041
f 3479//1041 3485//1041 3478//1041
f 3478//1040 3485//1040 3476//1040
f 3478//1040 3476//1040 3477//1040
f 1122//1044 1120//1044 3482//1044
f 3482//1043 1120//1043 1118//1043
f 3482//1043 1118//1043 3483//1043
f 3483//1042 1118//1042 1116//1042
f 3483//1042 1116//1042 3484//1042
f 3484//1041 1116//1041 699//1041
f 3484//1041 699//1041 3485//1041
f 3485//1040 699//1040 702//1040
f 3485//1040 702//1040 3476//1040
f 2990//1045 3486//1045 2988//1045
f 2988//1046 3486//1046 3487//1046
f 2988//1046 3487//1046 1124//1046
f 1124//1046 3487//1046 1126//1046
f 1126//1047 3487//1047 3488//1047
f 1126//1047 3488//1047 1132//1047
f 1132//1048 3488//1048 3489//1048
f 1132//1048 3489//1048 1133//1048
f 1133//1049 3489//1049 1127//1049
f 1127//1049 3489//1049 3490//1049
f 1127//1050 3490//1050 3491//1050
f 3491//1051 3490//1051 3492//1051
f 3492//1052 3490//1052 2983//1052
f 2983//1053 3490//1053 3493//1053
f 2983//1054 3493//1054 2989//1054
f 2989//1055 3493//1055 3486//1055
f 2989//1056 3486//1056 2990//1056
f 3491//1057 3475//1057 1127//1057
f 3488//1047 3487//1047 3486//1047
f 3488//1047 3486//1047 3493//1047
f 3488//1048 3493//1048 3490//1048
f 3488//1048 3490//1048 3489//1048
f 3048//1058 3047//1058 1128//1058
f 1128//1059 3047//1059 3045//1059
f 1128//1060 3045//1060 3044//1060
f 1128//1061 3044//1061 1131//1061
f 1131//1062 3044//1062 3494//1062
f 3494//1063 3495//1063 1131//1063
f 1131//1064 3495//1064 3496//1064
f 1131//1065 3496//1065 3497//1065
f 1131//1065 3497//1065 1130//1065
f 1130//1066 3497//1066 3498//1066
f 1130//1066 3498//1066 1129//1066
f 1129//1067 3498//1067 1125//1067
f 1125//1067 3498//1067 3499//1067
f 1125//1068 3499//1068 3064//1068
f 3064//1069 3499//1069 3500//1069
f 3064//1070 3500//1070 3062//1070
f 3062//1071 3500//1071 3061//1071
f 3061//1072 3500//1072 3501//1072
f 3061//1073 3501//1073 3059//1073
f 3059//1074 3501//1074 3495//1074
f 3495//1064 3501//1064 3496//1064
f 3064//1075 3063//1075 1125//1075
f 3497//1065 3496//1065 3501//1065
f 3497//1065 3501//1065 3500//1065
f 3497//1066 3500//1066 3499//1066
f 3497//1066 3499//1066 3498//1066
f 3453//1076 1123//1076 1125//1076
f 3453//1077 1125//1077 3060//1077
f 3060//1078 1125//1078 3063//1078
f 1122//1079 2984//1079 2988//1079
f 1122//1079 2988//1079 1124//1079
f 705//1080 3000//1080 2999//1080
f 705//1080 2999//1080 704//1080
f 704//1081 2999//1081 2996//1081
f 704//1081 2996//1081 703//1081
f 703//1082 2996//1082 2994//1082
f 703//1082 2994//1082 701//1082
f 3077//1083 3087//1083 3502//1083
f 3502//1083 3087//1083 875//1083
f 3502//1083 875//1083 3503//1083
f 3503//1083 875//1083 1146//1083
f 3503//1084 1146//1084 1149//1084
f 3503//1084 1149//1084 3504//1084
f 3504//1085 1149//1085 1148//1085
f 3504//1085 1148//1085 3505//1085
f 3505//1086 1148//1086 1151//1086
f 3505//1086 1151//1086 3506//1086
f 3506//1087 1151//1087 1153//1087
f 3506//1087 1153//1087 3507//1087
f 3507//1088 1153//1088 1155//1088
f 1155//1088 3105//1088 3507//1088
f 3507//1088 3105//1088 3508//1088
f 3507//1087 3508//1087 3509//1087
f 3507//1087 3509//1087 3506//1087
f 3506//1086 3509//1086 3510//1086
f 3506//1086 3510//1086 3505//1086
f 3505//1085 3510//1085 3511//1085
f 3505//1085 3511//1085 3504//1085
f 3504//1084 3511//1084 3502//1084
f 3504//1084 3502//1084 3503//1084
f 3105//1088 3085//1088 3508//1088
f 3508//1087 3085//1087 3083//1087
f 3508//1087 3083//1087 3509//1087
f 3509//1086 3083//1086 3081//1086
f 3509//1086 3081//1086 3510//1086
f 3510//1085 3081//1085 3078//1085
f 3510//1085 3078//1085 3511//1085
f 3511//1084 3078//1084 3077//1084
f 3511//1084 3077//1084 3502//1084
f 1175//1089 3512//1089 1167//1089
f 1167//1089 3512//1089 3513//1089
f 1167//1089 3513//1089 3114//1089
f 3114//1089 3513//1089 3116//1089
f 3116//1090 3513//1090 3514//1090
f 3116//1090 3514//1090 3117//1090
f 3117//1091 3514//1091 3515//1091
f 3117//1091 3515//1091 3118//1091
f 3118//1092 3515//1092 3516//1092
f 3118//1092 3516//1092 3119//1092
f 3119//1093 3516//1093 3517//1093
f 3119//1093 3517//1093 3120//1093
f 3120//1094 3517//1094 3518//1094
f 3120//1094 3518//1094 3121//1094
f 3121//1095 3518//1095 3519//1095
f 3121//1095 3519//1095 3122//1095
f 3122//1096 3519//1096 3520//1096
f 3122//1096 3520//1096 3115//1096
f 3115//1097 3520//1097 3108//1097
f 3108//1097 3520//1097 3521//1097
f 3108//1097 3521//1097 1166//1097
f 1166//1097 3521//1097 1168//1097
f 1168//1096 3521//1096 3522//1096
f 1168//1096 3522//1096 1173//1096
f 1173//1095 3522//1095 3523//1095
f 1173//1095 3523//1095 1174//1095
f 1174//1094 3523//1094 3524//1094
f 1174//1094 3524//1094 1172//1094
f 1172//1093 3524//1093 3525//1093
f 1172//1093 3525//1093 1169//1093
f 1169//1092 3525//1092 3526//1092
f 1169//1092 3526//1092 1170//1092
f 1170//1091 3526//1091 3527//1091
f 1170//1091 3527//1091 1171//1091
f 1171//1090 3527//1090 3512//1090
f 1171//1090 3512//1090 1175//1090
f 3514//1090 3513//1090 3512//1090
f 3514//1090 3512//1090 3527//1090
f 3514//1091 3527//1091 3526//1091
f 3514//1091 3526//1091 3515//1091
f 3515//1092 3526//1092 3525//1092
f 3515//1092 3525//1092 3516//1092
f 3516//1093 3525//1093 3524//1093
f 3516//1093 3524//1093 3517//1093
f 3517//1094 3524//1094 3523//1094
f 3517//1094 3523//1094 3518//1094
f 3518//1095 3523//1095 3522//1095
f 3518//1095 3522//1095 3519//1095
f 3519//1096 3522//1096 3521//1096
f 3519//1096 3521//1096 3520//1096
f 3108//1098 1166//1098 1159//1098
f 3108//1098 1159//1098 3109//1098
f 1167//1099 3114//1099 3113//1099
f 1167//1099 3113//1099 1160//1099
f 1144//1100 760//1100 3528//1100
f 3528//1100 760//1100 3073//1100
f 3528//1100 3073//1100 3529//1100
f 3529//1100 3073//1100 3075//1100
f 3529//1101 3075//1101 3076//1101
f 3529//1101 3076//1101 3530//1101
f 3530//1102 3076//1102 3079//1102
f 3530//1102 3079//1102 3531//1102
f 3531//1103 3079//1103 3080//1103
f 3531//1103 3080//1103 3532//1103
f 3532//1104 3080//1104 3082//1104
f 3532//1104 3082//1104 3533//1104
f 3533//1105 3082//1105 3084//1105
f 3084//1105 1154//1105 3533//1105
f 3533//1105 1154//1105 3534//1105
f 3533//1104 3534//1104 3535//1104
f 3533//1104 3535//1104 3532//1104
f 3532//1103 3535//1103 3536//1103
f 3532//1103 3536//1103 3531//1103
f 3531//1102 3536//1102 3537//1102
f 3531//1102 3537//1102 3530//1102
f 3530//1101 3537//1101 3528//1101
f 3530//1101 3528//1101 3529//1101
f 1154//1105 1152//1105 3534//1105
f 3534//1104 1152//1104 1150//1104
f 3534//1104 1150//1104 3535//1104
f 3535//1103 1150//1103 1147//1103
f 3535//1103 1147//1103 3536//1103
f 3536//1102 1147//1102 1145//1102
f 3536//1102 1145//1102 3537//1102
f 3537//1101 1145//1101 1144//1101
f 3537//1101 1144//1101 3528//1101
f 3125//1106 3538//1106 3106//1106
f 3106//1106 3538//1106 3539//1106
f 3106//1106 3539//1106 1156//1106
f 1156//1106 3539//1106 1158//1106
f 1158//1107 3539//1107 3540//1107
f 1158//1107 3540//1107 1164//1107
f 1164//1108 3540//1108 3541//1108
f 1164//1108 3541//1108 1165//1108
f 1165//1109 3541//1109 1159//1109
f 1159//1109 3541//1109 3542//1109
f 1159//1109 3542//1109 3109//1109
f 3109//1109 3542//1109 3123//1109
f 3123//1108 3542//1108 3543//1108
f 3123//1108 3543//1108 3124//1108
f 3124//1107 3543//1107 3538//1107
f 3124//1107 3538//1107 3125//1107
f 3540//1107 3539//1107 3538//1107
f 3540//1107 3538//1107 3543//1107
f 3540//1108 3543//1108 3542//1108
f 3540//1108 3542//1108 3541//1108
f 3112//1110 3544//1110 3113//1110
f 3113//1110 3544//1110 3545//1110
f 3113//1110 3545//1110 1160//1110
f 1160//1110 3545//1110 1163//1110
f 1163//1111 3545//1111 3546//1111
f 1163//1111 3546//1111 1162//1111
f 1162//1112 3546//1112 3547//1112
f 1162//1112 3547//1112 1161//1112
f 1161//1113 3547//1113 1157//1113
f 1157//1113 3547//1113 3548//1113
f 1157//1113 3548//1113 3107//1113
f 3107//1113 3548//1113 3110//1113
f 3110//1112 3548//1112 3549//1112
f 3110//1112 3549//1112 3111//1112
f 3111//1111 3549//1111 3544//1111
f 3111//1111 3544//1111 3112//1111
f 3546//1111 3545//1111 3544//1111
f 3546//1111 3544//1111 3549//1111
f 3546//1112 3549//1112 3548//1112
f 3546//1112 3548//1112 3547//1112
f 3105//1114 1155//1114 1157//1114
f 3105//1114 1157//1114 3107//1114
f 1154//1115 3084//1115 3106//1115
f 1154//1115 3106//1115 1156//1115
f 696//1116 3069//1116 3070//1116
f 696//1116 3070//1116 697//1116
f 697//1117 3070//1117 3071//1117
f 697//1117 3071//1117 761//1117
f 761//1118 3071//1118 3073//1118
f 761//1118 3073//1118 760//1118
f 1921//1119 849//1119 1920//1119
f 1920//1120 849//1120 1919//1120
f 1919//1121 849//1121 3550//1121
f 1919//1122 3550//1122 1917//1122
f 1917//1123 3550//1123 3551//1123
f 1917//1124 3551//1124 3552//1124
f 3552//1125 3551//1125 3553//1125
f 3552//1126 3553//1126 3554//1126
f 3554//1127 3553//1127 3555//1127
f 3554//1128 3555//1128 3556//1128
f 3556//1129 3555//1129 3557//1129
f 3556//1130 3557//1130 3558//1130
f 3558//1131 3557//1131 3559//1131
f 3559//1132 3557//1132 3560//1132
f 3559//1132 3560//1132 864//1132
f 864//1132 3560//1132 862//1132
f 862//1133 3560//1133 3561//1133
f 862//1133 3561//1133 860//1133
f 860//1134 3561//1134 3562//1134
f 860//1134 3562//1134 858//1134
f 858//1135 3562//1135 3563//1135
f 858//1135 3563//1135 856//1135
f 856//1136 3563//1136 3564//1136
f 856//1136 3564//1136 854//1136
f 854//1137 3564//1137 849//1137
f 849//1137 3564//1137 3550//1137
f 3551//1136 3550//1136 3564//1136
f 3551//1136 3564//1136 3563//1136
f 3551//1135 3563//1135 3562//1135
f 3551//1135 3562//1135 3553//1135
f 3553//1134 3562//1134 3561//1134
f 3553//1134 3561//1134 3555//1134
f 3555//1133 3561//1133 3560//1133
f 3555//1133 3560//1133 3557//1133
f 1187//1138 3565//1138 1178//1138
f 1178//1138 3565//1138 3566//1138
f 1178//1138 3566//1138 1901//1138
f 1901//1138 3566//1138 1903//1138
f 1903//1139 3566//1139 3567//1139
f 1903//1139 3567//1139 1904//1139
f 1904//1140 3567//1140 3568//1140
f 1904//1140 3568//1140 1905//1140
f 1905//1141 3568//1141 3569//1141
f 1905//1141 3569//1141 1906//1141
f 1906//1142 3569//1142 3570//1142
f 1906//1142 3570//1142 1907//1142
f 1907//1143 3570//1143 3571//1143
f 1907//1143 3571//1143 1908//1143
f 1908//1144 3571//1144 3572//1144
f 1908//1144 3572//1144 1909//1144
f 1909//1145 3572//1145 3573//1145
f 1909//1145 3573//1145 1910//1145
f 1910//1146 3573//1146 1902//1146
f 1902//1146 3573//1146 3574//1146
f 1902//1146 3574//1146 1177//1146
f 1177//1146 3574//1146 1180//1146
f 1180//1145 3574//1145 3575//1145
f 1180//1145 3575//1145 1181//1145
f 1181//1144 3575//1144 3576//1144
f 1181//1144 3576//1144 1182//1144
f 1182//1143 3576//1143 3577//1143
f 1182//1143 3577//1143 1183//1143
f 1183//1142 3577//1142 3578//1142
f 1183//1142 3578//1142 1184//1142
f 1184//1141 3578//1141 3579//1141
f 1184//1141 3579//1141 1185//1141
f 1185//1140 3579//1140 3580//1140
f 1185//1140 3580//1140 1186//1140
f 1186//1139 3580//1139 3565//1139
f 1186//1139 3565//1139 1187//1139
f 3567//1139 3566//1139 3565//1139
f 3567//1139 3565//1139 3580//1139
f 3567//1140 3580//1140 3579//1140
f 3567//1140 3579//1140 3568//1140
f 3568//1141 3579//1141 3578//1141
f 3568//1141 3578//1141 3569//1141
f 3569//1142 3578//1142 3577//1142
f 3569//1142 3577//1142 3570//1142
f 3570//1143 3577//1143 3576//1143
f 3570//1143 3576//1143 3571//1143
f 3571//1144 3576//1144 3575//1144
f 3571//1144 3575//1144 3572//1144
f 3572//1145 3575//1145 3574//1145
f 3572//1145 3574//1145 3573//1145
f 1902//1147 1177//1147 868//1147
f 1902//1148 868//1148 1896//1148
f 1896//1149 868//1149 3581//1149
f 1178//1150 1901//1150 1899//1150
f 1178//1150 1899//1150 1179//1150
f 853//1151 852//1151 3582//1151
f 3582//1151 852//1151 3093//1151
f 3582//1151 3093//1151 3583//1151
f 3583//1151 3093//1151 3095//1151
f 3583//1152 3095//1152 3096//1152
f 3583//1152 3096//1152 3584//1152
f 3584//1153 3096//1153 3097//1153
f 3584//1153 3097//1153 3585//1153
f 3585//1154 3097//1154 3098//1154
f 3585//1154 3098//1154 3586//1154
f 3586//1155 3098//1155 3099//1155
f 3586//1155 3099//1155 3587//1155
f 3587//1156 3099//1156 3100//1156
f 3100//1156 863//1156 3587//1156
f 3587//1156 863//1156 3588//1156
f 3587//1155 3588//1155 3589//1155
f 3587//1155 3589//1155 3586//1155
f 3586//1154 3589//1154 3590//1154
f 3586//1154 3590//1154 3585//1154
f 3585//1153 3590//1153 3591//1153
f 3585//1153 3591//1153 3584//1153
f 3584//1152 3591//1152 3582//1152
f 3584//1152 3582//1152 3583//1152
f 863//1156 861//1156 3588//1156
f 3588//1155 861//1155 859//1155
f 3588//1155 859//1155 3589//1155
f 3589//1154 859//1154 857//1154
f 3589//1154 857//1154 3590//1154
f 3590//1153 857//1153 855//1153
f 3590//1153 855//1153 3591//1153
f 3591//1152 855//1152 853//1152
f 3591//1152 853//1152 3582//1152
f 3104//1157 3592//1157 3102//1157
f 3102//1158 3592//1158 3593//1158
f 3102//1158 3593//1158 865//1158
f 865//1158 3593//1158 867//1158
f 867//1159 3593//1159 3594//1159
f 867//1159 3594//1159 869//1159
f 869//1160 3594//1160 3595//1160
f 869//1160 3595//1160 1176//1160
f 1176//1161 3595//1161 868//1161
f 868//1161 3595//1161 3596//1161
f 868//1162 3596//1162 3597//1162
f 3597//1163 3596//1163 3598//1163
f 3598//1164 3596//1164 3101//1164
f 3101//1165 3596//1165 3599//1165
f 3101//1166 3599//1166 3103//1166
f 3103//1167 3599//1167 3592//1167
f 3103//1168 3592//1168 3104//1168
f 3597//1169 3581//1169 868//1169
f 3594//1159 3593//1159 3592//1159
f 3594//1159 3592//1159 3599//1159
f 3594//1160 3599//1160 3596//1160
f 3594//1160 3596//1160 3595//1160
f 1899//1170 1900//1170 1179//1170
f 1179//1171 1900//1171 1898//1171
f 1179//1172 1898//1172 1897//1172
f 1179//1173 1897//1173 1188//1173
f 1188//1174 1897//1174 3600//1174
f 3600//1175 3601//1175 1188//1175
f 1188//1176 3601//1176 3602//1176
f 1188//1177 3602//1177 3603//1177
f 1188//1177 3603//1177 1189//1177
f 1189//1178 3603//1178 3604//1178
f 1189//1178 3604//1178 1190//1178
f 1190//1179 3604//1179 866//1179
f 866//1179 3604//1179 3605//1179
f 866//1180 3605//1180 1914//1180
f 1914//1181 3605//1181 3606//1181
f 1914//1182 3606//1182 1915//1182
f 1915//1183 3606//1183 1916//1183
f 1916//1184 3606//1184 3607//1184
f 1916//1185 3607//1185 1913//1185
f 1913//1186 3607//1186 3601//1186
f 3601//1176 3607//1176 3602//1176
f 1914//1187 1912//1187 866//1187
f 3603//1177 3602//1177 3607//1177
f 3603//1177 3607//1177 3606//1177
f 3603//1178 3606//1178 3605//1178
f 3603//1178 3605//1178 3604//1178
f 3559//1188 864//1188 866//1188
f 3559//1189 866//1189 1911//1189
f 1911//1190 866//1190 1912//1190
f 863//1191 3100//1191 3102//1191
f 863//1191 3102//1191 865//1191
f 875//1192 3087//1192 3090//1192
f 875//1192 3090//1192 873//1192
f 873//1193 3090//1193 3091//1193
f 873//1193 3091//1193 872//1193
f 872//1194 3091//1194 3093//1194
f 872//1194 3093//1194 852//1194
f 1946//1195 1927//1195 3608//1195
f 3608//1195 1927//1195 1193//1195
f 3608//1195 1193//1195 3609//1195
f 3609//1195 1193//1195 1192//1195
f 3609//1196 1192//1196 1199//1196
f 3609//1196 1199//1196 3610//1196
f 3610//1197 1199//1197 1201//1197
f 3610//1197 1201//1197 3611//1197
f 3611//1198 1201//1198 1203//1198
f 3611//1198 1203//1198 3612//1198
f 3612//1199 1203//1199 1205//1199
f 3612//1199 1205//1199 3613//1199
f 3613//1200 1205//1200 1207//1200
f 1207//1200 1957//1200 3613//1200
f 3613//1200 1957//1200 3614//1200
f 3613//1199 3614//1199 3615//1199
f 3613//1199 3615//1199 3612//1199
f 3612//1198 3615//1198 3616//1198
f 3612//1198 3616//1198 3611//1198
f 3611//1197 3616//1197 3617//1197
f 3611//1197 3617//1197 3610//1197
f 3610//1196 3617//1196 3608//1196
f 3610//1196 3608//1196 3609//1196
f 1957//1200 1954//1200 3614//1200
f 3614//1199 1954//1199 1952//1199
f 3614//1199 1952//1199 3615//1199
f 3615//1198 1952//1198 1950//1198
f 3615//1198 1950//1198 3616//1198
f 3616//1197 1950//1197 1948//1197
f 3616//1197 1948//1197 3617//1197
f 3617//1196 1948//1196 1946//1196
f 3617//1196 1946//1196 3608//1196
f 1225//1201 3618//1201 1217//1201
f 1217//1201 3618//1201 3619//1201
f 1217//1201 3619//1201 1967//1201
f 1967//1201 3619//1201 1969//1201
f 1969//1202 3619//1202 3620//1202
f 1969//1202 3620//1202 1970//1202
f 1970//1203 3620//1203 3621//1203
f 1970//1203 3621//1203 1971//1203
f 1971//1204 3621//1204 3622//1204
f 1971//1204 3622//1204 1972//1204
f 1972//1205 3622//1205 3623//1205
f 1972//1205 3623//1205 1973//1205
f 1973//1206 3623//1206 3624//1206
f 1973//1206 3624//1206 1974//1206
f 1974//1207 3624//1207 3625//1207
f 1974//1207 3625//1207 1975//1207
f 1975//1208 3625//1208 3626//1208
f 1975//1208 3626//1208 1968//1208
f 1968//1209 3626//1209 1964//1209
f 1964//1209 3626//1209 3627//1209
f 1964//1209 3627//1209 1216//1209
f 1216//1209 3627//1209 1218//1209
f 1218//1208 3627//1208 3628//1208
f 1218//1208 3628//1208 1219//1208
f 1219//1207 3628//1207 3629//1207
f 1219//1207 3629//1207 1220//1207
f 1220//1206 3629//1206 3630//1206
f 1220//1206 3630//1206 1221//1206
f 1221//1205 3630//1205 3631//1205
f 1221//1205 3631//1205 1222//1205
f 1222//1204 3631//1204 3632//1204
f 1222//1204 3632//1204 1223//1204
f 1223//1203 3632//1203 3633//1203
f 1223//1203 3633//1203 1224//1203
f 1224//1202 3633//1202 3618//1202
f 1224//1202 3618//1202 1225//1202
f 3620//1202 3619//1202 3618//1202
f 3620//1202 3618//1202 3633//1202
f 3620//1203 3633//1203 3632//1203
f 3620//1203 3632//1203 3621//1203
f 3621//1204 3632//1204 3631//1204
f 3621//1204 3631//1204 3622//1204
f 3622//1205 3631//1205 3630//1205
f 3622//1205 3630//1205 3623//1205
f 3623//1206 3630//1206 3629//1206
f 3623//1206 3629//1206 3624//1206
f 3624//1207 3629//1207 3628//1207
f 3624//1207 3628//1207 3625//1207
f 3625//1208 3628//1208 3627//1208
f 3625//1208 3627//1208 3626//1208
f 1964//1210 1216//1210 1211//1210
f 1964//1210 1211//1210 1960//1210
f 1217//1211 1967//1211 1963//1211
f 1217//1211 1963//1211 1212//1211
f 1191//1212 772//1212 3634//1212
f 3634//1212 772//1212 1925//1212
f 3634//1212 1925//1212 3635//1212
f 3635//1212 1925//1212 1947//1212
f 3635//1213 1947//1213 1949//1213
f 3635//1213 1949//1213 3636//1213
f 3636//1214 1949//1214 1951//1214
f 3636//1214 1951//1214 3637//1214
f 3637//1215 1951//1215 1953//1215
f 3637//1215 1953//1215 3638//1215
f 3638//1216 1953//1216 1956//1216
f 3638//1216 1956//1216 3639//1216
f 3639//1217 1956//1217 1955//1217
f 1955//1217 1206//1217 3639//1217
f 3639//1217 1206//1217 3640//1217
f 3639//1216 3640//1216 3641//1216
f 3639//1216 3641//1216 3638//1216
f 3638//1215 3641//1215 3642//1215
f 3638//1215 3642//1215 3637//1215
f 3637//1214 3642//1214 3643//1214
f 3637//1214 3643//1214 3636//1214
f 3636//1213 3643//1213 3634//1213
f 3636//1213 3634//1213 3635//1213
f 1206//1217 1204//1217 3640//1217
f 3640//1216 1204//1216 1202//1216
f 3640//1216 1202//1216 3641//1216
f 3641//1215 1202//1215 1200//1215
f 3641//1215 1200//1215 3642//1215
f 3642//1214 1200//1214 1198//1214
f 3642//1214 1198//1214 3643//1214
f 3643//1213 1198//1213 1191//1213
f 3643//1213 1191//1213 3634//1213
f 1977//1218 3644//1218 1959//1218
f 1959//1218 3644//1218 3645//1218
f 1959//1218 3645//1218 1208//1218
f 1208//1218 3645//1218 1210//1218
f 1210//1219 3645//1219 3646//1219
f 1210//1219 3646//1219 1214//1219
f 1214//1220 3646//1220 3647//1220
f 1214//1220 3647//1220 1215//1220
f 1215//1221 3647//1221 1211//1221
f 1211//1221 3647//1221 3648//1221
f 1211//1221 3648//1221 1960//1221
f 1960//1221 3648//1221 1961//1221
f 1961//1220 3648//1220 3649//1220
f 1961//1220 3649//1220 1976//1220
f 1976//1219 3649//1219 3644//1219
f 1976//1219 3644//1219 1977//1219
f 3646//1219 3645//1219 3644//1219
f 3646//1219 3644//1219 3649//1219
f 3646//1220 3649//1220 3648//1220
f 3646//1220 3648//1220 3647//1220
f 1966//1222 3650//1222 1963//1222
f 1963//1222 3650//1222 3651//1222
f 1963//1222 3651//1222 1212//1222
f 1212//1222 3651//1222 1213//1222
f 1213//1223 3651//1223 3652//1223
f 1213//1223 3652//1223 1226//1223
f 1226//1224 3652//1224 3653//1224
f 1226//1224 3653//1224 1227//1224
f 1227//1225 3653//1225 1209//1225
f 1209//1225 3653//1225 3654//1225
f 1209//1225 3654//1225 1958//1225
f 1958//1225 3654//1225 1962//1225
f 1962//1224 3654//1224 3655//1224
f 1962//1224 3655//1224 1965//1224
f 1965//1223 3655//1223 3650//1223
f 1965//1223 3650//1223 1966//1223
f 3652//1223 3651//1223 3650//1223
f 3652//1223 3650//1223 3655//1223
f 3652//1224 3655//1224 3654//1224
f 3652//1224 3654//1224 3653//1224
f 1957//1226 1207//1226 1209//1226
f 1957//1226 1209//1226 1958//1226
f 1206//1227 1955//1227 1959//1227
f 1206//1227 1959//1227 1208//1227
f 849//1228 1921//1228 1922//1228
f 849//1228 1922//1228 850//1228
f 850//1229 1922//1229 1923//1229
f 850//1229 1923//1229 771//1229
f 771//1230 1923//1230 1925//1230
f 771//1230 1925//1230 772//1230
f 2003//1231 1232//1231 2002//1231
f 2002//1232 1232//1232 2001//1232
f 2001//1233 1232//1233 3656//1233
f 2001//1234 3656//1234 1999//1234
f 1999//1235 3656//1235 3657//1235
f 1999//1236 3657//1236 3658//1236
f 3658//1237 3657//1237 3659//1237
f 3658//1238 3659//1238 3660//1238
f 3660//1239 3659//1239 3661//1239
f 3660//1240 3661//1240 3662//1240
f 3662//1241 3661//1241 3663//1241
f 3662//1242 3663//1242 3664//1242
f 3664//1243 3663//1243 3665//1243
f 3665//1244 3663//1244 3666//1244
f 3665//1244 3666//1244 1242//1244
f 1242//1244 3666//1244 1240//1244
f 1240//1245 3666//1245 3667//1245
f 1240//1245 3667//1245 1238//1245
f 1238//1246 3667//1246 3668//1246
f 1238//1246 3668//1246 1236//1246
f 1236//1247 3668//1247 3669//1247
f 1236//1247 3669//1247 1234//1247
f 1234//1248 3669//1248 3670//1248
f 1234//1248 3670//1248 1231//1248
f 1231//1249 3670//1249 1232//1249
f 1232//1249 3670//1249 3656//1249
f 3657//1248 3656//1248 3670//1248
f 3657//1248 3670//1248 3669//1248
f 3657//1247 3669//1247 3668//1247
f 3657//1247 3668//1247 3659//1247
f 3659//1246 3668//1246 3667//1246
f 3659//1246 3667//1246 3661//1246
f 3661//1245 3667//1245 3666//1245
f 3661//1245 3666//1245 3663//1245
f 1260//1250 3671//1250 1252//1250
f 1252//1250 3671//1250 3672//1250
f 1252//1250 3672//1250 1984//1250
f 1984//1250 3672//1250 1990//1250
f 1990//1251 3672//1251 3673//1251
f 1990//1251 3673//1251 1989//1251
f 1989//1252 3673//1252 3674//1252
f 1989//1252 3674//1252 1988//1252
f 1988//1253 3674//1253 3675//1253
f 1988//1253 3675//1253 1987//1253
f 1987//1254 3675//1254 3676//1254
f 1987//1254 3676//1254 1986//1254
f 1986//1255 3676//1255 3677//1255
f 1986//1255 3677//1255 1985//1255
f 1985//1256 3677//1256 3678//1256
f 1985//1256 3678//1256 1983//1256
f 1983//1257 3678//1257 3679//1257
f 1983//1257 3679//1257 1982//1257
f 1982//1258 3679//1258 1981//1258
f 1981//1258 3679//1258 3680//1258
f 1981//1258 3680//1258 1251//1258
f 1251//1258 3680//1258 1253//1258
f 1253//1257 3680//1257 3681//1257
f 1253//1257 3681//1257 1254//1257
f 1254//1256 3681//1256 3682//1256
f 1254//1256 3682//1256 1255//1256
f 1255//1255 3682//1255 3683//1255
f 1255//1255 3683//1255 1256//1255
f 1256//1254 3683//1254 3684//1254
f 1256//1254 3684//1254 1257//1254
f 1257//1253 3684//1253 3685//1253
f 1257//1253 3685//1253 1258//1253
f 1258//1252 3685//1252 3686//1252
f 1258//1252 3686//1252 1259//1252
f 1259//1251 3686//1251 3671//1251
f 1259//1251 3671//1251 1260//1251
f 3673//1251 3672//1251 3671//1251
f 3673//1251 3671//1251 3686//1251
f 3673//1252 3686//1252 3685//1252
f 3673//1252 3685//1252 3674//1252
f 3674//1253 3685//1253 3684//1253
f 3674//1253 3684//1253 3675//1253
f 3675//1254 3684//1254 3683//1254
f 3675//1254 3683//1254 3676//1254
f 3676//1255 3683//1255 3682//1255
f 3676//1255 3682//1255 3677//1255
f 3677//1256 3682//1256 3681//1256
f 3677//1256 3681//1256 3678//1256
f 3678//1257 3681//1257 3680//1257
f 3678//1257 3680//1257 3679//1257
f 1981//1259 1251//1259 1246//1259
f 1981//1260 1246//1260 1978//1260
f 1978//1261 1246//1261 3687//1261
f 1252//1262 1984//1262 1980//1262
f 1252//1262 1980//1262 1247//1262
f 1230//1263 1228//1263 3688//1263
f 3688//1263 1228//1263 1932//1263
f 3688//1263 1932//1263 3689//1263
f 3689//1263 1932//1263 1936//1263
f 3689//1264 1936//1264 1937//1264
f 3689//1264 1937//1264 3690//1264
f 3690//1265 1937//1265 1938//1265
f 3690//1265 1938//1265 3691//1265
f 3691//1266 1938//1266 1939//1266
f 3691//1266 1939//1266 3692//1266
f 3692//1267 1939//1267 1940//1267
f 3692//1267 1940//1267 3693//1267
f 3693//1268 1940//1268 1941//1268
f 1941//1268 1241//1268 3693//1268
f 3693//1268 1241//1268 3694//1268
f 3693//1267 3694//1267 3695//1267
f 3693//1267 3695//1267 3692//1267
f 3692//1266 3695//1266 3696//1266
f 3692//1266 3696//1266 3691//1266
f 3691//1265 3696//1265 3697//1265
f 3691//1265 3697//1265 3690//1265
f 3690//1264 3697//1264 3688//1264
f 3690//1264 3688//1264 3689//1264
f 1241//1268 1239//1268 3694//1268
f 3694//1267 1239//1267 1237//1267
f 3694//1267 1237//1267 3695//1267
f 3695//1266 1237//1266 1235//1266
f 3695//1266 1235//1266 3696//1266
f 3696//1265 1235//1265 1233//1265
f 3696//1265 1233//1265 3697//1265
f 3697//1264 1233//1264 1230//1264
f 3697//1264 1230//1264 3688//1264
f 1945//1269 3698//1269 1943//1269
f 1943//1270 3698//1270 3699//1270
f 1943//1270 3699//1270 1243//1270
f 1243//1270 3699//1270 1245//1270
f 1245//1271 3699//1271 3700//1271
f 1245//1271 3700//1271 1249//1271
f 1249//1272 3700//1272 3701//1272
f 1249//1272 3701//1272 1250//1272
f 1250//1273 3701//1273 1246//1273
f 1246//1273 3701//1273 3702//1273
f 1246//1274 3702//1274 3703//1274
f 3703//1275 3702//1275 3704//1275
f 3704//1276 3702//1276 1942//1276
f 1942//1277 3702//1277 3705//1277
f 1942//1278 3705//1278 1944//1278
f 1944//1279 3705//1279 3698//1279
f 1944//1280 3698//1280 1945//1280
f 3703//1281 3687//1281 1246//1281
f 3700//1271 3699//1271 3698//1271
f 3700//1271 3698//1271 3705//1271
f 3700//1272 3705//1272 3702//1272
f 3700//1272 3702//1272 3701//1272
f 1980//1282 1992//1282 1247//1282
f 1247//1283 1992//1283 1991//1283
f 1247//1284 1991//1284 1979//1284
f 1247//1285 1979//1285 1248//1285
f 1248//1286 1979//1286 3706//1286
f 3706//1287 3707//1287 1248//1287
f 1248//1288 3707//1288 3708//1288
f 1248//1289 3708//1289 3709//1289
f 1248//1289 3709//1289 1261//1289
f 1261//1290 3709//1290 3710//1290
f 1261//1290 3710//1290 1262//1290
f 1262//1291 3710//1291 1244//1291
f 1244//1291 3710//1291 3711//1291
f 1244//1292 3711//1292 1996//1292
f 1996//1293 3711//1293 3712//1293
f 1996//1294 3712//1294 1997//1294
f 1997//1295 3712//1295 1998//1295
f 1998//1296 3712//1296 3713//1296
f 1998//1297 3713//1297 1995//1297
f 1995//1298 3713//1298 3707//1298
f 3707//1288 3713//1288 3708//1288
f 1996//1299 1994//1299 1244//1299
f 3709//1289 3708//1289 3713//1289
f 3709//1289 3713//1289 3712//1289
f 3709//1290 3712//1290 3711//1290
f 3709//1290 3711//1290 3710//1290
f 3665//1300 1242//1300 1244//1300
f 3665//1301 1244//1301 1993//1301
f 1993//1302 1244//1302 1994//1302
f 1241//1303 1941//1303 1943//1303
f 1241//1303 1943//1303 1243//1303
f 1193//1304 1927//1304 1930//1304
f 1193//1304 1930//1304 1195//1304
f 1195//1305 1930//1305 1933//1305
f 1195//1305 1933//1305 1197//1305
f 1197//1306 1933//1306 1932//1306
f 1197//1306 1932//1306 1228//1306
f 2028//1307 2008//1307 3714//1307
f 3714//1307 2008//1307 814//1307
f 3714//1307 814//1307 3715//1307
f 3715//1307 814//1307 1266//1307
f 3715//1308 1266//1308 1269//1308
f 3715//1308 1269//1308 3716//1308
f 3716//1309 1269//1309 1268//1309
f 3716//1309 1268//1309 3717//1309
f 3717//1310 1268//1310 1271//1310
f 3717//1310 1271//1310 3718//1310
f 3718//1311 1271//1311 1273//1311
f 3718//1311 1273//1311 3719//1311
f 3719//1312 1273//1312 1275//1312
f 1275//1312 2038//1312 3719//1312
f 3719//1312 2038//1312 3720//1312
f 3719//1311 3720//1311 3721//1311
f 3719//1311 3721//1311 3718//1311
f 3718//1310 3721//1310 3722//1310
f 3718//1310 3722//1310 3717//1310
f 3717//1309 3722//1309 3723//1309
f 3717//1309 3723//1309 3716//1309
f 3716//1308 3723//1308 3714//1308
f 3716//1308 3714//1308 3715//1308
f 2038//1312 2036//1312 3720//1312
f 3720//1311 2036//1311 2034//1311
f 3720//1311 2034//1311 3721//1311
f 3721//1310 2034//1310 2032//1310
f 3721//1310 2032//1310 3722//1310
f 3722//1309 2032//1309 2030//1309
f 3722//1309 2030//1309 3723//1309
f 3723//1308 2030//1308 2028//1308
f 3723//1308 2028//1308 3714//1308
f 1292//1313 3724//1313 1293//1313
f 1293//1313 3724//1313 3725//1313
f 1293//1313 3725//1313 2046//1313
f 2046//1313 3725//1313 2052//1313
f 2052//1314 3725//1314 3726//1314
f 2052//1314 3726//1314 2054//1314
f 2054//1315 3726//1315 3727//1315
f 2054//1315 3727//1315 2053//1315
f 2053//1316 3727//1316 3728//1316
f 2053//1316 3728//1316 2051//1316
f 2051//1317 3728//1317 3729//1317
f 2051//1317 3729//1317 2050//1317
f 2050//1318 3729//1318 3730//1318
f 2050//1318 3730//1318 2049//1318
f 2049//1319 3730//1319 3731//1319
f 2049//1319 3731//1319 2048//1319
f 2048//1320 3731//1320 3732//1320
f 2048//1320 3732//1320 2047//1320
f 2047//1321 3732//1321 2045//1321
f 2045//1321 3732//1321 3733//1321
f 2045//1321 3733//1321 1282//1321
f 1282//1321 3733//1321 1285//1321
f 1285//1320 3733//1320 3734//1320
f 1285//1320 3734//1320 1286//1320
f 1286//1319 3734//1319 3735//1319
f 1286//1319 3735//1319 1287//1319
f 1287//1318 3735//1318 3736//1318
f 1287//1318 3736//1318 1288//1318
f 1288//1317 3736//1317 3737//1317
f 1288//1317 3737//1317 1289//1317
f 1289//1316 3737//1316 3738//1316
f 1289//1316 3738//1316 1290//1316
f 1290//1315 3738//1315 3739//1315
f 1290//1315 3739//1315 1291//1315
f 1291//1314 3739//1314 3724//1314
f 1291//1314 3724//1314 1292//1314
f 3726//1314 3725//1314 3724//1314
f 3726//1314 3724//1314 3739//1314
f 3726//1315 3739//1315 3738//1315
f 3726//1315 3738//1315 3727//1315
f 3727//1316 3738//1316 3737//1316
f 3727//1316 3737//1316 3728//1316
f 3728//1317 3737//1317 3736//1317
f 3728//1317 3736//1317 3729//1317
f 3729//1318 3736//1318 3735//1318
f 3729//1318 3735//1318 3730//1318
f 3730//1319 3735//1319 3734//1319
f 3730//1319 3734//1319 3731//1319
f 3731//1320 3734//1320 3733//1320
f 3731//1320 3733//1320 3732//1320
f 2045//1322 1282//1322 1279//1322
f 2045//1322 1279//1322 2044//1322
f 1293//1323 2046//1323 2043//1323
f 1293//1323 2043//1323 1283//1323
f 815//1324 767//1324 3740//1324
f 3740//1324 767//1324 2006//1324
f 3740//1324 2006//1324 3741//1324
f 3741//1324 2006//1324 2029//1324
f 3741//1325 2029//1325 2031//1325
f 3741//1325 2031//1325 3742//1325
f 3742//1326 2031//1326 2033//1326
f 3742//1326 2033//1326 3743//1326
f 3743//1327 2033//1327 2035//1327
f 3743//1327 2035//1327 3744//1327
f 3744//1328 2035//1328 2037//1328
f 3744//1328 2037//1328 3745//1328
f 3745//1329 2037//1329 2039//1329
f 2039//1329 1274//1329 3745//1329
f 3745//1329 1274//1329 3746//1329
f 3745//1328 3746//1328 3747//1328
f 3745//1328 3747//1328 3744//1328
f 3744//1327 3747//1327 3748//1327
f 3744//1327 3748//1327 3743//1327
f 3743//1326 3748//1326 3749//1326
f 3743//1326 3749//1326 3742//1326
f 3742//1325 3749//1325 3740//1325
f 3742//1325 3740//1325 3741//1325
f 1274//1329 1272//1329 3746//1329
f 3746//1328 1272//1328 1270//1328
f 3746//1328 1270//1328 3747//1328
f 3747//1327 1270//1327 1267//1327
f 3747//1327 1267//1327 3748//1327
f 3748//1326 1267//1326 1265//1326
f 3748//1326 1265//1326 3749//1326
f 3749//1325 1265//1325 815//1325
f 3749//1325 815//1325 3740//1325
f 2059//1330 3750//1330 2041//1330
f 2041//1330 3750//1330 3751//1330
f 2041//1330 3751//1330 1276//1330
f 1276//1330 3751//1330 1281//1330
f 1281//1331 3751//1331 3752//1331
f 1281//1331 3752//1331 1280//1331
f 1280//1332 3752//1332 3753//1332
f 1280//1332 3753//1332 1278//1332
f 1278//1333 3753//1333 1279//1333
f 1279//1333 3753//1333 3754//1333
f 1279//1333 3754//1333 2044//1333
f 2044//1333 3754//1333 2057//1333
f 2057//1332 3754//1332 3755//1332
f 2057//1332 3755//1332 2058//1332
f 2058//1331 3755//1331 3750//1331
f 2058//1331 3750//1331 2059//1331
f 3752//1331 3751//1331 3750//1331
f 3752//1331 3750//1331 3755//1331
f 3752//1332 3755//1332 3754//1332
f 3752//1332 3754//1332 3753//1332
f 2056//1334 3756//1334 2043//1334
f 2043//1334 3756//1334 3757//1334
f 2043//1334 3757//1334 1283//1334
f 1283//1334 3757//1334 1284//1334
f 1284//1335 3757//1335 3758//1335
f 1284//1335 3758//1335 1294//1335
f 1294//1336 3758//1336 3759//1336
f 1294//1336 3759//1336 1295//1336
f 1295//1337 3759//1337 1277//1337
f 1277//1337 3759//1337 3760//1337
f 1277//1337 3760//1337 2040//1337
f 2040//1337 3760//1337 2042//1337
f 2042//1336 3760//1336 3761//1336
f 2042//1336 3761//1336 2055//1336
f 2055//1335 3761//1335 3756//1335
f 2055//1335 3756//1335 2056//1335
f 3758//1335 3757//1335 3756//1335
f 3758//1335 3756//1335 3761//1335
f 3758//1336 3761//1336 3760//1336
f 3758//1336 3760//1336 3759//1336
f 2038//1338 1275//1338 1277//1338
f 2038//1338 1277//1338 2040//1338
f 1274//1339 2039//1339 2041//1339
f 1274//1339 2041//1339 1276//1339
f 1232//1340 2003//1340 2004//1340
f 1232//1340 2004//1340 1263//1340
f 1263//1341 2004//1341 2005//1341
f 1263//1341 2005//1341 766//1341
f 766//1342 2005//1342 2006//1342
f 766//1342 2006//1342 767//1342
f 2085//1343 789//1343 2084//1343
f 2084//1344 789//1344 2083//1344
f 2083//1345 789//1345 3762//1345
f 2083//1346 3762//1346 2081//1346
f 2081//1347 3762//1347 3763//1347
f 2081//1348 3763//1348 3764//1348
f 3764//1349 3763//1349 3765//1349
f 3764//1350 3765//1350 3766//1350
f 3766//1351 3765//1351 3767//1351
f 3766//1352 3767//1352 3768//1352
f 3768//1353 3767//1353 3769//1353
f 3768//1354 3769//1354 3770//1354
f 3770//1355 3769//1355 3771//1355
f 3771//1356 3769//1356 3772//1356
f 3771//1356 3772//1356 804//1356
f 804//1356 3772//1356 802//1356
f 802//1357 3772//1357 3773//1357
f 802//1357 3773//1357 800//1357
f 800//1358 3773//1358 3774//1358
f 800//1358 3774//1358 798//1358
f 798//1359 3774//1359 3775//1359
f 798//1359 3775//1359 796//1359
f 796//1360 3775//1360 3776//1360
f 796//1360 3776//1360 795//1360
f 795//1361 3776//1361 789//1361
f 789//1361 3776//1361 3762//1361
f 3763//1360 3762//1360 3776//1360
f 3763//1360 3776//1360 3775//1360
f 3763//1359 3775//1359 3774//1359
f 3763//1359 3774//1359 3765//1359
f 3765//1358 3774//1358 3773//1358
f 3765//1358 3773//1358 3767//1358
f 3767//1357 3773//1357 3772//1357
f 3767//1357 3772//1357 3769//1357
f 1308//1362 3777//1362 1309//1362
f 1309//1362 3777//1362 3778//1362
f 1309//1362 3778//1362 2065//1362
f 2065//1362 3778//1362 2067//1362
f 2067//1363 3778//1363 3779//1363
f 2067//1363 3779//1363 2072//1363
f 2072//1364 3779//1364 3780//1364
f 2072//1364 3780//1364 2074//1364
f 2074//1365 3780//1365 3781//1365
f 2074//1365 3781//1365 2073//1365
f 2073//1366 3781//1366 3782//1366
f 2073//1366 3782//1366 2071//1366
f 2071//1367 3782//1367 3783//1367
f 2071//1367 3783//1367 2068//1367
f 2068//1368 3783//1368 3784//1368
f 2068//1368 3784//1368 2069//1368
f 2069//1369 3784//1369 3785//1369
f 2069//1369 3785//1369 2070//1369
f 2070//1370 3785//1370 2066//1370
f 2066//1370 3785//1370 3786//1370
f 2066//1370 3786//1370 1298//1370
f 1298//1370 3786//1370 1301//1370
f 1301//1369 3786//1369 3787//1369
f 1301//1369 3787//1369 1302//1369
f 1302//1368 3787//1368 3788//1368
f 1302//1368 3788//1368 1303//1368
f 1303//1367 3788//1367 3789//1367
f 1303//1367 3789//1367 1304//1367
f 1304//1366 3789//1366 3790//1366
f 1304//1366 3790//1366 1305//1366
f 1305//1365 3790//1365 3791//1365
f 1305//1365 3791//1365 1306//1365
f 1306//1364 3791//1364 3792//1364
f 1306//1364 3792//1364 1307//1364
f 1307//1363 3792//1363 3777//1363
f 1307//1363 3777//1363 1308//1363
f 3779//1363 3778//1363 3777//1363
f 3779//1363 3777//1363 3792//1363
f 3779//1364 3792//1364 3791//1364
f 3779//1364 3791//1364 3780//1364
f 3780//1365 3791//1365 3790//1365
f 3780//1365 3790//1365 3781//1365
f 3781//1366 3790//1366 3789//1366
f 3781//1366 3789//1366 3782//1366
f 3782//1367 3789//1367 3788//1367
f 3782//1367 3788//1367 3783//1367
f 3783//1368 3788//1368 3787//1368
f 3783//1368 3787//1368 3784//1368
f 3784//1369 3787//1369 3786//1369
f 3784//1369 3786//1369 3785//1369
f 2066//1371 1298//1371 808//1371
f 2066//1372 808//1372 2062//1372
f 2062//1373 808//1373 3793//1373
f 1309//1374 2065//1374 2064//1374
f 1309//1374 2064//1374 1299//1374
f 793//1375 792//1375 3794//1375
f 3794//1375 792//1375 2013//1375
f 3794//1375 2013//1375 3795//1375
f 3795//1375 2013//1375 2018//1375
f 3795//1376 2018//1376 2019//1376
f 3795//1376 2019//1376 3796//1376
f 3796//1377 2019//1377 2020//1377
f 3796//1377 2020//1377 3797//1377
f 3797//1378 2020//1378 2021//1378
f 3797//1378 2021//1378 3798//1378
f 3798//1379 2021//1379 2022//1379
f 3798//1379 2022//1379 3799//1379
f 3799//1380 2022//1380 2023//1380
f 2023//1380 803//1380 3799//1380
f 3799//1380 803//1380 3800//1380
f 3799//1379 3800//1379 3801//1379
f 3799//1379 3801//1379 3798//1379
f 3798//1378 3801//1378 3802//1378
f 3798//1378 3802//1378 3797//1378
f 3797//1377 3802//1377 3803//1377
f 3797//1377 3803//1377 3796//1377
f 3796//1376 3803//1376 3794//1376
f 3796//1376 3794//1376 3795//1376
f 803//1380 801//1380 3800//1380
f 3800//1379 801//1379 799//1379
f 3800//1379 799//1379 3801//1379
f 3801//1378 799//1378 797//1378
f 3801//1378 797//1378 3802//1378
f 3802//1377 797//1377 794//1377
f 3802//1377 794//1377 3803//1377
f 3803//1376 794//1376 793//1376
f 3803//1376 793//1376 3794//1376
f 2026//1381 3804//1381 2025//1381
f 2025//1382 3804//1382 3805//1382
f 2025//1382 3805//1382 805//1382
f 805//1382 3805//1382 1296//1382
f 1296//1383 3805//1383 3806//1383
f 1296//1383 3806//1383 1297//1383
f 1297//1384 3806//1384 3807//1384
f 1297//1384 3807//1384 807//1384
f 807//1385 3807//1385 808//1385
f 808//1385 3807//1385 3808//1385
f 808//1386 3808//1386 3809//1386
f 3809//1387 3808//1387 3810//1387
f 3810//1388 3808//1388 2024//1388
f 2024//1389 3808//1389 3811//1389
f 2024//1390 3811//1390 2027//1390
f 2027//1391 3811//1391 3804//1391
f 2027//1392 3804//1392 2026//1392
f 3809//1393 3793//1393 808//1393
f 3806//1383 3805//1383 3804//1383
f 3806//1383 3804//1383 3811//1383
f 3806//1384 3811//1384 3808//1384
f 3806//1384 3808//1384 3807//1384
f 2064//1394 2063//1394 1299//1394
f 1299//1395 2063//1395 2061//1395
f 1299//1396 2061//1396 2060//1396
f 1299//1397 2060//1397 1300//1397
f 1300//1398 2060//1398 3812//1398
f 3812//1399 3813//1399 1300//1399
f 1300//1400 3813//1400 3814//1400
f 1300//1401 3814//1401 3815//1401
f 1300//1401 3815//1401 1310//1401
f 1310//1402 3815//1402 3816//1402
f 1310//1402 3816//1402 1311//1402
f 1311//1403 3816//1403 806//1403
f 806//1403 3816//1403 3817//1403
f 806//1404 3817//1404 2080//1404
f 2080//1405 3817//1405 3818//1405
f 2080//1406 3818//1406 2079//1406
f 2079//1407 3818//1407 2078//1407
f 2078//1408 3818//1408 3819//1408
f 2078//1409 3819//1409 2077//1409
f 2077//1410 3819//1410 3813//1410
f 3813//1400 3819//1400 3814//1400
f 2080//1411 2076//1411 806//1411
f 3815//1401 3814//1401 3819//1401
f 3815//1401 3819//1401 3818//1401
f 3815//1402 3818//1402 3817//1402
f 3815//1402 3817//1402 3816//1402
f 3771//1412 804//1412 806//1412
f 3771//1413 806//1413 2075//1413
f 2075//1414 806//1414 2076//1414
f 803//1415 2023//1415 2025//1415
f 803//1415 2025//1415 805//1415
f 814//1416 2008//1416 2011//1416
f 814//1416 2011//1416 812//1416
f 812//1417 2011//1417 2014//1417
f 812//1417 2014//1417 811//1417
f 811//1418 2014//1418 2013//1418
f 811//1418 2013//1418 792//1418
f 2090//1419 2107//1419 3820//1419
f 3820//1419 2107//1419 1315//1419
f 3820//1419 1315//1419 3821//1419
f 3821//1419 1315//1419 1321//1419
f 3821//1420 1321//1420 1323//1420
f 3821//1420 1323//1420 3822//1420
f 3822//1421 1323//1421 1325//1421
f 3822//1421 1325//1421 3823//1421
f 3823//1422 1325//1422 1328//1422
f 3823//1422 1328//1422 3824//1422
f 3824//1423 1328//1423 1327//1423
f 3824//1423 1327//1423 3825//1423
f 3825//1424 1327//1424 1330//1424
f 1330//1424 2100//1424 3825//1424
f 3825//1424 2100//1424 3826//1424
f 3825//1423 3826//1423 3827//1423
f 3825//1423 3827//1423 3824//1423
f 3824//1422 3827//1422 3828//1422
f 3824//1422 3828//1422 3823//1422
f 3823//1421 3828//1421 3829//1421
f 3823//1421 3829//1421 3822//1421
f 3822//1420 3829//1420 3820//1420
f 3822//1420 3820//1420 3821//1420
f 2100//1424 2098//1424 3826//1424
f 3826//1423 2098//1423 2096//1423
f 3826//1423 2096//1423 3827//1423
f 3827//1422 2096//1422 2094//1422
f 3827//1422 2094//1422 3828//1422
f 3828//1421 2094//1421 2092//1421
f 3828//1421 2092//1421 3829//1421
f 3829//1420 2092//1420 2090//1420
f 3829//1420 2090//1420 3820//1420
f 1347//1425 3830//1425 1340//1425
f 1340//1425 3830//1425 3831//1425
f 1340//1425 3831//1425 2130//1425
f 2130//1425 3831//1425 2133//1425
f 2133//1426 3831//1426 3832//1426
f 2133//1426 3832//1426 2134//1426
f 2134//1427 3832//1427 3833//1427
f 2134//1427 3833//1427 2135//1427
f 2135//1428 3833//1428 3834//1428
f 2135//1428 3834//1428 2136//1428
f 2136//1429 3834//1429 3835//1429
f 2136//1429 3835//1429 2137//1429
f 2137//1430 3835//1430 3836//1430
f 2137//1430 3836//1430 2138//1430
f 2138//1431 3836//1431 3837//1431
f 2138//1431 3837//1431 2139//1431
f 2139//1432 3837//1432 3838//1432
f 2139//1432 3838//1432 2131//1432
f 2131//1433 3838//1433 2132//1433
f 2132//1433 3838//1433 3839//1433
f 2132//1433 3839//1433 1337//1433
f 1337//1433 3839//1433 1339//1433
f 1339//1432 3839//1432 3840//1432
f 1339//1432 3840//1432 1341//1432
f 1341//1431 3840//1431 3841//1431
f 1341//1431 3841//1431 1342//1431
f 1342//1430 3841//1430 3842//1430
f 1342//1430 3842//1430 1343//1430
f 1343//1429 3842//1429 3843//1429
f 1343//1429 3843//1429 1344//1429
f 1344//1428 3843//1428 3844//1428
f 1344//1428 3844//1428 1345//1428
f 1345//1427 3844//1427 3845//1427
f 1345//1427 3845//1427 1346//1427
f 1346//1426 3845//1426 3830//1426
f 1346//1426 3830//1426 1347//1426
f 3832//1426 3831//1426 3830//1426
f 3832//1426 3830//1426 3845//1426
f 3832//1427 3845//1427 3844//1427
f 3832//1427 3844//1427 3833//1427
f 3833//1428 3844//1428 3843//1428
f 3833//1428 3843//1428 3834//1428
f 3834//1429 3843//1429 3842//1429
f 3834//1429 3842//1429 3835//1429
f 3835//1430 3842//1430 3841//1430
f 3835//1430 3841//1430 3836//1430
f 3836//1431 3841//1431 3840//1431
f 3836//1431 3840//1431 3837//1431
f 3837//1432 3840//1432 3839//1432
f 3837//1432 3839//1432 3838//1432
f 2132//1434 1337//1434 1336//1434
f 2132//1434 1336//1434 2104//1434
f 1340//1435 2130//1435 2129//1435
f 1340//1435 2129//1435 1338//1435
f 1314//1436 1313//1436 3846//1436
f 3846//1436 1313//1436 2088//1436
f 3846//1436 2088//1436 3847//1436
f 3847//1436 2088//1436 2091//1436
f 3847//1437 2091//1437 2093//1437
f 3847//1437 2093//1437 3848//1437
f 3848//1438 2093//1438 2095//1438
f 3848//1438 2095//1438 3849//1438
f 3849//1439 2095//1439 2097//1439
f 3849//1439 2097//1439 3850//1439
f 3850//1440 2097//1440 2099//1440
f 3850//1440 2099//1440 3851//1440
f 3851//1441 2099//1441 2101//1441
f 2101//1441 1329//1441 3851//1441
f 3851//1441 1329//1441 3852//1441
f 3851//1440 3852//1440 3853//1440
f 3851//1440 3853//1440 3850//1440
f 3850//1439 3853//1439 3854//1439
f 3850//1439 3854//1439 3849//1439
f 3849//1438 3854//1438 3855//1438
f 3849//1438 3855//1438 3848//1438
f 3848//1437 3855//1437 3846//1437
f 3848//1437 3846//1437 3847//1437
f 1329//1441 1326//1441 3852//1441
f 3852//1440 1326//1440 1324//1440
f 3852//1440 1324//1440 3853//1440
f 3853//1439 1324//1439 1322//1439
f 3853//1439 1322//1439 3854//1439
f 3854//1438 1322//1438 1320//1438
f 3854//1438 1320//1438 3855//1438
f 3855//1437 1320//1437 1314//1437
f 3855//1437 1314//1437 3846//1437
f 2141//1442 3856//1442 2103//1442
f 2103//1442 3856//1442 3857//1442
f 2103//1442 3857//1442 1331//1442
f 1331//1442 3857//1442 1333//1442
f 1333//1443 3857//1443 3858//1443
f 1333//1443 3858//1443 1334//1443
f 1334//1444 3858//1444 3859//1444
f 1334//1444 3859//1444 1335//1444
f 1335//1445 3859//1445 1336//1445
f 1336//1445 3859//1445 3860//1445
f 1336//1445 3860//1445 2104//1445
f 2104//1445 3860//1445 2105//1445
f 2105//1444 3860//1444 3861//1444
f 2105//1444 3861//1444 2140//1444
f 2140//1443 3861//1443 3856//1443
f 2140//1443 3856//1443 2141//1443
f 3858//1443 3857//1443 3856//1443
f 3858//1443 3856//1443 3861//1443
f 3858//1444 3861//1444 3860//1444
f 3858//1444 3860//1444 3859//1444
f 2128//1446 3862//1446 2129//1446
f 2129//1446 3862//1446 3863//1446
f 2129//1446 3863//1446 1338//1446
f 1338//1446 3863//1446 1348//1446
f 1348//1447 3863//1447 3864//1447
f 1348//1447 3864//1447 1349//1447
f 1349//1448 3864//1448 3865//1448
f 1349//1448 3865//1448 1350//1448
f 1350//1449 3865//1449 1332//1449
f 1332//1449 3865//1449 3866//1449
f 1332//1449 3866//1449 2102//1449
f 2102//1449 3866//1449 2126//1449
f 2126//1448 3866//1448 3867//1448
f 2126//1448 3867//1448 2127//1448
f 2127//1447 3867//1447 3862//1447
f 2127//1447 3862//1447 2128//1447
f 3864//1447 3863//1447 3862//1447
f 3864//1447 3862//1447 3867//1447
f 3864//1448 3867//1448 3866//1448
f 3864//1448 3866//1448 3865//1448
f 2100//1450 1330//1450 1332//1450
f 2100//1450 1332//1450 2102//1450
f 1329//1451 2101//1451 2103//1451
f 1329//1451 2103//1451 1331//1451
f 789//1452 2085//1452 2086//1452
f 789//1452 2086//1452 790//1452
f 790//1453 2086//1453 2087//1453
f 790//1453 2087//1453 1312//1453
f 1312//1454 2087//1454 2088//1454
f 1312//1454 2088//1454 1313//1454
f 2167//1455 1355//1455 2166//1455
f 2166//1456 1355//1456 2165//1456
f 2165//1457 1355//1457 3868//1457
f 2165//1458 3868//1458 2163//1458
f 2163//1459 3868//1459 3869//1459
f 2163//1460 3869//1460 3870//1460
f 3870//1461 3869//1461 3871//1461
f 3870//1462 3871//1462 3872//1462
f 3872//1463 3871//1463 3873//1463
f 3872//1464 3873//1464 3874//1464
f 3874//1465 3873//1465 3875//1465
f 3874//1466 3875//1466 3876//1466
f 3876//1467 3875//1467 3877//1467
f 3877//1468 3875//1468 3878//1468
f 3877//1468 3878//1468 1365//1468
f 1365//1468 3878//1468 1363//1468
f 1363//1469 3878//1469 3879//1469
f 1363//1469 3879//1469 1361//1469
f 1361//1470 3879//1470 3880//1470
f 1361//1470 3880//1470 1359//1470
f 1359//1471 3880//1471 3881//1471
f 1359//1471 3881//1471 1357//1471
f 1357//1472 3881//1472 3882//1472
f 1357//1472 3882//1472 1354//1472
f 1354//1473 3882//1473 1355//1473
f 1355//1473 3882//1473 3868//1473
f 3869//1472 3868//1472 3882//1472
f 3869//1472 3882//1472 3881//1472
f 3869//1471 3881//1471 3880//1471
f 3869//1471 3880//1471 3871//1471
f 3871//1470 3880//1470 3879//1470
f 3871//1470 3879//1470 3873//1470
f 3873//1469 3879//1469 3878//1469
f 3873//1469 3878//1469 3875//1469
f 1382//1474 3883//1474 1375//1474
f 1375//1474 3883//1474 3884//1474
f 1375//1474 3884//1474 2147//1474
f 2147//1474 3884//1474 2148//1474
f 2148//1475 3884//1475 3885//1475
f 2148//1475 3885//1475 2149//1475
f 2149//1476 3885//1476 3886//1476
f 2149//1476 3886//1476 2151//1476
f 2151//1477 3886//1477 3887//1477
f 2151//1477 3887//1477 2153//1477
f 2153//1478 3887//1478 3888//1478
f 2153//1478 3888//1478 2155//1478
f 2155//1479 3888//1479 3889//1479
f 2155//1479 3889//1479 2156//1479
f 2156//1480 3889//1480 3890//1480
f 2156//1480 3890//1480 2154//1480
f 2154//1481 3890//1481 3891//1481
f 2154//1481 3891//1481 2152//1481
f 2152//1482 3891//1482 2150//1482
f 2150//1482 3891//1482 3892//1482
f 2150//1482 3892//1482 1372//1482
f 1372//1482 3892//1482 1374//1482
f 1374//1481 3892//1481 3893//1481
f 1374//1481 3893//1481 1376//1481
f 1376//1480 3893//1480 3894//1480
f 1376//1480 3894//1480 1377//1480
f 1377//1479 3894//1479 3895//1479
f 1377//1479 3895//1479 1378//1479
f 1378//1478 3895//1478 3896//1478
f 1378//1478 3896//1478 1379//1478
f 1379//1477 3896//1477 3897//1477
f 1379//1477 3897//1477 1380//1477
f 1380//1476 3897//1476 3898//1476
f 1380//1476 3898//1476 1381//1476
f 1381//1475 3898//1475 3883//1475
f 1381//1475 3883//1475 1382//1475
f 3885//1475 3884//1475 3883//1475
f 3885//1475 3883//1475 3898//1475
f 3885//1476 3898//1476 3897//1476
f 3885//1476 3897//1476 3886//1476
f 3886//1477 3897//1477 3896//1477
f 3886//1477 3896//1477 3887//1477
f 3887//1478 3896//1478 3895//1478
f 3887//1478 3895//1478 3888//1478
f 3888//1479 3895//1479 3894//1479
f 3888//1479 3894//1479 3889//1479
f 3889//1480 3894//1480 3893//1480
f 3889//1480 3893//1480 3890//1480
f 3890//1481 3893//1481 3892//1481
f 3890//1481 3892//1481 3891//1481
f 2150//1483 1372//1483 1371//1483
f 2150//1484 1371//1484 2144//1484
f 2144//1485 1371//1485 3899//1485
f 1375//1486 2147//1486 2146//1486
f 1375//1486 2146//1486 1373//1486
f 1353//1487 1351//1487 3900//1487
f 3900//1487 1351//1487 2113//1487
f 3900//1487 2113//1487 3901//1487
f 3901//1487 2113//1487 2115//1487
f 3901//1488 2115//1488 2117//1488
f 3901//1488 2117//1488 3902//1488
f 3902//1489 2117//1489 2118//1489
f 3902//1489 2118//1489 3903//1489
f 3903//1490 2118//1490 2119//1490
f 3903//1490 2119//1490 3904//1490
f 3904//1491 2119//1491 2120//1491
f 3904//1491 2120//1491 3905//1491
f 3905//1492 2120//1492 2121//1492
f 2121//1492 1364//1492 3905//1492
f 3905//1492 1364//1492 3906//1492
f 3905//1491 3906//1491 3907//1491
f 3905//1491 3907//1491 3904//1491
f 3904//1490 3907//1490 3908//1490
f 3904//1490 3908//1490 3903//1490
f 3903//1489 3908//1489 3909//1489
f 3903//1489 3909//1489 3902//1489
f 3902//1488 3909//1488 3900//1488
f 3902//1488 3900//1488 3901//1488
f 1364//1492 1362//1492 3906//1492
f 3906//1491 1362//1491 1360//1491
f 3906//1491 1360//1491 3907//1491
f 3907//1490 1360//1490 1358//1490
f 3907//1490 1358//1490 3908//1490
f 3908//1489 1358//1489 1356//1489
f 3908//1489 1356//1489 3909//1489
f 3909//1488 1356//1488 1353//1488
f 3909//1488 1353//1488 3900//1488
f 2125//1493 3910//1493 2123//1493
f 2123//1494 3910//1494 3911//1494
f 2123//1494 3911//1494 1366//1494
f 1366//1494 3911//1494 1368//1494
f 1368//1495 3911//1495 3912//1495
f 1368//1495 3912//1495 1369//1495
f 1369//1496 3912//1496 3913//1496
f 1369//1496 3913//1496 1370//1496
f 1370//1497 3913//1497 1371//1497
f 1371//1497 3913//1497 3914//1497
f 1371//1498 3914//1498 3915//1498
f 3915//1499 3914//1499 3916//1499
f 3916//1500 3914//1500 2122//1500
f 2122//1501 3914//1501 3917//1501
f 2122//1502 3917//1502 2124//1502
f 2124//1503 3917//1503 3910//1503
f 2124//1504 3910//1504 2125//1504
f 3915//1505 3899//1505 1371//1505
f 3912//1495 3911//1495 3910//1495
f 3912//1495 3910//1495 3917//1495
f 3912//1496 3917//1496 3914//1496
f 3912//1496 3914//1496 3913//1496
f 2146//1506 2145//1506 1373//1506
f 1373//1507 2145//1507 2143//1507
f 1373//1508 2143//1508 2142//1508
f 1373//1509 2142//1509 1383//1509
f 1383//1510 2142//1510 3918//1510
f 3918//1511 3919//1511 1383//1511
f 1383//1512 3919//1512 3920//1512
f 1383//1513 3920//1513 3921//1513
f 1383//1513 3921//1513 1384//1513
f 1384//1514 3921//1514 3922//1514
f 1384//1514 3922//1514 1385//1514
f 1385//1515 3922//1515 1367//1515
f 1367//1515 3922//1515 3923//1515
f 1367//1516 3923//1516 2162//1516
f 2162//1517 3923//1517 3924//1517
f 2162//1518 3924//1518 2161//1518
f 2161//1519 3924//1519 2159//1519
f 2159//1520 3924//1520 3925//1520
f 2159//1521 3925//1521 2157//1521
f 2157//1522 3925//1522 3919//1522
f 3919//1512 3925//1512 3920//1512
f 2162//1523 2160//1523 1367//1523
f 3921//1513 3920//1513 3925//1513
f 3921//1513 3925//1513 3924//1513
f 3921//1514 3924//1514 3923//1514
f 3921//1514 3923//1514 3922//1514
f 3877//1524 1365//1524 1367//1524
f 3877//1525 1367//1525 2158//1525
f 2158//1526 1367//1526 2160//1526
f 1364//1527 2121//1527 2123//1527
f 1364//1527 2123//1527 1366//1527
f 1315//1528 2107//1528 2110//1528
f 1315//1528 2110//1528 1317//1528
f 1317//1529 2110//1529 2111//1529
f 1317//1529 2111//1529 1319//1529
f 1319//1530 2111//1530 2113//1530
f 1319//1530 2113//1530 1351//1530
f 2175//1531 2185//1531 3926//1531
f 3926//1531 2185//1531 1394//1531
f 3926//1531 1394//1531 3927//1531
f 3927//1531 1394//1531 1393//1531
f 3927//1532 1393//1532 1396//1532
f 3927//1532 1396//1532 3928//1532
f 3928//1533 1396//1533 1398//1533
f 3928//1533 1398//1533 3929//1533
f 3929//1534 1398//1534 1400//1534
f 3929//1534 1400//1534 3930//1534
f 3930//1535 1400//1535 1402//1535
f 3930//1535 1402//1535 3931//1535
f 3931//1536 1402//1536 1404//1536
f 1404//1536 2203//1536 3931//1536
f 3931//1536 2203//1536 3932//1536
f 3931//1535 3932//1535 3933//1535
f 3931//1535 3933//1535 3930//1535
f 3930//1534 3933//1534 3934//1534
f 3930//1534 3934//1534 3929//1534
f 3929//1533 3934//1533 3935//1533
f 3929//1533 3935//1533 3928//1533
f 3928//1532 3935//1532 3926//1532
f 3928//1532 3926//1532 3927//1532
f 2203//1536 2183//1536 3932//1536
f 3932//1535 2183//1535 2181//1535
f 3932//1535 2181//1535 3933//1535
f 3933//1534 2181//1534 2179//1534
f 3933//1534 2179//1534 3934//1534
f 3934//1533 2179//1533 2177//1533
f 3934//1533 2177//1533 3935//1533
f 3935//1532 2177//1532 2175//1532
f 3935//1532 2175//1532 3926//1532
f 1414//1537 3936//1537 1413//1537
f 1413//1537 3936//1537 3937//1537
f 1413//1537 3937//1537 2211//1537
f 2211//1537 3937//1537 2212//1537
f 2212//1538 3937//1538 3938//1538
f 2212//1538 3938//1538 2214//1538
f 2214//1539 3938//1539 3939//1539
f 2214//1539 3939//1539 2215//1539
f 2215//1540 3939//1540 3940//1540
f 2215//1540 3940//1540 2216//1540
f 2216//1541 3940//1541 3941//1541
f 2216//1541 3941//1541 2217//1541
f 2217//1542 3941//1542 3942//1542
f 2217//1542 3942//1542 2218//1542
f 2218//1543 3942//1543 3943//1543
f 2218//1543 3943//1543 2219//1543
f 2219//1544 3943//1544 3944//1544
f 2219//1544 3944//1544 2220//1544
f 2220//1545 3944//1545 2206//1545
f 2206//1545 3944//1545 3945//1545
f 2206//1545 3945//1545 1411//1545
f 1411//1545 3945//1545 1421//1545
f 1421//1544 3945//1544 3946//1544
f 1421//1544 3946//1544 1420//1544
f 1420//1543 3946//1543 3947//1543
f 1420//1543 3947//1543 1419//1543
f 1419//1542 3947//1542 3948//1542
f 1419//1542 3948//1542 1418//1542
f 1418//1541 3948//1541 3949//1541
f 1418//1541 3949//1541 1417//1541
f 1417//1540 3949//1540 3950//1540
f 1417//1540 3950//1540 1416//1540
f 1416//1539 3950//1539 3951//1539
f 1416//1539 3951//1539 1415//1539
f 1415//1538 3951//1538 3936//1538
f 1415//1538 3936//1538 1414//1538
f 3938//1538 3937//1538 3936//1538
f 3938//1538 3936//1538 3951//1538
f 3938//1539 3951//1539 3950//1539
f 3938//1539 3950//1539 3939//1539
f 3939//1540 3950//1540 3949//1540
f 3939//1540 3949//1540 3940//1540
f 3940//1541 3949//1541 3948//1541
f 3940//1541 3948//1541 3941//1541
f 3941//1542 3948//1542 3947//1542
f 3941//1542 3947//1542 3942//1542
f 3942//1543 3947//1543 3946//1543
f 3942//1543 3946//1543 3943//1543
f 3943//1544 3946//1544 3945//1544
f 3943//1544 3945//1544 3944//1544
f 2206//1546 1411//1546 1410//1546
f 2206//1546 1410//1546 2207//1546
f 1413//1547 2211//1547 2210//1547
f 1413//1547 2210//1547 1412//1547
f 1392//1548 1390//1548 3952//1548
f 3952//1548 1390//1548 2171//1548
f 3952//1548 2171//1548 3953//1548
f 3953//1548 2171//1548 2173//1548
f 3953//1549 2173//1549 2174//1549
f 3953//1549 2174//1549 3954//1549
f 3954//1550 2174//1550 2176//1550
f 3954//1550 2176//1550 3955//1550
f 3955//1551 2176//1551 2178//1551
f 3955//1551 2178//1551 3956//1551
f 3956//1552 2178//1552 2180//1552
f 3956//1552 2180//1552 3957//1552
f 3957//1553 2180//1553 2182//1553
f 2182//1553 1403//1553 3957//1553
f 3957//1553 1403//1553 3958//1553
f 3957//1552 3958//1552 3959//1552
f 3957//1552 3959//1552 3956//1552
f 3956//1551 3959//1551 3960//1551
f 3956//1551 3960//1551 3955//1551
f 3955//1550 3960//1550 3961//1550
f 3955//1550 3961//1550 3954//1550
f 3954//1549 3961//1549 3952//1549
f 3954//1549 3952//1549 3953//1549
f 1403//1553 1401//1553 3958//1553
f 3958//1552 1401//1552 1399//1552
f 3958//1552 1399//1552 3959//1552
f 3959//1551 1399//1551 1397//1551
f 3959//1551 1397//1551 3960//1551
f 3960//1550 1397//1550 1395//1550
f 3960//1550 1395//1550 3961//1550
f 3961//1549 1395//1549 1392//1549
f 3961//1549 1392//1549 3952//1549
f 2223//1554 3962//1554 2204//1554
f 2204//1554 3962//1554 3963//1554
f 2204//1554 3963//1554 1405//1554
f 1405//1554 3963//1554 1407//1554
f 1407//1555 3963//1555 3964//1555
f 1407//1555 3964//1555 1408//1555
f 1408//1556 3964//1556 3965//1556
f 1408//1556 3965//1556 1409//1556
f 1409//1557 3965//1557 1410//1557
f 1410//1557 3965//1557 3966//1557
f 1410//1557 3966//1557 2207//1557
f 2207//1557 3966//1557 2221//1557
f 2221//1556 3966//1556 3967//1556
f 2221//1556 3967//1556 2222//1556
f 2222//1555 3967//1555 3962//1555
f 2222//1555 3962//1555 2223//1555
f 3964//1555 3963//1555 3962//1555
f 3964//1555 3962//1555 3967//1555
f 3964//1556 3967//1556 3966//1556
f 3964//1556 3966//1556 3965//1556
f 2209//1558 3968//1558 2210//1558
f 2210//1558 3968//1558 3969//1558
f 2210//1558 3969//1558 1412//1558
f 1412//1558 3969//1558 1422//1558
f 1422//1559 3969//1559 3970//1559
f 1422//1559 3970//1559 1424//1559
f 1424//1560 3970//1560 3971//1560
f 1424//1560 3971//1560 1423//1560
f 1423//1561 3971//1561 1406//1561
f 1406//1561 3971//1561 3972//1561
f 1406//1561 3972//1561 2205//1561
f 2205//1561 3972//1561 2208//1561
f 2208//1560 3972//1560 3973//1560
f 2208//1560 3973//1560 2213//1560
f 2213//1559 3973//1559 3968//1559
f 2213//1559 3968//1559 2209//1559
f 3970//1559 3969//1559 3968//1559
f 3970//1559 3968//1559 3973//1559
f 3970//1560 3973//1560 3972//1560
f 3970//1560 3972//1560 3971//1560
f 2203//1562 1404//1562 1406//1562
f 2203//1562 1406//1562 2205//1562
f 1403//1563 2182//1563 2204//1563
f 1403//1563 2204//1563 1405//1563
f 1355//1564 2167//1564 2168//1564
f 1355//1564 2168//1564 1386//1564
f 1386//1565 2168//1565 2169//1565
f 1386//1565 2169//1565 1389//1565
f 1389//1566 2169//1566 2171//1566
f 1389//1566 2171//1566 1390//1566
f 2249//1567 1432//1567 2248//1567
f 2248//1568 1432//1568 2247//1568
f 2247//1569 1432//1569 3974//1569
f 2247//1570 3974//1570 2245//1570
f 2245//1571 3974//1571 3975//1571
f 2245//1572 3975//1572 3976//1572
f 3976//1573 3975//1573 3977//1573
f 3976//1574 3977//1574 3978//1574
f 3978//1575 3977//1575 3979//1575
f 3978//1576 3979//1576 3980//1576
f 3980//1577 3979//1577 3981//1577
f 3980//1578 3981//1578 3982//1578
f 3982//1579 3981//1579 3983//1579
f 3983//1580 3981//1580 3984//1580
f 3983//1580 3984//1580 1447//1580
f 1447//1580 3984//1580 1445//1580
f 1445//1581 3984//1581 3985//1581
f 1445//1581 3985//1581 1443//1581
f 1443//1582 3985//1582 3986//1582
f 1443//1582 3986//1582 1441//1582
f 1441//1583 3986//1583 3987//1583
f 1441//1583 3987//1583 1439//1583
f 1439//1584 3987//1584 3988//1584
f 1439//1584 3988//1584 1437//1584
f 1437//1585 3988//1585 1432//1585
f 1432//1585 3988//1585 3974//1585
f 3975//1584 3974//1584 3988//1584
f 3975//1584 3988//1584 3987//1584
f 3975//1583 3987//1583 3986//1583
f 3975//1583 3986//1583 3977//1583
f 3977//1582 3986//1582 3985//1582
f 3977//1582 3985//1582 3979//1582
f 3979//1581 3985//1581 3984//1581
f 3979//1581 3984//1581 3981//1581
f 1467//1586 3989//1586 1460//1586
f 1460//1586 3989//1586 3990//1586
f 1460//1586 3990//1586 2229//1586
f 2229//1586 3990//1586 2231//1586
f 2231//1587 3990//1587 3991//1587
f 2231//1587 3991//1587 2232//1587
f 2232//1588 3991//1588 3992//1588
f 2232//1588 3992//1588 2233//1588
f 2233//1589 3992//1589 3993//1589
f 2233//1589 3993//1589 2234//1589
f 2234//1590 3993//1590 3994//1590
f 2234//1590 3994//1590 2235//1590
f 2235//1591 3994//1591 3995//1591
f 2235//1591 3995//1591 2236//1591
f 2236//1592 3995//1592 3996//1592
f 2236//1592 3996//1592 2237//1592
f 2237//1593 3996//1593 3997//1593
f 2237//1593 3997//1593 2238//1593
f 2238//1594 3997//1594 2230//1594
f 2230//1594 3997//1594 3998//1594
f 2230//1594 3998//1594 1454//1594
f 1454//1594 3998//1594 1459//1594
f 1459//1593 3998//1593 3999//1593
f 1459//1593 3999//1593 1461//1593
f 1461//1592 3999//1592 4000//1592
f 1461//1592 4000//1592 1462//1592
f 1462//1591 4000//1591 4001//1591
f 1462//1591 4001//1591 1463//1591
f 1463//1590 4001//1590 4002//1590
f 1463//1590 4002//1590 1464//1590
f 1464//1589 4002//1589 4003//1589
f 1464//1589 4003//1589 1465//1589
f 1465//1588 4003//1588 4004//1588
f 1465//1588 4004//1588 1466//1588
f 1466//1587 4004//1587 3989//1587
f 1466//1587 3989//1587 1467//1587
f 3991//1587 3990//1587 3989//1587
f 3991//1587 3989//1587 4004//1587
f 3991//1588 4004//1588 4003//1588
f 3991//1588 4003//1588 3992//1588
f 3992//1589 4003//1589 4002//1589
f 3992//1589 4002//1589 3993//1589
f 3993//1590 4002//1590 4001//1590
f 3993//1590 4001//1590 3994//1590
f 3994//1591 4001//1591 4000//1591
f 3994//1591 4000//1591 3995//1591
f 3995//1592 4000//1592 3999//1592
f 3995//1592 3999//1592 3996//1592
f 3996//1593 3999//1593 3998//1593
f 3996//1593 3998//1593 3997//1593
f 2230//1595 1454//1595 1453//1595
f 2230//1596 1453//1596 2224//1596
f 2224//1597 1453//1597 4005//1597
f 1460//1598 2229//1598 2227//1598
f 1460//1598 2227//1598 1455//1598
f 1436//1599 1429//1599 4006//1599
f 4006//1599 1429//1599 2191//1599
f 4006//1599 2191//1599 4007//1599
f 4007//1599 2191//1599 2193//1599
f 4007//1600 2193//1600 2202//1600
f 4007//1600 2202//1600 4008//1600
f 4008//1601 2202//1601 2201//1601
f 4008//1601 2201//1601 4009//1601
f 4009//1602 2201//1602 2197//1602
f 4009//1602 2197//1602 4010//1602
f 4010//1603 2197//1603 2196//1603
f 4010//1603 2196//1603 4011//1603
f 4011//1604 2196//1604 2195//1604
f 2195//1604 1446//1604 4011//1604
f 4011//1604 1446//1604 4012//1604
f 4011//1603 4012//1603 4013//1603
f 4011//1603 4013//1603 4010//1603
f 4010//1602 4013//1602 4014//1602
f 4010//1602 4014//1602 4009//1602
f 4009//1601 4014//1601 4015//1601
f 4009//1601 4015//1601 4008//1601
f 4008//1600 4015//1600 4006//1600
f 4008//1600 4006//1600 4007//1600
f 1446//1604 1444//1604 4012//1604
f 4012//1603 1444//1603 1442//1603
f 4012//1603 1442//1603 4013//1603
f 4013//1602 1442//1602 1440//1602
f 4013//1602 1440//1602 4014//1602
f 4014//1601 1440//1601 1438//1601
f 4014//1601 1438//1601 4015//1601
f 4015//1600 1438//1600 1436//1600
f 4015//1600 1436//1600 4006//1600
f 2200//1605 4016//1605 2198//1605
f 2198//1606 4016//1606 4017//1606
f 2198//1606 4017//1606 1448//1606
f 1448//1606 4017//1606 1450//1606
f 1450//1607 4017//1607 4018//1607
f 1450//1607 4018//1607 1451//1607
f 1451//1608 4018//1608 4019//1608
f 1451//1608 4019//1608 1452//1608
f 1452//1609 4019//1609 1453//1609
f 1453//1609 4019//1609 4020//1609
f 1453//1610 4020//1610 4021//1610
f 4021//1611 4020//1611 4022//1611
f 4022//1612 4020//1612 2194//1612
f 2194//1613 4020//1613 4023//1613
f 2194//1614 4023//1614 2199//1614
f 2199//1615 4023//1615 4016//1615
f 2199//1616 4016//1616 2200//1616
f 4021//1617 4005//1617 1453//1617
f 4018//1607 4017//1607 4016//1607
f 4018//1607 4016//1607 4023//1607
f 4018//1608 4023//1608 4020//1608
f 4018//1608 4020//1608 4019//1608
f 2227//1618 2226//1618 1455//1618
f 1455//1619 2226//1619 2228//1619
f 1455//1620 2228//1620 2225//1620
f 1455//1621 2225//1621 1458//1621
f 1458//1622 2225//1622 4024//1622
f 4024//1623 4025//1623 1458//1623
f 1458//1624 4025//1624 4026//1624
f 1458//1625 4026//1625 4027//1625
f 1458//1625 4027//1625 1457//1625
f 1457//1626 4027//1626 4028//1626
f 1457//1626 4028//1626 1456//1626
f 1456//1627 4028//1627 1449//1627
f 1449//1627 4028//1627 4029//1627
f 1449//1628 4029//1628 2242//1628
f 2242//1629 4029//1629 4030//1629
f 2242//1630 4030//1630 2243//1630
f 2243//1631 4030//1631 2244//1631
f 2244//1632 4030//1632 4031//1632
f 2244//1633 4031//1633 2241//1633
f 2241//1634 4031//1634 4025//1634
f 4025//1624 4031//1624 4026//1624
f 2242//1635 2240//1635 1449//1635
f 4027//1625 4026//1625 4031//1625
f 4027//1625 4031//1625 4030//1625
f 4027//1626 4030//1626 4029//1626
f 4027//1626 4029//1626 4028//1626
f 3983//1636 1447//1636 1449//1636
f 3983//1637 1449//1637 2239//1637
f 2239//1638 1449//1638 2240//1638
f 1446//1639 2195//1639 2198//1639
f 1446//1639 2198//1639 1448//1639
f 1394//1640 2185//1640 2187//1640
f 1394//1640 2187//1640 1425//1640
f 1425//1641 2187//1641 2189//1641
f 1425//1641 2189//1641 1428//1641
f 1428//1642 2189//1642 2191//1642
f 1428//1642 2191//1642 1429//1642
f 2274//1643 2254//1643 4032//1643
f 4032//1643 2254//1643 845//1643
f 4032//1643 845//1643 4033//1643
f 4033//1643 845//1643 1470//1643
f 4033//1644 1470//1644 1472//1644
f 4033//1644 1472//1644 4034//1644
f 4034//1645 1472//1645 1474//1645
f 4034//1645 1474//1645 4035//1645
f 4035//1646 1474//1646 1476//1646
f 4035//1646 1476//1646 4036//1646
f 4036//1647 1476//1647 1478//1647
f 4036//1647 1478//1647 4037//1647
f 4037//1648 1478//1648 1480//1648
f 1480//1648 2284//1648 4037//1648
f 4037//1648 2284//1648 4038//1648
f 4037//1647 4038//1647 4039//1647
f 4037//1647 4039//1647 4036//1647
f 4036//1646 4039//1646 4040//1646
f 4036//1646 4040//1646 4035//1646
f 4035//1645 4040//1645 4041//1645
f 4035//1645 4041//1645 4034//1645
f 4034//1644 4041//1644 4032//1644
f 4034//1644 4032//1644 4033//1644
f 2284//1648 2282//1648 4038//1648
f 4038//1647 2282//1647 2280//1647
f 4038//1647 2280//1647 4039//1647
f 4039//1646 2280//1646 2278//1646
f 4039//1646 2278//1646 4040//1646
f 4040//1645 2278//1645 2276//1645
f 4040//1645 2276//1645 4041//1645
f 4041//1644 2276//1644 2274//1644
f 4041//1644 2274//1644 4032//1644
f 1500//1649 4042//1649 1493//1649
f 1493//1649 4042//1649 4043//1649
f 1493//1649 4043//1649 2294//1649
f 2294//1649 4043//1649 2296//1649
f 2296//1650 4043//1650 4044//1650
f 2296//1650 4044//1650 2297//1650
f 2297//1651 4044//1651 4045//1651
f 2297//1651 4045//1651 2298//1651
f 2298//1652 4045//1652 4046//1652
f 2298//1652 4046//1652 2299//1652
f 2299//1653 4046//1653 4047//1653
f 2299//1653 4047//1653 2300//1653
f 2300//1654 4047//1654 4048//1654
f 2300//1654 4048//1654 2301//1654
f 2301//1655 4048//1655 4049//1655
f 2301//1655 4049//1655 2302//1655
f 2302//1656 4049//1656 4050//1656
f 2302//1656 4050//1656 2295//1656
f 2295//1657 4050//1657 2290//1657
f 2290//1657 4050//1657 4051//1657
f 2290//1657 4051//1657 1487//1657
f 1487//1657 4051//1657 1492//1657
f 1492//1656 4051//1656 4052//1656
f 1492//1656 4052//1656 1494//1656
f 1494//1655 4052//1655 4053//1655
f 1494//1655 4053//1655 1495//1655
f 1495//1654 4053//1654 4054//1654
f 1495//1654 4054//1654 1496//1654
f 1496//1653 4054//1653 4055//1653
f 1496//1653 4055//1653 1497//1653
f 1497//1652 4055//1652 4056//1652
f 1497//1652 4056//1652 1498//1652
f 1498//1651 4056//1651 4057//1651
f 1498//1651 4057//1651 1499//1651
f 1499//1650 4057//1650 4042//1650
f 1499//1650 4042//1650 1500//1650
f 4044//1650 4043//1650 4042//1650
f 4044//1650 4042//1650 4057//1650
f 4044//1651 4057//1651 4056//1651
f 4044//1651 4056//1651 4045//1651
f 4045//1652 4056//1652 4055//1652
f 4045//1652 4055//1652 4046//1652
f 4046//1653 4055//1653 4054//1653
f 4046//1653 4054//1653 4047//1653
f 4047//1654 4054//1654 4053//1654
f 4047//1654 4053//1654 4048//1654
f 4048//1655 4053//1655 4052//1655
f 4048//1655 4052//1655 4049//1655
f 4049//1656 4052//1656 4051//1656
f 4049//1656 4051//1656 4050//1656
f 2290//1658 1487//1658 1486//1658
f 2290//1658 1486//1658 2291//1658
f 1493//1659 2294//1659 2289//1659
f 1493//1659 2289//1659 1488//1659
f 1469//1660 1468//1660 4058//1660
f 4058//1660 1468//1660 2252//1660
f 4058//1660 2252//1660 4059//1660
f 4059//1660 2252//1660 2275//1660
f 4059//1661 2275//1661 2277//1661
f 4059//1661 2277//1661 4060//1661
f 4060//1662 2277//1662 2279//1662
f 4060//1662 2279//1662 4061//1662
f 4061//1663 2279//1663 2281//1663
f 4061//1663 2281//1663 4062//1663
f 4062//1664 2281//1664 2283//1664
f 4062//1664 2283//1664 4063//1664
f 4063//1665 2283//1665 2285//1665
f 2285//1665 1479//1665 4063//1665
f 4063//1665 1479//1665 4064//1665
f 4063//1664 4064//1664 4065//1664
f 4063//1664 4065//1664 4062//1664
f 4062//1663 4065//1663 4066//1663
f 4062//1663 4066//1663 4061//1663
f 4061//1662 4066//1662 4067//1662
f 4061//1662 4067//1662 4060//1662
f 4060//1661 4067//1661 4058//1661
f 4060//1661 4058//1661 4059//1661
f 1479//1665 1477//1665 4064//1665
f 4064//1664 1477//1664 1475//1664
f 4064//1664 1475//1664 4065//1664
f 4065//1663 1475//1663 1473//1663
f 4065//1663 1473//1663 4066//1663
f 4066//1662 1473//1662 1471//1662
f 4066//1662 1471//1662 4067//1662
f 4067//1661 1471//1661 1469//1661
f 4067//1661 1469//1661 4058//1661
f 2305//1666 4068//1666 2287//1666
f 2287//1666 4068//1666 4069//1666
f 2287//1666 4069//1666 1481//1666
f 1481//1666 4069//1666 1483//1666
f 1483//1667 4069//1667 4070//1667
f 1483//1667 4070//1667 1484//1667
f 1484//1668 4070//1668 4071//1668
f 1484//1668 4071//1668 1485//1668
f 1485//1669 4071//1669 1486//1669
f 1486//1669 4071//1669 4072//1669
f 1486//1669 4072//1669 2291//1669
f 2291//1669 4072//1669 2303//1669
f 2303//1668 4072//1668 4073//1668
f 2303//1668 4073//1668 2304//1668
f 2304//1667 4073//1667 4068//1667
f 2304//1667 4068//1667 2305//1667
f 4070//1667 4069//1667 4068//1667
f 4070//1667 4068//1667 4073//1667
f 4070//1668 4073//1668 4072//1668
f 4070//1668 4072//1668 4071//1668
f 2293//1670 4074//1670 2289//1670
f 2289//1670 4074//1670 4075//1670
f 2289//1670 4075//1670 1488//1670
f 1488//1670 4075//1670 1491//1670
f 1491//1671 4075//1671 4076//1671
f 1491//1671 4076//1671 1490//1671
f 1490//1672 4076//1672 4077//1672
f 1490//1672 4077//1672 1489//1672
f 1489//1673 4077//1673 1482//1673
f 1482//1673 4077//1673 4078//1673
f 1482//1673 4078//1673 2286//1673
f 2286//1673 4078//1673 2288//1673
f 2288//1672 4078//1672 4079//1672
f 2288//1672 4079//1672 2292//1672
f 2292//1671 4079//1671 4074//1671
f 2292//1671 4074//1671 2293//1671
f 4076//1671 4075//1671 4074//1671
f 4076//1671 4074//1671 4079//1671
f 4076//1672 4079//1672 4078//1672
f 4076//1672 4078//1672 4077//1672
f 2284//1674 1480//1674 1482//1674
f 2284//1674 1482//1674 2286//1674
f 1479//1675 2285//1675 2287//1675
f 1479//1675 2287//1675 1481//1675
f 1432//1676 2249//1676 2250//1676
f 1432//1676 2250//1676 1434//1676
f 1434//1677 2250//1677 2251//1677
f 1434//1677 2251//1677 1435//1677
f 1435//1678 2251//1678 2252//1678
f 1435//1678 2252//1678 1468//1678
f 2331//1679 819//1679 2330//1679
f 2330//1680 819//1680 2329//1680
f 2329//1681 819//1681 4080//1681
f 2329//1682 4080//1682 2327//1682
f 2327//1683 4080//1683 4081//1683
f 2327//1684 4081//1684 4082//1684
f 4082//1685 4081//1685 4083//1685
f 4082//1686 4083//1686 4084//1686
f 4084//1687 4083//1687 4085//1687
f 4084//1688 4085//1688 4086//1688
f 4086//1689 4085//1689 4087//1689
f 4086//1690 4087//1690 4088//1690
f 4088//1691 4087//1691 4089//1691
f 4089//1692 4087//1692 4090//1692
f 4089//1692 4090//1692 834//1692
f 834//1692 4090//1692 832//1692
f 832//1693 4090//1693 4091//1693
f 832//1693 4091//1693 830//1693
f 830//1694 4091//1694 4092//1694
f 830//1694 4092//1694 828//1694
f 828//1695 4092//1695 4093//1695
f 828//1695 4093//1695 826//1695
f 826//1696 4093//1696 4094//1696
f 826//1696 4094//1696 824//1696
f 824//1697 4094//1697 819//1697
f 819//1697 4094//1697 4080//1697
f 4081//1696 4080//1696 4094//1696
f 4081//1696 4094//1696 4093//1696
f 4081//1695 4093//1695 4092//1695
f 4081//1695 4092//1695 4083//1695
f 4083//1694 4092//1694 4091//1694
f 4083//1694 4091//1694 4085//1694
f 4085//1693 4091//1693 4090//1693
f 4085//1693 4090//1693 4087//1693
f 1514//1698 4095//1698 1508//1698
f 1508//1698 4095//1698 4096//1698
f 1508//1698 4096//1698 2312//1698
f 2312//1698 4096//1698 2317//1698
f 2317//1699 4096//1699 4097//1699
f 2317//1699 4097//1699 2318//1699
f 2318//1700 4097//1700 4098//1700
f 2318//1700 4098//1700 2316//1700
f 2316//1701 4098//1701 4099//1701
f 2316//1701 4099//1701 2315//1701
f 2315//1702 4099//1702 4100//1702
f 2315//1702 4100//1702 2314//1702
f 2314//1703 4100//1703 4101//1703
f 2314//1703 4101//1703 2313//1703
f 2313//1704 4101//1704 4102//1704
f 2313//1704 4102//1704 2311//1704
f 2311//1705 4102//1705 4103//1705
f 2311//1705 4103//1705 2310//1705
f 2310//1706 4103//1706 2309//1706
f 2309//1706 4103//1706 4104//1706
f 2309//1706 4104//1706 1506//1706
f 1506//1706 4104//1706 1507//1706
f 1507//1705 4104//1705 4105//1705
f 1507//1705 4105//1705 1509//1705
f 1509//1704 4105//1704 4106//1704
f 1509//1704 4106//1704 1510//1704
f 1510//1703 4106//1703 4107//1703
f 1510//1703 4107//1703 1511//1703
f 1511//1702 4107//1702 4108//1702
f 1511//1702 4108//1702 1512//1702
f 1512//1701 4108//1701 4109//1701
f 1512//1701 4109//1701 1513//1701
f 1513//1700 4109//1700 4110//1700
f 1513//1700 4110//1700 1515//1700
f 1515//1699 4110//1699 4095//1699
f 1515//1699 4095//1699 1514//1699
f 4097//1699 4096//1699 4095//1699
f 4097//1699 4095//1699 4110//1699
f 4097//1700 4110//1700 4109//1700
f 4097//1700 4109//1700 4098//1700
f 4098//1701 4109//1701 4108//1701
f 4098//1701 4108//1701 4099//1701
f 4099//1702 4108//1702 4107//1702
f 4099//1702 4107//1702 4100//1702
f 4100//1703 4107//1703 4106//1703
f 4100//1703 4106//1703 4101//1703
f 4101//1704 4106//1704 4105//1704
f 4101//1704 4105//1704 4102//1704
f 4102//1705 4105//1705 4104//1705
f 4102//1705 4104//1705 4103//1705
f 2309//1707 1506//1707 838//1707
f 2309//1708 838//1708 2306//1708
f 2306//1709 838//1709 4111//1709
f 1508//1710 2312//1710 2308//1710
f 1508//1710 2308//1710 1502//1710
f 823//1711 822//1711 4112//1711
f 4112//1711 822//1711 2261//1711
f 4112//1711 2261//1711 4113//1711
f 4113//1711 2261//1711 2264//1711
f 4113//1712 2264//1712 2273//1712
f 4113//1712 2273//1712 4114//1712
f 4114//1713 2273//1713 2272//1713
f 4114//1713 2272//1713 4115//1713
f 4115//1714 2272//1714 2268//1714
f 4115//1714 2268//1714 4116//1714
f 4116//1715 2268//1715 2267//1715
f 4116//1715 2267//1715 4117//1715
f 4117//1716 2267//1716 2266//1716
f 2266//1716 833//1716 4117//1716
f 4117//1716 833//1716 4118//1716
f 4117//1715 4118//1715 4119//1715
f 4117//1715 4119//1715 4116//1715
f 4116//1714 4119//1714 4120//1714
f 4116//1714 4120//1714 4115//1714
f 4115//1713 4120//1713 4121//1713
f 4115//1713 4121//1713 4114//1713
f 4114//1712 4121//1712 4112//1712
f 4114//1712 4112//1712 4113//1712
f 833//1716 831//1716 4118//1716
f 4118//1715 831//1715 829//1715
f 4118//1715 829//1715 4119//1715
f 4119//1714 829//1714 827//1714
f 4119//1714 827//1714 4120//1714
f 4120//1713 827//1713 825//1713
f 4120//1713 825//1713 4121//1713
f 4121//1712 825//1712 823//1712
f 4121//1712 823//1712 4112//1712
f 2271//1717 4122//1717 2269//1717
f 2269//1718 4122//1718 4123//1718
f 2269//1718 4123//1718 835//1718
f 835//1718 4123//1718 837//1718
f 837//1719 4123//1719 4124//1719
f 837//1719 4124//1719 839//1719
f 839//1720 4124//1720 4125//1720
f 839//1720 4125//1720 1501//1720
f 1501//1721 4125//1721 838//1721
f 838//1721 4125//1721 4126//1721
f 838//1722 4126//1722 4127//1722
f 4127//1723 4126//1723 4128//1723
f 4128//1724 4126//1724 2265//1724
f 2265//1725 4126//1725 4129//1725
f 2265//1726 4129//1726 2270//1726
f 2270//1727 4129//1727 4122//1727
f 2270//1728 4122//1728 2271//1728
f 4127//1729 4111//1729 838//1729
f 4124//1719 4123//1719 4122//1719
f 4124//1719 4122//1719 4129//1719
f 4124//1720 4129//1720 4126//1720
f 4124//1720 4126//1720 4125//1720
f 2308//1730 2320//1730 1502//1730
f 1502//1731 2320//1731 2319//1731
f 1502//1732 2319//1732 2307//1732
f 1502//1733 2307//1733 1505//1733
f 1505//1734 2307//1734 4130//1734
f 4130//1735 4131//1735 1505//1735
f 1505//1736 4131//1736 4132//1736
f 1505//1737 4132//1737 4133//1737
f 1505//1737 4133//1737 1504//1737
f 1504//1738 4133//1738 4134//1738
f 1504//1738 4134//1738 1503//1738
f 1503//1739 4134//1739 836//1739
f 836//1739 4134//1739 4135//1739
f 836//1740 4135//1740 2326//1740
f 2326//1741 4135//1741 4136//1741
f 2326//1742 4136//1742 2325//1742
f 2325//1743 4136//1743 2324//1743
f 2324//1744 4136//1744 4137//1744
f 2324//1745 4137//1745 2323//1745
f 2323//1746 4137//1746 4131//1746
f 4131//1736 4137//1736 4132//1736
f 2326//1747 2322//1747 836//1747
f 4133//1737 4132//1737 4137//1737
f 4133//1737 4137//1737 4136//1737
f 4133//1738 4136//1738 4135//1738
f 4133//1738 4135//1738 4134//1738
f 4089//1748 834//1748 836//1748
f 4089//1749 836//1749 2321//1749
f 2321//1750 836//1750 2322//1750
f 833//1751 2266//1751 2269//1751
f 833//1751 2269//1751 835//1751
f 845//1752 2254//1752 2258//1752
f 845//1752 2258//1752 843//1752
f 843//1753 2258//1753 2259//1753
f 843//1753 2259//1753 842//1753
f 842//1754 2259//1754 2261//1754
f 842//1754 2261//1754 822//1754
f 2356//1755 2336//1755 4138//1755
f 4138//1755 2336//1755 1520//1755
f 4138//1755 1520//1755 4139//1755
f 4139//1755 1520//1755 1519//1755
f 4139//1756 1519//1756 1522//1756
f 4139//1756 1522//1756 4140//1756
f 4140//1757 1522//1757 1524//1757
f 4140//1757 1524//1757 4141//1757
f 4141//1758 1524//1758 1526//1758
f 4141//1758 1526//1758 4142//1758
f 4142//1759 1526//1759 1528//1759
f 4142//1759 1528//1759 4143//1759
f 4143//1760 1528//1760 1530//1760
f 1530//1760 2366//1760 4143//1760
f 4143//1760 2366//1760 4144//1760
f 4143//1759 4144//1759 4145//1759
f 4143//1759 4145//1759 4142//1759
f 4142//1758 4145//1758 4146//1758
f 4142//1758 4146//1758 4141//1758
f 4141//1757 4146//1757 4147//1757
f 4141//1757 4147//1757 4140//1757
f 4140//1756 4147//1756 4138//1756
f 4140//1756 4138//1756 4139//1756
f 2366//1760 2364//1760 4144//1760
f 4144//1759 2364//1759 2362//1759
f 4144//1759 2362//1759 4145//1759
f 4145//1758 2362//1758 2360//1758
f 4145//1758 2360//1758 4146//1758
f 4146//1757 2360//1757 2358//1757
f 4146//1757 2358//1757 4147//1757
f 4147//1756 2358//1756 2356//1756
f 4147//1756 2356//1756 4138//1756
f 1547//1761 4148//1761 1543//1761
f 1543//1761 4148//1761 4149//1761
f 1543//1761 4149//1761 2374//1761
f 2374//1761 4149//1761 2379//1761
f 2379//1762 4149//1762 4150//1762
f 2379//1762 4150//1762 2381//1762
f 2381//1763 4150//1763 4151//1763
f 2381//1763 4151//1763 2382//1763
f 2382//1764 4151//1764 4152//1764
f 2382//1764 4152//1764 2380//1764
f 2380//1765 4152//1765 4153//1765
f 2380//1765 4153//1765 2378//1765
f 2378//1766 4153//1766 4154//1766
f 2378//1766 4154//1766 2377//1766
f 2377//1767 4154//1767 4155//1767
f 2377//1767 4155//1767 2376//1767
f 2376//1768 4155//1768 4156//1768
f 2376//1768 4156//1768 2375//1768
f 2375//1769 4156//1769 2373//1769
f 2373//1769 4156//1769 4157//1769
f 2373//1769 4157//1769 1541//1769
f 1541//1769 4157//1769 1542//1769
f 1542//1768 4157//1768 4158//1768
f 1542//1768 4158//1768 1544//1768
f 1544//1767 4158//1767 4159//1767
f 1544//1767 4159//1767 1545//1767
f 1545//1766 4159//1766 4160//1766
f 1545//1766 4160//1766 1546//1766
f 1546//1765 4160//1765 4161//1765
f 1546//1765 4161//1765 1548//1765
f 1548//1764 4161//1764 4162//1764
f 1548//1764 4162//1764 1550//1764
f 1550//1763 4162//1763 4163//1763
f 1550//1763 4163//1763 1549//1763
f 1549//1762 4163//1762 4148//1762
f 1549//1762 4148//1762 1547//1762
f 4150//1762 4149//1762 4148//1762
f 4150//1762 4148//1762 4163//1762
f 4150//1763 4163//1763 4162//1763
f 4150//1763 4162//1763 4151//1763
f 4151//1764 4162//1764 4161//1764
f 4151//1764 4161//1764 4152//1764
f 4152//1765 4161//1765 4160//1765
f 4152//1765 4160//1765 4153//1765
f 4153//1766 4160//1766 4159//1766
f 4153//1766 4159//1766 4154//1766
f 4154//1767 4159//1767 4158//1767
f 4154//1767 4158//1767 4155//1767
f 4155//1768 4158//1768 4157//1768
f 4155//1768 4157//1768 4156//1768
f 2373//1770 1541//1770 1534//1770
f 2373//1770 1534//1770 2372//1770
f 1543//1771 2374//1771 2371//1771
f 1543//1771 2371//1771 1535//1771
f 1518//1772 1517//1772 4164//1772
f 4164//1772 1517//1772 2334//1772
f 4164//1772 2334//1772 4165//1772
f 4165//1772 2334//1772 2357//1772
f 4165//1773 2357//1773 2359//1773
f 4165//1773 2359//1773 4166//1773
f 4166//1774 2359//1774 2361//1774
f 4166//1774 2361//1774 4167//1774
f 4167//1775 2361//1775 2363//1775
f 4167//1775 2363//1775 4168//1775
f 4168//1776 2363//1776 2365//1776
f 4168//1776 2365//1776 4169//1776
f 4169//1777 2365//1777 2367//1777
f 2367//1777 1529//1777 4169//1777
f 4169//1777 1529//1777 4170//1777
f 4169//1776 4170//1776 4171//1776
f 4169//1776 4171//1776 4168//1776
f 4168//1775 4171//1775 4172//1775
f 4168//1775 4172//1775 4167//1775
f 4167//1774 4172//1774 4173//1774
f 4167//1774 4173//1774 4166//1774
f 4166//1773 4173//1773 4164//1773
f 4166//1773 4164//1773 4165//1773
f 1529//1777 1527//1777 4170//1777
f 4170//1776 1527//1776 1525//1776
f 4170//1776 1525//1776 4171//1776
f 4171//1775 1525//1775 1523//1775
f 4171//1775 1523//1775 4172//1775
f 4172//1774 1523//1774 1521//1774
f 4172//1774 1521//1774 4173//1774
f 4173//1773 1521//1773 1518//1773
f 4173//1773 1518//1773 4164//1773
f 2387//1778 4174//1778 2369//1778
f 2369//1778 4174//1778 4175//1778
f 2369//1778 4175//1778 1531//1778
f 1531//1778 4175//1778 1533//1778
f 1533//1779 4175//1779 4176//1779
f 1533//1779 4176//1779 1539//1779
f 1539//1780 4176//1780 4177//1780
f 1539//1780 4177//1780 1540//1780
f 1540//1781 4177//1781 1534//1781
f 1534//1781 4177//1781 4178//1781
f 1534//1781 4178//1781 2372//1781
f 2372//1781 4178//1781 2385//1781
f 2385//1780 4178//1780 4179//1780
f 2385//1780 4179//1780 2386//1780
f 2386//1779 4179//1779 4174//1779
f 2386//1779 4174//1779 2387//1779
f 4176//1779 4175//1779 4174//1779
f 4176//1779 4174//1779 4179//1779
f 4176//1780 4179//1780 4178//1780
f 4176//1780 4178//1780 4177//1780
f 2384//1782 4180//1782 2371//1782
f 2371//1782 4180//1782 4181//1782
f 2371//1782 4181//1782 1535//1782
f 1535//1782 4181//1782 1538//1782
f 1538//1783 4181//1783 4182//1783
f 1538//1783 4182//1783 1537//1783
f 1537//1784 4182//1784 4183//1784
f 1537//1784 4183//1784 1536//1784
f 1536//1785 4183//1785 1532//1785
f 1532//1785 4183//1785 4184//1785
f 1532//1785 4184//1785 2368//1785
f 2368//1785 4184//1785 2370//1785
f 2370//1784 4184//1784 4185//1784
f 2370//1784 4185//1784 2383//1784
f 2383//1783 4185//1783 4180//1783
f 2383//1783 4180//1783 2384//1783
f 4182//1783 4181//1783 4180//1783
f 4182//1783 4180//1783 4185//1783
f 4182//1784 4185//1784 4184//1784
f 4182//1784 4184//1784 4183//1784
f 2366//1786 1530//1786 1532//1786
f 2366//1786 1532//1786 2368//1786
f 1529//1787 2367//1787 2369//1787
f 1529//1787 2369//1787 1531//1787
f 819//1788 2331//1788 2332//1788
f 819//1788 2332//1788 820//1788
f 820//1789 2332//1789 2333//1789
f 820//1789 2333//1789 1516//1789
f 1516//1790 2333//1790 2334//1790
f 1516//1790 2334//1790 1517//1790
f 2413//1791 1559//1791 2412//1791
f 2412//1792 1559//1792 2411//1792
f 2411//1793 1559//1793 4186//1793
f 2411//1794 4186//1794 2409//1794
f 2409//1795 4186//1795 4187//1795
f 2409//1796 4187//1796 4188//1796
f 4188//1797 4187//1797 4189//1797
f 4188//1798 4189//1798 4190//1798
f 4190//1799 4189//1799 4191//1799
f 4190//1800 4191//1800 4192//1800
f 4192//1801 4191//1801 4193//1801
f 4192//1802 4193//1802 4194//1802
f 4194//1803 4193//1803 4195//1803
f 4195//1804 4193//1804 4196//1804
f 4195//1804 4196//1804 1573//1804
f 1573//1804 4196//1804 1593//1804
f 1593//1805 4196//1805 4197//1805
f 1593//1805 4197//1805 1570//1805
f 1570//1806 4197//1806 4198//1806
f 1570//1806 4198//1806 1568//1806
f 1568//1807 4198//1807 4199//1807
f 1568//1807 4199//1807 1566//1807
f 1566//1808 4199//1808 4200//1808
f 1566//1808 4200//1808 1564//1808
f 1564//1809 4200//1809 1559//1809
f 1559//1809 4200//1809 4186//1809
f 4187//1808 4186//1808 4200//1808
f 4187//1808 4200//1808 4199//1808
f 4187//1807 4199//1807 4198//1807
f 4187//1807 4198//1807 4189//1807
f 4189//1806 4198//1806 4197//1806
f 4189//1806 4197//1806 4191//1806
f 4191//1805 4197//1805 4196//1805
f 4191//1805 4196//1805 4193//1805
f 1587//1810 4201//1810 1585//1810
f 1585//1810 4201//1810 4202//1810
f 1585//1810 4202//1810 2393//1810
f 2393//1810 4202//1810 2396//1810
f 2396//1811 4202//1811 4203//1811
f 2396//1811 4203//1811 2398//1811
f 2398//1812 4203//1812 4204//1812
f 2398//1812 4204//1812 2400//1812
f 2400//1813 4204//1813 4205//1813
f 2400//1813 4205//1813 2402//1813
f 2402//1814 4205//1814 4206//1814
f 2402//1814 4206//1814 2401//1814
f 2401//1815 4206//1815 4207//1815
f 2401//1815 4207//1815 2399//1815
f 2399//1816 4207//1816 4208//1816
f 2399//1816 4208//1816 2397//1816
f 2397//1817 4208//1817 4209//1817
f 2397//1817 4209//1817 2394//1817
f 2394//1818 4209//1818 2395//1818
f 2395//1818 4209//1818 4210//1818
f 2395//1818 4210//1818 1583//1818
f 1583//1818 4210//1818 1584//1818
f 1584//1817 4210//1817 4211//1817
f 1584//1817 4211//1817 1586//1817
f 1586//1816 4211//1816 4212//1816
f 1586//1816 4212//1816 1589//1816
f 1589//1815 4212//1815 4213//1815
f 1589//1815 4213//1815 1591//1815
f 1591//1814 4213//1814 4214//1814
f 1591//1814 4214//1814 1592//1814
f 1592//1813 4214//1813 4215//1813
f 1592//1813 4215//1813 1590//1813
f 1590//1812 4215//1812 4216//1812
f 1590//1812 4216//1812 1588//1812
f 1588//1811 4216//1811 4201//1811
f 1588//1811 4201//1811 1587//1811
f 4203//1811 4202//1811 4201//1811
f 4203//1811 4201//1811 4216//1811
f 4203//1812 4216//1812 4215//1812
f 4203//1812 4215//1812 4204//1812
f 4204//1813 4215//1813 4214//1813
f 4204//1813 4214//1813 4205//1813
f 4205//1814 4214//1814 4213//1814
f 4205//1814 4213//1814 4206//1814
f 4206//1815 4213//1815 4212//1815
f 4206//1815 4212//1815 4207//1815
f 4207//1816 4212//1816 4211//1816
f 4207//1816 4211//1816 4208//1816
f 4208//1817 4211//1817 4210//1817
f 4208//1817 4210//1817 4209//1817
f 2395//1819 1583//1819 1576//1819
f 2395//1820 1576//1820 2390//1820
f 2390//1821 1576//1821 4217//1821
f 1585//1822 2393//1822 2392//1822
f 1585//1822 2392//1822 1579//1822
f 1558//1823 1555//1823 4218//1823
f 4218//1823 1555//1823 2341//1823
f 4218//1823 2341//1823 4219//1823
f 4219//1823 2341//1823 2346//1823
f 4219//1824 2346//1824 2347//1824
f 4219//1824 2347//1824 4220//1824
f 4220//1825 2347//1825 2348//1825
f 4220//1825 2348//1825 4221//1825
f 4221//1826 2348//1826 2349//1826
f 4221//1826 2349//1826 4222//1826
f 4222//1827 2349//1827 2350//1827
f 4222//1827 2350//1827 4223//1827
f 4223//1828 2350//1828 2351//1828
f 2351//1828 1571//1828 4223//1828
f 4223//1828 1571//1828 4224//1828
f 4223//1827 4224//1827 4225//1827
f 4223//1827 4225//1827 4222//1827
f 4222//1826 4225//1826 4226//1826
f 4222//1826 4226//1826 4221//1826
f 4221//1825 4226//1825 4227//1825
f 4221//1825 4227//1825 4220//1825
f 4220//1824 4227//1824 4218//1824
f 4220//1824 4218//1824 4219//1824
f 1571//1828 1569//1828 4224//1828
f 4224//1827 1569//1827 1567//1827
f 4224//1827 1567//1827 4225//1827
f 4225//1826 1567//1826 1565//1826
f 4225//1826 1565//1826 4226//1826
f 4226//1825 1565//1825 1563//1825
f 4226//1825 1563//1825 4227//1825
f 4227//1824 1563//1824 1558//1824
f 4227//1824 1558//1824 4218//1824
f 2354//1829 4228//1829 2353//1829
f 2353//1830 4228//1830 4229//1830
f 2353//1830 4229//1830 1574//1830
f 1574//1830 4229//1830 1575//1830
f 1575//1831 4229//1831 4230//1831
f 1575//1831 4230//1831 1577//1831
f 1577//1832 4230//1832 4231//1832
f 1577//1832 4231//1832 1578//1832
f 1578//1833 4231//1833 1576//1833
f 1576//1833 4231//1833 4232//1833
f 1576//1834 4232//1834 4233//1834
f 4233//1835 4232//1835 4234//1835
f 4234//1836 4232//1836 2352//1836
f 2352//1837 4232//1837 4235//1837
f 2352//1838 4235//1838 2355//1838
f 2355//1839 4235//1839 4228//1839
f 2355//1840 4228//1840 2354//1840
f 4233//1841 4217//1841 1576//1841
f 4230//1831 4229//1831 4228//1831
f 4230//1831 4228//1831 4235//1831
f 4230//1832 4235//1832 4232//1832
f 4230//1832 4232//1832 4231//1832
f 2392//1842 2391//1842 1579//1842
f 1579//1843 2391//1843 2389//1843
f 1579//1844 2389//1844 2388//1844
f 1579//1845 2388//1845 1582//1845
f 1582//1846 2388//1846 4236//1846
f 4236//1847 4237//1847 1582//1847
f 1582//1848 4237//1848 4238//1848
f 1582//1849 4238//1849 4239//1849
f 1582//1849 4239//1849 1581//1849
f 1581//1850 4239//1850 4240//1850
f 1581//1850 4240//1850 1580//1850
f 1580//1851 4240//1851 1572//1851
f 1572//1851 4240//1851 4241//1851
f 1572//1852 4241//1852 2408//1852
f 2408//1853 4241//1853 4242//1853
f 2408//1854 4242//1854 2407//1854
f 2407//1855 4242//1855 2405//1855
f 2405//1856 4242//1856 4243//1856
f 2405//1857 4243//1857 2403//1857
f 2403//1858 4243//1858 4237//1858
f 4237//1848 4243//1848 4238//1848
f 2408//1859 2406//1859 1572//1859
f 4239//1849 4238//1849 4243//1849
f 4239//1849 4243//1849 4242//1849
f 4239//1850 4242//1850 4241//1850
f 4239//1850 4241//1850 4240//1850
f 4195//1860 1573//1860 1572//1860
f 4195//1861 1572//1861 2404//1861
f 2404//1862 1572//1862 2406//1862
f 1571//1863 2351//1863 2353//1863
f 1571//1863 2353//1863 1574//1863
f 1520//1864 2336//1864 2339//1864
f 1520//1864 2339//1864 1551//1864
f 1551//1865 2339//1865 2342//1865
f 1551//1865 2342//1865 1554//1865
f 1554//1866 2342//1866 2341//1866
f 1554//1866 2341//1866 1555//1866
f 2419//1867 2435//1867 4244//1867
f 4244//1867 2435//1867 968//1867
f 4244//1867 968//1867 4245//1867
f 4245//1867 968//1867 1595//1867
f 4245//1868 1595//1868 1597//1868
f 4245//1868 1597//1868 4246//1868
f 4246//1869 1597//1869 1600//1869
f 4246//1869 1600//1869 4247//1869
f 4247//1870 1600//1870 1599//1870
f 4247//1870 1599//1870 4248//1870
f 4248//1871 1599//1871 1602//1871
f 4248//1871 1602//1871 4249//1871
f 4249//1872 1602//1872 1604//1872
f 1604//1872 2428//1872 4249//1872
f 4249//1872 2428//1872 4250//1872
f 4249//1871 4250//1871 4251//1871
f 4249//1871 4251//1871 4248//1871
f 4248//1870 4251//1870 4252//1870
f 4248//1870 4252//1870 4247//1870
f 4247//1869 4252//1869 4253//1869
f 4247//1869 4253//1869 4246//1869
f 4246//1868 4253//1868 4244//1868
f 4246//1868 4244//1868 4245//1868
f 2428//1872 2426//1872 4250//1872
f 4250//1871 2426//1871 2424//1871
f 4250//1871 2424//1871 4251//1871
f 4251//1870 2424//1870 2422//1870
f 4251//1870 2422//1870 4252//1870
f 4252//1869 2422//1869 2420//1869
f 4252//1869 2420//1869 4253//1869
f 4253//1868 2420//1868 2419//1868
f 4253//1868 2419//1868 4244//1868
f 1619//1873 4254//1873 1616//1873
f 1616//1873 4254//1873 4255//1873
f 1616//1873 4255//1873 2459//1873
f 2459//1873 4255//1873 2460//1873
f 2460//1874 4255//1874 4256//1874
f 2460//1874 4256//1874 2461//1874
f 2461//1875 4256//1875 4257//1875
f 2461//1875 4257//1875 2462//1875
f 2462//1876 4257//1876 4258//1876
f 2462//1876 4258//1876 2463//1876
f 2463//1877 4258//1877 4259//1877
f 2463//1877 4259//1877 2464//1877
f 2464//1878 4259//1878 4260//1878
f 2464//1878 4260//1878 2465//1878
f 2465//1879 4260//1879 4261//1879
f 2465//1879 4261//1879 2466//1879
f 2466//1880 4261//1880 4262//1880
f 2466//1880 4262//1880 2467//1880
f 2467//1881 4262//1881 2458//1881
f 2458//1881 4262//1881 4263//1881
f 2458//1881 4263//1881 1615//1881
f 1615//1881 4263//1881 1617//1881
f 1617//1880 4263//1880 4264//1880
f 1617//1880 4264//1880 1621//1880
f 1621//1879 4264//1879 4265//1879
f 1621//1879 4265//1879 1623//1879
f 1623//1878 4265//1878 4266//1878
f 1623//1878 4266//1878 1624//1878
f 1624//1877 4266//1877 4267//1877
f 1624//1877 4267//1877 1622//1877
f 1622//1876 4267//1876 4268//1876
f 1622//1876 4268//1876 1620//1876
f 1620//1875 4268//1875 4269//1875
f 1620//1875 4269//1875 1618//1875
f 1618//1874 4269//1874 4254//1874
f 1618//1874 4254//1874 1619//1874
f 4256//1874 4255//1874 4254//1874
f 4256//1874 4254//1874 4269//1874
f 4256//1875 4269//1875 4268//1875
f 4256//1875 4268//1875 4257//1875
f 4257//1876 4268//1876 4267//1876
f 4257//1876 4267//1876 4258//1876
f 4258//1877 4267//1877 4266//1877
f 4258//1877 4266//1877 4259//1877
f 4259//1878 4266//1878 4265//1878
f 4259//1878 4265//1878 4260//1878
f 4260//1879 4265//1879 4264//1879
f 4260//1879 4264//1879 4261//1879
f 4261//1880 4264//1880 4263//1880
f 4261//1880 4263//1880 4262//1880
f 2458//1882 1615//1882 1608//1882
f 2458//1882 1608//1882 2432//1882
f 1616//1883 2459//1883 2457//1883
f 1616//1883 2457//1883 1609//1883
f 971//1884 970//1884 4270//1884
f 4270//1884 970//1884 2417//1884
f 4270//1884 2417//1884 4271//1884
f 4271//1884 2417//1884 2418//1884
f 4271//1885 2418//1885 2421//1885
f 4271//1885 2421//1885 4272//1885
f 4272//1886 2421//1886 2423//1886
f 4272//1886 2423//1886 4273//1886
f 4273//1887 2423//1887 2425//1887
f 4273//1887 2425//1887 4274//1887
f 4274//1888 2425//1888 2427//1888
f 4274//1888 2427//1888 4275//1888
f 4275//1889 2427//1889 2429//1889
f 2429//1889 1603//1889 4275//1889
f 4275//1889 1603//1889 4276//1889
f 4275//1888 4276//1888 4277//1888
f 4275//1888 4277//1888 4274//1888
f 4274//1887 4277//1887 4278//1887
f 4274//1887 4278//1887 4273//1887
f 4273//1886 4278//1886 4279//1886
f 4273//1886 4279//1886 4272//1886
f 4272//1885 4279//1885 4270//1885
f 4272//1885 4270//1885 4271//1885
f 1603//1889 1601//1889 4276//1889
f 4276//1888 1601//1888 1598//1888
f 4276//1888 1598//1888 4277//1888
f 4277//1887 1598//1887 1596//1887
f 4277//1887 1596//1887 4278//1887
f 4278//1886 1596//1886 1594//1886
f 4278//1886 1594//1886 4279//1886
f 4279//1885 1594//1885 971//1885
f 4279//1885 971//1885 4270//1885
f 2469//1890 4280//1890 2431//1890
f 2431//1890 4280//1890 4281//1890
f 2431//1890 4281//1890 1605//1890
f 1605//1890 4281//1890 1607//1890
f 1607//1891 4281//1891 4282//1891
f 1607//1891 4282//1891 1613//1891
f 1613//1892 4282//1892 4283//1892
f 1613//1892 4283//1892 1614//1892
f 1614//1893 4283//1893 1608//1893
f 1608//1893 4283//1893 4284//1893
f 1608//1893 4284//1893 2432//1893
f 2432//1893 4284//1893 2433//1893
f 2433//1892 4284//1892 4285//1892
f 2433//1892 4285//1892 2468//1892
f 2468//1891 4285//1891 4280//1891
f 2468//1891 4280//1891 2469//1891
f 4282//1891 4281//1891 4280//1891
f 4282//1891 4280//1891 4285//1891
f 4282//1892 4285//1892 4284//1892
f 4282//1892 4284//1892 4283//1892
f 2456//1894 4286//1894 2457//1894
f 2457//1894 4286//1894 4287//1894
f 2457//1894 4287//1894 1609//1894
f 1609//1894 4287//1894 1612//1894
f 1612//1895 4287//1895 4288//1895
f 1612//1895 4288//1895 1611//1895
f 1611//1896 4288//1896 4289//1896
f 1611//1896 4289//1896 1610//1896
f 1610//1897 4289//1897 1606//1897
f 1606//1897 4289//1897 4290//1897
f 1606//1897 4290//1897 2430//1897
f 2430//1897 4290//1897 2454//1897
f 2454//1896 4290//1896 4291//1896
f 2454//1896 4291//1896 2455//1896
f 2455//1895 4291//1895 4286//1895
f 2455//1895 4286//1895 2456//1895
f 4288//1895 4287//1895 4286//1895
f 4288//1895 4286//1895 4291//1895
f 4288//1896 4291//1896 4290//1896
f 4288//1896 4290//1896 4289//1896
f 2428//1898 1604//1898 1606//1898
f 2428//1898 1606//1898 2430//1898
f 1603//1899 2429//1899 2431//1899
f 1603//1899 2431//1899 1605//1899
f 1559//1900 2413//1900 2414//1900
f 1559//1900 2414//1900 1561//1900
f 1561//1901 2414//1901 2415//1901
f 1561//1901 2415//1901 1562//1901
f 1562//1902 2415//1902 2417//1902
f 1562//1902 2417//1902 970//1902
f 2548//1903 942//1903 2549//1903
f 2549//1904 942//1904 2550//1904
f 2550//1905 942//1905 4292//1905
f 2550//1906 4292//1906 2551//1906
f 2551//1907 4292//1907 4293//1907
f 2551//1908 4293//1908 4294//1908
f 4294//1909 4293//1909 4295//1909
f 4294//1910 4295//1910 4296//1910
f 4296//1911 4295//1911 4297//1911
f 4296//1912 4297//1912 4298//1912
f 4298//1913 4297//1913 4299//1913
f 4298//1914 4299//1914 4300//1914
f 4300//1915 4299//1915 4301//1915
f 4301//1916 4299//1916 4302//1916
f 4301//1916 4302//1916 957//1916
f 957//1916 4302//1916 955//1916
f 955//1917 4302//1917 4303//1917
f 955//1917 4303//1917 953//1917
f 953//1918 4303//1918 4304//1918
f 953//1918 4304//1918 951//1918
f 951//1919 4304//1919 4305//1919
f 951//1919 4305//1919 949//1919
f 949//1920 4305//1920 4306//1920
f 949//1920 4306//1920 948//1920
f 948//1921 4306//1921 942//1921
f 942//1921 4306//1921 4292//1921
f 4293//1920 4292//1920 4306//1920
f 4293//1920 4306//1920 4305//1920
f 4293//1919 4305//1919 4304//1919
f 4293//1919 4304//1919 4295//1919
f 4295//1918 4304//1918 4303//1918
f 4295//1918 4303//1918 4297//1918
f 4297//1917 4303//1917 4302//1917
f 4297//1917 4302//1917 4299//1917
f 1636//1922 4307//1922 1627//1922
f 1627//1922 4307//1922 4308//1922
f 1627//1922 4308//1922 2475//1922
f 2475//1922 4308//1922 2476//1922
f 2476//1923 4308//1923 4309//1923
f 2476//1923 4309//1923 2477//1923
f 2477//1924 4309//1924 4310//1924
f 2477//1924 4310//1924 2479//1924
f 2479//1925 4310//1925 4311//1925
f 2479//1925 4311//1925 2480//1925
f 2480//1926 4311//1926 4312//1926
f 2480//1926 4312//1926 2482//1926
f 2482//1927 4312//1927 4313//1927
f 2482//1927 4313//1927 2484//1927
f 2484//1928 4313//1928 4314//1928
f 2484//1928 4314//1928 2483//1928
f 2483//1929 4314//1929 4315//1929
f 2483//1929 4315//1929 2481//1929
f 2481//1930 4315//1930 2478//1930
f 2478//1930 4315//1930 4316//1930
f 2478//1930 4316//1930 1626//1930
f 1626//1930 4316//1930 1629//1930
f 1629//1929 4316//1929 4317//1929
f 1629//1929 4317//1929 1634//1929
f 1634//1928 4317//1928 4318//1928
f 1634//1928 4318//1928 1635//1928
f 1635//1927 4318//1927 4319//1927
f 1635//1927 4319//1927 1633//1927
f 1633//1926 4319//1926 4320//1926
f 1633//1926 4320//1926 1630//1926
f 1630//1925 4320//1925 4321//1925
f 1630//1925 4321//1925 1631//1925
f 1631//1924 4321//1924 4322//1924
f 1631//1924 4322//1924 1632//1924
f 1632//1923 4322//1923 4307//1923
f 1632//1923 4307//1923 1636//1923
f 4309//1923 4308//1923 4307//1923
f 4309//1923 4307//1923 4322//1923
f 4309//1924 4322//1924 4321//1924
f 4309//1924 4321//1924 4310//1924
f 4310//1925 4321//1925 4320//1925
f 4310//1925 4320//1925 4311//1925
f 4311//1926 4320//1926 4319//1926
f 4311//1926 4319//1926 4312//1926
f 4312//1927 4319//1927 4318//1927
f 4312//1927 4318//1927 4313//1927
f 4313//1928 4318//1928 4317//1928
f 4313//1928 4317//1928 4314//1928
f 4314//1929 4317//1929 4316//1929
f 4314//1929 4316//1929 4315//1929
f 2478//1931 1626//1931 961//1931
f 2478//1932 961//1932 2472//1932
f 2472//1933 961//1933 4323//1933
f 1627//1934 2475//1934 2474//1934
f 1627//1934 2474//1934 1628//1934
f 946//1935 945//1935 4324//1935
f 4324//1935 945//1935 2441//1935
f 4324//1935 2441//1935 4325//1935
f 4325//1935 2441//1935 2444//1935
f 4325//1936 2444//1936 2445//1936
f 4325//1936 2445//1936 4326//1936
f 4326//1937 2445//1937 2446//1937
f 4326//1937 2446//1937 4327//1937
f 4327//1938 2446//1938 2447//1938
f 4327//1938 2447//1938 4328//1938
f 4328//1939 2447//1939 2448//1939
f 4328//1939 2448//1939 4329//1939
f 4329//1940 2448//1940 2449//1940
f 2449//1940 956//1940 4329//1940
f 4329//1940 956//1940 4330//1940
f 4329//1939 4330//1939 4331//1939
f 4329//1939 4331//1939 4328//1939
f 4328//1938 4331//1938 4332//1938
f 4328//1938 4332//1938 4327//1938
f 4327//1937 4332//1937 4333//1937
f 4327//1937 4333//1937 4326//1937
f 4326//1936 4333//1936 4324//1936
f 4326//1936 4324//1936 4325//1936
f 956//1940 954//1940 4330//1940
f 4330//1939 954//1939 952//1939
f 4330//1939 952//1939 4331//1939
f 4331//1938 952//1938 950//1938
f 4331//1938 950//1938 4332//1938
f 4332//1937 950//1937 947//1937
f 4332//1937 947//1937 4333//1937
f 4333//1936 947//1936 946//1936
f 4333//1936 946//1936 4324//1936
f 2453//1941 4334//1941 2451//1941
f 2451//1942 4334//1942 4335//1942
f 2451//1942 4335//1942 958//1942
f 958//1942 4335//1942 960//1942
f 960//1943 4335//1943 4336//1943
f 960//1943 4336//1943 962//1943
f 962//1944 4336//1944 4337//1944
f 962//1944 4337//1944 1625//1944
f 1625//1945 4337//1945 961//1945
f 961//1945 4337//1945 4338//1945
f 961//1946 4338//1946 4339//1946
f 4339//1947 4338//1947 4340//1947
f 4340//1948 4338//1948 2450//1948
f 2450//1949 4338//1949 4341//1949
f 2450//1950 4341//1950 2452//1950
f 2452//1951 4341//1951 4334//1951
f 2452//1952 4334//1952 2453//1952
f 4339//1953 4323//1953 961//1953
f 4336//1943 4335//1943 4334//1943
f 4336//1943 4334//1943 4341//1943
f 4336//1944 4341//1944 4338//1944
f 4336//1944 4338//1944 4337//1944
f 2474//1954 2473//1954 1628//1954
f 1628//1955 2473//1955 2471//1955
f 1628//1956 2471//1956 2470//1956
f 1628//1957 2470//1957 1637//1957
f 1637//1958 2470//1958 4342//1958
f 4342//1959 4343//1959 1637//1959
f 1637//1960 4343//1960 4344//1960
f 1637//1961 4344//1961 4345//1961
f 1637//1961 4345//1961 1638//1961
f 1638//1962 4345//1962 4346//1962
f 1638//1962 4346//1962 1639//1962
f 1639//1963 4346//1963 959//1963
f 959//1963 4346//1963 4347//1963
f 959//1964 4347//1964 2489//1964
f 2489//1965 4347//1965 4348//1965
f 2489//1966 4348//1966 2490//1966
f 2490//1967 4348//1967 2488//1967
f 2488//1968 4348//1968 4349//1968
f 2488//1969 4349//1969 2487//1969
f 2487//1970 4349//1970 4343//1970
f 4343//1960 4349//1960 4344//1960
f 2489//1971 2486//1971 959//1971
f 4345//1961 4344//1961 4349//1961
f 4345//1961 4349//1961 4348//1961
f 4345//1962 4348//1962 4347//1962
f 4345//1962 4347//1962 4346//1962
f 4301//1972 957//1972 959//1972
f 4301//1973 959//1973 2485//1973
f 2485//1974 959//1974 2486//1974
f 956//1975 2449//1975 2451//1975
f 956//1975 2451//1975 958//1975
f 968//1976 2435//1976 2437//1976
f 968//1976 2437//1976 966//1976
f 966//1977 2437//1977 2439//1977
f 966//1977 2439//1977 965//1977
f 965//1978 2439//1978 2441//1978
f 965//1978 2441//1978 945//1978
f 2517//1979 2507//1979 4350//1979
f 4350//1979 2507//1979 1644//1979
f 4350//1979 1644//1979 4351//1979
f 4351//1979 1644//1979 1643//1979
f 4351//1980 1643//1980 1646//1980
f 4351//1980 1646//1980 4352//1980
f 4352//1981 1646//1981 1648//1981
f 4352//1981 1648//1981 4353//1981
f 4353//1982 1648//1982 1650//1982
f 4353//1982 1650//1982 4354//1982
f 4354//1983 1650//1983 1652//1983
f 4354//1983 1652//1983 4355//1983
f 4355//1984 1652//1984 1654//1984
f 1654//1984 2527//1984 4355//1984
f 4355//1984 2527//1984 4356//1984
f 4355//1983 4356//1983 4357//1983
f 4355//1983 4357//1983 4354//1983
f 4354//1982 4357//1982 4358//1982
f 4354//1982 4358//1982 4353//1982
f 4353//1981 4358//1981 4359//1981
f 4353//1981 4359//1981 4352//1981
f 4352//1980 4359//1980 4350//1980
f 4352//1980 4350//1980 4351//1980
f 2527//1984 2526//1984 4356//1984
f 4356//1983 2526//1983 2524//1983
f 4356//1983 2524//1983 4357//1983
f 4357//1982 2524//1982 2522//1982
f 4357//1982 2522//1982 4358//1982
f 4358//1981 2522//1981 2519//1981
f 4358//1981 2519//1981 4359//1981
f 4359//1980 2519//1980 2517//1980
f 4359//1980 2517//1980 4350//1980
f 1672//1985 4360//1985 1664//1985
f 1664//1985 4360//1985 4361//1985
f 1664//1985 4361//1985 2535//1985
f 2535//1985 4361//1985 2543//1985
f 2543//1986 4361//1986 4362//1986
f 2543//1986 4362//1986 2542//1986
f 2542//1987 4362//1987 4363//1987
f 2542//1987 4363//1987 2541//1987
f 2541//1988 4363//1988 4364//1988
f 2541//1988 4364//1988 2540//1988
f 2540//1989 4364//1989 4365//1989
f 2540//1989 4365//1989 2539//1989
f 2539//1990 4365//1990 4366//1990
f 2539//1990 4366//1990 2538//1990
f 2538//1991 4366//1991 4367//1991
f 2538//1991 4367//1991 2537//1991
f 2537//1992 4367//1992 4368//1992
f 2537//1992 4368//1992 2536//1992
f 2536//1993 4368//1993 2532//1993
f 2532//1993 4368//1993 4369//1993
f 2532//1993 4369//1993 1663//1993
f 1663//1993 4369//1993 1665//1993
f 1665//1992 4369//1992 4370//1992
f 1665//1992 4370//1992 1666//1992
f 1666//1991 4370//1991 4371//1991
f 1666//1991 4371//1991 1667//1991
f 1667//1990 4371//1990 4372//1990
f 1667//1990 4372//1990 1668//1990
f 1668//1989 4372//1989 4373//1989
f 1668//1989 4373//1989 1669//1989
f 1669//1988 4373//1988 4374//1988
f 1669//1988 4374//1988 1670//1988
f 1670//1987 4374//1987 4375//1987
f 1670//1987 4375//1987 1671//1987
f 1671//1986 4375//1986 4360//1986
f 1671//1986 4360//1986 1672//1986
f 4362//1986 4361//1986 4360//1986
f 4362//1986 4360//1986 4375//1986
f 4362//1987 4375//1987 4374//1987
f 4362//1987 4374//1987 4363//1987
f 4363//1988 4374//1988 4373//1988
f 4363//1988 4373//1988 4364//1988
f 4364//1989 4373//1989 4372//1989
f 4364//1989 4372//1989 4365//1989
f 4365//1990 4372//1990 4371//1990
f 4365//1990 4371//1990 4366//1990
f 4366//1991 4371//1991 4370//1991
f 4366//1991 4370//1991 4367//1991
f 4367//1992 4370//1992 4369//1992
f 4367//1992 4369//1992 4368//1992
f 2532//1994 1663//1994 1658//1994
f 2532//1994 1658//1994 2529//1994
f 1664//1995 2535//1995 2534//1995
f 1664//1995 2534//1995 1659//1995
f 1642//1996 1641//1996 4376//1996
f 4376//1996 1641//1996 2512//1996
f 4376//1996 2512//1996 4377//1996
f 4377//1996 2512//1996 2510//1996
f 4377//1997 2510//1997 2518//1997
f 4377//1997 2518//1997 4378//1997
f 4378//1998 2518//1998 2521//1998
f 4378//1998 2521//1998 4379//1998
f 4379//1999 2521//1999 2520//1999
f 4379//1999 2520//1999 4380//1999
f 4380//2000 2520//2000 2523//2000
f 4380//2000 2523//2000 4381//2000
f 4381//2001 2523//2001 2525//2001
f 2525//2001 1653//2001 4381//2001
f 4381//2001 1653//2001 4382//2001
f 4381//2000 4382//2000 4383//2000
f 4381//2000 4383//2000 4380//2000
f 4380//1999 4383//1999 4384//1999
f 4380//1999 4384//1999 4379//1999
f 4379//1998 4384//1998 4385//1998
f 4379//1998 4385//1998 4378//1998
f 4378//1997 4385//1997 4376//1997
f 4378//1997 4376//1997 4377//1997
f 1653//2001 1651//2001 4382//2001
f 4382//2000 1651//2000 1649//2000
f 4382//2000 1649//2000 4383//2000
f 4383//1999 1649//1999 1647//1999
f 4383//1999 1647//1999 4384//1999
f 4384//1998 1647//1998 1645//1998
f 4384//1998 1645//1998 4385//1998
f 4385//1997 1645//1997 1642//1997
f 4385//1997 1642//1997 4376//1997
f 2547//2002 4386//2002 2528//2002
f 2528//2002 4386//2002 4387//2002
f 2528//2002 4387//2002 1655//2002
f 1655//2002 4387//2002 1657//2002
f 1657//2003 4387//2003 4388//2003
f 1657//2003 4388//2003 1661//2003
f 1661//2004 4388//2004 4389//2004
f 1661//2004 4389//2004 1662//2004
f 1662//2005 4389//2005 1658//2005
f 1658//2005 4389//2005 4390//2005
f 1658//2005 4390//2005 2529//2005
f 2529//2005 4390//2005 2530//2005
f 2530//2004 4390//2004 4391//2004
f 2530//2004 4391//2004 2546//2004
f 2546//2003 4391//2003 4386//2003
f 2546//2003 4386//2003 2547//2003
f 4388//2003 4387//2003 4386//2003
f 4388//2003 4386//2003 4391//2003
f 4388//2004 4391//2004 4390//2004
f 4388//2004 4390//2004 4389//2004
f 2545//2006 4392//2006 2534//2006
f 2534//2006 4392//2006 4393//2006
f 2534//2006 4393//2006 1659//2006
f 1659//2006 4393//2006 1660//2006
f 1660//2007 4393//2007 4394//2007
f 1660//2007 4394//2007 1673//2007
f 1673//2008 4394//2008 4395//2008
f 1673//2008 4395//2008 1674//2008
f 1674//2009 4395//2009 1656//2009
f 1656//2009 4395//2009 4396//2009
f 1656//2009 4396//2009 2531//2009
f 2531//2009 4396//2009 2533//2009
f 2533//2008 4396//2008 4397//2008
f 2533//2008 4397//2008 2544//2008
f 2544//2007 4397//2007 4392//2007
f 2544//2007 4392//2007 2545//2007
f 4394//2007 4393//2007 4392//2007
f 4394//2007 4392//2007 4397//2007
f 4394//2008 4397//2008 4396//2008
f 4394//2008 4396//2008 4395//2008
f 2527//2010 1654//2010 1656//2010
f 2527//2010 1656//2010 2531//2010
f 1653//2011 2525//2011 2528//2011
f 1653//2011 2528//2011 1655//2011
f 942//2012 2548//2012 2516//2012
f 942//2012 2516//2012 943//2012
f 943//2013 2516//2013 2514//2013
f 943//2013 2514//2013 1640//2013
f 1640//2014 2514//2014 2512//2014
f 1640//2014 2512//2014 1641//2014
f 2630//2015 1682//2015 2631//2015
f 2631//2016 1682//2016 2632//2016
f 2632//2017 1682//2017 4398//2017
f 2632//2018 4398//2018 2633//2018
f 2633//2019 4398//2019 4399//2019
f 2633//2020 4399//2020 4400//2020
f 4400//2021 4399//2021 4401//2021
f 4400//2022 4401//2022 4402//2022
f 4402//2023 4401//2023 4403//2023
f 4402//2024 4403//2024 4404//2024
f 4404//2025 4403//2025 4405//2025
f 4404//2026 4405//2026 4406//2026
f 4406//2027 4405//2027 4407//2027
f 4407//2028 4405//2028 4408//2028
f 4407//2028 4408//2028 1697//2028
f 1697//2028 4408//2028 1695//2028
f 1695//2029 4408//2029 4409//2029
f 1695//2029 4409//2029 1693//2029
f 1693//2030 4409//2030 4410//2030
f 1693//2030 4410//2030 1691//2030
f 1691//2031 4410//2031 4411//2031
f 1691//2031 4411//2031 1689//2031
f 1689//2032 4411//2032 4412//2032
f 1689//2032 4412//2032 1687//2032
f 1687//2033 4412//2033 1682//2033
f 1682//2033 4412//2033 4398//2033
f 4399//2032 4398//2032 4412//2032
f 4399//2032 4412//2032 4411//2032
f 4399//2031 4411//2031 4410//2031
f 4399//2031 4410//2031 4401//2031
f 4401//2030 4410//2030 4409//2030
f 4401//2030 4409//2030 4403//2030
f 4403//2029 4409//2029 4408//2029
f 4403//2029 4408//2029 4405//2029
f 1715//2034 4413//2034 1707//2034
f 1707//2034 4413//2034 4414//2034
f 1707//2034 4414//2034 2557//2034
f 2557//2034 4414//2034 2560//2034
f 2560//2035 4414//2035 4415//2035
f 2560//2035 4415//2035 2561//2035
f 2561//2036 4415//2036 4416//2036
f 2561//2036 4416//2036 2562//2036
f 2562//2037 4416//2037 4417//2037
f 2562//2037 4417//2037 2563//2037
f 2563//2038 4417//2038 4418//2038
f 2563//2038 4418//2038 2564//2038
f 2564//2039 4418//2039 4419//2039
f 2564//2039 4419//2039 2565//2039
f 2565//2040 4419//2040 4420//2040
f 2565//2040 4420//2040 2566//2040
f 2566//2041 4420//2041 4421//2041
f 2566//2041 4421//2041 2558//2041
f 2558//2042 4421//2042 2559//2042
f 2559//2042 4421//2042 4422//2042
f 2559//2042 4422//2042 1706//2042
f 1706//2042 4422//2042 1708//2042
f 1708//2041 4422//2041 4423//2041
f 1708//2041 4423//2041 1709//2041
f 1709//2040 4423//2040 4424//2040
f 1709//2040 4424//2040 1710//2040
f 1710//2039 4424//2039 4425//2039
f 1710//2039 4425//2039 1711//2039
f 1711//2038 4425//2038 4426//2038
f 1711//2038 4426//2038 1712//2038
f 1712//2037 4426//2037 4427//2037
f 1712//2037 4427//2037 1713//2037
f 1713//2036 4427//2036 4428//2036
f 1713//2036 4428//2036 1714//2036
f 1714//2035 4428//2035 4413//2035
f 1714//2035 4413//2035 1715//2035
f 4415//2035 4414//2035 4413//2035
f 4415//2035 4413//2035 4428//2035
f 4415//2036 4428//2036 4427//2036
f 4415//2036 4427//2036 4416//2036
f 4416//2037 4427//2037 4426//2037
f 4416//2037 4426//2037 4417//2037
f 4417//2038 4426//2038 4425//2038
f 4417//2038 4425//2038 4418//2038
f 4418//2039 4425//2039 4424//2039
f 4418//2039 4424//2039 4419//2039
f 4419//2040 4424//2040 4423//2040
f 4419//2040 4423//2040 4420//2040
f 4420//2041 4423//2041 4422//2041
f 4420//2041 4422//2041 4421//2041
f 2559//2043 1706//2043 1701//2043
f 2559//2044 1701//2044 2552//2044
f 2552//2045 1701//2045 4429//2045
f 1707//2046 2557//2046 2555//2046
f 1707//2046 2555//2046 1702//2046
f 1686//2047 1679//2047 4430//2047
f 4430//2047 1679//2047 2502//2047
f 4430//2047 2502//2047 4431//2047
f 4431//2047 2502//2047 2501//2047
f 4431//2048 2501//2048 2500//2048
f 4431//2048 2500//2048 4432//2048
f 4432//2049 2500//2049 2499//2049
f 4432//2049 2499//2049 4433//2049
f 4433//2050 2499//2050 2495//2050
f 4433//2050 2495//2050 4434//2050
f 4434//2051 2495//2051 2494//2051
f 4434//2051 2494//2051 4435//2051
f 4435//2052 2494//2052 2492//2052
f 2492//2052 1696//2052 4435//2052
f 4435//2052 1696//2052 4436//2052
f 4435//2051 4436//2051 4437//2051
f 4435//2051 4437//2051 4434//2051
f 4434//2050 4437//2050 4438//2050
f 4434//2050 4438//2050 4433//2050
f 4433//2049 4438//2049 4439//2049
f 4433//2049 4439//2049 4432//2049
f 4432//2048 4439//2048 4430//2048
f 4432//2048 4430//2048 4431//2048
f 1696//2052 1694//2052 4436//2052
f 4436//2051 1694//2051 1692//2051
f 4436//2051 1692//2051 4437//2051
f 4437//2050 1692//2050 1690//2050
f 4437//2050 1690//2050 4438//2050
f 4438//2049 1690//2049 1688//2049
f 4438//2049 1688//2049 4439//2049
f 4439//2048 1688//2048 1686//2048
f 4439//2048 1686//2048 4430//2048
f 2498//2053 4440//2053 2496//2053
f 2496//2054 4440//2054 4441//2054
f 2496//2054 4441//2054 1698//2054
f 1698//2054 4441//2054 1700//2054
f 1700//2055 4441//2055 4442//2055
f 1700//2055 4442//2055 1704//2055
f 1704//2056 4442//2056 4443//2056
f 1704//2056 4443//2056 1705//2056
f 1705//2057 4443//2057 1701//2057
f 1701//2057 4443//2057 4444//2057
f 1701//2058 4444//2058 4445//2058
f 4445//2059 4444//2059 4446//2059
f 4446//2060 4444//2060 2491//2060
f 2491//2061 4444//2061 4447//2061
f 2491//2062 4447//2062 2497//2062
f 2497//2063 4447//2063 4440//2063
f 2497//2064 4440//2064 2498//2064
f 4445//2065 4429//2065 1701//2065
f 4442//2055 4441//2055 4440//2055
f 4442//2055 4440//2055 4447//2055
f 4442//2056 4447//2056 4444//2056
f 4442//2056 4444//2056 4443//2056
f 2555//2066 2556//2066 1702//2066
f 1702//2067 2556//2067 2554//2067
f 1702//2068 2554//2068 2553//2068
f 1702//2069 2553//2069 1703//2069
f 1703//2070 2553//2070 4448//2070
f 4448//2071 4449//2071 1703//2071
f 1703//2072 4449//2072 4450//2072
f 1703//2073 4450//2073 4451//2073
f 1703//2073 4451//2073 1716//2073
f 1716//2074 4451//2074 4452//2074
f 1716//2074 4452//2074 1717//2074
f 1717//2075 4452//2075 1699//2075
f 1699//2075 4452//2075 4453//2075
f 1699//2076 4453//2076 2570//2076
f 2570//2077 4453//2077 4454//2077
f 2570//2078 4454//2078 2571//2078
f 2571//2079 4454//2079 2572//2079
f 2572//2080 4454//2080 4455//2080
f 2572//2081 4455//2081 2569//2081
f 2569//2082 4455//2082 4449//2082
f 4449//2072 4455//2072 4450//2072
f 2570//2083 2568//2083 1699//2083
f 4451//2073 4450//2073 4455//2073
f 4451//2073 4455//2073 4454//2073
f 4451//2074 4454//2074 4453//2074
f 4451//2074 4453//2074 4452//2074
f 4407//2084 1697//2084 1699//2084
f 4407//2085 1699//2085 2567//2085
f 2567//2086 1699//2086 2568//2086
f 1696//2087 2492//2087 2496//2087
f 1696//2087 2496//2087 1698//2087
f 1644//2088 2507//2088 2506//2088
f 1644//2088 2506//2088 1675//2088
f 1675//2089 2506//2089 2504//2089
f 1675//2089 2504//2089 1678//2089
f 1678//2090 2504//2090 2502//2090
f 1678//2090 2502//2090 1679//2090
f 2597//2091 2590//2091 4456//2091
f 4456//2091 2590//2091 936//2091
f 4456//2091 936//2091 4457//2091
f 4457//2091 936//2091 1720//2091
f 4457//2092 1720//2092 1722//2092
f 4457//2092 1722//2092 4458//2092
f 4458//2093 1722//2093 1724//2093
f 4458//2093 1724//2093 4459//2093
f 4459//2094 1724//2094 1726//2094
f 4459//2094 1726//2094 4460//2094
f 4460//2095 1726//2095 1728//2095
f 4460//2095 1728//2095 4461//2095
f 4461//2096 1728//2096 1730//2096
f 1730//2096 2607//2096 4461//2096
f 4461//2096 2607//2096 4462//2096
f 4461//2095 4462//2095 4463//2095
f 4461//2095 4463//2095 4460//2095
f 4460//2094 4463//2094 4464//2094
f 4460//2094 4464//2094 4459//2094
f 4459//2093 4464//2093 4465//2093
f 4459//2093 4465//2093 4458//2093
f 4458//2092 4465//2092 4456//2092
f 4458//2092 4456//2092 4457//2092
f 2607//2096 2605//2096 4462//2096
f 4462//2095 2605//2095 2603//2095
f 4462//2095 2603//2095 4463//2095
f 4463//2094 2603//2094 2601//2094
f 4463//2094 2601//2094 4464//2094
f 4464//2093 2601//2093 2599//2093
f 4464//2093 2599//2093 4465//2093
f 4465//2092 2599//2092 2597//2092
f 4465//2092 2597//2092 4456//2092
f 1748//2097 4466//2097 1740//2097
f 1740//2097 4466//2097 4467//2097
f 1740//2097 4467//2097 2617//2097
f 2617//2097 4467//2097 2619//2097
f 2619//2098 4467//2098 4468//2098
f 2619//2098 4468//2098 2620//2098
f 2620//2099 4468//2099 4469//2099
f 2620//2099 4469//2099 2621//2099
f 2621//2100 4469//2100 4470//2100
f 2621//2100 4470//2100 2622//2100
f 2622//2101 4470//2101 4471//2101
f 2622//2101 4471//2101 2623//2101
f 2623//2102 4471//2102 4472//2102
f 2623//2102 4472//2102 2624//2102
f 2624//2103 4472//2103 4473//2103
f 2624//2103 4473//2103 2625//2103
f 2625//2104 4473//2104 4474//2104
f 2625//2104 4474//2104 2618//2104
f 2618//2105 4474//2105 2613//2105
f 2613//2105 4474//2105 4475//2105
f 2613//2105 4475//2105 1739//2105
f 1739//2105 4475//2105 1741//2105
f 1741//2104 4475//2104 4476//2104
f 1741//2104 4476//2104 1742//2104
f 1742//2103 4476//2103 4477//2103
f 1742//2103 4477//2103 1743//2103
f 1743//2102 4477//2102 4478//2102
f 1743//2102 4478//2102 1744//2102
f 1744//2101 4478//2101 4479//2101
f 1744//2101 4479//2101 1745//2101
f 1745//2100 4479//2100 4480//2100
f 1745//2100 4480//2100 1746//2100
f 1746//2099 4480//2099 4481//2099
f 1746//2099 4481//2099 1747//2099
f 1747//2098 4481//2098 4466//2098
f 1747//2098 4466//2098 1748//2098
f 4468//2098 4467//2098 4466//2098
f 4468//2098 4466//2098 4481//2098
f 4468//2099 4481//2099 4480//2099
f 4468//2099 4480//2099 4469//2099
f 4469//2100 4480//2100 4479//2100
f 4469//2100 4479//2100 4470//2100
f 4470//2101 4479//2101 4478//2101
f 4470//2101 4478//2101 4471//2101
f 4471//2102 4478//2102 4477//2102
f 4471//2102 4477//2102 4472//2102
f 4472//2103 4477//2103 4476//2103
f 4472//2103 4476//2103 4473//2103
f 4473//2104 4476//2104 4475//2104
f 4473//2104 4475//2104 4474//2104
f 2613//2106 1739//2106 1734//2106
f 2613//2106 1734//2106 2614//2106
f 1740//2107 2617//2107 2612//2107
f 1740//2107 2612//2107 1735//2107
f 1719//2108 1718//2108 4482//2108
f 4482//2108 1718//2108 2594//2108
f 4482//2108 2594//2108 4483//2108
f 4483//2108 2594//2108 2598//2108
f 4483//2109 2598//2109 2600//2109
f 4483//2109 2600//2109 4484//2109
f 4484//2110 2600//2110 2602//2110
f 4484//2110 2602//2110 4485//2110
f 4485//2111 2602//2111 2604//2111
f 4485//2111 2604//2111 4486//2111
f 4486//2112 2604//2112 2606//2112
f 4486//2112 2606//2112 4487//2112
f 4487//2113 2606//2113 2608//2113
f 2608//2113 1729//2113 4487//2113
f 4487//2113 1729//2113 4488//2113
f 4487//2112 4488//2112 4489//2112
f 4487//2112 4489//2112 4486//2112
f 4486//2111 4489//2111 4490//2111
f 4486//2111 4490//2111 4485//2111
f 4485//2110 4490//2110 4491//2110
f 4485//2110 4491//2110 4484//2110
f 4484//2109 4491//2109 4482//2109
f 4484//2109 4482//2109 4483//2109
f 1729//2113 1727//2113 4488//2113
f 4488//2112 1727//2112 1725//2112
f 4488//2112 1725//2112 4489//2112
f 4489//2111 1725//2111 1723//2111
f 4489//2111 1723//2111 4490//2111
f 4490//2110 1723//2110 1721//2110
f 4490//2110 1721//2110 4491//2110
f 4491//2109 1721//2109 1719//2109
f 4491//2109 1719//2109 4482//2109
f 2628//2114 4492//2114 2610//2114
f 2610//2114 4492//2114 4493//2114
f 2610//2114 4493//2114 1731//2114
f 1731//2114 4493//2114 1733//2114
f 1733//2115 4493//2115 4494//2115
f 1733//2115 4494//2115 1737//2115
f 1737//2116 4494//2116 4495//2116
f 1737//2116 4495//2116 1738//2116
f 1738//2117 4495//2117 1734//2117
f 1734//2117 4495//2117 4496//2117
f 1734//2117 4496//2117 2614//2117
f 2614//2117 4496//2117 2626//2117
f 2626//2116 4496//2116 4497//2116
f 2626//2116 4497//2116 2627//2116
f 2627//2115 4497//2115 4492//2115
f 2627//2115 4492//2115 2628//2115
f 4494//2115 4493//2115 4492//2115
f 4494//2115 4492//2115 4497//2115
f 4494//2116 4497//2116 4496//2116
f 4494//2116 4496//2116 4495//2116
f 2616//2118 4498//2118 2612//2118
f 2612//2118 4498//2118 4499//2118
f 2612//2118 4499//2118 1735//2118
f 1735//2118 4499//2118 1736//2118
f 1736//2119 4499//2119 4500//2119
f 1736//2119 4500//2119 1749//2119
f 1749//2120 4500//2120 4501//2120
f 1749//2120 4501//2120 1750//2120
f 1750//2121 4501//2121 1732//2121
f 1732//2121 4501//2121 4502//2121
f 1732//2121 4502//2121 2609//2121
f 2609//2121 4502//2121 2611//2121
f 2611//2120 4502//2120 4503//2120
f 2611//2120 4503//2120 2615//2120
f 2615//2119 4503//2119 4498//2119
f 2615//2119 4498//2119 2616//2119
f 4500//2119 4499//2119 4498//2119
f 4500//2119 4498//2119 4503//2119
f 4500//2120 4503//2120 4502//2120
f 4500//2120 4502//2120 4501//2120
f 2607//2122 1730//2122 1732//2122
f 2607//2122 1732//2122 2609//2122
f 1729//2123 2608//2123 2610//2123
f 1729//2123 2610//2123 1731//2123
f 1682//2124 2630//2124 2629//2124
f 1682//2124 2629//2124 1684//2124
f 1684//2125 2629//2125 2596//2125
f 1684//2125 2596//2125 1685//2125
f 1685//2126 2596//2126 2594//2126
f 1685//2126 2594//2126 1718//2126
f 2711//2127 911//2127 2712//2127
f 2712//2128 911//2128 2713//2128
f 2713//2129 911//2129 4504//2129
f 2713//2130 4504//2130 2714//2130
f 2714//2131 4504//2131 4505//2131
f 2714//2132 4505//2132 4506//2132
f 4506//2133 4505//2133 4507//2133
f 4506//2134 4507//2134 4508//2134
f 4508//2135 4507//2135 4509//2135
f 4508//2136 4509//2136 4510//2136
f 4510//2137 4509//2137 4511//2137
f 4510//2138 4511//2138 4512//2138
f 4512//2139 4511//2139 4513//2139
f 4513//2140 4511//2140 4514//2140
f 4513//2140 4514//2140 926//2140
f 926//2140 4514//2140 924//2140
f 924//2141 4514//2141 4515//2141
f 924//2141 4515//2141 922//2141
f 922//2142 4515//2142 4516//2142
f 922//2142 4516//2142 920//2142
f 920//2143 4516//2143 4517//2143
f 920//2143 4517//2143 918//2143
f 918//2144 4517//2144 4518//2144
f 918//2144 4518//2144 917//2144
f 917//2145 4518//2145 911//2145
f 911//2145 4518//2145 4504//2145
f 4505//2144 4504//2144 4518//2144
f 4505//2144 4518//2144 4517//2144
f 4505//2143 4517//2143 4516//2143
f 4505//2143 4516//2143 4507//2143
f 4507//2142 4516//2142 4515//2142
f 4507//2142 4515//2142 4509//2142
f 4509//2141 4515//2141 4514//2141
f 4509//2141 4514//2141 4511//2141
f 1763//2146 4519//2146 1764//2146
f 1764//2146 4519//2146 4520//2146
f 1764//2146 4520//2146 2642//2146
f 2642//2146 4520//2146 2646//2146
f 2646//2147 4520//2147 4521//2147
f 2646//2147 4521//2147 2648//2147
f 2648//2148 4521//2148 4522//2148
f 2648//2148 4522//2148 2647//2148
f 2647//2149 4522//2149 4523//2149
f 2647//2149 4523//2149 2645//2149
f 2645//2150 4523//2150 4524//2150
f 2645//2150 4524//2150 2644//2150
f 2644//2151 4524//2151 4525//2151
f 2644//2151 4525//2151 2643//2151
f 2643//2152 4525//2152 4526//2152
f 2643//2152 4526//2152 2641//2152
f 2641//2153 4526//2153 4527//2153
f 2641//2153 4527//2153 2640//2153
f 2640//2154 4527//2154 2637//2154
f 2637//2154 4527//2154 4528//2154
f 2637//2154 4528//2154 1753//2154
f 1753//2154 4528//2154 1756//2154
f 1756//2153 4528//2153 4529//2153
f 1756//2153 4529//2153 1757//2153
f 1757//2152 4529//2152 4530//2152
f 1757//2152 4530//2152 1758//2152
f 1758//2151 4530//2151 4531//2151
f 1758//2151 4531//2151 1759//2151
f 1759//2150 4531//2150 4532//2150
f 1759//2150 4532//2150 1760//2150
f 1760//2149 4532//2149 4533//2149
f 1760//2149 4533//2149 1761//2149
f 1761//2148 4533//2148 4534//2148
f 1761//2148 4534//2148 1762//2148
f 1762//2147 4534//2147 4519//2147
f 1762//2147 4519//2147 1763//2147
f 4521//2147 4520//2147 4519//2147
f 4521//2147 4519//2147 4534//2147
f 4521//2148 4534//2148 4533//2148
f 4521//2148 4533//2148 4522//2148
f 4522//2149 4533//2149 4532//2149
f 4522//2149 4532//2149 4523//2149
f 4523//2150 4532//2150 4531//2150
f 4523//2150 4531//2150 4524//2150
f 4524//2151 4531//2151 4530//2151
f 4524//2151 4530//2151 4525//2151
f 4525//2152 4530//2152 4529//2152
f 4525//2152 4529//2152 4526//2152
f 4526//2153 4529//2153 4528//2153
f 4526//2153 4528//2153 4527//2153
f 2637//2155 1753//2155 930//2155
f 2637//2156 930//2156 2634//2156
f 2634//2157 930//2157 4535//2157
f 1764//2158 2642//2158 2639//2158
f 1764//2158 2639//2158 1754//2158
f 915//2159 914//2159 4536//2159
f 4536//2159 914//2159 2584//2159
f 4536//2159 2584//2159 4537//2159
f 4537//2159 2584//2159 2583//2159
f 4537//2160 2583//2160 2582//2160
f 4537//2160 2582//2160 4538//2160
f 4538//2161 2582//2161 2581//2161
f 4538//2161 2581//2161 4539//2161
f 4539//2162 2581//2162 2577//2162
f 4539//2162 2577//2162 4540//2162
f 4540//2163 2577//2163 2576//2163
f 4540//2163 2576//2163 4541//2163
f 4541//2164 2576//2164 2574//2164
f 2574//2164 925//2164 4541//2164
f 4541//2164 925//2164 4542//2164
f 4541//2163 4542//2163 4543//2163
f 4541//2163 4543//2163 4540//2163
f 4540//2162 4543//2162 4544//2162
f 4540//2162 4544//2162 4539//2162
f 4539//2161 4544//2161 4545//2161
f 4539//2161 4545//2161 4538//2161
f 4538//2160 4545//2160 4536//2160
f 4538//2160 4536//2160 4537//2160
f 925//2164 923//2164 4542//2164
f 4542//2163 923//2163 921//2163
f 4542//2163 921//2163 4543//2163
f 4543//2162 921//2162 919//2162
f 4543//2162 919//2162 4544//2162
f 4544//2161 919//2161 916//2161
f 4544//2161 916//2161 4545//2161
f 4545//2160 916//2160 915//2160
f 4545//2160 915//2160 4536//2160
f 2580//2165 4546//2165 2578//2165
f 2578//2166 4546//2166 4547//2166
f 2578//2166 4547//2166 927//2166
f 927//2166 4547//2166 1751//2166
f 1751//2167 4547//2167 4548//2167
f 1751//2167 4548//2167 1752//2167
f 1752//2168 4548//2168 4549//2168
f 1752//2168 4549//2168 929//2168
f 929//2169 4549//2169 930//2169
f 930//2169 4549//2169 4550//2169
f 930//2170 4550//2170 4551//2170
f 4551//2171 4550//2171 4552//2171
f 4552//2172 4550//2172 2573//2172
f 2573//2173 4550//2173 4553//2173
f 2573//2174 4553//2174 2579//2174
f 2579//2175 4553//2175 4546//2175
f 2579//2176 4546//2176 2580//2176
f 4551//2177 4535//2177 930//2177
f 4548//2167 4547//2167 4546//2167
f 4548//2167 4546//2167 4553//2167
f 4548//2168 4553//2168 4550//2168
f 4548//2168 4550//2168 4549//2168
f 2639//2178 2638//2178 1754//2178
f 1754//2179 2638//2179 2636//2179
f 1754//2180 2636//2180 2635//2180
f 1754//2181 2635//2181 1755//2181
f 1755//2182 2635//2182 4554//2182
f 4554//2183 4555//2183 1755//2183
f 1755//2184 4555//2184 4556//2184
f 1755//2185 4556//2185 4557//2185
f 1755//2185 4557//2185 1765//2185
f 1765//2186 4557//2186 4558//2186
f 1765//2186 4558//2186 1766//2186
f 1766//2187 4558//2187 928//2187
f 928//2187 4558//2187 4559//2187
f 928//2188 4559//2188 2654//2188
f 2654//2189 4559//2189 4560//2189
f 2654//2190 4560//2190 2653//2190
f 2653//2191 4560//2191 2652//2191
f 2652//2192 4560//2192 4561//2192
f 2652//2193 4561//2193 2651//2193
f 2651//2194 4561//2194 4555//2194
f 4555//2184 4561//2184 4556//2184
f 2654//2195 2650//2195 928//2195
f 4557//2185 4556//2185 4561//2185
f 4557//2185 4561//2185 4560//2185
f 4557//2186 4560//2186 4559//2186
f 4557//2186 4559//2186 4558//2186
f 4513//2196 926//2196 928//2196
f 4513//2197 928//2197 2649//2197
f 2649//2198 928//2198 2650//2198
f 925//2199 2574//2199 2578//2199
f 925//2199 2578//2199 927//2199
f 936//2200 2590//2200 2589//2200
f 936//2200 2589//2200 934//2200
f 934//2201 2589//2201 2586//2201
f 934//2201 2586//2201 933//2201
f 933//2202 2586//2202 2584//2202
f 933//2202 2584//2202 914//2202
f 2678//2203 2672//2203 4562//2203
f 4562//2203 2672//2203 1770//2203
f 4562//2203 1770//2203 4563//2203
f 4563//2203 1770//2203 1776//2203
f 4563//2204 1776//2204 1779//2204
f 4563//2204 1779//2204 4564//2204
f 4564//2205 1779//2205 1778//2205
f 4564//2205 1778//2205 4565//2205
f 4565//2206 1778//2206 1781//2206
f 4565//2206 1781//2206 4566//2206
f 4566//2207 1781//2207 1783//2207
f 4566//2207 1783//2207 4567//2207
f 4567//2208 1783//2208 1785//2208
f 1785//2208 2688//2208 4567//2208
f 4567//2208 2688//2208 4568//2208
f 4567//2207 4568//2207 4569//2207
f 4567//2207 4569//2207 4566//2207
f 4566//2206 4569//2206 4570//2206
f 4566//2206 4570//2206 4565//2206
f 4565//2205 4570//2205 4571//2205
f 4565//2205 4571//2205 4564//2205
f 4564//2204 4571//2204 4562//2204
f 4564//2204 4562//2204 4563//2204
f 2688//2208 2686//2208 4568//2208
f 4568//2207 2686//2207 2684//2207
f 4568//2207 2684//2207 4569//2207
f 4569//2206 2684//2206 2682//2206
f 4569//2206 2682//2206 4570//2206
f 4570//2205 2682//2205 2680//2205
f 4570//2205 2680//2205 4571//2205
f 4571//2204 2680//2204 2678//2204
f 4571//2204 2678//2204 4562//2204
f 1795//2209 4572//2209 1794//2209
f 1794//2209 4572//2209 4573//2209
f 1794//2209 4573//2209 2697//2209
f 2697//2209 4573//2209 2698//2209
f 2698//2210 4573//2210 4574//2210
f 2698//2210 4574//2210 2700//2210
f 2700//2211 4574//2211 4575//2211
f 2700//2211 4575//2211 2701//2211
f 2701//2212 4575//2212 4576//2212
f 2701//2212 4576//2212 2702//2212
f 2702//2213 4576//2213 4577//2213
f 2702//2213 4577//2213 2703//2213
f 2703//2214 4577//2214 4578//2214
f 2703//2214 4578//2214 2704//2214
f 2704//2215 4578//2215 4579//2215
f 2704//2215 4579//2215 2705//2215
f 2705//2216 4579//2216 4580//2216
f 2705//2216 4580//2216 2706//2216
f 2706//2217 4580//2217 2699//2217
f 2699//2217 4580//2217 4581//2217
f 2699//2217 4581//2217 1792//2217
f 1792//2217 4581//2217 1802//2217
f 1802//2216 4581//2216 4582//2216
f 1802//2216 4582//2216 1801//2216
f 1801//2215 4582//2215 4583//2215
f 1801//2215 4583//2215 1800//2215
f 1800//2214 4583//2214 4584//2214
f 1800//2214 4584//2214 1799//2214
f 1799//2213 4584//2213 4585//2213
f 1799//2213 4585//2213 1798//2213
f 1798//2212 4585//2212 4586//2212
f 1798//2212 4586//2212 1797//2212
f 1797//2211 4586//2211 4587//2211
f 1797//2211 4587//2211 1796//2211
f 1796//2210 4587//2210 4572//2210
f 1796//2210 4572//2210 1795//2210
f 4574//2210 4573//2210 4572//2210
f 4574//2210 4572//2210 4587//2210
f 4574//2211 4587//2211 4586//2211
f 4574//2211 4586//2211 4575//2211
f 4575//2212 4586//2212 4585//2212
f 4575//2212 4585//2212 4576//2212
f 4576//2213 4585//2213 4584//2213
f 4576//2213 4584//2213 4577//2213
f 4577//2214 4584//2214 4583//2214
f 4577//2214 4583//2214 4578//2214
f 4578//2215 4583//2215 4582//2215
f 4578//2215 4582//2215 4579//2215
f 4579//2216 4582//2216 4581//2216
f 4579//2216 4581//2216 4580//2216
f 2699//2218 1792//2218 1791//2218
f 2699//2218 1791//2218 2696//2218
f 1794//2219 2697//2219 2695//2219
f 1794//2219 2695//2219 1793//2219
f 1769//2220 1768//2220 4588//2220
f 4588//2220 1768//2220 2675//2220
f 4588//2220 2675//2220 4589//2220
f 4589//2220 2675//2220 2679//2220
f 4589//2221 2679//2221 2681//2221
f 4589//2221 2681//2221 4590//2221
f 4590//2222 2681//2222 2683//2222
f 4590//2222 2683//2222 4591//2222
f 4591//2223 2683//2223 2685//2223
f 4591//2223 2685//2223 4592//2223
f 4592//2224 2685//2224 2687//2224
f 4592//2224 2687//2224 4593//2224
f 4593//2225 2687//2225 2689//2225
f 2689//2225 1784//2225 4593//2225
f 4593//2225 1784//2225 4594//2225
f 4593//2224 4594//2224 4595//2224
f 4593//2224 4595//2224 4592//2224
f 4592//2223 4595//2223 4596//2223
f 4592//2223 4596//2223 4591//2223
f 4591//2222 4596//2222 4597//2222
f 4591//2222 4597//2222 4590//2222
f 4590//2221 4597//2221 4588//2221
f 4590//2221 4588//2221 4589//2221
f 1784//2225 1782//2225 4594//2225
f 4594//2224 1782//2224 1780//2224
f 4594//2224 1780//2224 4595//2224
f 4595//2223 1780//2223 1777//2223
f 4595//2223 1777//2223 4596//2223
f 4596//2222 1777//2222 1775//2222
f 4596//2222 1775//2222 4597//2222
f 4597//2221 1775//2221 1769//2221
f 4597//2221 1769//2221 4588//2221
f 2709//2226 4598//2226 2691//2226
f 2691//2226 4598//2226 4599//2226
f 2691//2226 4599//2226 1786//2226
f 1786//2226 4599//2226 1788//2226
f 1788//2227 4599//2227 4600//2227
f 1788//2227 4600//2227 1789//2227
f 1789//2228 4600//2228 4601//2228
f 1789//2228 4601//2228 1790//2228
f 1790//2229 4601//2229 1791//2229
f 1791//2229 4601//2229 4602//2229
f 1791//2229 4602//2229 2696//2229
f 2696//2229 4602//2229 2707//2229
f 2707//2228 4602//2228 4603//2228
f 2707//2228 4603//2228 2708//2228
f 2708//2227 4603//2227 4598//2227
f 2708//2227 4598//2227 2709//2227
f 4600//2227 4599//2227 4598//2227
f 4600//2227 4598//2227 4603//2227
f 4600//2228 4603//2228 4602//2228
f 4600//2228 4602//2228 4601//2228
f 2694//2230 4604//2230 2695//2230
f 2695//2230 4604//2230 4605//2230
f 2695//2230 4605//2230 1793//2230
f 1793//2230 4605//2230 1803//2230
f 1803//2231 4605//2231 4606//2231
f 1803//2231 4606//2231 1804//2231
f 1804//2232 4606//2232 4607//2232
f 1804//2232 4607//2232 1805//2232
f 1805//2233 4607//2233 1787//2233
f 1787//2233 4607//2233 4608//2233
f 1787//2233 4608//2233 2690//2233
f 2690//2233 4608//2233 2692//2233
f 2692//2232 4608//2232 4609//2232
f 2692//2232 4609//2232 2693//2232
f 2693//2231 4609//2231 4604//2231
f 2693//2231 4604//2231 2694//2231
f 4606//2231 4605//2231 4604//2231
f 4606//2231 4604//2231 4609//2231
f 4606//2232 4609//2232 4608//2232
f 4606//2232 4608//2232 4607//2232
f 2688//2234 1785//2234 1787//2234
f 2688//2234 1787//2234 2690//2234
f 1784//2235 2689//2235 2691//2235
f 1784//2235 2691//2235 1786//2235
f 911//2236 2711//2236 2710//2236
f 911//2236 2710//2236 912//2236
f 912//2237 2710//2237 2677//2237
f 912//2237 2677//2237 1767//2237
f 1767//2238 2677//2238 2675//2238
f 1767//2238 2675//2238 1768//2238
f 2794//2239 1809//2239 2795//2239
f 2795//2240 1809//2240 2796//2240
f 2796//2241 1809//2241 4610//2241
f 2796//2242 4610//2242 2797//2242
f 2797//2243 4610//2243 4611//2243
f 2797//2244 4611//2244 4612//2244
f 4612//2245 4611//2245 4613//2245
f 4612//2246 4613//2246 4614//2246
f 4614//2247 4613//2247 4615//2247
f 4614//2248 4615//2248 4616//2248
f 4616//2249 4615//2249 4617//2249
f 4616//2250 4617//2250 4618//2250
f 4618//2251 4617//2251 4619//2251
f 4619//2252 4617//2252 4620//2252
f 4619//2252 4620//2252 1822//2252
f 1822//2252 4620//2252 1819//2252
f 1819//2253 4620//2253 4621//2253
f 1819//2253 4621//2253 1820//2253
f 1820//2254 4621//2254 4622//2254
f 1820//2254 4622//2254 1817//2254
f 1817//2255 4622//2255 4623//2255
f 1817//2255 4623//2255 1815//2255
f 1815//2256 4623//2256 4624//2256
f 1815//2256 4624//2256 1813//2256
f 1813//2257 4624//2257 1809//2257
f 1809//2257 4624//2257 4610//2257
f 4611//2256 4610//2256 4624//2256
f 4611//2256 4624//2256 4623//2256
f 4611//2255 4623//2255 4622//2255
f 4611//2255 4622//2255 4613//2255
f 4613//2254 4622//2254 4621//2254
f 4613//2254 4621//2254 4615//2254
f 4615//2253 4621//2253 4620//2253
f 4615//2253 4620//2253 4617//2253
f 1839//2258 4625//2258 1832//2258
f 1832//2258 4625//2258 4626//2258
f 1832//2258 4626//2258 2721//2258
f 2721//2258 4626//2258 2722//2258
f 2722//2259 4626//2259 4627//2259
f 2722//2259 4627//2259 2724//2259
f 2724//2260 4627//2260 4628//2260
f 2724//2260 4628//2260 2727//2260
f 2727//2261 4628//2261 4629//2261
f 2727//2261 4629//2261 2729//2261
f 2729//2262 4629//2262 4630//2262
f 2729//2262 4630//2262 2730//2262
f 2730//2263 4630//2263 4631//2263
f 2730//2263 4631//2263 2728//2263
f 2728//2264 4631//2264 4632//2264
f 2728//2264 4632//2264 2726//2264
f 2726//2265 4632//2265 4633//2265
f 2726//2265 4633//2265 2725//2265
f 2725//2266 4633//2266 2723//2266
f 2723//2266 4633//2266 4634//2266
f 2723//2266 4634//2266 1829//2266
f 1829//2266 4634//2266 1831//2266
f 1831//2265 4634//2265 4635//2265
f 1831//2265 4635//2265 1833//2265
f 1833//2264 4635//2264 4636//2264
f 1833//2264 4636//2264 1834//2264
f 1834//2263 4636//2263 4637//2263
f 1834//2263 4637//2263 1835//2263
f 1835//2262 4637//2262 4638//2262
f 1835//2262 4638//2262 1836//2262
f 1836//2261 4638//2261 4639//2261
f 1836//2261 4639//2261 1837//2261
f 1837//2260 4639//2260 4640//2260
f 1837//2260 4640//2260 1838//2260
f 1838//2259 4640//2259 4625//2259
f 1838//2259 4625//2259 1839//2259
f 4627//2259 4626//2259 4625//2259
f 4627//2259 4625//2259 4640//2259
f 4627//2260 4640//2260 4639//2260
f 4627//2260 4639//2260 4628//2260
f 4628//2261 4639//2261 4638//2261
f 4628//2261 4638//2261 4629//2261
f 4629//2262 4638//2262 4637//2262
f 4629//2262 4637//2262 4630//2262
f 4630//2263 4637//2263 4636//2263
f 4630//2263 4636//2263 4631//2263
f 4631//2264 4636//2264 4635//2264
f 4631//2264 4635//2264 4632//2264
f 4632//2265 4635//2265 4634//2265
f 4632//2265 4634//2265 4633//2265
f 2723//2267 1829//2267 1828//2267
f 2723//2268 1828//2268 2718//2268
f 2718//2269 1828//2269 4641//2269
f 1832//2270 2721//2270 2720//2270
f 1832//2270 2720//2270 1830//2270
f 1808//2271 1806//2271 4642//2271
f 4642//2271 1806//2271 2666//2271
f 4642//2271 2666//2271 4643//2271
f 4643//2271 2666//2271 2665//2271
f 4643//2272 2665//2272 2664//2272
f 4643//2272 2664//2272 4644//2272
f 4644//2273 2664//2273 2663//2273
f 4644//2273 2663//2273 4645//2273
f 4645//2274 2663//2274 2659//2274
f 4645//2274 2659//2274 4646//2274
f 4646//2275 2659//2275 2658//2275
f 4646//2275 2658//2275 4647//2275
f 4647//2276 2658//2276 2656//2276
f 2656//2276 1821//2276 4647//2276
f 4647//2276 1821//2276 4648//2276
f 4647//2275 4648//2275 4649//2275
f 4647//2275 4649//2275 4646//2275
f 4646//2274 4649//2274 4650//2274
f 4646//2274 4650//2274 4645//2274
f 4645//2273 4650//2273 4651//2273
f 4645//2273 4651//2273 4644//2273
f 4644//2272 4651//2272 4642//2272
f 4644//2272 4642//2272 4643//2272
f 1821//2276 1818//2276 4648//2276
f 4648//2275 1818//2275 1816//2275
f 4648//2275 1816//2275 4649//2275
f 4649//2274 1816//2274 1814//2274
f 4649//2274 1814//2274 4650//2274
f 4650//2273 1814//2273 1812//2273
f 4650//2273 1812//2273 4651//2273
f 4651//2272 1812//2272 1808//2272
f 4651//2272 1808//2272 4642//2272
f 2662//2277 4652//2277 2660//2277
f 2660//2278 4652//2278 4653//2278
f 2660//2278 4653//2278 1823//2278
f 1823//2278 4653//2278 1825//2278
f 1825//2279 4653//2279 4654//2279
f 1825//2279 4654//2279 1826//2279
f 1826//2280 4654//2280 4655//2280
f 1826//2280 4655//2280 1827//2280
f 1827//2281 4655//2281 1828//2281
f 1828//2281 4655//2281 4656//2281
f 1828//2282 4656//2282 4657//2282
f 4657//2283 4656//2283 4658//2283
f 4658//2284 4656//2284 2655//2284
f 2655//2285 4656//2285 4659//2285
f 2655//2286 4659//2286 2661//2286
f 2661//2287 4659//2287 4652//2287
f 2661//2288 4652//2288 2662//2288
f 4657//2289 4641//2289 1828//2289
f 4654//2279 4653//2279 4652//2279
f 4654//2279 4652//2279 4659//2279
f 4654//2280 4659//2280 4656//2280
f 4654//2280 4656//2280 4655//2280
f 2720//2290 2719//2290 1830//2290
f 1830//2291 2719//2291 2717//2291
f 1830//2292 2717//2292 2716//2292
f 1830//2293 2716//2293 1840//2293
f 1840//2294 2716//2294 4660//2294
f 4660//2295 4661//2295 1840//2295
f 1840//2296 4661//2296 4662//2296
f 1840//2297 4662//2297 4663//2297
f 1840//2297 4663//2297 1841//2297
f 1841//2298 4663//2298 4664//2298
f 1841//2298 4664//2298 1842//2298
f 1842//2299 4664//2299 1824//2299
f 1824//2299 4664//2299 4665//2299
f 1824//2300 4665//2300 2736//2300
f 2736//2301 4665//2301 4666//2301
f 2736//2302 4666//2302 2734//2302
f 2734//2303 4666//2303 2733//2303
f 2733//2304 4666//2304 4667//2304
f 2733//2305 4667//2305 2731//2305
f 2731//2306 4667//2306 4661//2306
f 4661//2296 4667//2296 4662//2296
f 2736//2307 2735//2307 1824//2307
f 4663//2297 4662//2297 4667//2297
f 4663//2297 4667//2297 4666//2297
f 4663//2298 4666//2298 4665//2298
f 4663//2298 4665//2298 4664//2298
f 4619//2308 1822//2308 1824//2308
f 4619//2309 1824//2309 2732//2309
f 2732//2310 1824//2310 2735//2310
f 1821//2311 2656//2311 2660//2311
f 1821//2311 2660//2311 1823//2311
f 1770//2312 2672//2312 2671//2312
f 1770//2312 2671//2312 1772//2312
f 1772//2313 2671//2313 2668//2313
f 1772//2313 2668//2313 1774//2313
f 1774//2314 2668//2314 2666//2314
f 1774//2314 2666//2314 1806//2314
f 2757//2315 2754//2315 4668//2315
f 4668//2315 2754//2315 905//2315
f 4668//2315 905//2315 4669//2315
f 4669//2315 905//2315 1847//2315
f 4669//2316 1847//2316 1849//2316
f 4669//2316 1849//2316 4670//2316
f 4670//2317 1849//2317 1851//2317
f 4670//2317 1851//2317 4671//2317
f 4671//2318 1851//2318 1853//2318
f 4671//2318 1853//2318 4672//2318
f 4672//2319 1853//2319 1855//2319
f 4672//2319 1855//2319 4673//2319
f 4673//2320 1855//2320 1857//2320
f 1857//2320 2767//2320 4673//2320
f 4673//2320 2767//2320 4674//2320
f 4673//2319 4674//2319 4675//2319
f 4673//2319 4675//2319 4672//2319
f 4672//2318 4675//2318 4676//2318
f 4672//2318 4676//2318 4671//2318
f 4671//2317 4676//2317 4677//2317
f 4671//2317 4677//2317 4670//2317
f 4670//2316 4677//2316 4668//2316
f 4670//2316 4668//2316 4669//2316
f 2767//2320 2765//2320 4674//2320
f 4674//2319 2765//2319 2763//2319
f 4674//2319 2763//2319 4675//2319
f 4675//2318 2763//2318 2761//2318
f 4675//2318 2761//2318 4676//2318
f 4676//2317 2761//2317 2759//2317
f 4676//2317 2759//2317 4677//2317
f 4677//2316 2759//2316 2757//2316
f 4677//2316 2757//2316 4668//2316
f 1874//2321 4678//2321 1867//2321
f 1867//2321 4678//2321 4679//2321
f 1867//2321 4679//2321 2778//2321
f 2778//2321 4679//2321 2780//2321
f 2780//2322 4679//2322 4680//2322
f 2780//2322 4680//2322 2781//2322
f 2781//2323 4680//2323 4681//2323
f 2781//2323 4681//2323 2782//2323
f 2782//2324 4681//2324 4682//2324
f 2782//2324 4682//2324 2783//2324
f 2783//2325 4682//2325 4683//2325
f 2783//2325 4683//2325 2784//2325
f 2784//2326 4683//2326 4684//2326
f 2784//2326 4684//2326 2785//2326
f 2785//2327 4684//2327 4685//2327
f 2785//2327 4685//2327 2786//2327
f 2786//2328 4685//2328 4686//2328
f 2786//2328 4686//2328 2779//2328
f 2779//2329 4686//2329 2773//2329
f 2773//2329 4686//2329 4687//2329
f 2773//2329 4687//2329 1864//2329
f 1864//2329 4687//2329 1866//2329
f 1866//2328 4687//2328 4688//2328
f 1866//2328 4688//2328 1868//2328
f 1868//2327 4688//2327 4689//2327
f 1868//2327 4689//2327 1869//2327
f 1869//2326 4689//2326 4690//2326
f 1869//2326 4690//2326 1870//2326
f 1870//2325 4690//2325 4691//2325
f 1870//2325 4691//2325 1871//2325
f 1871//2324 4691//2324 4692//2324
f 1871//2324 4692//2324 1872//2324
f 1872//2323 4692//2323 4693//2323
f 1872//2323 4693//2323 1873//2323
f 1873//2322 4693//2322 4678//2322
f 1873//2322 4678//2322 1874//2322
f 4680//2322 4679//2322 4678//2322
f 4680//2322 4678//2322 4693//2322
f 4680//2323 4693//2323 4692//2323
f 4680//2323 4692//2323 4681//2323
f 4681//2324 4692//2324 4691//2324
f 4681//2324 4691//2324 4682//2324
f 4682//2325 4691//2325 4690//2325
f 4682//2325 4690//2325 4683//2325
f 4683//2326 4690//2326 4689//2326
f 4683//2326 4689//2326 4684//2326
f 4684//2327 4689//2327 4688//2327
f 4684//2327 4688//2327 4685//2327
f 4685//2328 4688//2328 4687//2328
f 4685//2328 4687//2328 4686//2328
f 2773//2330 1864//2330 1863//2330
f 2773//2330 1863//2330 2770//2330
f 1867//2331 2778//2331 2777//2331
f 1867//2331 2777//2331 1865//2331
f 1846//2332 1845//2332 4694//2332
f 4694//2332 1845//2332 2790//2332
f 4694//2332 2790//2332 4695//2332
f 4695//2332 2790//2332 2789//2332
f 4695//2333 2789//2333 2760//2333
f 4695//2333 2760//2333 4696//2333
f 4696//2334 2760//2334 2762//2334
f 4696//2334 2762//2334 4697//2334
f 4697//2335 2762//2335 2764//2335
f 4697//2335 2764//2335 4698//2335
f 4698//2336 2764//2336 2766//2336
f 4698//2336 2766//2336 4699//2336
f 4699//2337 2766//2337 2768//2337
f 2768//2337 1856//2337 4699//2337
f 4699//2337 1856//2337 4700//2337
f 4699//2336 4700//2336 4701//2336
f 4699//2336 4701//2336 4698//2336
f 4698//2335 4701//2335 4702//2335
f 4698//2335 4702//2335 4697//2335
f 4697//2334 4702//2334 4703//2334
f 4697//2334 4703//2334 4696//2334
f 4696//2333 4703//2333 4694//2333
f 4696//2333 4694//2333 4695//2333
f 1856//2337 1854//2337 4700//2337
f 4700//2336 1854//2336 1852//2336
f 4700//2336 1852//2336 4701//2336
f 4701//2335 1852//2335 1850//2335
f 4701//2335 1850//2335 4702//2335
f 4702//2334 1850//2334 1848//2334
f 4702//2334 1848//2334 4703//2334
f 4703//2333 1848//2333 1846//2333
f 4703//2333 1846//2333 4694//2333
f 2788//2338 4704//2338 2769//2338
f 2769//2338 4704//2338 4705//2338
f 2769//2338 4705//2338 1858//2338
f 1858//2338 4705//2338 1860//2338
f 1860//2339 4705//2339 4706//2339
f 1860//2339 4706//2339 1861//2339
f 1861//2340 4706//2340 4707//2340
f 1861//2340 4707//2340 1862//2340
f 1862//2341 4707//2341 1863//2341
f 1863//2341 4707//2341 4708//2341
f 1863//2341 4708//2341 2770//2341
f 2770//2341 4708//2341 2771//2341
f 2771//2340 4708//2340 4709//2340
f 2771//2340 4709//2340 2787//2340
f 2787//2339 4709//2339 4704//2339
f 2787//2339 4704//2339 2788//2339
f 4706//2339 4705//2339 4704//2339
f 4706//2339 4704//2339 4709//2339
f 4706//2340 4709//2340 4708//2340
f 4706//2340 4708//2340 4707//2340
f 2776//2342 4710//2342 2777//2342
f 2777//2342 4710//2342 4711//2342
f 2777//2342 4711//2342 1865//2342
f 1865//2342 4711//2342 1875//2342
f 1875//2343 4711//2343 4712//2343
f 1875//2343 4712//2343 1876//2343
f 1876//2344 4712//2344 4713//2344
f 1876//2344 4713//2344 1877//2344
f 1877//2345 4713//2345 1859//2345
f 1859//2345 4713//2345 4714//2345
f 1859//2345 4714//2345 2772//2345
f 2772//2345 4714//2345 2774//2345
f 2774//2344 4714//2344 4715//2344
f 2774//2344 4715//2344 2775//2344
f 2775//2343 4715//2343 4710//2343
f 2775//2343 4710//2343 2776//2343
f 4712//2343 4711//2343 4710//2343
f 4712//2343 4710//2343 4715//2343
f 4712//2344 4715//2344 4714//2344
f 4712//2344 4714//2344 4713//2344
f 2767//2346 1857//2346 1859//2346
f 2767//2346 1859//2346 2772//2346
f 1856//2347 2768//2347 2769//2347
f 1856//2347 2769//2347 1858//2347
f 1809//2348 2794//2348 2793//2348
f 1809//2348 2793//2348 1843//2348
f 1843//2349 2793//2349 2791//2349
f 1843//2349 2791//2349 1844//2349
f 1844//2350 2791//2350 2790//2350
f 1844//2350 2790//2350 1845//2350
f 3059//1 3495//1 4716//1
f 4716//1 3495//1 3494//1
f 4716//1 3494//1 3044//1
f 3046//1 3475//1 4717//1
f 4717//1 3475//1 3491//1
f 4717//1 3491//1 3492//1
f 3492//1 2983//1 4717//1
f 3340//1 3342//1 3042//1
f 3042//1 3342//1 3344//1
f 3042//1 3344//1 3346//1
f 3346//1 3347//1 3042//1
f 3042//1 3347//1 2977//1
f 2979//1 3389//1 4718//1
f 4718//1 3389//1 3388//1
f 4718//1 3388//1 2963//1
f 2962//1 3369//1 4719//1
f 4719//1 3369//1 3385//1
f 4719//1 3385//1 3386//1
f 3386//1 2901//1 4719//1
f 2895//1 2961//1 3241//1
f 3241//1 2961//1 3234//1
f 3241//1 3234//1 3240//1
f 3240//1 3234//1 3236//1
f 3240//1 3236//1 3238//1
f 2897//1 3283//1 4720//1
f 4720//1 3283//1 3282//1
f 4720//1 3282//1 2881//1
f 2880//1 3263//1 4721//1
f 4721//1 3263//1 3279//1
f 4721//1 3279//1 3280//1
f 3280//1 2819//1 4721//1
f 2879//1 3128//1 2813//1
f 2813//1 3128//1 3130//1
f 2813//1 3130//1 3135//1
f 3135//1 3130//1 3132//1
f 3135//1 3132//1 3134//1
f 2815//1 3177//1 4722//1
f 4722//1 3177//1 3176//1
f 4722//1 3176//1 2798//1
f 2800//1 3157//1 4723//1
f 4723//1 3157//1 3173//1
f 4723//1 3173//1 3174//1
f 3174//1 2737//1 4723//1
f 2732//1 2797//1 4619//1
f 4619//1 2797//1 4612//1
f 4619//1 4612//1 4614//1
f 4614//1 4616//1 4619//1
f 4619//1 4616//1 4618//1
f 2731//1 4661//1 4724//1
f 4724//1 4661//1 4660//1
f 4724//1 4660//1 2716//1
f 2718//1 4641//1 4725//1
f 4725//1 4641//1 4657//1
f 4725//1 4657//1 4658//1
f 4658//1 2655//1 4725//1
f 4506//1 4508//1 2714//1
f 2714//1 4508//1 4510//1
f 2714//1 4510//1 4512//1
f 4512//1 4513//1 2714//1
f 2714//1 4513//1 2649//1
f 2651//1 4555//1 4726//1
f 4726//1 4555//1 4554//1
f 4726//1 4554//1 2635//1
f 2634//1 4535//1 4727//1
f 4727//1 4535//1 4551//1
f 4727//1 4551//1 4552//1
f 4552//1 2573//1 4727//1
f 2567//1 2633//1 4407//1
f 4407//1 2633//1 4400//1
f 4407//1 4400//1 4402//1
f 4404//1 4406//1 4402//1
f 4402//1 4406//1 4407//1
f 2569//1 4449//1 4728//1
f 4728//1 4449//1 4448//1
f 4728//1 4448//1 2553//1
f 2552//1 4429//1 4729//1
f 4729//1 4429//1 4445//1
f 4729//1 4445//1 4446//1
f 4446//1 2491//1 4729//1
f 2551//1 4294//1 2485//1
f 2485//1 4294//1 4301//1
f 4301//1 4294//1 4296//1
f 4301//1 4296//1 4298//1
f 4298//1 4300//1 4301//1
f 2487//1 4343//1 4730//1
f 4730//1 4343//1 4342//1
f 4730//1 4342//1 2470//1
f 2472//1 4323//1 4731//1
f 4731//1 4323//1 4339//1
f 4731//1 4339//1 4340//1
f 4340//1 2450//1 4731//1
f 2404//1 2409//1 4195//1
f 4195//1 2409//1 4188//1
f 4195//1 4188//1 4190//1
f 4190//1 4192//1 4195//1
f 4195//1 4192//1 4194//1
f 2403//1 4237//1 4732//1
f 4732//1 4237//1 4236//1
f 4732//1 4236//1 2388//1
f 2390//1 4217//1 4733//1
f 4733//1 4217//1 4233//1
f 4733//1 4233//1 4234//1
f 4234//1 2352//1 4733//1
f 2321//1 2327//1 4089//1
f 4089//1 2327//1 4088//1
f 4088//1 2327//1 4086//1
f 4086//1 2327//1 4084//1
f 4084//1 2327//1 4082//1
f 2323//1 4131//1 4734//1
f 4734//1 4131//1 4130//1
f 4734//1 4130//1 2307//1
f 2306//1 4111//1 4735//1
f 4735//1 4111//1 4127//1
f 4735//1 4127//1 4128//1
f 4128//1 2265//1 4735//1
f 2239//1 3978//1 3983//1
f 3983//1 3978//1 3980//1
f 3983//1 3980//1 3982//1
f 2245//1 3976//1 2239//1
f 2239//1 3976//1 3978//1
f 2241//1 4025//1 4736//1
f 4736//1 4025//1 4024//1
f 4736//1 4024//1 2225//1
f 2224//1 4005//1 4737//1
f 4737//1 4005//1 4021//1
f 4737//1 4021//1 4022//1
f 4022//1 2194//1 4737//1
f 2158//1 2163//1 3877//1
f 3877//1 2163//1 3870//1
f 3877//1 3870//1 3872//1
f 3872//1 3874//1 3877//1
f 3877//1 3874//1 3876//1
f 2157//1 3919//1 4738//1
f 4738//1 3919//1 3918//1
f 4738//1 3918//1 2142//1
f 2144//1 3899//1 4739//1
f 4739//1 3899//1 3915//1
f 4739//1 3915//1 3916//1
f 3916//1 2122//1 4739//1
f 2075//1 2081//1 3771//1
f 3771//1 2081//1 3770//1
f 3770//1 2081//1 3768//1
f 3768//1 2081//1 3766//1
f 3766//1 2081//1 3764//1
f 2077//1 3813//1 4740//1
f 4740//1 3813//1 3812//1
f 4740//1 3812//1 2060//1
f 2062//1 3793//1 4741//1
f 4741//1 3793//1 3809//1
f 4741//1 3809//1 3810//1
f 3810//1 2024//1 4741//1
f 1993//1 1999//1 3665//1
f 3665//1 1999//1 3664//1
f 3664//1 1999//1 3658//1
f 3664//1 3658//1 3662//1
f 3662//1 3658//1 3660//1
f 1995//1 3707//1 4742//1
f 4742//1 3707//1 3706//1
f 4742//1 3706//1 1979//1
f 1978//1 3687//1 4743//1
f 4743//1 3687//1 3703//1
f 4743//1 3703//1 3704//1
f 3704//1 1942//1 4743//1
f 3558//1 3559//1 3556//1
f 3556//1 3559//1 1911//1
f 3556//1 1911//1 3554//1
f 3554//1 1911//1 3552//1
f 3552//1 1911//1 1917//1
f 1913//1 3601//1 4744//1
f 4744//1 3601//1 3600//1
f 4744//1 3600//1 1897//1
f 1896//1 3581//1 4745//1
f 4745//1 3581//1 3597//1
f 4745//1 3597//1 3598//1
f 3598//1 3101//1 4745//1
f 3060//1 3065//1 3453//1
f 3453//1 3065//1 3446//1
f 3453//1 3446//1 3448//1
f 3448//1 3450//1 3453//1
f 3453//1 3450//1 3452//1
f 846//2351 844//2351 4746//2351
f 846//2351 4746//2351 4747//2351
f 844//2352 841//2352 4748//2352
f 844//2352 4748//2352 4746//2352
f 841//2353 840//2353 4749//2353
f 841//2353 4749//2353 4748//2353
f 840//2354 821//2354 4750//2354
f 840//2354 4750//2354 4749//2354
f 821//2355 818//2355 4751//2355
f 821//2355 4751//2355 4750//2355
f 818//2356 816//2356 4752//2356
f 818//2356 4752//2356 4751//2356
f 1391//2357 1427//2357 4753//2357
f 1391//2357 4753//2357 4754//2357
f 1427//2358 1426//2358 4755//2358
f 1427//2358 4755//2358 4753//2358
f 1426//2359 1430//2359 4756//2359
f 1426//2359 4756//2359 4755//2359
f 1430//2360 1431//2360 4757//2360
f 1430//2360 4757//2360 4756//2360
f 1431//2361 1433//2361 4758//2361
f 1431//2361 4758//2361 4757//2361
f 1433//2362 847//2362 4759//2362
f 1433//2362 4759//2362 4758//2362
f 787//2363 1316//2363 4760//2363
f 787//2363 4760//2363 4761//2363
f 1316//2364 1318//2364 4762//2364
f 1316//2364 4762//2364 4760//2364
f 1318//2365 1352//2365 4763//2365
f 1318//2365 4763//2365 4762//2365
f 1352//2366 1895//2366 4764//2366
f 1352//2366 4764//2366 4763//2366
f 1895//2367 1388//2367 4765//2367
f 1895//2367 4765//2367 4764//2367
f 1388//2368 1387//2368 4766//2368
f 1388//2368 4766//2368 4765//2368
f 817//2369 1553//2369 4767//2369
f 817//2369 4767//2369 4768//2369
f 1553//2370 1552//2370 4769//2370
f 1553//2370 4769//2370 4767//2370
f 1552//2371 1556//2371 4770//2371
f 1552//2371 4770//2371 4769//2371
f 1556//2372 1557//2372 4771//2372
f 1556//2372 4771//2372 4770//2372
f 1557//2373 1560//2373 4772//2373
f 1557//2373 4772//2373 4771//2373
f 1560//2374 972//2374 4773//2374
f 1560//2374 4773//2374 4772//2374
f 969//2375 967//2375 4774//2375
f 969//2375 4774//2375 4775//2375
f 967//2376 964//2376 4776//2376
f 967//2376 4776//2376 4774//2376
f 964//2377 963//2377 4777//2377
f 964//2377 4777//2377 4776//2377
f 963//2378 944//2378 4778//2378
f 963//2378 4778//2378 4777//2378
f 944//2379 941//2379 4779//2379
f 944//2379 4779//2379 4778//2379
f 941//2380 939//2380 4780//2380
f 941//2380 4780//2380 4779//2380
f 937//2381 935//2381 4781//2381
f 937//2381 4781//2381 4782//2381
f 935//2382 932//2382 4783//2382
f 935//2382 4783//2382 4781//2382
f 932//2383 931//2383 4784//2383
f 932//2383 4784//2383 4783//2383
f 931//2384 913//2384 4785//2384
f 931//2384 4785//2384 4784//2384
f 913//2385 910//2385 4786//2385
f 913//2385 4786//2385 4785//2385
f 910//2386 908//2386 4787//2386
f 910//2386 4787//2386 4786//2386
f 940//2387 1677//2387 4788//2387
f 940//2387 4788//2387 4789//2387
f 1677//2388 1676//2388 4790//2388
f 1677//2388 4790//2388 4788//2388
f 1676//2389 1680//2389 4791//2389
f 1676//2389 4791//2389 4790//2389
f 1680//2390 1681//2390 4792//2390
f 1680//2390 4792//2390 4791//2390
f 1681//2391 1683//2391 4793//2391
f 1681//2391 4793//2391 4792//2391
f 1683//2392 938//2392 4794//2392
f 1683//2392 4794//2392 4793//2392
f 878//2393 1010//2393 4795//2393
f 878//2393 4795//2393 4796//2393
f 1010//2394 1009//2394 4797//2394
f 1010//2394 4797//2394 4795//2394
f 1009//2395 1013//2395 4798//2395
f 1009//2395 4798//2395 4797//2395
f 1013//2396 1014//2396 4799//2396
f 1013//2396 4799//2396 4798//2396
f 1014//2397 1016//2397 4800//2397
f 1014//2397 4800//2397 4799//2397
f 1016//2398 774//2398 4801//2398
f 1016//2398 4801//2398 4800//2398
f 746//2399 744//2399 4802//2399
f 746//2399 4802//2399 4803//2399
f 744//2400 742//2400 4804//2400
f 744//2400 4804//2400 4802//2400
f 742//2401 747//2401 4805//2401
f 742//2401 4805//2401 4804//2401
f 747//2402 748//2402 4806//2402
f 747//2402 4806//2402 4805//2402
f 748//2403 749//2403 4807//2403
f 748//2403 4807//2403 4806//2403
f 749//2404 750//2404 4808//2404
f 749//2404 4808//2404 4807//2404
f 906//2405 904//2405 4809//2405
f 906//2405 4809//2405 4810//2405
f 904//2406 901//2406 4811//2406
f 904//2406 4811//2406 4809//2406
f 901//2407 900//2407 4812//2407
f 901//2407 4812//2407 4811//2407
f 900//2408 882//2408 4813//2408
f 900//2408 4813//2408 4812//2408
f 882//2409 879//2409 4814//2409
f 882//2409 4814//2409 4813//2409
f 879//2410 877//2410 4815//2410
f 879//2410 4815//2410 4814//2410
f 909//2411 1771//2411 4816//2411
f 909//2411 4816//2411 4817//2411
f 1771//2412 1773//2412 4818//2412
f 1771//2412 4818//2412 4816//2412
f 1773//2413 1807//2413 4819//2413
f 1773//2413 4819//2413 4818//2413
f 1807//2414 1811//2414 4820//2414
f 1807//2414 4820//2414 4819//2414
f 1811//2415 1810//2415 4821//2415
f 1811//2415 4821//2415 4820//2415
f 1810//2416 907//2416 4822//2416
f 1810//2416 4822//2416 4821//2416
f 876//2417 874//2417 4823//2417
f 876//2417 4823//2417 4824//2417
f 874//2418 871//2418 4825//2418
f 874//2418 4825//2418 4823//2418
f 871//2419 870//2419 4826//2419
f 871//2419 4826//2419 4825//2419
f 870//2420 851//2420 4827//2420
f 870//2420 4827//2420 4826//2420
f 851//2421 848//2421 4828//2421
f 851//2421 4828//2421 4827//2421
f 848//2422 769//2422 4829//2422
f 848//2422 4829//2422 4828//2422
f 751//2423 754//2423 4830//2423
f 751//2423 4830//2423 4831//2423
f 754//2424 755//2424 4832//2424
f 754//2424 4832//2424 4830//2424
f 755//2425 756//2425 4833//2425
f 755//2425 4833//2425 4832//2425
f 756//2426 757//2426 4834//2426
f 756//2426 4834//2426 4833//2426
f 757//2427 758//2427 4835//2427
f 757//2427 4835//2427 4834//2427
f 758//2428 759//2428 4836//2428
f 758//2428 4836//2428 4835//2428
f 770//2429 1194//2429 4837//2429
f 770//2429 4837//2429 4838//2429
f 1194//2430 1196//2430 4839//2430
f 1194//2430 4839//2430 4837//2430
f 1196//2431 1229//2431 4840//2431
f 1196//2431 4840//2431 4839//2431
f 1229//2432 1894//2432 4841//2432
f 1229//2432 4841//2432 4840//2432
f 1894//2433 1264//2433 4842//2433
f 1894//2433 4842//2433 4841//2433
f 1264//2434 764//2434 4843//2434
f 1264//2434 4843//2434 4842//2434
f 765//2435 813//2435 4844//2435
f 765//2435 4844//2435 4845//2435
f 813//2436 810//2436 4846//2436
f 813//2436 4846//2436 4844//2436
f 810//2437 809//2437 4847//2437
f 810//2437 4847//2437 4846//2437
f 809//2438 791//2438 4848//2438
f 809//2438 4848//2438 4847//2438
f 791//2439 788//2439 4849//2439
f 791//2439 4849//2439 4848//2439
f 788//2440 786//2440 4850//2440
f 788//2440 4850//2440 4849//2440
f 2595//2441 4851//2441 4852//2441
f 2595//2441 4852//2441 2593//2441
f 2593//2442 4852//2442 4853//2442
f 2593//2442 4853//2442 2592//2442
f 2592//2443 4853//2443 4854//2443
f 2592//2443 4854//2443 2591//2443
f 2591//2444 4854//2444 4855//2444
f 2591//2444 4855//2444 2587//2444
f 2587//2445 4855//2445 4856//2445
f 2587//2445 4856//2445 2588//2445
f 2588//2446 4856//2446 4857//2446
f 2588//2446 4857//2446 2585//2446
f 2585//2447 4857//2447 4858//2447
f 2585//2447 4858//2447 2575//2447
f 2164//2448 4859//2448 4860//2448
f 2164//2448 4860//2448 2170//2448
f 2170//2449 4860//2449 4861//2449
f 2170//2449 4861//2449 2172//2449
f 2172//2450 4861//2450 4862//2450
f 2172//2450 4862//2450 2184//2450
f 2184//2451 4862//2451 4863//2451
f 2184//2451 4863//2451 2186//2451
f 2186//2452 4863//2452 4864//2452
f 2186//2452 4864//2452 2188//2452
f 2188//2453 4864//2453 4865//2453
f 2188//2453 4865//2453 2190//2453
f 2190//2454 4865//2454 4866//2454
f 2190//2454 4866//2454 2192//2454
f 4867//2455 2345//2455 2344//2455
f 4867//2455 2344//2455 4868//2455
f 4868//2456 2344//2456 2343//2456
f 4868//2456 2343//2456 4869//2456
f 4869//2457 2343//2457 2340//2457
f 4869//2457 2340//2457 4870//2457
f 4870//2458 2340//2458 2338//2458
f 4870//2458 2338//2458 4871//2458
f 4871//2459 2338//2459 2337//2459
f 4871//2459 2337//2459 4872//2459
f 4872//2460 2337//2460 2335//2460
f 4872//2460 2335//2460 4873//2460
f 4873//2461 2335//2461 2328//2461
f 4873//2461 2328//2461 4874//2461
f 2246//2462 4875//2462 4876//2462
f 2246//2462 4876//2462 2253//2462
f 2253//2463 4876//2463 4877//2463
f 2253//2463 4877//2463 2255//2463
f 2255//2464 4877//2464 4878//2464
f 2255//2464 4878//2464 2256//2464
f 2256//2465 4878//2465 4879//2465
f 2256//2465 4879//2465 2257//2465
f 2257//2466 4879//2466 4880//2466
f 2257//2466 4880//2466 2260//2466
f 2260//2467 4880//2467 4881//2467
f 2260//2467 4881//2467 2262//2467
f 2262//2468 4881//2468 4882//2468
f 2262//2468 4882//2468 2263//2468
f 4883//2469 2116//2469 2114//2469
f 4883//2469 2114//2469 4884//2469
f 4884//2470 2114//2470 2112//2470
f 4884//2470 2112//2470 4885//2470
f 4885//2471 2112//2471 2109//2471
f 4885//2471 2109//2471 4886//2471
f 4886//2472 2109//2472 2108//2472
f 4886//2472 2108//2472 4887//2472
f 4887//2473 2108//2473 2106//2473
f 4887//2473 2106//2473 4888//2473
f 4888//2474 2106//2474 2089//2474
f 4888//2474 2089//2474 4889//2474
f 4889//2475 2089//2475 2082//2475
f 4889//2475 2082//2475 4890//2475
f 2410//2476 4891//2476 4892//2476
f 2410//2476 4892//2476 2416//2476
f 2416//2477 4892//2477 4893//2477
f 2416//2477 4893//2477 2434//2477
f 2434//2478 4893//2478 4894//2478
f 2434//2478 4894//2478 2436//2478
f 2436//2479 4894//2479 4895//2479
f 2436//2479 4895//2479 2438//2479
f 2438//2480 4895//2480 4896//2480
f 2438//2480 4896//2480 2440//2480
f 2440//2481 4896//2481 4897//2481
f 2440//2481 4897//2481 2442//2481
f 2442//2482 4897//2482 4898//2482
f 2442//2482 4898//2482 2443//2482
f 3066//2483 4899//2483 4900//2483
f 3066//2483 4900//2483 3072//2483
f 3072//2484 4900//2484 4901//2484
f 3072//2484 4901//2484 3074//2484
f 3074//2485 4901//2485 4902//2485
f 3074//2485 4902//2485 3086//2485
f 3086//2486 4902//2486 4903//2486
f 3086//2486 4903//2486 3088//2486
f 3088//2487 4903//2487 4904//2487
f 3088//2487 4904//2487 3089//2487
f 3089//2488 4904//2488 4905//2488
f 3089//2488 4905//2488 3092//2488
f 3092//2489 4905//2489 4906//2489
f 3092//2489 4906//2489 3094//2489
f 2792//2490 4907//2490 4908//2490
f 2792//2490 4908//2490 2758//2490
f 2758//2491 4908//2491 4909//2491
f 2758//2491 4909//2491 2756//2491
f 2756//2492 4909//2492 4910//2492
f 2756//2492 4910//2492 2755//2492
f 2755//2493 4910//2493 4911//2493
f 2755//2493 4911//2493 2751//2493
f 2751//2494 4911//2494 4912//2494
f 2751//2494 4912//2494 2752//2494
f 2752//2495 4912//2495 4913//2495
f 2752//2495 4913//2495 2749//2495
f 2749//2496 4913//2496 4914//2496
f 2749//2496 4914//2496 2739//2496
f 4915//2497 2493//2497 2503//2497
f 4915//2497 2503//2497 4916//2497
f 4916//2498 2503//2498 2505//2498
f 4916//2498 2505//2498 4917//2498
f 4917//2499 2505//2499 2508//2499
f 4917//2499 2508//2499 4918//2499
f 4918//2500 2508//2500 2509//2500
f 4918//2500 2509//2500 4919//2500
f 4919//2501 2509//2501 2511//2501
f 4919//2501 2511//2501 4920//2501
f 4920//2502 2511//2502 2513//2502
f 4920//2502 2513//2502 4921//2502
f 4921//2503 2513//2503 2515//2503
f 4921//2503 2515//2503 4922//2503
f 4923//2504 2821//2504 2831//2504
f 4923//2504 2831//2504 4924//2504
f 4924//2505 2831//2505 2833//2505
f 4924//2505 2833//2505 4925//2505
f 4925//2506 2833//2506 2836//2506
f 4925//2506 2836//2506 4926//2506
f 4926//2507 2836//2507 2837//2507
f 4926//2507 2837//2507 4927//2507
f 4927//2508 2837//2508 2840//2508
f 4927//2508 2840//2508 4928//2508
f 4928//2509 2840//2509 2842//2509
f 4928//2509 2842//2509 4929//2509
f 4929//2510 2842//2510 2844//2510
f 4929//2510 2844//2510 4930//2510
f 2923//2511 4931//2511 4932//2511
f 2923//2511 4932//2511 2921//2511
f 2921//2512 4932//2512 4933//2512
f 2921//2512 4933//2512 2920//2512
f 2920//2513 4933//2513 4934//2513
f 2920//2513 4934//2513 2919//2513
f 2919//2514 4934//2514 4935//2514
f 2919//2514 4935//2514 2915//2514
f 2915//2515 4935//2515 4936//2515
f 2915//2515 4936//2515 2916//2515
f 2916//2516 4936//2516 4937//2516
f 2916//2516 4937//2516 2913//2516
f 2913//2517 4937//2517 4938//2517
f 2913//2517 4938//2517 2903//2517
f 4939//2518 2657//2518 2667//2518
f 4939//2518 2667//2518 4940//2518
f 4940//2519 2667//2519 2715//2519
f 4940//2519 2715//2519 4941//2519
f 4941//2520 2715//2520 2670//2520
f 4941//2520 2670//2520 4942//2520
f 4942//2521 2670//2521 2669//2521
f 4942//2521 2669//2521 4943//2521
f 4943//2522 2669//2522 2673//2522
f 4943//2522 2673//2522 4944//2522
f 4944//2523 2673//2523 2674//2523
f 4944//2523 2674//2523 4945//2523
f 4945//2524 2674//2524 2676//2524
f 4945//2524 2676//2524 4946//2524
f 4947//2525 1935//2525 1934//2525
f 4947//2525 1934//2525 4948//2525
f 4948//2526 1934//2526 1931//2526
f 4948//2526 1931//2526 4949//2526
f 4949//2527 1931//2527 1929//2527
f 4949//2527 1929//2527 4950//2527
f 4950//2528 1929//2528 1928//2528
f 4950//2528 1928//2528 4951//2528
f 4951//2529 1928//2529 1926//2529
f 4951//2529 1926//2529 4952//2529
f 4952//2530 1926//2530 1924//2530
f 4952//2530 1924//2530 4953//2530
f 4953//2531 1924//2531 1918//2531
f 4953//2531 1918//2531 4954//2531
f 4955//2532 2985//2532 2995//2532
f 4955//2532 2995//2532 4956//2532
f 4956//2533 2995//2533 3043//2533
f 4956//2533 3043//2533 4957//2533
f 4957//2534 3043//2534 2998//2534
f 4957//2534 2998//2534 4958//2534
f 4958//2535 2998//2535 2997//2535
f 4958//2535 2997//2535 4959//2535
f 4959//2536 2997//2536 3001//2536
f 4959//2536 3001//2536 4960//2536
f 4960//2537 3001//2537 3002//2537
f 4960//2537 3002//2537 4961//2537
f 4961//2538 3002//2538 3004//2538
f 4961//2538 3004//2538 4962//2538
f 2000//2539 4963//2539 4964//2539
f 2000//2539 4964//2539 2007//2539
f 2007//2540 4964//2540 4965//2540
f 2007//2540 4965//2540 2009//2540
f 2009//2541 4965//2541 4966//2541
f 2009//2541 4966//2541 2010//2541
f 2010//2542 4966//2542 4967//2542
f 2010//2542 4967//2542 2012//2542
f 2012//2543 4967//2543 4968//2543
f 2012//2543 4968//2543 2015//2543
f 2015//2544 4968//2544 4969//2544
f 2015//2544 4969//2544 2016//2544
f 2016//2545 4969//2545 4970//2545
f 2016//2545 4970//2545 2017//2545
f 4963//2546 2000//2546 1999//2546
f 4963//2547 1999//2547 4971//2547
f 4971//2548 1999//2548 1993//2548
f 1993//2549 1995//2549 4971//2549
f 4971//2550 1995//2550 4742//2550
f 1935//2551 4947//2551 4972//2551
f 1935//2552 4972//2552 1942//2552
f 1942//2553 4972//2553 4743//2553
f 2985//2554 4955//2554 4973//2554
f 2985//2555 4973//2555 2983//2555
f 2983//2556 4973//2556 4717//2556
f 4899//2557 3066//2557 3065//2557
f 4899//2558 3065//2558 4974//2558
f 4974//2559 3065//2559 3060//2559
f 3060//2560 3059//2560 4974//2560
f 4974//2561 3059//2561 4716//2561
f 4954//2562 1918//2562 1917//2562
f 4954//2563 1917//2563 4975//2563
f 4975//2564 1917//2564 1911//2564
f 1911//2565 1913//2565 4975//2565
f 4975//2566 1913//2566 4744//2566
f 3094//2567 4906//2567 4976//2567
f 3094//2568 4976//2568 3101//2568
f 3101//2569 4976//2569 4745//2569
f 2657//2570 4939//2570 4977//2570
f 2657//2571 4977//2571 2655//2571
f 2655//2572 4977//2572 4725//2572
f 4907//2573 2792//2573 2797//2573
f 4907//2574 2797//2574 4978//2574
f 4978//2575 2797//2575 2732//2575
f 2732//2576 2731//2576 4978//2576
f 4978//2577 2731//2577 4724//2577
f 4931//2578 2923//2578 2961//2578
f 4931//2579 2961//2579 4979//2579
f 4979//2580 2961//2580 2895//2580
f 2895//2581 2897//2581 4979//2581
f 4979//2582 2897//2582 4720//2582
f 2821//2583 4923//2583 4980//2583
f 2821//2584 4980//2584 2819//2584
f 2819//2585 4980//2585 4721//2585
f 4930//2586 2844//2586 2879//2586
f 4930//2587 2879//2587 4981//2587
f 4981//2588 2879//2588 2813//2588
f 2813//2589 2815//2589 4981//2589
f 4981//2590 2815//2590 4722//2590
f 2739//2591 4914//2591 4982//2591
f 2739//2592 4982//2592 2737//2592
f 2737//2593 4982//2593 4723//2593
f 2493//2594 4915//2594 4983//2594
f 2493//2595 4983//2595 2491//2595
f 2491//2596 4983//2596 4729//2596
f 4851//2597 2595//2597 2633//2597
f 4851//2598 2633//2598 4984//2598
f 4984//2599 2633//2599 2567//2599
f 2567//2600 2569//2600 4984//2600
f 4984//2601 2569//2601 4728//2601
f 4946//2602 2676//2602 2714//2602
f 4946//2603 2714//2603 4985//2603
f 4985//2604 2714//2604 2649//2604
f 2649//2605 2651//2605 4985//2605
f 4985//2606 2651//2606 4726//2606
f 2575//2607 4858//2607 4986//2607
f 2575//2608 4986//2608 2573//2608
f 2573//2609 4986//2609 4727//2609
f 4962//2610 3004//2610 3042//2610
f 4962//2611 3042//2611 4987//2611
f 4987//2612 3042//2612 2977//2612
f 2977//2613 2979//2613 4987//2613
f 4987//2614 2979//2614 4718//2614
f 2903//2615 4938//2615 4988//2615
f 2903//2616 4988//2616 2901//2616
f 2901//2617 4988//2617 4719//2617
f 4891//2618 2410//2618 2409//2618
f 4891//2619 2409//2619 4989//2619
f 4989//2620 2409//2620 2404//2620
f 2404//2621 2403//2621 4989//2621
f 4989//2622 2403//2622 4732//2622
f 2345//2623 4867//2623 4990//2623
f 2345//2624 4990//2624 2352//2624
f 2352//2625 4990//2625 4733//2625
f 2116//2626 4883//2626 4991//2626
f 2116//2627 4991//2627 2122//2627
f 2122//2628 4991//2628 4739//2628
f 4859//2629 2164//2629 2163//2629
f 4859//2630 2163//2630 4992//2630
f 4992//2631 2163//2631 2158//2631
f 2158//2632 2157//2632 4992//2632
f 4992//2633 2157//2633 4738//2633
f 4875//2634 2246//2634 2245//2634
f 4875//2635 2245//2635 4993//2635
f 4993//2636 2245//2636 2239//2636
f 2239//2637 2241//2637 4993//2637
f 4993//2638 2241//2638 4736//2638
f 2192//2639 4866//2639 4994//2639
f 2192//2640 4994//2640 2194//2640
f 2194//2641 4994//2641 4737//2641
f 4874//2642 2328//2642 2327//2642
f 4874//2643 2327//2643 4995//2643
f 4995//2644 2327//2644 2321//2644
f 2321//2645 2323//2645 4995//2645
f 4995//2646 2323//2646 4734//2646
f 2263//2647 4882//2647 4996//2647
f 2263//2648 4996//2648 2265//2648
f 2265//2649 4996//2649 4735//2649
f 4890//2650 2082//2650 2081//2650
f 4890//2651 2081//2651 4997//2651
f 4997//2652 2081//2652 2075//2652
f 2075//2653 2077//2653 4997//2653
f 4997//2654 2077//2654 4740//2654
f 2017//2655 4970//2655 4998//2655
f 2017//2656 4998//2656 2024//2656
f 2024//2657 4998//2657 4741//2657
f 586//670 640//670 4999//670
f 586//670 4999//670 5000//670
f 5000//670 4999//670 4845//670
f 5000//670 4845//670 4843//670
f 4843//670 4845//670 4963//670
f 4843//670 4963//670 4947//670
f 4947//670 4963//670 4971//670
f 4947//670 4971//670 4972//670
f 640//670 639//670 4999//670
f 4999//670 639//670 638//670
f 4999//670 638//670 637//670
f 637//670 636//670 5001//670
f 637//670 5001//670 4999//670
f 4999//670 5001//670 4761//670
f 4999//670 4761//670 4850//670
f 4850//670 4761//670 4890//670
f 4850//670 4890//670 4970//670
f 4970//670 4890//670 4997//670
f 4970//670 4997//670 4998//670
f 636//670 635//670 5001//670
f 5001//670 635//670 634//670
f 5001//670 634//670 633//670
f 5001//670 633//670 5002//670
f 5002//670 633//670 632//670
f 632//670 631//670 5002//670
f 5002//670 631//670 630//670
f 5002//670 630//670 629//670
f 5002//670 629//670 5003//670
f 5003//670 629//670 628//670
f 628//670 627//670 5003//670
f 5003//670 627//670 626//670
f 5003//670 626//670 625//670
f 5003//670 625//670 5004//670
f 5004//670 625//670 624//670
f 624//670 623//670 5004//670
f 5004//670 623//670 622//670
f 5004//670 622//670 5005//670
f 5005//670 622//670 621//670
f 621//670 620//670 5005//670
f 5005//670 620//670 619//670
f 5005//670 619//670 618//670
f 5005//670 618//670 5006//670
f 5006//670 618//670 617//670
f 617//670 616//670 5006//670
f 5006//670 616//670 615//670
f 5006//670 615//670 614//670
f 5006//670 614//670 5007//670
f 5007//670 614//670 613//670
f 613//670 612//670 5007//670
f 5007//670 612//670 611//670
f 5007//670 611//670 5008//670
f 5008//670 611//670 610//670
f 610//670 609//670 5008//670
f 5008//670 609//670 608//670
f 5008//670 608//670 607//670
f 5008//670 607//670 5009//670
f 5009//670 607//670 606//670
f 606//670 605//670 5009//670
f 5009//670 605//670 604//670
f 5009//670 604//670 603//670
f 5009//670 603//670 5010//670
f 5010//670 603//670 602//670
f 602//670 601//670 5010//670
f 5010//670 601//670 600//670
f 5010//670 600//670 5011//670
f 5011//670 600//670 599//670
f 599//670 598//670 5011//670
f 5011//670 598//670 597//670
f 5011//670 597//670 596//670
f 5011//670 596//670 5012//670
f 5012//670 596//670 595//670
f 595//670 594//670 5012//670
f 5012//670 594//670 593//670
f 5012//670 593//670 592//670
f 5012//670 592//670 5013//670
f 5013//670 592//670 591//670
f 591//670 590//670 5013//670
f 5013//670 590//670 589//670
f 5013//670 589//670 5000//670
f 5000//670 589//670 588//670
f 588//670 587//670 5000//670
f 5000//670 587//670 586//670
f 4947//670 4948//670 4841//670
f 4947//670 4841//670 4842//670
f 4948//670 4949//670 4841//670
f 4841//670 4949//670 4950//670
f 4841//670 4950//670 4840//670
f 4840//670 4950//670 4951//670
f 4840//670 4951//670 4839//670
f 4839//670 4951//670 4952//670
f 4839//670 4952//670 4837//670
f 4837//670 4952//670 4953//670
f 4837//670 4953//670 4838//670
f 4838//670 4953//670 4954//670
f 4954//670 4975//670 4976//670
f 4954//670 4976//670 4906//670
f 4906//670 4905//670 4827//670
f 4906//670 4827//670 4828//670
f 4905//670 4904//670 4827//670
f 4827//670 4904//670 4903//670
f 4827//670 4903//670 4826//670
f 4826//670 4903//670 4902//670
f 4826//670 4902//670 4825//670
f 4825//670 4902//670 4901//670
f 4825//670 4901//670 4823//670
f 4823//670 4901//670 4900//670
f 4823//670 4900//670 4824//670
f 4824//670 4900//670 4899//670
f 4899//670 4974//670 4973//670
f 4899//670 4973//670 4955//670
f 4955//670 4956//670 4834//670
f 4955//670 4834//670 4835//670
f 4956//670 4957//670 4834//670
f 4834//670 4957//670 4958//670
f 4834//670 4958//670 4833//670
f 4833//670 4958//670 4959//670
f 4833//670 4959//670 4832//670
f 4832//670 4959//670 4960//670
f 4832//670 4960//670 4830//670
f 4830//670 4960//670 4961//670
f 4830//670 4961//670 4831//670
f 4831//670 4961//670 4962//670
f 4962//670 4987//670 4988//670
f 4962//670 4988//670 4938//670
f 4938//670 4937//670 4806//670
f 4938//670 4806//670 4807//670
f 4937//670 4936//670 4806//670
f 4806//670 4936//670 4935//670
f 4806//670 4935//670 4805//670
f 4805//670 4935//670 4934//670
f 4805//670 4934//670 4804//670
f 4804//670 4934//670 4933//670
f 4804//670 4933//670 4802//670
f 4802//670 4933//670 4932//670
f 4802//670 4932//670 4803//670
f 4803//670 4932//670 4931//670
f 4931//670 4979//670 4980//670
f 4931//670 4980//670 4923//670
f 4923//670 4924//670 4799//670
f 4923//670 4799//670 4800//670
f 4924//670 4925//670 4799//670
f 4799//670 4925//670 4926//670
f 4799//670 4926//670 4798//670
f 4798//670 4926//670 4927//670
f 4798//670 4927//670 4797//670
f 4797//670 4927//670 4928//670
f 4797//670 4928//670 4795//670
f 4795//670 4928//670 4929//670
f 4795//670 4929//670 4796//670
f 4796//670 4929//670 4930//670
f 4930//670 4981//670 4982//670
f 4930//670 4982//670 4914//670
f 4914//670 4913//670 4813//670
f 4914//670 4813//670 4814//670
f 4913//670 4912//670 4813//670
f 4813//670 4912//670 4911//670
f 4813//670 4911//670 4812//670
f 4812//670 4911//670 4910//670
f 4812//670 4910//670 4811//670
f 4811//670 4910//670 4909//670
f 4811//670 4909//670 4809//670
f 4809//670 4909//670 4908//670
f 4809//670 4908//670 4810//670
f 4810//670 4908//670 4907//670
f 4907//670 4978//670 4977//670
f 4907//670 4977//670 4939//670
f 4939//670 4940//670 4820//670
f 4939//670 4820//670 4821//670
f 4940//670 4941//670 4820//670
f 4820//670 4941//670 4942//670
f 4820//670 4942//670 4819//670
f 4819//670 4942//670 4943//670
f 4819//670 4943//670 4818//670
f 4818//670 4943//670 4944//670
f 4818//670 4944//670 4816//670
f 4816//670 4944//670 4945//670
f 4816//670 4945//670 4817//670
f 4817//670 4945//670 4946//670
f 4946//670 4985//670 4986//670
f 4946//670 4986//670 4858//670
f 4858//670 4857//670 4785//670
f 4858//670 4785//670 4786//670
f 4857//670 4856//670 4785//670
f 4785//670 4856//670 4855//670
f 4785//670 4855//670 4784//670
f 4784//670 4855//670 4854//670
f 4784//670 4854//670 4783//670
f 4783//670 4854//670 4853//670
f 4783//670 4853//670 4781//670
f 4781//670 4853//670 4852//670
f 4781//670 4852//670 4782//670
f 4782//670 4852//670 4851//670
f 4851//670 4984//670 4983//670
f 4851//670 4983//670 4915//670
f 4915//670 4916//670 4792//670
f 4915//670 4792//670 4793//670
f 4916//670 4917//670 4792//670
f 4792//670 4917//670 4918//670
f 4792//670 4918//670 4791//670
f 4791//670 4918//670 4919//670
f 4791//670 4919//670 4790//670
f 4790//670 4919//670 4920//670
f 4790//670 4920//670 4788//670
f 4788//670 4920//670 4921//670
f 4788//670 4921//670 4789//670
f 4789//670 4921//670 4922//670
f 4922//670 5014//670 5015//670
f 4922//670 5015//670 4898//670
f 4898//670 4897//670 4778//670
f 4898//670 4778//670 4779//670
f 4897//670 4896//670 4778//670
f 4778//670 4896//670 4895//670
f 4778//670 4895//670 4777//670
f 4777//670 4895//670 4894//670
f 4777//670 4894//670 4776//670
f 4776//670 4894//670 4893//670
f 4776//670 4893//670 4774//670
f 4774//670 4893//670 4892//670
f 4774//670 4892//670 4775//670
f 4775//670 4892//670 4891//670
f 4891//670 4989//670 4990//670
f 4891//670 4990//670 4867//670
f 4867//670 4868//670 4771//670
f 4867//670 4771//670 4772//670
f 4868//670 4869//670 4771//670
f 4771//670 4869//670 4870//670
f 4771//670 4870//670 4770//670
f 4770//670 4870//670 4871//670
f 4770//670 4871//670 4769//670
f 4769//670 4871//670 4872//670
f 4769//670 4872//670 4767//670
f 4767//670 4872//670 4873//670
f 4767//670 4873//670 4768//670
f 4768//670 4873//670 4874//670
f 4874//670 4995//670 4996//670
f 4874//670 4996//670 4882//670
f 4882//670 4881//670 4750//670
f 4882//670 4750//670 4751//670
f 4881//670 4880//670 4750//670
f 4750//670 4880//670 4879//670
f 4750//670 4879//670 4749//670
f 4749//670 4879//670 4878//670
f 4749//670 4878//670 4748//670
f 4748//670 4878//670 4877//670
f 4748//670 4877//670 4746//670
f 4746//670 4877//670 4876//670
f 4746//670 4876//670 4747//670
f 4747//670 4876//670 4875//670
f 4875//670 4993//670 4994//670
f 4875//670 4994//670 4866//670
f 4866//670 4865//670 4757//670
f 4866//670 4757//670 4758//670
f 4865//670 4864//670 4757//670
f 4757//670 4864//670 4863//670
f 4757//670 4863//670 4756//670
f 4756//670 4863//670 4862//670
f 4756//670 4862//670 4755//670
f 4755//670 4862//670 4861//670
f 4755//670 4861//670 4753//670
f 4753//670 4861//670 4860//670
f 4753//670 4860//670 4754//670
f 4754//670 4860//670 4859//670
f 4859//670 4992//670 4991//670
f 4859//670 4991//670 4883//670
f 4883//670 4884//670 4764//670
f 4883//670 4764//670 4765//670
f 4884//670 4885//670 4764//670
f 4764//670 4885//670 4886//670
f 4764//670 4886//670 4763//670
f 4763//670 4886//670 4887//670
f 4763//670 4887//670 4762//670
f 4762//670 4887//670 4888//670
f 4762//670 4888//670 4760//670
f 4760//670 4888//670 4889//670
f 4760//670 4889//670 4761//670
f 4761//670 4889//670 4890//670
f 4970//670 4969//670 4848//670
f 4970//670 4848//670 4849//670
f 4969//670 4968//670 4848//670
f 4848//670 4968//670 4967//670
f 4848//670 4967//670 4847//670
f 4847//670 4967//670 4966//670
f 4847//670 4966//670 4846//670
f 4846//670 4966//670 4965//670
f 4846//670 4965//670 4844//670
f 4844//670 4965//670 4964//670
f 4844//670 4964//670 4845//670
f 4845//670 4964//670 4963//670
f 5000//670 4838//670 4829//670
f 5000//670 4829//670 5013//670
f 4842//670 4843//670 4947//670
f 4836//670 5012//670 5013//670
f 4836//670 5013//670 4824//670
f 5012//670 4831//670 4808//670
f 5012//670 4808//670 5011//670
f 4835//670 4836//670 4955//670
f 4955//670 4836//670 4824//670
f 4955//670 4824//670 4899//670
f 4849//670 4850//670 4970//670
f 4822//670 5008//670 5009//670
f 4822//670 5009//670 4810//670
f 5008//670 4817//670 4787//670
f 5008//670 4787//670 5007//670
f 4821//670 4822//670 4939//670
f 4939//670 4822//670 4810//670
f 4939//670 4810//670 4907//670
f 4828//670 4829//670 4906//670
f 4906//670 4829//670 4838//670
f 4906//670 4838//670 4954//670
f 4814//670 4815//670 4914//670
f 4914//670 4815//670 4796//670
f 4914//670 4796//670 4930//670
f 4815//670 5009//670 5010//670
f 4815//670 5010//670 4796//670
f 4801//670 5010//670 5011//670
f 4801//670 5011//670 4803//670
f 4800//670 4801//670 4923//670
f 4923//670 4801//670 4803//670
f 4923//670 4803//670 4931//670
f 4794//670 5006//670 5007//670
f 4794//670 5007//670 4782//670
f 5006//670 4789//670 4780//670
f 5006//670 4780//670 5005//670
f 4793//670 4794//670 4915//670
f 4915//670 4794//670 4782//670
f 4915//670 4782//670 4851//670
f 4807//670 4808//670 4938//670
f 4938//670 4808//670 4831//670
f 4938//670 4831//670 4962//670
f 4786//670 4787//670 4858//670
f 4858//670 4787//670 4817//670
f 4858//670 4817//670 4946//670
f 4773//670 5004//670 5005//670
f 4773//670 5005//670 4775//670
f 5004//670 4768//670 4752//670
f 5004//670 4752//670 5003//670
f 4772//670 4773//670 4867//670
f 4867//670 4773//670 4775//670
f 4867//670 4775//670 4891//670
f 4766//670 5001//670 5002//670
f 4766//670 5002//670 4754//670
f 4765//670 4766//670 4883//670
f 4883//670 4766//670 4754//670
f 4883//670 4754//670 4859//670
f 4779//670 4780//670 4898//670
f 4898//670 4780//670 4789//670
f 4898//670 4789//670 4922//670
f 4758//670 4759//670 4866//670
f 4866//670 4759//670 4747//670
f 4866//670 4747//670 4875//670
f 4759//670 5002//670 5003//670
f 4759//670 5003//670 4747//670
f 4751//670 4752//670 4882//670
f 4882//670 4752//670 4768//670
f 4882//670 4768//670 4874//670
f 4922//2658 2515//2658 2551//2658
f 4922//2659 2551//2659 5014//2659
f 5014//2660 2551//2660 2485//2660
f 2485//2661 2487//2661 5014//2661
f 5014//2662 2487//2662 4730//2662
f 2443//2663 4898//2663 5015//2663
f 2443//2664 5015//2664 2450//2664
f 2450//2665 5015//2665 4731//2665
f 4738//2666 2142//2666 4992//2666
f 4992//2667 2142//2667 2144//2667
f 4992//2668 2144//2668 4739//2668
f 4992//2669 4739//2669 4991//2669
f 780//2670 940//2670 4789//2670
f 780//2670 4789//2670 5006//2670
f 938//2671 780//2671 5006//2671
f 938//2671 5006//2671 4794//2671
f 781//2672 969//2672 4775//2672
f 781//2672 4775//2672 5005//2672
f 785//2673 787//2673 4761//2673
f 785//2673 4761//2673 5001//2673
f 763//2674 765//2674 4845//2674
f 763//2674 4845//2674 4999//2674
f 752//2675 751//2675 4831//2675
f 752//2675 4831//2675 5012//2675
f 759//2676 752//2676 5012//2676
f 759//2676 5012//2676 4836//2676
f 762//2677 770//2677 4838//2677
f 762//2677 4838//2677 5000//2677
f 764//2678 762//2678 5000//2678
f 764//2678 5000//2678 4843//2678
f 4742//2679 1979//2679 4971//2679
f 4971//2680 1979//2680 1978//2680
f 4971//2681 1978//2681 4743//2681
f 4971//2682 4743//2682 4972//2682
f 768//2683 876//2683 4824//2683
f 768//2683 4824//2683 5013//2683
f 4716//2684 3044//2684 4974//2684
f 4974//2685 3044//2685 3046//2685
f 4974//2686 3046//2686 4717//2686
f 4974//2687 4717//2687 4973//2687
f 769//2688 768//2688 5013//2688
f 769//2688 5013//2688 4829//2688
f 4744//2689 1897//2689 4975//2689
f 4975//2690 1897//2690 1896//2690
f 4975//2691 1896//2691 4745//2691
f 4975//2692 4745//2692 4976//2692
f 753//2693 746//2693 4803//2693
f 753//2693 4803//2693 5011//2693
f 778//2694 909//2694 4817//2694
f 778//2694 4817//2694 5008//2694
f 907//2695 778//2695 5008//2695
f 907//2695 5008//2695 4822//2695
f 4720//2696 2881//2696 4979//2696
f 4979//2697 2881//2697 2880//2697
f 4979//2698 2880//2698 4721//2698
f 4979//2699 4721//2699 4980//2699
f 773//2700 878//2700 4796//2700
f 773//2700 4796//2700 5010//2700
f 777//2701 906//2701 4810//2701
f 777//2701 4810//2701 5009//2701
f 4724//2702 2716//2702 4978//2702
f 4978//2703 2716//2703 2718//2703
f 4978//2704 2718//2704 4725//2704
f 4978//2705 4725//2705 4977//2705
f 774//2706 773//2706 5010//2706
f 774//2706 5010//2706 4801//2706
f 877//2591 777//2591 5009//2591
f 877//2591 5009//2591 4815//2591
f 4722//2707 2798//2707 4981//2707
f 4981//2708 2798//2708 2800//2708
f 4981//2709 2800//2709 4723//2709
f 4981//2710 4723//2710 4982//2710
f 779//2711 937//2711 4782//2711
f 779//2711 4782//2711 5007//2711
f 4728//2712 2553//2712 4984//2712
f 4984//2713 2553//2713 2552//2713
f 4984//2714 2552//2714 4729//2714
f 4984//2715 4729//2715 4983//2715
f 908//2716 779//2716 5007//2716
f 908//2716 5007//2716 4787//2716
f 4726//2717 2635//2717 4985//2717
f 4985//2718 2635//2718 2634//2718
f 4985//2719 2634//2719 4727//2719
f 4985//2720 4727//2720 4986//2720
f 750//2721 753//2721 5011//2721
f 750//2721 5011//2721 4808//2721
f 4718//2722 2963//2722 4987//2722
f 4987//2723 2963//2723 2962//2723
f 4987//2724 2962//2724 4719//2724
f 4987//2725 4719//2725 4988//2725
f 1387//2726 785//2726 5001//2726
f 1387//2726 5001//2726 4766//2726
f 4732//2727 2388//2727 4989//2727
f 4989//2728 2388//2728 2390//2728
f 4989//2729 2390//2729 4733//2729
f 4989//2730 4733//2730 4990//2730
f 972//2731 782//2731 5004//2731
f 972//2731 5004//2731 4773//2731
f 782//2732 817//2732 4768//2732
f 782//2732 4768//2732 5004//2732
f 783//2733 846//2733 4747//2733
f 783//2733 4747//2733 5003//2733
f 4736//2734 2225//2734 4993//2734
f 4993//2735 2225//2735 2224//2735
f 4993//2736 2224//2736 4737//2736
f 4993//2737 4737//2737 4994//2737
f 784//2738 1391//2738 4754//2738
f 784//2738 4754//2738 5002//2738
f 847//2739 784//2739 5002//2739
f 847//2739 5002//2739 4759//2739
f 816//2740 783//2740 5003//2740
f 816//2740 5003//2740 4752//2740
f 4734//2741 2307//2741 4995//2741
f 4995//2742 2307//2742 2306//2742
f 4995//2743 2306//2743 4735//2743
f 4995//2744 4735//2744 4996//2744
f 786//2745 763//2745 4999//2745
f 786//2745 4999//2745 4850//2745
f 4740//2746 2060//2746 4997//2746
f 4997//2746 2060//2746 2062//2746
f 4997//2746 2062//2746 4741//2746
f 4997//2746 4741//2746 4998//2746
f 939//2747 781//2747 5005//2747
f 939//2747 5005//2747 4780//2747
f 4730//2748 2470//2748 5014//2748
f 5014//2749 2470//2749 2472//2749
f 5014//2750 2472//2750 4731//2750
f 5014//2751 4731//2751 5015//2751
f 5016//2752 5017//2752 5018//2752
f 5018//2753 5017//2753 5019//2753
f 5018//2754 5019//2754 5020//2754
f 5020//2755 5019//2755 5021//2755
f 5021//2756 5019//2756 5022//2756
f 5021//2757 5022//2757 5023//2757
f 5023//2758 5022//2758 5024//2758
f 5023//2759 5024//2759 5025//2759
f 5025//2760 5024//2760 5026//2760
f 5025//2761 5026//2761 5027//2761
f 5027//2762 5026//2762 5028//2762
f 5027//2763 5028//2763 5029//2763
f 5029//2764 5028//2764 5030//2764
f 5030//2765 5028//2765 5031//2765
f 5030//2766 5031//2766 5032//2766
f 5032//2767 5031//2767 5033//2767
f 501//2768 500//2768 5033//2768
f 501//2768 5033//2768 5034//2768
f 500//2769 551//2769 5030//2769
f 500//2769 5030//2769 5032//2769
f 551//2770 553//2770 5029//2770
f 551//2770 5029//2770 5030//2770
f 553//2771 556//2771 5027//2771
f 553//2771 5027//2771 5029//2771
f 556//2772 555//2772 5025//2772
f 556//2772 5025//2772 5027//2772
f 555//2773 558//2773 5023//2773
f 555//2773 5023//2773 5025//2773
f 558//2774 560//2774 5021//2774
f 558//2774 5021//2774 5023//2774
f 560//2775 562//2775 5020//2775
f 560//2775 5020//2775 5021//2775
f 562//2769 428//2769 5018//2769
f 562//2769 5018//2769 5020//2769
f 428//2776 427//2776 5035//2776
f 428//2776 5035//2776 5016//2776
f 5016//2776 5018//2776 428//2776
f 5032//2768 5033//2768 500//2768
f 427//2777 513//2777 5036//2777
f 427//2778 5036//2778 5037//2778
f 513//2779 511//2779 5038//2779
f 513//2780 5038//2780 5036//2780
f 511//2781 509//2781 5039//2781
f 511//2782 5039//2782 5038//2782
f 509//2783 507//2783 5039//2783
f 5039//2784 507//2784 505//2784
f 5039//2785 505//2785 5040//2785
f 5040//2786 505//2786 503//2786
f 5040//2787 503//2787 5041//2787
f 5041//2788 503//2788 501//2788
f 5041//2789 501//2789 5042//2789
f 5042//2790 501//2790 5034//2790
f 5037//2791 5035//2791 427//2791
f 5034//2792 5033//2792 5031//2792
f 5034//2792 5031//2792 5042//2792
f 5042//2793 5031//2793 5028//2793
f 5042//2793 5028//2793 5041//2793
f 5041//2794 5028//2794 5026//2794
f 5041//2794 5026//2794 5040//2794
f 5040//2795 5026//2795 5024//2795
f 5040//2795 5024//2795 5039//2795
f 5039//2796 5024//2796 5022//2796
f 5039//2796 5022//2796 5038//2796
f 5038//2797 5022//2797 5019//2797
f 5038//2797 5019//2797 5036//2797
f 5036//2798 5019//2798 5017//2798
f 5036//2798 5017//2798 5037//2798
f 5037//2799 5017//2799 5016//2799
f 5037//2799 5016//2799 5035//2799
f 395//2800 397//2800 5043//2800
f 395//2801 5043//2801 5044//2801
f 397//2802 399//2802 5045//2802
f 397//2803 5045//2803 5043//2803
f 399//2804 401//2804 5046//2804
f 399//2805 5046//2805 5045//2805
f 401//2806 403//2806 5047//2806
f 401//2807 5047//2807 5046//2807
f 403//2808 405//2808 5047//2808
f 5047//2809 405//2809 407//2809
f 5047//2810 407//2810 5048//2810
f 5048//2811 407//2811 409//2811
f 5048//2812 409//2812 5049//2812
f 5049//2813 409//2813 411//2813
f 5049//2814 411//2814 5050//2814
f 5050//2815 411//2815 5051//2815
f 5044//2816 5052//2816 395//2816
f 5051//2817 5053//2817 5054//2817
f 5051//2817 5054//2817 5050//2817
f 5050//2818 5054//2818 5055//2818
f 5050//2818 5055//2818 5049//2818
f 5049//2819 5055//2819 5056//2819
f 5049//2819 5056//2819 5048//2819
f 5048//2820 5056//2820 5057//2820
f 5048//2820 5057//2820 5047//2820
f 5047//2821 5057//2821 5058//2821
f 5047//2821 5058//2821 5046//2821
f 5046//2822 5058//2822 5059//2822
f 5046//2822 5059//2822 5045//2822
f 5045//2823 5059//2823 5060//2823
f 5045//2823 5060//2823 5043//2823
f 5043//2824 5060//2824 5061//2824
f 5043//2824 5061//2824 5044//2824
f 5044//2825 5061//2825 5062//2825
f 5044//2825 5062//2825 5052//2825
f 5062//2826 5061//2826 5063//2826
f 5063//2827 5061//2827 5064//2827
f 5064//2828 5061//2828 5060//2828
f 5064//2829 5060//2829 5065//2829
f 5065//2830 5060//2830 5059//2830
f 5065//2831 5059//2831 5066//2831
f 5066//2832 5059//2832 5058//2832
f 5066//2833 5058//2833 5067//2833
f 5067//2834 5058//2834 5057//2834
f 5067//2835 5057//2835 5068//2835
f 5068//2836 5057//2836 5069//2836
f 5069//2837 5057//2837 5056//2837
f 5069//2838 5056//2838 5070//2838
f 5070//2839 5056//2839 5055//2839
f 5070//2840 5055//2840 5071//2840
f 5071//2841 5055//2841 5072//2841
f 5072//2842 5055//2842 5054//2842
f 5072//2843 5054//2843 5073//2843
f 5073//2844 5054//2844 5053//2844
f 391//2845 395//2845 5052//2845
f 391//2845 5052//2845 5062//2845
f 5062//2845 5063//2845 391//2845
f 391//2846 5063//2846 5064//2846
f 391//2846 5064//2846 584//2846
f 584//2847 5064//2847 5065//2847
f 584//2847 5065//2847 583//2847
f 583//2848 5065//2848 5066//2848
f 583//2848 5066//2848 581//2848
f 581//2849 5066//2849 5067//2849
f 581//2849 5067//2849 579//2849
f 579//2850 5067//2850 5068//2850
f 579//2850 5068//2850 577//2850
f 577//2851 5068//2851 5069//2851
f 577//2851 5069//2851 575//2851
f 575//2852 5069//2852 5070//2852
f 575//2852 5070//2852 572//2852
f 572//2853 5070//2853 5071//2853
f 572//2853 5071//2853 573//2853
f 573//2854 5071//2854 5072//2854
f 573//2854 5072//2854 585//2854
f 585//2855 5072//2855 5073//2855
f 585//2855 5073//2855 412//2855
f 412//2856 5073//2856 5053//2856
f 5053//2856 5051//2856 411//2856
f 5053//2856 411//2856 412//2856
usemtl mat1
f 1//1 2//1 3//1
# Vertices: 5073, normals: 2856, texture coordinates: 0, faces: 10206

