# File generated by ImageToStl.com - Free Image and 3D model conversion tools

mtllib new_mainspring.mtl

o obj1
v 37.95347595 42.91648483 -9.35617638
v 37.4535141 43.41648483 -9.38278103
v 37.93325043 42.91648483 -8.98316574
v 37.43325043 43.41648483 -8.98316574
v 37.4535141 43.41648483 -8.58355141
v 38.01390839 42.91648483 -9.72481346
v 37.51410675 43.41648483 -9.77829552
v 38.11384583 42.91648483 -10.08475685
v 37.61439896 43.41648483 -10.16564941
v 38.25211334 42.91648483 -10.43178368
v 37.75336838 43.41648483 -10.54087162
v 38.42709351 42.91648483 -10.76182556
v 37.92958069 43.41648483 -10.90010834
v 38.63673019 42.91648483 -11.07101631
v 38.14123535 43.41648483 -11.23967552
v 38.87856293 42.91648483 -11.3557291
v 38.38615799 43.41648483 -11.55608654
v 39.14976883 42.91648483 -11.61262512
v 38.96543121 43.41648483 -12.10672951
v 38.6618309 43.41648483 -11.84609795
v 39.447155 42.91648483 -11.83869267
v 39.29384232 43.41648483 -12.33531094
v 39.76724243 42.91648483 -12.03128242
v 39.64369202 43.41648483 -12.52949333
v 40.10627365 42.91648483 -12.18813515
v 40.01139832 43.41648483 -12.68728638
v 40.46027756 42.91648483 -12.30741405
v 40.39317322 43.41648483 -12.80706978
v 40.82509995 42.91648483 -12.38771629
v 40.78511047 43.41648483 -12.88761616
v 41.19647217 42.91648483 -12.42810631
v 41.18318558 43.41648483 -12.92809582
v 41.57003021 42.91648483 -12.42810631
v 41.58331299 43.41648483 -12.92809582
v 41.94139862 42.91648483 -12.38771629
v 41.98139191 43.41648483 -12.88761616
v 42.30622101 42.91648483 -12.30741405
v 42.37332916 43.41648483 -12.80706978
v 42.66022491 42.91648483 -12.18813515
v 42.75510788 43.41648483 -12.68728638
v 42.99925995 42.91648483 -12.03128242
v 43.12280655 43.41648483 -12.52949333
v 43.31934357 42.91648483 -11.83869267
v 43.47265625 43.41648483 -12.33531094
v 43.61673355 42.91648483 -11.61262512
v 43.80107117 43.41648483 -12.10672951
v 43.88793564 42.91648483 -11.3557291
v 44.10467148 43.41648483 -11.84609795
v 44.12977219 42.91648483 -11.07101631
v 44.62526703 43.41648483 -11.23967552
v 44.38034439 43.41648483 -11.55608654
v 44.33940887 42.91648483 -10.76182556
v 44.83691788 43.41648483 -10.90010834
v 44.51438522 42.91648483 -10.43178368
v 45.01313019 43.41648483 -10.54087162
v 44.65265274 42.91648483 -10.08475685
v 45.15209961 43.41648483 -10.16564941
v 44.75259399 42.91648483 -9.72481346
v 45.25239563 43.41648483 -9.77829552
v 44.81302643 42.91648483 -9.35617638
v 45.31298065 43.41648483 -9.38278103
v 44.83325195 42.91648483 -8.98316574
v 45.33325195 43.41648483 -8.98316574
v 44.81302643 42.91648483 -8.61015511
v 45.31298065 43.41648483 -8.58355141
v 44.75259399 42.91648483 -8.24151802
v 45.25239563 43.41648483 -8.18803692
v 44.65265274 42.91648483 -7.88157511
v 45.15209961 43.41648483 -7.80068159
v 44.51438522 42.91648483 -7.53454876
v 45.01313019 43.41648483 -7.42546034
v 44.33940887 42.91648483 -7.20450497
v 44.83691788 43.41648483 -7.06622314
v 44.12977219 42.91648483 -6.89531517
v 44.62526703 43.41648483 -6.72665644
v 43.88793564 42.91648483 -6.61060286
v 44.38034439 43.41648483 -6.41024494
v 43.61673355 42.91648483 -6.35370684
v 43.80107117 43.41648483 -5.8596015
v 44.10467148 43.41648483 -6.12023401
v 43.31934357 42.91648483 -6.12763882
v 43.47265625 43.41648483 -5.6310215
v 42.99925995 42.91648483 -5.93504906
v 43.12280655 43.41648483 -5.43683767
v 42.66022491 42.91648483 -5.77819586
v 42.75510788 43.41648483 -5.2790451
v 42.30622101 42.91648483 -5.65891838
v 42.37332916 43.41648483 -5.15926123
v 41.94139862 42.91648483 -5.57861423
v 41.98139191 43.41648483 -5.0787158
v 41.57003021 42.91648483 -5.53822565
v 41.58331299 43.41648483 -5.03823566
v 41.19647217 42.91648483 -5.53822565
v 41.18318558 43.41648483 -5.03823566
v 40.82509995 42.91648483 -5.57861423
v 40.78511047 43.41648483 -5.0787158
v 40.46027756 42.91648483 -5.65891838
v 40.39317322 43.41648483 -5.15926123
v 40.10627365 42.91648483 -5.77819586
v 40.01139832 43.41648483 -5.2790451
v 39.76724243 42.91648483 -5.93504906
v 39.64369202 43.41648483 -5.43683767
v 39.447155 42.91648483 -6.12763882
v 39.29384232 43.41648483 -5.6310215
v 39.14976883 42.91648483 -6.35370684
v 38.96543121 43.41648483 -5.8596015
v 38.87856293 42.91648483 -6.61060286
v 38.6618309 43.41648483 -6.12023401
v 38.63673019 42.91648483 -6.89531517
v 38.14123535 43.41648483 -6.72665644
v 38.38615799 43.41648483 -6.41024494
v 38.42709351 42.91648483 -7.20450497
v 37.92958069 43.41648483 -7.06622314
v 38.25211334 42.91648483 -7.53454876
v 37.75336838 43.41648483 -7.42546034
v 38.11384583 42.91648483 -7.88157511
v 37.61439896 43.41648483 -7.80068159
v 38.01390839 42.91648483 -8.24151802
v 37.51410675 43.41648483 -8.18803692
v 37.95347595 42.91648483 -8.61015511
v 37.43325043 66.41648102 -8.98316574
v 37.4535141 66.41648102 -8.58355141
v 37.45418549 58.74981689 -8.57702351
v 37.43325043 58.74981689 -8.98316574
v 37.45418549 51.08314896 -8.57702351
v 37.43325043 51.08314896 -8.98316574
v 37.51410675 66.41648102 -8.18803692
v 37.51676941 58.74981689 -8.1751852
v 37.51676941 51.08314896 -8.1751852
v 37.61439896 66.41648102 -7.80068159
v 37.62033844 58.74981689 -7.78191185
v 37.62033844 51.08314896 -7.78191185
v 37.75336838 66.41648102 -7.42546034
v 37.76379776 58.74981689 -7.40137291
v 37.76379776 51.08314896 -7.40137291
v 37.92958069 66.41648102 -7.06622314
v 37.94562531 58.74981689 -7.03760099
v 37.94562531 51.08314896 -7.03760099
v 38.14123535 66.41648102 -6.72665644
v 38.16388702 58.74981689 -6.69445276
v 38.16388702 51.08314896 -6.69445276
v 38.38615799 66.41648102 -6.41024494
v 38.41627884 58.74981689 -6.37556505
v 38.41627884 51.08314896 -6.37556505
v 38.6618309 66.41648102 -6.12023401
v 38.70011902 58.74981689 -6.08431864
v 38.70011902 51.08314896 -6.08431864
v 38.96543121 66.41648102 -5.8596015
v 39.0124054 58.74981689 -5.82380056
v 39.0124054 51.08314896 -5.82380056
v 39.29384232 66.41648102 -5.6310215
v 39.34981918 58.74981689 -5.59677315
v 39.34981918 51.08314896 -5.59677315
v 39.64369202 66.41648102 -5.43683767
v 39.70878983 58.74981689 -5.40564156
v 39.70878983 51.08314896 -5.40564156
v 40.01139832 66.41648102 -5.2790451
v 40.08550644 58.74981689 -5.2524333
v 40.08550644 51.08314896 -5.2524333
v 40.39317322 66.41648102 -5.15926123
v 40.47598267 58.74981689 -5.13877153
v 40.47598267 51.08314896 -5.13877153
v 40.78511047 66.41648102 -5.0787158
v 40.87607956 58.74981689 -5.06586123
v 40.87607956 51.08314896 -5.06586123
v 41.18318558 66.41648102 -5.03823566
v 41.28154755 58.74981689 -5.03447533
v 41.28154755 51.08314896 -5.03447533
v 41.58331299 66.41648102 -5.03823566
v 41.68809509 58.74981689 -5.04494667
v 41.68809509 51.08314896 -5.04494667
v 41.98139191 66.41648102 -5.0787158
v 42.09140778 58.74981689 -5.09716415
v 42.09140778 51.08314896 -5.09716415
v 42.37332916 66.41648102 -5.15926123
v 42.48721695 58.74981689 -5.19057369
v 42.48721695 51.08314896 -5.19057369
v 42.75510788 66.41648102 -5.2790451
v 42.87132645 58.74981689 -5.32418633
v 42.87132645 51.08314896 -5.32418633
v 43.12280655 66.41648102 -5.43683767
v 43.23966217 58.74981689 -5.49658489
v 43.23966217 51.08314896 -5.49658489
v 43.47265625 66.41648102 -5.6310215
v 43.58831406 58.74981689 -5.7059412
v 43.58831406 51.08314896 -5.7059412
v 43.80107117 66.41648102 -5.8596015
v 43.91359329 58.74981689 -5.95003796
v 43.91359329 51.08314896 -5.95003796
v 44.10467148 66.41648102 -6.12023401
v 44.21205139 58.74981689 -6.22628641
v 44.21205139 51.08314896 -6.22628641
v 44.38034439 66.41648102 -6.41024494
v 44.48052216 58.74981689 -6.53175831
v 44.48052216 51.08314896 -6.53175831
v 44.62526703 66.41648102 -6.72665644
v 44.71616364 58.74981689 -6.86321545
v 44.71616364 51.08314896 -6.86321545
v 44.83691788 66.41648102 -7.06622314
v 44.91647339 58.74981689 -7.21714544
v 44.91647339 51.08314896 -7.21714544
v 45.01313019 66.41648102 -7.42546034
v 45.07933044 58.74981689 -7.58979511
v 45.07933044 51.08314896 -7.58979511
v 45.15209961 66.41648102 -7.80068159
v 45.20301056 58.74981689 -7.97721481
v 45.20301056 51.08314896 -7.97721481
v 45.25239563 66.41648102 -8.18803692
v 45.28619766 58.74981689 -8.37529755
v 45.28619766 51.08314896 -8.37529755
v 45.31298065 66.41648102 -8.58355141
v 45.32801056 58.74981689 -8.77982521
v 45.32801056 51.08314896 -8.77982521
v 45.33325195 66.41648102 -8.98316574
v 45.32801056 58.74981689 -9.18650723
v 45.32801056 51.08314896 -9.18650723
v 45.31298065 66.41648102 -9.38278103
v 45.25239563 66.41648102 -9.77829552
v 45.28619766 58.74981689 -9.59103394
v 45.15209961 66.41648102 -10.16564941
v 45.20301056 58.74981689 -9.98911667
v 45.01313019 66.41648102 -10.54087162
v 45.07933044 58.74981689 -10.37653732
v 44.83691788 66.41648102 -10.90010834
v 44.91647339 58.74981689 -10.74918652
v 44.62526703 66.41648102 -11.23967552
v 44.71616364 58.74981689 -11.10311604
v 44.38034439 66.41648102 -11.55608654
v 44.48052216 58.74981689 -11.43457317
v 44.10467148 66.41648102 -11.84609795
v 44.21205139 58.74981689 -11.74004555
v 43.80107117 66.41648102 -12.10672951
v 43.91359329 58.74981689 -12.01629448
v 43.47265625 66.41648102 -12.33531094
v 43.58831406 58.74981689 -12.26039028
v 43.12280655 66.41648102 -12.52949333
v 43.23966217 58.74981689 -12.46974754
v 42.75510788 66.41648102 -12.68728638
v 42.87132645 58.74981689 -12.64214516
v 42.37332916 66.41648102 -12.80706978
v 42.48721695 58.74981689 -12.77575684
v 41.98139191 66.41648102 -12.88761616
v 42.09140778 58.74981689 -12.86916733
v 41.58331299 66.41648102 -12.92809582
v 41.68809509 58.74981689 -12.92138481
v 41.18318558 66.41648102 -12.92809582
v 41.28154755 58.74981689 -12.93185616
v 40.78511047 66.41648102 -12.88761616
v 40.87607956 58.74981689 -12.90047073
v 40.39317322 66.41648102 -12.80706978
v 40.47598267 58.74981689 -12.82755947
v 40.01139832 66.41648102 -12.68728638
v 40.08550644 58.74981689 -12.71389866
v 39.64369202 66.41648102 -12.52949333
v 39.70878983 58.74981689 -12.56068993
v 39.29384232 66.41648102 -12.33531094
v 39.34981918 58.74981689 -12.36955833
v 38.96543121 66.41648102 -12.10672951
v 39.0124054 58.74981689 -12.14253044
v 38.6618309 66.41648102 -11.84609795
v 38.70011902 58.74981689 -11.88201332
v 38.38615799 66.41648102 -11.55608654
v 38.41627884 58.74981689 -11.59076691
v 38.14123535 66.41648102 -11.23967552
v 38.16388702 58.74981689 -11.2718792
v 37.92958069 66.41648102 -10.90010834
v 37.94562531 58.74981689 -10.92873096
v 37.75336838 66.41648102 -10.54087162
v 37.76379776 58.74981689 -10.56495857
v 37.61439896 66.41648102 -10.16564941
v 37.62033844 58.74981689 -10.18441963
v 37.51410675 66.41648102 -9.77829552
v 37.51676941 58.74981689 -9.79114628
v 37.4535141 66.41648102 -9.38278103
v 37.45418549 58.74981689 -9.38930893
v 37.45418549 51.08314896 -9.38930893
v 37.51676941 51.08314896 -9.79114628
v 37.62033844 51.08314896 -10.18441963
v 37.76379776 51.08314896 -10.56495857
v 37.94562531 51.08314896 -10.92873096
v 38.16388702 51.08314896 -11.2718792
v 38.41627884 51.08314896 -11.59076691
v 38.70011902 51.08314896 -11.88201332
v 39.0124054 51.08314896 -12.14253044
v 39.34981918 51.08314896 -12.36955833
v 39.70878983 51.08314896 -12.56068993
v 40.08550644 51.08314896 -12.71389866
v 40.47598267 51.08314896 -12.82755947
v 40.87607956 51.08314896 -12.90047073
v 41.28154755 51.08314896 -12.93185616
v 41.68809509 51.08314896 -12.92138481
v 42.09140778 51.08314896 -12.86916733
v 42.48721695 51.08314896 -12.77575684
v 42.87132645 51.08314896 -12.64214516
v 43.23966217 51.08314896 -12.46974754
v 43.58831406 51.08314896 -12.26039028
v 43.91359329 51.08314896 -12.01629448
v 44.21205139 51.08314896 -11.74004555
v 44.48052216 51.08314896 -11.43457317
v 44.71616364 51.08314896 -11.10311604
v 44.91647339 51.08314896 -10.74918652
v 45.07933044 51.08314896 -10.37653732
v 45.20301056 51.08314896 -9.98911667
v 45.28619766 51.08314896 -9.59103394
v 37.96051407 42.91648483 -8.85860443
v 37.9949913 42.91648483 -8.48283195
v 38.0705986 42.91648483 -8.11313248
v 38.18641281 42.91648483 -7.75399303
v 38.34103394 42.91648483 -7.40977526
v 38.53258514 42.91648483 -7.08465624
v 38.75873947 42.91648483 -6.78258228
v 39.01675034 42.91648483 -6.50722075
v 39.30348969 42.91648483 -6.26191378
v 39.61547089 42.91648483 -6.04963875
v 39.94891357 42.91648483 -5.87297344
v 40.29976273 42.91648483 -5.73406124
v 40.66376495 42.91648483 -5.63458872
v 41.03650665 42.91648483 -5.57576275
v 41.41345596 42.91648483 -5.55829906
v 41.79003143 42.91648483 -5.58240843
v 42.1616745 42.91648483 -5.64779806
v 42.52387238 42.91648483 -5.75367451
v 42.87221909 42.91648483 -5.89875269
v 43.20249176 42.91648483 -6.08127165
v 43.51068115 42.91648483 -6.299016
v 43.79304886 42.91648483 -6.54934168
v 44.04616547 42.91648483 -6.82921124
v 44.26695251 42.91648483 -7.13522625
v 44.45273972 42.91648483 -7.46367264
v 44.60126877 42.91648483 -7.81056404
v 44.71073151 42.91648483 -8.17168999
v 44.77980804 42.91648483 -8.54266453
v 44.80764771 42.91648483 -8.91898727
v 44.79392624 42.91648483 -9.29608917
v 44.73880005 42.91648483 -9.66939163
v 44.64294434 42.91648483 -10.03436565
v 44.50751877 42.91648483 -10.38657761
v 44.33416748 42.91648483 -10.72175598
v 44.125 42.91648483 -11.03582954
v 43.8825531 42.91648483 -11.32498646
v 43.6097641 42.91648483 -11.58571625
v 43.30994415 42.91648483 -11.81485558
v 42.98674774 42.91648483 -12.00962162
v 42.6440773 42.91648483 -12.16765022
v 42.28610611 42.91648483 -12.2870245
v 41.91717148 42.91648483 -12.36629391
v 41.54176331 42.91648483 -12.40449524
v 41.16442871 42.91648483 -12.40116882
v 37.96758652 42.91648483 -9.23588943
v 38.01612091 42.91648483 -9.61010647
v 38.10552216 42.91648483 -9.97671318
v 38.23471451 42.91648483 -10.33125973
v 38.40212631 42.91648483 -10.66944218
v 38.60572433 42.91648483 -10.98715687
v 38.84303665 42.91648483 -11.28054428
v 39.11118317 42.91648483 -11.54604435
v 39.40691376 42.91648483 -11.78043556
v 39.72663116 42.91648483 -11.9808712
v 40.06645584 42.91648483 -12.14491844
v 40.42226791 42.91648483 -12.27058792
v 40.78974152 42.91648483 -12.35634995
v 37.93325043 66.91648865 -8.98316574
v 37.95347595 66.91648865 -9.35617638
v 38.01390839 66.91648865 -9.72481346
v 38.11384583 66.91648865 -10.08475685
v 38.25211334 66.91648865 -10.43178368
v 38.42709351 66.91648865 -10.76182556
v 38.63673019 66.91648865 -11.07101631
v 38.87856293 66.91648865 -11.3557291
v 39.14976883 66.91648865 -11.61262512
v 39.447155 66.91648865 -11.83869267
v 39.76724243 66.91648865 -12.03128242
v 40.10627365 66.91648865 -12.18813515
v 40.46027756 66.91648865 -12.30741405
v 40.82509995 66.91648865 -12.38771629
v 41.19647217 66.91648865 -12.42810631
v 41.57003021 66.91648865 -12.42810631
v 41.94139862 66.91648865 -12.38771629
v 42.30622101 66.91648865 -12.30741405
v 42.66022491 66.91648865 -12.18813515
v 42.99925995 66.91648865 -12.03128242
v 43.31934357 66.91648865 -11.83869267
v 43.61673355 66.91648865 -11.61262512
v 43.88793564 66.91648865 -11.3557291
v 44.12977219 66.91648865 -11.07101631
v 44.33940887 66.91648865 -10.76182556
v 44.51438522 66.91648865 -10.43178368
v 44.65265274 66.91648865 -10.08475685
v 44.75259399 66.91648865 -9.72481346
v 44.81302643 66.91648865 -9.35617638
v 44.83325195 66.91648865 -8.98316574
v 44.81302643 66.91648865 -8.61015511
v 44.75259399 66.91648865 -8.24151802
v 44.65265274 66.91648865 -7.88157511
v 44.51438522 66.91648865 -7.53454876
v 44.33940887 66.91648865 -7.20450497
v 44.12977219 66.91648865 -6.89531517
v 43.88793564 66.91648865 -6.61060286
v 43.61673355 66.91648865 -6.35370684
v 43.31934357 66.91648865 -6.12763882
v 42.99925995 66.91648865 -5.93504906
v 42.66022491 66.91648865 -5.77819586
v 42.30622101 66.91648865 -5.65891838
v 41.94139862 66.91648865 -5.57861423
v 41.57003021 66.91648865 -5.53822565
v 41.19647217 66.91648865 -5.53822565
v 40.82509995 66.91648865 -5.57861423
v 40.46027756 66.91648865 -5.65891838
v 40.10627365 66.91648865 -5.77819586
v 39.76724243 66.91648865 -5.93504906
v 39.447155 66.91648865 -6.12763882
v 39.14976883 66.91648865 -6.35370684
v 38.87856293 66.91648865 -6.61060286
v 38.63673019 66.91648865 -6.89531517
v 38.42709351 66.91648865 -7.20450497
v 38.25211334 66.91648865 -7.53454876
v 38.11384583 66.91648865 -7.88157511
v 38.01390839 66.91648865 -8.24151802
v 37.95347595 66.91648865 -8.61015511
v 42.25328445 66.91648865 -5.67051506
v 41.88358307 66.91648865 -5.59490967
v 41.5078125 66.91648865 -5.56043339
v 41.13052368 66.91648865 -5.56750393
v 40.75630569 66.91648865 -5.61603642
v 40.38970184 66.91648865 -5.70544147
v 40.03515244 66.91648865 -5.83463383
v 39.69697189 66.91648865 -6.00204468
v 39.3792572 66.91648865 -6.20564222
v 39.08586884 66.91648865 -6.44295502
v 38.82036972 66.91648865 -6.71110344
v 38.58597946 66.91648865 -7.00683069
v 38.38554382 66.91648865 -7.3265481
v 38.22149658 66.91648865 -7.66637516
v 38.0958252 66.91648865 -8.02218628
v 38.01006317 66.91648865 -8.38966179
v 37.96524429 66.91648865 -8.76434231
v 37.96191788 66.91648865 -9.14167881
v 38.00012207 66.91648865 -9.5170908
v 38.07939148 66.91648865 -9.88602257
v 38.1987648 66.91648865 -10.24399376
v 38.35679245 66.91648865 -10.58666134
v 38.55155945 66.91648865 -10.90986347
v 38.78070068 66.91648865 -11.2096796
v 39.04142761 66.91648865 -11.48246765
v 39.33058548 66.91648865 -11.72491837
v 39.64465714 66.91648865 -11.93408775
v 39.97983551 66.91648865 -12.10743713
v 40.33205032 66.91648865 -12.24286175
v 40.69702148 66.91648865 -12.33871841
v 41.07032776 66.91648865 -12.3938427
v 41.44742584 66.91648865 -12.40756607
v 41.82374954 66.91648865 -12.3797226
v 42.19472504 66.91648865 -12.31064892
v 42.55585098 66.91648865 -12.20118427
v 42.90274048 66.91648865 -12.05265808
v 43.23118591 66.91648865 -11.86687088
v 43.53720093 66.91648865 -11.64608002
v 43.81707001 66.91648865 -11.39296532
v 44.06739807 66.91648865 -11.11059952
v 44.28514481 66.91648865 -10.80240822
v 44.46766281 66.91648865 -10.47213459
v 44.61273956 66.91648865 -10.12378693
v 44.7186203 66.91648865 -9.76159286
v 44.78400803 66.91648865 -9.38995075
v 44.80811691 66.91648865 -9.01337051
v 44.79064941 66.91648865 -8.63642406
v 44.73182678 66.91648865 -8.26368523
v 44.63235474 66.91648865 -7.89968204
v 44.49344254 66.91648865 -7.54882908
v 44.31677246 66.91648865 -7.21538782
v 44.10449982 66.91648865 -6.90340519
v 43.85919571 66.91648865 -6.61666822
v 43.58383179 66.91648865 -6.35865688
v 43.28176117 66.91648865 -6.13250303
v 42.95663834 66.91648865 -5.94095325
v 42.61241913 66.91648865 -5.78633118
v 47.05484009 42.71648407 -8.7864666
v 47.07588959 42.71648407 -9.21733284
v 47.07588959 55.51647949 -9.21733284
v 47.05484009 55.51647949 -8.7864666
v 47.08627701 42.71648407 -9.63589859
v 47.08627701 55.51647949 -9.63589859
v 47.08603668 42.71648407 -10.04220963
v 47.08603668 55.51647949 -10.04220963
v 47.07525253 42.71648407 -10.43633556
v 47.07525253 55.51647949 -10.43633556
v 47.05403137 42.71648407 -10.81837082
v 47.05403137 55.51647949 -10.81837082
v 47.02250671 42.71648407 -11.18843079
v 47.02250671 55.51647949 -11.18843079
v 46.98082352 42.71648407 -11.54665184
v 46.98082352 55.51647949 -11.54665184
v 46.9291687 42.71648407 -11.89318848
v 46.9291687 55.51647949 -11.89318848
v 46.86773682 42.71648407 -12.22821331
v 46.86773682 55.51647949 -12.22821331
v 46.7967453 42.71648407 -12.55190849
v 46.7967453 55.51647949 -12.55190849
v 46.71642303 42.71648407 -12.8644743
v 46.71642303 55.51647949 -12.8644743
v 46.62702179 42.71648407 -13.16611481
v 46.62702179 55.51647949 -13.16611481
v 46.52879333 42.71648407 -13.45705128
v 46.52879333 55.51647949 -13.45705128
v 46.42202377 42.71648407 -13.73750496
v 46.42202377 55.51647949 -13.73750496
v 46.30698776 42.71648407 -14.00770283
v 46.30698776 55.51647949 -14.00770283
v 46.18397522 42.71648407 -14.26787949
v 46.18397522 55.51647949 -14.26787949
v 46.05329514 42.71648407 -14.5182724
v 46.05329514 55.51647949 -14.5182724
v 45.91524506 42.71648407 -14.75911903
v 45.91524506 55.51647949 -14.75911903
v 45.77014542 42.71648407 -14.99065781
v 45.77014542 55.51647949 -14.99065781
v 45.61831665 42.71648407 -15.2131319
v 45.61831665 55.51647949 -15.2131319
v 45.46008301 42.71648407 -15.4267807
v 45.46008301 55.51647949 -15.4267807
v 45.29576874 42.71648407 -15.63184738
v 45.29576874 55.51647949 -15.63184738
v 44.95024872 42.71648407 -16.01717758
v 44.95024872 55.51647949 -16.01717758
v 44.58444977 42.71648407 -16.37098885
v 44.58444977 55.51647949 -16.37098885
v 44.20107269 42.71648407 -16.69508362
v 44.20107269 55.51647949 -16.69508362
v 43.80282593 42.71648407 -16.99116898
v 43.80282593 55.51647949 -16.99116898
v 43.39237976 42.71648407 -17.26085854
v 43.39237976 55.51647949 -17.26085854
v 42.97238922 42.71648407 -17.50565338
v 42.97238922 55.51647949 -17.50565338
v 42.54546356 42.71648407 -17.7269516
v 42.54546356 55.51647949 -17.7269516
v 42.11413956 42.71648407 -17.92601776
v 42.11413956 55.51647949 -17.92601776
v 41.68091583 42.71648407 -18.10400772
v 41.68091583 55.51647949 -18.10400772
v 41.24819183 42.71648407 -18.2619381
v 41.24819183 55.51647949 -18.2619381
v 40.8182869 42.71648407 -18.4006958
v 40.8182869 55.51647949 -18.4006958
v 40.39340591 42.71648407 -18.52104759
v 40.39340591 55.51647949 -18.52104759
v 39.97563171 42.71648407 -18.62364197
v 39.97563171 55.51647949 -18.62364197
v 39.56693649 42.71648407 -18.7090168
v 39.56693649 55.51647949 -18.7090168
v 39.1691246 42.71648407 -18.77759933
v 39.1691246 55.51647949 -18.77759933
v 38.78384399 42.71648407 -18.82971573
v 38.78384399 55.51647949 -18.82971573
v 38.41257477 42.71648407 -18.86560631
v 38.41257477 55.51647949 -18.86560631
v 38.05657959 42.71648407 -18.88542747
v 38.05657959 55.51647949 -18.88542747
v 37.71689224 42.71648407 -18.88927841
v 37.71689224 55.51647949 -18.88927841
v 37.39428711 42.71648407 -18.8772068
v 37.39428711 55.51647949 -18.8772068
v 37.08925247 42.71648407 -18.84923172
v 37.08925247 55.51647949 -18.84923172
v 47.02894211 55.51647949 -9.20376873
v 47.02718735 55.51647949 -8.72148132
v 46.98430634 55.51647949 -8.24110126
v 46.98955917 55.51647949 -9.68444824
v 46.90932846 55.51647949 -10.16001797
v 46.78882599 55.51647949 -10.62701225
v 46.6289444 55.51647949 -11.08202934
v 46.43083191 55.51647949 -11.5217514
v 46.19594193 55.51647949 -11.94297791
v 45.92598343 55.51647949 -12.34263611
v 45.62293243 55.51647949 -12.71781731
v 45.28897858 55.51647949 -13.06578541
v 44.92657089 55.51647949 -13.38400364
v 44.53834534 55.51647949 -13.67015743
v 44.12712479 55.51647949 -13.92215729
v 43.64477539 55.51647949 -14.63512897
v 43.64646912 55.51647949 -14.5845232
v 43.63965988 55.51647949 -14.53448105
v 43.6162796 55.51647949 -14.73177052
v 43.6346283 55.51647949 -14.68460655
v 43.55737305 55.51647949 -14.81355572
v 43.59029388 55.51647949 -14.77514362
v 43.35616684 55.51647949 -15.00261688
v 43.1461525 55.51647949 -15.1823616
v 42.92786026 55.51647949 -15.3525877
v 42.4693718 55.51647949 -15.66321945
v 42.70191193 55.51647949 -15.5130291
v 42.23075104 55.51647949 -15.80308819
v 41.73690033 55.51647949 -16.05182648
v 41.9864502 55.51647949 -15.93262577
v 41.48249817 55.51647949 -16.16068268
v 41.2236557 55.51647949 -16.25918961
v 40.69431686 55.51647949 -16.42511749
v 40.96079254 55.51647949 -16.34733582
v 40.42465973 55.51647949 -16.49252319
v 40.15275955 55.51647949 -16.5494709
v 39.6042099 55.51647949 -16.63221359
v 39.05126953 55.51647949 -16.67409706
v 38.4962616 55.51647949 -16.67592812
v 37.94152451 55.51647949 -16.63851929
v 37.38950348 55.51647949 -16.56270218
v 36.50873566 55.51647949 -18.74047852
v 36.84443665 55.51647949 -16.44984627
v 35.93521881 55.51647949 -18.59950256
v 36.30865479 55.51647949 -16.30129242
v 35.36991882 55.51647949 -18.42711449
v 34.81407928 55.51647949 -18.22406578
v 35.78363037 55.51647949 -16.11824989
v 34.26892853 55.51647949 -17.99110603
v 35.27082062 55.51647949 -15.90192986
v 33.73625183 55.51647949 -17.72929382
v 34.771698 55.51647949 -15.65354347
v 33.21883774 55.51647949 -17.44046211
v 34.28781891 55.51647949 -15.37435627
v 32.71757126 55.51647949 -17.12563515
v 33.82214355 55.51647949 -15.06672859
v 32.23316956 55.51647949 -16.78575706
v 31.76635933 55.51647949 -16.421772
v 33.37615204 55.51647949 -14.73239326
v 31.31787109 55.51647949 -16.03462982
v 32.95059204 55.51647949 -14.37265491
v 30.88842773 55.51647949 -15.62527275
v 32.54621124 55.51647949 -13.98882103
v 30.47875404 55.51647949 -15.19464874
v 32.16376495 55.51647949 -13.58219719
v 30.09024811 55.51647949 -14.74455357
v 31.80399895 55.51647949 -13.15408802
v 29.72431946 55.51647949 -14.27715302
v 31.46788788 55.51647949 -12.70613575
v 29.38125229 55.51647949 -13.79341507
v 29.06132507 55.51647949 -13.29430008
v 31.15708351 55.51647949 -12.2412796
v 28.76481628 55.51647949 -12.78076744
v 30.87194633 55.51647949 -11.76096058
v 28.49200821 55.51647949 -12.25378036
v 30.61267471 55.51647949 -11.26638031
v 28.24317741 55.51647949 -11.71429729
v 30.37945557 55.51647949 -10.75874519
v 28.01860428 55.51647949 -11.16328049
v 30.17248344 55.51647949 -10.23925972
v 27.8186512 55.51647949 -10.60195827
v 29.99195099 55.51647949 -9.70912933
v 27.64402199 55.51647949 -10.03304482
v 29.83805466 55.51647949 -9.16957664
v 27.49475479 55.51647949 -9.45772171
v 27.37077713 55.51647949 -8.87683678
v 29.71125031 55.51647949 -8.6232748
v 27.2720108 55.51647949 -8.29123688
v 29.61161041 55.51647949 -8.0722084
v 27.19837379 55.51647949 -7.70177126
v 29.53892517 55.51647949 -7.51736355
v 27.14979362 55.51647949 -7.10928631
v 29.49298096 55.51647949 -6.95972538
v 27.126194 55.51647949 -6.51462984
v 29.47357941 55.51647949 -6.40028095
v 27.12749481 55.51647949 -5.91864967
v 29.48050308 55.51647949 -5.84001589
v 27.15360641 55.51647949 -5.3223505
v 29.5135498 55.51647949 -5.27991581
v 27.20422745 55.51647949 -4.72824144
v 29.57250977 55.51647949 -4.72096825
v 27.27901077 55.51647949 -4.13746262
v 27.3776207 55.51647949 -3.55066824
v 29.65696144 55.51647949 -4.1652565
v 27.49972916 55.51647949 -2.9685142
v 29.76629257 55.51647949 -3.61477828
v 27.64500809 55.51647949 -2.39165473
v 29.90004539 55.51647949 -3.07024384
v 27.81312943 55.51647949 -1.82074487
v 30.05775642 55.51647949 -2.53236246
v 28.00376129 55.51647949 -1.25643992
v 30.23896217 55.51647949 -2.00184298
v 28.21657372 55.51647949 -0.69939482
v 30.44320679 55.51647949 -1.47939503
v 28.45123672 55.51647949 -0.15026441
v 30.67002106 55.51647949 -0.96572787
v 28.70725632 55.51647949 0.3899675
v 30.91894913 55.51647949 -0.46155062
v 28.98347473 55.51647949 0.9192819
v 31.18951797 55.51647949 0.03241316
v 29.27933502 55.51647949 1.43707335
v 29.59435654 55.51647949 1.94291699
v 31.48053741 55.51647949 0.51434767
v 29.92807007 55.51647949 2.43638825
v 31.79098511 55.51647949 0.98305261
v 30.27998924 55.51647949 2.91706228
v 32.1202774 55.51647949 1.43810797
v 30.64964294 55.51647949 3.38451481
v 32.46782684 55.51647949 1.87909341
v 31.03655243 55.51647949 3.83832026
v 32.83305359 55.51647949 2.30558872
v 31.44024658 55.51647949 4.27805471
v 33.21536636 55.51647949 2.71717405
v 31.86024094 55.51647949 4.70329332
v 33.61418152 55.51647949 3.11342931
v 32.29605484 55.51647949 5.11360216
v 34.02891159 55.51647949 3.49393392
v 32.74624634 55.51647949 5.5077734
v 34.45897293 55.51647949 3.85826826
v 33.20967865 55.51647949 5.88503551
v 33.68581772 55.51647949 6.24519587
v 34.90353012 55.51647949 4.20583057
v 34.17413712 55.51647949 6.58806324
v 35.36072159 55.51647949 4.53539085
v 34.67411423 55.51647949 6.91344452
v 35.82976913 55.51647949 4.84665966
v 35.185215 55.51647949 7.22114754
v 36.31007385 55.51647949 5.13948393
v 35.70691681 55.51647949 7.51098061
v 36.80102921 55.51647949 5.41371059
v 36.23869324 55.51647949 7.78275061
v 37.3020401 55.51647949 5.66918659
v 36.78001404 55.51647949 8.03626633
v 37.81249237 55.51647949 5.90575933
v 37.3303566 55.51647949 8.27133465
v 38.33179855 55.51647949 6.12327576
v 37.88919067 55.51647949 8.4877634
v 38.85934448 55.51647949 6.32158232
v 38.45511627 55.51647949 8.6850872
v 39.39453506 55.51647949 6.50052595
v 39.02662659 55.51647949 8.86293221
v 39.93670654 55.51647949 6.65993977
v 39.60322571 55.51647949 9.02131081
v 40.18440628 55.51647949 9.16023922
v 40.48396301 55.51647949 6.79939079
v 40.76968384 55.51647949 9.2797308
v 41.03520203 55.51647949 6.91878843
v 41.35855103 55.51647949 9.3798008
v 41.58989716 55.51647949 7.01819944
v 41.95051575 55.51647949 9.46046448
v 42.14751434 55.51647949 7.09769344
v 42.54508591 55.51647949 9.52173519
v 42.70750427 55.51647949 7.15733767
v 43.14175034 55.51647949 9.5636282
v 43.26934433 55.51647949 7.19720078
v 43.74002838 55.51647949 9.5861578
v 43.83248901 55.51647949 7.21735048
v 44.3394165 55.51647949 9.58933926
v 44.39640427 55.51647949 7.21785545
v 44.93940353 55.51647949 9.57318783
v 44.96055603 55.51647949 7.19878387
v 45.53834534 55.51647949 9.53781986
v 45.52440643 55.51647949 7.16020298
v 46.13511658 55.51647949 9.48343468
v 46.0873642 55.51647949 7.10218906
v 46.72931671 55.51647949 9.41020775
v 46.64767838 55.51647949 7.02502251
v 47.32052612 55.51647949 9.31831551
v 47.90835953 55.51647949 9.20793533
v 47.20435715 55.51647949 6.92899323
v 48.49238968 55.51647949 9.07924366
v 47.75698853 55.51647949 6.81433105
v 49.07221985 55.51647949 8.93241692
v 48.30515289 55.51647949 6.68126392
v 49.64743805 55.51647949 8.76763058
v 48.84844208 55.51647949 6.53002214
v 50.21763611 55.51647949 8.58506298
v 49.38642883 55.51647949 6.36083508
v 50.7824173 55.51647949 8.3848896
v 49.9187088 55.51647949 6.17393064
v 51.34136963 55.51647949 8.16728783
v 50.44485092 55.51647949 5.96953964
v 51.89408875 55.51647949 7.93243456
v 50.96445084 55.51647949 5.74789095
v 52.43984604 55.51647949 7.68065977
v 51.47708511 55.51647949 5.50921392
v 52.97712708 55.51647949 7.41276979
v 51.98234177 55.51647949 5.25373697
v 53.50553131 55.51647949 7.12910271
v 52.47962189 55.51647949 4.98179626
v 54.02477646 55.51647949 6.8299408
v 52.96741486 55.51647949 4.69432974
v 54.53458786 55.51647949 6.5155673
v 53.44525146 55.51647949 4.39177513
v 55.03467941 55.51647949 6.18626595
v 53.9128685 55.51647949 4.07445765
v 55.52477264 55.51647949 5.84231853
v 56.00459671 55.51647949 5.48400879
v 54.36998749 55.51647949 3.74270201
v 56.47385406 55.51647949 5.11161995
v 54.81635284 55.51647949 3.3968339
v 56.93227768 55.51647949 4.7254343
v 55.2516861 55.51647949 3.03717756
v 57.37957764 55.51647949 4.32573605
v 55.67572021 55.51647949 2.66405845
v 57.81549072 55.51647949 3.9128077
v 56.0881958 55.51647949 2.27780175
v 58.23971558 55.51647949 3.48693228
v 56.48883438 55.51647949 1.8787322
v 58.65188217 55.51647949 3.04851055
v 56.87736893 55.51647949 1.46717489
v 59.05090714 55.51647949 2.59879255
v 57.25354004 55.51647949 1.04345465
v 59.43645859 55.51647949 2.13831377
v 57.61707687 55.51647949 0.60789716
v 59.80840302 55.51647949 1.66740525
v 57.96721649 55.51647949 0.16148779
v 60.16659164 55.51647949 1.18639874
v 58.30334091 55.51647949 -0.29482549
v 60.51089859 55.51647949 0.6956259
v 58.62533569 55.51647949 -0.76068348
v 60.84117126 55.51647949 0.19541797
v 58.93307495 55.51647949 -1.23572695
v 61.15727234 55.51647949 -0.3138935
v 59.22644043 55.51647949 -1.71959651
v 61.45906448 55.51647949 -0.83197701
v 59.50530243 55.51647949 -2.2119329
v 61.74641037 55.51647949 -1.35850096
v 59.76953888 55.51647949 -2.71237707
v 62.01917267 55.51647949 -1.89313412
v 62.27720261 55.51647949 -2.43554497
v 60.01903534 55.51647949 -3.22056961
v 62.52036667 55.51647949 -2.98540163
v 60.25366211 55.51647949 -3.73615074
v 62.74852371 55.51647949 -3.54237318
v 60.47330475 55.51647949 -4.25876236
v 62.9614563 55.51647949 -4.10589027
v 60.67782974 55.51647949 -4.78804398
v 63.15866852 55.51647949 -4.67447567
v 60.86709976 55.51647949 -5.32357979
v 63.34010696 55.51647949 -5.2476511
v 61.04072189 55.51647949 -5.86405945
v 63.50576401 55.51647949 -5.82509089
v 61.19857788 55.51647949 -6.4087925
v 63.65563202 55.51647949 -6.40646839
v 61.34066772 55.51647949 -6.95743752
v 63.789711 55.51647949 -6.99145699
v 61.46699524 55.51647949 -7.50964737
v 63.9079895 55.51647949 -7.57972956
v 61.57756424 55.51647949 -8.06507969
v 64.01047516 55.51647949 -8.17096043
v 61.67237854 55.51647949 -8.62338924
v 64.09714508 55.51647949 -8.76482391
v 61.75144577 55.51647949 -9.18423176
v 64.16799927 55.51647949 -9.36099243
v 61.81476593 55.51647949 -9.74726295
v 64.22303772 55.51647949 -9.95913887
v 61.86233902 55.51647949 -10.31213856
v 64.26225281 55.51647949 -10.55893898
v 61.8941803 55.51647949 -10.87851429
v 64.28564453 55.51647949 -11.1600647
v 61.91028214 55.51647949 -11.44604588
v 64.29319 55.51647949 -11.76218987
v 61.91065216 55.51647949 -12.01438904
v 64.28490448 55.51647949 -12.36498833
v 64.19642639 55.51647949 -13.00871944
v 61.8311882 55.51647949 -12.60342598
v 64.0900116 55.51647949 -13.64928246
v 61.7350235 55.51647949 -13.18924999
v 63.96574402 55.51647949 -14.28630924
v 61.62227631 55.51647949 -13.77152061
v 63.82374191 55.51647949 -14.91943455
v 61.4930687 55.51647949 -14.34990311
v 63.66411209 55.51647949 -15.54829216
v 61.34751892 55.51647949 -14.9240551
v 63.48695374 55.51647949 -16.17251587
v 61.1857605 55.51647949 -15.4936409
v 63.29236984 55.51647949 -16.79173851
v 61.00790405 55.51647949 -16.05832291
v 63.08046722 55.51647949 -17.40559387
v 60.81407928 55.51647949 -16.61776161
v 62.85135651 55.51647949 -18.01371765
v 60.60440826 55.51647949 -17.17162132
v 62.60538483 55.51647949 -18.61515236
v 60.37900925 55.51647949 -17.71956062
v 62.3429184 55.51647949 -19.20910072
v 60.13801193 55.51647949 -18.26124382
v 62.06414795 55.51647949 -19.79524231
v 59.88153458 55.51647949 -18.79633141
v 61.76925659 55.51647949 -20.37324715
v 59.60969543 55.51647949 -19.32448578
v 61.45843506 55.51647949 -20.94279289
v 59.32266235 55.51647949 -19.84530067
v 61.13188171 55.51647949 -21.50355339
v 59.02118301 55.51647949 -20.3574295
v 60.78977966 55.51647949 -22.05520439
v 58.70567703 55.51647949 -20.86026001
v 60.43231964 55.51647949 -22.59741783
v 58.37638474 55.51647949 -21.35352707
v 60.05969238 55.51647949 -23.12987137
v 58.03354263 55.51647949 -21.83696938
v 59.67258835 55.51647949 -23.65158081
v 57.67738724 55.51647949 -22.31032944
v 59.27165222 55.51647949 -24.16178513
v 57.30815887 55.51647949 -22.77334404
v 58.85713959 55.51647949 -24.66023445
v 56.92608643 55.51647949 -23.22575378
v 58.42934418 55.51647949 -25.14669228
v 56.53141785 55.51647949 -23.66729546
v 57.98854065 55.51647949 -25.62090874
v 56.12438202 55.51647949 -24.09770775
v 57.53499603 55.51647949 -26.08263969
v 55.70521927 55.51647949 -24.51673317
v 57.06899261 55.51647949 -26.53164291
v 55.27416229 55.51647949 -24.9241066
v 56.59080505 55.51647949 -26.96767426
v 54.8314476 55.51647949 -25.31956863
v 56.10071182 55.51647949 -27.39048767
v 54.37732315 55.51647949 -25.70285797
v 55.59898758 55.51647949 -27.79983711
v 53.91215897 55.51647949 -26.07360077
v 55.08590698 55.51647949 -28.19548416
v 53.43719864 55.51647949 -26.43082047
v 54.5617485 55.51647949 -28.57717705
v 52.95294952 55.51647949 -26.77422714
v 54.02679062 55.51647949 -28.94467926
v 52.45969772 55.51647949 -27.10367203
v 53.48130035 55.51647949 -29.29774094
v 51.95777512 55.51647949 -27.41900253
v 52.92623138 55.51647949 -29.63572693
v 52.36274338 55.51647949 -29.95797348
v 51.44748688 55.51647949 -27.72007179
v 51.79118729 55.51647949 -30.26435852
v 50.929142 55.51647949 -28.00673294
v 51.2118988 55.51647949 -30.55476189
v 50.4030571 55.51647949 -28.27883148
v 50.62522888 55.51647949 -30.82906532
v 49.86954117 55.51647949 -28.53622627
v 50.0315094 55.51647949 -31.08714867
v 49.32891083 55.51647949 -28.77876472
v 49.43109512 55.51647949 -31.32889175
v 48.78146744 55.51647949 -29.00629997
v 48.82431412 55.51647949 -31.55418015
v 48.22753525 55.51647949 -29.21867752
v 48.21152115 55.51647949 -31.76288795
v 47.6674118 55.51647949 -29.41575813
v 47.59305573 55.51647949 -31.95490074
v 47.10142517 55.51647949 -29.59738541
v 46.96925354 55.51647949 -32.13010025
v 46.53007889 55.51647949 -29.76335716
v 46.34046173 55.51647949 -32.28836441
v 45.95487595 55.51647949 -29.91325378
v 45.70701599 55.51647949 -32.42957306
v 45.3763504 55.51647949 -30.04699707
v 45.06927109 55.51647949 -32.55361176
v 44.79484177 55.51647949 -30.16456604
v 44.427948 55.51647949 -32.66030121
v 44.21068192 55.51647949 -30.26594353
v 43.78464127 55.51647949 -32.74939728
v 43.62421417 55.51647949 -30.35110855
v 43.13980484 55.51647949 -32.82089996
v 43.03577805 55.51647949 -30.42004776
v 42.49378967 55.51647949 -32.87483597
v 42.44570923 55.51647949 -30.47273636
v 41.84695816 55.51647949 -32.91122055
v 41.85434723 55.51647949 -30.50915718
v 41.19965363 55.51647949 -32.93007278
v 41.26203156 55.51647949 -30.52929306
v 40.55224991 55.51647949 -32.93141174
v 40.6690979 55.51647949 -30.53312302
v 39.90508652 55.51647949 -32.91526031
v 40.07588196 55.51647949 -30.52062798
v 39.25852203 55.51647949 -32.88162994
v 39.48273087 55.51647949 -30.49179077
v 38.61291504 55.51647949 -32.83054733
v 38.8899765 55.51647949 -30.44658852
v 37.96862411 55.51647949 -32.76202774
v 38.29808044 55.51647949 -30.38502502
v 37.3259964 55.51647949 -32.67609406
v 37.70856476 55.51647949 -30.3072567
v 36.68539429 55.51647949 -32.57276154
v 37.12203598 55.51647949 -30.21342468
v 36.04717255 55.51647949 -32.45205307
v 36.53881073 55.51647949 -30.10363579
v 35.41174698 55.51647949 -32.31399918
v 35.95920181 55.51647949 -29.97800064
v 34.78064728 55.51647949 -32.15893173
v 35.38352585 55.51647949 -29.83662796
v 34.15463638 55.51647949 -31.98709679
v 34.81209564 55.51647949 -29.67962646
v 33.5340271 55.51647949 -31.7986412
v 34.245224 55.51647949 -29.50710297
v 32.91913605 55.51647949 -31.59371567
v 33.68322754 55.51647949 -29.31916809
v 32.31028366 55.51647949 -31.37247086
v 33.12641525 55.51647949 -29.11592865
v 31.70777893 55.51647949 -31.13505554
v 32.57510757 55.51647949 -28.89749527
v 31.11194229 55.51647949 -30.8816185
v 32.02961349 55.51647949 -28.66397667
v 30.52308846 55.51647949 -30.61231422
v 31.49025154 55.51647949 -28.41547775
v 29.94153214 55.51647949 -30.32728958
v 30.95733452 55.51647949 -28.15211296
v 29.36759567 55.51647949 -30.02669525
v 30.43118668 55.51647949 -27.87399292
v 28.80158615 55.51647949 -29.71068192
v 29.91298485 55.51647949 -27.5817337
v 28.24382591 55.51647949 -29.37939644
v 29.4034977 55.51647949 -27.27582169
v 27.69462776 55.51647949 -29.03299332
v 28.90297127 55.51647949 -26.9564724
v 27.15431023 55.51647949 -28.67161942
v 28.4116478 55.51647949 -26.62389946
v 26.62358475 55.51647949 -28.29571915
v 27.92977524 55.51647949 -26.27832222
v 26.10367584 55.51647949 -27.90618706
v 27.45759773 55.51647949 -25.91995239
v 25.59484863 55.51647949 -27.50330353
v 26.99535561 55.51647949 -25.54900742
v 25.09734344 55.51647949 -27.08732986
v 26.54329681 55.51647949 -25.16570091
v 24.61138725 55.51647949 -26.65851593
v 26.10166931 55.51647949 -24.77025032
v 24.13721085 55.51647949 -26.21711731
v 25.67071152 55.51647949 -24.36287117
v 23.67504883 55.51647949 -25.76338577
v 25.25067139 55.51647949 -23.94377899
v 23.22513199 55.51647949 -25.29758072
v 24.84179306 55.51647949 -23.51318741
v 22.7876873 55.51647949 -24.8199501
v 24.44432068 55.51647949 -23.07131577
v 22.36294937 55.51647949 -24.33075333
v 24.05849648 55.51647949 -22.61837769
v 21.95115089 55.51647949 -23.83024406
v 23.68484688 55.51647949 -22.15493965
v 21.55252457 55.51647949 -23.31867409
v 23.32423019 55.51647949 -21.68211365
v 21.16729546 55.51647949 -22.79629898
v 22.97681808 55.51647949 -21.20022583
v 20.79570007 55.51647949 -22.26337624
v 22.64275551 55.51647949 -20.7095623
v 20.43797684 55.51647949 -21.72016335
v 22.32218552 55.51647949 -20.21040916
v 20.09487534 55.51647949 -21.16779137
v 22.01524544 55.51647949 -19.70305252
v 19.76689339 55.51647949 -20.60713768
v 21.72207832 55.51647949 -19.18778229
v 19.45414543 55.51647949 -20.03852081
v 21.44283104 55.51647949 -18.66487885
v 19.15674591 55.51647949 -19.46225739
v 21.1776371 55.51647949 -18.13463593
v 18.87481117 55.51647949 -18.87866592
v 20.92664528 55.51647949 -17.59733772
v 18.60845757 55.51647949 -18.28806305
v 18.35779953 55.51647949 -17.6907692
v 20.68999481 55.51647949 -17.05327034
v 18.12295532 55.51647949 -17.08709717
v 20.46782684 55.51647949 -16.50271988
v 17.90403557 55.51647949 -16.47736931
v 20.26028442 55.51647949 -15.9459734
v 17.70116043 55.51647949 -15.86190128
v 20.0675087 55.51647949 -15.3833189
v 17.51444435 55.51647949 -15.24101067
v 19.88965225 55.51647949 -14.81507874
v 17.34400177 55.51647949 -14.61501312
v 19.72712708 55.51647949 -14.24256325
v 17.18995094 55.51647949 -13.984231
v 19.58010292 55.51647949 -13.66653633
v 17.0524044 55.51647949 -13.348979
v 19.44860268 55.51647949 -13.08731461
v 16.93149757 55.51647949 -12.70966721
v 19.33264542 55.51647949 -12.50520897
v 16.82751083 55.51647949 -12.06782436
v 19.23225594 55.51647949 -11.92053318
v 16.74051094 55.51647949 -11.42414665
v 19.14745522 55.51647949 -11.33359909
v 16.67047882 55.51647949 -10.77896881
v 19.07826614 55.51647949 -10.74472237
v 16.61740494 55.51647949 -10.1326189
v 19.0247097 55.51647949 -10.15421295
v 16.58127403 55.51647949 -9.48543167
v 18.98680687 55.51647949 -9.56238651
v 16.56207275 55.51647949 -8.83773994
v 18.96458244 55.51647949 -8.96955585
v 16.55978966 55.51647949 -8.18987465
v 18.9580555 55.51647949 -8.37603188
v 16.57440948 55.51647949 -7.54216719
v 18.96725082 55.51647949 -7.78213072
v 16.60592079 55.51647949 -6.89495087
v 18.99219131 55.51647949 -7.18816376
v 16.65430832 55.51647949 -6.24855709
v 19.03289413 55.51647949 -6.59444523
v 16.71955872 55.51647949 -5.60331821
v 19.08935738 55.51647949 -6.00152493
v 16.80166054 55.51647949 -4.95956659
v 19.16142845 55.51647949 -5.41086483
v 16.90060043 55.51647949 -4.31763363
v 19.24899673 55.51647949 -4.82291269
v 17.01636505 55.51647949 -3.67785215
v 19.35196495 55.51647949 -4.23795986
v 17.14890289 55.51647949 -3.04070711
v 19.47023773 55.51647949 -3.65629911
v 17.29788971 55.51647949 -2.40773773
v 19.6037178 55.51647949 -3.07822371
v 17.46313858 55.51647949 -1.77950573
v 19.75230789 55.51647949 -2.50402546
v 17.64450836 55.51647949 -1.15630817
v 19.91591263 55.51647949 -1.93399727
v 17.84186935 55.51647949 -0.53844237
v 20.09443474 55.51647949 -1.36843157
v 18.05508041 55.51647949 0.0737946
v 20.28777885 55.51647949 -0.80762118
v 18.28400612 55.51647949 0.68010557
v 20.49584579 55.51647949 -0.25185847
v 18.52851486 55.51647949 1.28019333
v 20.71854401 55.51647949 0.29856402
v 18.78846359 55.51647949 1.8737607
v 20.95577049 55.51647949 0.84335363
v 19.06372261 55.51647949 2.46051049
v 21.20742989 55.51647949 1.38221788
v 19.35415459 55.51647949 3.04014587
v 21.47342873 55.51647949 1.91486418
v 19.65962029 55.51647949 3.61236906
v 21.75346375 55.51647949 2.44062257
v 19.9799881 55.51647949 4.17688322
v 22.04686737 55.51647949 2.9583025
v 20.31511688 55.51647949 4.73339176
v 22.35342407 55.51647949 3.46763015
v 20.66487503 55.51647949 5.28159618
v 22.67293739 55.51647949 3.96837592
v 21.02904892 55.51647949 5.82108974
v 23.00520897 55.51647949 4.46030998
v 21.40676308 55.51647949 6.35058975
v 23.35004425 55.51647949 4.94320202
v 21.79762268 55.51647949 6.86963034
v 23.70724106 55.51647949 5.41682291
v 22.20139313 55.51647949 7.37799168
v 24.07661057 55.51647949 5.88094282
v 22.61783791 55.51647949 7.87545443
v 24.45795059 55.51647949 6.33533239
v 23.04672241 55.51647949 8.36179829
v 24.85106659 55.51647949 6.77976131
v 23.48781395 55.51647949 8.83680439
v 25.25576401 55.51647949 7.21399975
v 23.94087791 55.51647949 9.30025196
v 25.67184067 55.51647949 7.63781786
v 24.4056778 55.51647949 9.75192261
v 26.09910202 55.51647949 8.05098629
v 24.88197708 55.51647949 10.19159698
v 26.53735352 55.51647949 8.45327473
v 25.36954689 55.51647949 10.61905384
v 26.9863987 55.51647949 8.84445381
v 25.8681488 55.51647949 11.03407383
v 27.44565582 55.51647949 9.22398758
v 26.37754822 55.51647949 11.43643761
v 27.91410446 55.51647949 9.59106636
v 26.89751053 55.51647949 11.82592583
v 28.39145851 55.51647949 9.94553471
v 27.42780495 55.51647949 12.2023201
v 28.87745285 55.51647949 10.28725719
v 27.96814919 55.51647949 12.56537056
v 29.37182617 55.51647949 10.6160984
v 28.51734543 55.51647949 12.91427135
v 29.87431335 55.51647949 10.93192482
v 29.07471657 55.51647949 13.24864292
v 30.38464737 55.51647949 11.23459816
v 29.63996506 55.51647949 13.56837463
v 30.902565 55.51647949 11.523983
v 30.21279335 55.51647949 13.87335587
v 31.42780304 55.51647949 11.79994678
v 30.79290771 55.51647949 14.16346931
v 31.96009636 55.51647949 12.06235123
v 31.38001251 55.51647949 14.43860626
v 32.49918365 55.51647949 12.31106186
v 31.9738121 55.51647949 14.69865417
v 33.04479218 55.51647949 12.54594326
v 32.57400894 55.51647949 14.94350052
v 33.59666824 55.51647949 12.76686096
v 33.18031311 55.51647949 15.17303276
v 34.15454102 55.51647949 12.97367668
v 33.79242325 55.51647949 15.38713837
v 34.71814728 55.51647949 13.16625786
v 34.41004562 55.51647949 15.5857048
v 35.28685379 55.51647949 13.34435844
v 35.03288651 55.51647949 15.76861954
v 35.85935593 55.51647949 13.50759125
v 35.66064835 55.51647949 15.93577194
v 36.43531036 55.51647949 13.65591526
v 36.29303741 55.51647949 16.08704758
v 37.01442337 55.51647949 13.78930569
v 36.92975616 55.51647949 16.22233582
v 37.59640503 55.51647949 13.90773678
v 37.56976318 55.51647949 16.34139633
v 38.18096542 55.51647949 14.01118374
v 38.21189499 55.51647949 16.44404602
v 38.76781464 55.51647949 14.09962463
v 38.85583115 55.51647949 16.5302906
v 39.35665894 55.51647949 14.17303181
v 39.50126648 55.51647949 16.60014343
v 39.94721222 55.51647949 14.23138142
v 40.147892 55.51647949 16.65360641
v 40.53917694 55.51647949 14.27464962
v 40.79538727 55.51647949 16.69069099
v 41.13227463 55.51647949 14.30281162
v 41.44345093 55.51647949 16.71140671
v 41.72620392 55.51647949 14.31584263
v 42.09177399 55.51647949 16.71575928
v 42.3206749 55.51647949 14.31371689
v 42.74003601 55.51647949 16.70375633
v 42.91539764 55.51647949 14.29641151
v 43.38793182 55.51647949 16.67540741
v 43.51008987 55.51647949 14.26390171
v 44.03514862 55.51647949 16.63072014
v 44.10426712 55.51647949 14.21617889
v 44.68137741 55.51647949 16.56970215
v 44.69653702 55.51647949 14.15336609
v 45.3263092 55.51647949 16.49236298
v 45.28642273 55.51647949 14.07556534
v 45.96962357 55.51647949 16.39870834
v 45.8736496 55.51647949 13.98285961
v 46.61102295 55.51647949 16.28874779
v 46.45795822 55.51647949 13.8753376
v 47.24994659 55.51647949 16.16254044
v 47.0390625 55.51647949 13.75308228
v 47.88491058 55.51647949 16.02039337
v 47.61668777 55.51647949 13.61618233
v 48.51548004 55.51647949 15.86245918
v 49.14136887 55.51647949 15.68885994
v 48.19057083 55.51647949 13.46472263
v 49.7623024 55.51647949 15.49972153
v 48.7604332 55.51647949 13.29878902
v 50.37799835 55.51647949 15.29516697
v 49.32600021 55.51647949 13.11846638
v 50.98817825 55.51647949 15.07531929
v 49.88700104 55.51647949 12.92384148
v 51.59255981 55.51647949 14.84029961
v 50.4431572 55.51647949 12.71500111
v 52.19086075 55.51647949 14.59023571
v 50.99420547 55.51647949 12.49202919
v 52.7828064 55.51647949 14.32524776
v 51.53986359 55.51647949 12.25501442
v 53.36811447 55.51647949 14.04545975
v 52.0798645 55.51647949 12.00404072
v 53.94650269 55.51647949 13.75099659
v 52.61392212 55.51647949 11.73919773
v 54.5177002 55.51647949 13.44198036
v 53.14096069 55.51647949 11.46101189
v 55.08141327 55.51647949 13.11853313
v 53.66025925 55.51647949 11.16990948
v 55.63737488 55.51647949 12.78078079
v 54.17159653 55.51647949 10.86606979
v 56.1852951 55.51647949 12.42884636
v 54.67475891 55.51647949 10.54967308
v 56.72422409 55.51647949 12.06332397
v 55.16953278 55.51647949 10.22089863
v 57.25328445 55.51647949 11.68485069
v 55.65570068 55.51647949 9.87992764
v 57.7722702 55.51647949 11.29364109
v 56.13303757 55.51647949 9.52693844
v 58.28097534 55.51647949 10.88991356
v 56.60133743 55.51647949 9.16211224
v 58.77918243 55.51647949 10.47388554
v 57.06037903 55.51647949 8.78562832
v 59.26669312 55.51647949 10.04577255
v 57.50995255 55.51647949 8.39766693
v 59.74328613 55.51647949 9.60579205
v 57.9498291 55.51647949 7.99840879
v 60.20876312 55.51647949 9.15416145
v 58.37980652 55.51647949 7.58803177
v 60.66291428 55.51647949 8.69109726
v 58.79965973 55.51647949 7.16671705
v 61.10552979 55.51647949 8.21681595
v 59.2091713 55.51647949 6.73464489
v 61.53639221 55.51647949 7.73153496
v 59.60813141 55.51647949 6.29199457
v 61.95530319 55.51647949 7.23547029
v 59.9961319 55.51647949 5.83916712
v 62.36205292 55.51647949 6.72884035
v 60.37231064 55.51647949 5.37720585
v 62.75642776 55.51647949 6.21186066
v 60.73646164 55.51647949 4.90643072
v 63.13822174 55.51647949 5.6847496
v 61.08846283 55.51647949 4.42708683
v 63.50717163 55.51647949 5.14780235
v 61.42817688 55.51647949 3.93941903
v 63.86245728 55.51647949 4.60221863
v 61.75547791 55.51647949 3.44367075
v 64.20378113 55.51647949 4.04855394
v 62.07023239 55.51647949 2.94008636
v 64.53101349 55.51647949 3.48708296
v 62.37231827 55.51647949 2.42891049
v 64.84406281 55.51647949 2.91808152
v 62.66159821 55.51647949 1.91038668
v 65.14281464 55.51647949 2.34182525
v 62.93795013 55.51647949 1.38475955
v 65.42716217 55.51647949 1.75858915
v 63.20124054 55.51647949 0.85227317
v 65.6969986 55.51647949 1.16864896
v 63.45134354 55.51647949 0.31317174
v 65.95220947 55.51647949 0.57228005
v 63.6881218 55.51647949 -0.23230053
v 66.19268036 55.51647949 -0.03024205
v 63.91144562 55.51647949 -0.78389943
v 66.41831207 55.51647949 -0.63864183
v 64.12120056 55.51647949 -1.34138083
v 66.62899017 55.51647949 -1.25264394
v 64.31723785 55.51647949 -1.90450048
v 66.82460785 55.51647949 -1.8719728
v 64.49922943 55.51647949 -2.47233725
v 67.00505829 55.51647949 -2.49635291
v 64.66689301 55.51647949 -3.04390883
v 67.17022705 55.51647949 -3.12550902
v 64.82021332 55.51647949 -3.61894393
v 67.32000732 55.51647949 -3.75916529
v 64.95914459 55.51647949 -4.19717264
v 67.45423889 55.51647949 -4.39680862
v 65.08366394 55.51647949 -4.77832508
v 67.57264709 55.51647949 -5.03699589
v 65.1937561 55.51647949 -5.36212969
v 67.67517853 55.51647949 -5.67928267
v 65.28938293 55.51647949 -5.94831753
v 67.76185608 55.51647949 -6.3233757
v 65.37052917 55.51647949 -6.53661728
v 67.83267212 55.51647949 -6.9689846
v 65.43714905 55.51647949 -7.12675858
v 67.88763428 55.51647949 -7.61581707
v 65.48923492 55.51647949 -7.718472
v 67.92674255 55.51647949 -8.26358223
v 65.52674866 55.51647949 -8.31148624
v 67.94999695 55.51647949 -8.9119873
v 65.54966736 55.51647949 -8.90553188
v 67.95741272 55.51647949 -9.56074238
v 65.55796814 55.51647949 -9.5003376
v 67.94898987 55.51647949 -10.20955467
v 65.55161285 55.51647949 -10.09563351
v 67.92472076 55.51647949 -10.85813141
v 65.53059387 55.51647949 -10.6911478
v 67.8846283 55.51647949 -11.50618362
v 65.49485779 55.51647949 -11.2865839
v 67.8286972 55.51647949 -12.15341663
v 65.44450378 55.51647949 -11.88071346
v 67.75694275 55.51647949 -12.79954147
v 65.37962341 55.51647949 -12.47282219
v 67.66936493 55.51647949 -13.44426632
v 65.30027771 55.51647949 -13.06265354
v 67.56596375 55.51647949 -14.08729744
v 65.20655823 55.51647949 -13.64995098
v 67.44680786 55.51647949 -14.72803593
v 65.09854126 55.51647949 -14.23445892
v 67.31217194 55.51647949 -15.36507607
v 64.97628784 55.51647949 -14.81592369
v 67.1621933 55.51647949 -15.99804783
v 64.83989716 55.51647949 -15.39408684
v 66.99697876 55.51647949 -16.6266861
v 64.68943024 55.51647949 -15.96869373
v 66.81664276 55.51647949 -17.25073051
v 64.52497101 55.51647949 -16.53948784
v 66.62129974 55.51647949 -17.86991119
v 64.34658813 55.51647949 -17.10621262
v 66.41105652 55.51647949 -18.48396873
v 64.15437317 55.51647949 -17.66861534
v 66.1860199 55.51647949 -19.09263611
v 63.94838333 55.51647949 -18.22643852
v 65.94631958 55.51647949 -19.6956501
v 63.72870636 55.51647949 -18.77942657
v 65.69205475 55.51647949 -20.2927475
v 63.49541092 55.51647949 -19.3273201
v 65.42333984 55.51647949 -20.88365936
v 63.24858856 55.51647949 -19.86986923
v 65.14028931 55.51647949 -21.4681263
v 62.98832321 55.51647949 -20.40676117
v 64.84300232 55.51647949 -22.04588318
v 62.71518326 55.51647949 -20.93685341
v 64.53161621 55.51647949 -22.61666489
v 62.42948532 55.51647949 -21.45960999
v 64.2062149 55.51647949 -23.1802063
v 62.13140106 55.51647949 -21.97482109
v 63.8669281 55.51647949 -23.73624611
v 61.82108307 55.51647949 -22.48228836
v 63.51401901 55.51647949 -24.28429031
v 61.49871063 55.51647949 -22.98180389
v 63.14826584 55.51647949 -24.82314873
v 61.16444016 55.51647949 -23.4731636
v 62.76994705 55.51647949 -25.35249901
v 60.81843948 55.51647949 -23.95616341
v 62.3792572 55.51647949 -25.87215042
v 60.46086884 55.51647949 -24.43060112
v 61.97640228 55.51647949 -26.38189507
v 60.09189606 55.51647949 -24.89627075
v 61.56158447 55.51647949 -26.88154411
v 59.711689 55.51647949 -25.35297203
v 61.13500214 55.51647949 -27.37089157
v 59.32041168 55.51647949 -25.80049515
v 60.69685364 55.51647949 -27.84974289
v 58.91822815 55.51647949 -26.23863602
v 60.24734497 55.51647949 -28.3178978
v 58.50530243 55.51647949 -26.66719627
v 59.7866745 55.51647949 -28.77515602
v 58.08179855 55.51647949 -27.08596992
v 59.31503677 55.51647949 -29.22131729
v 57.64788818 55.51647949 -27.49474716
v 58.83264542 55.51647949 -29.65618896
v 57.20375061 55.51647949 -27.89330673
v 58.33969498 55.51647949 -30.07956505
v 56.75030136 55.51647949 -28.28083038
v 57.83638382 55.51647949 -30.4912529
v 56.28808594 55.51647949 -28.65690231
v 57.32291794 55.51647949 -30.89104843
v 55.81732178 55.51647949 -29.02140045
v 56.79949188 55.51647949 -31.27875519
v 55.33824158 55.51647949 -29.37420082
v 56.26641846 55.51647949 -31.65410042
v 54.85105896 55.51647949 -29.71517944
v 55.72486496 55.51647949 -32.01626968
v 54.35601807 55.51647949 -30.04421234
v 55.17530823 55.51647949 -32.36500168
v 53.85333633 55.51647949 -30.36117363
v 54.61800003 55.51647949 -32.70018005
v 53.34323883 55.51647949 -30.66593933
v 54.05319977 55.51647949 -33.02171326
v 52.82595825 55.51647949 -30.95838547
v 53.48117065 55.51647949 -33.32948303
v 52.30170822 55.51647949 -31.23839188
v 52.90216064 55.51647949 -33.62339401
v 51.77072525 55.51647949 -31.50582886
v 52.31643295 55.51647949 -33.90333176
v 51.23323441 55.51647949 -31.76057434
v 51.72424316 55.51647949 -34.16919327
v 50.68946075 55.51647949 -32.00250244
v 51.12585068 55.51647949 -34.42087173
v 50.13962173 55.51647949 -32.23149109
v 50.52150726 55.51647949 -34.65826416
v 49.58396149 55.51647949 -32.44741821
v 49.91147614 55.51647949 -34.8812561
v 49.02269363 55.51647949 -32.65015411
v 49.29601288 55.51647949 -35.0897522
v 48.45675659 55.51647949 -32.83935165
v 48.67537689 55.51647949 -35.283638
v 47.88703537 55.51647949 -33.01475143
v 48.04981613 55.51647949 -35.46281052
v 47.31377029 55.51647949 -33.17631912
v 47.41959381 55.51647949 -35.62716675
v 46.73722839 55.51647949 -33.32402802
v 46.78498077 55.51647949 -35.77659225
v 46.15764618 55.51647949 -33.45785522
v 46.14713287 55.51647949 -35.91080856
v 45.57529068 55.51647949 -33.5777626
v 45.5069046 55.51647949 -36.02967072
v 44.99040222 55.51647949 -33.68373108
v 44.86458588 55.51647949 -36.13317871
v 44.40324402 55.51647949 -33.77572632
v 44.22044373 55.51647949 -36.22132492
v 43.81405258 55.51647949 -33.8537178
v 43.57474518 55.51647949 -36.29412079
v 43.22309494 55.51647949 -33.91768646
v 42.92777634 55.51647949 -36.35155487
v 42.63061905 55.51647949 -33.96759415
v 42.27980042 55.51647949 -36.39363098
v 42.03687286 55.51647949 -34.00341415
v 41.63110352 55.51647949 -36.42034912
v 41.44211197 55.51647949 -34.02511978
v 40.98194504 55.51647949 -36.43170929
v 40.84658813 55.51647949 -34.03268433
v 40.33261108 55.51647949 -36.42771149
v 40.25054932 55.51647949 -34.02607346
v 39.68337631 55.51647949 -36.4083519
v 39.6542511 55.51647949 -34.00526428
v 39.03450394 55.51647949 -36.37363052
v 39.05828476 55.51647949 -33.97025299
v 38.38627625 55.51647949 -36.32354736
v 38.46389008 55.51647949 -33.92111969
v 37.7389679 55.51647949 -36.25810242
v 37.87136841 55.51647949 -33.8579483
v 37.09284973 55.51647949 -36.1772995
v 37.2809639 55.51647949 -33.78079987
v 36.44819641 55.51647949 -36.08112717
v 36.69292068 55.51647949 -33.68974304
v 35.80562592 55.51647949 -35.96966171
v 36.10747147 55.51647949 -33.58485031
v 35.1664772 55.51647949 -35.84314728
v 35.52486038 55.51647949 -33.46618271
v 34.53107834 55.51647949 -35.70169067
v 34.94532776 55.51647949 -33.33381271
v 33.89967728 55.51647949 -35.54541016
v 34.36911011 55.51647949 -33.18780899
v 33.27252579 55.51647949 -35.37438965
v 33.79645538 55.51647949 -33.02823639
v 32.64987183 55.51647949 -35.18874741
v 33.22759247 55.51647949 -32.85516739
v 32.03196716 55.51647949 -34.98857498
v 32.66276932 55.51647949 -32.66866684
v 31.41905785 55.51647949 -34.77397537
v 32.10222244 55.51647949 -32.46880341
v 30.81139755 55.51647949 -34.54505539
v 31.54619408 55.51647949 -32.25564194
v 30.20923615 55.51647949 -34.30191422
v 30.99492264 55.51647949 -32.02925873
v 29.61282349 55.51647949 -34.04465103
v 30.44865036 55.51647949 -31.78971291
v 29.02240562 55.51647949 -33.77336884
v 29.90764618 55.51647949 -31.53709221
v 28.43824005 55.51647949 -33.48817444
v 29.3729744 55.51647949 -31.27189255
v 27.86056709 55.51647949 -33.18916702
v 28.84521866 55.51647949 -30.99443626
v 27.28964615 55.51647949 -32.87644196
v 28.32457352 55.51647949 -30.70487976
v 26.72571945 55.51647949 -32.55011368
v 27.81122971 55.51647949 -30.40337372
v 26.16905212 55.51647949 -32.21028137
v 27.30537796 55.51647949 -30.09006882
v 25.62065887 55.51647949 -31.8575573
v 26.80721664 55.51647949 -29.76511955
v 25.08122635 55.51647949 -31.49242592
v 26.3169384 55.51647949 -29.42867279
v 24.55094528 55.51647949 -31.11507416
v 25.83473206 55.51647949 -29.08088303
v 24.03000641 55.51647949 -30.72568893
v 25.36079407 55.51647949 -28.72190285
v 23.51859665 55.51647949 -30.32445526
v 24.89531517 55.51647949 -28.35187912
v 23.01690865 55.51647949 -29.91155815
v 24.43848801 55.51647949 -27.97096634
v 22.52512932 55.51647949 -29.48718643
v 23.99050903 55.51647949 -27.57931709
v 22.0434494 55.51647949 -29.05152512
v 23.55156898 55.51647949 -27.17708206
v 21.57205963 55.51647949 -28.60476303
v 23.1218605 55.51647949 -26.76441193
v 21.11114883 55.51647949 -28.14707947
v 22.70157814 55.51647949 -26.34145927
v 20.66090584 55.51647949 -27.67867088
v 22.29091454 55.51647949 -25.90837479
v 20.22152328 55.51647949 -27.19971657
v 21.89022446 55.51647949 -25.46549797
v 19.7931881 55.51647949 -26.71040344
v 21.50035095 55.51647949 -25.01377106
v 19.3760891 55.51647949 -26.21092033
v 21.12148094 55.51647949 -24.55348587
v 18.97041893 55.51647949 -25.70145035
v 20.75373459 55.51647949 -24.08485031
v 18.57636642 55.51647949 -25.18218613
v 20.39723206 55.51647949 -23.60807419
v 18.19420242 55.51647949 -24.65342522
v 20.05208969 55.51647949 -23.12336731
v 17.82473564 55.51647949 -24.11629486
v 19.71843147 55.51647949 -22.63093948
v 17.46820259 55.51647949 -23.57122231
v 19.39637184 55.51647949 -22.13100433
v 17.12471199 55.51647949 -23.01844788
v 19.08603287 55.51647949 -21.62376595
v 16.79436111 55.51647949 -22.4582119
v 18.7875309 55.51647949 -21.10943794
v 16.47725868 55.51647949 -21.89075851
v 18.50098801 55.51647949 -20.58822823
v 16.17350388 55.51647949 -21.31632614
v 18.22652245 55.51647949 -20.06035042
v 15.88320351 55.51647949 -20.73515701
v 17.96425056 55.51647949 -19.52601242
v 15.60645676 55.51647949 -20.14748764
v 17.71429634 55.51647949 -18.98542213
v 15.34337044 55.51647949 -19.55356216
v 17.47677612 55.51647949 -18.43879128
v 15.09404659 55.51647949 -18.95362091
v 17.25180817 55.51647949 -17.88632965
v 14.85858822 55.51647949 -18.34790611
v 17.03951263 55.51647949 -17.32824707
v 14.63709736 55.51647949 -17.73665428
v 16.84016991 55.51647949 -16.76522446
v 14.42967892 55.51647949 -17.12010956
v 16.6541214 55.51647949 -16.19829369
v 14.23643589 55.51647949 -16.49851227
v 16.48140144 55.51647949 -15.62770844
v 14.05747032 55.51647949 -15.87210178
v 16.32203865 55.51647949 -15.05370235
v 13.89288807 55.51647949 -15.24111938
v 16.17606926 55.51647949 -14.47651291
v 13.74285316 55.51647949 -14.60609627
v 16.04351807 55.51647949 -13.89637184
v 13.60766506 55.51647949 -13.96834564
v 15.92441559 55.51647949 -13.31351852
v 13.48734951 55.51647949 -13.32822227
v 15.81879425 55.51647949 -12.72818756
v 13.38191128 55.51647949 -12.68598557
v 15.72668076 55.51647949 -12.14061546
v 13.29135513 55.51647949 -12.04189301
v 15.64810848 55.51647949 -11.55103493
v 13.21568489 55.51647949 -11.39620304
v 15.58310604 55.51647949 -10.95968246
v 13.15490341 55.51647949 -10.74917316
v 15.531703 55.51647949 -10.36679459
v 13.10901642 55.51647949 -10.10106087
v 15.49393177 55.51647949 -9.77260685
v 13.07802773 55.51647949 -9.45212555
v 15.46981907 55.51647949 -9.17735481
v 13.06194115 55.51647949 -8.8026247
v 15.45939636 55.51647949 -8.58127403
v 13.0607605 55.51647949 -8.15281677
v 15.46269512 55.51647949 -7.98459959
v 13.07448959 55.51647949 -7.50295877
v 15.47974396 55.51647949 -7.38756704
v 13.1031332 55.51647949 -6.85330915
v 15.51053143 55.51647949 -6.79103613
v 13.14669609 55.51647949 -6.20412588
v 15.55498505 55.51647949 -6.19596434
v 13.20518112 55.51647949 -5.5556674
v 15.61304188 55.51647949 -5.60257864
v 13.27859306 55.51647949 -4.90819073
v 15.68464279 55.51647949 -5.01110506
v 13.36693573 55.51647949 -4.26195526
v 15.7697258 55.51647949 -4.42176819
v 13.47015285 55.51647949 -3.61756897
v 15.86823273 55.51647949 -3.83479476
v 13.58802032 55.51647949 -2.97631645
v 15.98009968 55.51647949 -3.25041008
v 13.72043705 55.51647949 -2.33850336
v 16.10526848 55.51647949 -2.66883969
v 13.86730957 55.51647949 -1.70436645
v 16.24367905 55.51647949 -2.09030962
v 14.02854443 55.51647949 -1.07414234
v 16.39526749 55.51647949 -1.51504529
v 14.20405006 55.51647949 -0.44806761
v 16.55997467 55.51647949 -0.94327247
v 14.39373398 55.51647949 0.17362079
v 16.73774338 55.51647949 -0.37521687
v 14.59750175 55.51647949 0.79068607
v 16.92850876 55.51647949 0.18889588
v 14.81526184 55.51647949 1.40289176
v 17.13221169 55.51647949 0.74884003
v 15.04692173 55.51647949 2.01000071
v 17.34879303 55.51647949 1.30438983
v 15.29238701 55.51647949 2.61177635
v 17.57818985 55.51647949 1.85531986
v 15.55156708 55.51647949 3.20798206
v 17.82034111 55.51647949 2.40140414
v 15.82436752 55.51647949 3.79838085
v 18.07493401 55.51647949 2.94189405
v 16.1106987 55.51647949 4.38273621
v 18.34152603 55.51647949 3.47590685
v 16.41046333 55.51647949 4.96081114
v 18.61997414 55.51647949 4.00325727
v 16.72357178 55.51647949 5.53236914
v 18.91013908 55.51647949 4.52376175
v 17.04992867 55.51647949 6.09717369
v 19.21188545 55.51647949 5.03723717
v 17.38928986 55.51647949 6.65474033
v 19.52506828 55.51647949 5.54350185
v 17.74095345 55.51647949 7.20394659
v 19.84955025 55.51647949 6.04237175
v 18.10469627 55.51647949 7.74452496
v 20.18519211 55.51647949 6.53366518
v 18.48034477 55.51647949 8.27629375
v 20.53185463 55.51647949 7.01719761
v 18.86772537 55.51647949 8.79907227
v 20.88939857 55.51647949 7.49278784
v 19.26666641 55.51647949 9.31267929
v 21.25768471 55.51647949 7.96025229
v 19.67699432 55.51647949 9.81693363
v 21.63657188 55.51647949 8.41940784
v 20.09853363 55.51647949 10.31165314
v 22.02592468 55.51647949 8.87007236
v 20.53111267 55.51647949 10.79665756
v 22.42559624 55.51647949 9.31206226
v 20.97456169 55.51647949 11.27176666
v 22.83545494 55.51647949 9.74519539
v 21.42870331 55.51647949 11.73679829
v 23.25535774 55.51647949 10.16928768
v 21.89336586 55.51647949 12.19157028
v 23.68516731 55.51647949 10.58415794
v 22.36837578 55.51647949 12.6359024
v 24.12445068 55.51647949 10.98936272
v 22.8535614 55.51647949 13.06961441
v 24.57237053 55.51647949 11.3841486
v 23.34874916 55.51647949 13.49252319
v 25.02869606 55.51647949 11.76837349
v 23.85376358 55.51647949 13.90444851
v 25.49323845 55.51647949 12.14192295
v 24.36843491 55.51647949 14.30521011
v 25.96579742 55.51647949 12.50468254
v 24.89247322 55.51647949 14.69454384
v 26.44618225 55.51647949 12.85653973
v 25.4248085 55.51647949 15.07165909
v 26.93419456 55.51647949 13.19737625
v 25.96503258 55.51647949 15.43631744
v 27.42963982 55.51647949 13.52708244
v 26.51291847 55.51647949 15.78841782
v 27.93232346 55.51647949 13.84554005
v 27.06824303 55.51647949 16.12786102
v 28.44205093 55.51647949 14.15263653
v 27.63077545 55.51647949 16.45454597
v 28.95862579 55.51647949 14.44825649
v 28.20029449 55.51647949 16.76837158
v 29.48185158 55.51647949 14.73228645
v 28.77657318 55.51647949 17.06923866
v 30.01153564 55.51647949 15.00461102
v 29.35938644 55.51647949 17.35704422
v 30.54747772 55.51647949 15.26511574
v 29.94850922 55.51647949 17.63169098
v 31.08948898 55.51647949 15.51368713
v 30.54371262 55.51647949 17.89307594
v 31.63737106 55.51647949 15.75020981
v 31.14477348 55.51647949 18.14109993
v 32.19092941 55.51647949 15.97456932
v 31.75146866 55.51647949 18.37566376
v 32.74983978 55.51647949 16.18660545
v 32.36357117 55.51647949 18.59666443
v 33.31296539 55.51647949 16.38589478
v 32.98085022 55.51647949 18.80400085
v 33.8799057 55.51647949 16.57233047
v 33.60308838 55.51647949 18.99757767
v 34.45043182 55.51647949 16.74588394
v 34.23004913 55.51647949 19.17728806
v 35.02433395 55.51647949 16.90652275
v 34.86151123 55.51647949 19.34303474
v 35.60138702 55.51647949 17.05421638
v 35.49638367 55.51647949 19.49451828
v 36.18136978 55.51647949 17.18893433
v 36.13388443 55.51647949 19.6315937
v 36.76406097 55.51647949 17.31064415
v 36.77377319 55.51647949 19.75424576
v 37.34923935 55.51647949 17.41931534
v 37.41580582 55.51647949 19.86247253
v 37.93668365 55.51647949 17.51491547
v 38.05973434 55.51647949 19.95626259
v 38.52618027 55.51647949 17.59741402
v 38.70532227 55.51647949 20.03561211
v 39.11750412 55.51647949 17.66678047
v 39.35232162 55.51647949 20.10051346
v 39.71043015 55.51647949 17.7229805
v 40.0004921 55.51647949 20.15095711
v 40.30474091 55.51647949 17.76598549
v 40.64958954 55.51647949 20.18693733
v 40.90022278 55.51647949 17.79576492
v 41.299366 55.51647949 20.2084465
v 41.49664307 55.51647949 17.81228447
v 41.94958496 55.51647949 20.21547699
v 42.09379196 55.51647949 17.81551552
v 42.60000229 55.51647949 20.20802498
v 42.6914444 55.51647949 17.80542564
v 43.25037384 55.51647949 20.18607903
v 43.28871155 55.51647949 17.78201866
v 43.90045166 55.51647949 20.1496315
v 43.88473129 55.51647949 17.7453537
v 44.54999924 55.51647949 20.09867859
v 44.47929764 55.51647949 17.69548225
v 45.1987648 55.51647949 20.03321075
v 45.07219315 55.51647949 17.63246346
v 45.84651566 55.51647949 19.95322418
v 45.66320419 55.51647949 17.55634689
v 46.49267578 55.51647949 19.85875893
v 46.2521286 55.51647949 17.46718979
v 47.13599777 55.51647949 19.75001335
v 46.83873749 55.51647949 17.36504173
v 47.77618027 55.51647949 19.62708473
v 47.42282486 55.51647949 17.24996185
v 48.41299438 55.51647949 19.49005508
v 48.00418472 55.51647949 17.12199974
v 49.04621887 55.51647949 19.33901024
v 48.58259583 55.51647949 16.98121071
v 49.67563248 55.51647949 19.17403412
v 49.15784836 55.51647949 16.82764816
v 50.3010025 55.51647949 18.99521255
v 49.72973251 55.51647949 16.66136742
v 50.92211151 55.51647949 18.80262756
v 50.29803467 55.51647949 16.48242188
v 51.53873444 55.51647949 18.59636497
v 50.86253738 55.51647949 16.29086494
v 52.15064621 55.51647949 18.37651062
v 51.42303467 55.51647949 16.08675194
v 52.75761414 55.51647949 18.14314461
v 51.97930908 55.51647949 15.8701334
v 53.35942078 55.51647949 17.89635468
v 52.531147 55.51647949 15.6410675
v 53.95584488 55.51647949 17.63622475
v 53.07823563 55.51647949 15.39965248
v 54.54666138 55.51647949 17.36284065
v 53.61949158 55.51647949 15.14637375
v 55.13163757 55.51647949 17.07628441
v 54.15454102 55.51647949 14.88144493
v 55.7105484 55.51647949 16.77663994
v 54.68320465 55.51647949 14.60499573
v 56.28318405 55.51647949 16.46399307
v 55.20531082 55.51647949 14.31715202
v 56.84929657 55.51647949 16.13843346
v 55.72069168 55.51647949 14.01804543
v 57.40795517 55.51647949 15.80048943
v 56.22917175 55.51647949 13.70780182
v 57.95848083 55.51647949 15.45060635
v 56.73057556 55.51647949 13.3865509
v 58.5007019 55.51647949 15.08894348
v 57.22472763 55.51647949 13.05442238
v 59.03444672 55.51647949 14.715662
v 57.7114563 55.51647949 12.71154308
v 59.55953979 55.51647949 14.33092308
v 58.19059372 55.51647949 12.35804176
v 60.07581329 55.51647949 13.93488884
v 58.66195679 55.51647949 11.99404812
v 60.58308029 55.51647949 13.52771854
v 59.12538147 55.51647949 11.61968994
v 61.08118439 55.51647949 13.10957527
v 59.58068466 55.51647949 11.23509407
v 61.56994247 55.51647949 12.68061829
v 60.02769852 55.51647949 10.84039116
v 62.04918289 55.51647949 12.24101067
v 60.46625137 55.51647949 10.43570995
v 62.51873398 55.51647949 11.79091072
v 60.89616394 55.51647949 10.02117729
v 62.97842026 55.51647949 11.33048058
v 61.31726837 55.51647949 9.59692383
v 63.42807007 55.51647949 10.85988235
v 61.72916794 55.51647949 9.1633091
v 63.86750793 55.51647949 10.37927628
v 62.13110352 55.51647949 8.72116089
v 64.29656219 55.51647949 9.88882256
v 62.52292252 55.51647949 8.27070522
v 64.715065 55.51647949 9.38868427
v 62.9045105 55.51647949 7.8121233
v 65.12283325 55.51647949 8.87902069
v 63.27576065 55.51647949 7.34559584
v 65.51963043 55.51647949 8.36008644
v 63.63656616 55.51647949 6.8713069
v 65.90467834 55.51647949 7.83290005
v 63.98680878 55.51647949 6.38943672
v 66.27772522 55.51647949 7.29787254
v 64.3263855 55.51647949 5.90016794
v 66.63867188 55.51647949 6.75521421
v 64.65518188 55.51647949 5.40368176
v 66.98743439 55.51647949 6.20513868
v 64.97309113 55.51647949 4.90016127
v 67.32389832 55.51647949 5.64785528
v 65.28000641 55.51647949 4.38978767
v 67.64796448 55.51647949 5.08357811
v 65.57580566 55.51647949 3.87274361
v 67.95954895 55.51647949 4.51251793
v 65.86038971 55.51647949 3.34921026
v 68.25854492 55.51647949 3.93488598
v 66.1336441 55.51647949 2.81936979
v 68.54486084 55.51647949 3.35089445
v 66.39546204 55.51647949 2.28340435
v 68.81838989 55.51647949 2.76075506
v 66.64572906 55.51647949 1.74149561
v 69.07904053 55.51647949 2.16467977
v 66.88433838 55.51647949 1.1938256
v 69.32671356 55.51647949 1.56288004
v 67.11118317 55.51647949 0.64057642
v 69.56130219 55.51647949 0.95556766
v 67.32601166 55.51647949 0.08227654
v 69.7827301 55.51647949 0.3429544
v 67.52852631 55.51647949 -0.48025119
v 69.99087524 55.51647949 -0.27474803
v 67.71867371 55.51647949 -1.04678822
v 70.18566132 55.51647949 -0.8973279
v 67.89641571 55.51647949 -1.61712837
v 70.36697388 55.51647949 -1.52457345
v 68.06168365 55.51647949 -2.19106627
v 70.53466797 55.51647949 -2.15604472
v 68.21444702 55.51647949 -2.7683959
v 70.68841553 55.51647949 -2.79050851
v 68.35466003 55.51647949 -3.34891105
v 70.82819366 55.51647949 -3.42761493
v 68.48227692 55.51647949 -3.93240643
v 70.95397186 55.51647949 -4.06713438
v 68.59723663 55.51647949 -4.5186758
v 71.06574249 55.51647949 -4.70883656
v 68.69950104 55.51647949 -5.10751343
v 71.16351318 55.51647949 -5.35249186
v 68.78903198 55.51647949 -5.69871426
v 71.24725342 55.51647949 -5.99786997
v 68.86576843 55.51647949 -6.29203701
v 71.3169632 55.51647949 -6.64474249
v 68.92961121 55.51647949 -6.88670158
v 71.37262726 55.51647949 -7.29287863
v 68.98053741 55.51647949 -7.48229551
v 71.41424561 55.51647949 -7.94204903
v 69.01856232 55.51647949 -8.07860947
v 71.44179535 55.51647949 -8.5920229
v 69.04367065 55.51647949 -8.67543411
v 71.45526886 55.51647949 -9.24257183
v 69.05589294 55.51647949 -9.27256203
v 71.45466614 55.51647949 -9.893466
v 69.05522156 55.51647949 -9.8697834
v 71.43996429 55.51647949 -10.54447556
v 69.04166412 55.51647949 -10.46688938
v 71.41117096 55.51647949 -11.19536877
v 69.01522827 55.51647949 -11.06367016
v 68.97592163 55.51647949 -11.65991783
v 68.9237442 55.51647949 -12.2554245
v 71.70017242 55.51647949 -11.27105713
v 68.85870361 55.51647949 -12.84997845
v 71.97625732 55.51647949 -11.38520336
v 72.23433685 55.51647949 -11.53570175
v 72.46964264 55.51647949 -11.71977806
v 72.67784119 55.51647949 -11.93403625
v 72.85508728 55.51647949 -12.17452526
v 72.99812317 55.51647949 -12.43681335
v 73.10430145 55.51647949 -12.71605968
v 73.17166901 55.51647949 -13.00711727
v 73.19897461 55.51647949 -13.30461884
v 73.18572998 55.51647949 -13.60307693
v 73.13217163 55.51647949 -13.89698887
v 68.80980682 55.51647949 -13.14470291
v 73.03928375 55.51647949 -14.180933
v 68.80130005 55.51647949 -13.44333458
v 72.90878296 55.51647949 -14.44967651
v 68.83332825 55.51647949 -13.74036407
v 72.74308014 55.51647949 -14.69825935
v 68.90531158 55.51647949 -14.0303154
v 72.54522705 55.51647949 -14.92210197
v 69.01590729 55.51647949 -14.30784225
v 72.31886292 55.51647949 -15.11707306
v 69.16308594 55.51647949 -14.56782722
v 72.06816864 55.51647949 -15.27957916
v 69.34413147 55.51647949 -14.80547333
v 71.7977829 55.51647949 -15.40662289
v 69.55570221 55.51647949 -15.01640129
v 69.79389954 55.51647949 -15.19671822
v 71.51266479 55.51647949 -15.49586201
v 70.05432892 55.51647949 -15.34310246
v 71.21809387 55.51647949 -15.54564857
v 70.33219147 55.51647949 -15.45285225
v 70.919487 55.51647949 -15.55506802
v 70.62236023 55.51647949 -15.5239439
v 43.62450409 55.51647949 -14.48618412
v 43.69591522 55.51647949 -14.13817024
v 43.60149765 55.51647949 -14.44119453
v 43.57124329 55.51647949 -14.40068436
v 43.53458786 55.51647949 -14.36581135
v 43.49266815 55.51647949 -14.33763027
v 43.44649887 55.51647949 -14.31684399
v 43.39762115 55.51647949 -14.30414009
v 43.34718323 55.51647949 -14.29981327
v 43.29683304 55.51647949 -14.30401421
v 43.24785614 55.51647949 -14.31662178
v 36.50887299 42.71648407 -18.74050331
v 37.39215469 42.71648407 -16.5632267
v 36.84822083 42.71648407 -16.45078278
v 37.94260406 42.71648407 -16.63866043
v 38.49786377 42.71648407 -16.675951
v 39.05413818 42.71648407 -16.67393303
v 39.60752106 42.71648407 -16.63182449
v 40.15539169 42.71648407 -16.5490303
v 40.42644882 42.71648407 -16.4921875
v 40.69514847 42.71648407 -16.42494774
v 40.96116638 42.71648407 -16.34723854
v 41.22417068 42.71648407 -16.2589817
v 41.48363113 42.71648407 -16.16017914
v 41.73852539 42.71648407 -16.05103302
v 41.98835373 42.71648407 -15.93162346
v 42.23266983 42.71648407 -15.80200768
v 42.47102356 42.71648407 -15.66224957
v 42.70295715 42.71648407 -15.51240826
v 42.92801666 42.71648407 -15.35254669
v 43.14576721 42.71648407 -15.18272591
v 43.35574341 42.71648407 -15.00300598
v 43.55737305 42.71648407 -14.81355572
v 43.58582306 42.71648407 -14.78118801
v 43.60931015 42.71648407 -14.74514484
v 43.62743759 42.71648407 -14.7060051
v 43.63974762 42.71648407 -14.6647501
v 43.64602661 42.71648407 -14.62217331
v 44.21989441 42.71648407 -13.89835453
v 43.64614105 42.71648407 -14.57903099
v 43.80143738 42.71648407 -14.11717033
v 43.64009094 42.71648407 -14.53643417
v 43.62799072 42.71648407 -14.49509525
v 43.61007309 42.71648407 -14.4558754
v 43.58678436 42.71648407 -14.41971016
v 43.55848312 42.71648407 -14.38717365
v 43.5258522 42.71648407 -14.35906219
v 43.48957062 42.71648407 -14.33593273
v 43.4502449 42.71648407 -14.31819057
v 43.40888977 42.71648407 -14.30629635
v 43.36623383 42.71648407 -14.30043983
v 44.61871338 42.71648407 -13.64550686
v 44.99512482 42.71648407 -13.36037731
v 45.34653091 42.71648407 -13.04493999
v 45.67050171 42.71648407 -12.70137978
v 45.9647789 42.71648407 -12.33207607
v 46.2273407 42.71648407 -11.93958378
v 46.45635986 42.71648407 -11.52662277
v 46.65025711 42.71648407 -11.09605026
v 46.80767822 42.71648407 -10.65084934
v 46.92755127 42.71648407 -10.19410038
v 47.00902939 42.71648407 -9.72896767
v 47.05155945 42.71648407 -9.25867176
v 36.31250381 42.71648407 -16.30245781
v 35.93535614 42.71648407 -18.59952927
v 35.7867012 42.71648407 -16.11938095
v 34.81390381 42.71648407 -18.22398949
v 35.36994553 42.71648407 -18.42711258
v 35.27250671 42.71648407 -15.90267944
v 34.26848602 42.71648407 -17.99090195
v 34.77288055 42.71648407 -15.654212
v 33.73622131 42.71648407 -17.72929192
v 34.29025269 42.71648407 -15.37594032
v 33.21918106 42.71648407 -17.44067383
v 33.82555389 42.71648407 -15.06916809
v 32.71810913 42.71648407 -17.12599182
v 33.37970352 42.71648407 -14.73519421
v 31.76689148 42.71648407 -16.42219162
v 32.23376465 42.71648407 -16.78618431
v 32.95363998 42.71648407 -14.37532234
v 31.31824684 42.71648407 -16.03495598
v 32.54828644 42.71648407 -13.9908514
v 30.88857651 42.71648407 -15.62541866
v 32.16470718 42.71648407 -13.58324814
v 30.47875214 42.71648407 -15.19465065
v 31.80496597 42.71648407 -13.15537548
v 30.0906601 42.71648407 -14.74507904
v 31.4697628 42.71648407 -12.7088871
v 29.72499466 42.71648407 -14.27807426
v 31.15941811 42.71648407 -12.24502659
v 29.0621376 42.71648407 -13.29561806
v 29.38205338 42.71648407 -13.79459953
v 30.87425041 42.71648407 -11.76503944
v 28.76555634 42.71648407 -12.78209305
v 30.61458778 42.71648407 -11.2701683
v 28.49261093 42.71648407 -12.25498962
v 30.38074684 42.71648407 -10.76165771
v 28.24360275 42.71648407 -11.71526814
v 30.17305565 42.71648407 -10.24075985
v 28.01883888 42.71648407 -11.1638937
v 29.99222755 42.71648407 -9.71009159
v 27.81900215 42.71648407 -10.60306358
v 29.83857155 42.71648407 -9.17182159
v 27.64449692 42.71648407 -10.0347805
v 29.71197128 42.71648407 -8.62699604
v 27.37125206 42.71648407 -8.87929535
v 27.49526596 42.71648407 -9.45990562
v 29.61229706 42.71648407 -8.07666397
v 27.27239799 42.71648407 -8.29380703
v 29.53943634 42.71648407 -7.521873
v 27.19865036 42.71648407 -7.70429897
v 29.49325943 42.71648407 -6.96367216
v 27.14994812 42.71648407 -7.11162806
v 29.47364807 42.71648407 -6.40310812
v 27.12623787 42.71648407 -6.51665258
v 29.48047638 42.71648407 -5.8412323
v 27.12745857 42.71648407 -5.92022896
v 29.51349449 42.71648407 -5.28036833
v 27.15346146 42.71648407 -5.32438469
v 29.57226181 42.71648407 -4.72247362
v 27.20391846 42.71648407 -4.73099375
v 29.65637016 42.71648407 -4.16832733
v 27.37694168 42.71648407 -3.55425167
v 27.27851868 42.71648407 -4.14072609
v 29.76539993 42.71648407 -3.61870861
v 27.49887848 42.71648407 -2.97224069
v 29.89894676 42.71648407 -3.07439661
v 27.64401245 42.71648407 -2.39536238
v 30.05659103 42.71648407 -2.53617072
v 27.81202507 42.71648407 -1.8242867
v 30.23792267 42.71648407 -2.00480962
v 28.00260544 42.71648407 -1.25968397
v 30.44253159 42.71648407 -1.48109269
v 28.21543503 42.71648407 -0.70222348
v 30.66995621 42.71648407 -0.96588999
v 28.45015335 42.71648407 -0.15266916
v 30.91902161 42.71648407 -0.46135333
v 28.70573044 42.71648407 0.3869426
v 31.1889267 42.71648407 0.03149959
v 29.27692604 42.71648407 1.43306029
v 28.98147774 42.71648407 0.91566646
v 31.4791069 42.71648407 0.51218104
v 29.59160995 42.71648407 1.93868232
v 31.78898811 42.71648407 0.98020327
v 29.92505646 42.71648407 2.43209052
v 32.11800766 42.71648407 1.43507862
v 30.27679634 42.71648407 2.91284275
v 32.46559906 42.71648407 1.87631953
v 30.64636421 42.71648407 3.38049698
v 32.83119583 42.71648407 2.30343819
v 31.03328896 42.71648407 3.83461189
v 33.21422577 42.71648407 2.71594667
v 31.43710327 42.71648407 4.27474451
v 33.61412811 42.71648407 3.11335778
v 31.85733604 42.71648407 4.70045328
v 34.02976608 42.71648407 3.49469852
v 32.29285431 42.71648407 5.11071157
v 34.45952606 42.71648407 3.85876703
v 32.74226761 42.71648407 5.50443697
v 34.902771 42.71648407 4.20533466
v 33.68065262 42.71648407 6.24143791
v 33.20503998 42.71648407 5.88141537
v 35.35890961 42.71648407 4.53418827
v 34.16857147 42.71648407 6.58429432
v 35.82732773 42.71648407 4.84511805
v 34.66827774 42.71648407 6.90977573
v 36.30741882 42.71648407 5.13791084
v 35.17924118 42.71648407 7.21767187
v 36.79857635 42.71648407 5.41235638
v 35.70093918 42.71648407 7.50777435
v 37.30019379 42.71648407 5.66824198
v 36.23284149 42.71648407 7.77987242
v 37.8116684 42.71648407 5.90535688
v 36.77442551 42.71648407 8.03375816
v 38.33238602 42.71648407 6.12348986
v 37.32516479 42.71648407 8.26922035
v 38.86132431 42.71648407 6.32228661
v 37.8838501 42.71648407 8.48580933
v 39.39652634 42.71648407 6.50118542
v 38.44881058 42.71648407 8.68302917
v 39.93732834 42.71648407 6.66016817
v 39.01952744 42.71648407 8.86087227
v 40.48317337 42.71648407 6.79925823
v 40.17622375 42.71648407 9.15842533
v 39.59549713 42.71648407 9.01933765
v 41.03349686 42.71648407 6.91847801
v 40.76120377 42.71648407 9.27813435
v 41.5877533 42.71648407 7.01785088
v 41.34992981 42.71648407 9.3784647
v 42.14537811 42.71648407 7.09739923
v 41.94190979 42.71648407 9.45941544
v 42.70581055 42.71648407 7.15714645
v 42.53663635 42.71648407 9.52098656
v 43.26850128 42.71648407 7.19711399
v 43.13361359 42.71648407 9.56317711
v 43.83288574 42.71648407 7.21732664
v 43.73233032 42.71648407 9.58598709
v 44.39841461 42.71648407 7.21780539
v 44.33227921 42.71648407 9.5894146
v 44.96395493 42.71648407 7.19861269
v 44.93185043 42.71648407 9.57352448
v 45.52774429 42.71648407 7.15994787
v 45.52985764 42.71648407 9.5384779
v 46.0892868 42.71648407 7.10201216
v 46.12589264 42.71648407 9.48444176
v 46.64813232 42.71648407 7.02500439
v 46.71954346 42.71648407 9.41157913
v 47.2038269 42.71648407 6.92912388
v 47.89800262 42.71648407 9.21003723
v 47.31037903 42.71648407 9.32005501
v 47.75593567 42.71648407 6.81456947
v 48.48198318 42.71648407 9.08168793
v 48.30400848 42.71648407 6.68153858
v 49.06192017 42.71648407 8.93517399
v 48.84759903 42.71648407 6.53023243
v 49.63737869 42.71648407 8.7706604
v 49.38625717 42.71648407 6.36084843
v 50.20796204 42.71648407 8.58831215
v 49.91953278 42.71648407 6.17358589
v 50.77323914 42.71648407 8.38829231
v 50.44698715 42.71648407 5.96864319
v 51.33280945 42.71648407 8.17076969
v 50.96814728 42.71648407 5.7462306
v 51.88586807 42.71648407 7.93607903
v 51.48155594 42.71648407 5.50705433
v 52.43090057 42.71648407 7.68497181
v 51.98633194 42.71648407 5.25168037
v 52.96752548 42.71648407 7.4177618
v 52.48215485 42.71648407 4.98041868
v 53.49545288 42.71648407 7.13472414
v 52.96873474 42.71648407 4.69357777
v 54.01439667 42.71648407 6.83613539
v 53.44577408 42.71648407 4.39146805
v 54.5240593 42.71648407 6.52227163
v 53.91295624 42.71648407 4.07439899
v 55.02415085 42.71648407 6.19340897
v 54.36998367 42.71648407 3.7426796
v 55.99444962 42.71648407 5.49179077
v 55.51437759 42.71648407 5.84982347
v 54.81655884 42.71648407 3.39662027
v 56.464077 42.71648407 5.1195879
v 55.25238037 42.71648407 3.03653026
v 56.92296982 42.71648407 4.73349047
v 55.6771431 42.71648407 2.66271949
v 57.37083054 42.71648407 4.33377409
v 56.09054184 42.71648407 2.27549696
v 57.80736923 42.71648407 3.92071581
v 56.49227524 42.71648407 1.87517297
v 58.23211288 42.71648407 3.49478936
v 56.88166046 42.71648407 1.46249104
v 58.64395142 42.71648407 3.05721784
v 57.25775909 42.71648407 1.03860044
v 59.04261017 42.71648407 2.60844588
v 57.62039185 42.71648407 0.60387546
v 59.42795181 42.71648407 2.14880323
v 57.96942902 42.71648407 0.15867209
v 59.79981232 42.71648407 1.67861843
v 58.30471039 42.71648407 -0.29665375
v 60.15804672 42.71648407 1.19822156
v 58.626091 42.71648407 -0.76174605
v 60.50250244 42.71648407 0.70794129
v 58.9334259 42.71648407 -1.23624897
v 60.83302307 42.71648407 0.20810707
v 59.22656631 42.71648407 -1.71980631
v 61.14946365 42.71648407 -0.30095181
v 59.50536728 42.71648407 -2.21206236
v 61.45166779 42.71648407 -0.81890607
v 59.76967239 42.71648407 -2.71266127
v 62.01277161 42.71648407 -1.88018382
v 61.73948669 42.71648407 -1.34542656
v 60.01934433 42.71648407 -3.22124696
v 62.27136612 42.71648407 -2.42284894
v 60.2542305 42.71648407 -3.73746347
v 62.51512146 42.71648407 -2.97309208
v 60.47418213 42.71648407 -4.26095486
v 62.7437439 42.71648407 -3.53024459
v 60.67889404 42.71648407 -4.79090881
v 62.95684814 42.71648407 -4.09319019
v 60.86792374 42.71648407 -5.32594919
v 63.15436935 42.71648407 -4.66156006
v 61.04125977 42.71648407 -5.86569214
v 63.33625793 42.71648407 -5.23501635
v 61.19888687 42.71648407 -6.40979099
v 63.50247192 42.71648407 -5.81322098
v 61.34081268 42.71648407 -6.95790195
v 63.65297699 42.71648407 -6.39583588
v 61.46703339 42.71648407 -7.50967789
v 63.78771973 42.71648407 -6.98252296
v 61.57752991 42.71648407 -8.06477356
v 63.90665436 42.71648407 -7.57294464
v 61.67230988 42.71648407 -8.6228447
v 64.0096817 42.71648407 -8.16636276
v 61.75136948 42.71648407 -9.18354416
v 64.09672546 42.71648407 -8.76202202
v 61.81469727 42.71648407 -9.74652863
v 64.16782379 42.71648407 -9.35959911
v 61.86229706 42.71648407 -10.31145
v 64.22299194 42.71648407 -9.95877361
v 61.89415359 42.71648407 -10.87796402
v 64.26226044 42.71648407 -10.55922127
v 61.91027832 42.71648407 -11.44572639
v 64.28565216 42.71648407 -11.16062164
v 61.91065216 42.71648407 -12.01438904
v 64.29319 42.71648407 -11.76265144
v 61.83115005 42.71648407 -12.60368156
v 64.19647217 42.71648407 -13.00845909
v 64.28490448 42.71648407 -12.36498833
v 61.73487854 42.71648407 -13.19005108
v 64.09016418 42.71648407 -13.64844704
v 61.62192917 42.71648407 -13.77314949
v 63.96611023 42.71648407 -14.2845974
v 61.49240875 42.71648407 -14.35262585
v 63.82444 42.71648407 -14.9165554
v 61.34641647 42.71648407 -14.92813206
v 63.66527939 42.71648407 -15.5439682
v 61.1840477 42.71648407 -15.49932003
v 63.48876572 42.71648407 -16.16647911
v 61.00540924 42.71648407 -16.06583977
v 63.29501343 42.71648407 -16.78373337
v 60.8106041 42.71648407 -16.62734222
v 63.08415985 42.71648407 -17.3953743
v 60.59972763 42.71648407 -17.18345451
v 62.85633087 42.71648407 -18.00105095
v 60.3731842 42.71648407 -17.73316956
v 62.61165237 42.71648407 -18.60040474
v 60.13124847 42.71648407 -18.27587128
v 62.35025787 42.71648407 -19.19308281
v 59.87411499 42.71648407 -18.81125259
v 62.07227325 42.71648407 -19.77873039
v 59.60195541 42.71648407 -19.33900261
v 61.7778244 42.71648407 -20.35698891
v 59.31495667 42.71648407 -19.85881424
v 61.46704865 42.71648407 -20.9275074
v 59.01329803 42.71648407 -20.37037849
v 61.14054871 42.71648407 -21.48912811
v 58.69716644 42.71648407 -20.87338257
v 60.79897308 42.71648407 -22.04082489
v 58.36673355 42.71648407 -21.36752129
v 60.44257355 42.71648407 -22.58232498
v 58.02224731 42.71648407 -21.85240173
v 60.07159805 42.71648407 -23.11335373
v 57.66450882 42.71648407 -22.326931
v 59.68629456 42.71648407 -23.63363266
v 57.29392624 42.71648407 -22.79066849
v 59.28691101 42.71648407 -24.14289093
v 56.91076279 42.71648407 -23.24337769
v 58.87369537 42.71648407 -24.64085007
v 56.51528168 42.71648407 -23.68482971
v 58.44690323 42.71648407 -25.12724113
v 56.10775375 42.71648407 -24.11479568
v 58.00678253 42.71648407 -25.60178757
v 55.68843079 42.71648407 -24.53303909
v 57.55357361 42.71648407 -26.0642128
v 55.25758362 42.71648407 -24.93932915
v 57.08753204 42.71648407 -26.51424217
v 54.81546402 42.71648407 -25.33343887
v 56.60890579 42.71648407 -26.95159912
v 54.36234283 42.71648407 -25.71512985
v 56.11794281 42.71648407 -27.37601471
v 53.89849091 42.71648407 -26.0841732
v 55.61489487 42.71648407 -27.78720856
v 53.42415619 42.71648407 -26.44033813
v 55.10061264 42.71648407 -28.18445587
v 52.93960953 42.71648407 -26.78339195
v 54.04199219 42.71648407 -28.93453979
v 54.57620239 42.71648407 -28.56695366
v 52.44511414 42.71648407 -27.11310387
v 53.4983139 42.71648407 -29.28705597
v 51.94111633 42.71648407 -27.42912483
v 52.94549942 42.71648407 -29.62434959
v 51.42896271 42.71648407 -27.7306366
v 52.3838768 42.71648407 -29.94626045
v 50.90913773 42.71648407 -28.01742172
v 51.81376648 42.71648407 -30.25263214
v 50.38196945 42.71648407 -28.28936005
v 51.23550415 42.71648407 -30.54330826
v 49.84777832 42.71648407 -28.54635048
v 50.64941788 42.71648407 -30.81813049
v 49.30688858 42.71648407 -28.78827095
v 50.05583954 42.71648407 -31.07694435
v 48.75963211 42.71648407 -29.01501465
v 49.45508575 42.71648407 -31.31958961
v 48.20632553 42.71648407 -29.22646523
v 48.84749985 42.71648407 -31.5459137
v 47.64729309 42.71648407 -29.42251396
v 48.23339844 42.71648407 -31.75575447
v 47.08287048 42.71648407 -29.60304642
v 47.6131134 42.71648407 -31.94896317
v 46.51337051 42.71648407 -29.76795197
v 46.98738861 42.71648407 -32.12526321
v 45.93912506 42.71648407 -29.91711617
v 46.35777283 42.71648407 -32.28425217
v 45.36045456 42.71648407 -30.05042648
v 45.72469711 42.71648407 -32.42588425
v 44.77768707 42.71648407 -30.16777039
v 45.08851624 42.71648407 -32.55014038
v 44.19135666 42.71648407 -30.26900482
v 44.44958496 42.71648407 -32.65699768
v 43.60298157 42.71648407 -30.35387993
v 43.8082695 42.71648407 -32.74644089
v 43.01311493 42.71648407 -30.42237473
v 43.16492081 42.71648407 -32.81844711
v 42.42208481 42.71648407 -30.47451019
v 42.51989746 42.71648407 -32.87299347
v 41.83022308 42.71648407 -30.5103035
v 41.87355804 42.71648407 -32.9100647
v 41.23787689 42.71648407 -30.52977562
v 41.22626495 42.71648407 -32.92963791
v 40.64537811 42.71648407 -30.53294182
v 40.57836151 42.71648407 -32.93169403
v 40.05306625 42.71648407 -30.51982498
v 39.93021774 42.71648407 -32.91621017
v 39.46126938 42.71648407 -30.49044037
v 39.2821846 42.71648407 -32.88316727
v 38.87033081 42.71648407 -30.44481087
v 38.63461685 42.71648407 -32.83255005
v 38.28058243 42.71648407 -30.38295364
v 37.98797989 42.71648407 -32.76434326
v 37.69236755 42.71648407 -30.30488205
v 37.34386826 42.71648407 -32.6787262
v 37.10601425 42.71648407 -30.21062469
v 36.70299149 42.71648407 -32.57584381
v 36.52186584 42.71648407 -30.10019112
v 36.06568146 42.71648407 -32.45581055
v 35.94035339 42.71648407 -29.973629
v 35.43227386 42.71648407 -32.31874847
v 35.36294556 42.71648407 -29.83125877
v 34.80309296 42.71648407 -32.1647644
v 34.79027557 42.71648407 -29.67329788
v 34.17848206 42.71648407 -31.9939785
v 34.22263718 42.71648407 -29.49988174
v 33.55876541 42.71648407 -31.8065033
v 33.66033554 42.71648407 -29.31115723
v 32.94428253 42.71648407 -31.60245132
v 33.10366058 42.71648407 -29.10726357
v 32.33535767 42.71648407 -31.38194275
v 32.55291748 42.71648407 -28.88834381
v 31.73232841 42.71648407 -31.1450882
v 32.00840378 42.71648407 -28.65454102
v 31.13552284 42.71648407 -30.89200592
v 31.4704113 42.71648407 -28.40599823
v 30.54528046 42.71648407 -30.62280846
v 30.93924522 42.71648407 -28.14285469
v 29.96192551 42.71648407 -30.33761024
v 30.41520309 42.71648407 -27.86525536
v 29.38579369 42.71648407 -30.03652763
v 29.89858246 42.71648407 -27.57334137
v 28.81776428 42.71648407 -29.71999168
v 29.38967896 42.71648407 -27.26725578
v 28.25905609 42.71648407 -29.38871574
v 28.88879585 42.71648407 -26.94713783
v 27.70994377 42.71648407 -29.04294205
v 28.39622879 42.71648407 -26.61313629
v 27.17068863 42.71648407 -28.68289566
v 27.91299629 42.71648407 -26.26592255
v 26.64154816 42.71648407 -28.30880165
v 27.43990135 42.71648407 -25.90612411
v 26.12278175 42.71648407 -27.92089272
v 26.97716141 42.71648407 -25.53398514
v 25.61465073 42.71648407 -27.51939774
v 26.52499962 42.71648407 -25.14974403
v 25.11740875 42.71648407 -27.10454178
v 26.08362579 42.71648407 -24.75363922
v 24.63132477 42.71648407 -26.67655563
v 25.65326309 42.71648407 -24.34591484
v 24.15664673 42.71648407 -26.23566628
v 25.23412704 42.71648407 -23.92680931
v 23.69364166 42.71648407 -25.7821064
v 24.82643509 42.71648407 -23.49656105
v 23.24256897 42.71648407 -25.31609726
v 24.43040848 42.71648407 -23.05541229
v 22.80368614 42.71648407 -24.83787155
v 24.04626465 42.71648407 -22.60360336
v 22.37725067 42.71648407 -24.34765816
v 23.67421722 42.71648407 -22.14137077
v 21.96355629 42.71648407 -23.8457222
v 23.31448555 42.71648407 -21.66895866
v 21.5635643 42.71648407 -23.33322906
v 22.96729088 42.71648407 -21.18660736
v 21.17773819 42.71648407 -22.81085777
v 22.63284683 42.71648407 -20.69455147
v 20.80622864 42.71648407 -22.27890778
v 22.31154251 42.71648407 -20.19330788
v 20.44918823 42.71648407 -21.73768806
v 22.00415421 42.71648407 -19.68412399
v 19.77911377 42.71648407 -20.62865257
v 20.10676575 42.71648407 -21.1875
v 21.71084976 42.71648407 -19.16738892
v 19.46638107 42.71648407 -20.06144524
v 21.43173599 42.71648407 -18.6434021
v 19.16872025 42.71648407 -19.48618507
v 21.16692543 42.71648407 -18.1124649
v 18.88628006 42.71648407 -18.90317535
v 20.91652107 42.71648407 -17.57487297
v 18.6192112 42.71648407 -18.31271935
v 20.68063736 42.71648407 -17.03092766
v 18.36766624 42.71648407 -17.71512604
v 20.45937729 42.71648407 -16.48092651
v 18.13179398 42.71648407 -17.11069298
v 20.25285339 42.71648407 -15.92516994
v 17.91174698 42.71648407 -16.49973106
v 20.06117058 42.71648407 -15.36395645
v 17.70767403 42.71648407 -15.8825407
v 19.88443947 42.71648407 -14.79758453
v 17.51978683 42.71648407 -15.25963688
v 19.72276878 42.71648407 -14.22635555
v 17.34853554 42.71648407 -14.63255692
v 19.57626534 42.71648407 -13.65056515
v 17.19400597 42.71648407 -14.00182819
v 19.44503593 42.71648407 -13.07051563
v 17.0562191 42.71648407 -13.36778736
v 19.32919502 42.71648407 -12.48650742
v 16.93519974 42.71648407 -12.73076534
v 19.22898102 42.71648407 -11.89970875
v 16.83097458 42.71648407 -12.09109497
v 19.14452362 42.71648407 -11.31110287
v 16.7435627 42.71648407 -11.44911003
v 19.07580757 42.71648407 -10.72100449
v 16.6729908 42.71648407 -10.80514431
v 19.02282333 42.71648407 -10.12972355
v 16.61927986 42.71648407 -10.15953064
v 18.98555565 42.71648407 -9.53757381
v 16.58245659 42.71648407 -9.51260185
v 18.96398926 42.71648407 -8.94486618
v 16.56254005 42.71648407 -8.86469078
v 18.95811844 42.71648407 -8.35191345
v 16.55955887 42.71648407 -8.21613026
v 18.96792412 42.71648407 -7.759027
v 16.5735321 42.71648407 -7.56725407
v 18.99339485 42.71648407 -7.16651869
v 16.60448456 42.71648407 -6.918396
v 19.03451729 42.71648407 -6.57470036
v 16.65244102 42.71648407 -6.26988697
v 19.09128189 42.71648407 -5.98388481
v 16.71738434 42.71648407 -5.62240505
v 19.16366959 42.71648407 -5.39438295
v 16.79914093 42.71648407 -4.97748947
v 19.25167465 42.71648407 -4.80650806
v 16.89759827 42.71648407 -4.33556128
v 19.35527802 42.71648407 -4.22057056
v 17.01265526 42.71648407 -3.69693255
v 19.47444916 42.71648407 -3.63697958
v 17.14420509 42.71648407 -3.06191444
v 19.60889435 42.71648407 -3.05714345
v 17.29214668 42.71648407 -2.43081856
v 19.75842476 42.71648407 -2.48165751
v 17.45637894 42.71648407 -1.8039577
v 19.9229126 42.71648407 -1.9108007
v 17.63679695 42.71648407 -1.18164277
v 20.10223007 42.71648407 -1.34485102
v 17.83329773 42.71648407 -0.5641861
v 20.29624748 42.71648407 -0.78408718
v 18.04578018 42.71648407 0.0481007
v 20.50483894 42.71648407 -0.22878769
v 18.2741394 42.71648407 0.65490574
v 20.72787476 42.71648407 0.32076895
v 18.51827431 42.71648407 1.25591731
v 20.96523094 42.71648407 0.86430424
v 18.77807999 42.71648407 1.85082328
v 21.21677399 42.71648407 1.4015398
v 19.05345535 42.71648407 2.43931222
v 21.48238182 42.71648407 1.93219674
v 19.3442955 42.71648407 3.02107191
v 21.76192093 42.71648407 2.45599699
v 19.6503315 42.71648407 3.59548545
v 22.05526733 42.71648407 2.97266197
v 19.9708252 42.71648407 4.16120958
v 22.36229134 42.71648407 3.48191285
v 20.3055191 42.71648407 4.71790648
v 22.68286705 42.71648407 3.98347139
v 20.6541996 42.71648407 5.26533127
v 23.01675034 42.71648407 4.47689581
v 21.0166626 42.71648407 5.80323792
v 23.36311531 42.71648407 4.96098852
v 21.39269257 42.71648407 6.33138227
v 23.72164154 42.71648407 5.43539
v 21.78208351 42.71648407 6.84951878
v 24.09211159 42.71648407 5.89989424
v 22.18462372 42.71648407 7.35740137
v 24.47430038 42.71648407 6.35429621
v 22.60010529 42.71648407 7.85478497
v 24.8679924 42.71648407 6.79839134
v 23.02831459 42.71648407 8.34142494
v 25.27296448 42.71648407 7.23197269
v 23.46904564 42.71648407 8.81707382
v 25.68899918 42.71648407 7.65483618
v 23.9220829 42.71648407 9.28148937
v 26.11587524 42.71648407 8.06677628
v 24.3872242 42.71648407 9.73442459
v 26.55337143 42.71648407 8.46758652
v 24.86425209 42.71648407 10.17563343
v 27.00127029 42.71648407 8.85706329
v 25.35296249 42.71648407 10.6048727
v 27.45935249 42.71648407 9.23500061
v 25.85296249 42.71648407 11.0217495
v 27.92739487 42.71648407 9.60119247
v 26.36305237 42.71648407 11.42528439
v 28.40517998 42.71648407 9.95543385
v 26.88281631 42.71648407 11.81520653
v 28.89248657 42.71648407 10.29751968
v 27.41195869 42.71648407 12.19137669
v 29.38891983 42.71648407 10.62713242
v 27.95020866 42.71648407 12.55364513
v 29.89327621 42.71648407 10.94348717
v 28.49727631 42.71648407 12.90187073
v 30.40513611 42.71648407 11.24638081
v 29.05287933 42.71648407 13.2359066
v 30.92422295 42.71648407 11.53571033
v 29.61673927 42.71648407 13.5556078
v 31.45026016 42.71648407 11.8113699
v 30.18857193 42.71648407 13.86083031
v 31.98297119 42.71648407 12.07325459
v 30.7680912 42.71648407 14.15142822
v 32.52207947 42.71648407 12.32126236
v 31.35502052 42.71648407 14.42725754
v 33.06730652 42.71648407 12.55528545
v 31.94907188 42.71648407 14.68817329
v 33.6183815 42.71648407 12.77522087
v 32.5499649 42.71648407 14.93402958
v 34.17502594 42.71648407 12.98096275
v 33.1574173 42.71648407 15.16468239
v 34.73696136 42.71648407 13.1724081
v 33.77114868 42.71648407 15.37998772
v 35.30391312 42.71648407 13.34945202
v 34.39080811 42.71648407 15.57978058
v 35.87560654 42.71648407 13.51198959
v 35.01501465 42.71648407 15.76361275
v 36.45176315 42.71648407 13.65991497
v 35.64304733 42.71648407 15.9313221
v 37.03210449 42.71648407 13.79312515
v 36.27459717 42.71648407 16.08288383
v 37.61624146 42.71648407 13.9114933
v 36.90934753 42.71648407 16.21826935
v 38.20279312 42.71648407 14.0147438
v 37.54699707 42.71648407 16.33745575
v 38.79119873 42.71648407 14.10283089
v 38.18722534 42.71648407 16.44041252
v 39.38117218 42.71648407 14.17575932
v 38.82972717 42.71648407 16.52711487
v 39.97241592 42.71648407 14.23353958
v 39.47418594 42.71648407 16.59753799
v 40.56464767 42.71648407 14.27617836
v 40.12029648 42.71648407 16.65165329
v 41.15756989 42.71648407 14.30368233
v 40.76774216 42.71648407 16.68943787
v 41.75090408 42.71648407 14.31606102
v 41.41621399 42.71648407 16.71086121
v 42.34434509 42.71648407 14.31332111
v 42.06539917 42.71648407 16.71589661
v 42.93761826 42.71648407 14.29547215
v 42.71499252 42.71648407 16.70452309
v 43.53042221 42.71648407 14.26251984
v 44.01412964 42.71648407 16.63242912
v 43.3646698 42.71648407 16.67670822
v 44.12246704 42.71648407 14.21447563
v 44.66240311 42.71648407 16.57172966
v 44.71347427 42.71648407 14.15134239
v 45.30823517 42.71648407 16.49475861
v 45.30313873 42.71648407 14.07313156
v 45.95132828 42.71648407 16.40160751
v 45.89118195 42.71648407 13.97984982
v 46.59139252 42.71648407 16.29236794
v 46.47729492 42.71648407 13.87150764
v 47.22813034 42.71648407 16.16713333
v 47.0602951 42.71648407 13.74831772
v 47.86124802 42.71648407 16.02599716
v 47.63935471 42.71648407 13.61049271
v 48.49045181 42.71648407 15.86904907
v 48.21422577 42.71648407 13.45814705
v 49.11545181 42.71648407 15.69638157
v 48.78464127 42.71648407 13.29139709
v 49.73595428 42.71648407 15.50808907
v 49.3503418 42.71648407 13.11035728
v 50.35166931 42.71648407 15.30426121
v 49.91106415 42.71648407 12.91514301
v 50.96229172 42.71648407 15.08499146
v 50.46655273 42.71648407 12.70586967
v 51.56753922 42.71648407 14.85037231
v 51.01654053 42.71648407 12.48265266
v 52.16711426 42.71648407 14.60049438
v 51.56077576 42.71648407 12.24560738
v 52.76073074 42.71648407 14.33545113
v 52.09898376 42.71648407 11.9948473
v 53.3480835 42.71648407 14.055336
v 52.63092041 42.71648407 11.73048973
v 53.92877197 42.71648407 13.76029873
v 53.15631485 42.71648407 11.45265007
v 54.50146484 42.71648407 13.45102215
v 53.67490768 42.71648407 11.16144085
v 55.06567001 42.71648407 13.1278286
v 54.18643951 42.71648407 10.85698032
v 55.62116241 42.71648407 12.79091072
v 54.69064713 42.71648407 10.53938293
v 56.16769409 42.71648407 12.44046211
v 55.1869545 42.71648407 10.20898628
v 56.70504761 42.71648407 12.07667732
v 55.67426682 42.71648407 9.86653614
v 57.23297882 42.71648407 11.69974804
v 56.15234756 42.71648407 9.51226425
v 57.75127029 42.71648407 11.30986786
v 56.62101364 42.71648407 9.1463728
v 58.25967407 42.71648407 10.90723133
v 57.08005905 42.71648407 8.769063
v 58.75795746 42.71648407 10.4920311
v 57.52929688 42.71648407 8.38053608
v 59.24590302 42.71648407 10.06446075
v 57.96852875 42.71648407 7.98099518
v 59.72326279 42.71648407 9.62471485
v 58.39756393 42.71648407 7.57064104
v 60.18981552 42.71648407 9.17298508
v 58.81620407 42.71648407 7.1496768
v 60.64532471 42.71648407 8.70946503
v 59.22426224 42.71648407 6.71830368
v 61.08955002 42.71648407 8.23434925
v 59.62154007 42.71648407 6.27672291
v 61.5222702 42.71648407 7.74783039
v 60.00784302 42.71648407 5.82513809
v 61.94294357 42.71648407 7.25046873
v 60.38297653 42.71648407 5.3637495
v 62.35070801 42.71648407 6.74333
v 60.74674988 42.71648407 4.8927598
v 62.74539185 42.71648407 6.22670841
v 61.09896851 42.71648407 4.41237068
v 63.12685013 42.71648407 5.70086718
v 61.43942261 42.71648407 3.92280555
v 63.49494934 42.71648407 5.16606903
v 61.76740265 42.71648407 3.42507601
v 63.84954834 42.71648407 4.62257767
v 62.08252335 42.71648407 2.91983509
v 64.19051361 42.71648407 4.07065487
v 62.38469696 42.71648407 2.40733862
v 64.51769257 42.71648407 3.51056457
v 62.67380142 42.71648407 1.8878423
v 64.83096313 42.71648407 2.94256902
v 62.94975281 42.71648407 1.36160183
v 65.1301651 42.71648407 2.36693144
v 63.21244049 42.71648407 0.8288734
v 65.41517639 42.71648407 1.78391469
v 63.46177673 42.71648407 0.28991264
v 65.68585205 42.71648407 1.19378185
v 63.69763947 42.71648407 -0.25502455
v 65.94205475 42.71648407 0.59679568
v 63.91994476 42.71648407 -0.8056823
v 66.1836319 42.71648407 -0.00678082
v 64.12858582 42.71648407 -1.36180496
v 66.41046143 42.71648407 -0.61668473
v 64.32345581 42.71648407 -1.92313623
v 66.62239838 42.71648407 -1.2326529
v 64.5044632 42.71648407 -2.48942089
v 66.81906128 42.71648407 -1.85364246
v 64.67150116 42.71648407 -3.06040263
v 67.00016785 42.71648407 -2.4786334
v 64.82447815 42.71648407 -3.63582563
v 67.16569519 42.71648407 -3.10733438
v 64.96327972 42.71648407 -4.21543407
v 67.31560516 42.71648407 -3.73945355
v 65.08776855 42.71648407 -4.79878902
v 67.44986725 42.71648407 -4.37469959
v 65.19768524 42.71648407 -5.38455486
v 67.56846619 42.71648407 -5.01278114
v 65.29297638 42.71648407 -5.97228813
v 67.67136383 42.71648407 -5.65340614
v 65.37366486 42.71648407 -6.56171846
v 67.75852966 42.71648407 -6.29628372
v 65.43973541 42.71648407 -7.15257597
v 67.8299408 42.71648407 -6.94112206
v 65.49119568 42.71648407 -7.74458885
v 67.88555908 42.71648407 -7.58762884
v 65.52806091 42.71648407 -8.33748817
v 67.92536926 42.71648407 -8.23551369
v 65.55032349 42.71648407 -8.93100357
v 67.94932556 42.71648407 -8.88448524
v 65.55799866 42.71648407 -9.52486324
v 67.95742035 42.71648407 -9.53425121
v 65.5510788 42.71648407 -10.11879921
v 67.94960785 42.71648407 -10.18452072
v 65.5295639 42.71648407 -10.71253872
v 67.92586517 42.71648407 -10.83500004
v 65.49346161 42.71648407 -11.30581379
v 67.8861618 42.71648407 -11.48538685
v 65.44277954 42.71648407 -11.89835358
v 67.83056641 42.71648407 -12.13442993
v 65.37752533 42.71648407 -12.48988628
v 67.75919342 42.71648407 -12.78125763
v 65.29769135 42.71648407 -13.08014297
v 67.67212677 42.71648407 -13.42559052
v 65.20328522 42.71648407 -13.66885281
v 67.56945038 42.71648407 -14.06715584
v 65.09438324 42.71648407 -14.25541115
v 67.45124054 42.71648407 -14.70567608
v 64.97122955 42.71648407 -14.83854771
v 67.31758881 42.71648407 -15.34087276
v 64.83395386 42.71648407 -15.41794586
v 67.16857147 42.71648407 -15.97247314
v 64.68264008 42.71648407 -15.99336052
v 67.00427246 42.71648407 -16.60019875
v 64.51741028 42.71648407 -16.56454849
v 66.82476807 42.71648407 -17.22377396
v 64.33836365 42.71648407 -17.13126373
v 66.63015747 42.71648407 -17.84292412
v 64.14559937 42.71648407 -17.69326401
v 66.42050171 42.71648407 -18.45736885
v 63.93922806 42.71648407 -18.25030136
v 66.19589996 42.71648407 -19.0668354
v 63.71934891 42.71648407 -18.80213547
v 65.95642853 42.71648407 -19.6710453
v 63.48606873 42.71648407 -19.34852028
v 65.70217896 42.71648407 -20.2697258
v 63.23948669 42.71648407 -19.88920975
v 65.43321228 42.71648407 -20.86259651
v 62.97971725 42.71648407 -20.42396355
v 65.14964294 42.71648407 -21.44937325
v 62.70685196 42.71648407 -20.95252991
v 64.85197449 42.71648407 -22.02894592
v 62.42100143 42.71648407 -21.47467041
v 64.54065704 42.71648407 -22.60054588
v 62.12227249 42.71648407 -21.99013901
v 64.21586609 42.71648407 -23.16394997
v 61.8107605 42.71648407 -22.49869156
v 63.8777771 42.71648407 -23.71894073
v 61.48678589 42.71648407 -22.9997654
v 63.526577 42.71648407 -24.26529312
v 61.15104675 42.71648407 -23.4923172
v 63.16243744 42.71648407 -24.8027916
v 60.80376053 42.71648407 -23.97611618
v 62.78553391 42.71648407 -25.33121109
v 60.44510651 42.71648407 -24.45097733
v 62.39605331 42.71648407 -25.85033226
v 60.07527924 42.71648407 -24.91671753
v 61.99416733 42.71648407 -26.35993195
v 59.69445801 42.71648407 -25.37315559
v 61.58005524 42.71648407 -26.85979462
v 59.30282974 42.71648407 -25.82010651
v 61.15390396 42.71648407 -27.34969711
v 58.90058517 42.71648407 -26.25738907
v 60.71588135 42.71648407 -27.82941628
v 58.48789978 42.71648407 -26.68481445
v 60.2661705 42.71648407 -28.29873085
v 58.06496429 42.71648407 -27.10220146
v 59.80495071 42.71648407 -28.7574234
v 57.63197327 42.71648407 -27.50936699
v 59.33239365 42.71648407 -29.20527458
v 57.18910217 42.71648407 -27.90612793
v 58.84869003 42.71648407 -29.64205933
v 56.73653412 42.71648407 -28.29230118
v 58.35457611 42.71648407 -30.06708336
v 56.27446747 42.71648407 -28.66769981
v 57.85089874 42.71648407 -30.47966194
v 55.80307388 42.71648407 -29.03214455
v 57.33790588 42.71648407 -30.87966537
v 55.32255173 42.71648407 -29.38544846
v 56.81583405 42.71648407 -31.26695251
v 54.83330536 42.71648407 -29.72727013
v 56.284935 42.71648407 -31.64139557
v 54.33642578 42.71648407 -30.05688095
v 55.74544525 42.71648407 -32.00285339
v 53.83221054 42.71648407 -30.37412643
v 55.19761658 42.71648407 -32.3512001
v 53.32090759 42.71648407 -30.67890549
v 54.64169312 42.71648407 -32.68629456
v 52.80275726 42.71648407 -30.97112656
v 54.07792664 42.71648407 -33.00800323
v 52.27798843 42.71648407 -31.25068665
v 53.50654984 42.71648407 -33.31619644
v 51.74684525 42.71648407 -31.51748848
v 52.92781448 42.71648407 -33.61073303
v 51.20956421 42.71648407 -31.77143478
v 52.34196091 42.71648407 -33.89147949
v 50.66638184 42.71648407 -32.01242828
v 51.74924469 42.71648407 -34.15830994
v 50.11753082 42.71648407 -32.24037552
v 51.14990234 42.71648407 -34.41107941
v 49.5632515 42.71648407 -32.45516968
v 50.54417419 42.71648407 -34.64965439
v 49.00378799 42.71648407 -32.65671921
v 49.93232346 42.71648407 -34.873909
v 48.4393692 42.71648407 -32.84492493
v 49.31494904 42.71648407 -35.08358002
v 47.87023544 42.71648407 -33.01969147
v 48.69334793 42.71648407 -35.27825165
v 47.29663086 42.71648407 -33.18091583
v 48.06785202 42.71648407 -35.4578743
v 46.71878052 42.71648407 -33.32850647
v 47.43873596 42.71648407 -35.62241745
v 46.13703156 42.71648407 -33.46234131
v 46.80626678 42.71648407 -35.77184296
v 45.55265045 42.71648407 -33.58213043
v 46.17073059 42.71648407 -35.90613174
v 44.96614075 42.71648407 -33.68781662
v 45.53239441 42.71648407 -36.02524185
v 44.3777504 42.71648407 -33.77939987
v 44.89152527 42.71648407 -36.12914658
v 43.78774261 42.71648407 -33.85687637
v 44.24840546 42.71648407 -36.21781921
v 43.19635773 42.71648407 -33.92024994
v 43.60330582 42.71648407 -36.29122162
v 42.60385513 42.71648407 -33.96952057
v 42.95649719 42.71648407 -36.34932709
v 42.01049042 42.71648407 -34.00468445
v 42.30825806 42.71648407 -36.39210129
v 41.41650772 42.71648407 -34.02574158
v 41.65885925 42.71648407 -36.41951752
v 40.82215881 42.71648407 -34.03269196
v 41.00857162 42.71648407 -36.43154526
v 40.22770309 42.71648407 -34.0255394
v 40.35767365 42.71648407 -36.42815018
v 39.63339233 42.71648407 -34.00428009
v 39.70643616 42.71648407 -36.40930176
v 39.0394783 42.71648407 -33.96891022
v 39.05521011 42.71648407 -36.37497711
v 38.44621277 42.71648407 -33.91944122
v 38.40536499 42.71648407 -36.3252449
v 37.85384369 42.71648407 -33.85585785
v 37.75750351 42.71648407 -36.26019669
v 37.26263428 42.71648407 -33.77816772
v 37.11189651 42.71648407 -36.17990875
v 36.67282486 42.71648407 -33.68637466
v 36.46879578 42.71648407 -36.08444977
v 36.08538437 42.71648407 -33.58060455
v 35.82846832 42.71648407 -35.97389984
v 35.50120926 42.71648407 -33.46105957
v 35.19117355 42.71648407 -35.84832764
v 34.92053604 42.71648407 -33.32783127
v 34.55717087 42.71648407 -35.70781326
v 34.34358597 42.71648407 -33.1810112
v 33.92671967 42.71648407 -35.55242157
v 33.77059555 42.71648407 -33.02069473
v 33.30008698 42.71648407 -35.38223648
v 33.20179367 42.71648407 -32.84697723
v 32.67752838 42.71648407 -35.19732666
v 32.6374054 42.71648407 -32.65995026
v 32.05930328 42.71648407 -34.99776459
v 32.07766342 42.71648407 -32.45970917
v 31.4456749 42.71648407 -34.78362656
v 31.52280045 42.71648407 -32.24634552
v 30.83690453 42.71648407 -34.55498886
v 30.97304344 42.71648407 -32.0199585
v 30.23325157 42.71648407 -34.3119278
v 30.42862129 42.71648407 -31.78063583
v 29.63497925 42.71648407 -34.05450439
v 29.88976669 42.71648407 -31.52847672
v 29.04234695 42.71648407 -33.78281021
v 29.35670853 42.71648407 -31.26357269
v 28.45604897 42.71648407 -33.49712372
v 28.82967758 42.71648407 -30.98601913
v 27.87720871 42.71648407 -33.19802475
v 28.30889893 42.71648407 -30.69590569
v 27.30606461 42.71648407 -32.88568878
v 27.79460907 42.71648407 -30.39333153
v 26.74282837 42.71648407 -32.56028366
v 27.28717995 42.71648407 -30.07847977
v 26.18770599 42.71648407 -32.2219696
v 26.78769875 42.71648407 -29.75204086
v 25.6409111 42.71648407 -31.87091637
v 26.2964859 42.71648407 -29.41426849
v 25.1026516 42.71648407 -31.50728416
v 25.8137207 42.71648407 -29.06533813
v 24.57313728 42.71648407 -31.13124084
v 25.33956909 42.71648407 -28.70542145
v 24.05257988 42.71648407 -30.74295235
v 24.87421036 42.71648407 -28.33468628
v 23.54118729 42.71648407 -30.3425808
v 24.41781807 42.71648407 -27.95330811
v 23.03917122 42.71648407 -29.93029404
v 23.97056389 42.71648407 -27.56145287
v 22.54674149 42.71648407 -29.5062542
v 23.53262329 42.71648407 -27.15929794
v 22.06410599 42.71648407 -29.07062721
v 23.10417366 42.71648407 -26.74700928
v 21.59147644 42.71648407 -28.62357903
v 22.68538666 42.71648407 -26.32476425
v 21.12906456 42.71648407 -28.16527367
v 22.27643585 42.71648407 -25.8927269
v 20.67707825 42.71648407 -27.69587708
v 21.877491 42.71648407 -25.45107651
v 20.23573685 42.71648407 -27.21556664
v 21.4887352 42.71648407 -24.99997711
v 19.80586815 42.71648407 -26.72522736
v 21.1103363 42.71648407 -24.53960228
v 19.38796806 42.71648407 -26.22548294
v 20.74247169 42.71648407 -24.07012558
v 18.98216629 42.71648407 -25.71656227
v 20.38531303 42.71648407 -23.59171295
v 18.58859444 42.71648407 -25.19869232
v 20.03931808 42.71648407 -23.10495186
v 18.20738029 42.71648407 -24.67210579
v 19.70510292 42.71648407 -22.61074448
v 17.83865356 42.71648407 -24.13702774
v 19.38277817 42.71648407 -22.10932922
v 17.48254395 42.71648407 -23.59368896
v 19.07242966 42.71648407 -21.60092545
v 17.13918304 42.71648407 -23.04231644
v 18.77416039 42.71648407 -21.08575439
v 16.80869675 42.71648407 -22.48314095
v 18.48806 42.71648407 -20.56403732
v 16.49121857 42.71648407 -21.91638947
v 18.21422195 42.71648407 -20.03599167
v 16.1868782 42.71648407 -21.34229469
v 17.95274544 42.71648407 -19.50184441
v 15.89580154 42.71648407 -20.76107979
v 17.703722 42.71648407 -18.96181297
v 15.6181221 42.71648407 -20.17297745
v 17.46724701 42.71648407 -18.41611862
v 15.35396671 42.71648407 -19.57821465
v 17.24341393 42.71648407 -17.8649826
v 15.10346794 42.71648407 -18.97702217
v 17.03231812 42.71648407 -17.30862427
v 14.86675358 42.71648407 -18.36962891
v 16.83405495 42.71648407 -16.74726486
v 14.64398861 42.71648407 -17.75636292
v 16.64871597 42.71648407 -16.18112755
v 14.43563366 42.71648407 -17.13849831
v 16.47640038 42.71648407 -15.61043262
v 14.24182129 42.71648407 -16.51656723
v 16.31719971 42.71648407 -15.03539944
v 14.06258583 42.71648407 -15.8908186
v 16.17120934 42.71648407 -14.45625114
v 13.89795685 42.71648407 -15.26151466
v 16.03868103 42.71648407 -13.87394524
v 13.74796963 42.71648407 -14.62891102
v 15.91977215 42.71648407 -13.28931046
v 13.61265564 42.71648407 -13.9932642
v 15.81448746 42.71648407 -12.70258331
v 13.49204826 42.71648407 -13.3548336
v 15.72283173 42.71648407 -12.11399651
v 13.38617897 42.71648407 -12.71387291
v 15.644804 42.71648407 -11.52378941
v 13.29508018 42.71648407 -12.07064152
v 15.58041191 42.71648407 -10.93219757
v 13.21878815 42.71648407 -11.42539597
v 15.52965927 42.71648407 -10.33945656
v 13.15733147 42.71648407 -10.77839375
v 15.49254608 42.71648407 -9.74580479
v 13.11074448 42.71648407 -10.12989044
v 15.46907902 42.71648407 -9.15147686
v 13.07906055 42.71648407 -9.4801445
v 15.45926094 42.71648407 -8.55670929
v 13.06231022 42.71648407 -8.82941151
v 15.46309471 42.71648407 -7.96173954
v 13.0605278 42.71648407 -8.17795086
v 15.4805851 42.71648407 -7.36680269
v 13.07374573 42.71648407 -7.52601814
v 15.51173401 42.71648407 -6.77213573
v 13.10198784 42.71648407 -6.87403965
v 15.55654716 42.71648407 -6.17797422
v 13.14518547 42.71648407 -6.2233777
v 15.61502647 42.71648407 -5.58455658
v 13.20326805 42.71648407 -5.57447958
v 15.68717766 42.71648407 -4.99211693
v 13.27616787 42.71648407 -4.92759275
v 15.77299976 42.71648407 -4.40090322
v 13.36381912 42.71648407 -4.2829628
v 15.87234879 42.71648407 -3.8119626
v 13.4661541 42.71648407 -3.64083648
v 15.98507118 42.71648407 -3.22602606
v 13.58310795 42.71648407 -3.00146055
v 16.11108017 42.71648407 -2.64330983
v 13.71461487 42.71648407 -2.36508155
v 16.25029182 42.71648407 -2.06403112
v 13.86060715 42.71648407 -1.73194587
v 16.40262222 42.71648407 -1.48840594
v 14.02101898 42.71648407 -1.10230017
v 16.56798172 42.71648407 -0.91665101
v 14.19578457 42.71648407 -0.47639117
v 16.74629021 42.71648407 -0.34898296
v 14.3848362 42.71648407 0.14553475
v 16.93746185 42.71648407 0.21438183
v 14.58810806 42.71648407 0.76323098
v 17.14141083 42.71648407 0.77322674
v 14.80553436 42.71648407 1.37645102
v 17.3580513 42.71648407 1.32733536
v 15.03704834 42.71648407 1.98494816
v 17.58730125 42.71648407 1.87649107
v 15.28258419 42.71648407 2.58847618
v 17.82907104 42.71648407 2.42047739
v 15.5420742 42.71648407 3.18678808
v 18.08327866 42.71648407 2.9590776
v 15.81539059 42.71648407 3.77950287
v 18.34984016 42.71648407 3.49207544
v 16.10195923 42.71648407 4.36539793
v 18.62866974 42.71648407 4.01925421
v 16.40154076 42.71648407 4.94407129
v 18.91967964 42.71648407 4.54039717
v 16.71397972 42.71648407 5.51532269
v 19.22278786 42.71648407 5.05528688
v 17.03912354 42.71648407 6.07895279
v 19.53750801 42.71648407 5.56308079
v 17.37681961 42.71648407 6.63476038
v 19.86338043 42.71648407 6.06309414
v 17.72691345 42.71648407 7.18254614
v 20.20025253 42.71648407 6.55516148
v 18.08925819 42.71648407 7.72211027
v 20.54796028 42.71648407 7.03911734
v 18.46369553 42.71648407 8.25325203
v 20.90634918 42.71648407 7.51479578
v 18.85007477 42.71648407 8.77577305
v 21.27525711 42.71648407 7.98203182
v 19.24824333 42.71648407 9.28947258
v 21.65452957 42.71648407 8.44066048
v 19.65804863 42.71648407 9.79414845
v 22.04400635 42.71648407 8.89051533
v 20.07933807 42.71648407 10.28960419
v 22.44352722 42.71648407 9.33143044
v 20.51195908 42.71648407 10.77563763
v 22.85293961 42.71648407 9.76324272
v 20.95575523 42.71648407 11.2520504
v 23.27207947 42.71648407 10.18578529
v 21.41058159 42.71648407 11.71864033
v 23.70079422 42.71648407 10.59889221
v 21.87627792 42.71648407 12.17520809
v 24.13892365 42.71648407 11.00239849
v 22.35264969 42.71648407 12.62151241
v 24.58630371 42.71648407 11.3961401
v 22.83876038 42.71648407 13.05667496
v 25.04278374 42.71648407 11.77994919
v 23.33413315 42.71648407 13.48032188
v 25.5082016 42.71648407 12.15366268
v 23.8385582 42.71648407 13.89232826
v 25.98240089 42.71648407 12.51711369
v 24.35181618 42.71648407 14.29256821
v 26.46483421 42.71648407 12.8698597
v 24.87369537 42.71648407 14.68091583
v 26.9546299 42.71648407 13.21129227
v 25.40398026 42.71648407 15.05724525
v 27.45157242 42.71648407 13.54130936
v 25.94246101 42.71648407 15.4214344
v 27.95545578 42.71648407 13.85982132
v 26.48892212 42.71648407 15.77335453
v 28.46607208 42.71648407 14.1667347
v 27.04314423 42.71648407 16.11288261
v 28.98321915 42.71648407 14.46195698
v 27.60492134 42.71648407 16.43989182
v 29.50668716 42.71648407 14.74539948
v 28.17403412 42.71648407 16.7542572
v 30.03627396 42.71648407 15.01697063
v 28.75026894 42.71648407 17.0558567
v 30.57176781 42.71648407 15.27657604
v 29.33341599 42.71648407 17.34455872
v 31.11296844 42.71648407 15.52412605
v 29.92325211 42.71648407 17.62024498
v 31.65966797 42.71648407 15.75952911
v 30.51957703 42.71648407 17.8827858
v 32.21166229 42.71648407 15.98269272
v 31.12216568 42.71648407 18.13205528
v 32.76874161 42.71648407 16.19352531
v 31.73080444 42.71648407 18.36793327
v 33.33070374 42.71648407 16.39193726
v 32.34458542 42.71648407 18.59004593
v 33.89733887 42.71648407 16.57783699
v 32.96260071 42.71648407 18.79809761
v 34.46844864 42.71648407 16.75112915
v 33.5846138 42.71648407 18.9920578
v 35.04381943 42.71648407 16.911726
v 34.21038055 42.71648407 19.17188835
v 35.62308502 42.71648407 17.05949593
v 34.83966064 42.71648407 19.33755684
v 36.20507431 42.71648407 17.19414902
v 35.47220993 42.71648407 19.48903275
v 36.78940582 42.71648407 17.31563187
v 36.10778427 42.71648407 19.62627602
v 37.37585449 42.71648407 17.42394066
v 36.74614716 42.71648407 19.74925613
v 37.96419525 42.71648407 17.51906967
v 37.38705826 42.71648407 19.85793686
v 38.55421448 42.71648407 17.60101128
v 38.03026581 42.71648407 19.95228386
v 39.14569092 42.71648407 17.66975975
v 38.67553711 42.71648407 20.03226471
v 39.73839188 42.71648407 17.72530746
v 39.32262802 42.71648407 20.09784698
v 40.33210373 42.71648407 17.7676506
v 39.97129059 42.71648407 20.14899254
v 40.92660522 42.71648407 17.79677963
v 40.62129211 42.71648407 20.18566895
v 41.52167511 42.71648407 17.81268883
v 41.27238464 42.71648407 20.20784187
v 42.1170845 42.71648407 17.81537247
v 41.92432404 42.71648407 20.21547508
v 42.7126236 42.71648407 17.80482292
v 42.57686996 42.71648407 20.20853996
v 43.30805969 42.71648407 17.78103447
v 43.22952271 42.71648407 20.1870079
v 43.90316772 42.71648407 17.74400139
v 43.88098145 42.71648407 20.15093803
v 44.4977417 42.71648407 17.69371605
v 44.53089142 42.71648407 20.10039139
v 45.09155273 42.71648407 17.63017464
v 45.17903137 42.71648407 20.03542328
v 45.68437576 42.71648407 17.55336571
v 45.82515717 42.71648407 19.95610046
v 46.27532959 42.71648407 17.46339607
v 46.46904373 42.71648407 19.86247826
v 46.86356354 42.71648407 17.36042023
v 47.11045074 42.71648407 19.75461578
v 47.44889069 42.71648407 17.24451256
v 47.74914551 42.71648407 19.63257217
v 48.03109741 42.71648407 17.11575127
v 48.38489914 42.71648407 19.49640846
v 48.60998154 42.71648407 16.97421455
v 49.01747894 42.71648407 19.34618378
v 49.18533325 42.71648407 16.81997681
v 49.64664078 42.71648407 19.18195534
v 49.75695801 42.71648407 16.65311623
v 50.27216339 42.71648407 19.00378418
v 50.32463455 42.71648407 16.47371101
v 50.89380646 42.71648407 18.81172943
v 50.88817978 42.71648407 16.28183556
v 51.51133728 42.71648407 18.60585022
v 51.44737625 42.71648407 16.07756805
v 52.12452316 42.71648407 18.38620758
v 52.0020256 42.71648407 15.86098576
v 52.73313522 42.71648407 18.15285873
v 52.55191422 42.71648407 15.632164
v 53.33692932 42.71648407 17.90586281
v 53.09684753 42.71648407 15.3911829
v 53.93568039 42.71648407 17.64528084
v 53.63661957 42.71648407 15.13811684
v 54.52842331 42.71648407 17.371521
v 54.17102432 42.71648407 14.87304306
v 55.11439514 42.71648407 17.08496475
v 54.69985199 42.71648407 14.59603882
v 55.69340134 42.71648407 16.78575706
v 55.22290802 42.71648407 14.3071804
v 56.26525879 42.71648407 16.47403717
v 55.73989487 42.71648407 14.00659657
v 56.82977676 42.71648407 16.14994812
v 56.24980545 42.71648407 13.69487953
v 57.3867569 42.71648407 15.8136282
v 56.75226593 42.71648407 13.37229729
v 57.93601608 42.71648407 15.46522141
v 57.24712753 42.71648407 13.03899384
v 58.47735977 42.71648407 15.10486984
v 57.73422241 42.71648407 12.69511795
v 59.01059723 42.71648407 14.73271275
v 58.21340179 42.71648407 12.34081459
v 59.53553772 42.71648407 14.34889317
v 58.68450165 42.71648407 11.97623062
v 60.05199051 42.71648407 13.95355225
v 59.14736938 42.71648407 11.60151291
v 60.55976486 42.71648407 13.54683304
v 59.60184479 42.71648407 11.21680641
v 61.05867386 42.71648407 13.12887287
v 60.04776764 42.71648407 10.82225895
v 61.54851913 42.71648407 12.69981766
v 60.48499298 42.71648407 10.41801643
v 62.02911758 42.71648407 12.25980663
v 60.91334915 42.71648407 10.00422668
v 62.50027466 42.71648407 11.8089819
v 61.33267975 42.71648407 9.58103371
v 62.96180344 42.71648407 11.34748459
v 61.742836 42.71648407 9.14858627
v 63.41342545 42.71648407 10.87554169
v 62.14365387 42.71648407 8.70702934
v 63.85425949 42.71648407 10.39408302
v 62.53498077 42.71648407 8.25650978
v 64.28401184 42.71648407 9.90348911
v 62.91665649 42.71648407 7.79717398
v 64.70256042 42.71648407 9.40395927
v 63.28852081 42.71648407 7.32916832
v 65.10978699 42.71648407 8.89569473
v 63.65027618 42.71648407 6.85284328
v 65.50556946 42.71648407 8.37889576
v 64.0012207 42.71648407 6.36912775
v 65.88977814 42.71648407 7.85376358
v 64.34120941 42.71648407 5.87828445
v 66.26229858 42.71648407 7.32049751
v 64.67015839 42.71648407 5.38050699
v 66.62301636 42.71648407 6.77929878
v 64.98797607 42.71648407 4.87598658
v 66.97180176 42.71648407 6.23036766
v 65.29458618 42.71648407 4.36491585
v 67.30853271 42.71648407 5.67390442
v 65.58988953 42.71648407 3.84748697
v 67.63308716 42.71648407 5.11010885
v 65.87378693 42.71648407 3.32389235
v 67.94535065 42.71648407 4.53918266
v 66.14620972 42.71648407 2.79432392
v 68.24520874 42.71648407 3.96132588
v 66.40705872 42.71648407 2.25897408
v 68.53251648 42.71648407 3.37673879
v 66.65625 42.71648407 1.71803498
v 68.80717468 42.71648407 2.78562164
v 66.89368439 42.71648407 1.17169917
v 69.06905365 42.71648407 2.1881752
v 67.11928558 42.71648407 0.62015855
v 69.31803894 42.71648407 1.58459961
v 67.33295441 42.71648407 0.06360561
v 69.55392456 42.71648407 0.97530037
v 67.53461456 42.71648407 -0.49776751
v 69.77632141 42.71648407 0.36128515
v 67.72416687 42.71648407 -1.06376863
v 69.9851532 42.71648407 -0.25713989
v 67.9015274 42.71648407 -1.63420534
v 70.18036652 42.71648407 -0.87974781
v 68.06660461 42.71648407 -2.20888543
v 70.36190796 42.71648407 -1.50631166
v 68.21922302 42.71648407 -2.78728986
v 70.52972412 42.71648407 -2.13660455
v 68.35913086 42.71648407 -3.36834884
v 70.68376923 42.71648407 -2.77039981
v 68.48629761 42.71648407 -3.9518075
v 70.82398987 42.71648407 -3.40747023
v 68.60070801 42.71648407 -4.53745747
v 70.95033264 42.71648407 -4.04758883
v 68.70236206 42.71648407 -5.1250906
v 71.06275177 42.71648407 -4.69052887
v 68.79124451 42.71648407 -5.71449804
v 71.16118622 42.71648407 -5.33606434
v 68.86735535 42.71648407 -6.30547237
v 71.24559021 42.71648407 -5.98395729
v 68.93067932 42.71648407 -6.89780426
v 71.31585693 42.71648407 -6.63342285
v 68.9812088 42.71648407 -7.4912858
v 71.37194824 42.71648407 -7.28391075
v 69.01892853 42.71648407 -8.08570862
v 71.41387177 42.71648407 -7.93518829
v 69.04384613 42.71648407 -8.68086433
v 71.44163513 42.71648407 -8.58702564
v 69.05593109 42.71648407 -9.27654457
v 71.45523834 42.71648407 -9.23919392
v 69.05519104 42.71648407 -9.87254238
v 71.45468903 42.71648407 -9.89146042
v 69.04161072 42.71648407 -10.46864605
v 71.44000244 42.71648407 -10.54359531
v 69.0151825 42.71648407 -11.06465149
v 71.41117096 42.71648407 -11.19536877
v 68.97589111 42.71648407 -11.66034698
v 68.92372894 42.71648407 -12.25552559
v 68.85870361 42.71648407 -12.84997845
v 71.70017242 42.71648407 -11.27105713
v 71.97625732 42.71648407 -11.38520336
v 72.23433685 42.71648407 -11.53570175
v 72.46964264 42.71648407 -11.71977806
v 72.67784119 42.71648407 -11.93403625
v 72.85508728 42.71648407 -12.17452526
v 72.99812317 42.71648407 -12.43681335
v 73.10430145 42.71648407 -12.71605968
v 73.17166901 42.71648407 -13.00711727
v 73.19897461 42.71648407 -13.30461884
v 73.18572998 42.71648407 -13.60307693
v 68.80980682 42.71648407 -13.14470291
v 73.13217163 42.71648407 -13.89698887
v 68.80130005 42.71648407 -13.44333458
v 73.03928375 42.71648407 -14.180933
v 68.83332825 42.71648407 -13.74036407
v 72.90878296 42.71648407 -14.44967651
v 68.90531158 42.71648407 -14.0303154
v 72.74308014 42.71648407 -14.69825935
v 69.01590729 42.71648407 -14.30784225
v 72.54522705 42.71648407 -14.92210197
v 69.16308594 42.71648407 -14.56782722
v 72.31886292 42.71648407 -15.11707306
v 69.34413147 42.71648407 -14.80547333
v 72.06816864 42.71648407 -15.27957916
v 69.55570221 42.71648407 -15.01640129
v 71.7977829 42.71648407 -15.40662289
v 69.79389954 42.71648407 -15.19671822
v 71.51266479 42.71648407 -15.49586201
v 70.05432892 42.71648407 -15.34310246
v 71.21809387 42.71648407 -15.54564857
v 70.33219147 42.71648407 -15.45285225
v 70.919487 42.71648407 -15.55506802
v 70.62236023 42.71648407 -15.5239439
v 41.5078125 67.91648102 -5.56043339
v 41.88358307 67.91648102 -5.59490967
v 42.25328445 67.91648102 -5.67051506
v 42.61241913 67.91648102 -5.78633118
v 42.95663834 67.91648102 -5.94095325
v 43.28176117 67.91648102 -6.13250303
v 43.58383179 67.91648102 -6.35865688
v 43.85919571 67.91648102 -6.61666822
v 44.10449982 67.91648102 -6.90340519
v 44.31677246 67.91648102 -7.21538782
v 44.49344254 67.91648102 -7.54882908
v 44.63235474 67.91648102 -7.89968204
v 44.73182678 67.91648102 -8.26368523
v 44.79064941 67.91648102 -8.63642406
v 44.80811691 67.91648102 -9.01337051
v 44.78400803 67.91648102 -9.38995075
v 44.7186203 67.91648102 -9.76159286
v 44.61273956 67.91648102 -10.12378693
v 44.46766281 67.91648102 -10.47213459
v 44.28514481 67.91648102 -10.80240822
v 44.06739807 67.91648102 -11.11059952
v 43.81707001 67.91648102 -11.39296532
v 43.53720093 67.91648102 -11.64608002
v 43.23118591 67.91648102 -11.86687088
v 42.90274048 67.91648102 -12.05265808
v 42.55585098 67.91648102 -12.20118427
v 42.19472504 67.91648102 -12.31064892
v 41.82374954 67.91648102 -12.3797226
v 41.44742584 67.91648102 -12.40756607
v 41.07032776 67.91648102 -12.3938427
v 40.69702148 67.91648102 -12.33871841
v 40.33205032 67.91648102 -12.24286175
v 39.97983551 67.91648102 -12.10743713
v 39.64465714 67.91648102 -11.93408775
v 39.33058548 67.91648102 -11.72491837
v 39.04142761 67.91648102 -11.48246765
v 38.78070068 67.91648102 -11.2096796
v 38.55155945 67.91648102 -10.90986347
v 38.35679245 67.91648102 -10.58666134
v 38.1987648 67.91648102 -10.24399376
v 38.07939148 67.91648102 -9.88602257
v 38.00012207 67.91648102 -9.5170908
v 37.96191788 67.91648102 -9.14167881
v 37.96524429 67.91648102 -8.76434231
v 38.01006317 67.91648102 -8.38966179
v 38.0958252 67.91648102 -8.02218628
v 38.22149658 67.91648102 -7.66637516
v 38.38554382 67.91648102 -7.3265481
v 38.58597946 67.91648102 -7.00683069
v 38.82036972 67.91648102 -6.71110344
v 39.08586884 67.91648102 -6.44295502
v 39.3792572 67.91648102 -6.20564222
v 39.69697189 67.91648102 -6.00204468
v 40.03515244 67.91648102 -5.83463383
v 40.38970184 67.91648102 -5.70544147
v 40.75630569 67.91648102 -5.61603642
v 41.13052368 67.91648102 -5.56750393
v 42.14228821 67.91648102 -3.84297895
v 37.31102371 67.91648102 -5.75581026
v 36.55195618 67.91648102 -10.89622021
v 40.62414551 67.91648102 -14.12379837
v 45.45540619 67.91648102 -12.21096802
v 46.21447754 67.91648102 -7.07055759
v 36.55195618 56.71648407 -10.89622021
v 37.31102371 56.71648407 -5.75581026
v 40.62414551 56.71648407 -14.12379837
v 45.45540619 56.71648407 -12.21096802
v 47.05484009 42.51648331 -8.7864666
v 47.01743698 42.51648331 -8.30379295
v 46.99404144 41.91648483 -8.13190556
v 47.04602051 41.91648483 -8.61080074
v 46.93903351 42.51648331 -7.82606316
v 46.90163422 41.91648483 -7.6591444
v 46.82019806 42.51648331 -7.35675383
v 46.76947021 41.91648483 -7.1959219
v 46.66179657 42.51648331 -6.89928102
v 46.59850311 41.91648483 -6.74557734
v 46.46497726 42.51648331 -6.45697308
v 46.38995361 41.91648483 -6.31135416
v 46.23117828 42.51648331 -6.03304911
v 46.14532852 41.91648483 -5.89638186
v 45.9621048 42.51648331 -5.63059425
v 45.86639404 41.91648483 -5.50364923
v 45.65970612 42.51648331 -5.2525382
v 45.55516052 41.91648483 -5.1359868
v 45.3261795 42.51648331 -4.9016304
v 45.21386719 41.91648483 -4.7960434
v 44.96396637 42.51648331 -4.58042622
v 44.84497452 41.91648483 -4.486269
v 44.57569122 42.51648331 -4.29126215
v 44.45114136 41.91648483 -4.20889425
v 44.16418076 42.51648331 -4.03624344
v 44.03520203 41.91648483 -3.96591806
v 43.73243713 42.51648331 -3.81722474
v 43.60015869 41.91648483 -3.75909138
v 43.28359604 42.51648331 -3.63580084
v 43.1491394 41.91648483 -3.58990455
v 42.82092667 42.51648331 -3.49329185
v 42.68539429 41.91648483 -3.45957613
v 42.34779358 42.51648331 -3.39073467
v 42.21227264 41.91648483 -3.36904526
v 41.86763763 42.51648331 -3.32887626
v 41.73317337 41.91648483 -3.31896424
v 41.38396454 42.51648331 -3.30816603
v 41.2515564 41.91648483 -3.30969381
v 40.90027618 42.51648331 -3.3287549
v 40.77088928 41.91648483 -3.34130144
v 40.42011261 42.51648331 -3.39049315
v 40.29462814 41.91648483 -3.41355824
v 39.94695282 42.51648331 -3.49293184
v 39.82621384 41.91648483 -3.52594423
v 39.4842453 42.51648331 -3.63532448
v 39.36901855 41.91648483 -3.67764974
v 39.03535843 42.51648331 -3.81663585
v 38.9263382 41.91648483 -3.86758184
v 38.60355759 42.51648331 -4.0355463
v 38.50135422 41.91648483 -4.09437132
v 38.19198608 42.51648331 -4.29046202
v 38.09713745 41.91648483 -4.35638523
v 37.80364227 42.51648331 -4.57952881
v 37.71659851 41.91648483 -4.65173531
v 37.44134521 42.51648331 -4.9006424
v 37.36247635 41.91648483 -4.97829294
v 37.10773087 42.51648331 -5.25146675
v 37.037323 41.91648483 -5.3337059
v 36.80523682 42.51648331 -5.62944698
v 36.7434845 41.91648483 -5.71541309
v 36.53606033 42.51648331 -6.0318346
v 36.48307419 41.91648483 -6.12066507
v 36.30215454 42.51648331 -6.45569897
v 36.2579689 41.91648483 -6.54654074
v 36.10522842 42.51648331 -6.8979578
v 36.0697937 41.91648483 -6.98997307
v 35.94670868 42.51648331 -7.3553915
v 35.9199028 41.91648483 -7.4477663
v 35.82775497 42.51648331 -7.82467079
v 35.80937195 41.91648483 -7.91662169
v 35.74923325 42.51648331 -8.30238152
v 35.73900223 41.91648483 -8.39316177
v 35.71171188 42.51648331 -8.78504562
v 35.70930099 41.91648483 -8.87395287
v 35.71546173 42.51648331 -9.26915169
v 35.72047806 41.91648483 -9.35553074
v 35.76045609 42.51648331 -9.75117683
v 35.77246094 41.91648483 -9.83442497
v 35.84637451 42.51648331 -10.2276125
v 35.86486435 41.91648483 -10.30718708
v 35.97258759 42.51648331 -10.69499207
v 35.99702835 41.91648483 -10.77040863
v 36.13817596 42.51648331 -11.14991379
v 36.16799927 41.91648483 -11.22075462
v 36.34193039 42.51648331 -11.58906841
v 36.37654877 41.91648483 -11.6549778
v 36.58237839 42.51648331 -12.00925732
v 36.62117386 41.91648483 -12.0699501
v 36.85775757 42.51648331 -12.40742588
v 36.90010452 41.91648483 -12.46268272
v 37.16607666 42.51648331 -12.78067398
v 37.21133804 41.91648483 -12.8303442
v 37.50508118 42.51648331 -13.12628555
v 37.55263138 41.91648483 -13.17028809
v 37.87231064 42.51648331 -13.4417448
v 37.92152405 41.91648483 -13.48006248
v 38.26509094 42.51648331 -13.72476006
v 38.31535721 41.91648483 -13.75743771
v 38.68056488 42.51648331 -13.9732666
v 38.73130035 41.91648483 -14.00041389
v 39.11570358 42.51648331 -14.18545914
v 39.16634369 41.91648483 -14.2072401
v 39.56734467 42.51648331 -14.35979271
v 39.61736298 41.91648483 -14.3764267
v 40.03220367 42.51648331 -14.49499893
v 40.08110428 41.91648483 -14.50675488
v 40.50689316 42.51648331 -14.59009171
v 40.55422974 41.91648483 -14.59728622
v 40.98796082 42.51648331 -14.64438248
v 41.0333252 41.91648483 -14.64736748
v 41.47190475 42.51648331 -14.65747356
v 41.51494598 41.91648483 -14.65663815
v 41.95520401 42.51648331 -14.6292696
v 41.99561691 41.91648483 -14.62503052
v 42.43434143 42.51648331 -14.55997849
v 42.47187042 41.91648483 -14.55277348
v 42.90582657 42.51648331 -14.45010185
v 42.94028854 41.91648483 -14.44038773
v 43.36623383 42.51648331 -14.30043983
v 43.39748001 41.91648483 -14.28868198
v 43.84016418 41.91648483 -14.09875011
v 44.26514435 41.91648483 -13.87195969
v 44.66936111 41.91648483 -13.6099453
v 45.04990005 41.91648483 -13.31459618
v 45.40402222 41.91648483 -12.98803902
v 45.72917557 41.91648483 -12.63262653
v 46.02301788 41.91648483 -12.25091839
v 46.28342438 41.91648483 -11.84566593
v 46.50852585 41.91648483 -11.41979122
v 46.69670486 41.91648483 -10.97635841
v 46.84659958 41.91648483 -10.51856518
v 46.95712662 41.91648483 -10.04971027
v 47.02749634 41.91648483 -9.57316971
v 47.05719757 41.91648483 -9.09237957
v 43.27671051 42.51648331 -14.30813026
v 43.24785614 42.51648331 -14.31662178
v 42.7895546 42.51648331 -14.45535183
v 42.32114792 42.51648331 -14.55477619
v 41.8460083 42.51648331 -14.61418247
v 41.36754608 42.51648331 -14.63314438
v 40.88919067 42.51648331 -14.61152267
v 40.41439056 42.51648331 -14.54947567
v 39.94654846 42.51648331 -14.44744873
v 39.48902512 42.51648331 -14.30617332
v 39.04510498 42.51648331 -14.12666416
v 38.61798096 42.51648331 -13.91021156
v 38.21071625 42.51648331 -13.65837002
v 37.82624054 42.51648331 -13.37294769
v 37.46731186 42.51648331 -13.05599594
v 37.13651276 42.51648331 -12.70979023
v 36.83621597 42.51648331 -12.33681774
v 36.56857681 42.51648331 -11.93975639
v 36.3355217 42.51648331 -11.52145958
v 36.13872147 42.51648331 -11.08493233
v 35.97959137 42.51648331 -10.63330746
v 35.859272 42.51648331 -10.16983032
v 35.77863312 42.51648331 -9.6978302
v 35.73824692 42.51648331 -9.2206974
v 35.73840714 42.51648331 -8.74185753
v 35.77910995 42.51648331 -8.26475143
v 35.86006927 42.51648331 -7.79280567
v 35.98069763 42.51648331 -7.32940912
v 36.14012909 42.51648331 -6.87789059
v 36.33721924 42.51648331 -6.44149399
v 36.57055664 42.51648331 -6.02335405
v 36.83845901 42.51648331 -5.62647247
v 37.13900757 42.51648331 -5.25370073
v 37.47003937 42.51648331 -4.90771675
v 37.82917786 42.51648331 -4.59100485
v 38.21384811 42.51648331 -4.30584002
v 38.62127686 42.51648331 -4.05427074
v 39.04854584 42.51648331 -3.83810425
v 39.49258423 42.51648331 -3.65889263
v 39.95020294 42.51648331 -3.51792312
v 40.41811371 42.51648331 -3.41620827
v 40.89295959 42.51648331 -3.35447907
v 41.37132645 42.51648331 -3.33317852
v 41.84977722 42.51648331 -3.35245943
v 42.32487488 42.51648331 -3.41218376
v 42.79321289 42.51648331 -3.51192236
v 43.25142288 42.51648331 -3.65095878
v 43.69621277 42.51648331 -3.82829452
v 44.12439346 42.51648331 -4.04265594
v 44.53288269 42.51648331 -4.29250288
v 44.91874695 42.51648331 -4.57604122
v 45.27922058 42.51648331 -4.8912344
v 45.61170959 42.51648331 -5.23581791
v 45.9138298 42.51648331 -5.60731792
v 46.18340302 42.51648331 -6.00306463
v 46.41850281 42.51648331 -6.42021656
v 46.61743546 42.51648331 -6.85577774
v 46.77877426 42.51648331 -7.30661821
v 46.90135956 42.51648331 -7.76950121
v 46.98430634 42.51648331 -8.24110126
v 43.30621338 42.51648331 -14.30257988
v 43.33613586 42.51648331 -14.30000496
v 37.9949913 41.91648483 -8.48283195
v 38.0705986 41.91648483 -8.11313248
v 38.18641281 41.91648483 -7.75399303
v 38.34103394 41.91648483 -7.40977526
v 38.53258514 41.91648483 -7.08465624
v 38.75873947 41.91648483 -6.78258228
v 39.01675034 41.91648483 -6.50722075
v 39.30348969 41.91648483 -6.26191378
v 39.61547089 41.91648483 -6.04963875
v 39.94891357 41.91648483 -5.87297344
v 40.29976273 41.91648483 -5.73406124
v 40.66376495 41.91648483 -5.63458872
v 41.03650665 41.91648483 -5.57576275
v 41.41345596 41.91648483 -5.55829906
v 41.79003143 41.91648483 -5.58240843
v 42.1616745 41.91648483 -5.64779806
v 42.52387238 41.91648483 -5.75367451
v 42.87221909 41.91648483 -5.89875269
v 43.20249176 41.91648483 -6.08127165
v 43.51068115 41.91648483 -6.299016
v 43.79304886 41.91648483 -6.54934168
v 44.04616547 41.91648483 -6.82921124
v 44.26695251 41.91648483 -7.13522625
v 44.45273972 41.91648483 -7.46367264
v 44.60126877 41.91648483 -7.81056404
v 44.71073151 41.91648483 -8.17168999
v 44.77980804 41.91648483 -8.54266453
v 44.80764771 41.91648483 -8.91898727
v 44.79392624 41.91648483 -9.29608917
v 44.73880005 41.91648483 -9.66939163
v 44.64294434 41.91648483 -10.03436565
v 44.50751877 41.91648483 -10.38657761
v 44.33416748 41.91648483 -10.72175598
v 44.125 41.91648483 -11.03582954
v 43.8825531 41.91648483 -11.32498646
v 43.6097641 41.91648483 -11.58571625
v 43.30994415 41.91648483 -11.81485558
v 42.98674774 41.91648483 -12.00962162
v 42.6440773 41.91648483 -12.16765022
v 42.28610611 41.91648483 -12.2870245
v 41.91717148 41.91648483 -12.36629391
v 41.54176331 41.91648483 -12.40449524
v 41.16442871 41.91648483 -12.40116882
v 40.78974152 41.91648483 -12.35634995
v 40.42226791 41.91648483 -12.27058792
v 40.06645584 41.91648483 -12.14491844
v 39.72663116 41.91648483 -11.9808712
v 39.40691376 41.91648483 -11.78043556
v 39.11118317 41.91648483 -11.54604435
v 38.84303665 41.91648483 -11.28054428
v 38.60572433 41.91648483 -10.98715687
v 38.40212631 41.91648483 -10.66944218
v 38.23471451 41.91648483 -10.33125973
v 38.10552216 41.91648483 -9.97671318
v 38.01612091 41.91648483 -9.61010647
v 37.96758652 41.91648483 -9.23588943
v 37.96051407 41.91648483 -8.85860443
v 46.21447754 56.71648407 -7.07055759
v 42.14228821 56.71648407 -3.84297895
v 43.29678345 54.83227158 -14.30460167
v 43.27206421 54.83227158 -14.30945206
v 43.29678345 54.14806366 -14.30460167
v 43.27206421 54.14806366 -14.30945206
v 43.29678345 53.46385193 -14.30460167
v 43.27206421 53.46385193 -14.30945206
v 43.29678345 52.7796402 -14.30460167
v 43.27206421 52.7796402 -14.30945206
v 43.29678345 52.09543228 -14.30460167
v 43.27206421 52.09543228 -14.30945206
v 43.29678345 51.41121674 -14.30460167
v 43.27206421 51.41121674 -14.30945206
v 43.29678345 50.72700882 -14.30460167
v 43.27206421 50.72700882 -14.30945206
v 43.29678345 50.0428009 -14.30460167
v 43.27206421 50.0428009 -14.30945206
v 43.29678345 49.35858917 -14.30460167
v 43.27206421 49.35858917 -14.30945206
v 43.29678345 48.67437744 -14.30460167
v 43.27206421 48.67437744 -14.30945206
v 43.29678345 47.99016953 -14.30460167
v 43.27206421 47.99016953 -14.30945206
v 43.29678345 47.30595398 -14.30460167
v 43.27206421 47.30595398 -14.30945206
v 43.29678345 46.62174606 -14.30460167
v 43.27206421 46.62174606 -14.30945206
v 43.29678345 45.93753815 -14.30460167
v 43.27206421 45.93753815 -14.30945206
v 43.29678345 45.25332642 -14.30460167
v 43.27206421 45.25332642 -14.30945206
v 43.29678345 44.56911469 -14.30460167
v 43.27206421 44.56911469 -14.30945206
v 43.29678345 43.88490677 -14.30460167
v 43.27206421 43.88490677 -14.30945206
v 43.29678345 43.20069122 -14.30460167
v 43.27206421 43.20069122 -14.30945206
v 43.34709549 54.83227158 -14.3015852
v 43.34709549 54.14806366 -14.3015852
v 43.34709549 53.46385193 -14.3015852
v 43.34709549 52.7796402 -14.3015852
v 43.34709549 52.09543228 -14.3015852
v 43.34709549 51.41121674 -14.3015852
v 43.34709549 50.72700882 -14.3015852
v 43.34709549 50.0428009 -14.3015852
v 43.34709549 49.35858917 -14.3015852
v 43.34709549 48.67437744 -14.3015852
v 43.34709549 47.99016953 -14.3015852
v 43.34709549 47.30595398 -14.3015852
v 43.34709549 46.62174606 -14.3015852
v 43.34709549 45.93753815 -14.3015852
v 43.34709549 45.25332642 -14.3015852
v 43.34709549 44.56911469 -14.3015852
v 43.34709549 43.88490677 -14.3015852
v 43.34709549 43.20069122 -14.3015852
v 43.39741516 54.83227158 -14.30701256
v 43.39741516 54.14806366 -14.30701256
v 43.39741516 53.46385193 -14.30701256
v 43.39741516 52.7796402 -14.30701256
v 43.39741516 52.09543228 -14.30701256
v 43.39741516 51.41121674 -14.30701256
v 43.39741516 50.72700882 -14.30701256
v 43.39741516 50.0428009 -14.30701256
v 43.39741516 49.35858917 -14.30701256
v 43.39741516 48.67437744 -14.30701256
v 43.39741516 47.99016953 -14.30701256
v 43.39741516 47.30595398 -14.30701256
v 43.39741516 46.62174606 -14.30701256
v 43.39741516 45.93753815 -14.30701256
v 43.39741516 45.25332642 -14.30701256
v 43.39741516 44.56911469 -14.30701256
v 43.39741516 43.88490677 -14.30701256
v 43.39741516 43.20069122 -14.30701256
v 43.44638443 54.83227158 -14.32032394
v 43.44638443 54.14806366 -14.32032394
v 43.44638443 53.46385193 -14.32032394
v 43.44638443 52.7796402 -14.32032394
v 43.44638443 52.09543228 -14.32032394
v 43.44638443 51.41121674 -14.32032394
v 43.44638443 50.72700882 -14.32032394
v 43.44638443 50.0428009 -14.32032394
v 43.44638443 49.35858917 -14.32032394
v 43.44638443 48.67437744 -14.32032394
v 43.44638443 47.99016953 -14.32032394
v 43.44638443 47.30595398 -14.32032394
v 43.44638443 46.62174606 -14.32032394
v 43.44638443 45.93753815 -14.32032394
v 43.44638443 45.25332642 -14.32032394
v 43.44638443 44.56911469 -14.32032394
v 43.44638443 43.88490677 -14.32032394
v 43.44638443 43.20069122 -14.32032394
v 43.49264145 54.83227158 -14.3409586
v 43.49264145 54.14806366 -14.3409586
v 43.49264145 53.46385193 -14.3409586
v 43.49264145 52.7796402 -14.3409586
v 43.49264145 52.09543228 -14.3409586
v 43.49264145 51.41121674 -14.3409586
v 43.49264145 50.72700882 -14.3409586
v 43.49264145 50.0428009 -14.3409586
v 43.49264145 49.35858917 -14.3409586
v 43.49264145 48.67437744 -14.3409586
v 43.49264145 47.99016953 -14.3409586
v 43.49264145 47.30595398 -14.3409586
v 43.49264145 46.62174606 -14.3409586
v 43.49264145 45.93753815 -14.3409586
v 43.49264145 45.25332642 -14.3409586
v 43.49264145 44.56911469 -14.3409586
v 43.49264145 43.88490677 -14.3409586
v 43.49264145 43.20069122 -14.3409586
v 43.53482056 54.83227158 -14.36835766
v 43.53482056 54.14806366 -14.36835766
v 43.53482056 53.46385193 -14.36835766
v 43.53482056 52.7796402 -14.36835766
v 43.53482056 52.09543228 -14.36835766
v 43.53482056 51.41121674 -14.36835766
v 43.53482056 50.72700882 -14.36835766
v 43.53482056 50.0428009 -14.36835766
v 43.53482056 49.35858917 -14.36835766
v 43.53482056 48.67437744 -14.36835766
v 43.53482056 47.99016953 -14.36835766
v 43.53482056 47.30595398 -14.36835766
v 43.53482056 46.62174606 -14.36835766
v 43.53482056 45.93753815 -14.36835766
v 43.53482056 45.25332642 -14.36835766
v 43.53482056 44.56911469 -14.36835766
v 43.53482056 43.88490677 -14.36835766
v 43.53482056 43.20069122 -14.36835766
v 43.57156372 54.83227158 -14.40196037
v 43.57156372 54.14806366 -14.40196037
v 43.57156372 53.46385193 -14.40196037
v 43.57156372 52.7796402 -14.40196037
v 43.57156372 52.09543228 -14.40196037
v 43.57156372 51.41121674 -14.40196037
v 43.57156372 50.72700882 -14.40196037
v 43.57156372 50.0428009 -14.40196037
v 43.57156372 49.35858917 -14.40196037
v 43.57156372 48.67437744 -14.40196037
v 43.57156372 47.99016953 -14.40196037
v 43.57156372 47.30595398 -14.40196037
v 43.57156372 46.62174606 -14.40196037
v 43.57156372 45.93753815 -14.40196037
v 43.57156372 45.25332642 -14.40196037
v 43.57156372 44.56911469 -14.40196037
v 43.57156372 43.88490677 -14.40196037
v 43.57156372 43.20069122 -14.40196037
v 43.58747101 54.83227158 -14.4209137
v 43.58747101 54.14806366 -14.4209137
v 43.58747101 53.46385193 -14.4209137
v 43.58747101 52.7796402 -14.4209137
v 43.58747101 52.09543228 -14.4209137
v 43.58747101 51.41121674 -14.4209137
v 43.58747101 50.72700882 -14.4209137
v 43.58747101 50.0428009 -14.4209137
v 43.58747101 49.35858917 -14.4209137
v 43.58747101 48.67437744 -14.4209137
v 43.58747101 47.99016953 -14.4209137
v 43.58747101 47.30595398 -14.4209137
v 43.58747101 46.62174606 -14.4209137
v 43.58747101 45.93753815 -14.4209137
v 43.58747101 45.25332642 -14.4209137
v 43.58747101 44.56911469 -14.4209137
v 43.58747101 43.88490677 -14.4209137
v 43.58747101 43.20069122 -14.4209137
v 43.62352753 54.83227158 -14.48538876
v 43.61352921 54.83227158 -14.4627552
v 43.62352753 54.14806366 -14.48538876
v 43.61352921 54.14806366 -14.4627552
v 43.62352753 53.46385193 -14.48538876
v 43.61352921 53.46385193 -14.4627552
v 43.62352753 52.7796402 -14.48538876
v 43.61352921 52.7796402 -14.4627552
v 43.62352753 52.09543228 -14.48538876
v 43.61352921 52.09543228 -14.4627552
v 43.62352753 51.41121674 -14.48538876
v 43.61352921 51.41121674 -14.4627552
v 43.62352753 50.72700882 -14.48538876
v 43.61352921 50.72700882 -14.4627552
v 43.62352753 50.0428009 -14.48538876
v 43.61352921 50.0428009 -14.4627552
v 43.62352753 49.35858917 -14.48538876
v 43.61352921 49.35858917 -14.4627552
v 43.62352753 48.67437744 -14.48538876
v 43.61352921 48.67437744 -14.4627552
v 43.62352753 47.99016953 -14.48538876
v 43.61352921 47.99016953 -14.4627552
v 43.62352753 47.30595398 -14.48538876
v 43.61352921 47.30595398 -14.4627552
v 43.62352753 46.62174606 -14.48538876
v 43.61352921 46.62174606 -14.4627552
v 43.62352753 45.93753815 -14.48538876
v 43.61352921 45.93753815 -14.4627552
v 43.62352753 45.25332642 -14.48538876
v 43.61352921 45.25332642 -14.4627552
v 43.62352753 44.56911469 -14.48538876
v 43.61352921 44.56911469 -14.4627552
v 43.62352753 43.88490677 -14.48538876
v 43.61352921 43.88490677 -14.4627552
v 43.62352753 43.20069122 -14.48538876
v 43.61352921 43.20069122 -14.4627552
v 43.6374855 54.83227158 -14.53318501
v 43.6374855 54.14806366 -14.53318501
v 43.6374855 53.46385193 -14.53318501
v 43.6374855 52.7796402 -14.53318501
v 43.6374855 52.09543228 -14.53318501
v 43.6374855 51.41121674 -14.53318501
v 43.6374855 50.72700882 -14.53318501
v 43.6374855 50.0428009 -14.53318501
v 43.6374855 49.35858917 -14.53318501
v 43.6374855 48.67437744 -14.53318501
v 43.6374855 47.99016953 -14.53318501
v 43.6374855 47.30595398 -14.53318501
v 43.6374855 46.62174606 -14.53318501
v 43.6374855 45.93753815 -14.53318501
v 43.6374855 45.25332642 -14.53318501
v 43.6374855 44.56911469 -14.53318501
v 43.6374855 43.88490677 -14.53318501
v 43.6374855 43.20069122 -14.53318501
v 43.64347458 54.83227158 -14.58312511
v 43.64347458 54.14806366 -14.58312511
v 43.64347458 53.46385193 -14.58312511
v 43.64347458 52.7796402 -14.58312511
v 43.64347458 52.09543228 -14.58312511
v 43.64347458 51.41121674 -14.58312511
v 43.64347458 50.72700882 -14.58312511
v 43.64347458 50.0428009 -14.58312511
v 43.64347458 49.35858917 -14.58312511
v 43.64347458 48.67437744 -14.58312511
v 43.64347458 47.99016953 -14.58312511
v 43.64347458 47.30595398 -14.58312511
v 43.64347458 46.62174606 -14.58312511
v 43.64347458 45.93753815 -14.58312511
v 43.64347458 45.25332642 -14.58312511
v 43.64347458 44.56911469 -14.58312511
v 43.64347458 43.88490677 -14.58312511
v 43.64347458 43.20069122 -14.58312511
v 43.64159393 54.83227158 -14.63374043
v 43.64159393 54.14806366 -14.63374043
v 43.64159393 53.46385193 -14.63374043
v 43.64159393 52.7796402 -14.63374043
v 43.64159393 52.09543228 -14.63374043
v 43.64159393 51.41121674 -14.63374043
v 43.64159393 50.72700882 -14.63374043
v 43.64159393 50.0428009 -14.63374043
v 43.64159393 49.35858917 -14.63374043
v 43.64159393 48.67437744 -14.63374043
v 43.64159393 47.99016953 -14.63374043
v 43.64159393 47.30595398 -14.63374043
v 43.64159393 46.62174606 -14.63374043
v 43.64159393 45.93753815 -14.63374043
v 43.64159393 45.25332642 -14.63374043
v 43.64159393 44.56911469 -14.63374043
v 43.64159393 43.88490677 -14.63374043
v 43.64159393 43.20069122 -14.63374043
v 43.63195038 54.83227158 -14.68356133
v 43.63195038 54.14806366 -14.68356133
v 43.63195038 53.46385193 -14.68356133
v 43.63195038 52.7796402 -14.68356133
v 43.63195038 52.09543228 -14.68356133
v 43.63195038 51.41121674 -14.68356133
v 43.63195038 50.72700882 -14.68356133
v 43.63195038 50.0428009 -14.68356133
v 43.63195038 49.35858917 -14.68356133
v 43.63195038 48.67437744 -14.68356133
v 43.63195038 47.99016953 -14.68356133
v 43.63195038 47.30595398 -14.68356133
v 43.63195038 46.62174606 -14.68356133
v 43.63195038 45.93753815 -14.68356133
v 43.63195038 45.25332642 -14.68356133
v 43.63195038 44.56911469 -14.68356133
v 43.63195038 43.88490677 -14.68356133
v 43.63195038 43.20069122 -14.68356133
v 43.61463165 54.83227158 -14.73111629
v 43.61463165 54.14806366 -14.73111629
v 43.61463165 53.46385193 -14.73111629
v 43.61463165 52.7796402 -14.73111629
v 43.61463165 52.09543228 -14.73111629
v 43.61463165 51.41121674 -14.73111629
v 43.61463165 50.72700882 -14.73111629
v 43.61463165 50.0428009 -14.73111629
v 43.61463165 49.35858917 -14.73111629
v 43.61463165 48.67437744 -14.73111629
v 43.61463165 47.99016953 -14.73111629
v 43.61463165 47.30595398 -14.73111629
v 43.61463165 46.62174606 -14.73111629
v 43.61463165 45.93753815 -14.73111629
v 43.61463165 45.25332642 -14.73111629
v 43.61463165 44.56911469 -14.73111629
v 43.61463165 43.88490677 -14.73111629
v 43.61463165 43.20069122 -14.73111629
v 43.58973694 54.83227158 -14.77493858
v 43.58973694 54.14806366 -14.77493858
v 43.58973694 53.46385193 -14.77493858
v 43.58973694 52.7796402 -14.77493858
v 43.58973694 52.09543228 -14.77493858
v 43.58973694 51.41121674 -14.77493858
v 43.58973694 50.72700882 -14.77493858
v 43.58973694 50.0428009 -14.77493858
v 43.58973694 49.35858917 -14.77493858
v 43.58973694 48.67437744 -14.77493858
v 43.58973694 47.99016953 -14.77493858
v 43.58973694 47.30595398 -14.77493858
v 43.58973694 46.62174606 -14.77493858
v 43.58973694 45.93753815 -14.77493858
v 43.58973694 45.25332642 -14.77493858
v 43.58973694 44.56911469 -14.77493858
v 43.58973694 43.88490677 -14.77493858
v 43.58973694 43.20069122 -14.77493858
v 43.57448196 54.83227158 -14.79498959
v 43.57448196 54.14806366 -14.79498959
v 43.57448196 53.46385193 -14.79498959
v 43.57448196 52.7796402 -14.79498959
v 43.57448196 52.09543228 -14.79498959
v 43.57448196 51.41121674 -14.79498959
v 43.57448196 50.72700882 -14.79498959
v 43.57448196 50.0428009 -14.79498959
v 43.57448196 49.35858917 -14.79498959
v 43.57448196 48.67437744 -14.79498959
v 43.57448196 47.99016953 -14.79498959
v 43.57448196 47.30595398 -14.79498959
v 43.57448196 46.62174606 -14.79498959
v 43.57448196 45.93753815 -14.79498959
v 43.57448196 45.25332642 -14.79498959
v 43.57448196 44.56911469 -14.79498959
v 43.57448196 43.88490677 -14.79498959
v 43.57448196 43.20069122 -14.79498959
v 43.55737305 49.11648178 -14.81355572
v 43.60150909 43.20069122 -14.44120789
v 43.60150909 43.88490677 -14.44120789
v 43.60150909 44.56911469 -14.44120789
v 43.60150909 45.25332642 -14.44120789
v 43.60150909 45.93753815 -14.44120789
v 43.60150909 46.62174606 -14.44120789
v 43.60150909 47.30595398 -14.44120789
v 43.60150909 47.99016953 -14.44120789
v 43.60150909 48.67437744 -14.44120789
v 43.60150909 49.35858917 -14.44120789
v 43.60150909 50.0428009 -14.44120789
v 43.60150909 50.72700882 -14.44120789
v 43.60150909 51.41121674 -14.44120789
v 43.60150909 52.09543228 -14.44120789
v 43.60150909 52.7796402 -14.44120789
v 43.60150909 53.46385193 -14.44120789
v 43.60150909 54.14806366 -14.44120789
v 43.60150909 54.83227158 -14.44120789
v 43.24785614 49.01648712 -14.31662178
v 42.84792328 49.6164856 -14.44001675
v 42.7014389 56.71648407 -14.47724247
v 43.16262054 56.71648407 -14.34566021
v 42.37340927 49.6164856 -14.54572678
v 41.89155579 49.6164856 -14.61025429
v 41.40594482 49.6164856 -14.63312054
v 40.9201622 49.6164856 -14.61415672
v 40.43780899 49.6164856 -14.55350113
v 39.96245575 49.6164856 -14.4516077
v 39.49762344 49.6164856 -14.30922508
v 39.04592896 49.6164856 -14.12703705
v 38.61317444 49.6164856 -13.90751266
v 38.20010757 49.6164856 -13.65115356
v 37.81060791 49.6164856 -13.36023521
v 37.44756317 49.6164856 -13.03691101
v 37.11365128 49.6164856 -12.68357372
v 36.81135178 49.6164856 -12.30284119
v 36.54290009 49.6164856 -11.8975296
v 36.31028748 49.6164856 -11.47064209
v 36.11523056 49.6164856 -11.02533722
v 35.95917511 49.6164856 -10.5649128
v 35.84328079 49.6164856 -10.09277821
v 35.7684021 49.6164856 -9.61242867
v 35.73509216 49.6164856 -9.12741947
v 35.74359894 49.6164856 -8.64134216
v 35.79386139 49.6164856 -8.15779686
v 35.88550568 49.6164856 -7.68036127
v 36.01785278 49.6164856 -7.21257162
v 36.18992233 49.6164856 -6.7578907
v 36.40044403 49.6164856 -6.31968498
v 36.64785385 49.6164856 -5.90119839
v 36.93032455 49.6164856 -5.50553036
v 37.24576187 49.6164856 -5.13560867
v 37.59183502 49.6164856 -4.79417372
v 37.9659729 49.6164856 -4.48375177
v 38.36541748 49.6164856 -4.20664263
v 38.78720093 49.6164856 -3.96489668
v 39.22820282 49.6164856 -3.76030469
v 39.68516541 49.6164856 -3.59438062
v 40.1546936 49.6164856 -3.46835351
v 40.63332367 49.6164856 -3.38315606
v 41.11750031 49.6164856 -3.33941913
v 41.60365295 49.6164856 -3.33746624
v 42.08816528 49.6164856 -3.37731242
v 42.56746292 49.6164856 -3.45866227
v 43.03799057 49.6164856 -3.58091354
v 43.49626923 49.6164856 -3.7431612
v 43.93890381 49.6164856 -3.94420409
v 44.36261749 49.6164856 -4.18255377
v 44.76427078 49.6164856 -4.45644569
v 45.14089584 49.6164856 -4.76385164
v 45.4896965 49.6164856 -5.10249567
v 45.80809784 49.6164856 -5.46987104
v 46.09373474 49.6164856 -5.86325741
v 46.25050354 56.71648407 -6.11396694
v 45.98964691 56.71648407 -5.71153116
v 46.34449768 49.6164856 -6.27974272
v 46.47629547 56.71648407 -6.53707552
v 46.55853271 49.6164856 -6.71624374
v 46.66539001 56.71648407 -6.977808
v 46.73425293 49.6164856 -7.16952753
v 46.81642914 56.71648407 -7.4329896
v 46.87034988 49.6164856 -7.63623905
v 46.92832184 56.71648407 -7.89933968
v 46.96582794 49.6164856 -8.11292267
v 47.0002594 56.71648407 -8.37349987
v 47.03172684 56.71648407 -8.85205173
v 47.02249908 56.71648407 -9.33154869
v 46.97263718 56.71648407 -9.80853462
v 46.88250732 56.71648407 -10.27957439
v 46.75275421 56.71648407 -10.74127388
v 46.58431244 56.71648407 -11.19030571
v 46.37839508 56.71648407 -11.62343502
v 46.13648987 56.71648407 -12.03754234
v 45.8603363 56.71648407 -12.42964172
v 45.55192566 56.71648407 -12.79690838
v 45.21347809 56.71648407 -13.13669777
v 44.847435 56.71648407 -13.44656086
v 44.45643616 56.71648407 -13.7242651
v 44.043293 56.71648407 -13.96780968
v 43.6109848 56.71648407 -14.17543983
v 35.79386139 56.71648407 -8.15779686
v 35.7440033 56.71648407 -8.63478374
v 35.73477173 56.71648407 -9.1142807
v 35.76623917 56.71648407 -9.59283257
v 35.83817673 56.71648407 -10.06699181
v 35.95006943 56.71648407 -10.53334236
v 36.10110855 56.71648407 -10.98852348
v 36.29020309 56.71648407 -11.42925644
v 36.51599121 56.71648407 -11.85236454
v 36.77685165 56.71648407 -12.2548008
v 37.07089996 56.71648407 -12.63366508
v 37.39601898 56.71648407 -12.98622608
v 37.74986649 56.71648407 -13.30994606
v 38.12989044 56.71648407 -13.60249138
v 38.53335953 56.71648407 -13.86175346
v 38.95735931 56.71648407 -14.08586597
v 39.39883804 56.71648407 -14.27321434
v 39.85461426 56.71648407 -14.42244625
v 40.3214035 56.71648407 -14.53248882
v 40.79584503 56.71648407 -14.60254765
v 41.27452087 56.71648407 -14.63211918
v 41.75397491 56.71648407 -14.6209898
v 42.23075867 56.71648407 -14.56923962
v 45.69560242 56.71648407 -5.33266735
v 45.37047958 56.71648407 -4.9801054
v 45.01663208 56.71648407 -4.65638542
v 44.63660812 56.71648407 -4.36384058
v 44.23313904 56.71648407 -4.10457754
v 43.80914307 56.71648407 -3.88046503
v 43.36766052 56.71648407 -3.69311786
v 42.91188812 56.71648407 -3.54388523
v 42.44509888 56.71648407 -3.4338429
v 41.97065353 56.71648407 -3.3637836
v 41.49198151 56.71648407 -3.33421206
v 41.01252747 56.71648407 -3.34534144
v 40.5357399 56.71648407 -3.39709139
v 40.06505966 56.71648407 -3.48908901
v 39.60387802 56.71648407 -3.62067199
v 39.15551758 56.71648407 -3.79089141
v 38.72320938 56.71648407 -3.99852157
v 38.31006241 56.71648407 -4.24206638
v 37.91905975 56.71648407 -4.51977015
v 37.55302048 56.71648407 -4.82963324
v 37.21457291 56.71648407 -5.16942263
v 36.90616226 56.71648407 -5.53669024
v 36.63001251 56.71648407 -5.92879009
v 36.38810349 56.71648407 -6.34289646
v 36.18218994 56.71648407 -6.77602577
v 36.01374817 56.71648407 -7.2250576
v 35.88399506 56.71648407 -7.68675709
v 71.70017242 49.11648178 -11.27105713
v 71.97625732 49.11648178 -11.38520336
v 72.23433685 49.11648178 -11.53570175
v 72.46964264 49.11648178 -11.71977806
v 72.67784119 49.11648178 -11.93403625
v 72.85508728 49.11648178 -12.17452526
v 72.99812317 49.11648178 -12.43681335
v 73.10430145 49.11648178 -12.71605968
v 73.17166901 49.11648178 -13.00711727
v 73.19897461 49.11648178 -13.30461884
v 73.18572998 49.11648178 -13.60307693
v 73.13217163 49.11648178 -13.89698887
v 73.03928375 49.11648178 -14.180933
v 72.90878296 49.11648178 -14.44967651
v 72.74308014 49.11648178 -14.69825935
v 72.54522705 49.11648178 -14.92210197
v 72.31886292 49.11648178 -15.11707306
v 72.06816864 49.11648178 -15.27957916
v 71.7977829 49.11648178 -15.40662289
v 71.51266479 49.11648178 -15.49586201
v 71.21809387 49.11648178 -15.54564857
v 70.919487 49.11648178 -15.55506802
v 70.62236023 49.11648178 -15.5239439
v 70.33219147 49.11648178 -15.45285225
v 70.05432892 49.11648178 -15.34310246
v 69.79389954 49.11648178 -15.19671822
v 69.55570221 49.11648178 -15.01640129
v 69.34413147 49.11648178 -14.80547333
v 69.16308594 49.11648178 -14.56782722
v 69.01590729 49.11648178 -14.30784225
v 68.90531158 49.11648178 -14.0303154
v 68.83332825 49.11648178 -13.74036407
v 68.80130005 49.11648178 -13.44333458
v 68.80980682 49.11648178 -13.14470291
vn 0.7056 0.70758 0.03826
vn 0.70665 0.70665 0.03584
vn 0.70665 0.70665 -0.03584
vn 0.69649 0.70842 0.11418
vn 0.7002 0.70584 0.10727
vn 0.67937 0.70914 0.18863
vn 0.68642 0.70515 0.17773
vn 0.65446 0.70971 0.26076
vn 0.66545 0.70458 0.24646
vn 0.62204 0.71015 0.32978
vn 0.6375 0.70413 0.31271
vn 0.58248 0.71045 0.39493
vn 0.60288 0.7038 0.37578
vn 0.53624 0.71062 0.45549
vn 0.56193 0.70359 0.43497
vn 0.49338 0.69662 0.52086
vn 0.45453 0.71629 0.52946
vn 0.43303 0.69857 0.56964
vn 0.39959 0.71465 0.57411
vn 0.368 0.70036 0.61162
vn 0.34022 0.71312 0.61295
vn 0.29904 0.702 0.64636
vn 0.27703 0.7117 0.64556
vn 0.22693 0.70349 0.6735
vn 0.2107 0.71038 0.67154
vn 0.15249 0.70484 0.69278
vn 0.14192 0.70917 0.6906
vn 0.07657 0.70604 0.70402
vn 0.07144 0.70808 0.70251
vn -0 0.7071 0.70712
vn -0.07635 0.70802 0.70205
vn -0.07162 0.70623 0.70435
vn -0.15164 0.7088 0.68892
vn -0.14267 0.70549 0.69422
vn -0.22503 0.70944 0.66787
vn -0.21235 0.70485 0.67682
vn -0.29571 0.70995 0.63917
vn -0.27994 0.70434 0.65233
vn -0.36289 0.71032 0.60313
vn -0.34468 0.70395 0.621
vn -0.42583 0.71055 0.56017
vn -0.4059 0.70368 0.58317
vn -0.48383 0.71065 0.51077
vn -0.46291 0.70353 0.53923
vn -0.54607 0.69761 0.46384
vn -0.55248 0.71546 0.42765
vn -0.59151 0.69948 0.40105
vn -0.59429 0.71388 0.37041
vn -0.62992 0.7012 0.33396
vn -0.63006 0.71239 0.30906
vn -0.66089 0.70277 0.26333
vn -0.6594 0.71102 0.24422
vn -0.68414 0.70418 0.18995
vn -0.68195 0.70976 0.17657
vn -0.69942 0.70545 0.11466
vn -0.69746 0.70861 0.10684
vn -0.70659 0.70659 0.03831
vn -0.70573 0.70757 0.0358
vn -0.7056 0.70757 -0.03825
vn -0.70665 0.70665 -0.03584
vn -0.69649 0.70842 -0.11418
vn -0.7002 0.70584 -0.10726
vn -0.67937 0.70914 -0.18863
vn -0.68642 0.70515 -0.17773
vn -0.65446 0.70971 -0.26076
vn -0.66545 0.70458 -0.24646
vn -0.62204 0.71015 -0.32978
vn -0.6375 0.70413 -0.31271
vn -0.58248 0.71045 -0.39493
vn -0.60288 0.7038 -0.37577
vn -0.53624 0.71062 -0.45549
vn -0.56193 0.70359 -0.43497
vn -0.49339 0.69662 -0.52086
vn -0.45453 0.71629 -0.52947
vn -0.43303 0.69856 -0.56964
vn -0.39959 0.71465 -0.57411
vn -0.368 0.70036 -0.61162
vn -0.34022 0.71312 -0.61295
vn -0.29904 0.702 -0.64635
vn -0.27703 0.7117 -0.64556
vn -0.22693 0.70349 -0.6735
vn -0.2107 0.71038 -0.67154
vn -0.15249 0.70484 -0.69278
vn -0.14192 0.70917 -0.6906
vn -0.07657 0.70604 -0.70402
vn -0.07144 0.70808 -0.70251
vn 0 0.7071 -0.70712
vn 0.07635 0.70802 -0.70206
vn 0.07162 0.70623 -0.70435
vn 0.15164 0.7088 -0.68892
vn 0.14266 0.70548 -0.69422
vn 0.22503 0.70944 -0.66788
vn 0.21236 0.70485 -0.67682
vn 0.29571 0.70995 -0.63917
vn 0.27994 0.70434 -0.65233
vn 0.36289 0.71032 -0.60313
vn 0.34469 0.70395 -0.621
vn 0.42583 0.71055 -0.56017
vn 0.4059 0.70368 -0.58317
vn 0.48382 0.71065 -0.51077
vn 0.46291 0.70353 -0.53922
vn 0.54607 0.69761 -0.46384
vn 0.55248 0.71546 -0.42765
vn 0.59151 0.69948 -0.40105
vn 0.59428 0.71388 -0.37042
vn 0.62992 0.7012 -0.33396
vn 0.63006 0.7124 -0.30906
vn 0.6609 0.70276 -0.26333
vn 0.6594 0.71102 -0.24421
vn 0.68414 0.70418 -0.18995
vn 0.68195 0.70976 -0.17657
vn 0.69942 0.70546 -0.11466
vn 0.69746 0.70861 -0.10685
vn 0.7056 0.70758 -0.03826
vn 0.51511 0.7035 -0.48965
vn -0.51511 0.7035 -0.48965
vn -0.51511 0.7035 0.48965
vn 0.51511 0.7035 0.48965
vn 0.99872 4E-05 -0.05065
vn 0.99867 0 -0.05148
vn 0.99867 -4E-05 -0.05148
vn 0.99872 0 -0.05065
vn 0.98847 9E-05 -0.15143
vn 0.98809 -4E-05 -0.15389
vn 0.98809 0 -0.15389
vn 0.98809 -9E-05 -0.15389
vn 0.98847 4E-05 -0.15143
vn 0.96808 0.00014 -0.25065
vn 0.96703 -9E-05 -0.25467
vn 0.96703 0 -0.25467
vn 0.96703 -0.00013 -0.25467
vn 0.96808 8E-05 -0.25065
vn 0.93775 0.00018 -0.34731
vn 0.93572 -0.00014 -0.35275
vn 0.93572 0 -0.35275
vn 0.93572 -0.00016 -0.35275
vn 0.93775 0.00012 -0.34731
vn 0.89781 0.00023 -0.44039
vn 0.89449 -0.00019 -0.44709
vn 0.89449 0 -0.44709
vn 0.89449 -0.0002 -0.44709
vn 0.89781 0.00016 -0.44039
vn 0.84864 0.00029 -0.52896
vn 0.84377 -0.00024 -0.5367
vn 0.84377 0 -0.5367
vn 0.84377 -0.00024 -0.5367
vn 0.84864 0.0002 -0.52896
vn 0.79077 0.00034 -0.61211
vn 0.78412 -0.00029 -0.62061
vn 0.78412 0 -0.62061
vn 0.78412 -0.00027 -0.62061
vn 0.79077 0.00023 -0.61211
vn 0.72479 0.00039 -0.68896
vn 0.71615 -0.00034 -0.69795
vn 0.71615 0 -0.69795
vn 0.71615 -0.00031 -0.69795
vn 0.72479 0.00027 -0.68896
vn 0.65137 0.00045 -0.75876
vn 0.64059 -0.0004 -0.76788
vn 0.64059 0 -0.76788
vn 0.64059 -0.00034 -0.76788
vn 0.65137 0.0003 -0.75876
vn 0.57127 0.0005 -0.82076
vn 0.55824 -0.00045 -0.82968
vn 0.55824 0 -0.82968
vn 0.55824 -0.00037 -0.82968
vn 0.57127 0.00033 -0.82076
vn 0.4853 0.00056 -0.87435
vn 0.46998 -0.00051 -0.88268
vn 0.46998 0 -0.88268
vn 0.46998 -0.0004 -0.88268
vn 0.4853 0.00036 -0.87435
vn 0.39435 0.00062 -0.91896
vn 0.37673 -0.00057 -0.92632
vn 0.37673 0 -0.92632
vn 0.37673 -0.00043 -0.92632
vn 0.39435 0.00039 -0.91896
vn 0.29937 0.00068 -0.95414
vn 0.27948 -0.00063 -0.96015
vn 0.27948 0 -0.96015
vn 0.27948 -0.00045 -0.96015
vn 0.29937 0.00042 -0.95414
vn 0.2013 0.00075 -0.97953
vn 0.17928 -0.00069 -0.9838
vn 0.17928 0 -0.9838
vn 0.17928 -0.00048 -0.9838
vn 0.2013 0.00044 -0.97953
vn 0.10117 0.00081 -0.99487
vn 0.07718 -0.00076 -0.99702
vn 0.07718 0 -0.99702
vn 0.07718 -0.0005 -0.99702
vn 0.10117 0.00047 -0.99487
vn 0 0.00088 -1
vn -0.02575 -0.00082 -0.99967
vn -0.02575 0 -0.99967
vn -0.02575 -0.00052 -0.99967
vn 0 0.00049 -1
vn -0.10117 0.00094 -0.99487
vn -0.1284 -0.00089 -0.99172
vn -0.1284 0 -0.99172
vn -0.1284 -0.00054 -0.99172
vn -0.10117 0.00051 -0.99487
vn -0.2013 0.00101 -0.97953
vn -0.22969 -0.00095 -0.97326
vn -0.22969 0 -0.97326
vn -0.22969 -0.00056 -0.97326
vn -0.2013 0.00053 -0.97953
vn -0.29936 0.00108 -0.95414
vn -0.32854 -0.00102 -0.94449
vn -0.32854 0 -0.94449
vn -0.32854 -0.00058 -0.94449
vn -0.29936 0.00055 -0.95414
vn -0.39436 0.00115 -0.91896
vn -0.42391 -0.00109 -0.9057
vn -0.42391 0 -0.9057
vn -0.42391 -0.0006 -0.9057
vn -0.39436 0.00057 -0.91896
vn -0.4853 0.00122 -0.87435
vn -0.51479 -0.00117 -0.85731
vn -0.51479 0 -0.85731
vn -0.51479 -0.00061 -0.85731
vn -0.4853 0.00058 -0.87435
vn -0.57127 0.0013 -0.82076
vn -0.60022 -0.00124 -0.79984
vn -0.60022 0 -0.79984
vn -0.60022 -0.00063 -0.79984
vn -0.57127 0.0006 -0.82076
vn -0.65137 0.00137 -0.75876
vn -0.67927 -0.00131 -0.73388
vn -0.67927 0 -0.73388
vn -0.67927 -0.00064 -0.73388
vn -0.65137 0.00061 -0.75876
vn -0.72479 0.00145 -0.68896
vn -0.75113 -0.00139 -0.66015
vn -0.75113 0 -0.66015
vn -0.75113 -0.00065 -0.66015
vn -0.72479 0.00062 -0.68896
vn -0.79077 0.00153 -0.61211
vn -0.81503 -0.00147 -0.57942
vn -0.81503 0 -0.57942
vn -0.81503 -0.00066 -0.57942
vn -0.79077 0.00063 -0.61211
vn -0.84865 0.00161 -0.52896
vn -0.87029 -0.00154 -0.49255
vn -0.87029 0 -0.49255
vn -0.87029 -0.00067 -0.49255
vn -0.84865 0.00064 -0.52896
vn -0.8978 0.00169 -0.4404
vn -0.91631 -0.00163 -0.40046
vn -0.91632 0 -0.40046
vn -0.91632 -0.00067 -0.40046
vn -0.8978 0.00065 -0.4404
vn -0.93775 0.00177 -0.34731
vn -0.95263 -0.00171 -0.30411
vn -0.95264 0 -0.30411
vn -0.95264 -0.00068 -0.30411
vn -0.93775 0.00065 -0.34731
vn -0.96808 0.00185 -0.25065
vn -0.97885 -0.00179 -0.20456
vn -0.97886 0 -0.20456
vn -0.97885 -0.00068 -0.20456
vn -0.96808 0.00066 -0.25065
vn -0.98847 0.00194 -0.15142
vn -0.9947 -0.00187 -0.10282
vn -0.9947 0 -0.10282
vn -0.9947 -0.00068 -0.10282
vn -0.98847 0.00066 -0.15142
vn -0.99871 0.00203 -0.05066
vn -1 -0.00196 0
vn -1 0 -0
vn -1 -0.00068 -0
vn -0.99872 0.00066 -0.05066
vn -0.99872 -0.00066 0.05066
vn -0.98847 0.00194 0.15142
vn -0.9947 -0.00187 0.10282
vn -0.96808 0.00185 0.25065
vn -0.97885 -0.00179 0.20455
vn -0.93775 0.00177 0.34731
vn -0.95263 -0.00171 0.30411
vn -0.8978 0.00169 0.4404
vn -0.91631 -0.00163 0.40046
vn -0.84865 0.00161 0.52896
vn -0.87029 -0.00154 0.49255
vn -0.79077 0.00153 0.61211
vn -0.81503 -0.00147 0.57942
vn -0.72479 0.00145 0.68896
vn -0.75113 -0.00139 0.66015
vn -0.65137 0.00137 0.75876
vn -0.67927 -0.00131 0.73388
vn -0.57127 0.0013 0.82076
vn -0.60022 -0.00124 0.79984
vn -0.4853 0.00122 0.87435
vn -0.51479 -0.00117 0.85731
vn -0.39436 0.00115 0.91896
vn -0.42391 -0.00109 0.9057
vn -0.29936 0.00108 0.95414
vn -0.32854 -0.00102 0.94449
vn -0.2013 0.00101 0.97953
vn -0.22969 -0.00095 0.97326
vn -0.10117 0.00094 0.99487
vn -0.1284 -0.00089 0.99172
vn 0 0.00088 1
vn -0.02575 -0.00082 0.99967
vn 0.10117 0.00081 0.99487
vn 0.07717 -0.00076 0.99702
vn 0.2013 0.00075 0.97953
vn 0.17928 -0.00069 0.9838
vn 0.29937 0.00068 0.95414
vn 0.27948 -0.00063 0.96015
vn 0.39435 0.00062 0.91896
vn 0.37673 -0.00057 0.92632
vn 0.4853 0.00056 0.87435
vn 0.46998 -0.00051 0.88268
vn 0.57127 0.0005 0.82076
vn 0.55824 -0.00045 0.82968
vn 0.65137 0.00045 0.75876
vn 0.64059 -0.0004 0.76788
vn 0.7248 0.00039 0.68896
vn 0.71615 -0.00034 0.69795
vn 0.79077 0.00034 0.61211
vn 0.78412 -0.00029 0.62061
vn 0.84864 0.00029 0.52896
vn 0.84378 -0.00024 0.5367
vn 0.89781 0.00023 0.44039
vn 0.89449 -0.00019 0.44709
vn 0.93775 0.00018 0.34731
vn 0.93572 -0.00014 0.35275
vn 0.96808 0.00014 0.25065
vn 0.96703 -9E-05 0.25467
vn 0.98847 9E-05 0.15143
vn 0.98809 -4E-05 0.15389
vn 0.99872 4E-05 0.05065
vn 0.99867 0 0.05148
vn 0.99872 -4E-05 0.05065
vn 0.98847 -9E-05 0.15143
vn 0.98809 4E-05 0.15389
vn 0.98809 0 0.15389
vn 0.96808 -0.00014 0.25065
vn 0.96703 9E-05 0.25467
vn 0.96703 0 0.25467
vn 0.93775 -0.00018 0.34731
vn 0.93572 0.00014 0.35275
vn 0.93572 0 0.35275
vn 0.89781 -0.00023 0.44039
vn 0.89449 0.00019 0.44709
vn 0.89449 0 0.44709
vn 0.84864 -0.00029 0.52896
vn 0.84378 0.00024 0.5367
vn 0.84378 0 0.5367
vn 0.79077 -0.00034 0.61211
vn 0.78412 0.00029 0.62061
vn 0.78412 0 0.62061
vn 0.7248 -0.00039 0.68896
vn 0.71615 0.00034 0.69795
vn 0.71615 0 0.69795
vn 0.65137 -0.00045 0.75876
vn 0.64059 0.0004 0.76788
vn 0.64059 0 0.76788
vn 0.57127 -0.0005 0.82076
vn 0.55824 0.00045 0.82968
vn 0.55824 0 0.82968
vn 0.4853 -0.00056 0.87435
vn 0.46998 0.00051 0.88268
vn 0.46998 0 0.88268
vn 0.39435 -0.00062 0.91896
vn 0.37673 0.00057 0.92632
vn 0.37673 0 0.92632
vn 0.29937 -0.00068 0.95414
vn 0.27948 0.00063 0.96015
vn 0.27948 0 0.96015
vn 0.2013 -0.00075 0.97953
vn 0.17928 0.00069 0.9838
vn 0.17928 0 0.9838
vn 0.10117 -0.00081 0.99487
vn 0.07717 0.00076 0.99702
vn 0.07717 0 0.99702
vn 0 -0.00088 1
vn -0.02575 0.00082 0.99967
vn -0.02575 0 0.99967
vn -0.10117 -0.00094 0.99487
vn -0.1284 0.00089 0.99172
vn -0.1284 0 0.99172
vn -0.2013 -0.00101 0.97953
vn -0.22969 0.00095 0.97326
vn -0.22969 0 0.97326
vn -0.29936 -0.00108 0.95414
vn -0.32854 0.00102 0.94449
vn -0.32854 0 0.94449
vn -0.39436 -0.00115 0.91896
vn -0.42391 0.00109 0.9057
vn -0.42391 0 0.9057
vn -0.4853 -0.00122 0.87435
vn -0.51479 0.00117 0.85731
vn -0.51479 0 0.85731
vn -0.57127 -0.0013 0.82076
vn -0.60022 0.00124 0.79984
vn -0.60022 0 0.79984
vn -0.65137 -0.00137 0.75876
vn -0.67927 0.00131 0.73388
vn -0.67927 0 0.73388
vn -0.72479 -0.00145 0.68896
vn -0.75113 0.00139 0.66015
vn -0.75113 0 0.66015
vn -0.79077 -0.00153 0.61211
vn -0.81503 0.00147 0.57942
vn -0.81503 0 0.57942
vn -0.84865 -0.00161 0.52896
vn -0.87029 0.00154 0.49255
vn -0.87029 0 0.49255
vn -0.8978 -0.00169 0.4404
vn -0.91631 0.00163 0.40046
vn -0.91632 0 0.40046
vn -0.93775 -0.00177 0.34731
vn -0.95263 0.00171 0.30411
vn -0.95264 0 0.30411
vn -0.96808 -0.00185 0.25065
vn -0.97885 0.00179 0.20455
vn -0.97886 0 0.20456
vn -0.98847 -0.00194 0.15142
vn -0.9947 0.00187 0.10282
vn -0.9947 0 0.10282
vn -0.99872 0.00066 0.05066
vn 0 1 -0
vn 0.70665 -0.70665 -0.03584
vn 0.70665 -0.70665 0.03584
vn 0.7056 -0.70758 0.03826
vn 0.7002 -0.70584 0.10727
vn 0.69649 -0.70842 0.11418
vn 0.68642 -0.70515 0.17773
vn 0.67937 -0.70914 0.18863
vn 0.66545 -0.70458 0.24646
vn 0.65446 -0.70971 0.26076
vn 0.6375 -0.70413 0.31271
vn 0.62204 -0.71015 0.32978
vn 0.60288 -0.7038 0.37578
vn 0.58248 -0.71045 0.39493
vn 0.56193 -0.70359 0.43497
vn 0.53624 -0.71062 0.45549
vn 0.51511 -0.7035 0.48965
vn 0.46291 -0.70353 0.53922
vn 0.48382 -0.71065 0.51077
vn 0.4059 -0.70368 0.58317
vn 0.42583 -0.71055 0.56017
vn 0.34468 -0.70395 0.621
vn 0.36289 -0.71032 0.60313
vn 0.27994 -0.70434 0.65233
vn 0.29571 -0.70995 0.63917
vn 0.21236 -0.70485 0.67682
vn 0.22503 -0.70944 0.66787
vn 0.14267 -0.70548 0.69422
vn 0.15164 -0.7088 0.68892
vn 0.07162 -0.70623 0.70435
vn 0.07635 -0.70802 0.70206
vn 0 -0.7071 0.70712
vn -0.07144 -0.70808 0.70251
vn -0.07657 -0.70604 0.70402
vn -0.14192 -0.70917 0.6906
vn -0.15249 -0.70484 0.69278
vn -0.2107 -0.71038 0.67154
vn -0.22693 -0.70349 0.6735
vn -0.27703 -0.7117 0.64556
vn -0.29904 -0.702 0.64635
vn -0.34022 -0.71312 0.61295
vn -0.368 -0.70036 0.61162
vn -0.39959 -0.71465 0.57411
vn -0.43303 -0.69857 0.56964
vn -0.45453 -0.71629 0.52947
vn -0.49339 -0.69662 0.52086
vn -0.51511 -0.7035 0.48965
vn -0.55248 -0.71546 0.42765
vn -0.54607 -0.69761 0.46384
vn -0.59429 -0.71388 0.37041
vn -0.59151 -0.69948 0.40105
vn -0.63006 -0.71239 0.30906
vn -0.62992 -0.7012 0.33396
vn -0.6594 -0.71102 0.24422
vn -0.66089 -0.70277 0.26333
vn -0.68195 -0.70976 0.17657
vn -0.68414 -0.70418 0.18995
vn -0.69746 -0.70861 0.10684
vn -0.69942 -0.70545 0.11466
vn -0.70573 -0.70757 0.0358
vn -0.70659 -0.70659 0.03831
vn -0.70665 -0.70665 -0.03584
vn -0.7056 -0.70757 -0.03825
vn -0.7002 -0.70584 -0.10726
vn -0.69649 -0.70842 -0.11418
vn -0.68642 -0.70515 -0.17773
vn -0.67937 -0.70914 -0.18863
vn -0.66545 -0.70458 -0.24646
vn -0.65446 -0.70971 -0.26076
vn -0.6375 -0.70413 -0.31271
vn -0.62204 -0.71015 -0.32978
vn -0.60288 -0.7038 -0.37577
vn -0.58248 -0.71045 -0.39493
vn -0.56193 -0.70359 -0.43497
vn -0.53624 -0.71062 -0.45549
vn -0.51511 -0.7035 -0.48965
vn -0.46291 -0.70353 -0.53923
vn -0.48383 -0.71065 -0.51077
vn -0.4059 -0.70368 -0.58317
vn -0.42583 -0.71055 -0.56017
vn -0.34469 -0.70395 -0.621
vn -0.36289 -0.71032 -0.60313
vn -0.27994 -0.70434 -0.65233
vn -0.29571 -0.70995 -0.63917
vn -0.21235 -0.70485 -0.67682
vn -0.22503 -0.70944 -0.66787
vn -0.14267 -0.70548 -0.69422
vn -0.15164 -0.7088 -0.68892
vn -0.07162 -0.70623 -0.70435
vn -0.07635 -0.70802 -0.70206
vn -0 -0.7071 -0.70712
vn 0.07144 -0.70808 -0.70251
vn 0.07657 -0.70604 -0.70402
vn 0.14192 -0.70917 -0.6906
vn 0.15249 -0.70484 -0.69278
vn 0.2107 -0.71038 -0.67154
vn 0.22693 -0.70349 -0.6735
vn 0.27703 -0.7117 -0.64556
vn 0.29904 -0.702 -0.64636
vn 0.34022 -0.71312 -0.61295
vn 0.368 -0.70036 -0.61162
vn 0.39959 -0.71465 -0.57411
vn 0.43303 -0.69856 -0.56964
vn 0.45453 -0.71629 -0.52946
vn 0.49338 -0.69662 -0.52086
vn 0.51511 -0.7035 -0.48965
vn 0.55248 -0.71546 -0.42765
vn 0.54607 -0.69761 -0.46384
vn 0.59428 -0.71388 -0.37042
vn 0.59151 -0.69948 -0.40105
vn 0.63006 -0.7124 -0.30906
vn 0.62992 -0.7012 -0.33396
vn 0.6594 -0.71102 -0.24421
vn 0.6609 -0.70276 -0.26333
vn 0.68195 -0.70976 -0.17657
vn 0.68414 -0.70418 -0.18995
vn 0.69746 -0.70861 -0.10685
vn 0.69942 -0.70546 -0.11466
vn 0.7056 -0.70758 -0.03826
vn 0 -1 0
vn 0.99881 0 0.0488
vn 0.99969 0 0.0248
vn 1 0 -0.00059
vn 0.99963 0 -0.02736
vn 0.99846 0 -0.05546
vn 0.99639 0 -0.08489
vn 0.9933 0 -0.11557
vn 0.98907 0 -0.14743
vn 0.9836 0 -0.18036
vn 0.97678 0 -0.21422
vn 0.96853 0 -0.24889
vn 0.95877 0 -0.28417
vn 0.94746 0 -0.31989
vn 0.93457 0 -0.35579
vn 0.92008 0 -0.39172
vn 0.90405 0 -0.42743
vn 0.88652 0 -0.46268
vn 0.86759 0 -0.49729
vn 0.84736 0 -0.53102
vn 0.82598 0 -0.5637
vn 0.8036 0 -0.59517
vn 0.78039 0 -0.6253
vn 0.74452 0 -0.6676
vn 0.69523 0 -0.71878
vn 0.64559 0 -0.76368
vn 0.59664 0 -0.80251
vn 0.54913 0 -0.83573
vn 0.50356 0 -0.86396
vn 0.4602 0 -0.88782
vn 0.41905 0 -0.90796
vn 0.38003 0 -0.92497
vn 0.34285 0 -0.93939
vn 0.30716 0 -0.95166
vn 0.27254 0 -0.96214
vn 0.23849 0 -0.97114
vn 0.20448 0 -0.97887
vn 0.16989 0 -0.98546
vn 0.13405 0 -0.99097
vn 0.09622 0 -0.99536
vn 0.05559 0 -0.99845
vn 0.01133 0 -0.99994
vn -0.03739 0 -0.9993
vn -0.09133 0 -0.99582
vn -0.09136 0 -0.99582
vn -0.20036 0 -0.97972
vn -0.30692 0 -0.95173
vn -0.40976 0 -0.9122
vn -0.50761 0 -0.86158
vn -0.59932 0 -0.80051
vn -0.68374 0 -0.72973
vn -0.75987 0 -0.65007
vn -0.82677 0 -0.56254
vn -0.88363 0 -0.46818
vn -0.92978 0 -0.36812
vn -0.96463 0 -0.26361
vn -0.98778 0 -0.15588
vn -0.99893 0 -0.04629
vn -0.99796 0 0.06389
vn -0.98487 0 0.17328
vn -0.95983 0 0.28058
vn -0.92314 0 0.38446
vn -0.87524 0 0.48368
vn -0.81672 0 0.57704
vn -0.74829 0 0.66338
vn -0.67077 0 0.74167
vn -0.58511 0 0.81096
vn -0.49235 0 0.8704
vn -0.3936 0 0.91928
vn -0.29009 0 0.957
vn -0.18305 0 0.9831
vn -0.07379 0 0.99727
vn 0.03637 -0 0.99934
vn 0.14608 -0 0.98927
vn 0.25403 -0 0.9672
vn 0.35888 -0 0.93338
vn 0.45938 -0 0.88824
vn 0.55431 -0 0.83231
vn 0.64251 -0 0.76628
vn 0.7229 -0 0.69095
vn 0.79453 -0 0.60723
vn 0.8565 -0 0.51614
vn 0.90809 -0 0.41878
vn 0.94864 -0 0.31635
vn 0.97769 -0 0.21007
vn 0.99486 -0 0.10124
vn 0.99996 0 -0.00881
vn 0.99292 0 -0.11877
vn 0.97383 0 -0.22728
vn 0.94292 0 -0.33303
vn 0.90056 0 -0.43474
vn 0.84727 0 -0.53117
vn 0.7837 0 -0.62115
vn 0.71061 0 -0.70359
vn 0.62889 0 -0.77749
vn 0.53954 0 -0.84196
vn 0.44365 0 -0.8962
vn 0.34237 0 -0.93957
vn 0.23693 0 -0.97153
vn 0.12861 0 -0.99169
vn 0.01874 0 -0.99982
vn -0.98927 0 0.14608
vn -0.62115 0 -0.78369
vn 0.36812 0 -0.92978
vn 0.99687 -0.01674 0.07725
vn 0.99402 0.01698 0.10789
vn 0.98667 -0.01645 0.16192
vn 0.98129 0.01669 0.1918
vn 0.96928 -0.01616 0.24544
vn 0.9615 0.01639 0.27433
vn 0.94484 -0.01587 0.32715
vn 0.93477 0.0161 0.35488
vn 0.91352 -0.01557 0.4065
vn 0.90131 0.01581 0.43288
vn 0.87555 -0.01529 0.48288
vn 0.86136 0.01553 0.50776
vn 0.83122 -0.01501 0.55574
vn 0.81519 0.01524 0.57899
vn 0.78083 -0.01472 0.62457
vn 0.76317 0.01495 0.64603
vn 0.72476 -0.01444 0.68885
vn 0.70563 0.01467 0.70843
vn 0.66341 -0.01416 0.74812
vn 0.64301 0.01438 0.76572
vn 0.59724 -0.01389 0.80194
vn 0.57576 0.01411 0.8175
vn 0.52672 -0.01361 0.84993
vn 0.50436 0.01383 0.86339
vn 0.45237 -0.01333 0.89173
vn 0.42932 0.01355 0.90305
vn 0.37472 -0.01306 0.92705
vn 0.35119 0.01328 0.93621
vn 0.29434 -0.01279 0.95561
vn 0.27053 0.01301 0.96262
vn 0.21183 -0.01252 0.97723
vn 0.18792 0.01274 0.9821
vn 0.12776 -0.01225 0.99173
vn 0.10396 0.01247 0.9945
vn 0.04278 -0.01198 0.99901
vn 0.01924 0.0122 0.99974
vn -0.04253 -0.01172 0.99903
vn -0.06561 0.01194 0.99777
vn -0.12752 -0.01146 0.99177
vn -0.14999 0.01167 0.98862
vn -0.21158 -0.0112 0.9773
vn -0.23329 0.01141 0.97234
vn -0.29411 -0.01094 0.95571
vn -0.31491 0.01115 0.94906
vn -0.37449 -0.01068 0.92717
vn -0.39427 0.01089 0.91893
vn -0.45216 -0.01042 0.89188
vn -0.47078 0.01064 0.88219
vn -0.52653 -0.01017 0.8501
vn -0.5439 0.01038 0.83909
vn -0.59707 -0.00991 0.80213
vn -0.6131 0.01013 0.78994
vn -0.66326 -0.00966 0.74832
vn -0.67788 0.00988 0.7351
vn -0.72463 -0.00942 0.68908
vn -0.73778 0.00962 0.67497
vn -0.78073 -0.00917 0.62481
vn -0.79237 0.00938 0.60997
vn -0.83114 -0.00892 0.55599
vn -0.84125 0.00913 0.54058
vn -0.8755 -0.00868 0.48314
vn -0.88406 0.00889 0.46729
vn -0.9135 -0.00843 0.40676
vn -0.92051 0.00864 0.39063
vn -0.94484 -0.00819 0.32742
vn -0.95032 0.0084 0.31116
vn -0.96931 -0.00796 0.2457
vn -0.97329 0.00816 0.22944
vn -0.98673 -0.00772 0.16219
vn -0.98924 0.00792 0.14608
vn -0.99696 -0.00748 0.0775
vn -0.99807 0.00769 0.06166
vn -0.99994 -0.00725 -0.00775
vn -0.9997 0.00746 -0.02321
vn -0.99565 -0.00702 -0.09294
vn -0.99414 0.00722 -0.10791
vn -0.9841 -0.00678 -0.17747
vn -0.98141 0.00698 -0.19182
vn -0.9654 -0.00656 -0.2607
vn -0.9616 0.00676 -0.27436
vn -0.93967 -0.00633 -0.34203
vn -0.93487 0.00653 -0.35492
vn -0.9071 -0.0061 -0.42087
vn -0.90141 0.00631 -0.43293
vn -0.86793 -0.00588 -0.49666
vn -0.86145 0.00608 -0.50781
vn -0.82244 -0.00566 -0.56882
vn -0.81528 0.00586 -0.57904
vn -0.77097 -0.00544 -0.63685
vn -0.76324 0.00563 -0.6461
vn -0.71389 -0.00522 -0.70024
vn -0.7057 0.00542 -0.70849
vn -0.6516 -0.005 -0.75854
vn -0.64307 0.0052 -0.76579
vn -0.58459 -0.00479 -0.81131
vn -0.57581 0.00498 -0.81757
vn -0.51331 -0.00458 -0.85819
vn -0.5044 0.00477 -0.86346
vn -0.4383 -0.00436 -0.89882
vn -0.42936 0.00455 -0.90312
vn -0.3601 -0.00415 -0.93291
vn -0.35122 0.00435 -0.93628
vn -0.27928 -0.00395 -0.9602
vn -0.27055 0.00414 -0.9627
vn -0.19642 -0.00374 -0.98051
vn -0.18794 0.00393 -0.98217
vn -0.11214 -0.00354 -0.99369
vn -0.10396 0.00372 -0.99457
vn -0.02704 -0.00333 -0.99963
vn -0.01925 0.00352 -0.99981
vn 0.05826 -0.00313 -0.9983
vn 0.06561 0.00332 -0.99784
vn 0.14313 -0.00293 -0.9897
vn 0.15 0.00312 -0.98868
vn 0.22696 -0.00273 -0.9739
vn 0.2333 0.00292 -0.9724
vn 0.30914 -0.00254 -0.95101
vn 0.31493 0.00272 -0.94911
vn 0.3881 0 -0.92162
vn 0.38903 -0.00238 -0.92122
vn 0.39428 0.00253 -0.91899
vn 0.46338 -0.00303 -0.88615
vn 0.4708 0.00248 -0.88223
vn 0.53545 -0.00364 -0.84456
vn 0.54393 0.00308 -0.83913
vn 0.60381 -0.00427 -0.79712
vn 0.61313 0.0037 -0.78998
vn 0.66799 -0.00492 -0.74416
vn 0.67791 0.00435 -0.73513
vn 0.72754 -0.0056 -0.68605
vn 0.73781 0.00501 -0.67499
vn 0.78205 -0.00629 -0.62318
vn 0.79239 0.00569 -0.60999
vn 0.83115 -0.007 -0.556
vn 0.84126 0.0064 -0.54059
vn 0.87449 -0.00774 -0.48498
vn 0.88408 0.00712 -0.46729
vn 0.91178 -0.00849 -0.41059
vn 0.92051 0.00786 -0.39064
vn 0.94275 -0.00926 -0.33336
vn 0.95032 0.00862 -0.31116
vn 0.96719 -0.01006 -0.25384
vn 0.97328 0.00941 -0.22944
vn 0.98494 -0.01086 -0.17253
vn 0.98922 0.0102 -0.14608
vn 0.99587 -0.0117 -0.09006
vn 0.99804 0.01103 -0.06166
vn 0.99998 0 -0.00695
vn 0.99997 0.00615 -0.00434
vn 0.9997 -0.0079 0.0232
vn 0.98927 0 -0.14608
vn 0.62115 0 0.78369
vn -0.36812 0 0.92978
vn 0.99902 0 -0.0442
vn 0.99902 -0 -0.04419
vn 0.99975 0 -0.02258
vn 0.99975 -0 -0.02252
vn 1 0 -0.00092
vn 1 -0 -0.00083
vn 0.99979 0 0.02071
vn 0.99978 -0 0.02086
vn 0.9991 0 0.04235
vn 0.99909 -1E-05 0.04254
vn 0.99795 1E-05 0.06397
vn 0.99793 -1E-05 0.06424
vn 0.99633 1E-05 0.08557
vn 0.9963 -1E-05 0.08592
vn 0.99424 1E-05 0.10714
vn 0.9942 -1E-05 0.10756
vn 0.99169 1E-05 0.12868
vn 0.99162 -1E-05 0.12918
vn 0.98866 1E-05 0.15017
vn 0.98857 -2E-05 0.15074
vn 0.98517 1E-05 0.1716
vn 0.98506 -2E-05 0.17223
vn 0.9812 2E-05 0.19297
vn 0.98107 -2E-05 0.19365
vn 0.97677 2E-05 0.21429
vn 0.97662 -2E-05 0.21495
vn 0.97187 2E-05 0.23552
vn 0.97171 -2E-05 0.23617
vn 0.9665 2E-05 0.25666
vn 0.96633 -2E-05 0.2573
vn 0.96067 2E-05 0.27769
vn 0.9605 -1E-05 0.27829
vn 0.95438 2E-05 0.29859
vn 0.9542 -1E-05 0.29918
vn 0.94764 2E-05 0.31933
vn 0.94744 -2E-05 0.31994
vn 0.94045 2E-05 0.33992
vn 0.94023 -2E-05 0.34055
vn 0.93282 2E-05 0.36033
vn 0.93255 -2E-05 0.36103
vn 0.92475 2E-05 0.38058
vn 0.92444 -2E-05 0.38134
vn 0.91623 2E-05 0.40065
vn 0.91588 -2E-05 0.40146
vn 0.90728 2E-05 0.42052
vn 0.90689 -2E-05 0.42138
vn 0.8979 2E-05 0.44021
vn 0.89746 -2E-05 0.44109
vn 0.88808 2E-05 0.45969
vn 0.88761 -3E-05 0.46059
vn 0.87783 2E-05 0.47897
vn 0.87735 -3E-05 0.47986
vn 0.86716 2E-05 0.49802
vn 0.86666 -2E-05 0.49891
vn 0.85607 2E-05 0.51686
vn 0.85555 -2E-05 0.51772
vn 0.84456 2E-05 0.53547
vn 0.84404 -2E-05 0.53629
vn 0.83263 2E-05 0.55382
vn 0.83211 -2E-05 0.55461
vn 0.82029 2E-05 0.57195
vn 0.81978 -2E-05 0.57268
vn 0.80754 2E-05 0.58982
vn 0.80705 -2E-05 0.59048
vn 0.79438 2E-05 0.60741
vn 0.79393 -2E-05 0.60801
vn 0.78084 2E-05 0.62473
vn 0.78041 -2E-05 0.62527
vn 0.76692 2E-05 0.64174
vn 0.7665 -2E-05 0.64224
vn 0.75264 2E-05 0.65843
vn 0.75221 -2E-05 0.65892
vn 0.73801 2E-05 0.67479
vn 0.73754 -2E-05 0.67531
vn 0.72302 2E-05 0.69083
vn 0.72249 -2E-05 0.69138
vn 0.70768 2E-05 0.70653
vn 0.70708 -2E-05 0.70713
vn 0.692 2E-05 0.7219
vn 0.69134 -2E-05 0.72253
vn 0.67598 2E-05 0.73692
vn 0.67528 -2E-05 0.73757
vn 0.65963 2E-05 0.75159
vn 0.65889 -2E-05 0.75224
vn 0.64295 2E-05 0.7659
vn 0.64218 -3E-05 0.76656
vn 0.62596 2E-05 0.77985
vn 0.62516 -3E-05 0.78049
vn 0.60865 2E-05 0.79344
vn 0.60784 -3E-05 0.79406
vn 0.59103 2E-05 0.80665
vn 0.59023 -2E-05 0.80724
vn 0.57311 2E-05 0.81948
vn 0.57232 -2E-05 0.82003
vn 0.55489 2E-05 0.83192
vn 0.55412 -2E-05 0.83244
vn 0.53638 2E-05 0.84397
vn 0.53565 -2E-05 0.84444
vn 0.51759 2E-05 0.85563
vn 0.5169 -2E-05 0.85604
vn 0.49852 2E-05 0.86688
vn 0.49788 -2E-05 0.86724
vn 0.47921 2E-05 0.8777
vn 0.47861 -2E-05 0.87803
vn 0.45967 2E-05 0.88809
vn 0.45908 -2E-05 0.88839
vn 0.43992 2E-05 0.89804
vn 0.43931 -2E-05 0.89834
vn 0.41995 2E-05 0.90755
vn 0.41929 -2E-05 0.90785
vn 0.39978 2E-05 0.91661
vn 0.39905 -2E-05 0.91693
vn 0.37942 2E-05 0.92523
vn 0.37862 -2E-05 0.92555
vn 0.35887 2E-05 0.93339
vn 0.358 -2E-05 0.93372
vn 0.33813 2E-05 0.9411
vn 0.33722 -2E-05 0.94143
vn 0.31723 2E-05 0.94835
vn 0.31628 -2E-05 0.94867
vn 0.29615 2E-05 0.95514
vn 0.29518 -3E-05 0.95544
vn 0.27493 2E-05 0.96147
vn 0.27394 -3E-05 0.96175
vn 0.25355 2E-05 0.96732
vn 0.25256 -2E-05 0.96758
vn 0.23202 2E-05 0.97271
vn 0.23106 -2E-05 0.97294
vn 0.21036 2E-05 0.97762
vn 0.20943 -2E-05 0.97782
vn 0.18858 2E-05 0.98206
vn 0.18769 -2E-05 0.98223
vn 0.16667 2E-05 0.98601
vn 0.16584 -2E-05 0.98615
vn 0.14466 2E-05 0.98948
vn 0.14389 -2E-05 0.98959
vn 0.12256 2E-05 0.99246
vn 0.12185 -2E-05 0.99255
vn 0.1004 2E-05 0.99495
vn 0.09974 -2E-05 0.99501
vn 0.0782 2E-05 0.99694
vn 0.07754 -2E-05 0.99699
vn 0.05598 2E-05 0.99843
vn 0.05528 -2E-05 0.99847
vn 0.03373 2E-05 0.99943
vn 0.03297 -2E-05 0.99946
vn 0.01146 2E-05 0.99993
vn 0.01063 -2E-05 0.99994
vn -0.01081 2E-05 0.99994
vn -0.01171 -2E-05 0.99993
vn -0.03309 2E-05 0.99945
vn -0.03404 -2E-05 0.99942
vn -0.05535 2E-05 0.99847
vn -0.05634 -2E-05 0.99841
vn -0.07759 2E-05 0.99699
vn -0.0786 -3E-05 0.99691
vn -0.09981 2E-05 0.99501
vn -0.10083 -3E-05 0.9949
vn -0.12199 2E-05 0.99253
vn -0.12301 -3E-05 0.99241
vn -0.14413 2E-05 0.98956
vn -0.14513 -2E-05 0.98941
vn -0.16622 2E-05 0.98609
vn -0.16719 -2E-05 0.98593
vn -0.18825 2E-05 0.98212
vn -0.18917 -2E-05 0.98194
vn -0.21021 2E-05 0.97766
vn -0.21107 -2E-05 0.97747
vn -0.23209 2E-05 0.97269
vn -0.23288 -2E-05 0.9725
vn -0.25388 2E-05 0.96724
vn -0.25459 -2E-05 0.96705
vn -0.27554 2E-05 0.96129
vn -0.2762 -2E-05 0.9611
vn -0.29705 2E-05 0.95486
vn -0.29769 -2E-05 0.95466
vn -0.31841 2E-05 0.94795
vn -0.31905 -2E-05 0.94774
vn -0.3396 2E-05 0.94057
vn -0.34028 -2E-05 0.94032
vn -0.36061 2E-05 0.93272
vn -0.36136 -2E-05 0.93243
vn -0.38145 2E-05 0.92439
vn -0.38225 -2E-05 0.92406
vn -0.40209 2E-05 0.9156
vn -0.40294 -2E-05 0.91523
vn -0.42253 2E-05 0.90635
vn -0.42343 -2E-05 0.90593
vn -0.44278 2E-05 0.89663
vn -0.44368 -3E-05 0.89618
vn -0.46281 2E-05 0.88646
vn -0.46372 -3E-05 0.88598
vn -0.48261 2E-05 0.87583
vn -0.48352 -3E-05 0.87534
vn -0.5022 2E-05 0.86475
vn -0.50308 -2E-05 0.86424
vn -0.52154 2E-05 0.85323
vn -0.52239 -2E-05 0.85271
vn -0.54064 2E-05 0.84126
vn -0.54144 -2E-05 0.84074
vn -0.55948 2E-05 0.82884
vn -0.56023 -2E-05 0.82834
vn -0.57806 2E-05 0.81599
vn -0.57874 -2E-05 0.81551
vn -0.59637 2E-05 0.80271
vn -0.59698 -2E-05 0.80225
vn -0.61438 2E-05 0.78901
vn -0.61493 -2E-05 0.78858
vn -0.63207 2E-05 0.77491
vn -0.63259 -2E-05 0.77449
vn -0.64943 2E-05 0.76042
vn -0.64994 -2E-05 0.75998
vn -0.66645 2E-05 0.74555
vn -0.66698 -2E-05 0.74507
vn -0.68313 2E-05 0.7303
vn -0.6837 -2E-05 0.72976
vn -0.69946 2E-05 0.71467
vn -0.70007 -2E-05 0.71407
vn -0.71543 2E-05 0.69868
vn -0.71608 -2E-05 0.69802
vn -0.73104 2E-05 0.68233
vn -0.73171 -2E-05 0.68162
vn -0.74629 2E-05 0.66562
vn -0.74696 -3E-05 0.66487
vn -0.76116 2E-05 0.64857
vn -0.76182 -3E-05 0.64778
vn -0.77565 2E-05 0.63117
vn -0.7763 -3E-05 0.63037
vn -0.78975 2E-05 0.61343
vn -0.79038 -3E-05 0.61262
vn -0.80346 2E-05 0.59536
vn -0.80405 -2E-05 0.59456
vn -0.81676 2E-05 0.57697
vn -0.81732 -2E-05 0.57618
vn -0.82966 2E-05 0.55826
vn -0.83017 -2E-05 0.5575
vn -0.84215 2E-05 0.53924
vn -0.84261 -2E-05 0.53852
vn -0.85422 2E-05 0.51992
vn -0.85462 -2E-05 0.51925
vn -0.86585 2E-05 0.50031
vn -0.8662 -2E-05 0.49969
vn -0.87702 2E-05 0.48045
vn -0.87735 -2E-05 0.47986
vn -0.88774 2E-05 0.46034
vn -0.88805 -2E-05 0.45975
vn -0.89799 2E-05 0.44001
vn -0.8983 -2E-05 0.43937
vn -0.90778 2E-05 0.41945
vn -0.9081 -2E-05 0.41875
vn -0.91709 2E-05 0.39867
vn -0.91743 -2E-05 0.39789
vn -0.92593 2E-05 0.37769
vn -0.92628 -2E-05 0.37684
vn -0.93429 2E-05 0.35651
vn -0.93464 -2E-05 0.3556
vn -0.94217 2E-05 0.33513
vn -0.94251 -3E-05 0.33418
vn -0.94957 2E-05 0.31357
vn -0.94989 -3E-05 0.31259
vn -0.95647 2E-05 0.29183
vn -0.95677 -3E-05 0.29084
vn -0.96288 2E-05 0.26992
vn -0.96316 -3E-05 0.26893
vn -0.9688 2E-05 0.24786
vn -0.96905 -2E-05 0.24688
vn -0.97421 2E-05 0.22564
vn -0.97443 -2E-05 0.22469
vn -0.97912 2E-05 0.20328
vn -0.97931 -2E-05 0.20237
vn -0.98352 2E-05 0.18078
vn -0.98368 -2E-05 0.17993
vn -0.98741 2E-05 0.15816
vn -0.98754 -2E-05 0.15738
vn -0.99079 2E-05 0.13544
vn -0.99088 -2E-05 0.13473
vn -0.99363 2E-05 0.11266
vn -0.99371 -2E-05 0.11198
vn -0.99596 2E-05 0.08983
vn -0.99602 -2E-05 0.08915
vn -0.99776 2E-05 0.06695
vn -0.9978 -2E-05 0.06624
vn -0.99903 2E-05 0.04405
vn -0.99906 -2E-05 0.04328
vn -0.99978 2E-05 0.02112
vn -0.99979 -2E-05 0.02027
vn -1 2E-05 -0.00182
vn -1 -2E-05 -0.00274
vn -0.99969 2E-05 -0.02476
vn -0.99967 -2E-05 -0.02573
vn -0.99886 2E-05 -0.0477
vn -0.99881 -3E-05 -0.04871
vn -0.9975 2E-05 -0.07062
vn -0.99743 -3E-05 -0.07165
vn -0.99562 2E-05 -0.09353
vn -0.99552 -3E-05 -0.09456
vn -0.9932 2E-05 -0.1164
vn -0.99308 -3E-05 -0.11742
vn -0.99026 2E-05 -0.13923
vn -0.99012 -2E-05 -0.14023
vn -0.98679 2E-05 -0.162
vn -0.98663 -2E-05 -0.16296
vn -0.98279 2E-05 -0.18472
vn -0.98262 -2E-05 -0.18563
vn -0.97826 2E-05 -0.20737
vn -0.97808 -2E-05 -0.20821
vn -0.97321 2E-05 -0.22994
vn -0.97303 -2E-05 -0.2307
vn -0.96763 2E-05 -0.25239
vn -0.96744 -2E-05 -0.25309
vn -0.96153 2E-05 -0.27471
vn -0.96134 -2E-05 -0.27536
vn -0.95492 2E-05 -0.29687
vn -0.95472 -2E-05 -0.29752
vn -0.9478 2E-05 -0.31886
vn -0.94757 -2E-05 -0.31954
vn -0.94018 2E-05 -0.34068
vn -0.93991 -2E-05 -0.34142
vn -0.93206 2E-05 -0.36232
vn -0.93174 -2E-05 -0.36312
vn -0.92343 2E-05 -0.38376
vn -0.92308 -2E-05 -0.38462
vn -0.91431 2E-05 -0.40501
vn -0.91392 -2E-05 -0.4059
vn -0.9047 2E-05 -0.42605
vn -0.90427 -3E-05 -0.42696
vn -0.8946 2E-05 -0.44686
vn -0.89414 -3E-05 -0.44779
vn -0.88402 2E-05 -0.46746
vn -0.88353 -3E-05 -0.46838
vn -0.87294 2E-05 -0.48782
vn -0.87244 -3E-05 -0.48872
vn -0.8614 2E-05 -0.50793
vn -0.86088 -2E-05 -0.5088
vn -0.84937 2E-05 -0.5278
vn -0.84886 -2E-05 -0.52862
vn -0.83687 2E-05 -0.5474
vn -0.83637 -2E-05 -0.54816
vn -0.82391 2E-05 -0.56673
vn -0.82342 -2E-05 -0.56743
vn -0.81048 2E-05 -0.58577
vn -0.81002 -2E-05 -0.5864
vn -0.7966 2E-05 -0.60451
vn -0.79617 -2E-05 -0.60507
vn -0.78229 2E-05 -0.62291
vn -0.78187 -2E-05 -0.62344
vn -0.76757 2E-05 -0.64097
vn -0.76713 -2E-05 -0.64149
vn -0.75243 2E-05 -0.65867
vn -0.75195 -2E-05 -0.65922
vn -0.73689 2E-05 -0.67601
vn -0.73635 -2E-05 -0.6766
vn -0.72095 2E-05 -0.69299
vn -0.72034 -2E-05 -0.69362
vn -0.70462 2E-05 -0.70959
vn -0.70394 -2E-05 -0.71025
vn -0.68789 2E-05 -0.72581
vn -0.68717 -2E-05 -0.72649
vn -0.67079 2E-05 -0.74165
vn -0.67003 -3E-05 -0.74233
vn -0.65332 2E-05 -0.75709
vn -0.65253 -3E-05 -0.75777
vn -0.63547 2E-05 -0.77213
vn -0.63466 -3E-05 -0.77279
vn -0.61726 2E-05 -0.78676
vn -0.61645 -3E-05 -0.78739
vn -0.5987 2E-05 -0.80097
vn -0.5979 -2E-05 -0.80157
vn -0.57979 2E-05 -0.81476
vn -0.57901 -2E-05 -0.81532
vn -0.56054 2E-05 -0.82813
vn -0.5598 -2E-05 -0.82863
vn -0.54096 2E-05 -0.84105
vn -0.54026 -2E-05 -0.8415
vn -0.52106 2E-05 -0.85352
vn -0.52041 -2E-05 -0.85392
vn -0.50086 2E-05 -0.86553
vn -0.50025 -2E-05 -0.86588
vn -0.4804 2E-05 -0.87705
vn -0.4798 -2E-05 -0.87738
vn -0.45968 2E-05 -0.88808
vn -0.45906 -2E-05 -0.88841
vn -0.43872 2E-05 -0.89863
vn -0.43804 -2E-05 -0.89896
vn -0.41751 2E-05 -0.90867
vn -0.41675 -2E-05 -0.90902
vn -0.39607 2E-05 -0.91822
vn -0.39524 -2E-05 -0.91858
vn -0.37441 2E-05 -0.92726
vn -0.37351 -2E-05 -0.92763
vn -0.35254 2E-05 -0.9358
vn -0.35159 -3E-05 -0.93615
vn -0.33046 2E-05 -0.94382
vn -0.32948 -3E-05 -0.94416
vn -0.30818 2E-05 -0.95133
vn -0.30719 -3E-05 -0.95165
vn -0.28572 2E-05 -0.95831
vn -0.28472 -3E-05 -0.95861
vn -0.26308 2E-05 -0.96477
vn -0.2621 -2E-05 -0.96504
vn -0.24027 2E-05 -0.97071
vn -0.23931 -2E-05 -0.97094
vn -0.2173 2E-05 -0.9761
vn -0.21638 -2E-05 -0.97631
vn -0.19418 2E-05 -0.98097
vn -0.19332 -2E-05 -0.98114
vn -0.17092 2E-05 -0.98529
vn -0.17013 -2E-05 -0.98542
vn -0.14755 2E-05 -0.98905
vn -0.14683 -2E-05 -0.98916
vn -0.1241 2E-05 -0.99227
vn -0.12341 -2E-05 -0.99236
vn -0.10059 2E-05 -0.99493
vn -0.0999 -2E-05 -0.995
vn -0.07703 2E-05 -0.99703
vn -0.07631 -2E-05 -0.99708
vn -0.05343 2E-05 -0.99857
vn -0.05264 -2E-05 -0.99861
vn -0.02981 2E-05 -0.99956
vn -0.02893 -2E-05 -0.99958
vn -0.00616 2E-05 -0.99998
vn -0.00522 -2E-05 -0.99999
vn 0.0175 2E-05 -0.99985
vn 0.01849 -2E-05 -0.99983
vn 0.04115 2E-05 -0.99915
vn 0.04218 -3E-05 -0.99911
vn 0.0648 2E-05 -0.9979
vn 0.06585 -3E-05 -0.99783
vn 0.08843 2E-05 -0.99608
vn 0.08947 -3E-05 -0.99599
vn 0.11203 2E-05 -0.99371
vn 0.11305 -3E-05 -0.99359
vn 0.13558 2E-05 -0.99077
vn 0.13658 -2E-05 -0.99063
vn 0.15909 2E-05 -0.98726
vn 0.16005 -2E-05 -0.98711
vn 0.18254 2E-05 -0.9832
vn 0.18343 -2E-05 -0.98303
vn 0.20591 2E-05 -0.97857
vn 0.20673 -2E-05 -0.9784
vn 0.22919 2E-05 -0.97338
vn 0.22993 -2E-05 -0.97321
vn 0.25235 2E-05 -0.96764
vn 0.25303 -2E-05 -0.96746
vn 0.27535 2E-05 -0.96134
vn 0.27601 -2E-05 -0.96115
vn 0.29819 2E-05 -0.95451
vn 0.29887 -2E-05 -0.95429
vn 0.32085 2E-05 -0.94713
vn 0.32158 -2E-05 -0.94688
vn 0.34332 2E-05 -0.93922
vn 0.34413 -2E-05 -0.93892
vn 0.36561 2E-05 -0.93077
vn 0.36647 -2E-05 -0.93043
vn 0.3877 2E-05 -0.92179
vn 0.3886 -2E-05 -0.92141
vn 0.40956 2E-05 -0.91228
vn 0.4105 -3E-05 -0.91186
vn 0.43121 2E-05 -0.90225
vn 0.43215 -3E-05 -0.9018
vn 0.45263 3E-05 -0.8917
vn 0.45357 -3E-05 -0.89122
vn 0.47381 3E-05 -0.88063
vn 0.47473 -3E-05 -0.88013
vn 0.49473 2E-05 -0.86904
vn 0.49562 -2E-05 -0.86854
vn 0.5154 2E-05 -0.85695
vn 0.51624 -2E-05 -0.85644
vn 0.5358 2E-05 -0.84435
vn 0.53658 -2E-05 -0.84385
vn 0.5559 2E-05 -0.83125
vn 0.55662 -2E-05 -0.83077
vn 0.57572 2E-05 -0.81765
vn 0.57636 -2E-05 -0.81719
vn 0.59521 2E-05 -0.80357
vn 0.59579 -2E-05 -0.80314
vn 0.61436 2E-05 -0.78903
vn 0.6149 -2E-05 -0.7886
vn 0.63313 2E-05 -0.77404
vn 0.63368 -2E-05 -0.7736
vn 0.65154 2E-05 -0.75861
vn 0.65212 -2E-05 -0.75812
vn 0.66957 2E-05 -0.74274
vn 0.67019 -2E-05 -0.74219
vn 0.68722 2E-05 -0.72645
vn 0.68788 -2E-05 -0.72583
vn 0.70447 2E-05 -0.70973
vn 0.70516 -2E-05 -0.70905
vn 0.72132 2E-05 -0.6926
vn 0.72203 -3E-05 -0.69186
vn 0.73777 2E-05 -0.67505
vn 0.73847 -3E-05 -0.67428
vn 0.75379 3E-05 -0.65711
vn 0.75449 -3E-05 -0.65631
vn 0.7694 2E-05 -0.63877
vn 0.77007 -3E-05 -0.63796
vn 0.78457 2E-05 -0.62004
vn 0.7852 -2E-05 -0.61924
vn 0.79929 2E-05 -0.60094
vn 0.7999 -2E-05 -0.60014
vn 0.81358 2E-05 -0.58145
vn 0.81413 -2E-05 -0.58069
vn 0.8274 2E-05 -0.56161
vn 0.8279 -2E-05 -0.56088
vn 0.84076 2E-05 -0.54141
vn 0.8412 -2E-05 -0.54073
vn 0.85364 2E-05 -0.52087
vn 0.85402 -2E-05 -0.52025
vn 0.866 2E-05 -0.50004
vn 0.86635 -2E-05 -0.49944
vn 0.87786 2E-05 -0.47892
vn 0.87819 -2E-05 -0.4783
vn 0.88919 2E-05 -0.45753
vn 0.88954 -2E-05 -0.45686
vn 0.90001 2E-05 -0.43587
vn 0.90037 -2E-05 -0.43513
vn 0.9103 2E-05 -0.41396
vn 0.91067 -2E-05 -0.41313
vn 0.92005 2E-05 -0.3918
vn 0.92043 -2E-05 -0.3909
vn 0.92927 2E-05 -0.36939
vn 0.92965 -3E-05 -0.36846
vn 0.93795 3E-05 -0.34677
vn 0.93831 -3E-05 -0.34579
vn 0.94608 3E-05 -0.32392
vn 0.94642 -3E-05 -0.32292
vn 0.95366 3E-05 -0.30087
vn 0.95398 -3E-05 -0.29986
vn 0.96069 3E-05 -0.27762
vn 0.96098 -3E-05 -0.27662
vn 0.96716 2E-05 -0.25418
vn 0.96741 -2E-05 -0.25321
vn 0.97306 2E-05 -0.23056
vn 0.97328 -2E-05 -0.22964
vn 0.97839 2E-05 -0.20678
vn 0.97857 -2E-05 -0.2059
vn 0.98315 2E-05 -0.18283
vn 0.98329 -2E-05 -0.18204
vn 0.98732 2E-05 -0.15876
vn 0.98743 -2E-05 -0.15803
vn 0.9909 2E-05 -0.13461
vn 0.99099 -2E-05 -0.13391
vn 0.99389 2E-05 -0.11037
vn 0.99397 -2E-05 -0.10968
vn 0.99629 2E-05 -0.08609
vn 0.99635 -2E-05 -0.08534
vn 0.99809 2E-05 -0.06176
vn 0.99814 -2E-05 -0.06093
vn 0.9993 2E-05 -0.03739
vn 0.99933 -2E-05 -0.03647
vn 0.99992 2E-05 -0.01299
vn 0.99993 -2E-05 -0.01202
vn 0.99993 2E-05 0.01143
vn 0.99992 -3E-05 0.01245
vn 0.99936 2E-05 0.03585
vn 0.99932 -3E-05 0.0369
vn 0.99818 3E-05 0.06027
vn 0.99812 -3E-05 0.06132
vn 0.99641 3E-05 0.08466
vn 0.99632 -3E-05 0.08572
vn 0.99404 3E-05 0.10903
vn 0.99392 -3E-05 0.11006
vn 0.99107 2E-05 0.13337
vn 0.99093 -2E-05 0.13436
vn 0.9875 2E-05 0.15764
vn 0.98735 -2E-05 0.15858
vn 0.98332 2E-05 0.18187
vn 0.98316 -2E-05 0.18274
vn 0.97855 2E-05 0.206
vn 0.97838 -2E-05 0.20679
vn 0.97318 2E-05 0.23003
vn 0.97301 -2E-05 0.23075
vn 0.96722 2E-05 0.25392
vn 0.96705 -2E-05 0.2546
vn 0.96068 2E-05 0.27764
vn 0.96049 -2E-05 0.27833
vn 0.95356 2E-05 0.30119
vn 0.95333 -2E-05 0.30192
vn 0.94587 2E-05 0.32455
vn 0.9456 -2E-05 0.32534
vn 0.9376 2E-05 0.34772
vn 0.93728 -2E-05 0.34859
vn 0.92876 2E-05 0.37068
vn 0.9284 -2E-05 0.37159
vn 0.91936 2E-05 0.39343
vn 0.91895 -3E-05 0.39437
vn 0.90939 2E-05 0.41595
vn 0.90895 -3E-05 0.41691
vn 0.89886 3E-05 0.43823
vn 0.8984 -3E-05 0.43919
vn 0.88778 3E-05 0.46026
vn 0.8873 -3E-05 0.4612
vn 0.87615 3E-05 0.48203
vn 0.87565 -3E-05 0.48295
vn 0.86397 2E-05 0.50354
vn 0.86347 -2E-05 0.5044
vn 0.85124 2E-05 0.52477
vn 0.85075 -2E-05 0.52557
vn 0.83798 2E-05 0.5457
vn 0.83751 -2E-05 0.54643
vn 0.82419 2E-05 0.56632
vn 0.82374 -2E-05 0.56697
vn 0.80987 2E-05 0.5866
vn 0.80945 -2E-05 0.58719
vn 0.79507 2E-05 0.60652
vn 0.79464 -2E-05 0.60708
vn 0.77978 2E-05 0.62605
vn 0.77933 -2E-05 0.62662
vn 0.76402 2E-05 0.64519
vn 0.76351 -2E-05 0.64579
vn 0.74779 2E-05 0.66394
vn 0.74721 -2E-05 0.66459
vn 0.73109 2E-05 0.68228
vn 0.73045 -2E-05 0.68296
vn 0.71395 2E-05 0.7002
vn 0.71324 -3E-05 0.70092
vn 0.69635 2E-05 0.7177
vn 0.6956 -3E-05 0.71843
vn 0.67832 3E-05 0.73477
vn 0.67754 -3E-05 0.73549
vn 0.65985 3E-05 0.7514
vn 0.65905 -3E-05 0.7521
vn 0.64096 3E-05 0.76757
vn 0.64015 -3E-05 0.76825
vn 0.62165 3E-05 0.78329
vn 0.62085 -2E-05 0.78393
vn 0.60194 2E-05 0.79854
vn 0.60115 -2E-05 0.79914
vn 0.58182 2E-05 0.81332
vn 0.58107 -2E-05 0.81386
vn 0.56131 2E-05 0.82761
vn 0.56061 -2E-05 0.82808
vn 0.54043 2E-05 0.84139
vn 0.53978 -2E-05 0.8418
vn 0.51921 2E-05 0.85465
vn 0.51859 -2E-05 0.85502
vn 0.49767 2E-05 0.86736
vn 0.49706 -2E-05 0.86772
vn 0.47583 2E-05 0.87954
vn 0.47517 -2E-05 0.87989
vn 0.4537 2E-05 0.89116
vn 0.45297 -2E-05 0.89153
vn 0.43128 2E-05 0.90222
vn 0.43046 -2E-05 0.90261
vn 0.40858 2E-05 0.91272
vn 0.4077 -2E-05 0.91312
vn 0.38563 2E-05 0.92265
vn 0.38469 -3E-05 0.92305
vn 0.36242 2E-05 0.93201
vn 0.36144 -3E-05 0.9324
vn 0.33897 3E-05 0.9408
vn 0.33796 -3E-05 0.94116
vn 0.31529 3E-05 0.949
vn 0.31427 -3E-05 0.94933
vn 0.29139 3E-05 0.95661
vn 0.29038 -3E-05 0.95691
vn 0.26727 3E-05 0.96362
vn 0.26629 -2E-05 0.96389
vn 0.24296 2E-05 0.97004
vn 0.24202 -2E-05 0.97027
vn 0.21846 2E-05 0.97585
vn 0.21758 -2E-05 0.97604
vn 0.19379 2E-05 0.98104
vn 0.19298 -2E-05 0.9812
vn 0.16897 2E-05 0.98562
vn 0.16824 -2E-05 0.98575
vn 0.14406 2E-05 0.98957
vn 0.14335 -2E-05 0.98967
vn 0.11907 2E-05 0.99289
vn 0.11834 -2E-05 0.99297
vn 0.094 2E-05 0.99557
vn 0.09322 -2E-05 0.99565
vn 0.06888 2E-05 0.99762
vn 0.06802 -2E-05 0.99768
vn 0.04371 2E-05 0.99904
vn 0.04277 -2E-05 0.99908
vn 0.01851 2E-05 0.99983
vn 0.01751 -3E-05 0.99985
vn -0.00671 2E-05 0.99998
vn -0.00776 -3E-05 0.99997
vn -0.03195 3E-05 0.99949
vn -0.03302 -3E-05 0.99945
vn -0.05718 3E-05 0.99836
vn -0.05826 -3E-05 0.9983
vn -0.0824 3E-05 0.9966
vn -0.08346 -3E-05 0.99651
vn -0.1076 3E-05 0.99419
vn -0.10863 -3E-05 0.99408
vn -0.13275 2E-05 0.99115
vn -0.13373 -2E-05 0.99102
vn -0.15785 2E-05 0.98746
vn -0.15877 -2E-05 0.98732
vn -0.18289 2E-05 0.98313
vn -0.18373 -2E-05 0.98298
vn -0.20784 2E-05 0.97816
vn -0.2086 -2E-05 0.978
vn -0.23265 2E-05 0.97256
vn -0.23336 -2E-05 0.97239
vn -0.2573 2E-05 0.96633
vn -0.258 -2E-05 0.96615
vn -0.28178 2E-05 0.95948
vn -0.28251 -2E-05 0.95926
vn -0.30607 2E-05 0.95201
vn -0.30687 -2E-05 0.95175
vn -0.33017 2E-05 0.94392
vn -0.33103 -2E-05 0.94362
vn -0.35405 2E-05 0.93523
vn -0.35498 -2E-05 0.93487
vn -0.37772 2E-05 0.92592
vn -0.37868 -3E-05 0.92553
vn -0.40116 3E-05 0.91601
vn -0.40214 -3E-05 0.91558
vn -0.42435 3E-05 0.9055
vn -0.42533 -3E-05 0.90504
vn -0.44728 3E-05 0.89439
vn -0.44825 -3E-05 0.89391
vn -0.46995 3E-05 0.88269
vn -0.47088 -3E-05 0.8822
vn -0.49234 3E-05 0.8704
vn -0.49322 -2E-05 0.8699
vn -0.51444 2E-05 0.85753
vn -0.51526 -2E-05 0.85703
vn -0.53623 2E-05 0.84407
vn -0.53698 -2E-05 0.8436
vn -0.5577 2E-05 0.83004
vn -0.55836 -2E-05 0.8296
vn -0.57881 2E-05 0.81547
vn -0.57941 -2E-05 0.81504
vn -0.59952 2E-05 0.80036
vn -0.6001 -2E-05 0.79993
vn -0.61984 2E-05 0.78473
vn -0.62043 -2E-05 0.78426
vn -0.63975 2E-05 0.76859
vn -0.64038 -2E-05 0.76806
vn -0.65923 2E-05 0.75194
vn -0.65991 -2E-05 0.75134
vn -0.67829 2E-05 0.73479
vn -0.67901 -2E-05 0.73413
vn -0.69691 2E-05 0.71716
vn -0.69764 -3E-05 0.71644
vn -0.71507 3E-05 0.69905
vn -0.71582 -3E-05 0.69828
vn -0.73278 3E-05 0.68046
vn -0.73352 -3E-05 0.67967
vn -0.75002 3E-05 0.66141
vn -0.75074 -3E-05 0.6606
vn -0.76678 3E-05 0.64191
vn -0.76747 -3E-05 0.64109
vn -0.78306 3E-05 0.62195
vn -0.78369 -2E-05 0.62115
vn -0.79883 2E-05 0.60156
vn -0.79942 -2E-05 0.60078
vn -0.8141 2E-05 0.58073
vn -0.81462 -2E-05 0.58
vn -0.82884 2E-05 0.55949
vn -0.82929 -2E-05 0.55881
vn -0.84303 2E-05 0.53786
vn -0.84344 -2E-05 0.53723
vn -0.85666 2E-05 0.51588
vn -0.85703 -2E-05 0.51526
vn -0.86971 2E-05 0.49357
vn -0.87008 -2E-05 0.49292
vn -0.88217 2E-05 0.47093
vn -0.88256 -2E-05 0.47021
vn -0.89405 2E-05 0.44797
vn -0.89445 -2E-05 0.44717
vn -0.90533 2E-05 0.42471
vn -0.90574 -2E-05 0.42383
vn -0.91601 2E-05 0.40116
vn -0.91642 -3E-05 0.40022
vn -0.92608 3E-05 0.37733
vn -0.92648 -3E-05 0.37634
vn -0.93554 3E-05 0.35323
vn -0.93592 -3E-05 0.35222
vn -0.94437 3E-05 0.32888
vn -0.94473 -3E-05 0.32785
vn -0.95258 3E-05 0.30428
vn -0.95291 -3E-05 0.30326
vn -0.96016 3E-05 0.27944
vn -0.96045 -2E-05 0.27845
vn -0.9671 2E-05 0.25438
vn -0.96735 -2E-05 0.25344
vn -0.9734 2E-05 0.22912
vn -0.97361 -2E-05 0.22823
vn -0.97904 2E-05 0.20366
vn -0.97921 -2E-05 0.20285
vn -0.98402 2E-05 0.17805
vn -0.98416 -2E-05 0.17731
vn -0.98833 2E-05 0.15233
vn -0.98844 -2E-05 0.1516
vn -0.99197 2E-05 0.12651
vn -0.99206 -2E-05 0.12577
vn -0.99493 2E-05 0.10061
vn -0.99501 -2E-05 0.0998
vn -0.99721 2E-05 0.07465
vn -0.99728 -2E-05 0.07375
vn -0.99882 2E-05 0.04863
vn -0.99886 -2E-05 0.04765
vn -0.99975 2E-05 0.02257
vn -0.99977 -3E-05 0.02153
vn -0.99999 3E-05 -0.00352
vn -0.99999 -3E-05 -0.0046
vn -0.99956 3E-05 -0.02963
vn -0.99953 -3E-05 -0.03072
vn -0.99845 3E-05 -0.05574
vn -0.99838 -3E-05 -0.05683
vn -0.99665 3E-05 -0.08184
vn -0.99656 -3E-05 -0.08291
vn -0.99416 3E-05 -0.10791
vn -0.99405 -2E-05 -0.10894
vn -0.99099 2E-05 -0.13394
vn -0.99086 -2E-05 -0.13491
vn -0.98713 2E-05 -0.15992
vn -0.98698 -2E-05 -0.16082
vn -0.98258 2E-05 -0.18583
vn -0.98243 -2E-05 -0.18664
vn -0.97735 2E-05 -0.21162
vn -0.97719 -2E-05 -0.21236
vn -0.97145 2E-05 -0.23725
vn -0.97127 -2E-05 -0.23796
vn -0.96488 2E-05 -0.26271
vn -0.96467 -2E-05 -0.26345
vn -0.95764 2E-05 -0.28798
vn -0.9574 -2E-05 -0.28878
vn -0.94973 2E-05 -0.31306
vn -0.94945 -2E-05 -0.31393
vn -0.94117 2E-05 -0.33792
vn -0.94084 -3E-05 -0.33886
vn -0.93196 2E-05 -0.36256
vn -0.93158 -3E-05 -0.36354
vn -0.9221 3E-05 -0.38696
vn -0.92168 -3E-05 -0.38796
vn -0.91158 3E-05 -0.41111
vn -0.91113 -3E-05 -0.41211
vn -0.90043 3E-05 -0.435
vn -0.89995 -3E-05 -0.43598
vn -0.88864 3E-05 -0.45861
vn -0.88815 -3E-05 -0.45956
vn -0.87621 3E-05 -0.48193
vn -0.87571 -2E-05 -0.48283
vn -0.86315 2E-05 -0.50494
vn -0.86266 -2E-05 -0.50578
vn -0.84947 2E-05 -0.52764
vn -0.849 -2E-05 -0.52839
vn -0.83517 2E-05 -0.54999
vn -0.83473 -2E-05 -0.55067
vn -0.82028 2E-05 -0.57196
vn -0.81985 -2E-05 -0.57258
vn -0.80482 2E-05 -0.59352
vn -0.80438 -2E-05 -0.59412
vn -0.7888 2E-05 -0.61465
vn -0.78832 -2E-05 -0.61527
vn -0.77222 2E-05 -0.63535
vn -0.77168 -2E-05 -0.63601
vn -0.7551 2E-05 -0.65561
vn -0.75448 -2E-05 -0.65632
vn -0.73745 2E-05 -0.6754
vn -0.73676 -3E-05 -0.67615
vn -0.71927 3E-05 -0.69473
vn -0.71853 -3E-05 -0.6955
vn -0.70057 3E-05 -0.71359
vn -0.69978 -3E-05 -0.71435
vn -0.68136 3E-05 -0.73195
vn -0.68055 -3E-05 -0.7327
vn -0.66165 3E-05 -0.74982
vn -0.66083 -3E-05 -0.75054
vn -0.64144 3E-05 -0.76717
vn -0.64063 -3E-05 -0.76785
vn -0.62076 3E-05 -0.784
vn -0.61997 -2E-05 -0.78463
vn -0.59961 2E-05 -0.80029
vn -0.59885 -2E-05 -0.80086
vn -0.57799 2E-05 -0.81605
vn -0.57728 -2E-05 -0.81654
vn -0.55594 2E-05 -0.83122
vn -0.55528 -2E-05 -0.83166
vn -0.53349 2E-05 -0.84581
vn -0.53285 -2E-05 -0.84621
vn -0.51067 2E-05 -0.85978
vn -0.51002 -2E-05 -0.86016
vn -0.48749 2E-05 -0.87313
vn -0.48678 -2E-05 -0.87353
vn -0.46396 2E-05 -0.88586
vn -0.46316 -2E-05 -0.88627
vn -0.44009 2E-05 -0.89795
vn -0.43921 -2E-05 -0.89838
vn -0.41591 2E-05 -0.90941
vn -0.41496 -3E-05 -0.90984
vn -0.39141 3E-05 -0.92022
vn -0.39041 -3E-05 -0.92064
vn -0.36661 3E-05 -0.93037
vn -0.36559 -3E-05 -0.93078
vn -0.34153 3E-05 -0.93987
vn -0.34049 -3E-05 -0.94025
vn -0.31617 3E-05 -0.9487
vn -0.31515 -3E-05 -0.94904
vn -0.29056 3E-05 -0.95686
vn -0.28956 -2E-05 -0.95716
vn -0.2647 3E-05 -0.96433
vn -0.26375 -2E-05 -0.96459
vn -0.23861 2E-05 -0.97112
vn -0.23772 -2E-05 -0.97133
vn -0.21231 2E-05 -0.9772
vn -0.2115 -2E-05 -0.97738
vn -0.18584 2E-05 -0.98258
vn -0.18509 -2E-05 -0.98272
vn -0.15924 2E-05 -0.98724
vn -0.1585 -2E-05 -0.98736
vn -0.13255 2E-05 -0.99118
vn -0.13177 -2E-05 -0.99128
vn -0.10575 2E-05 -0.99439
vn -0.10489 -2E-05 -0.99448
vn -0.07887 2E-05 -0.99688
vn -0.07793 -2E-05 -0.99696
vn -0.05194 2E-05 -0.99865
vn -0.05092 -3E-05 -0.9987
vn -0.02495 3E-05 -0.99969
vn -0.02388 -3E-05 -0.99971
vn 0.00207 3E-05 -1
vn 0.00317 -3E-05 -0.99999
vn 0.02911 3E-05 -0.99958
vn 0.03023 -3E-05 -0.99954
vn 0.05616 3E-05 -0.99842
vn 0.05726 -3E-05 -0.99836
vn 0.0832 3E-05 -0.99653
vn 0.08427 -3E-05 -0.99644
vn 0.11022 3E-05 -0.99391
vn 0.11123 -2E-05 -0.99379
vn 0.13719 2E-05 -0.99055
vn 0.13813 -2E-05 -0.99041
vn 0.1641 2E-05 -0.98644
vn 0.16495 -2E-05 -0.9863
vn 0.19092 2E-05 -0.98161
vn 0.19169 -2E-05 -0.98145
vn 0.21758 2E-05 -0.97604
vn 0.21832 -2E-05 -0.97588
vn 0.24408 2E-05 -0.96975
vn 0.24483 -2E-05 -0.96957
vn 0.27039 2E-05 -0.96275
vn 0.2712 -2E-05 -0.96252
vn 0.2965 2E-05 -0.95503
vn 0.29739 -2E-05 -0.95476
vn 0.3224 2E-05 -0.9466
vn 0.32335 -3E-05 -0.94628
vn 0.34807 3E-05 -0.93747
vn 0.34907 -3E-05 -0.9371
vn 0.37349 3E-05 -0.92763
vn 0.37451 -3E-05 -0.92722
vn 0.39865 3E-05 -0.9171
vn 0.39968 -3E-05 -0.91666
vn 0.42355 3E-05 -0.90587
vn 0.42455 -3E-05 -0.9054
vn 0.44815 3E-05 -0.89396
vn 0.44912 -3E-05 -0.89347
vn 0.47245 3E-05 -0.88136
vn 0.47337 -2E-05 -0.88086
vn 0.49643 3E-05 -0.86807
vn 0.49728 -2E-05 -0.86759
vn 0.52008 2E-05 -0.85412
vn 0.52084 -2E-05 -0.85365
vn 0.54336 2E-05 -0.8395
vn 0.54404 -2E-05 -0.83906
vn 0.56623 2E-05 -0.82425
vn 0.56686 -2E-05 -0.82381
vn 0.58866 2E-05 -0.80838
vn 0.58929 -2E-05 -0.80792
vn 0.61065 2E-05 -0.7919
vn 0.6113 -2E-05 -0.7914
vn 0.63217 2E-05 -0.77483
vn 0.63288 -2E-05 -0.77425
vn 0.65322 2E-05 -0.75717
vn 0.65398 -3E-05 -0.75651
vn 0.67378 2E-05 -0.73893
vn 0.67457 -3E-05 -0.73822
vn 0.69385 3E-05 -0.72012
vn 0.69464 -3E-05 -0.71936
vn 0.7134 3E-05 -0.70075
vn 0.71419 -3E-05 -0.69996
vn 0.73244 3E-05 -0.68084
vn 0.7332 -3E-05 -0.68001
vn 0.75093 3E-05 -0.66038
vn 0.75166 -3E-05 -0.65956
vn 0.76888 3E-05 -0.6394
vn 0.76955 -3E-05 -0.63858
vn 0.78627 3E-05 -0.61788
vn 0.78688 -2E-05 -0.61711
vn 0.80308 2E-05 -0.59587
vn 0.80362 -2E-05 -0.59514
vn 0.8193 2E-05 -0.57337
vn 0.81977 -2E-05 -0.57269
vn 0.83489 2E-05 -0.55041
vn 0.83531 -2E-05 -0.54978
vn 0.84985 2E-05 -0.52703
vn 0.85023 -2E-05 -0.52641
vn 0.86415 2E-05 -0.50323
vn 0.86452 -2E-05 -0.50259
vn 0.87779 2E-05 -0.47904
vn 0.87816 -2E-05 -0.47836
vn 0.89077 2E-05 -0.45446
vn 0.89113 -2E-05 -0.45376
vn 0.90306 2E-05 -0.4295
vn 0.90339 -2E-05 -0.42881
vn 0.91467 2E-05 -0.40419
vn 0.91497 -2E-05 -0.40353
vn 0.92558 2E-05 -0.37854
vn 0.92582 -1E-05 -0.37796
vn 0.93579 1E-05 -0.35256
vn 0.93597 -1E-05 -0.35207
vn 0.94527 1E-05 -0.3263
vn 0.9454 -1E-05 -0.32591
vn 0.95401 1E-05 -0.29978
vn 0.9541 -1E-05 -0.29949
vn 0.96201 1E-05 -0.27303
vn 0.96207 -0 -0.2728
vn 0.96926 1E-05 -0.24604
vn 0.9693 -0 -0.24589
vn 0.97576 0 -0.21885
vn 0.97578 -0 -0.21875
vn 0.9815 0 -0.19146
vn 0.98151 -0 -0.19139
vn 0.98648 0 -0.16389
vn 0.98648 -0 -0.16387
vn 0.99069 0 -0.13616
vn 0.99069 0 -0.13615
vn 0.2493 0.00081 -0.96843
vn 0.19251 -0.00347 -0.98129
vn 0.19251 0 -0.98129
vn 0.19251 -0.00025 -0.98129
vn 0.18489 -0.00064 -0.98276
vn 0.08315 0.00257 -0.99653
vn 0.05986 0.00085 -0.99821
vn 0.05986 0 -0.99821
vn 0.05986 -0.00326 -0.9982
vn 0.08574 -0.00176 -0.99632
vn -0.08545 0.00421 -0.99633
vn -0.10724 0.00259 -0.99423
vn -0.10724 0 -0.99423
vn -0.10724 -0.00401 -0.99423
vn -0.13602 -0.00772 -0.99068
vn -0.25156 0.00496 -0.96783
vn -0.26232 0.00413 -0.96497
vn -0.26232 0 -0.96498
vn -0.26231 -0.00634 -0.96496
vn -0.2764 -0.00797 -0.96101
vn -0.41051 0.00445 -0.91185
vn -0.40739 0.00471 -0.91324
vn -0.40739 0 -0.91325
vn -0.40738 -0.0069 -0.91323
vn -0.41124 -0.00729 -0.9115
vn -0.55792 0.0029 -0.82989
vn -0.54472 0.0041 -0.83861
vn -0.54473 0 -0.83861
vn -0.54472 -0.00601 -0.8386
vn -0.53753 -0.00534 -0.84323
vn -0.68929 0.00103 -0.72449
vn -0.67489 0.00252 -0.73791
vn -0.6749 0 -0.73791
vn -0.67489 -0.0043 -0.73791
vn -0.65271 -0.00245 -0.75761
vn -0.8012 -0.00131 -0.59839
vn -0.76597 0.00084 -0.64288
vn -0.76597 0 -0.64288
vn -0.76597 -0.00051 -0.64288
vn -0.75452 0.00034 -0.65627
vn -0.89033 0.00074 -0.45531
vn -0.91471 -0.00335 -0.4041
vn -0.91472 0 -0.4041
vn -0.91472 -0.00033 -0.4041
vn -0.90956 0.00059 -0.41558
vn -0.95413 0.00247 -0.29938
vn -0.95991 0.00105 -0.28031
vn -0.95991 0 -0.28031
vn -0.95991 -0.00328 -0.28031
vn -0.95974 -0.00322 -0.28086
vn -0.99086 0.00406 -0.13482
vn -0.99288 0.00293 -0.11907
vn -0.99289 0 -0.11907
vn -0.99286 -0.00647 -0.11907
vn -0.99005 -0.00438 -0.14064
vn -0.99943 0.00471 0.03343
vn -0.9993 0.00445 0.03709
vn -0.99931 0 0.03709
vn -0.99928 -0.00826 0.03709
vn -0.99998 -0.00548 0.00265
vn -0.9796 0.00414 0.2009
vn -0.98175 0.00495 0.19009
vn -0.98177 0 0.19009
vn -0.98173 -0.00842 0.19008
vn -0.98928 -0.00556 0.14592
vn -0.93195 0.00259 0.36257
vn -0.93962 0.0042 0.34219
vn -0.93963 0 0.3422
vn -0.93963 0.00041 0.3422
vn -0.90733 -0.01103 0.42027
vn -0.85781 0.00085 0.51397
vn -0.86948 0.00257 0.49396
vn -0.86949 0 0.49396
vn -0.86949 0.00065 0.49396
vn -0.83783 -0.00661 0.5459
vn -0.75929 -0.00133 0.65075
vn -0.79587 0.00083 0.60547
vn -0.79587 0 0.60547
vn -0.79586 0.00491 0.60546
vn -0.75106 -0.00246 0.66022
vn -0.73537 0 0.67767
vn -0.95826 -0.00432 0.28587
vn -0.84075 0.00153 -0.54142
vn -0.87329 -0.00069 -0.4872
vn -0.87329 0 -0.48721
vn -0.87329 -0 -0.48721
vn -0.82241 -0 -0.56889
vn -0.01442 0 -0.9999
vn 0.00103 -0.00233 -1
vn 0.28232 6E-05 -0.95932
vn 0.28399 0 -0.95883
vn -0.82241 0 -0.56889
vn -0.82241 -0.00025 -0.56889
vn -0.68475 0 0.72878
vn -0.68477 0 0.72876
vn -0.65024 -0 0.75973
vn -0.65025 -0 0.75972
vn -0.61494 -1E-05 0.78857
vn -0.61498 -0 0.78854
vn -0.57896 -1E-05 0.81535
vn -0.57908 -0 0.81527
vn -0.54255 -1E-05 0.84002
vn -0.54266 -0 0.83996
vn -0.50568 -0 0.86272
vn -0.50581 0 0.86264
vn -0.46846 -0 0.88348
vn -0.46865 0 0.88338
vn -0.43101 0 0.90235
vn -0.43124 1E-05 0.90224
vn -0.39339 0 0.91937
vn -0.39363 1E-05 0.91927
vn -0.35568 0 0.93461
vn -0.35588 1E-05 0.93453
vn -0.31794 -0 0.94811
vn -0.31813 0 0.94805
vn -0.2802 -1E-05 0.95994
vn -0.2804 -0 0.95988
vn -0.24251 -1E-05 0.97015
vn -0.24275 -0 0.97009
vn -0.20499 -1E-05 0.97876
vn -0.20524 -0 0.97871
vn -0.14915 -1E-05 0.98881
vn -0.14943 0 0.98877
vn -0.07553 -0 0.99714
vn -0.07587 1E-05 0.99712
vn -0.0033 -0 0.99999
vn -0.00363 1E-05 0.99999
vn 0.06728 -1E-05 0.99773
vn 0.06701 1E-05 0.99775
vn 0.13607 -1E-05 0.9907
vn 0.13577 0 0.99074
vn 0.20275 -1E-05 0.97923
vn 0.20244 0 0.97929
vn 0.26719 -1E-05 0.96364
vn 0.26683 1E-05 0.96374
vn 0.3292 -0 0.94426
vn 0.32882 1E-05 0.94439
vn 0.38867 -0 0.92138
vn 0.38836 1E-05 0.92151
vn 0.44553 -1E-05 0.89527
vn 0.44528 1E-05 0.89539
vn 0.49975 -1E-05 0.86617
vn 0.4995 0 0.86632
vn 0.5512 -1E-05 0.83438
vn 0.55093 0 0.83455
vn 0.59982 -1E-05 0.80014
vn 0.59953 1E-05 0.80036
vn 0.64557 -1E-05 0.7637
vn 0.64527 1E-05 0.76396
vn 0.68844 -0 0.72529
vn 0.68817 1E-05 0.72555
vn 0.72843 -0 0.68512
vn 0.72824 1E-05 0.68532
vn 0.76557 -1E-05 0.64335
vn 0.76542 0 0.64354
vn 0.79987 -1E-05 0.60017
vn 0.79971 0 0.60039
vn 0.83131 -1E-05 0.55582
vn 0.83114 0 0.55607
vn 0.8599 -1E-05 0.51047
vn 0.85972 1E-05 0.51077
vn 0.88568 -0 0.4643
vn 0.88551 1E-05 0.46463
vn 0.90869 -0 0.41747
vn 0.90854 1E-05 0.4178
vn 0.92898 -0 0.37012
vn 0.92889 1E-05 0.37036
vn 0.94662 -0 0.32236
vn 0.94655 0 0.32254
vn 0.96165 -1E-05 0.27429
vn 0.96159 0 0.2745
vn 0.9741 -1E-05 0.2261
vn 0.97405 -0 0.22634
vn 0.98404 -1E-05 0.17793
vn 0.98399 0 0.17822
vn 0.99153 -1E-05 0.12989
vn 0.99149 1E-05 0.13021
vn 0.99662 -0 0.08211
vn 0.9966 1E-05 0.08244
vn 0.9994 -0 0.03466
vn 0.99939 1E-05 0.03497
vn 0.99992 -0 -0.01236
vn 0.99993 1E-05 -0.01215
vn 0.99826 -0 -0.0589
vn 0.99827 0 -0.05877
vn 0.99448 -1E-05 -0.1049
vn 0.9945 -0 -0.10476
vn 0.98865 -1E-05 -0.15024
vn 0.98868 -0 -0.15006
vn 0.98084 -1E-05 -0.19481
vn 0.98089 0 -0.19458
vn 0.97113 -1E-05 -0.23854
vn 0.9712 1E-05 -0.23828
vn 0.9596 -0 -0.28136
vn 0.95968 1E-05 -0.28109
vn 0.94632 -0 -0.32323
vn 0.94641 1E-05 -0.32297
vn 0.93136 -0 -0.3641
vn 0.93144 1E-05 -0.3639
vn 0.91479 0 -0.40393
vn 0.91483 1E-05 -0.40383
vn 0.89666 -0 -0.44271
vn 0.89669 0 -0.44266
vn 0.87705 -1E-05 -0.4804
vn 0.87709 -0 -0.48033
vn 0.85603 -1E-05 -0.51692
vn 0.8561 -0 -0.51681
vn 0.83371 -1E-05 -0.55221
vn 0.8338 0 -0.55207
vn 0.81014 -0 -0.58624
vn 0.81026 0 -0.58607
vn 0.7854 -0 -0.61899
vn 0.78554 1E-05 -0.61881
vn 0.75956 -0 -0.65044
vn 0.7597 1E-05 -0.65027
vn 0.73268 0 -0.68057
vn 0.7328 1E-05 -0.68044
vn 0.70483 0 -0.70938
vn 0.70489 1E-05 -0.70931
vn 0.67605 0 -0.73686
vn 0.67605 0 -0.73685
vn 0.64639 -0 -0.763
vn 0.64639 -0 -0.76301
vn 0.61592 -1E-05 -0.78781
vn 0.61595 -0 -0.78778
vn 0.58475 -1E-05 -0.81121
vn 0.58481 -0 -0.81117
vn 0.55294 -1E-05 -0.83322
vn 0.55304 -0 -0.83316
vn 0.52055 -0 -0.85383
vn 0.52068 0 -0.85375
vn 0.48764 -0 -0.87304
vn 0.48779 1E-05 -0.87296
vn 0.45427 0 -0.89086
vn 0.45441 1E-05 -0.89079
vn 0.42049 0 -0.9073
vn 0.42059 1E-05 -0.90725
vn 0.38634 0 -0.92236
vn 0.38638 0 -0.92234
vn 0.35186 0 -0.93605
vn 0.35181 0 -0.93607
vn 0.3171 0 -0.94839
vn 0.31702 -0 -0.94842
vn 0.28209 -0 -0.95939
vn 0.28204 -1E-05 -0.9594
vn 0.24693 -1E-05 -0.96903
vn 0.24693 -1E-05 -0.96903
vn 0.21169 -0 -0.97734
vn 0.21173 -0 -0.97733
vn 0.17641 -0 -0.98432
vn 0.17648 0 -0.9843
vn 0.14113 -0 -0.98999
vn 0.14123 0 -0.98998
vn 0.10591 0 -0.99438
vn 0.10601 1E-05 -0.99437
vn 0.07077 0 -0.99749
vn 0.07085 1E-05 -0.99749
vn 0.03576 0 -0.99936
vn 0.03579 0 -0.99936
vn 0.0009 0 -1
vn 0.00085 0 -1
vn -0.03379 0 -0.99943
vn -0.03392 -0 -0.99942
vn -0.06826 0 -0.99767
vn -0.06842 -0 -0.99766
vn -0.10251 -0 -0.99473
vn -0.10263 -1E-05 -0.99472
vn -0.13643 -0 -0.99065
vn -0.13651 -1E-05 -0.99064
vn -0.16999 -0 -0.98545
vn -0.17003 -0 -0.98544
vn -0.20316 -0 -0.97915
vn -0.20316 -0 -0.97915
vn -0.2359 0 -0.97178
vn -0.23588 0 -0.97178
vn -0.26818 0 -0.96337
vn -0.26815 0 -0.96338
vn -0.3 0 -0.95394
vn -0.29997 0 -0.95395
vn -0.33131 0 -0.94352
vn -0.33132 0 -0.94352
vn -0.36211 0 -0.93214
vn -0.36217 0 -0.93211
vn -0.39237 1E-05 -0.91981
vn -0.39252 -0 -0.91975
vn -0.42208 1E-05 -0.90656
vn -0.42228 -0 -0.90646
vn -0.45123 0 -0.89241
vn -0.45143 -1E-05 -0.89231
vn -0.4798 -0 -0.87738
vn -0.47996 -1E-05 -0.87729
vn -0.50771 -0 -0.86153
vn -0.50783 -1E-05 -0.86146
vn -0.53496 -0 -0.84488
vn -0.53503 -1E-05 -0.84483
vn -0.56151 0 -0.82747
vn -0.56157 -0 -0.82743
vn -0.58737 0 -0.80932
vn -0.5874 -0 -0.8093
vn -0.6125 0 -0.79047
vn -0.61253 0 -0.79045
vn -0.63692 0 -0.77093
vn -0.63695 0 -0.77091
vn -0.66059 1E-05 -0.75074
vn -0.66065 0 -0.7507
vn -0.68353 1E-05 -0.72992
vn -0.68362 0 -0.72984
vn -0.70572 1E-05 -0.70849
vn -0.70586 -0 -0.70835
vn -0.72715 1E-05 -0.68648
vn -0.72734 -0 -0.68628
vn -0.74782 1E-05 -0.6639
vn -0.74802 -1E-05 -0.66368
vn -0.76773 0 -0.64078
vn -0.76791 -1E-05 -0.64056
vn -0.78684 -0 -0.61715
vn -0.78698 -1E-05 -0.61698
vn -0.80514 -0 -0.59308
vn -0.80524 -1E-05 -0.59295
vn -0.82262 -0 -0.56859
vn -0.8227 -1E-05 -0.56848
vn -0.83928 -0 -0.5437
vn -0.83932 -0 -0.54363
vn -0.85511 0 -0.51844
vn -0.85514 -0 -0.5184
vn -0.87012 0 -0.49284
vn -0.87013 -0 -0.49282
vn -0.8843 0 -0.46692
vn -0.88431 0 -0.4669
vn -0.89765 0 -0.4407
vn -0.89767 0 -0.44068
vn -0.91019 0 -0.4142
vn -0.91021 -0 -0.41416
vn -0.92189 0 -0.38745
vn -0.92193 -0 -0.38736
vn -0.93278 0 -0.36045
vn -0.93282 -0 -0.36033
vn -0.94285 0 -0.33322
vn -0.94288 -0 -0.33313
vn -0.95208 -0 -0.30584
vn -0.95211 -0 -0.30576
vn -0.96048 -0 -0.27834
vn -0.96051 -0 -0.27826
vn -0.96806 -0 -0.25071
vn -0.96807 -0 -0.25067
vn -0.97482 -0 -0.22301
vn -0.97482 -0 -0.22299
vn -0.98076 -0 -0.19524
vn -0.98076 -0 -0.19523
vn -0.98588 -0 -0.16743
vn -0.98588 -0 -0.16744
vn -0.99021 -0 -0.1396
vn -0.99021 -0 -0.13962
vn -0.99374 -0 -0.11176
vn -0.99373 -0 -0.11178
vn -0.99647 -0 -0.08392
vn -0.99647 0 -0.08396
vn -0.99842 -0 -0.05613
vn -0.99842 0 -0.05615
vn -0.9996 -0 -0.02836
vn -0.9996 0 -0.02838
vn -1 0 -0.00065
vn -1 0 -0.00066
vn 0.99174 -0 0.12826
vn 0.29482 0 -0.95555
vn 0.28369 0.00083 -0.95892
vn 0.27436 -0.00378 -0.96162
vn 0.28972 0 -0.95711
vn 0.29434 -0.00036 -0.9557
vn 0.20763 0.00041 -0.97821
vn 0.21744 -0.00036 -0.97607
vn 0.12406 0.00035 -0.99227
vn 0.13273 -0.0003 -0.99115
vn 0.0396 0.0003 -0.99922
vn 0.04703 -0.00025 -0.99889
vn -0.04515 0.00025 -0.99898
vn -0.03901 -0.0002 -0.99924
vn -0.12958 0.0002 -0.99157
vn -0.12477 -0.00015 -0.99219
vn -0.21307 0.00015 -0.97704
vn -0.20959 -0.0001 -0.97779
vn -0.29504 0.0001 -0.95549
vn -0.29288 -6E-05 -0.95615
vn -0.37488 6E-05 -0.92707
vn -0.37406 -1E-05 -0.9274
vn -0.45204 1E-05 -0.892
vn -0.4524 3E-05 -0.89182
vn -0.52594 -3E-05 -0.85052
vn -0.52732 8E-05 -0.84966
vn -0.59607 -7E-05 -0.80293
vn -0.59841 0.00012 -0.80119
vn -0.66192 -0.00012 -0.74958
vn -0.66507 0.00016 -0.74678
vn -0.72301 -0.00015 -0.69084
vn -0.7268 0.0002 -0.68685
vn -0.77891 -0.00019 -0.62714
vn -0.78316 0.00023 -0.62182
vn -0.82921 -0.00023 -0.55893
vn -0.83371 0.00027 -0.5522
vn -0.87356 -0.00026 -0.48671
vn -0.8781 0.0003 -0.47848
vn -0.91164 -0.0003 -0.41099
vn -0.91598 0.00034 -0.40123
vn -0.94317 -0.00033 -0.33232
vn -0.94708 0.00037 -0.321
vn -0.96792 -0.00036 -0.25127
vn -0.97117 0.0004 -0.23839
vn -0.98572 -0.00039 -0.16841
vn -0.98807 0.00043 -0.15403
vn -0.99644 -0.00042 -0.08434
vn -0.99765 0.00046 -0.06852
vn -1 -0.00045 0.00033
vn -0.99985 0.00048 0.0175
vn -0.99638 -0.00047 0.08501
vn -0.99464 0.00051 0.10339
vn -0.9856 -0.0005 0.16907
vn -0.98207 0.00053 0.18851
vn -0.96775 -0.00052 0.25192
vn -0.96223 0.00056 0.27223
vn -0.94294 -0.00054 0.33296
vn -0.93527 0.00058 0.35395
vn -0.91136 -0.00057 0.4116
vn -0.90138 0.0006 0.43303
vn -0.87324 -0.00058 0.48729
vn -0.86081 0.00062 0.50892
vn -0.82884 -0.0006 0.55949
vn -0.81388 0.00063 0.58104
vn -0.77849 -0.00062 0.62766
vn -0.76092 0.00065 0.64885
vn -0.72255 -0.00063 0.69132
vn -0.70232 0.00066 0.71186
vn -0.66141 -0.00065 0.75002
vn -0.63853 0.00068 0.7696
vn -0.59553 -0.00066 0.80333
vn -0.57001 0.00069 0.82164
vn -0.52537 -0.00067 0.85087
vn -0.49726 0.0007 0.8676
vn -0.45144 -0.00068 0.8923
vn -0.42084 0.00071 0.90713
vn -0.37426 -0.00069 0.92732
vn -0.3413 0.00072 0.93995
vn -0.2944 -0.0007 0.95568
vn -0.25923 0.00072 0.96581
vn -0.21242 -0.0007 0.97718
vn -0.17525 0.00073 0.98452
vn -0.12891 -0.00071 0.99166
vn -0.08997 0.00073 0.99594
vn -0.04448 -0.00071 0.99901
vn -0.00402 0.00074 0.99999
vn 0.04027 -0.00071 0.99919
vn 0.08196 0.00074 0.99664
vn 0.12473 -0.00071 0.99219
vn 0.16733 0.00074 0.9859
vn 0.20829 -0.00071 0.97807
vn 0.25147 0.00074 0.96787
vn 0.29036 -0.00071 0.95692
vn 0.33374 0.00073 0.94267
vn 0.37035 -0.00071 0.92889
vn 0.41354 0.00073 0.91049
vn 0.44767 -0.0007 0.8942
vn 0.49028 0.00072 0.87157
vn 0.52178 -0.0007 0.85308
vn 0.56339 0.00072 0.82619
vn 0.59214 -0.00069 0.80584
vn 0.63232 0.00071 0.7747
vn 0.65824 -0.00068 0.75281
vn 0.69658 0.0007 0.71748
vn 0.71962 -0.00067 0.69436
vn 0.75568 0.00069 0.65494
vn 0.77583 -0.00066 0.63094
vn 0.82647 -0.00065 0.56298
vn 0.80919 0.00068 0.58755
vn 0.80918 0.00288 0.58755
vn 0.83913 -0.00294 0.54392
vn 0.87117 -0.00063 0.49098
vn 0.8567 0.00066 0.51582
vn 0.8567 0.00279 0.51581
vn 0.88223 -0.00286 0.4708
vn 0.90962 -0.00062 0.41545
vn 0.89787 0.00065 0.44026
vn 0.89787 0.00271 0.44026
vn 0.91898 -0.00277 0.39429
vn 0.94153 -0.0006 0.33694
vn 0.93239 0.00063 0.36145
vn 0.93239 0.00262 0.36145
vn 0.94911 -0.00268 0.31493
vn 0.96668 -0.00058 0.256
vn 0.96001 0.00061 0.27995
vn 0.96001 0.00254 0.27995
vn 0.9724 -0.0026 0.2333
vn 0.98488 -0.00056 0.17322
vn 0.98052 0.0006 0.19639
vn 0.98052 -0.00073 0.19639
vn 0.98707 0.00039 0.16032
vn 0.98868 0.0034 0.15
vn 0.99603 -0.00343 0.08891
vn 0.99784 0.00336 0.06561
vn 0.99999 -0.00339 0.00364
vn 0.99981 0.00332 -0.01924
vn 0.99665 -0.00334 -0.08166
vn 0.99458 0.00327 -0.10397
vn 0.98606 -0.0033 -0.16636
vn 0.98218 0.00323 -0.18794
vn 0.96828 -0.00325 -0.24985
vn 0.9627 0.00318 -0.27055
vn 0.94345 -0.00321 -0.33151
vn 0.93629 0.00313 -0.35122
vn 0.91173 -0.00315 -0.41077
vn 0.90313 0.00308 -0.42936
vn 0.87338 -0.0031 -0.48703
vn 0.86346 0.00303 -0.5044
vn 0.82866 -0.00305 -0.55974
vn 0.81758 0.00298 -0.57581
vn 0.77791 -0.003 -0.62836
vn 0.76579 0.00293 -0.64308
vn 0.72148 -0.00295 -0.69242
vn 0.7085 0.00287 -0.7057
vn 0.65981 -0.00289 -0.75143
vn 0.6461 0.00282 -0.76325
vn 0.59332 -0.00284 -0.80496
vn 0.57905 0.00276 -0.81529
vn 0.5225 -0.00278 -0.85263
vn 0.50782 0.0027 -0.86146
vn 0.44789 -0.00272 -0.89408
vn 0.43294 0.00265 -0.90142
vn 0.37001 -0.00266 -0.92902
vn 0.35493 0.00259 -0.93489
vn 0.98977 -0 0.14268
vn -0.99458 -4E-05 0.10397
vn -0.99464 0 0.10339
vn -0.99981 -8E-05 0.01924
vn -0.99985 4E-05 0.0175
vn -0.99785 -0.00012 -0.06561
vn -0.99765 8E-05 -0.06852
vn -0.98869 -0.00017 -0.15
vn -0.98807 0.00012 -0.15403
vn -0.9724 -0.00021 -0.23331
vn -0.97117 0.00017 -0.23839
vn -0.94911 -0.00025 -0.31493
vn -0.94708 0.00021 -0.321
vn -0.91899 -0.0003 -0.39429
vn -0.91598 0.00026 -0.40123
vn -0.88224 -0.00035 -0.4708
vn -0.8781 0.00031 -0.47848
vn -0.83913 -0.0004 -0.54393
vn -0.83371 0.00035 -0.5522
vn -0.78998 -0.00045 -0.61313
vn -0.78316 0.0004 -0.62182
vn -0.73514 -0.0005 -0.67791
vn -0.7268 0.00045 -0.68685
vn -0.675 -0.00055 -0.73782
vn -0.66507 0.0005 -0.74678
vn -0.61 -0.0006 -0.7924
vn -0.59841 0.00056 -0.80119
vn -0.5406 -0.00066 -0.84128
vn -0.52732 0.00061 -0.84966
vn -0.4673 -0.0007 -0.8841
vn -0.4524 0.00066 -0.89182
vn -0.39065 -0.00077 -0.92054
vn -0.37406 0.00071 -0.9274
vn -0.31117 -0.00082 -0.95035
vn -0.29288 0.00077 -0.95615
vn -0.22945 -0.00088 -0.97332
vn -0.20959 0.00083 -0.97779
vn -0.14608 -0.00094 -0.98927
vn -0.12477 0.00089 -0.99219
vn -0.06166 -0.001 -0.9981
vn -0.03901 0.00095 -0.99924
vn 0.02321 -0.00106 -0.99973
vn 0.04703 0.00101 -0.99889
vn 0.10791 -0.00112 -0.99416
vn 0.13273 0.00107 -0.99115
vn 0.19183 -0.00119 -0.98143
vn 0.21744 0.00114 -0.97607
vn 0.78998 0.00067 0.61313
vn 0.73514 -0.00145 0.67792
vn 0.75568 0.0014 0.65494
vn 0.675 -0.00138 0.73782
vn 0.69658 0.00133 0.71748
vn 0.61 -0.00132 0.7924
vn 0.63232 0.00127 0.7747
vn 0.5406 -0.00125 0.84128
vn 0.56339 0.0012 0.82619
vn 0.46731 -0.00119 0.8841
vn 0.49028 0.00114 0.87157
vn 0.39064 -0.00112 0.92054
vn 0.41354 0.00107 0.91049
vn 0.31117 -0.00106 0.95035
vn 0.33374 0.00101 0.94267
vn 0.22945 -0.001 0.97332
vn 0.25147 0.00095 0.96787
vn 0.14608 -0.00094 0.98927
vn 0.16733 0.00089 0.9859
vn 0.06166 -0.00088 0.9981
vn 0.08196 0.00083 0.99664
vn -0.02321 -0.00082 0.99973
vn -0.00402 0.00077 0.99999
vn -0.10791 -0.00077 0.99416
vn -0.08997 0.00072 0.99594
vn -0.19183 -0.00071 0.98143
vn -0.17525 0.00066 0.98452
vn -0.27437 -0.00066 0.96162
vn -0.25923 0.00061 0.96581
vn -0.35493 -0.0006 0.93489
vn -0.3413 0.00056 0.93995
vn -0.43294 -0.00055 0.90142
vn -0.42084 0.0005 0.90713
vn -0.50782 -0.0005 0.86146
vn -0.49726 0.00045 0.8676
vn -0.57905 -0.00045 0.81529
vn -0.57001 0.0004 0.82164
vn -0.64611 -0.0004 0.76325
vn -0.63853 0.00035 0.7696
vn -0.7085 -0.00035 0.70571
vn -0.70232 0.0003 0.71186
vn -0.7658 -0.0003 0.64307
vn -0.76092 0.00026 0.64885
vn -0.81758 -0.00026 0.57582
vn -0.81388 0.00021 0.58104
vn -0.86347 -0.00021 0.50441
vn -0.86081 0.00017 0.50892
vn -0.90313 -0.00017 0.42936
vn -0.90138 0.00012 0.43303
vn -0.93629 -0.00012 0.35122
vn -0.93527 8E-05 0.35395
vn -0.9627 -8E-05 0.27056
vn -0.96223 4E-05 0.27223
vn -0.98218 -4E-05 0.18794
vn -0.98207 0 0.18851
vn -0.99407 0 0.10875
vn -0.99407 0 0.10875
vn -0.99618 0 0.0873
vn -0.99618 -0 0.08728
vn -0.99783 0 0.06582
vn -0.99783 -0 0.06579
vn -0.99902 0 0.0443
vn -0.99902 -0 0.04425
vn -0.99974 0 0.02278
vn -0.99974 -0 0.0227
vn -1 0 0.00125
vn -1 -0 0.00113
vn -0.99979 0 -0.02029
vn -0.99979 -0 -0.02046
vn -0.99912 0 -0.04183
vn -0.99912 -1E-05 -0.04204
vn -0.99799 1E-05 -0.06333
vn -0.99797 -1E-05 -0.06363
vn -0.99639 1E-05 -0.08484
vn -0.99636 -1E-05 -0.08519
vn -0.99433 1E-05 -0.10629
vn -0.99429 -1E-05 -0.10675
vn -0.99181 1E-05 -0.12774
vn -0.99174 -1E-05 -0.12827
vn -0.98882 1E-05 -0.14911
vn -0.98873 -2E-05 -0.14972
vn -0.98536 1E-05 -0.17046
vn -0.98525 -2E-05 -0.17111
vn -0.98145 2E-05 -0.19173
vn -0.98131 -2E-05 -0.19242
vn -0.97706 2E-05 -0.21295
vn -0.97691 -2E-05 -0.21365
vn -0.97221 2E-05 -0.23409
vn -0.97205 -2E-05 -0.23478
vn -0.96691 2E-05 -0.25513
vn -0.96673 -2E-05 -0.2558
vn -0.96113 2E-05 -0.27608
vn -0.96095 -1E-05 -0.27672
vn -0.95491 1E-05 -0.2969
vn -0.95472 -1E-05 -0.29752
vn -0.94824 1E-05 -0.31756
vn -0.94803 -2E-05 -0.31819
vn -0.94112 2E-05 -0.33807
vn -0.94088 -2E-05 -0.33873
vn -0.93356 2E-05 -0.35841
vn -0.93329 -2E-05 -0.35912
vn -0.92556 2E-05 -0.37859
vn -0.92525 -2E-05 -0.37937
vn -0.91713 2E-05 -0.39858
vn -0.91677 -2E-05 -0.39942
vn -0.90826 2E-05 -0.4184
vn -0.90786 -2E-05 -0.41927
vn -0.89897 2E-05 -0.43802
vn -0.89852 -2E-05 -0.43893
vn -0.88924 2E-05 -0.45744
vn -0.88876 -2E-05 -0.45836
vn -0.87909 2E-05 -0.47666
vn -0.87859 -2E-05 -0.47758
vn -0.86851 2E-05 -0.49567
vn -0.86799 -2E-05 -0.49658
vn -0.85752 2E-05 -0.51445
vn -0.85698 -2E-05 -0.51534
vn -0.84611 2E-05 -0.53301
vn -0.84557 -2E-05 -0.53387
vn -0.83429 2E-05 -0.55133
vn -0.83375 -2E-05 -0.55215
vn -0.82205 2E-05 -0.56941
vn -0.82152 -2E-05 -0.57018
vn -0.80941 2E-05 -0.58724
vn -0.8089 -2E-05 -0.58794
vn -0.79637 2E-05 -0.60481
vn -0.79588 -2E-05 -0.60545
vn -0.78294 2E-05 -0.6221
vn -0.78248 -2E-05 -0.62268
vn -0.76913 2E-05 -0.63909
vn -0.76868 -1E-05 -0.63963
vn -0.75496 2E-05 -0.65577
vn -0.75451 -2E-05 -0.65629
vn -0.74044 2E-05 -0.67213
vn -0.73995 -2E-05 -0.67266
vn -0.72556 2E-05 -0.68816
vn -0.72503 -2E-05 -0.68872
vn -0.71034 2E-05 -0.70386
vn -0.70974 -2E-05 -0.70447
vn -0.69477 2E-05 -0.71923
vn -0.69411 -2E-05 -0.71987
vn -0.67887 2E-05 -0.73426
vn -0.67816 -2E-05 -0.73492
vn -0.66265 2E-05 -0.74893
vn -0.66188 -2E-05 -0.74961
vn -0.64609 2E-05 -0.76326
vn -0.6453 -2E-05 -0.76393
vn -0.62922 2E-05 -0.77723
vn -0.62839 -2E-05 -0.7779
vn -0.61203 2E-05 -0.79084
vn -0.61119 -2E-05 -0.79148
vn -0.59453 2E-05 -0.80407
vn -0.59369 -2E-05 -0.80469
vn -0.57673 2E-05 -0.81693
vn -0.5759 -2E-05 -0.81752
vn -0.55863 2E-05 -0.82941
vn -0.55783 -2E-05 -0.82996
vn -0.54025 2E-05 -0.8415
vn -0.53947 -2E-05 -0.842
vn -0.52158 2E-05 -0.8532
vn -0.52085 -2E-05 -0.85365
vn -0.50263 2E-05 -0.8645
vn -0.50195 -2E-05 -0.8649
vn -0.48343 2E-05 -0.87538
vn -0.4828 -2E-05 -0.87573
vn -0.46401 2E-05 -0.88583
vn -0.46339 -2E-05 -0.88615
vn -0.44436 2E-05 -0.89585
vn -0.44373 -2E-05 -0.89616
vn -0.4245 2E-05 -0.90543
vn -0.42384 -2E-05 -0.90574
vn -0.40444 2E-05 -0.91456
vn -0.40371 -2E-05 -0.91489
vn -0.38419 2E-05 -0.92326
vn -0.38338 -2E-05 -0.92359
vn -0.36374 2E-05 -0.9315
vn -0.36287 -2E-05 -0.93184
vn -0.34311 2E-05 -0.93929
vn -0.34218 -2E-05 -0.93963
vn -0.32231 2E-05 -0.94663
vn -0.32134 -2E-05 -0.94696
vn -0.30134 2E-05 -0.95352
vn -0.30034 -2E-05 -0.95383
vn -0.28021 2E-05 -0.95994
vn -0.2792 -2E-05 -0.96023
vn -0.25893 2E-05 -0.9659
vn -0.25792 -2E-05 -0.96617
vn -0.2375 2E-05 -0.97139
vn -0.2365 -2E-05 -0.97163
vn -0.21594 2E-05 -0.97641
vn -0.21496 -2E-05 -0.97662
vn -0.19425 2E-05 -0.98095
vn -0.19331 -2E-05 -0.98114
vn -0.17244 2E-05 -0.98502
vn -0.17155 -2E-05 -0.98518
vn -0.15051 2E-05 -0.98861
vn -0.14969 -2E-05 -0.98873
vn -0.12849 2E-05 -0.99171
vn -0.12773 -2E-05 -0.99181
vn -0.1064 2E-05 -0.99432
vn -0.1057 -2E-05 -0.9944
vn -0.08427 2E-05 -0.99644
vn -0.08358 -2E-05 -0.9965
vn -0.06211 2E-05 -0.99807
vn -0.0614 -2E-05 -0.99811
vn -0.03992 2E-05 -0.9992
vn -0.03916 -2E-05 -0.99923
vn -0.01771 2E-05 -0.99984
vn -0.01688 -2E-05 -0.99986
vn 0.00451 2E-05 -0.99999
vn 0.00541 -2E-05 -0.99999
vn 0.02673 2E-05 -0.99964
vn 0.02769 -2E-05 -0.99962
vn 0.04894 2E-05 -0.9988
vn 0.04995 -2E-05 -0.99875
vn 0.07114 2E-05 -0.99747
vn 0.07217 -2E-05 -0.99739
vn 0.09331 2E-05 -0.99564
vn 0.09436 -2E-05 -0.99554
vn 0.11545 2E-05 -0.99331
vn 0.11651 -2E-05 -0.99319
vn 0.13756 2E-05 -0.99049
vn 0.1386 -2E-05 -0.99035
vn 0.15962 2E-05 -0.98718
vn 0.16062 -2E-05 -0.98702
vn 0.18162 2E-05 -0.98337
vn 0.18258 -2E-05 -0.98319
vn 0.20355 2E-05 -0.97906
vn 0.20446 -2E-05 -0.97887
vn 0.22541 2E-05 -0.97426
vn 0.22626 -2E-05 -0.97407
vn 0.24718 2E-05 -0.96897
vn 0.24795 -2E-05 -0.96877
vn 0.26884 2E-05 -0.96318
vn 0.26955 -2E-05 -0.96299
vn 0.29036 2E-05 -0.95692
vn 0.29103 -2E-05 -0.95671
vn 0.31173 2E-05 -0.95017
vn 0.31239 -2E-05 -0.94995
vn 0.33293 2E-05 -0.94295
vn 0.33362 -2E-05 -0.94271
vn 0.35396 2E-05 -0.93526
vn 0.35471 -2E-05 -0.93498
vn 0.37481 2E-05 -0.9271
vn 0.37562 -2E-05 -0.92677
vn 0.39548 2E-05 -0.91847
vn 0.39635 -2E-05 -0.9181
vn 0.41596 2E-05 -0.90938
vn 0.41686 -2E-05 -0.90897
vn 0.43623 2E-05 -0.89983
vn 0.43716 -2E-05 -0.89938
vn 0.4563 2E-05 -0.88983
vn 0.45724 -2E-05 -0.88935
vn 0.47615 2E-05 -0.87936
vn 0.47708 -2E-05 -0.87886
vn 0.49577 2E-05 -0.86845
vn 0.49669 -2E-05 -0.86793
vn 0.51517 2E-05 -0.85709
vn 0.51605 -2E-05 -0.85656
vn 0.53432 2E-05 -0.84528
vn 0.53516 -2E-05 -0.84475
vn 0.55322 2E-05 -0.83304
vn 0.55401 -2E-05 -0.83251
vn 0.57186 2E-05 -0.82035
vn 0.57259 -2E-05 -0.81984
vn 0.59023 2E-05 -0.80723
vn 0.5909 -2E-05 -0.80675
vn 0.60832 2E-05 -0.79369
vn 0.60892 -2E-05 -0.79323
vn 0.6261 2E-05 -0.77974
vn 0.62665 -2E-05 -0.7793
vn 0.64355 2E-05 -0.7654
vn 0.64409 -2E-05 -0.76495
vn 0.66067 2E-05 -0.75068
vn 0.66121 -2E-05 -0.7502
vn 0.67745 2E-05 -0.73557
vn 0.67802 -2E-05 -0.73504
vn 0.69388 2E-05 -0.72009
vn 0.69449 -2E-05 -0.7195
vn 0.70996 2E-05 -0.70424
vn 0.71061 -2E-05 -0.70359
vn 0.72568 2E-05 -0.68803
vn 0.72635 -2E-05 -0.68732
vn 0.74103 2E-05 -0.67147
vn 0.74172 -2E-05 -0.67071
vn 0.75602 2E-05 -0.65455
vn 0.75671 -2E-05 -0.65376
vn 0.77063 2E-05 -0.63729
vn 0.7713 -2E-05 -0.63647
vn 0.78485 2E-05 -0.61968
vn 0.78551 -2E-05 -0.61885
vn 0.79868 2E-05 -0.60175
vn 0.79931 -2E-05 -0.60092
vn 0.81212 2E-05 -0.58349
vn 0.81271 -2E-05 -0.58266
vn 0.82516 2E-05 -0.5649
vn 0.8257 -2E-05 -0.5641
vn 0.83778 2E-05 -0.54601
vn 0.83828 -2E-05 -0.54524
vn 0.84999 2E-05 -0.5268
vn 0.85043 -2E-05 -0.52609
vn 0.86177 2E-05 -0.50731
vn 0.86215 -2E-05 -0.50665
vn 0.8731 2E-05 -0.48755
vn 0.87345 -2E-05 -0.48692
vn 0.88397 2E-05 -0.46754
vn 0.8843 -2E-05 -0.46692
vn 0.89439 2E-05 -0.4473
vn 0.89471 -2E-05 -0.44666
vn 0.90433 2E-05 -0.42683
vn 0.90466 -2E-05 -0.42613
vn 0.91381 2E-05 -0.40614
vn 0.91415 -2E-05 -0.40537
vn 0.92282 2E-05 -0.38524
vn 0.92317 -2E-05 -0.38439
vn 0.93135 2E-05 -0.36413
vn 0.9317 -2E-05 -0.36322
vn 0.9394 2E-05 -0.34283
vn 0.93975 -2E-05 -0.34187
vn 0.94696 2E-05 -0.32134
vn 0.9473 -2E-05 -0.32035
vn 0.95404 2E-05 -0.29967
vn 0.95436 -2E-05 -0.29866
vn 0.96063 2E-05 -0.27783
vn 0.96092 -2E-05 -0.27681
vn 0.96672 2E-05 -0.25583
vn 0.96699 -2E-05 -0.25481
vn 0.97232 2E-05 -0.23367
vn 0.97255 -2E-05 -0.23268
vn 0.97741 2E-05 -0.21136
vn 0.97761 -2E-05 -0.21041
vn 0.98199 2E-05 -0.18892
vn 0.98217 -2E-05 -0.18801
vn 0.98607 2E-05 -0.16634
vn 0.98621 -2E-05 -0.16551
vn 0.98963 2E-05 -0.14366
vn 0.98974 -2E-05 -0.14289
vn 0.99267 2E-05 -0.12089
vn 0.99275 -2E-05 -0.12018
vn 0.99518 2E-05 -0.09807
vn 0.99525 -2E-05 -0.09738
vn 0.99717 2E-05 -0.07521
vn 0.99722 -2E-05 -0.07449
vn 0.99863 2E-05 -0.05231
vn 0.99867 -2E-05 -0.05154
vn 0.99957 2E-05 -0.02939
vn 0.99959 -2E-05 -0.02854
vn 0.99998 2E-05 -0.00644
vn 0.99998 -2E-05 -0.00553
vn 0.99986 2E-05 0.01651
vn 0.99985 -2E-05 0.01748
vn 0.99922 2E-05 0.03946
vn 0.99918 -2E-05 0.04047
vn 0.99805 2E-05 0.06239
vn 0.99799 -2E-05 0.06344
vn 0.99635 2E-05 0.08531
vn 0.99626 -2E-05 0.08638
vn 0.99413 2E-05 0.10821
vn 0.99401 -2E-05 0.10926
vn 0.99137 2E-05 0.13106
vn 0.99124 -2E-05 0.1321
vn 0.98809 2E-05 0.15387
vn 0.98793 -2E-05 0.15488
vn 0.98428 2E-05 0.17662
vn 0.98411 -2E-05 0.17758
vn 0.97994 2E-05 0.19931
vn 0.97975 -2E-05 0.20021
vn 0.97507 2E-05 0.22192
vn 0.97488 -2E-05 0.22274
vn 0.96967 2E-05 0.24443
vn 0.96948 -2E-05 0.24518
vn 0.96375 2E-05 0.26682
vn 0.96355 -2E-05 0.26751
vn 0.95731 2E-05 0.28905
vn 0.95711 -2E-05 0.28972
vn 0.95037 2E-05 0.31113
vn 0.95014 -2E-05 0.31181
vn 0.94292 2E-05 0.33302
vn 0.94266 -2E-05 0.33376
vn 0.93496 2E-05 0.35475
vn 0.93466 -2E-05 0.35554
vn 0.92651 2E-05 0.37628
vn 0.92616 -2E-05 0.37714
vn 0.91755 2E-05 0.39762
vn 0.91716 -2E-05 0.39852
vn 0.9081 2E-05 0.41875
vn 0.90767 -2E-05 0.41968
vn 0.89816 2E-05 0.43967
vn 0.89769 -2E-05 0.44062
vn 0.88773 2E-05 0.46036
vn 0.88724 -2E-05 0.46131
vn 0.87681 2E-05 0.48083
vn 0.8763 -2E-05 0.48176
vn 0.86542 2E-05 0.50105
vn 0.86489 -2E-05 0.50196
vn 0.85354 2E-05 0.52103
vn 0.85301 -2E-05 0.52189
vn 0.84119 2E-05 0.54074
vn 0.84066 -2E-05 0.54156
vn 0.82836 2E-05 0.56019
vn 0.82786 -2E-05 0.56094
vn 0.81507 2E-05 0.57936
vn 0.81459 -2E-05 0.58004
vn 0.80132 2E-05 0.59823
vn 0.80087 -2E-05 0.59884
vn 0.78714 2E-05 0.61677
vn 0.7867 -2E-05 0.61734
vn 0.77253 2E-05 0.63497
vn 0.77209 -2E-05 0.63552
vn 0.75751 2E-05 0.65282
vn 0.75703 -2E-05 0.65338
vn 0.74208 2E-05 0.67032
vn 0.74154 -2E-05 0.6709
vn 0.72624 2E-05 0.68744
vn 0.72564 -2E-05 0.68807
vn 0.71001 2E-05 0.70419
vn 0.70934 -2E-05 0.70486
vn 0.69339 2E-05 0.72057
vn 0.69266 -2E-05 0.72126
vn 0.67637 2E-05 0.73656
vn 0.67561 -2E-05 0.73726
vn 0.65899 2E-05 0.75215
vn 0.65819 -2E-05 0.75285
vn 0.64123 2E-05 0.76735
vn 0.64041 -2E-05 0.76804
vn 0.6231 2E-05 0.78214
vn 0.62227 -2E-05 0.7828
vn 0.60462 2E-05 0.79652
vn 0.60379 -2E-05 0.79714
vn 0.58578 2E-05 0.81047
vn 0.58497 -2E-05 0.81105
vn 0.5666 2E-05 0.82399
vn 0.56582 -2E-05 0.82453
vn 0.54708 2E-05 0.83708
vn 0.54634 -2E-05 0.83756
vn 0.52724 2E-05 0.84972
vn 0.52655 -2E-05 0.85015
vn 0.50708 2E-05 0.8619
vn 0.50645 -2E-05 0.86227
vn 0.48666 2E-05 0.87359
vn 0.48604 -2E-05 0.87394
vn 0.46597 2E-05 0.8848
vn 0.46534 -2E-05 0.88513
vn 0.44503 2E-05 0.89552
vn 0.44435 -2E-05 0.89585
vn 0.42384 2E-05 0.90574
vn 0.42309 -2E-05 0.90609
vn 0.40242 2E-05 0.91545
vn 0.40159 -2E-05 0.91582
vn 0.38077 2E-05 0.92467
vn 0.37988 -2E-05 0.92504
vn 0.35891 2E-05 0.93337
vn 0.35796 -2E-05 0.93374
vn 0.33683 2E-05 0.94156
vn 0.33584 -2E-05 0.94192
vn 0.31456 2E-05 0.94924
vn 0.31354 -2E-05 0.94957
vn 0.29209 2E-05 0.95639
vn 0.29107 -2E-05 0.9567
vn 0.26944 2E-05 0.96302
vn 0.26842 -2E-05 0.9633
vn 0.24661 2E-05 0.96911
vn 0.24562 -2E-05 0.96937
vn 0.22363 2E-05 0.97467
vn 0.22267 -2E-05 0.97489
vn 0.20049 2E-05 0.9797
vn 0.19958 -2E-05 0.97988
vn 0.1772 2E-05 0.98418
vn 0.17636 -2E-05 0.98433
vn 0.15379 2E-05 0.9881
vn 0.15302 -2E-05 0.98822
vn 0.13029 2E-05 0.99148
vn 0.12957 -2E-05 0.99157
vn 0.10672 2E-05 0.99429
vn 0.10601 -2E-05 0.99436
vn 0.0831 2E-05 0.99654
vn 0.08238 -2E-05 0.9966
vn 0.05944 2E-05 0.99823
vn 0.05865 -2E-05 0.99828
vn 0.03575 2E-05 0.99936
vn 0.03488 -2E-05 0.99939
vn 0.01204 2E-05 0.99993
vn 0.01109 -2E-05 0.99994
vn -0.0117 2E-05 0.99993
vn -0.0127 -2E-05 0.99992
vn -0.03543 2E-05 0.99937
vn -0.03647 -2E-05 0.99933
vn -0.05916 2E-05 0.99825
vn -0.06022 -2E-05 0.99819
vn -0.08287 2E-05 0.99656
vn -0.08394 -2E-05 0.99647
vn -0.10655 2E-05 0.99431
vn -0.10761 -2E-05 0.99419
vn -0.1302 2E-05 0.99149
vn -0.13123 -2E-05 0.99135
vn -0.1538 2E-05 0.9881
vn -0.15479 -2E-05 0.98795
vn -0.17734 2E-05 0.98415
vn -0.17827 -2E-05 0.98398
vn -0.20081 2E-05 0.97963
vn -0.20167 -2E-05 0.97945
vn -0.2242 2E-05 0.97454
vn -0.22498 -2E-05 0.97436
vn -0.24747 2E-05 0.9689
vn -0.24818 -2E-05 0.96871
vn -0.27059 2E-05 0.9627
vn -0.27127 -2E-05 0.9625
vn -0.29354 2E-05 0.95595
vn -0.29424 -2E-05 0.95573
vn -0.31633 2E-05 0.94865
vn -0.31706 -2E-05 0.9484
vn -0.33893 2E-05 0.94081
vn -0.33973 -2E-05 0.94052
vn -0.36134 2E-05 0.93243
vn -0.36221 -2E-05 0.9321
vn -0.38355 2E-05 0.92352
vn -0.38446 -2E-05 0.92314
vn -0.40555 2E-05 0.91407
vn -0.40649 -2E-05 0.91366
vn -0.42732 2E-05 0.9041
vn -0.42828 -2E-05 0.90364
vn -0.44887 2E-05 0.8936
vn -0.44983 -2E-05 0.89311
vn -0.47017 2E-05 0.88257
vn -0.47112 -2E-05 0.88207
vn -0.49123 2E-05 0.87103
vn -0.49215 -2E-05 0.87051
vn -0.51202 2E-05 0.85897
vn -0.5129 -2E-05 0.85845
vn -0.53255 2E-05 0.8464
vn -0.53336 -2E-05 0.84589
vn -0.55279 2E-05 0.83332
vn -0.55354 -2E-05 0.83282
vn -0.57273 2E-05 0.81974
vn -0.57341 -2E-05 0.81927
vn -0.59237 2E-05 0.80567
vn -0.59297 -2E-05 0.80522
vn -0.61164 2E-05 0.79113
vn -0.61221 -2E-05 0.79069
vn -0.63056 2E-05 0.77614
vn -0.63112 -2E-05 0.77569
vn -0.6491 2E-05 0.7607
vn -0.64968 -2E-05 0.76021
vn -0.66727 2E-05 0.74482
vn -0.66789 -2E-05 0.74426
vn -0.68505 2E-05 0.7285
vn -0.68571 -2E-05 0.72787
vn -0.70242 2E-05 0.71176
vn -0.70312 -2E-05 0.71107
vn -0.7194 2E-05 0.69459
vn -0.72012 -2E-05 0.69385
vn -0.73598 2E-05 0.67701
vn -0.73669 -2E-05 0.67623
vn -0.75212 2E-05 0.65902
vn -0.75283 -2E-05 0.65821
vn -0.76784 2E-05 0.64064
vn -0.76853 -2E-05 0.63981
vn -0.78313 2E-05 0.62186
vn -0.78379 -2E-05 0.62103
vn -0.79797 2E-05 0.60269
vn -0.79859 -2E-05 0.60187
vn -0.81237 2E-05 0.58314
vn -0.81293 -2E-05 0.58235
vn -0.8263 2E-05 0.56323
vn -0.82681 -2E-05 0.56247
vn -0.83976 2E-05 0.54295
vn -0.84021 -2E-05 0.54225
vn -0.85274 2E-05 0.52234
vn -0.85313 -2E-05 0.52169
vn -0.86521 2E-05 0.50141
vn -0.86557 -2E-05 0.50079
vn -0.87716 2E-05 0.4802
vn -0.8775 -2E-05 0.47957
vn -0.88858 2E-05 0.45872
vn -0.88893 -2E-05 0.45804
vn -0.89949 2E-05 0.43695
vn -0.89985 -2E-05 0.43621
vn -0.90985 2E-05 0.41494
vn -0.91023 -2E-05 0.4141
vn -0.91968 2E-05 0.39266
vn -0.92007 -2E-05 0.39176
vn -0.92897 2E-05 0.37015
vn -0.92935 -2E-05 0.36919
vn -0.93772 2E-05 0.3474
vn -0.93808 -2E-05 0.34641
vn -0.9459 2E-05 0.32445
vn -0.94626 -2E-05 0.32341
vn -0.95354 2E-05 0.30126
vn -0.95387 -2E-05 0.30023
vn -0.96062 2E-05 0.27788
vn -0.96091 -2E-05 0.27686
vn -0.96712 2E-05 0.25431
vn -0.96738 -2E-05 0.25332
vn -0.97306 2E-05 0.23055
vn -0.97328 -2E-05 0.22961
vn -0.97842 2E-05 0.20662
vn -0.97861 -2E-05 0.20574
vn -0.9832 2E-05 0.18255
vn -0.98335 -2E-05 0.18172
vn -0.98738 2E-05 0.15834
vn -0.9875 -2E-05 0.15759
vn -0.99098 2E-05 0.13403
vn -0.99107 -2E-05 0.13331
vn -0.99397 2E-05 0.10965
vn -0.99405 -2E-05 0.10894
vn -0.99636 2E-05 0.08522
vn -0.99643 -2E-05 0.08445
vn -0.99815 2E-05 0.06073
vn -0.9982 -2E-05 0.0599
vn -0.99934 2E-05 0.03621
vn -0.99938 -2E-05 0.03528
vn -0.99993 2E-05 0.01166
vn -0.99994 -2E-05 0.01067
vn -0.99992 2E-05 -0.01292
vn -0.9999 -2E-05 -0.01395
vn -0.9993 2E-05 -0.03748
vn -0.99926 -2E-05 -0.03856
vn -0.99807 2E-05 -0.06206
vn -0.99801 -2E-05 -0.06313
vn -0.99624 2E-05 -0.08661
vn -0.99615 -2E-05 -0.08768
vn -0.99381 2E-05 -0.11113
vn -0.99369 -2E-05 -0.11218
vn -0.99076 2E-05 -0.13562
vn -0.99062 -2E-05 -0.13664
vn -0.98711 2E-05 -0.16005
vn -0.98695 -2E-05 -0.161
vn -0.98285 2E-05 -0.18442
vn -0.98268 -2E-05 -0.18531
vn -0.97798 2E-05 -0.20871
vn -0.97781 -2E-05 -0.20951
vn -0.9725 2E-05 -0.23289
vn -0.97233 -2E-05 -0.23362
vn -0.96643 2E-05 -0.25692
vn -0.96625 -2E-05 -0.25762
vn -0.95977 2E-05 -0.28077
vn -0.95957 -2E-05 -0.28148
vn -0.95252 2E-05 -0.30446
vn -0.95228 -2E-05 -0.30521
vn -0.94469 2E-05 -0.32796
vn -0.94441 -2E-05 -0.32877
vn -0.93628 2E-05 -0.35126
vn -0.93594 -2E-05 -0.35215
vn -0.92729 2E-05 -0.37435
vn -0.92691 -2E-05 -0.37528
vn -0.91773 2E-05 -0.39722
vn -0.91731 -2E-05 -0.39818
vn -0.90759 2E-05 -0.41987
vn -0.90713 -2E-05 -0.42084
vn -0.89689 2E-05 -0.44226
vn -0.89641 -2E-05 -0.44323
vn -0.88562 2E-05 -0.4644
vn -0.88512 -2E-05 -0.46536
vn -0.8738 2E-05 -0.48628
vn -0.87329 -2E-05 -0.4872
vn -0.86142 2E-05 -0.5079
vn -0.86091 -2E-05 -0.50876
vn -0.84849 2E-05 -0.52921
vn -0.84799 -2E-05 -0.53002
vn -0.83501 2E-05 -0.55023
vn -0.83453 -2E-05 -0.55097
vn -0.82099 2E-05 -0.57094
vn -0.82054 -2E-05 -0.57159
vn -0.80646 2E-05 -0.59129
vn -0.80602 -2E-05 -0.59189
vn -0.79142 2E-05 -0.61127
vn -0.79098 -2E-05 -0.61184
vn -0.7759 2E-05 -0.63085
vn -0.77543 -2E-05 -0.63143
vn -0.75989 2E-05 -0.65005
vn -0.75937 -2E-05 -0.65066
vn -0.74342 2E-05 -0.66883
vn -0.74281 -2E-05 -0.6695
vn -0.72647 2E-05 -0.6872
vn -0.7258 -2E-05 -0.6879
vn -0.70906 2E-05 -0.70515
vn -0.70834 -2E-05 -0.70587
vn -0.6912 2E-05 -0.72266
vn -0.69043 -2E-05 -0.7234
vn -0.67289 2E-05 -0.73974
vn -0.67209 -2E-05 -0.74047
vn -0.65415 2E-05 -0.75637
vn -0.65333 -2E-05 -0.75708
vn -0.63498 2E-05 -0.77253
vn -0.63415 -2E-05 -0.77321
vn -0.61538 2E-05 -0.78823
vn -0.61456 -2E-05 -0.78887
vn -0.59538 2E-05 -0.80345
vn -0.59458 -2E-05 -0.80404
vn -0.57496 2E-05 -0.81818
vn -0.5742 -2E-05 -0.81871
vn -0.55415 2E-05 -0.83242
vn -0.55345 -2E-05 -0.83289
vn -0.53297 2E-05 -0.84613
vn -0.53232 -2E-05 -0.84654
vn -0.51146 2E-05 -0.85931
vn -0.51083 -2E-05 -0.85968
vn -0.48962 2E-05 -0.87193
vn -0.48898 -2E-05 -0.87229
vn -0.46748 2E-05 -0.884
vn -0.46679 -2E-05 -0.88437
vn -0.44504 2E-05 -0.89551
vn -0.44428 -2E-05 -0.89589
vn -0.42233 2E-05 -0.90644
vn -0.42147 -2E-05 -0.90684
vn -0.39932 2E-05 -0.91681
vn -0.3984 -2E-05 -0.91721
vn -0.37606 2E-05 -0.92659
vn -0.37509 -2E-05 -0.92699
vn -0.35255 2E-05 -0.93579
vn -0.35154 -2E-05 -0.93617
vn -0.32879 2E-05 -0.9444
vn -0.32776 -2E-05 -0.94476
vn -0.3048 2E-05 -0.95242
vn -0.30377 -2E-05 -0.95275
vn -0.28059 2E-05 -0.95983
vn -0.27957 -2E-05 -0.96013
vn -0.25617 2E-05 -0.96663
vn -0.25518 -2E-05 -0.96689
vn -0.23155 2E-05 -0.97282
vn -0.23062 -2E-05 -0.97304
vn -0.20674 2E-05 -0.9784
vn -0.20588 -2E-05 -0.97858
vn -0.18177 2E-05 -0.98334
vn -0.18098 -2E-05 -0.98349
vn -0.15667 2E-05 -0.98765
vn -0.15594 -2E-05 -0.98777
vn -0.13148 2E-05 -0.99132
vn -0.13076 -2E-05 -0.99141
vn -0.10622 2E-05 -0.99434
vn -0.10546 -2E-05 -0.99442
vn -0.08088 2E-05 -0.99672
vn -0.08006 -2E-05 -0.99679
vn -0.0555 2E-05 -0.99846
vn -0.05458 -2E-05 -0.99851
vn -0.03007 2E-05 -0.99955
vn -0.02909 -2E-05 -0.99958
vn -0.00462 2E-05 -0.99999
vn -0.00358 -2E-05 -0.99999
vn 0.02086 2E-05 -0.99978
vn 0.02193 -2E-05 -0.99976
vn 0.04634 2E-05 -0.99893
vn 0.04743 -2E-05 -0.99887
vn 0.07181 2E-05 -0.99742
vn 0.0729 -2E-05 -0.99734
vn 0.09726 2E-05 -0.99526
vn 0.09833 -2E-05 -0.99515
vn 0.12268 2E-05 -0.99245
vn 0.12371 -2E-05 -0.99232
vn 0.14806 2E-05 -0.98898
vn 0.17336 -2E-05 -0.98486
vn 0.17426 2E-05 -0.9847
vn 0.1986 -2E-05 -0.98008
vn 0.19941 2E-05 -0.97992
vn 0.22372 2E-05 -0.97465
vn 0.22446 -2E-05 -0.97448
vn 0.24868 2E-05 -0.96859
vn 0.24939 -2E-05 -0.9684
vn 0.27347 2E-05 -0.96188
vn 0.27419 -2E-05 -0.96167
vn 0.29808 2E-05 -0.95454
vn 0.32249 -2E-05 -0.94657
vn 0.32334 2E-05 -0.94628
vn 0.34669 -2E-05 -0.93798
vn 0.34761 2E-05 -0.93764
vn 0.37067 2E-05 -0.92876
vn 0.37163 -2E-05 -0.92838
vn 0.39442 2E-05 -0.91893
vn 0.39541 -2E-05 -0.9185
vn 0.41793 2E-05 -0.90848
vn 0.41892 -2E-05 -0.90802
vn 0.44118 2E-05 -0.89742
vn 0.46416 -3E-05 -0.88575
vn 0.46512 3E-05 -0.88525
vn 0.48686 -2E-05 -0.87348
vn 0.48777 3E-05 -0.87297
vn 0.50927 2E-05 -0.86061
vn 0.51012 -2E-05 -0.8601
vn 0.53136 2E-05 -0.84714
vn 0.53214 -2E-05 -0.84665
vn 0.55314 2E-05 -0.83309
vn 0.55384 -2E-05 -0.83263
vn 0.57456 2E-05 -0.81846
vn 0.59558 -2E-05 -0.80329
vn 0.59617 2E-05 -0.80285
vn 0.6162 -2E-05 -0.78759
vn 0.61679 2E-05 -0.78713
vn 0.6364 2E-05 -0.77136
vn 0.63703 -2E-05 -0.77084
vn 0.65618 2E-05 -0.75461
vn 0.65685 -2E-05 -0.75402
vn 0.67552 2E-05 -0.73734
vn 0.67623 -2E-05 -0.73669
vn 0.69441 2E-05 -0.71958
vn 0.71284 -3E-05 -0.70133
vn 0.71359 3E-05 -0.70056
vn 0.73081 -3E-05 -0.68259
vn 0.73155 3E-05 -0.68178
vn 0.7483 2E-05 -0.66337
vn 0.74902 -2E-05 -0.66254
vn 0.7653 2E-05 -0.64368
vn 0.76599 -2E-05 -0.64285
vn 0.7818 2E-05 -0.62353
vn 0.78245 -2E-05 -0.62271
vn 0.79779 2E-05 -0.60293
vn 0.81327 -2E-05 -0.58189
vn 0.8138 2E-05 -0.58114
vn 0.82821 -2E-05 -0.56042
vn 0.82868 2E-05 -0.55972
vn 0.84259 2E-05 -0.53855
vn 0.84301 -2E-05 -0.5379
vn 0.8564 2E-05 -0.51632
vn 0.85678 -2E-05 -0.51569
vn 0.86961 2E-05 -0.49374
vn 0.86999 -2E-05 -0.49308
vn 0.88223 2E-05 -0.47082
vn 0.89424 -2E-05 -0.44759
vn 0.89464 2E-05 -0.44678
vn 0.90564 -2E-05 -0.42404
vn 0.90606 2E-05 -0.42315
vn 0.91643 2E-05 -0.40019
vn 0.91685 -2E-05 -0.39924
vn 0.9266 2E-05 -0.37606
vn 0.927 -2E-05 -0.37506
vn 0.93613 2E-05 -0.35165
vn 0.93652 -3E-05 -0.35062
vn 0.94503 2E-05 -0.32697
vn 0.95329 -3E-05 -0.30204
vn 0.95362 3E-05 -0.30101
vn 0.96091 -2E-05 -0.27688
vn 0.96119 3E-05 -0.27587
vn 0.96786 2E-05 -0.25148
vn 0.96811 -2E-05 -0.25053
vn 0.97416 2E-05 -0.22588
vn 0.97436 -2E-05 -0.22499
vn 0.97978 2E-05 -0.20007
vn 0.97995 -2E-05 -0.19926
vn 0.98473 2E-05 -0.17412
vn 0.98898 -2E-05 -0.14805
vn 0.98909 2E-05 -0.14731
vn 0.99254 -2E-05 -0.12188
vn 0.99264 2E-05 -0.12112
vn 0.99542 2E-05 -0.09564
vn 0.9955 -2E-05 -0.0948
vn 0.99759 2E-05 -0.06932
vn 0.99766 -2E-05 -0.0684
vn 0.99908 2E-05 -0.04295
vn 0.99912 -2E-05 -0.04195
vn 0.99986 2E-05 -0.01654
vn 0.99988 -2E-05 -0.01548
vn 0.99995 2E-05 0.0099
vn 0.99934 -3E-05 0.03636
vn 0.9993 3E-05 0.03746
vn 0.99803 -3E-05 0.06281
vn 0.99796 3E-05 0.06391
vn 0.99601 2E-05 0.08925
vn 0.99591 -2E-05 0.09032
vn 0.99329 2E-05 0.11567
vn 0.99317 -2E-05 0.11669
vn 0.98986 2E-05 0.14203
vn 0.98972 -2E-05 0.143
vn 0.98573 2E-05 0.16834
vn 0.98089 -2E-05 0.19457
vn 0.98073 2E-05 0.19536
vn 0.97535 -2E-05 0.22066
vn 0.97518 2E-05 0.2214
vn 0.96912 2E-05 0.24658
vn 0.96894 -2E-05 0.24731
vn 0.9622 2E-05 0.27233
vn 0.96199 -2E-05 0.27309
vn 0.9546 2E-05 0.29788
vn 0.95435 -2E-05 0.29871
vn 0.94633 2E-05 0.32322
vn 0.93737 -3E-05 0.34834
vn 0.93701 2E-05 0.3493
vn 0.92774 -3E-05 0.37322
vn 0.92734 2E-05 0.37422
vn 0.91745 2E-05 0.39786
vn 0.91701 -3E-05 0.39887
vn 0.90649 2E-05 0.42223
vn 0.90602 -3E-05 0.42324
vn 0.89487 2E-05 0.44633
vn 0.89438 -2E-05 0.44731
vn 0.8826 2E-05 0.47013
vn 0.8821 -2E-05 0.47107
vn 0.86967 2E-05 0.49364
vn 0.8561 -2E-05 0.51682
vn 0.85561 2E-05 0.51763
vn 0.84188 -2E-05 0.53966
vn 0.84142 2E-05 0.54038
vn 0.82705 2E-05 0.56213
vn 0.8266 -2E-05 0.56278
vn 0.81161 2E-05 0.5842
vn 0.81117 -2E-05 0.58481
vn 0.7956 2E-05 0.60583
vn 0.79513 -2E-05 0.60644
vn 0.77901 2E-05 0.62702
vn 0.76185 -2E-05 0.64775
vn 0.76125 2E-05 0.64845
vn 0.74414 -2E-05 0.66803
vn 0.74347 2E-05 0.66877
vn 0.72588 2E-05 0.68782
vn 0.72515 -2E-05 0.68859
vn 0.70708 2E-05 0.70713
vn 0.70631 -3E-05 0.70791
vn 0.68775 2E-05 0.72594
vn 0.68695 -3E-05 0.72671
vn 0.66791 2E-05 0.74424
vn 0.66709 -2E-05 0.74498
vn 0.64755 2E-05 0.76202
vn 0.62669 -2E-05 0.77927
vn 0.62588 3E-05 0.77992
vn 0.60535 -2E-05 0.79596
vn 0.60456 2E-05 0.79656
vn 0.58351 2E-05 0.8121
vn 0.58278 -2E-05 0.81263
vn 0.56123 2E-05 0.82766
vn 0.56055 -2E-05 0.82812
vn 0.53852 2E-05 0.84261
vn 0.53787 -2E-05 0.84303
vn 0.51542 2E-05 0.85694
vn 0.51477 -2E-05 0.85733
vn 0.49194 2E-05 0.87063
vn 0.49124 -2E-05 0.87102
vn 0.46811 2E-05 0.88367
vn 0.46733 -2E-05 0.88409
vn 0.44392 2E-05 0.89607
vn 0.44304 -2E-05 0.8965
vn 0.41939 2E-05 0.9078
vn 0.39455 -3E-05 0.91888
vn 0.39354 3E-05 0.91931
vn 0.36938 -3E-05 0.92928
vn 0.36835 3E-05 0.92969
vn 0.34393 2E-05 0.939
vn 0.34288 -3E-05 0.93938
vn 0.31819 2E-05 0.94803
vn 0.31714 -2E-05 0.94838
vn 0.29217 2E-05 0.95636
vn 0.29116 -2E-05 0.95667
vn 0.2659 2E-05 0.964
vn 0.26493 -2E-05 0.96427
vn 0.2394 2E-05 0.97092
vn 0.23849 -2E-05 0.97115
vn 0.21266 2E-05 0.97713
vn 0.21184 -2E-05 0.9773
vn 0.18576 2E-05 0.9826
vn 0.185 -2E-05 0.98274
vn 0.15872 2E-05 0.98732
vn 0.13157 -2E-05 0.99131
vn 0.13078 2E-05 0.99141
vn 0.10432 -2E-05 0.99454
vn 0.10345 2E-05 0.99463
vn 0.07699 2E-05 0.99703
vn 0.07604 -2E-05 0.99711
vn 0.04959 2E-05 0.99877
vn 0.04856 -2E-05 0.99882
vn 0.02214 2E-05 0.99975
vn 0.02106 -2E-05 0.99978
vn -0.00534 2E-05 0.99999
vn -0.00646 -3E-05 0.99998
vn -0.03285 2E-05 0.99946
vn -0.06037 -3E-05 0.99818
vn -0.06147 3E-05 0.99811
vn -0.08787 -3E-05 0.99613
vn -0.08894 3E-05 0.99604
vn -0.11534 2E-05 0.99333
vn -0.11636 -2E-05 0.99321
vn -0.14277 2E-05 0.98976
vn -0.14371 -2E-05 0.98962
vn -0.17014 2E-05 0.98542
vn -0.17099 -2E-05 0.98527
vn -0.1974 2E-05 0.98032
vn -0.19817 -2E-05 0.98017
vn -0.22449 2E-05 0.97448
vn -0.25141 -2E-05 0.96788
vn -0.25217 2E-05 0.96768
vn -0.27813 -2E-05 0.96054
vn -0.27896 2E-05 0.9603
vn -0.30465 2E-05 0.95246
vn -0.30556 -2E-05 0.95217
vn -0.33094 2E-05 0.94365
vn -0.33191 -2E-05 0.94331
vn -0.35698 2E-05 0.93411
vn -0.35799 -3E-05 0.93372
vn -0.38277 2E-05 0.92384
vn -0.3838 -3E-05 0.92342
vn -0.40829 2E-05 0.91285
vn -0.43352 -3E-05 0.90114
vn -0.43452 3E-05 0.90066
vn -0.45845 -3E-05 0.88872
vn -0.45941 3E-05 0.88823
vn -0.48306 2E-05 0.87559
vn -0.48395 -2E-05 0.87509
vn -0.50732 2E-05 0.86176
vn -0.50815 -2E-05 0.86127
vn -0.53123 2E-05 0.84722
vn -0.53197 -2E-05 0.84676
vn -0.55476 2E-05 0.83201
vn -0.55541 -2E-05 0.83157
vn -0.57783 2E-05 0.81616
vn -0.60045 -2E-05 0.79966
vn -0.60108 2E-05 0.79919
vn -0.6226 -2E-05 0.78254
vn -0.62327 2E-05 0.78201
vn -0.64425 2E-05 0.76481
vn -0.64499 -2E-05 0.76419
vn -0.66541 2E-05 0.74647
vn -0.66619 -2E-05 0.74579
vn -0.68607 2E-05 0.72753
vn -0.68686 -2E-05 0.72679
vn -0.70619 2E-05 0.70802
vn -0.70699 -3E-05 0.70722
vn -0.72579 2E-05 0.68792
vn -0.74483 -3E-05 0.66726
vn -0.74557 3E-05 0.66642
vn -0.7633 -3E-05 0.64604
vn -0.764 3E-05 0.64522
vn -0.7812 -2E-05 0.62428
vn -0.78184 3E-05 0.62348
vn -0.79851 2E-05 0.60198
vn -0.79908 -2E-05 0.60123
vn -0.81521 2E-05 0.57917
vn -0.8157 -2E-05 0.57847
vn -0.83127 2E-05 0.55587
vn -0.8317 -2E-05 0.55523
vn -0.84667 2E-05 0.53212
vn -0.84706 -2E-05 0.53149
vn -0.86139 2E-05 0.50794
vn -0.86177 -2E-05 0.50731
vn -0.87543 2E-05 0.48334
vn -0.8758 -2E-05 0.48267
vn -0.88878 2E-05 0.45834
vn -0.88914 -2E-05 0.45764
vn -0.90142 2E-05 0.43294
vn -0.91335 -2E-05 0.40717
vn -0.91365 2E-05 0.40649
vn -0.92456 -1E-05 0.38103
vn -0.92481 2E-05 0.38043
vn -0.93503 -1E-05 0.35456
vn -0.93523 1E-05 0.35404
vn -0.94476 1E-05 0.32777
vn -0.9449 -1E-05 0.32737
vn -0.95371 1E-05 0.30073
vn -0.95381 -1E-05 0.30042
vn -0.96189 1E-05 0.27343
vn -0.96196 -0 0.27319
vn -0.9693 1E-05 0.24589
vn -0.96934 -0 0.24573
vn -0.97592 0 0.21813
vn -0.98175 -0 0.19017
vn -0.98176 0 0.1901
vn -0.98679 -0 0.16202
vn -0.98679 0 0.16198
vn -0.99102 0 0.1337
vn -0.99102 0 0.1337
vn -0.97594 -0 0.21802
vn -0.90176 -2E-05 0.43223
vn -0.72656 -3E-05 0.6871
vn -0.57846 -2E-05 0.81571
vn -0.40932 -3E-05 0.91239
vn -0.22524 -2E-05 0.9743
vn -0.03398 -3E-05 0.99942
vn 0.15797 -2E-05 0.98744
vn 0.41845 -2E-05 0.90824
vn 0.64672 -2E-05 0.76272
vn 0.77849 -2E-05 0.62766
vn 0.86917 -2E-05 0.49452
vn 0.94602 -2E-05 0.32412
vn 0.98558 -2E-05 0.16922
vn 0.99994 -3E-05 0.011
vn 0.98486 -2E-05 -0.17336
vn 0.94539 -2E-05 -0.32593
vn 0.88261 -2E-05 -0.4701
vn 0.79839 -2E-05 -0.60214
vn 0.69515 -2E-05 -0.71886
vn 0.57519 -2E-05 -0.81802
vn 0.44216 -2E-05 -0.89694
vn 0.29885 -2E-05 -0.9543
vn 0.14902 -2E-05 -0.98883
vn -0.18414 -0 -0.9829
vn -0.18414 -0 -0.9829
vn -0.2387 -0 -0.97109
vn -0.2387 -0 -0.97109
vn -0.29168 -0 -0.95652
vn -0.34312 -0 -0.93929
vn -0.34312 -0 -0.93929
vn -0.29169 -0 -0.95651
vn -0.39297 -0 -0.91955
vn -0.39296 -0 -0.91956
vn -0.4411 0 -0.89746
vn -0.4411 0 -0.89746
vn -0.48741 0 -0.87317
vn -0.53184 0 -0.84685
vn -0.53186 -0 -0.84683
vn -0.57433 0 -0.81862
vn -0.57437 -0 -0.8186
vn -0.61485 0 -0.78864
vn -0.6149 -0 -0.78861
vn -0.6534 0 -0.75701
vn -0.65344 -0 -0.75698
vn -0.68994 0 -0.72386
vn -0.68998 -0 -0.72383
vn -0.7245 0 -0.68928
vn -0.72451 -0 -0.68926
vn -0.75697 0 -0.65345
vn -0.757 0 -0.65341
vn -0.78735 0 -0.6165
vn -0.78739 -0 -0.61645
vn -0.81564 0 -0.57856
vn -0.81569 -0 -0.57849
vn -0.84184 0 -0.53973
vn -0.84189 -0 -0.53964
vn -0.86595 0 -0.50012
vn -0.86601 -0 -0.50003
vn -0.88801 0 -0.45983
vn -0.88806 -0 -0.45973
vn -0.90802 0 -0.41893
vn -0.90806 -0 -0.41883
vn -0.92602 0 -0.37748
vn -0.92604 -0 -0.37742
vn -0.94199 0 -0.33565
vn -0.94202 -0 -0.33556
vn -0.95594 0 -0.29355
vn -0.95598 -0 -0.29344
vn -0.96792 0 -0.25126
vn -0.96795 -0 -0.25113
vn -0.97794 0 -0.20888
vn -0.97797 -0 -0.20873
vn -0.98604 0 -0.16648
vn -0.98607 -0 -0.16631
vn -0.99227 0 -0.12413
vn -0.99229 -1E-05 -0.12396
vn -0.99664 0 -0.0819
vn -0.99666 -1E-05 -0.08172
vn -0.99921 0 -0.03982
vn -0.99921 -0 -0.03966
vn -1 0 0.00205
vn -1 -0 0.00218
vn -0.99905 0 0.0436
vn -0.99904 -0 0.04375
vn -0.9964 1E-05 0.08473
vn -0.99639 -0 0.0849
vn -0.99211 1E-05 0.12539
vn -0.99208 -0 0.12558
vn -0.98621 1E-05 0.16551
vn -0.98617 -0 0.16572
vn -0.97875 1E-05 0.20506
vn -0.9787 -1E-05 0.20529
vn -0.96978 0 0.24398
vn -0.96972 -1E-05 0.24422
vn -0.95934 0 0.28224
vn -0.95927 -1E-05 0.28249
vn -0.94748 0 0.31982
vn -0.9474 -1E-05 0.32005
vn -0.93423 0 0.35667
vn -0.93415 -1E-05 0.35688
vn -0.91963 0 0.39278
vn -0.91956 -0 0.39296
vn -0.90376 1E-05 0.42805
vn -0.90366 -0 0.42825
vn -0.88666 1E-05 0.46242
vn -0.88655 -0 0.46264
vn -0.86839 1E-05 0.49588
vn -0.86826 -0 0.49611
vn -0.849 1E-05 0.52839
vn -0.84885 -1E-05 0.52863
vn -0.82854 1E-05 0.55993
vn -0.82837 -1E-05 0.56019
vn -0.80705 1E-05 0.59048
vn -0.80686 -1E-05 0.59074
vn -0.78458 1E-05 0.62002
vn -0.78438 -1E-05 0.62028
vn -0.76117 1E-05 0.64855
vn -0.76097 -1E-05 0.64879
vn -0.73685 1E-05 0.67605
vn -0.73665 -1E-05 0.67627
vn -0.71167 1E-05 0.70251
vn -0.71148 -1E-05 0.70271
vn -0.68568 1E-05 0.7279
vn -0.68548 -1E-05 0.72809
vn -0.65897 1E-05 0.75217
vn -0.65874 -1E-05 0.75237
vn -0.63158 1E-05 0.77531
vn -0.63132 -1E-05 0.77552
vn -0.60355 1E-05 0.79733
vn -0.60327 -1E-05 0.79754
vn -0.57494 1E-05 0.8182
vn -0.57464 -1E-05 0.81841
vn -0.54578 1E-05 0.83793
vn -0.54546 -1E-05 0.83814
vn -0.51612 1E-05 0.85652
vn -0.51578 -1E-05 0.85672
vn -0.48599 1E-05 0.87397
vn -0.48564 -1E-05 0.87416
vn -0.45543 1E-05 0.89027
vn -0.45508 -1E-05 0.89045
vn -0.42446 1E-05 0.90545
vn -0.42412 -1E-05 0.90561
vn -0.39312 1E-05 0.91949
vn -0.3928 -1E-05 0.91962
vn -0.36146 1E-05 0.93239
vn -0.36115 -1E-05 0.93251
vn -0.32958 1E-05 0.94413
vn -0.32923 -1E-05 0.94425
vn -0.2975 1E-05 0.95472
vn -0.29713 -1E-05 0.95484
vn -0.26527 1E-05 0.96417
vn -0.26487 -1E-05 0.96428
vn -0.23292 1E-05 0.9725
vn -0.23249 -1E-05 0.9726
vn -0.20048 1E-05 0.9797
vn -0.20004 -1E-05 0.97979
vn -0.168 1E-05 0.98579
vn -0.16753 -1E-05 0.98587
vn -0.13549 1E-05 0.99078
vn -0.13502 -1E-05 0.99084
vn -0.10298 1E-05 0.99468
vn -0.10251 -1E-05 0.99473
vn -0.0705 1E-05 0.99751
vn -0.07004 -1E-05 0.99754
vn -0.03807 1E-05 0.99928
vn -0.03763 -1E-05 0.99929
vn -0.00571 1E-05 0.99998
vn -0.00531 -1E-05 0.99999
vn 0.02649 1E-05 0.99965
vn 0.02691 -1E-05 0.99964
vn 0.0585 1E-05 0.99829
vn 0.05895 -1E-05 0.99826
vn 0.09029 1E-05 0.99592
vn 0.09076 -1E-05 0.99587
vn 0.12182 1E-05 0.99255
vn 0.12231 -1E-05 0.99249
vn 0.15308 1E-05 0.98821
vn 0.15359 -1E-05 0.98814
vn 0.18403 1E-05 0.98292
vn 0.18455 -1E-05 0.98282
vn 0.21466 1E-05 0.97669
vn 0.21519 -1E-05 0.97657
vn 0.24494 1E-05 0.96954
vn 0.24548 -1E-05 0.9694
vn 0.27487 1E-05 0.96148
vn 0.2754 -1E-05 0.96133
vn 0.30442 1E-05 0.95254
vn 0.30493 -1E-05 0.95237
vn 0.33358 1E-05 0.94272
vn 0.33407 -1E-05 0.94255
vn 0.36232 1E-05 0.93205
vn 0.36278 -1E-05 0.93187
vn 0.39063 1E-05 0.92055
vn 0.39107 -1E-05 0.92036
vn 0.41844 1E-05 0.90824
vn 0.4189 -1E-05 0.90803
vn 0.44574 1E-05 0.89516
vn 0.44621 -1E-05 0.89493
vn 0.4725 2E-05 0.88133
vn 0.47299 -1E-05 0.88107
vn 0.49872 2E-05 0.86676
vn 0.49922 -1E-05 0.86648
vn 0.52437 1E-05 0.85149
vn 0.52488 -1E-05 0.85118
vn 0.54945 1E-05 0.83553
vn 0.54996 -1E-05 0.83519
vn 0.57394 1E-05 0.8189
vn 0.57445 -2E-05 0.81854
vn 0.59784 1E-05 0.80162
vn 0.59833 -2E-05 0.80125
vn 0.62113 1E-05 0.78371
vn 0.62162 -2E-05 0.78332
vn 0.6438 1E-05 0.76519
vn 0.64428 -2E-05 0.76479
vn 0.66587 1E-05 0.74607
vn 0.66631 -2E-05 0.74567
vn 0.6873 1E-05 0.72637
vn 0.68771 -1E-05 0.72599
vn 0.70809 1E-05 0.70612
vn 0.70848 -1E-05 0.70573
vn 0.72819 2E-05 0.68537
vn 0.72859 -1E-05 0.68495
vn 0.74762 2E-05 0.66413
vn 0.74801 -1E-05 0.66369
vn 0.76633 2E-05 0.64245
vn 0.76673 -1E-05 0.64197
vn 0.78434 2E-05 0.62033
vn 0.78474 -1E-05 0.61982
vn 0.80165 2E-05 0.59779
vn 0.80205 -1E-05 0.59726
vn 0.81825 2E-05 0.57487
vn 0.81863 -2E-05 0.57432
vn 0.83412 2E-05 0.55158
vn 0.83451 -2E-05 0.551
vn 0.84929 2E-05 0.52793
vn 0.84965 -2E-05 0.52734
vn 0.86373 2E-05 0.50395
vn 0.86409 -2E-05 0.50334
vn 0.87746 2E-05 0.47966
vn 0.87779 -2E-05 0.47905
vn 0.89046 2E-05 0.45506
vn 0.89077 -2E-05 0.45446
vn 0.90274 2E-05 0.43018
vn 0.90303 -2E-05 0.42958
vn 0.9143 1E-05 0.40503
vn 0.91456 -2E-05 0.40445
vn 0.92514 1E-05 0.37963
vn 0.92537 -1E-05 0.37907
vn 0.93523 1E-05 0.35403
vn 0.93545 -1E-05 0.35347
vn 0.94459 1E-05 0.32826
vn 0.94478 -1E-05 0.3277
vn 0.9532 1E-05 0.30234
vn 0.95338 -2E-05 0.30179
vn 0.96108 1E-05 0.27628
vn 0.96123 -2E-05 0.27576
vn 0.96822 1E-05 0.25011
vn 0.96834 -2E-05 0.24962
vn 0.97463 0 0.22383
vn 0.97473 -2E-05 0.2234
vn 0.98031 0 0.19748
vn 0.98038 -2E-05 0.19712
vn 0.98526 0 0.17105
vn 0.98531 -1E-05 0.17079
vn 0.98949 -0 0.1446
vn 0.98952 -1E-05 0.14441
vn 0.993 -0 0.11814
vn 0.99301 -1E-05 0.11802
vn 0.99579 -0 0.09169
vn 0.99579 -0 0.09162
vn 0.99787 -0 0.06526
vn 0.99787 -0 0.06524
vn 0.99924 -0 0.03888
vn 0.99924 -0 0.03886
vn 0.99992 0 0.01252
vn 0.99992 -0 0.01254
vn 0.99991 0 -0.01375
vn 0.99991 0 -0.01374
vn -0.48742 0 -0.87317
vn 0.97972 0 -0.20036
vn 0.99582 0 -0.09137
vn 0.99982 0 0.01874
vn 0.99169 0 0.12861
vn 0.97153 0 0.23693
vn 0.93957 0 0.34237
vn 0.8962 0 0.44365
vn 0.84196 0 0.53955
vn 0.77749 0 0.62889
vn 0.70359 0 0.7106
vn 0.62115 0 0.78369
vn 0.53116 0 0.84727
vn 0.43474 0 0.90056
vn 0.33303 0 0.94292
vn 0.22728 0 0.97383
vn 0.11877 0 0.99292
vn 0.00882 0 0.99996
vn -0.10124 0 0.99486
vn -0.21007 0 0.97769
vn -0.31635 0 0.94864
vn -0.41878 0 0.90809
vn -0.51614 0 0.8565
vn -0.60723 0 0.79453
vn -0.69095 0 0.7229
vn -0.76628 0 0.6425
vn -0.83231 0 0.55431
vn -0.88824 0 0.45938
vn -0.93338 0 0.35889
vn -0.9672 0 0.25402
vn -0.98927 0 0.14609
vn -0.99934 0 0.03637
vn -0.99727 -0 -0.07378
vn -0.9831 -0 -0.18305
vn -0.957 -0 -0.29008
vn -0.91928 -0 -0.39361
vn -0.8704 -0 -0.49234
vn -0.81096 -0 -0.58511
vn -0.74167 -0 -0.67077
vn -0.66337 -0 -0.74829
vn -0.57703 -0 -0.81672
vn -0.48369 -0 -0.87524
vn -0.38446 -0 -0.92314
vn -0.28058 -0 -0.95983
vn -0.17329 -0 -0.98487
vn -0.06389 -0 -0.99796
vn 0.04628 0 -0.99893
vn 0.15589 0 -0.98777
vn 0.26361 0 -0.96463
vn 0.36812 0 -0.92978
vn 0.46817 0 -0.88364
vn 0.56254 0 -0.82677
vn 0.65007 0 -0.75987
vn 0.72972 0 -0.68374
vn 0.80051 0 -0.59932
vn 0.86158 0 -0.50762
vn 0.9122 0 -0.40976
vn 0.95174 0 -0.30692
vn 0.25335 0 0.96737
vn 0.38207 0 0.92413
vn 0.50376 0 0.86384
vn 0.61614 0 0.78763
vn 0.71718 0 0.69689
vn 0.80498 0 0.5933
vn 0.87794 0 0.47876
vn 0.93471 0 0.3554
vn 0.97424 0 0.2255
vn 0.99581 0 0.09141
vn 0.99902 0 -0.04434
vn 0.9838 0 -0.17927
vn 0.95044 0 -0.31092
vn 0.89955 0 -0.43682
vn 0.83208 0 -0.55466
vn 0.74926 0 -0.66227
vn 0.65261 0 -0.75769
vn 0.54395 0 -0.83912
vn 0.42525 0 -0.90508
vn 0.2987 0 -0.95435
vn 0.16665 0 -0.98602
vn 0.03153 0 -0.9995
vn -0.10418 0 -0.99456
vn -0.23796 0 -0.97127
vn -0.36736 0 -0.93008
vn -0.48998 0 -0.87173
vn -0.60357 0 -0.79731
vn -0.70603 0 -0.70819
vn -0.79546 0 -0.606
vn -0.87024 0 -0.49264
vn -0.92895 0 -0.3702
vn -0.97054 0 -0.24093
vn -0.99424 0 -0.10721
vn -0.99959 0 0.02847
vn -0.98652 0 0.16365
usemtl mat2
f 3//2 2//2 4//2
f 3//3 4//3 5//3
f 1//4 6//4 7//4
f 1//5 7//5 2//5
f 6//6 8//6 9//6
f 6//7 9//7 7//7
f 8//8 10//8 11//8
f 8//9 11//9 9//9
f 10//10 12//10 13//10
f 10//11 13//11 11//11
f 12//12 14//12 15//12
f 12//13 15//13 13//13
f 14//14 16//14 17//14
f 14//15 17//15 15//15
f 16//16 18//16 19//16
f 16//17 19//17 20//17
f 18//18 21//18 22//18
f 18//19 22//19 19//19
f 21//20 23//20 24//20
f 21//21 24//21 22//21
f 23//22 25//22 26//22
f 23//23 26//23 24//23
f 25//24 27//24 28//24
f 25//25 28//25 26//25
f 27//26 29//26 30//26
f 27//27 30//27 28//27
f 29//28 31//28 32//28
f 29//29 32//29 30//29
f 31//30 33//30 34//30
f 31//30 34//30 32//30
f 33//31 35//31 36//31
f 33//32 36//32 34//32
f 35//33 37//33 38//33
f 35//34 38//34 36//34
f 37//35 39//35 40//35
f 37//36 40//36 38//36
f 39//37 41//37 42//37
f 39//38 42//38 40//38
f 41//39 43//39 44//39
f 41//40 44//40 42//40
f 43//41 45//41 46//41
f 43//42 46//42 44//42
f 45//43 47//43 48//43
f 45//44 48//44 46//44
f 47//45 49//45 50//45
f 47//46 50//46 51//46
f 49//47 52//47 53//47
f 49//48 53//48 50//48
f 52//49 54//49 55//49
f 52//50 55//50 53//50
f 54//51 56//51 57//51
f 54//52 57//52 55//52
f 56//53 58//53 59//53
f 56//54 59//54 57//54
f 58//55 60//55 61//55
f 58//56 61//56 59//56
f 60//57 62//57 63//57
f 60//58 63//58 61//58
f 62//59 64//59 65//59
f 62//60 65//60 63//60
f 64//61 66//61 67//61
f 64//62 67//62 65//62
f 66//63 68//63 69//63
f 66//64 69//64 67//64
f 68//65 70//65 71//65
f 68//66 71//66 69//66
f 70//67 72//67 73//67
f 70//68 73//68 71//68
f 72//69 74//69 75//69
f 72//70 75//70 73//70
f 74//71 76//71 77//71
f 74//72 77//72 75//72
f 76//73 78//73 79//73
f 76//74 79//74 80//74
f 78//75 81//75 82//75
f 78//76 82//76 79//76
f 81//77 83//77 84//77
f 81//78 84//78 82//78
f 83//79 85//79 86//79
f 83//80 86//80 84//80
f 85//81 87//81 88//81
f 85//82 88//82 86//82
f 87//83 89//83 90//83
f 87//84 90//84 88//84
f 89//85 91//85 92//85
f 89//86 92//86 90//86
f 91//87 93//87 94//87
f 91//87 94//87 92//87
f 93//88 95//88 96//88
f 93//89 96//89 94//89
f 95//90 97//90 98//90
f 95//91 98//91 96//91
f 97//92 99//92 100//92
f 97//93 100//93 98//93
f 99//94 101//94 102//94
f 99//95 102//95 100//95
f 101//96 103//96 104//96
f 101//97 104//97 102//97
f 103//98 105//98 106//98
f 103//99 106//99 104//99
f 105//100 107//100 108//100
f 105//101 108//101 106//101
f 107//102 109//102 110//102
f 107//103 110//103 111//103
f 109//104 112//104 113//104
f 109//105 113//105 110//105
f 112//106 114//106 115//106
f 112//107 115//107 113//107
f 114//108 116//108 117//108
f 114//109 117//109 115//109
f 116//110 118//110 119//110
f 116//111 119//111 117//111
f 118//112 120//112 5//112
f 118//113 5//113 119//113
f 120//114 3//114 5//114
f 111//115 108//115 107//115
f 80//116 77//116 76//116
f 51//117 48//117 47//117
f 20//118 17//118 16//118
f 121//119 122//119 123//119
f 121//120 123//120 124//120
f 124//120 123//120 125//120
f 124//120 125//120 126//120
f 126//121 125//121 5//121
f 126//122 5//122 4//122
f 122//123 127//123 128//123
f 122//124 128//124 123//124
f 123//125 128//125 129//125
f 123//125 129//125 125//125
f 125//126 129//126 119//126
f 125//127 119//127 5//127
f 127//128 130//128 131//128
f 127//129 131//129 128//129
f 128//130 131//130 132//130
f 128//130 132//130 129//130
f 129//131 132//131 117//131
f 129//132 117//132 119//132
f 130//133 133//133 134//133
f 130//134 134//134 131//134
f 131//135 134//135 135//135
f 131//135 135//135 132//135
f 132//136 135//136 115//136
f 132//137 115//137 117//137
f 133//138 136//138 137//138
f 133//139 137//139 134//139
f 134//140 137//140 138//140
f 134//140 138//140 135//140
f 135//141 138//141 113//141
f 135//142 113//142 115//142
f 136//143 139//143 140//143
f 136//144 140//144 137//144
f 137//145 140//145 141//145
f 137//145 141//145 138//145
f 138//146 141//146 110//146
f 138//147 110//147 113//147
f 139//148 142//148 143//148
f 139//149 143//149 140//149
f 140//150 143//150 144//150
f 140//150 144//150 141//150
f 141//151 144//151 111//151
f 141//152 111//152 110//152
f 142//153 145//153 146//153
f 142//154 146//154 143//154
f 143//155 146//155 147//155
f 143//155 147//155 144//155
f 144//156 147//156 108//156
f 144//157 108//157 111//157
f 145//158 148//158 149//158
f 145//159 149//159 146//159
f 146//160 149//160 150//160
f 146//160 150//160 147//160
f 147//161 150//161 106//161
f 147//162 106//162 108//162
f 148//163 151//163 152//163
f 148//164 152//164 149//164
f 149//165 152//165 153//165
f 149//165 153//165 150//165
f 150//166 153//166 104//166
f 150//167 104//167 106//167
f 151//168 154//168 155//168
f 151//169 155//169 152//169
f 152//170 155//170 156//170
f 152//170 156//170 153//170
f 153//171 156//171 102//171
f 153//172 102//172 104//172
f 154//173 157//173 158//173
f 154//174 158//174 155//174
f 155//175 158//175 159//175
f 155//175 159//175 156//175
f 156//176 159//176 100//176
f 156//177 100//177 102//177
f 157//178 160//178 161//178
f 157//179 161//179 158//179
f 158//180 161//180 162//180
f 158//180 162//180 159//180
f 159//181 162//181 98//181
f 159//182 98//182 100//182
f 160//183 163//183 164//183
f 160//184 164//184 161//184
f 161//185 164//185 165//185
f 161//185 165//185 162//185
f 162//186 165//186 96//186
f 162//187 96//187 98//187
f 163//188 166//188 167//188
f 163//189 167//189 164//189
f 164//190 167//190 168//190
f 164//190 168//190 165//190
f 165//191 168//191 94//191
f 165//192 94//192 96//192
f 166//193 169//193 170//193
f 166//194 170//194 167//194
f 167//195 170//195 171//195
f 167//195 171//195 168//195
f 168//196 171//196 92//196
f 168//197 92//197 94//197
f 169//198 172//198 173//198
f 169//199 173//199 170//199
f 170//200 173//200 174//200
f 170//200 174//200 171//200
f 171//201 174//201 90//201
f 171//202 90//202 92//202
f 172//203 175//203 176//203
f 172//204 176//204 173//204
f 173//205 176//205 177//205
f 173//205 177//205 174//205
f 174//206 177//206 88//206
f 174//207 88//207 90//207
f 175//208 178//208 179//208
f 175//209 179//209 176//209
f 176//210 179//210 180//210
f 176//210 180//210 177//210
f 177//211 180//211 86//211
f 177//212 86//212 88//212
f 178//213 181//213 182//213
f 178//214 182//214 179//214
f 179//215 182//215 183//215
f 179//215 183//215 180//215
f 180//216 183//216 84//216
f 180//217 84//217 86//217
f 181//218 184//218 185//218
f 181//219 185//219 182//219
f 182//220 185//220 186//220
f 182//220 186//220 183//220
f 183//221 186//221 82//221
f 183//222 82//222 84//222
f 184//223 187//223 188//223
f 184//224 188//224 185//224
f 185//225 188//225 189//225
f 185//225 189//225 186//225
f 186//226 189//226 79//226
f 186//227 79//227 82//227
f 187//228 190//228 191//228
f 187//229 191//229 188//229
f 188//230 191//230 192//230
f 188//230 192//230 189//230
f 189//231 192//231 80//231
f 189//232 80//232 79//232
f 190//233 193//233 194//233
f 190//234 194//234 191//234
f 191//235 194//235 195//235
f 191//235 195//235 192//235
f 192//236 195//236 77//236
f 192//237 77//237 80//237
f 193//238 196//238 197//238
f 193//239 197//239 194//239
f 194//240 197//240 198//240
f 194//240 198//240 195//240
f 195//241 198//241 75//241
f 195//242 75//242 77//242
f 196//243 199//243 200//243
f 196//244 200//244 197//244
f 197//245 200//245 201//245
f 197//245 201//245 198//245
f 198//246 201//246 73//246
f 198//247 73//247 75//247
f 199//248 202//248 203//248
f 199//249 203//249 200//249
f 200//250 203//250 204//250
f 200//250 204//250 201//250
f 201//251 204//251 71//251
f 201//252 71//252 73//252
f 202//253 205//253 206//253
f 202//254 206//254 203//254
f 203//255 206//255 207//255
f 203//255 207//255 204//255
f 204//256 207//256 69//256
f 204//257 69//257 71//257
f 205//258 208//258 209//258
f 205//259 209//259 206//259
f 206//260 209//260 210//260
f 206//260 210//260 207//260
f 207//261 210//261 67//261
f 207//262 67//262 69//262
f 208//263 211//263 212//263
f 208//264 212//264 209//264
f 209//265 212//265 213//265
f 209//265 213//265 210//265
f 210//266 213//266 65//266
f 210//267 65//267 67//267
f 211//268 214//268 215//268
f 211//269 215//269 212//269
f 212//270 215//270 216//270
f 212//270 216//270 213//270
f 213//271 216//271 63//271
f 213//272 63//272 65//272
f 214//273 217//273 215//273
f 215//274 217//274 218//274
f 215//275 218//275 219//275
f 219//276 218//276 220//276
f 219//277 220//277 221//277
f 221//278 220//278 222//278
f 221//279 222//279 223//279
f 223//280 222//280 224//280
f 223//281 224//281 225//281
f 225//282 224//282 226//282
f 225//283 226//283 227//283
f 227//284 226//284 228//284
f 227//285 228//285 229//285
f 229//286 228//286 230//286
f 229//287 230//287 231//287
f 231//288 230//288 232//288
f 231//289 232//289 233//289
f 233//290 232//290 234//290
f 233//291 234//291 235//291
f 235//292 234//292 236//292
f 235//293 236//293 237//293
f 237//294 236//294 238//294
f 237//295 238//295 239//295
f 239//296 238//296 240//296
f 239//297 240//297 241//297
f 241//298 240//298 242//298
f 241//299 242//299 243//299
f 243//300 242//300 244//300
f 243//301 244//301 245//301
f 245//302 244//302 246//302
f 245//303 246//303 247//303
f 247//304 246//304 248//304
f 247//305 248//305 249//305
f 249//306 248//306 250//306
f 249//307 250//307 251//307
f 251//308 250//308 252//308
f 251//309 252//309 253//309
f 253//310 252//310 254//310
f 253//311 254//311 255//311
f 255//312 254//312 256//312
f 255//313 256//313 257//313
f 257//314 256//314 258//314
f 257//315 258//315 259//315
f 259//316 258//316 260//316
f 259//317 260//317 261//317
f 261//318 260//318 262//318
f 261//319 262//319 263//319
f 263//320 262//320 264//320
f 263//321 264//321 265//321
f 265//322 264//322 266//322
f 265//323 266//323 267//323
f 267//324 266//324 268//324
f 267//325 268//325 269//325
f 269//326 268//326 270//326
f 269//327 270//327 271//327
f 271//328 270//328 272//328
f 271//329 272//329 273//329
f 273//330 272//330 274//330
f 273//331 274//331 275//331
f 275//332 274//332 121//332
f 275//333 121//333 124//333
f 4//334 2//334 276//334
f 4//333 276//333 126//333
f 126//333 276//333 275//333
f 126//333 275//333 124//333
f 2//335 7//335 277//335
f 2//336 277//336 276//336
f 276//337 277//337 273//337
f 276//337 273//337 275//337
f 7//338 9//338 278//338
f 7//339 278//339 277//339
f 277//340 278//340 271//340
f 277//340 271//340 273//340
f 9//341 11//341 279//341
f 9//342 279//342 278//342
f 278//343 279//343 269//343
f 278//343 269//343 271//343
f 11//344 13//344 280//344
f 11//345 280//345 279//345
f 279//346 280//346 267//346
f 279//346 267//346 269//346
f 13//347 15//347 281//347
f 13//348 281//348 280//348
f 280//349 281//349 265//349
f 280//349 265//349 267//349
f 15//350 17//350 282//350
f 15//351 282//351 281//351
f 281//352 282//352 263//352
f 281//352 263//352 265//352
f 17//353 20//353 283//353
f 17//354 283//354 282//354
f 282//355 283//355 261//355
f 282//355 261//355 263//355
f 20//356 19//356 284//356
f 20//357 284//357 283//357
f 283//358 284//358 259//358
f 283//358 259//358 261//358
f 19//359 22//359 285//359
f 19//360 285//360 284//360
f 284//361 285//361 257//361
f 284//361 257//361 259//361
f 22//362 24//362 286//362
f 22//363 286//363 285//363
f 285//364 286//364 255//364
f 285//364 255//364 257//364
f 24//365 26//365 287//365
f 24//366 287//366 286//366
f 286//367 287//367 253//367
f 286//367 253//367 255//367
f 26//368 28//368 288//368
f 26//369 288//369 287//369
f 287//370 288//370 251//370
f 287//370 251//370 253//370
f 28//371 30//371 289//371
f 28//372 289//372 288//372
f 288//373 289//373 249//373
f 288//373 249//373 251//373
f 30//374 32//374 290//374
f 30//375 290//375 289//375
f 289//376 290//376 247//376
f 289//376 247//376 249//376
f 32//377 34//377 291//377
f 32//378 291//378 290//378
f 290//379 291//379 245//379
f 290//379 245//379 247//379
f 34//380 36//380 292//380
f 34//381 292//381 291//381
f 291//382 292//382 243//382
f 291//382 243//382 245//382
f 36//383 38//383 293//383
f 36//384 293//384 292//384
f 292//385 293//385 241//385
f 292//385 241//385 243//385
f 38//386 40//386 294//386
f 38//387 294//387 293//387
f 293//388 294//388 239//388
f 293//388 239//388 241//388
f 40//389 42//389 295//389
f 40//390 295//390 294//390
f 294//391 295//391 237//391
f 294//391 237//391 239//391
f 42//392 44//392 296//392
f 42//393 296//393 295//393
f 295//394 296//394 235//394
f 295//394 235//394 237//394
f 44//395 46//395 297//395
f 44//396 297//396 296//396
f 296//397 297//397 233//397
f 296//397 233//397 235//397
f 46//398 48//398 298//398
f 46//399 298//399 297//399
f 297//400 298//400 231//400
f 297//400 231//400 233//400
f 48//401 51//401 299//401
f 48//402 299//402 298//402
f 298//403 299//403 229//403
f 298//403 229//403 231//403
f 51//404 50//404 300//404
f 51//405 300//405 299//405
f 299//406 300//406 227//406
f 299//406 227//406 229//406
f 50//407 53//407 301//407
f 50//408 301//408 300//408
f 300//409 301//409 225//409
f 300//409 225//409 227//409
f 53//410 55//410 302//410
f 53//411 302//411 301//411
f 301//412 302//412 223//412
f 301//412 223//412 225//412
f 55//413 57//413 303//413
f 55//414 303//414 302//414
f 302//415 303//415 221//415
f 302//415 221//415 223//415
f 57//416 59//416 304//416
f 57//417 304//417 303//417
f 303//418 304//418 219//418
f 303//418 219//418 221//418
f 59//419 61//419 216//419
f 59//420 216//420 304//420
f 304//421 216//421 215//421
f 304//421 215//421 219//421
f 61//422 63//422 216//422
f 305//423 120//423 306//423
f 306//423 120//423 118//423
f 306//423 118//423 307//423
f 307//423 118//423 116//423
f 307//423 116//423 308//423
f 308//423 116//423 114//423
f 308//423 114//423 309//423
f 309//423 114//423 112//423
f 309//423 112//423 310//423
f 310//423 112//423 109//423
f 310//423 109//423 311//423
f 311//423 109//423 107//423
f 311//423 107//423 312//423
f 312//423 107//423 105//423
f 312//423 105//423 313//423
f 313//423 105//423 103//423
f 313//423 103//423 314//423
f 314//423 103//423 101//423
f 314//423 101//423 315//423
f 315//423 101//423 99//423
f 315//423 99//423 316//423
f 316//423 99//423 97//423
f 316//423 97//423 317//423
f 317//423 97//423 95//423
f 317//423 95//423 318//423
f 318//423 95//423 93//423
f 318//423 93//423 319//423
f 319//423 93//423 91//423
f 319//423 91//423 320//423
f 320//423 91//423 89//423
f 320//423 89//423 321//423
f 321//423 89//423 87//423
f 321//423 87//423 322//423
f 322//423 87//423 85//423
f 322//423 85//423 323//423
f 323//423 85//423 83//423
f 323//423 83//423 324//423
f 324//423 83//423 81//423
f 324//423 81//423 325//423
f 325//423 81//423 78//423
f 325//423 78//423 326//423
f 326//423 78//423 76//423
f 326//423 76//423 327//423
f 327//423 76//423 74//423
f 327//423 74//423 328//423
f 328//423 74//423 72//423
f 328//423 72//423 329//423
f 329//423 72//423 70//423
f 329//423 70//423 330//423
f 330//423 70//423 68//423
f 330//423 68//423 331//423
f 331//423 68//423 66//423
f 331//423 66//423 332//423
f 332//423 66//423 64//423
f 332//423 64//423 333//423
f 333//423 64//423 62//423
f 333//423 62//423 334//423
f 334//423 62//423 60//423
f 334//423 60//423 335//423
f 335//423 60//423 58//423
f 335//423 58//423 336//423
f 336//423 58//423 56//423
f 336//423 56//423 337//423
f 337//423 56//423 54//423
f 337//423 54//423 52//423
f 337//423 52//423 338//423
f 338//423 52//423 49//423
f 338//423 49//423 339//423
f 339//423 49//423 47//423
f 339//423 47//423 340//423
f 340//423 47//423 45//423
f 340//423 45//423 341//423
f 341//423 45//423 43//423
f 341//423 43//423 342//423
f 342//423 43//423 41//423
f 342//423 41//423 343//423
f 343//423 41//423 39//423
f 343//423 39//423 344//423
f 344//423 39//423 37//423
f 344//423 37//423 345//423
f 345//423 37//423 35//423
f 345//423 35//423 346//423
f 346//423 35//423 33//423
f 346//423 33//423 347//423
f 347//423 33//423 31//423
f 347//423 31//423 348//423
f 348//423 31//423 29//423
f 120//423 305//423 3//423
f 3//423 305//423 349//423
f 3//423 349//423 1//423
f 1//423 349//423 350//423
f 1//423 350//423 6//423
f 6//423 350//423 351//423
f 6//423 351//423 8//423
f 8//423 351//423 352//423
f 8//423 352//423 10//423
f 10//423 352//423 353//423
f 10//423 353//423 12//423
f 12//423 353//423 354//423
f 12//423 354//423 14//423
f 14//423 354//423 355//423
f 14//423 355//423 16//423
f 16//423 355//423 356//423
f 16//423 356//423 18//423
f 18//423 356//423 357//423
f 18//423 357//423 21//423
f 21//423 357//423 358//423
f 21//423 358//423 23//423
f 23//423 358//423 359//423
f 23//423 359//423 25//423
f 25//423 359//423 360//423
f 25//423 360//423 27//423
f 27//423 360//423 361//423
f 27//423 361//423 29//423
f 29//423 361//423 348//423
f 122//424 121//424 362//424
f 362//425 121//425 274//425
f 362//426 274//426 363//426
f 363//427 274//427 272//427
f 363//428 272//428 364//428
f 364//429 272//429 270//429
f 364//430 270//430 365//430
f 365//431 270//431 268//431
f 365//432 268//432 366//432
f 366//433 268//433 266//433
f 366//434 266//434 367//434
f 367//435 266//435 264//435
f 367//436 264//436 368//436
f 368//437 264//437 262//437
f 368//438 262//438 369//438
f 369//439 262//439 260//439
f 260//440 258//440 370//440
f 260//441 370//441 369//441
f 258//442 256//442 371//442
f 258//443 371//443 370//443
f 256//444 254//444 372//444
f 256//445 372//445 371//445
f 254//446 252//446 373//446
f 254//447 373//447 372//447
f 252//448 250//448 374//448
f 252//449 374//449 373//449
f 250//450 248//450 375//450
f 250//451 375//451 374//451
f 248//452 246//452 376//452
f 248//453 376//453 375//453
f 246//454 244//454 377//454
f 246//454 377//454 376//454
f 244//455 242//455 378//455
f 244//456 378//456 377//456
f 242//457 240//457 379//457
f 242//458 379//458 378//458
f 240//459 238//459 380//459
f 240//460 380//460 379//460
f 238//461 236//461 381//461
f 238//462 381//462 380//462
f 236//463 234//463 382//463
f 236//464 382//464 381//464
f 234//465 232//465 383//465
f 234//466 383//466 382//466
f 232//467 230//467 384//467
f 232//468 384//468 383//468
f 230//469 228//469 384//469
f 384//470 228//470 226//470
f 384//471 226//471 385//471
f 385//472 226//472 224//472
f 385//473 224//473 386//473
f 386//474 224//474 222//474
f 386//475 222//475 387//475
f 387//476 222//476 220//476
f 387//477 220//477 388//477
f 388//478 220//478 218//478
f 388//479 218//479 389//479
f 389//480 218//480 217//480
f 389//481 217//481 390//481
f 390//482 217//482 214//482
f 390//483 214//483 391//483
f 391//484 214//484 211//484
f 391//485 211//485 392//485
f 392//486 211//486 208//486
f 392//487 208//487 393//487
f 393//488 208//488 205//488
f 393//489 205//489 394//489
f 394//490 205//490 202//490
f 394//491 202//491 395//491
f 395//492 202//492 199//492
f 395//493 199//493 396//493
f 396//494 199//494 196//494
f 396//495 196//495 397//495
f 397//496 196//496 193//496
f 397//497 193//497 398//497
f 398//498 193//498 190//498
f 190//499 187//499 399//499
f 190//500 399//500 398//500
f 187//501 184//501 400//501
f 187//502 400//502 399//502
f 184//503 181//503 401//503
f 184//504 401//504 400//504
f 181//505 178//505 402//505
f 181//506 402//506 401//506
f 178//507 175//507 403//507
f 178//508 403//508 402//508
f 175//509 172//509 404//509
f 175//510 404//510 403//510
f 172//511 169//511 405//511
f 172//512 405//512 404//512
f 169//513 166//513 406//513
f 169//513 406//513 405//513
f 166//514 163//514 407//514
f 166//515 407//515 406//515
f 163//516 160//516 408//516
f 163//517 408//517 407//517
f 160//518 157//518 409//518
f 160//519 409//519 408//519
f 157//520 154//520 410//520
f 157//521 410//521 409//521
f 154//522 151//522 411//522
f 154//523 411//523 410//523
f 151//524 148//524 412//524
f 151//525 412//525 411//525
f 148//526 145//526 413//526
f 148//527 413//527 412//527
f 145//528 142//528 413//528
f 413//529 142//529 139//529
f 413//530 139//530 414//530
f 414//531 139//531 136//531
f 414//532 136//532 415//532
f 415//533 136//533 133//533
f 415//534 133//534 416//534
f 416//535 133//535 130//535
f 416//536 130//536 417//536
f 417//537 130//537 127//537
f 417//538 127//538 418//538
f 418//539 127//539 122//539
f 418//540 122//540 419//540
f 419//541 122//541 362//541
f 420//542 404//542 421//542
f 421//542 404//542 405//542
f 421//542 405//542 422//542
f 422//542 405//542 406//542
f 422//542 406//542 423//542
f 423//542 406//542 407//542
f 423//542 407//542 424//542
f 424//542 407//542 408//542
f 424//542 408//542 425//542
f 425//542 408//542 409//542
f 425//542 409//542 426//542
f 426//542 409//542 410//542
f 426//542 410//542 427//542
f 427//542 410//542 411//542
f 427//542 411//542 428//542
f 428//542 411//542 412//542
f 428//542 412//542 429//542
f 429//542 412//542 413//542
f 429//542 413//542 430//542
f 430//542 413//542 414//542
f 430//542 414//542 431//542
f 431//542 414//542 415//542
f 431//542 415//542 432//542
f 432//542 415//542 416//542
f 432//542 416//542 433//542
f 433//542 416//542 417//542
f 433//542 417//542 434//542
f 434//542 417//542 418//542
f 434//542 418//542 435//542
f 435//542 418//542 419//542
f 435//542 419//542 436//542
f 436//542 419//542 362//542
f 436//542 362//542 437//542
f 437//542 362//542 363//542
f 437//542 363//542 438//542
f 438//542 363//542 364//542
f 438//542 364//542 439//542
f 439//542 364//542 365//542
f 439//542 365//542 440//542
f 440//542 365//542 366//542
f 440//542 366//542 441//542
f 441//542 366//542 367//542
f 441//542 367//542 442//542
f 442//542 367//542 368//542
f 442//542 368//542 443//542
f 443//542 368//542 369//542
f 443//542 369//542 444//542
f 444//542 369//542 370//542
f 444//542 370//542 445//542
f 445//542 370//542 371//542
f 445//542 371//542 446//542
f 446//542 371//542 372//542
f 446//542 372//542 447//542
f 447//542 372//542 373//542
f 447//542 373//542 448//542
f 448//542 373//542 374//542
f 448//542 374//542 449//542
f 449//542 374//542 375//542
f 449//542 375//542 450//542
f 450//542 375//542 376//542
f 450//542 376//542 451//542
f 451//542 376//542 377//542
f 451//542 377//542 452//542
f 452//542 377//542 378//542
f 452//542 378//542 453//542
f 453//542 378//542 379//542
f 453//542 379//542 454//542
f 454//542 379//542 380//542
f 454//542 380//542 455//542
f 455//542 380//542 381//542
f 455//542 381//542 456//542
f 456//542 381//542 382//542
f 456//542 382//542 457//542
f 457//542 382//542 383//542
f 457//542 383//542 458//542
f 458//542 383//542 384//542
f 458//542 384//542 459//542
f 459//542 384//542 385//542
f 459//542 385//542 460//542
f 460//542 385//542 386//542
f 460//542 386//542 461//542
f 461//542 386//542 387//542
f 461//542 387//542 462//542
f 462//542 387//542 388//542
f 462//542 388//542 463//542
f 463//542 388//542 389//542
f 463//542 389//542 464//542
f 464//542 389//542 390//542
f 464//542 390//542 391//542
f 464//542 391//542 465//542
f 465//542 391//542 392//542
f 465//542 392//542 466//542
f 466//542 392//542 393//542
f 466//542 393//542 467//542
f 467//542 393//542 394//542
f 467//542 394//542 468//542
f 468//542 394//542 395//542
f 468//542 395//542 469//542
f 469//542 395//542 396//542
f 469//542 396//542 470//542
f 470//542 396//542 397//542
f 470//542 397//542 471//542
f 471//542 397//542 398//542
f 471//542 398//542 472//542
f 472//542 398//542 399//542
f 472//542 399//542 473//542
f 473//542 399//542 400//542
f 473//542 400//542 474//542
f 474//542 400//542 401//542
f 474//542 401//542 475//542
f 475//542 401//542 402//542
f 404//542 420//542 403//542
f 403//542 420//542 476//542
f 403//542 476//542 402//542
f 402//542 476//542 475//542
f 477//543 478//543 479//543
f 477//543 479//543 480//543
f 478//544 481//544 482//544
f 478//544 482//544 479//544
f 481//545 483//545 484//545
f 481//545 484//545 482//545
f 483//546 485//546 486//546
f 483//546 486//546 484//546
f 485//547 487//547 488//547
f 485//547 488//547 486//547
f 487//548 489//548 490//548
f 487//548 490//548 488//548
f 489//549 491//549 492//549
f 489//549 492//549 490//549
f 491//550 493//550 494//550
f 491//550 494//550 492//550
f 493//551 495//551 496//551
f 493//551 496//551 494//551
f 495//552 497//552 498//552
f 495//552 498//552 496//552
f 497//553 499//553 500//553
f 497//553 500//553 498//553
f 499//554 501//554 502//554
f 499//554 502//554 500//554
f 501//555 503//555 504//555
f 501//555 504//555 502//555
f 503//556 505//556 506//556
f 503//556 506//556 504//556
f 505//557 507//557 508//557
f 505//557 508//557 506//557
f 507//558 509//558 510//558
f 507//558 510//558 508//558
f 509//559 511//559 512//559
f 509//559 512//559 510//559
f 511//560 513//560 514//560
f 511//560 514//560 512//560
f 513//561 515//561 516//561
f 513//561 516//561 514//561
f 515//562 517//562 518//562
f 515//562 518//562 516//562
f 517//563 519//563 520//563
f 517//563 520//563 518//563
f 519//564 521//564 522//564
f 519//564 522//564 520//564
f 521//565 523//565 524//565
f 521//565 524//565 522//565
f 523//566 525//566 526//566
f 523//566 526//566 524//566
f 525//567 527//567 528//567
f 525//567 528//567 526//567
f 527//568 529//568 530//568
f 527//568 530//568 528//568
f 529//569 531//569 532//569
f 529//569 532//569 530//569
f 531//570 533//570 534//570
f 531//570 534//570 532//570
f 533//571 535//571 536//571
f 533//571 536//571 534//571
f 535//572 537//572 538//572
f 535//572 538//572 536//572
f 537//573 539//573 540//573
f 537//573 540//573 538//573
f 539//574 541//574 542//574
f 539//574 542//574 540//574
f 541//575 543//575 544//575
f 541//575 544//575 542//575
f 543//576 545//576 546//576
f 543//576 546//576 544//576
f 545//577 547//577 548//577
f 545//577 548//577 546//577
f 547//578 549//578 550//578
f 547//578 550//578 548//578
f 549//579 551//579 552//579
f 549//579 552//579 550//579
f 551//580 553//580 554//580
f 551//580 554//580 552//580
f 553//581 555//581 556//581
f 553//581 556//581 554//581
f 555//582 557//582 558//582
f 555//582 558//582 556//582
f 557//583 559//583 560//583
f 557//583 560//583 558//583
f 559//584 561//584 562//584
f 559//584 562//584 560//584
f 561//585 563//585 564//585
f 561//585 564//585 562//585
f 479//423 565//423 480//423
f 480//423 565//423 566//423
f 480//423 566//423 567//423
f 479//423 482//423 568//423
f 479//423 568//423 565//423
f 482//423 484//423 569//423
f 482//423 569//423 568//423
f 484//423 486//423 570//423
f 484//423 570//423 569//423
f 486//423 488//423 570//423
f 570//423 488//423 490//423
f 570//423 490//423 571//423
f 571//423 490//423 492//423
f 571//423 492//423 572//423
f 572//423 492//423 494//423
f 572//423 494//423 573//423
f 573//423 494//423 496//423
f 496//423 498//423 574//423
f 496//423 574//423 573//423
f 498//423 500//423 575//423
f 498//423 575//423 574//423
f 500//423 502//423 575//423
f 575//423 502//423 504//423
f 575//423 504//423 506//423
f 575//423 506//423 576//423
f 576//423 506//423 508//423
f 576//423 508//423 577//423
f 577//423 508//423 510//423
f 510//423 512//423 578//423
f 510//423 578//423 577//423
f 512//423 514//423 578//423
f 578//423 514//423 516//423
f 578//423 516//423 579//423
f 579//423 516//423 518//423
f 518//423 520//423 580//423
f 518//423 580//423 581//423
f 518//423 581//423 579//423
f 579//423 581//423 582//423
f 520//423 522//423 583//423
f 520//423 583//423 584//423
f 522//423 524//423 585//423
f 522//423 585//423 586//423
f 524//423 526//423 587//423
f 524//423 587//423 585//423
f 526//423 528//423 588//423
f 526//423 588//423 587//423
f 528//423 530//423 589//423
f 528//423 589//423 588//423
f 530//423 532//423 590//423
f 530//423 590//423 591//423
f 532//423 534//423 592//423
f 532//423 592//423 590//423
f 534//423 536//423 593//423
f 534//423 593//423 594//423
f 536//423 538//423 595//423
f 536//423 595//423 593//423
f 538//423 540//423 596//423
f 538//423 596//423 595//423
f 540//423 542//423 597//423
f 540//423 597//423 598//423
f 542//423 544//423 599//423
f 542//423 599//423 597//423
f 544//423 546//423 600//423
f 544//423 600//423 599//423
f 546//423 548//423 601//423
f 546//423 601//423 600//423
f 548//423 550//423 601//423
f 601//423 550//423 552//423
f 601//423 552//423 602//423
f 602//423 552//423 554//423
f 602//423 554//423 603//423
f 603//423 554//423 556//423
f 556//423 558//423 604//423
f 556//423 604//423 603//423
f 558//423 560//423 604//423
f 604//423 560//423 562//423
f 604//423 562//423 605//423
f 605//423 562//423 564//423
f 564//423 606//423 607//423
f 564//423 607//423 605//423
f 606//423 608//423 609//423
f 606//423 609//423 607//423
f 608//423 610//423 609//423
f 609//423 610//423 611//423
f 609//423 611//423 612//423
f 612//423 611//423 613//423
f 612//423 613//423 614//423
f 614//423 613//423 615//423
f 614//423 615//423 616//423
f 616//423 615//423 617//423
f 616//423 617//423 618//423
f 618//423 617//423 619//423
f 618//423 619//423 620//423
f 620//423 619//423 621//423
f 621//423 622//423 623//423
f 621//423 623//423 620//423
f 622//423 624//423 625//423
f 622//423 625//423 623//423
f 624//423 626//423 627//423
f 624//423 627//423 625//423
f 626//423 628//423 629//423
f 626//423 629//423 627//423
f 628//423 630//423 631//423
f 628//423 631//423 629//423
f 630//423 632//423 633//423
f 630//423 633//423 631//423
f 632//423 634//423 633//423
f 633//423 634//423 635//423
f 633//423 635//423 636//423
f 636//423 635//423 637//423
f 636//423 637//423 638//423
f 638//423 637//423 639//423
f 638//423 639//423 640//423
f 640//423 639//423 641//423
f 640//423 641//423 642//423
f 642//423 641//423 643//423
f 642//423 643//423 644//423
f 644//423 643//423 645//423
f 644//423 645//423 646//423
f 646//423 645//423 647//423
f 646//423 647//423 648//423
f 648//423 647//423 649//423
f 649//423 650//423 651//423
f 649//423 651//423 648//423
f 650//423 652//423 653//423
f 650//423 653//423 651//423
f 652//423 654//423 655//423
f 652//423 655//423 653//423
f 654//423 656//423 657//423
f 654//423 657//423 655//423
f 656//423 658//423 659//423
f 656//423 659//423 657//423
f 658//423 660//423 661//423
f 658//423 661//423 659//423
f 660//423 662//423 663//423
f 660//423 663//423 661//423
f 662//423 664//423 665//423
f 662//423 665//423 663//423
f 664//423 666//423 665//423
f 665//423 666//423 667//423
f 665//423 667//423 668//423
f 668//423 667//423 669//423
f 668//423 669//423 670//423
f 670//423 669//423 671//423
f 670//423 671//423 672//423
f 672//423 671//423 673//423
f 672//423 673//423 674//423
f 674//423 673//423 675//423
f 674//423 675//423 676//423
f 676//423 675//423 677//423
f 676//423 677//423 678//423
f 678//423 677//423 679//423
f 678//423 679//423 680//423
f 680//423 679//423 681//423
f 680//423 681//423 682//423
f 682//423 681//423 683//423
f 682//423 683//423 684//423
f 684//423 683//423 685//423
f 685//423 686//423 687//423
f 685//423 687//423 684//423
f 686//423 688//423 689//423
f 686//423 689//423 687//423
f 688//423 690//423 691//423
f 688//423 691//423 689//423
f 690//423 692//423 693//423
f 690//423 693//423 691//423
f 692//423 694//423 695//423
f 692//423 695//423 693//423
f 694//423 696//423 697//423
f 694//423 697//423 695//423
f 696//423 698//423 699//423
f 696//423 699//423 697//423
f 698//423 700//423 701//423
f 698//423 701//423 699//423
f 700//423 702//423 703//423
f 700//423 703//423 701//423
f 702//423 704//423 703//423
f 703//423 704//423 705//423
f 703//423 705//423 706//423
f 706//423 705//423 707//423
f 706//423 707//423 708//423
f 708//423 707//423 709//423
f 708//423 709//423 710//423
f 710//423 709//423 711//423
f 710//423 711//423 712//423
f 712//423 711//423 713//423
f 712//423 713//423 714//423
f 714//423 713//423 715//423
f 714//423 715//423 716//423
f 716//423 715//423 717//423
f 716//423 717//423 718//423
f 718//423 717//423 719//423
f 718//423 719//423 720//423
f 720//423 719//423 721//423
f 720//423 721//423 722//423
f 722//423 721//423 723//423
f 722//423 723//423 724//423
f 724//423 723//423 725//423
f 724//423 725//423 726//423
f 726//423 725//423 727//423
f 727//423 728//423 729//423
f 727//423 729//423 726//423
f 728//423 730//423 731//423
f 728//423 731//423 729//423
f 730//423 732//423 733//423
f 730//423 733//423 731//423
f 732//423 734//423 735//423
f 732//423 735//423 733//423
f 734//423 736//423 737//423
f 734//423 737//423 735//423
f 736//423 738//423 739//423
f 736//423 739//423 737//423
f 738//423 740//423 741//423
f 738//423 741//423 739//423
f 740//423 742//423 743//423
f 740//423 743//423 741//423
f 742//423 744//423 745//423
f 742//423 745//423 743//423
f 744//423 746//423 747//423
f 744//423 747//423 745//423
f 746//423 748//423 749//423
f 746//423 749//423 747//423
f 748//423 750//423 751//423
f 748//423 751//423 749//423
f 750//423 752//423 751//423
f 751//423 752//423 753//423
f 751//423 753//423 754//423
f 754//423 753//423 755//423
f 754//423 755//423 756//423
f 756//423 755//423 757//423
f 756//423 757//423 758//423
f 758//423 757//423 759//423
f 758//423 759//423 760//423
f 760//423 759//423 761//423
f 760//423 761//423 762//423
f 762//423 761//423 763//423
f 762//423 763//423 764//423
f 764//423 763//423 765//423
f 764//423 765//423 766//423
f 766//423 765//423 767//423
f 766//423 767//423 768//423
f 768//423 767//423 769//423
f 768//423 769//423 770//423
f 770//423 769//423 771//423
f 770//423 771//423 772//423
f 772//423 771//423 773//423
f 772//423 773//423 774//423
f 774//423 773//423 775//423
f 774//423 775//423 776//423
f 776//423 775//423 777//423
f 776//423 777//423 778//423
f 778//423 777//423 779//423
f 778//423 779//423 780//423
f 780//423 779//423 781//423
f 781//423 782//423 783//423
f 781//423 783//423 780//423
f 782//423 784//423 785//423
f 782//423 785//423 783//423
f 784//423 786//423 787//423
f 784//423 787//423 785//423
f 786//423 788//423 789//423
f 786//423 789//423 787//423
f 788//423 790//423 791//423
f 788//423 791//423 789//423
f 790//423 792//423 793//423
f 790//423 793//423 791//423
f 792//423 794//423 795//423
f 792//423 795//423 793//423
f 794//423 796//423 797//423
f 794//423 797//423 795//423
f 796//423 798//423 799//423
f 796//423 799//423 797//423
f 798//423 800//423 801//423
f 798//423 801//423 799//423
f 800//423 802//423 803//423
f 800//423 803//423 801//423
f 802//423 804//423 805//423
f 802//423 805//423 803//423
f 804//423 806//423 807//423
f 804//423 807//423 805//423
f 806//423 808//423 809//423
f 806//423 809//423 807//423
f 808//423 810//423 811//423
f 808//423 811//423 809//423
f 810//423 812//423 813//423
f 810//423 813//423 811//423
f 812//423 814//423 813//423
f 813//423 814//423 815//423
f 813//423 815//423 816//423
f 816//423 815//423 817//423
f 816//423 817//423 818//423
f 818//423 817//423 819//423
f 818//423 819//423 820//423
f 820//423 819//423 821//423
f 820//423 821//423 822//423
f 822//423 821//423 823//423
f 822//423 823//423 824//423
f 824//423 823//423 825//423
f 824//423 825//423 826//423
f 826//423 825//423 827//423
f 826//423 827//423 828//423
f 828//423 827//423 829//423
f 828//423 829//423 830//423
f 830//423 829//423 831//423
f 830//423 831//423 832//423
f 832//423 831//423 833//423
f 832//423 833//423 834//423
f 834//423 833//423 835//423
f 834//423 835//423 836//423
f 836//423 835//423 837//423
f 836//423 837//423 838//423
f 838//423 837//423 839//423
f 838//423 839//423 840//423
f 840//423 839//423 841//423
f 840//423 841//423 842//423
f 842//423 841//423 843//423
f 842//423 843//423 844//423
f 844//423 843//423 845//423
f 844//423 845//423 846//423
f 846//423 845//423 847//423
f 846//423 847//423 848//423
f 848//423 847//423 849//423
f 849//423 850//423 851//423
f 849//423 851//423 848//423
f 850//423 852//423 853//423
f 850//423 853//423 851//423
f 852//423 854//423 855//423
f 852//423 855//423 853//423
f 854//423 856//423 857//423
f 854//423 857//423 855//423
f 856//423 858//423 859//423
f 856//423 859//423 857//423
f 858//423 860//423 861//423
f 858//423 861//423 859//423
f 860//423 862//423 863//423
f 860//423 863//423 861//423
f 862//423 864//423 865//423
f 862//423 865//423 863//423
f 864//423 866//423 867//423
f 864//423 867//423 865//423
f 866//423 868//423 869//423
f 866//423 869//423 867//423
f 868//423 870//423 871//423
f 868//423 871//423 869//423
f 870//423 872//423 873//423
f 870//423 873//423 871//423
f 872//423 874//423 875//423
f 872//423 875//423 873//423
f 874//423 876//423 877//423
f 874//423 877//423 875//423
f 876//423 878//423 879//423
f 876//423 879//423 877//423
f 878//423 880//423 881//423
f 878//423 881//423 879//423
f 880//423 882//423 883//423
f 880//423 883//423 881//423
f 882//423 884//423 885//423
f 882//423 885//423 883//423
f 884//423 886//423 887//423
f 884//423 887//423 885//423
f 886//423 888//423 889//423
f 886//423 889//423 887//423
f 888//423 890//423 891//423
f 888//423 891//423 889//423
f 890//423 892//423 893//423
f 890//423 893//423 891//423
f 892//423 894//423 895//423
f 892//423 895//423 893//423
f 894//423 896//423 897//423
f 894//423 897//423 895//423
f 896//423 898//423 899//423
f 896//423 899//423 897//423
f 898//423 900//423 901//423
f 898//423 901//423 899//423
f 900//423 902//423 903//423
f 900//423 903//423 901//423
f 902//423 904//423 905//423
f 902//423 905//423 903//423
f 904//423 906//423 907//423
f 904//423 907//423 905//423
f 906//423 908//423 909//423
f 906//423 909//423 907//423
f 908//423 910//423 911//423
f 908//423 911//423 909//423
f 910//423 912//423 913//423
f 910//423 913//423 911//423
f 912//423 914//423 913//423
f 913//423 914//423 915//423
f 913//423 915//423 916//423
f 916//423 915//423 917//423
f 916//423 917//423 918//423
f 918//423 917//423 919//423
f 918//423 919//423 920//423
f 920//423 919//423 921//423
f 920//423 921//423 922//423
f 922//423 921//423 923//423
f 922//423 923//423 924//423
f 924//423 923//423 925//423
f 924//423 925//423 926//423
f 926//423 925//423 927//423
f 926//423 927//423 928//423
f 928//423 927//423 929//423
f 928//423 929//423 930//423
f 930//423 929//423 931//423
f 930//423 931//423 932//423
f 932//423 931//423 933//423
f 932//423 933//423 934//423
f 934//423 933//423 935//423
f 934//423 935//423 936//423
f 936//423 935//423 937//423
f 936//423 937//423 938//423
f 938//423 937//423 939//423
f 938//423 939//423 940//423
f 940//423 939//423 941//423
f 940//423 941//423 942//423
f 942//423 941//423 943//423
f 942//423 943//423 944//423
f 944//423 943//423 945//423
f 944//423 945//423 946//423
f 946//423 945//423 947//423
f 946//423 947//423 948//423
f 948//423 947//423 949//423
f 948//423 949//423 950//423
f 950//423 949//423 951//423
f 950//423 951//423 952//423
f 952//423 951//423 953//423
f 952//423 953//423 954//423
f 954//423 953//423 955//423
f 954//423 955//423 956//423
f 956//423 955//423 957//423
f 956//423 957//423 958//423
f 958//423 957//423 959//423
f 958//423 959//423 960//423
f 960//423 959//423 961//423
f 960//423 961//423 962//423
f 962//423 961//423 963//423
f 962//423 963//423 964//423
f 964//423 963//423 965//423
f 964//423 965//423 966//423
f 966//423 965//423 967//423
f 966//423 967//423 968//423
f 968//423 967//423 969//423
f 968//423 969//423 970//423
f 970//423 969//423 971//423
f 970//423 971//423 972//423
f 972//423 971//423 973//423
f 972//423 973//423 974//423
f 974//423 973//423 975//423
f 974//423 975//423 976//423
f 976//423 975//423 977//423
f 976//423 977//423 978//423
f 978//423 977//423 979//423
f 978//423 979//423 980//423
f 980//423 979//423 981//423
f 980//423 981//423 982//423
f 982//423 981//423 983//423
f 982//423 983//423 984//423
f 984//423 983//423 985//423
f 984//423 985//423 986//423
f 986//423 985//423 987//423
f 986//423 987//423 988//423
f 988//423 987//423 989//423
f 988//423 989//423 990//423
f 990//423 989//423 991//423
f 990//423 991//423 992//423
f 992//423 991//423 993//423
f 992//423 993//423 994//423
f 994//423 993//423 995//423
f 994//423 995//423 996//423
f 996//423 995//423 997//423
f 996//423 997//423 998//423
f 998//423 997//423 999//423
f 998//423 999//423 1000//423
f 1000//423 999//423 1001//423
f 1000//423 1001//423 1002//423
f 1002//423 1001//423 1003//423
f 1002//423 1003//423 1004//423
f 1004//423 1003//423 1005//423
f 1004//423 1005//423 1006//423
f 1006//423 1005//423 1007//423
f 1006//423 1007//423 1008//423
f 1008//423 1007//423 1009//423
f 1008//423 1009//423 1010//423
f 1010//423 1009//423 1011//423
f 1010//423 1011//423 1012//423
f 1012//423 1011//423 1013//423
f 1012//423 1013//423 1014//423
f 1014//423 1013//423 1015//423
f 1014//423 1015//423 1016//423
f 1016//423 1015//423 1017//423
f 1016//423 1017//423 1018//423
f 1018//423 1017//423 1019//423
f 1018//423 1019//423 1020//423
f 1020//423 1019//423 1021//423
f 1020//423 1021//423 1022//423
f 1022//423 1021//423 1023//423
f 1022//423 1023//423 1024//423
f 1024//423 1023//423 1025//423
f 1024//423 1025//423 1026//423
f 1026//423 1025//423 1027//423
f 1026//423 1027//423 1028//423
f 1028//423 1027//423 1029//423
f 1028//423 1029//423 1030//423
f 1030//423 1029//423 1031//423
f 1030//423 1031//423 1032//423
f 1032//423 1031//423 1033//423
f 1032//423 1033//423 1034//423
f 1034//423 1033//423 1035//423
f 1034//423 1035//423 1036//423
f 1036//423 1035//423 1037//423
f 1036//423 1037//423 1038//423
f 1038//423 1037//423 1039//423
f 1039//423 1040//423 1041//423
f 1039//423 1041//423 1038//423
f 1040//423 1042//423 1043//423
f 1040//423 1043//423 1041//423
f 1042//423 1044//423 1045//423
f 1042//423 1045//423 1043//423
f 1044//423 1046//423 1047//423
f 1044//423 1047//423 1045//423
f 1046//423 1048//423 1049//423
f 1046//423 1049//423 1047//423
f 1048//423 1050//423 1051//423
f 1048//423 1051//423 1049//423
f 1050//423 1052//423 1053//423
f 1050//423 1053//423 1051//423
f 1052//423 1054//423 1055//423
f 1052//423 1055//423 1053//423
f 1054//423 1056//423 1057//423
f 1054//423 1057//423 1055//423
f 1056//423 1058//423 1059//423
f 1056//423 1059//423 1057//423
f 1058//423 1060//423 1061//423
f 1058//423 1061//423 1059//423
f 1060//423 1062//423 1063//423
f 1060//423 1063//423 1061//423
f 1062//423 1064//423 1065//423
f 1062//423 1065//423 1063//423
f 1064//423 1066//423 1067//423
f 1064//423 1067//423 1065//423
f 1066//423 1068//423 1069//423
f 1066//423 1069//423 1067//423
f 1068//423 1070//423 1071//423
f 1068//423 1071//423 1069//423
f 1070//423 1072//423 1073//423
f 1070//423 1073//423 1071//423
f 1072//423 1074//423 1075//423
f 1072//423 1075//423 1073//423
f 1074//423 1076//423 1077//423
f 1074//423 1077//423 1075//423
f 1076//423 1078//423 1079//423
f 1076//423 1079//423 1077//423
f 1078//423 1080//423 1081//423
f 1078//423 1081//423 1079//423
f 1080//423 1082//423 1083//423
f 1080//423 1083//423 1081//423
f 1082//423 1084//423 1085//423
f 1082//423 1085//423 1083//423
f 1084//423 1086//423 1087//423
f 1084//423 1087//423 1085//423
f 1086//423 1088//423 1089//423
f 1086//423 1089//423 1087//423
f 1088//423 1090//423 1091//423
f 1088//423 1091//423 1089//423
f 1090//423 1092//423 1093//423
f 1090//423 1093//423 1091//423
f 1092//423 1094//423 1095//423
f 1092//423 1095//423 1093//423
f 1094//423 1096//423 1097//423
f 1094//423 1097//423 1095//423
f 1096//423 1098//423 1099//423
f 1096//423 1099//423 1097//423
f 1098//423 1100//423 1101//423
f 1098//423 1101//423 1099//423
f 1100//423 1102//423 1103//423
f 1100//423 1103//423 1101//423
f 1102//423 1104//423 1105//423
f 1102//423 1105//423 1103//423
f 1104//423 1106//423 1107//423
f 1104//423 1107//423 1105//423
f 1106//423 1108//423 1109//423
f 1106//423 1109//423 1107//423
f 1108//423 1110//423 1111//423
f 1108//423 1111//423 1109//423
f 1110//423 1112//423 1113//423
f 1110//423 1113//423 1111//423
f 1112//423 1114//423 1115//423
f 1112//423 1115//423 1113//423
f 1114//423 1116//423 1117//423
f 1114//423 1117//423 1115//423
f 1116//423 1118//423 1119//423
f 1116//423 1119//423 1117//423
f 1118//423 1120//423 1121//423
f 1118//423 1121//423 1119//423
f 1120//423 1122//423 1123//423
f 1120//423 1123//423 1121//423
f 1122//423 1124//423 1125//423
f 1122//423 1125//423 1123//423
f 1124//423 1126//423 1127//423
f 1124//423 1127//423 1125//423
f 1126//423 1128//423 1129//423
f 1126//423 1129//423 1127//423
f 1128//423 1130//423 1131//423
f 1128//423 1131//423 1129//423
f 1130//423 1132//423 1133//423
f 1130//423 1133//423 1131//423
f 1132//423 1134//423 1135//423
f 1132//423 1135//423 1133//423
f 1134//423 1136//423 1137//423
f 1134//423 1137//423 1135//423
f 1136//423 1138//423 1139//423
f 1136//423 1139//423 1137//423
f 1138//423 1140//423 1141//423
f 1138//423 1141//423 1139//423
f 1140//423 1142//423 1143//423
f 1140//423 1143//423 1141//423
f 1142//423 1144//423 1145//423
f 1142//423 1145//423 1143//423
f 1144//423 1146//423 1147//423
f 1144//423 1147//423 1145//423
f 1146//423 1148//423 1149//423
f 1146//423 1149//423 1147//423
f 1148//423 1150//423 1151//423
f 1148//423 1151//423 1149//423
f 1150//423 1152//423 1153//423
f 1150//423 1153//423 1151//423
f 1152//423 1154//423 1155//423
f 1152//423 1155//423 1153//423
f 1154//423 1156//423 1157//423
f 1154//423 1157//423 1155//423
f 1156//423 1158//423 1159//423
f 1156//423 1159//423 1157//423
f 1158//423 1160//423 1161//423
f 1158//423 1161//423 1159//423
f 1160//423 1162//423 1163//423
f 1160//423 1163//423 1161//423
f 1162//423 1164//423 1165//423
f 1162//423 1165//423 1163//423
f 1164//423 1166//423 1167//423
f 1164//423 1167//423 1165//423
f 1166//423 1168//423 1169//423
f 1166//423 1169//423 1167//423
f 1168//423 1170//423 1171//423
f 1168//423 1171//423 1169//423
f 1170//423 1172//423 1173//423
f 1170//423 1173//423 1171//423
f 1172//423 1174//423 1175//423
f 1172//423 1175//423 1173//423
f 1174//423 1176//423 1177//423
f 1174//423 1177//423 1175//423
f 1176//423 1178//423 1179//423
f 1176//423 1179//423 1177//423
f 1178//423 1180//423 1181//423
f 1178//423 1181//423 1179//423
f 1180//423 1182//423 1183//423
f 1180//423 1183//423 1181//423
f 1182//423 1184//423 1185//423
f 1182//423 1185//423 1183//423
f 1184//423 1186//423 1187//423
f 1184//423 1187//423 1185//423
f 1186//423 1188//423 1189//423
f 1186//423 1189//423 1187//423
f 1188//423 1190//423 1191//423
f 1188//423 1191//423 1189//423
f 1190//423 1192//423 1193//423
f 1190//423 1193//423 1191//423
f 1192//423 1194//423 1195//423
f 1192//423 1195//423 1193//423
f 1194//423 1196//423 1197//423
f 1194//423 1197//423 1195//423
f 1196//423 1198//423 1199//423
f 1196//423 1199//423 1197//423
f 1198//423 1200//423 1201//423
f 1198//423 1201//423 1199//423
f 1200//423 1202//423 1203//423
f 1200//423 1203//423 1201//423
f 1202//423 1204//423 1205//423
f 1202//423 1205//423 1203//423
f 1204//423 1206//423 1207//423
f 1204//423 1207//423 1205//423
f 1206//423 1208//423 1209//423
f 1206//423 1209//423 1207//423
f 1208//423 1210//423 1211//423
f 1208//423 1211//423 1209//423
f 1210//423 1212//423 1211//423
f 1211//423 1212//423 1213//423
f 1211//423 1213//423 1214//423
f 1214//423 1213//423 1215//423
f 1214//423 1215//423 1216//423
f 1216//423 1215//423 1217//423
f 1216//423 1217//423 1218//423
f 1218//423 1217//423 1219//423
f 1218//423 1219//423 1220//423
f 1220//423 1219//423 1221//423
f 1220//423 1221//423 1222//423
f 1222//423 1221//423 1223//423
f 1222//423 1223//423 1224//423
f 1224//423 1223//423 1225//423
f 1224//423 1225//423 1226//423
f 1226//423 1225//423 1227//423
f 1226//423 1227//423 1228//423
f 1228//423 1227//423 1229//423
f 1228//423 1229//423 1230//423
f 1230//423 1229//423 1231//423
f 1230//423 1231//423 1232//423
f 1232//423 1231//423 1233//423
f 1232//423 1233//423 1234//423
f 1234//423 1233//423 1235//423
f 1234//423 1235//423 1236//423
f 1236//423 1235//423 1237//423
f 1236//423 1237//423 1238//423
f 1238//423 1237//423 1239//423
f 1238//423 1239//423 1240//423
f 1240//423 1239//423 1241//423
f 1240//423 1241//423 1242//423
f 1242//423 1241//423 1243//423
f 1242//423 1243//423 1244//423
f 1244//423 1243//423 1245//423
f 1244//423 1245//423 1246//423
f 1246//423 1245//423 1247//423
f 1246//423 1247//423 1248//423
f 1248//423 1247//423 1249//423
f 1248//423 1249//423 1250//423
f 1250//423 1249//423 1251//423
f 1250//423 1251//423 1252//423
f 1252//423 1251//423 1253//423
f 1252//423 1253//423 1254//423
f 1254//423 1253//423 1255//423
f 1254//423 1255//423 1256//423
f 1256//423 1255//423 1257//423
f 1256//423 1257//423 1258//423
f 1258//423 1257//423 1259//423
f 1258//423 1259//423 1260//423
f 1260//423 1259//423 1261//423
f 1260//423 1261//423 1262//423
f 1262//423 1261//423 1263//423
f 1262//423 1263//423 1264//423
f 1264//423 1263//423 1265//423
f 1264//423 1265//423 1266//423
f 1266//423 1265//423 1267//423
f 1266//423 1267//423 1268//423
f 1268//423 1267//423 1269//423
f 1268//423 1269//423 1270//423
f 1270//423 1269//423 1271//423
f 1270//423 1271//423 1272//423
f 1272//423 1271//423 1273//423
f 1272//423 1273//423 1274//423
f 1274//423 1273//423 1275//423
f 1274//423 1275//423 1276//423
f 1276//423 1275//423 1277//423
f 1276//423 1277//423 1278//423
f 1278//423 1277//423 1279//423
f 1278//423 1279//423 1280//423
f 1280//423 1279//423 1281//423
f 1280//423 1281//423 1282//423
f 1282//423 1281//423 1283//423
f 1282//423 1283//423 1284//423
f 1284//423 1283//423 1285//423
f 1284//423 1285//423 1286//423
f 1286//423 1285//423 1287//423
f 1286//423 1287//423 1288//423
f 1288//423 1287//423 1289//423
f 1288//423 1289//423 1290//423
f 1290//423 1289//423 1291//423
f 1290//423 1291//423 1292//423
f 1292//423 1291//423 1293//423
f 1292//423 1293//423 1294//423
f 1294//423 1293//423 1295//423
f 1294//423 1295//423 1296//423
f 1296//423 1295//423 1297//423
f 1296//423 1297//423 1298//423
f 1298//423 1297//423 1299//423
f 1298//423 1299//423 1300//423
f 1300//423 1299//423 1301//423
f 1300//423 1301//423 1302//423
f 1302//423 1301//423 1303//423
f 1302//423 1303//423 1304//423
f 1304//423 1303//423 1305//423
f 1304//423 1305//423 1306//423
f 1306//423 1305//423 1307//423
f 1306//423 1307//423 1308//423
f 1308//423 1307//423 1309//423
f 1308//423 1309//423 1310//423
f 1310//423 1309//423 1311//423
f 1310//423 1311//423 1312//423
f 1312//423 1311//423 1313//423
f 1312//423 1313//423 1314//423
f 1314//423 1313//423 1315//423
f 1314//423 1315//423 1316//423
f 1316//423 1315//423 1317//423
f 1316//423 1317//423 1318//423
f 1318//423 1317//423 1319//423
f 1318//423 1319//423 1320//423
f 1320//423 1319//423 1321//423
f 1320//423 1321//423 1322//423
f 1322//423 1321//423 1323//423
f 1322//423 1323//423 1324//423
f 1324//423 1323//423 1325//423
f 1324//423 1325//423 1326//423
f 1326//423 1325//423 1327//423
f 1326//423 1327//423 1328//423
f 1328//423 1327//423 1329//423
f 1328//423 1329//423 1330//423
f 1330//423 1329//423 1331//423
f 1330//423 1331//423 1332//423
f 1332//423 1331//423 1333//423
f 1332//423 1333//423 1334//423
f 1334//423 1333//423 1335//423
f 1334//423 1335//423 1336//423
f 1336//423 1335//423 1337//423
f 1336//423 1337//423 1338//423
f 1338//423 1337//423 1339//423
f 1338//423 1339//423 1340//423
f 1340//423 1339//423 1341//423
f 1340//423 1341//423 1342//423
f 1342//423 1341//423 1343//423
f 1342//423 1343//423 1344//423
f 1344//423 1343//423 1345//423
f 1344//423 1345//423 1346//423
f 1346//423 1345//423 1347//423
f 1346//423 1347//423 1348//423
f 1348//423 1347//423 1349//423
f 1348//423 1349//423 1350//423
f 1350//423 1349//423 1351//423
f 1350//423 1351//423 1352//423
f 1352//423 1351//423 1353//423
f 1352//423 1353//423 1354//423
f 1354//423 1353//423 1355//423
f 1354//423 1355//423 1356//423
f 1356//423 1355//423 1357//423
f 1356//423 1357//423 1358//423
f 1358//423 1357//423 1359//423
f 1358//423 1359//423 1360//423
f 1360//423 1359//423 1361//423
f 1360//423 1361//423 1362//423
f 1362//423 1361//423 1363//423
f 1362//423 1363//423 1364//423
f 1364//423 1363//423 1365//423
f 1364//423 1365//423 1366//423
f 1366//423 1365//423 1367//423
f 1366//423 1367//423 1368//423
f 1368//423 1367//423 1369//423
f 1368//423 1369//423 1370//423
f 1370//423 1369//423 1371//423
f 1370//423 1371//423 1372//423
f 1372//423 1371//423 1373//423
f 1372//423 1373//423 1374//423
f 1374//423 1373//423 1375//423
f 1374//423 1375//423 1376//423
f 1376//423 1375//423 1377//423
f 1376//423 1377//423 1378//423
f 1378//423 1377//423 1379//423
f 1378//423 1379//423 1380//423
f 1380//423 1379//423 1381//423
f 1380//423 1381//423 1382//423
f 1382//423 1381//423 1383//423
f 1382//423 1383//423 1384//423
f 1384//423 1383//423 1385//423
f 1384//423 1385//423 1386//423
f 1386//423 1385//423 1387//423
f 1386//423 1387//423 1388//423
f 1388//423 1387//423 1389//423
f 1388//423 1389//423 1390//423
f 1390//423 1389//423 1391//423
f 1390//423 1391//423 1392//423
f 1392//423 1391//423 1393//423
f 1392//423 1393//423 1394//423
f 1394//423 1393//423 1395//423
f 1394//423 1395//423 1396//423
f 1396//423 1395//423 1397//423
f 1396//423 1397//423 1398//423
f 1398//423 1397//423 1399//423
f 1398//423 1399//423 1400//423
f 1400//423 1399//423 1401//423
f 1400//423 1401//423 1402//423
f 1402//423 1401//423 1403//423
f 1402//423 1403//423 1404//423
f 1404//423 1403//423 1405//423
f 1404//423 1405//423 1406//423
f 1406//423 1405//423 1407//423
f 1406//423 1407//423 1408//423
f 1408//423 1407//423 1409//423
f 1408//423 1409//423 1410//423
f 1410//423 1409//423 1411//423
f 1410//423 1411//423 1412//423
f 1412//423 1411//423 1413//423
f 1412//423 1413//423 1414//423
f 1414//423 1413//423 1415//423
f 1414//423 1415//423 1416//423
f 1416//423 1415//423 1417//423
f 1416//423 1417//423 1418//423
f 1418//423 1417//423 1419//423
f 1418//423 1419//423 1420//423
f 1420//423 1419//423 1421//423
f 1420//423 1421//423 1422//423
f 1422//423 1421//423 1423//423
f 1422//423 1423//423 1424//423
f 1424//423 1423//423 1425//423
f 1424//423 1425//423 1426//423
f 1426//423 1425//423 1427//423
f 1426//423 1427//423 1428//423
f 1428//423 1427//423 1429//423
f 1428//423 1429//423 1430//423
f 1430//423 1429//423 1431//423
f 1430//423 1431//423 1432//423
f 1432//423 1431//423 1433//423
f 1432//423 1433//423 1434//423
f 1434//423 1433//423 1435//423
f 1434//423 1435//423 1436//423
f 1436//423 1435//423 1437//423
f 1436//423 1437//423 1438//423
f 1438//423 1437//423 1439//423
f 1438//423 1439//423 1440//423
f 1440//423 1439//423 1441//423
f 1440//423 1441//423 1442//423
f 1442//423 1441//423 1443//423
f 1442//423 1443//423 1444//423
f 1444//423 1443//423 1445//423
f 1444//423 1445//423 1446//423
f 1446//423 1445//423 1447//423
f 1446//423 1447//423 1448//423
f 1448//423 1447//423 1449//423
f 1448//423 1449//423 1450//423
f 1450//423 1449//423 1451//423
f 1450//423 1451//423 1452//423
f 1452//423 1451//423 1453//423
f 1452//423 1453//423 1454//423
f 1454//423 1453//423 1455//423
f 1454//423 1455//423 1456//423
f 1456//423 1455//423 1457//423
f 1456//423 1457//423 1458//423
f 1458//423 1457//423 1459//423
f 1458//423 1459//423 1460//423
f 1460//423 1459//423 1461//423
f 1460//423 1461//423 1462//423
f 1462//423 1461//423 1463//423
f 1462//423 1463//423 1464//423
f 1464//423 1463//423 1465//423
f 1464//423 1465//423 1466//423
f 1466//423 1465//423 1467//423
f 1466//423 1467//423 1468//423
f 1468//423 1467//423 1469//423
f 1468//423 1469//423 1470//423
f 1470//423 1469//423 1471//423
f 1470//423 1471//423 1472//423
f 1472//423 1471//423 1473//423
f 1472//423 1473//423 1474//423
f 1474//423 1473//423 1475//423
f 1474//423 1475//423 1476//423
f 1476//423 1475//423 1477//423
f 1476//423 1477//423 1478//423
f 1478//423 1477//423 1479//423
f 1478//423 1479//423 1480//423
f 1480//423 1479//423 1481//423
f 1480//423 1481//423 1482//423
f 1482//423 1481//423 1483//423
f 1482//423 1483//423 1484//423
f 1484//423 1483//423 1485//423
f 1484//423 1485//423 1486//423
f 1486//423 1485//423 1487//423
f 1486//423 1487//423 1488//423
f 1488//423 1487//423 1489//423
f 1488//423 1489//423 1490//423
f 1490//423 1489//423 1491//423
f 1490//423 1491//423 1492//423
f 1492//423 1491//423 1493//423
f 1492//423 1493//423 1494//423
f 1494//423 1493//423 1495//423
f 1494//423 1495//423 1496//423
f 1496//423 1495//423 1497//423
f 1496//423 1497//423 1498//423
f 1498//423 1497//423 1499//423
f 1498//423 1499//423 1500//423
f 1500//423 1499//423 1501//423
f 1500//423 1501//423 1502//423
f 1502//423 1501//423 1503//423
f 1502//423 1503//423 1504//423
f 1504//423 1503//423 1505//423
f 1504//423 1505//423 1506//423
f 1506//423 1505//423 1507//423
f 1506//423 1507//423 1508//423
f 1508//423 1507//423 1509//423
f 1508//423 1509//423 1510//423
f 1510//423 1509//423 1511//423
f 1510//423 1511//423 1512//423
f 1512//423 1511//423 1513//423
f 1512//423 1513//423 1514//423
f 1514//423 1513//423 1515//423
f 1514//423 1515//423 1516//423
f 1516//423 1515//423 1517//423
f 1516//423 1517//423 1518//423
f 1518//423 1517//423 1519//423
f 1518//423 1519//423 1520//423
f 1520//423 1519//423 1521//423
f 1520//423 1521//423 1522//423
f 1522//423 1521//423 1523//423
f 1522//423 1523//423 1524//423
f 1524//423 1523//423 1525//423
f 1524//423 1525//423 1526//423
f 1526//423 1525//423 1527//423
f 1526//423 1527//423 1528//423
f 1528//423 1527//423 1529//423
f 1528//423 1529//423 1530//423
f 1530//423 1529//423 1531//423
f 1530//423 1531//423 1532//423
f 1532//423 1531//423 1533//423
f 1532//423 1533//423 1534//423
f 1534//423 1533//423 1535//423
f 1534//423 1535//423 1536//423
f 1536//423 1535//423 1537//423
f 1536//423 1537//423 1538//423
f 1538//423 1537//423 1539//423
f 1538//423 1539//423 1540//423
f 1540//423 1539//423 1541//423
f 1540//423 1541//423 1542//423
f 1542//423 1541//423 1543//423
f 1542//423 1543//423 1544//423
f 1544//423 1543//423 1545//423
f 1544//423 1545//423 1546//423
f 1546//423 1545//423 1547//423
f 1546//423 1547//423 1548//423
f 1548//423 1547//423 1549//423
f 1548//423 1549//423 1550//423
f 1550//423 1549//423 1551//423
f 1550//423 1551//423 1552//423
f 1552//423 1551//423 1553//423
f 1552//423 1553//423 1554//423
f 1554//423 1553//423 1555//423
f 1554//423 1555//423 1556//423
f 1556//423 1555//423 1557//423
f 1556//423 1557//423 1558//423
f 1558//423 1557//423 1559//423
f 1558//423 1559//423 1560//423
f 1560//423 1559//423 1561//423
f 1560//423 1561//423 1562//423
f 1562//423 1561//423 1563//423
f 1562//423 1563//423 1564//423
f 1564//423 1563//423 1565//423
f 1564//423 1565//423 1566//423
f 1566//423 1565//423 1567//423
f 1566//423 1567//423 1568//423
f 1568//423 1567//423 1569//423
f 1568//423 1569//423 1570//423
f 1570//423 1569//423 1571//423
f 1570//423 1571//423 1572//423
f 1572//423 1571//423 1573//423
f 1572//423 1573//423 1574//423
f 1574//423 1573//423 1575//423
f 1574//423 1575//423 1576//423
f 1576//423 1575//423 1577//423
f 1576//423 1577//423 1578//423
f 1578//423 1577//423 1579//423
f 1578//423 1579//423 1580//423
f 1580//423 1579//423 1581//423
f 1580//423 1581//423 1582//423
f 1582//423 1581//423 1583//423
f 1582//423 1583//423 1584//423
f 1584//423 1583//423 1585//423
f 1584//423 1585//423 1586//423
f 1586//423 1585//423 1587//423
f 1586//423 1587//423 1588//423
f 1588//423 1587//423 1589//423
f 1588//423 1589//423 1590//423
f 1590//423 1589//423 1591//423
f 1590//423 1591//423 1592//423
f 1592//423 1591//423 1593//423
f 1592//423 1593//423 1594//423
f 1594//423 1593//423 1595//423
f 1594//423 1595//423 1596//423
f 1596//423 1595//423 1597//423
f 1596//423 1597//423 1598//423
f 1598//423 1597//423 1599//423
f 1598//423 1599//423 1600//423
f 1600//423 1599//423 1601//423
f 1600//423 1601//423 1602//423
f 1602//423 1601//423 1603//423
f 1602//423 1603//423 1604//423
f 1604//423 1603//423 1605//423
f 1604//423 1605//423 1606//423
f 1606//423 1605//423 1607//423
f 1606//423 1607//423 1608//423
f 1608//423 1607//423 1609//423
f 1608//423 1609//423 1610//423
f 1610//423 1609//423 1611//423
f 1610//423 1611//423 1612//423
f 1612//423 1611//423 1613//423
f 1612//423 1613//423 1614//423
f 1614//423 1613//423 1615//423
f 1614//423 1615//423 1616//423
f 1616//423 1615//423 1617//423
f 1616//423 1617//423 1618//423
f 1618//423 1617//423 1619//423
f 1618//423 1619//423 1620//423
f 1620//423 1619//423 1621//423
f 1620//423 1621//423 1622//423
f 1622//423 1621//423 1623//423
f 1622//423 1623//423 1624//423
f 1624//423 1623//423 1625//423
f 1624//423 1625//423 1626//423
f 1626//423 1625//423 1627//423
f 1626//423 1627//423 1628//423
f 1628//423 1627//423 1629//423
f 1628//423 1629//423 1630//423
f 1630//423 1629//423 1631//423
f 1630//423 1631//423 1632//423
f 1632//423 1631//423 1633//423
f 1632//423 1633//423 1634//423
f 1634//423 1633//423 1635//423
f 1634//423 1635//423 1636//423
f 1636//423 1635//423 1637//423
f 1636//423 1637//423 1638//423
f 1638//423 1637//423 1639//423
f 1638//423 1639//423 1640//423
f 1640//423 1639//423 1641//423
f 1640//423 1641//423 1642//423
f 1642//423 1641//423 1643//423
f 1642//423 1643//423 1644//423
f 1644//423 1643//423 1645//423
f 1644//423 1645//423 1646//423
f 1646//423 1645//423 1647//423
f 1646//423 1647//423 1648//423
f 1648//423 1647//423 1649//423
f 1648//423 1649//423 1650//423
f 1650//423 1649//423 1651//423
f 1650//423 1651//423 1652//423
f 1652//423 1651//423 1653//423
f 1652//423 1653//423 1654//423
f 1654//423 1653//423 1655//423
f 1654//423 1655//423 1656//423
f 1656//423 1655//423 1657//423
f 1656//423 1657//423 1658//423
f 1658//423 1657//423 1659//423
f 1658//423 1659//423 1660//423
f 1660//423 1659//423 1661//423
f 1660//423 1661//423 1662//423
f 1662//423 1661//423 1663//423
f 1662//423 1663//423 1664//423
f 1664//423 1663//423 1665//423
f 1664//423 1665//423 1666//423
f 1666//423 1665//423 1667//423
f 1666//423 1667//423 1668//423
f 1668//423 1667//423 1669//423
f 1668//423 1669//423 1670//423
f 1670//423 1669//423 1671//423
f 1670//423 1671//423 1672//423
f 1672//423 1671//423 1673//423
f 1672//423 1673//423 1674//423
f 1674//423 1673//423 1675//423
f 1674//423 1675//423 1676//423
f 1676//423 1675//423 1677//423
f 1676//423 1677//423 1678//423
f 1678//423 1677//423 1679//423
f 1678//423 1679//423 1680//423
f 1680//423 1679//423 1681//423
f 1680//423 1681//423 1682//423
f 1682//423 1681//423 1683//423
f 1682//423 1683//423 1684//423
f 1684//423 1683//423 1685//423
f 1684//423 1685//423 1686//423
f 1686//423 1685//423 1687//423
f 1686//423 1687//423 1688//423
f 1688//423 1687//423 1689//423
f 1688//423 1689//423 1690//423
f 1690//423 1689//423 1691//423
f 1690//423 1691//423 1692//423
f 1692//423 1691//423 1693//423
f 1692//423 1693//423 1694//423
f 1694//423 1693//423 1695//423
f 1694//423 1695//423 1696//423
f 1696//423 1695//423 1697//423
f 1696//423 1697//423 1698//423
f 1698//423 1697//423 1699//423
f 1698//423 1699//423 1700//423
f 1700//423 1699//423 1701//423
f 1700//423 1701//423 1702//423
f 1702//423 1701//423 1703//423
f 1702//423 1703//423 1704//423
f 1704//423 1703//423 1705//423
f 1704//423 1705//423 1706//423
f 1706//423 1705//423 1707//423
f 1706//423 1707//423 1708//423
f 1708//423 1707//423 1709//423
f 1708//423 1709//423 1710//423
f 1710//423 1709//423 1711//423
f 1710//423 1711//423 1712//423
f 1712//423 1711//423 1713//423
f 1712//423 1713//423 1714//423
f 1714//423 1713//423 1715//423
f 1714//423 1715//423 1716//423
f 1716//423 1715//423 1717//423
f 1716//423 1717//423 1718//423
f 1718//423 1717//423 1719//423
f 1718//423 1719//423 1720//423
f 1720//423 1719//423 1721//423
f 1720//423 1721//423 1722//423
f 1722//423 1721//423 1723//423
f 1722//423 1723//423 1724//423
f 1724//423 1723//423 1725//423
f 1724//423 1725//423 1726//423
f 1726//423 1725//423 1727//423
f 1726//423 1727//423 1728//423
f 1728//423 1727//423 1729//423
f 1728//423 1729//423 1730//423
f 1730//423 1729//423 1731//423
f 1730//423 1731//423 1732//423
f 1732//423 1731//423 1733//423
f 1732//423 1733//423 1734//423
f 1734//423 1733//423 1735//423
f 1734//423 1735//423 1736//423
f 1736//423 1735//423 1737//423
f 1736//423 1737//423 1738//423
f 1738//423 1737//423 1739//423
f 1738//423 1739//423 1740//423
f 1740//423 1739//423 1741//423
f 1740//423 1741//423 1742//423
f 1742//423 1741//423 1743//423
f 1742//423 1743//423 1744//423
f 1744//423 1743//423 1745//423
f 1744//423 1745//423 1746//423
f 1746//423 1745//423 1747//423
f 1746//423 1747//423 1748//423
f 1748//423 1747//423 1749//423
f 1748//423 1749//423 1750//423
f 1750//423 1749//423 1751//423
f 1750//423 1751//423 1752//423
f 1752//423 1751//423 1753//423
f 1752//423 1753//423 1754//423
f 1754//423 1753//423 1755//423
f 1754//423 1755//423 1756//423
f 1756//423 1755//423 1757//423
f 1756//423 1757//423 1758//423
f 1758//423 1757//423 1759//423
f 1758//423 1759//423 1760//423
f 1760//423 1759//423 1761//423
f 1760//423 1761//423 1762//423
f 1762//423 1761//423 1763//423
f 1762//423 1763//423 1764//423
f 1764//423 1763//423 1765//423
f 1764//423 1765//423 1766//423
f 1766//423 1765//423 1767//423
f 1766//423 1767//423 1768//423
f 1768//423 1767//423 1769//423
f 1768//423 1769//423 1770//423
f 1770//423 1769//423 1771//423
f 1770//423 1771//423 1772//423
f 1772//423 1771//423 1773//423
f 1772//423 1773//423 1774//423
f 1774//423 1773//423 1775//423
f 1774//423 1775//423 1776//423
f 1776//423 1775//423 1777//423
f 1776//423 1777//423 1778//423
f 1778//423 1777//423 1779//423
f 1778//423 1779//423 1780//423
f 1780//423 1779//423 1781//423
f 1780//423 1781//423 1782//423
f 1782//423 1781//423 1783//423
f 1782//423 1783//423 1784//423
f 1784//423 1783//423 1785//423
f 1784//423 1785//423 1786//423
f 1786//423 1785//423 1787//423
f 1786//423 1787//423 1788//423
f 1788//423 1787//423 1789//423
f 1788//423 1789//423 1790//423
f 1790//423 1789//423 1791//423
f 1790//423 1791//423 1792//423
f 1792//423 1791//423 1793//423
f 1792//423 1793//423 1794//423
f 1794//423 1793//423 1795//423
f 1794//423 1795//423 1796//423
f 1796//423 1795//423 1797//423
f 1796//423 1797//423 1798//423
f 1798//423 1797//423 1799//423
f 1798//423 1799//423 1800//423
f 1800//423 1799//423 1801//423
f 1800//423 1801//423 1802//423
f 1802//423 1801//423 1803//423
f 1802//423 1803//423 1804//423
f 1804//423 1803//423 1805//423
f 1804//423 1805//423 1806//423
f 1806//423 1805//423 1807//423
f 1806//423 1807//423 1808//423
f 1808//423 1807//423 1809//423
f 1808//423 1809//423 1810//423
f 1810//423 1809//423 1811//423
f 1810//423 1811//423 1812//423
f 1812//423 1811//423 1813//423
f 1812//423 1813//423 1814//423
f 1814//423 1813//423 1815//423
f 1814//423 1815//423 1816//423
f 1816//423 1815//423 1817//423
f 1816//423 1817//423 1818//423
f 1818//423 1817//423 1819//423
f 1818//423 1819//423 1820//423
f 1820//423 1819//423 1821//423
f 1820//423 1821//423 1822//423
f 1822//423 1821//423 1823//423
f 1822//423 1823//423 1824//423
f 1824//423 1823//423 1825//423
f 1824//423 1825//423 1826//423
f 1826//423 1825//423 1827//423
f 1826//423 1827//423 1828//423
f 1828//423 1827//423 1829//423
f 1828//423 1829//423 1830//423
f 1830//423 1829//423 1831//423
f 1830//423 1831//423 1832//423
f 1832//423 1831//423 1833//423
f 1832//423 1833//423 1834//423
f 1834//423 1833//423 1835//423
f 1834//423 1835//423 1836//423
f 1836//423 1835//423 1837//423
f 1836//423 1837//423 1838//423
f 1838//423 1837//423 1839//423
f 1838//423 1839//423 1840//423
f 1840//423 1839//423 1841//423
f 1840//423 1841//423 1842//423
f 1842//423 1841//423 1843//423
f 1842//423 1843//423 1844//423
f 1844//423 1843//423 1845//423
f 1844//423 1845//423 1846//423
f 1846//423 1845//423 1847//423
f 1846//423 1847//423 1848//423
f 1848//423 1847//423 1849//423
f 1848//423 1849//423 1850//423
f 1850//423 1849//423 1851//423
f 1850//423 1851//423 1852//423
f 1852//423 1851//423 1853//423
f 1852//423 1853//423 1854//423
f 1854//423 1853//423 1855//423
f 1854//423 1855//423 1856//423
f 1856//423 1855//423 1857//423
f 1856//423 1857//423 1858//423
f 1858//423 1857//423 1859//423
f 1858//423 1859//423 1860//423
f 1860//423 1859//423 1861//423
f 1860//423 1861//423 1862//423
f 1862//423 1861//423 1863//423
f 1862//423 1863//423 1864//423
f 1864//423 1863//423 1865//423
f 1864//423 1865//423 1866//423
f 1866//423 1865//423 1867//423
f 1866//423 1867//423 1868//423
f 1868//423 1867//423 1869//423
f 1868//423 1869//423 1870//423
f 1870//423 1869//423 1871//423
f 1871//423 1869//423 1872//423
f 1872//423 1869//423 1873//423
f 1872//423 1873//423 1874//423
f 1874//423 1873//423 1875//423
f 1875//423 1876//423 1874//423
f 1874//423 1876//423 1877//423
f 1874//423 1877//423 1878//423
f 1878//423 1879//423 1874//423
f 1874//423 1879//423 1880//423
f 1874//423 1880//423 1881//423
f 1881//423 1882//423 1874//423
f 1874//423 1882//423 1883//423
f 1874//423 1883//423 1884//423
f 1884//423 1885//423 1886//423
f 1884//423 1886//423 1874//423
f 1885//423 1887//423 1888//423
f 1885//423 1888//423 1886//423
f 1887//423 1889//423 1890//423
f 1887//423 1890//423 1888//423
f 1889//423 1891//423 1892//423
f 1889//423 1892//423 1890//423
f 1891//423 1893//423 1894//423
f 1891//423 1894//423 1892//423
f 1893//423 1895//423 1896//423
f 1893//423 1896//423 1894//423
f 1895//423 1897//423 1898//423
f 1895//423 1898//423 1896//423
f 1897//423 1899//423 1900//423
f 1897//423 1900//423 1898//423
f 1900//423 1899//423 1901//423
f 1901//423 1899//423 1902//423
f 1901//423 1902//423 1903//423
f 1903//423 1902//423 1904//423
f 1903//423 1904//423 1905//423
f 1905//423 1904//423 1906//423
f 1905//423 1906//423 1907//423
f 598//423 596//423 540//423
f 594//423 592//423 534//423
f 591//423 589//423 530//423
f 586//423 583//423 522//423
f 584//423 580//423 520//423
f 582//423 1908//423 1909//423
f 582//423 1909//423 579//423
f 1908//423 1910//423 1909//423
f 1909//423 1910//423 1911//423
f 1909//423 1911//423 1912//423
f 1912//423 1913//423 1909//423
f 1909//423 1913//423 1914//423
f 1909//423 1914//423 1915//423
f 1915//423 1916//423 1909//423
f 1909//423 1916//423 1917//423
f 1909//423 1917//423 1918//423
f 1919//542 563//542 1920//542
f 1919//542 1920//542 1921//542
f 561//542 559//542 1922//542
f 561//542 1922//542 1920//542
f 559//542 557//542 1922//542
f 1922//542 557//542 555//542
f 1922//542 555//542 1923//542
f 1923//542 555//542 553//542
f 553//542 551//542 1924//542
f 553//542 1924//542 1923//542
f 551//542 549//542 1925//542
f 551//542 1925//542 1924//542
f 549//542 547//542 1925//542
f 1925//542 547//542 545//542
f 1925//542 545//542 1926//542
f 1926//542 545//542 543//542
f 1926//542 543//542 1927//542
f 1927//542 543//542 541//542
f 1927//542 541//542 1928//542
f 1928//542 541//542 539//542
f 1928//542 539//542 1929//542
f 1929//542 539//542 1930//542
f 1930//542 539//542 537//542
f 1930//542 537//542 1931//542
f 1931//542 537//542 535//542
f 1931//542 535//542 1932//542
f 1932//542 535//542 533//542
f 1932//542 533//542 1933//542
f 1933//542 533//542 1934//542
f 1934//542 533//542 531//542
f 1934//542 531//542 1935//542
f 1935//542 531//542 529//542
f 1935//542 529//542 1936//542
f 1936//542 529//542 1937//542
f 1937//542 529//542 527//542
f 1937//542 527//542 1938//542
f 1938//542 527//542 525//542
f 1938//542 525//542 1939//542
f 1939//542 525//542 523//542
f 1939//542 523//542 1940//542
f 1940//542 523//542 521//542
f 1940//542 521//542 1941//542
f 1941//542 521//542 1942//542
f 1942//542 521//542 519//542
f 1942//542 519//542 1943//542
f 1943//542 519//542 1944//542
f 1944//542 519//542 1945//542
f 1945//542 519//542 517//542
f 1945//542 517//542 1946//542
f 1945//542 1946//542 1947//542
f 1947//542 1946//542 1948//542
f 1947//542 1948//542 1949//542
f 1949//542 1948//542 1950//542
f 1950//542 1948//542 1951//542
f 1951//542 1948//542 1952//542
f 1952//542 1948//542 1953//542
f 1953//542 1948//542 1954//542
f 1954//542 1948//542 1955//542
f 1955//542 1948//542 1956//542
f 1956//542 1948//542 1957//542
f 1957//542 1948//542 1958//542
f 517//542 515//542 1946//542
f 1946//542 515//542 513//542
f 1946//542 513//542 1959//542
f 1959//542 513//542 511//542
f 511//542 509//542 1960//542
f 511//542 1960//542 1959//542
f 509//542 507//542 1960//542
f 1960//542 507//542 505//542
f 1960//542 505//542 1961//542
f 1961//542 505//542 503//542
f 1961//542 503//542 1962//542
f 1962//542 503//542 501//542
f 501//542 499//542 1962//542
f 1962//542 499//542 497//542
f 1962//542 497//542 1963//542
f 1963//542 497//542 495//542
f 1963//542 495//542 1964//542
f 1964//542 495//542 493//542
f 1964//542 493//542 1965//542
f 1965//542 493//542 491//542
f 1965//542 491//542 1966//542
f 1966//542 491//542 489//542
f 489//542 487//542 1967//542
f 489//542 1967//542 1966//542
f 487//542 485//542 1968//542
f 487//542 1968//542 1967//542
f 485//542 483//542 1968//542
f 1968//542 483//542 1969//542
f 1969//542 483//542 481//542
f 1969//542 481//542 1970//542
f 1970//542 481//542 478//542
f 1970//542 478//542 477//542
f 1921//542 1971//542 1972//542
f 1921//542 1972//542 1919//542
f 1971//542 1973//542 1974//542
f 1971//542 1974//542 1975//542
f 1973//542 1976//542 1977//542
f 1973//542 1977//542 1974//542
f 1976//542 1978//542 1979//542
f 1976//542 1979//542 1977//542
f 1978//542 1980//542 1981//542
f 1978//542 1981//542 1979//542
f 1980//542 1982//542 1983//542
f 1980//542 1983//542 1981//542
f 1982//542 1984//542 1985//542
f 1982//542 1985//542 1986//542
f 1984//542 1987//542 1988//542
f 1984//542 1988//542 1985//542
f 1987//542 1989//542 1990//542
f 1987//542 1990//542 1988//542
f 1989//542 1991//542 1992//542
f 1989//542 1992//542 1990//542
f 1991//542 1993//542 1994//542
f 1991//542 1994//542 1992//542
f 1993//542 1995//542 1996//542
f 1993//542 1996//542 1994//542
f 1995//542 1997//542 1998//542
f 1995//542 1998//542 1999//542
f 1997//542 2000//542 2001//542
f 1997//542 2001//542 1998//542
f 2000//542 2002//542 2003//542
f 2000//542 2003//542 2001//542
f 2002//542 2004//542 2005//542
f 2002//542 2005//542 2003//542
f 2004//542 2006//542 2007//542
f 2004//542 2007//542 2005//542
f 2006//542 2008//542 2009//542
f 2006//542 2009//542 2007//542
f 2008//542 2010//542 2011//542
f 2008//542 2011//542 2009//542
f 2010//542 2012//542 2013//542
f 2010//542 2013//542 2014//542
f 2012//542 2015//542 2016//542
f 2012//542 2016//542 2013//542
f 2015//542 2017//542 2018//542
f 2015//542 2018//542 2016//542
f 2017//542 2019//542 2020//542
f 2017//542 2020//542 2018//542
f 2019//542 2021//542 2022//542
f 2019//542 2022//542 2020//542
f 2021//542 2023//542 2024//542
f 2021//542 2024//542 2022//542
f 2023//542 2025//542 2026//542
f 2023//542 2026//542 2024//542
f 2025//542 2027//542 2028//542
f 2025//542 2028//542 2026//542
f 2027//542 2029//542 2030//542
f 2027//542 2030//542 2031//542
f 2029//542 2032//542 2033//542
f 2029//542 2033//542 2030//542
f 2032//542 2034//542 2035//542
f 2032//542 2035//542 2033//542
f 2034//542 2036//542 2037//542
f 2034//542 2037//542 2035//542
f 2036//542 2038//542 2039//542
f 2036//542 2039//542 2037//542
f 2038//542 2040//542 2041//542
f 2038//542 2041//542 2039//542
f 2040//542 2042//542 2043//542
f 2040//542 2043//542 2041//542
f 2042//542 2044//542 2045//542
f 2042//542 2045//542 2043//542
f 2044//542 2046//542 2047//542
f 2044//542 2047//542 2048//542
f 2046//542 2049//542 2050//542
f 2046//542 2050//542 2047//542
f 2049//542 2051//542 2052//542
f 2049//542 2052//542 2050//542
f 2051//542 2053//542 2054//542
f 2051//542 2054//542 2052//542
f 2053//542 2055//542 2056//542
f 2053//542 2056//542 2054//542
f 2055//542 2057//542 2058//542
f 2055//542 2058//542 2056//542
f 2057//542 2059//542 2060//542
f 2057//542 2060//542 2058//542
f 2059//542 2061//542 2062//542
f 2059//542 2062//542 2060//542
f 2061//542 2063//542 2064//542
f 2061//542 2064//542 2062//542
f 2063//542 2065//542 2066//542
f 2063//542 2066//542 2064//542
f 2065//542 2067//542 2068//542
f 2065//542 2068//542 2069//542
f 2067//542 2070//542 2071//542
f 2067//542 2071//542 2068//542
f 2070//542 2072//542 2073//542
f 2070//542 2073//542 2071//542
f 2072//542 2074//542 2075//542
f 2072//542 2075//542 2073//542
f 2074//542 2076//542 2077//542
f 2074//542 2077//542 2075//542
f 2076//542 2078//542 2079//542
f 2076//542 2079//542 2077//542
f 2078//542 2080//542 2081//542
f 2078//542 2081//542 2079//542
f 2080//542 2082//542 2083//542
f 2080//542 2083//542 2081//542
f 2082//542 2084//542 2085//542
f 2082//542 2085//542 2083//542
f 2084//542 2086//542 2087//542
f 2084//542 2087//542 2085//542
f 2086//542 2088//542 2089//542
f 2086//542 2089//542 2087//542
f 2088//542 2090//542 2091//542
f 2088//542 2091//542 2092//542
f 2090//542 2093//542 2094//542
f 2090//542 2094//542 2091//542
f 2093//542 2095//542 2096//542
f 2093//542 2096//542 2094//542
f 2095//542 2097//542 2098//542
f 2095//542 2098//542 2096//542
f 2097//542 2099//542 2100//542
f 2097//542 2100//542 2098//542
f 2099//542 2101//542 2102//542
f 2099//542 2102//542 2100//542
f 2101//542 2103//542 2104//542
f 2101//542 2104//542 2102//542
f 2103//542 2105//542 2106//542
f 2103//542 2106//542 2104//542
f 2105//542 2107//542 2108//542
f 2105//542 2108//542 2106//542
f 2107//542 2109//542 2110//542
f 2107//542 2110//542 2108//542
f 2109//542 2111//542 2112//542
f 2109//542 2112//542 2110//542
f 2111//542 2113//542 2114//542
f 2111//542 2114//542 2112//542
f 2113//542 2115//542 2116//542
f 2113//542 2116//542 2117//542
f 2115//542 2118//542 2119//542
f 2115//542 2119//542 2116//542
f 2118//542 2120//542 2121//542
f 2118//542 2121//542 2119//542
f 2120//542 2122//542 2123//542
f 2120//542 2123//542 2121//542
f 2122//542 2124//542 2125//542
f 2122//542 2125//542 2123//542
f 2124//542 2126//542 2127//542
f 2124//542 2127//542 2125//542
f 2126//542 2128//542 2129//542
f 2126//542 2129//542 2127//542
f 2128//542 2130//542 2131//542
f 2128//542 2131//542 2129//542
f 2130//542 2132//542 2133//542
f 2130//542 2133//542 2131//542
f 2132//542 2134//542 2135//542
f 2132//542 2135//542 2133//542
f 2134//542 2136//542 2137//542
f 2134//542 2137//542 2135//542
f 2136//542 2138//542 2139//542
f 2136//542 2139//542 2137//542
f 2138//542 2140//542 2141//542
f 2138//542 2141//542 2139//542
f 2140//542 2142//542 2143//542
f 2140//542 2143//542 2141//542
f 2142//542 2144//542 2145//542
f 2142//542 2145//542 2146//542
f 2144//542 2147//542 2148//542
f 2144//542 2148//542 2145//542
f 2147//542 2149//542 2150//542
f 2147//542 2150//542 2148//542
f 2149//542 2151//542 2152//542
f 2149//542 2152//542 2150//542
f 2151//542 2153//542 2154//542
f 2151//542 2154//542 2152//542
f 2153//542 2155//542 2156//542
f 2153//542 2156//542 2154//542
f 2155//542 2157//542 2158//542
f 2155//542 2158//542 2156//542
f 2157//542 2159//542 2160//542
f 2157//542 2160//542 2158//542
f 2159//542 2161//542 2162//542
f 2159//542 2162//542 2160//542
f 2161//542 2163//542 2164//542
f 2161//542 2164//542 2162//542
f 2163//542 2165//542 2166//542
f 2163//542 2166//542 2164//542
f 2165//542 2167//542 2168//542
f 2165//542 2168//542 2166//542
f 2167//542 2169//542 2170//542
f 2167//542 2170//542 2168//542
f 2169//542 2171//542 2172//542
f 2169//542 2172//542 2170//542
f 2171//542 2173//542 2174//542
f 2171//542 2174//542 2172//542
f 2173//542 2175//542 2176//542
f 2173//542 2176//542 2177//542
f 2175//542 2178//542 2179//542
f 2175//542 2179//542 2176//542
f 2178//542 2180//542 2181//542
f 2178//542 2181//542 2179//542
f 2180//542 2182//542 2183//542
f 2180//542 2183//542 2181//542
f 2182//542 2184//542 2185//542
f 2182//542 2185//542 2183//542
f 2184//542 2186//542 2187//542
f 2184//542 2187//542 2185//542
f 2186//542 2188//542 2189//542
f 2186//542 2189//542 2187//542
f 2188//542 2190//542 2191//542
f 2188//542 2191//542 2189//542
f 2190//542 2192//542 2193//542
f 2190//542 2193//542 2191//542
f 2192//542 2194//542 2195//542
f 2192//542 2195//542 2193//542
f 2194//542 2196//542 2197//542
f 2194//542 2197//542 2195//542
f 2196//542 2198//542 2199//542
f 2196//542 2199//542 2197//542
f 2198//542 2200//542 2201//542
f 2198//542 2201//542 2199//542
f 2200//542 2202//542 2203//542
f 2200//542 2203//542 2201//542
f 2202//542 2204//542 2205//542
f 2202//542 2205//542 2203//542
f 2204//542 2206//542 2207//542
f 2204//542 2207//542 2205//542
f 2206//542 2208//542 2209//542
f 2206//542 2209//542 2207//542
f 2208//542 2210//542 2211//542
f 2208//542 2211//542 2209//542
f 2210//542 2212//542 2213//542
f 2210//542 2213//542 2214//542
f 2212//542 2215//542 2216//542
f 2212//542 2216//542 2213//542
f 2215//542 2217//542 2218//542
f 2215//542 2218//542 2216//542
f 2217//542 2219//542 2220//542
f 2217//542 2220//542 2218//542
f 2219//542 2221//542 2222//542
f 2219//542 2222//542 2220//542
f 2221//542 2223//542 2224//542
f 2221//542 2224//542 2222//542
f 2223//542 2225//542 2226//542
f 2223//542 2226//542 2224//542
f 2225//542 2227//542 2228//542
f 2225//542 2228//542 2226//542
f 2227//542 2229//542 2230//542
f 2227//542 2230//542 2228//542
f 2229//542 2231//542 2232//542
f 2229//542 2232//542 2230//542
f 2231//542 2233//542 2234//542
f 2231//542 2234//542 2232//542
f 2233//542 2235//542 2236//542
f 2233//542 2236//542 2234//542
f 2235//542 2237//542 2238//542
f 2235//542 2238//542 2236//542
f 2237//542 2239//542 2240//542
f 2237//542 2240//542 2238//542
f 2239//542 2241//542 2242//542
f 2239//542 2242//542 2240//542
f 2241//542 2243//542 2244//542
f 2241//542 2244//542 2242//542
f 2243//542 2245//542 2246//542
f 2243//542 2246//542 2244//542
f 2245//542 2247//542 2248//542
f 2245//542 2248//542 2246//542
f 2247//542 2249//542 2250//542
f 2247//542 2250//542 2248//542
f 2249//542 2251//542 2252//542
f 2249//542 2252//542 2250//542
f 2251//542 2253//542 2254//542
f 2251//542 2254//542 2252//542
f 2253//542 2255//542 2256//542
f 2253//542 2256//542 2254//542
f 2255//542 2257//542 2258//542
f 2255//542 2258//542 2256//542
f 2257//542 2259//542 2260//542
f 2257//542 2260//542 2258//542
f 2259//542 2261//542 2262//542
f 2259//542 2262//542 2260//542
f 2261//542 2263//542 2264//542
f 2261//542 2264//542 2262//542
f 2263//542 2265//542 2266//542
f 2263//542 2266//542 2264//542
f 2265//542 2267//542 2268//542
f 2265//542 2268//542 2266//542
f 2267//542 2269//542 2270//542
f 2267//542 2270//542 2268//542
f 2269//542 2271//542 2272//542
f 2269//542 2272//542 2273//542
f 2271//542 2274//542 2275//542
f 2271//542 2275//542 2272//542
f 2274//542 2276//542 2277//542
f 2274//542 2277//542 2275//542
f 2276//542 2278//542 2279//542
f 2276//542 2279//542 2277//542
f 2278//542 2280//542 2281//542
f 2278//542 2281//542 2279//542
f 2280//542 2282//542 2283//542
f 2280//542 2283//542 2281//542
f 2282//542 2284//542 2285//542
f 2282//542 2285//542 2283//542
f 2284//542 2286//542 2287//542
f 2284//542 2287//542 2285//542
f 2286//542 2288//542 2289//542
f 2286//542 2289//542 2287//542
f 2288//542 2290//542 2291//542
f 2288//542 2291//542 2289//542
f 2290//542 2292//542 2293//542
f 2290//542 2293//542 2291//542
f 2292//542 2294//542 2295//542
f 2292//542 2295//542 2293//542
f 2294//542 2296//542 2297//542
f 2294//542 2297//542 2295//542
f 2296//542 2298//542 2299//542
f 2296//542 2299//542 2297//542
f 2298//542 2300//542 2301//542
f 2298//542 2301//542 2299//542
f 2300//542 2302//542 2303//542
f 2300//542 2303//542 2301//542
f 2302//542 2304//542 2305//542
f 2302//542 2305//542 2303//542
f 2304//542 2306//542 2307//542
f 2304//542 2307//542 2305//542
f 2306//542 2308//542 2309//542
f 2306//542 2309//542 2307//542
f 2308//542 2310//542 2311//542
f 2308//542 2311//542 2309//542
f 2310//542 2312//542 2313//542
f 2310//542 2313//542 2311//542
f 2312//542 2314//542 2315//542
f 2312//542 2315//542 2313//542
f 2314//542 2316//542 2317//542
f 2314//542 2317//542 2315//542
f 2316//542 2318//542 2319//542
f 2316//542 2319//542 2317//542
f 2318//542 2320//542 2321//542
f 2318//542 2321//542 2319//542
f 2320//542 2322//542 2323//542
f 2320//542 2323//542 2321//542
f 2322//542 2324//542 2325//542
f 2322//542 2325//542 2323//542
f 2324//542 2326//542 2327//542
f 2324//542 2327//542 2325//542
f 2326//542 2328//542 2329//542
f 2326//542 2329//542 2327//542
f 2328//542 2330//542 2331//542
f 2328//542 2331//542 2329//542
f 2330//542 2332//542 2333//542
f 2330//542 2333//542 2331//542
f 2332//542 2334//542 2335//542
f 2332//542 2335//542 2333//542
f 2334//542 2336//542 2337//542
f 2334//542 2337//542 2335//542
f 2336//542 2338//542 2339//542
f 2336//542 2339//542 2337//542
f 2338//542 2340//542 2341//542
f 2338//542 2341//542 2339//542
f 2340//542 2342//542 2343//542
f 2340//542 2343//542 2341//542
f 2342//542 2344//542 2345//542
f 2342//542 2345//542 2343//542
f 2344//542 2346//542 2347//542
f 2344//542 2347//542 2345//542
f 2346//542 2348//542 2349//542
f 2346//542 2349//542 2347//542
f 2348//542 2350//542 2351//542
f 2348//542 2351//542 2349//542
f 2350//542 2352//542 2353//542
f 2350//542 2353//542 2351//542
f 2352//542 2354//542 2355//542
f 2352//542 2355//542 2353//542
f 2354//542 2356//542 2357//542
f 2354//542 2357//542 2355//542
f 2356//542 2358//542 2359//542
f 2356//542 2359//542 2357//542
f 2358//542 2360//542 2361//542
f 2358//542 2361//542 2359//542
f 2360//542 2362//542 2363//542
f 2360//542 2363//542 2361//542
f 2362//542 2364//542 2365//542
f 2362//542 2365//542 2363//542
f 2364//542 2366//542 2367//542
f 2364//542 2367//542 2365//542
f 2366//542 2368//542 2369//542
f 2366//542 2369//542 2367//542
f 2368//542 2370//542 2371//542
f 2368//542 2371//542 2369//542
f 2370//542 2372//542 2373//542
f 2370//542 2373//542 2371//542
f 2372//542 2374//542 2375//542
f 2372//542 2375//542 2373//542
f 2374//542 2376//542 2377//542
f 2374//542 2377//542 2375//542
f 2376//542 2378//542 2379//542
f 2376//542 2379//542 2377//542
f 2378//542 2380//542 2381//542
f 2378//542 2381//542 2379//542
f 2380//542 2382//542 2383//542
f 2380//542 2383//542 2381//542
f 2382//542 2384//542 2385//542
f 2382//542 2385//542 2383//542
f 2384//542 2386//542 2387//542
f 2384//542 2387//542 2385//542
f 2386//542 2388//542 2389//542
f 2386//542 2389//542 2387//542
f 2388//542 2390//542 2391//542
f 2388//542 2391//542 2389//542
f 2390//542 2392//542 2393//542
f 2390//542 2393//542 2394//542
f 2392//542 2395//542 2396//542
f 2392//542 2396//542 2393//542
f 2395//542 2397//542 2398//542
f 2395//542 2398//542 2396//542
f 2397//542 2399//542 2400//542
f 2397//542 2400//542 2398//542
f 2399//542 2401//542 2402//542
f 2399//542 2402//542 2400//542
f 2401//542 2403//542 2404//542
f 2401//542 2404//542 2402//542
f 2403//542 2405//542 2406//542
f 2403//542 2406//542 2404//542
f 2405//542 2407//542 2408//542
f 2405//542 2408//542 2406//542
f 2407//542 2409//542 2410//542
f 2407//542 2410//542 2408//542
f 2409//542 2411//542 2412//542
f 2409//542 2412//542 2410//542
f 2411//542 2413//542 2414//542
f 2411//542 2414//542 2412//542
f 2413//542 2415//542 2416//542
f 2413//542 2416//542 2414//542
f 2415//542 2417//542 2418//542
f 2415//542 2418//542 2416//542
f 2417//542 2419//542 2420//542
f 2417//542 2420//542 2418//542
f 2419//542 2421//542 2422//542
f 2419//542 2422//542 2420//542
f 2421//542 2423//542 2424//542
f 2421//542 2424//542 2422//542
f 2423//542 2425//542 2426//542
f 2423//542 2426//542 2424//542
f 2425//542 2427//542 2428//542
f 2425//542 2428//542 2426//542
f 2427//542 2429//542 2430//542
f 2427//542 2430//542 2428//542
f 2429//542 2431//542 2432//542
f 2429//542 2432//542 2430//542
f 2431//542 2433//542 2434//542
f 2431//542 2434//542 2432//542
f 2433//542 2435//542 2436//542
f 2433//542 2436//542 2434//542
f 2435//542 2437//542 2438//542
f 2435//542 2438//542 2436//542
f 2437//542 2439//542 2440//542
f 2437//542 2440//542 2438//542
f 2439//542 2441//542 2442//542
f 2439//542 2442//542 2440//542
f 2441//542 2443//542 2444//542
f 2441//542 2444//542 2442//542
f 2443//542 2445//542 2446//542
f 2443//542 2446//542 2444//542
f 2445//542 2447//542 2448//542
f 2445//542 2448//542 2446//542
f 2447//542 2449//542 2450//542
f 2447//542 2450//542 2448//542
f 2449//542 2451//542 2452//542
f 2449//542 2452//542 2450//542
f 2451//542 2453//542 2454//542
f 2451//542 2454//542 2452//542
f 2453//542 2455//542 2456//542
f 2453//542 2456//542 2454//542
f 2455//542 2457//542 2458//542
f 2455//542 2458//542 2456//542
f 2457//542 2459//542 2460//542
f 2457//542 2460//542 2458//542
f 2459//542 2461//542 2462//542
f 2459//542 2462//542 2460//542
f 2461//542 2463//542 2464//542
f 2461//542 2464//542 2462//542
f 2463//542 2465//542 2466//542
f 2463//542 2466//542 2464//542
f 2465//542 2467//542 2468//542
f 2465//542 2468//542 2466//542
f 2467//542 2469//542 2470//542
f 2467//542 2470//542 2468//542
f 2469//542 2471//542 2472//542
f 2469//542 2472//542 2470//542
f 2471//542 2473//542 2474//542
f 2471//542 2474//542 2472//542
f 2473//542 2475//542 2476//542
f 2473//542 2476//542 2474//542
f 2475//542 2477//542 2478//542
f 2475//542 2478//542 2476//542
f 2477//542 2479//542 2480//542
f 2477//542 2480//542 2478//542
f 2479//542 2481//542 2482//542
f 2479//542 2482//542 2480//542
f 2481//542 2483//542 2484//542
f 2481//542 2484//542 2482//542
f 2483//542 2485//542 2486//542
f 2483//542 2486//542 2484//542
f 2485//542 2487//542 2488//542
f 2485//542 2488//542 2486//542
f 2487//542 2489//542 2490//542
f 2487//542 2490//542 2488//542
f 2489//542 2491//542 2492//542
f 2489//542 2492//542 2490//542
f 2491//542 2493//542 2494//542
f 2491//542 2494//542 2492//542
f 2493//542 2495//542 2496//542
f 2493//542 2496//542 2494//542
f 2495//542 2497//542 2498//542
f 2495//542 2498//542 2496//542
f 2497//542 2499//542 2500//542
f 2497//542 2500//542 2498//542
f 2499//542 2501//542 2502//542
f 2499//542 2502//542 2500//542
f 2501//542 2503//542 2504//542
f 2501//542 2504//542 2502//542
f 2503//542 2505//542 2506//542
f 2503//542 2506//542 2504//542
f 2505//542 2507//542 2508//542
f 2505//542 2508//542 2506//542
f 2507//542 2509//542 2510//542
f 2507//542 2510//542 2508//542
f 2509//542 2511//542 2512//542
f 2509//542 2512//542 2510//542
f 2511//542 2513//542 2514//542
f 2511//542 2514//542 2512//542
f 2513//542 2515//542 2516//542
f 2513//542 2516//542 2514//542
f 2515//542 2517//542 2518//542
f 2515//542 2518//542 2516//542
f 2517//542 2519//542 2520//542
f 2517//542 2520//542 2518//542
f 2519//542 2521//542 2522//542
f 2519//542 2522//542 2520//542
f 2521//542 2523//542 2524//542
f 2521//542 2524//542 2522//542
f 2523//542 2525//542 2526//542
f 2523//542 2526//542 2524//542
f 2525//542 2527//542 2528//542
f 2525//542 2528//542 2526//542
f 2527//542 2529//542 2530//542
f 2527//542 2530//542 2528//542
f 2529//542 2531//542 2532//542
f 2529//542 2532//542 2530//542
f 2531//542 2533//542 2534//542
f 2531//542 2534//542 2532//542
f 2533//542 2535//542 2536//542
f 2533//542 2536//542 2534//542
f 2535//542 2537//542 2538//542
f 2535//542 2538//542 2536//542
f 2537//542 2539//542 2540//542
f 2537//542 2540//542 2538//542
f 2539//542 2541//542 2542//542
f 2539//542 2542//542 2540//542
f 2541//542 2543//542 2544//542
f 2541//542 2544//542 2542//542
f 2543//542 2545//542 2546//542
f 2543//542 2546//542 2544//542
f 2545//542 2547//542 2548//542
f 2545//542 2548//542 2546//542
f 2547//542 2549//542 2550//542
f 2547//542 2550//542 2548//542
f 2549//542 2551//542 2552//542
f 2549//542 2552//542 2550//542
f 2551//542 2553//542 2554//542
f 2551//542 2554//542 2552//542
f 2553//542 2555//542 2556//542
f 2553//542 2556//542 2554//542
f 2555//542 2557//542 2558//542
f 2555//542 2558//542 2556//542
f 2557//542 2559//542 2560//542
f 2557//542 2560//542 2561//542
f 2559//542 2562//542 2563//542
f 2559//542 2563//542 2560//542
f 2562//542 2564//542 2565//542
f 2562//542 2565//542 2563//542
f 2564//542 2566//542 2567//542
f 2564//542 2567//542 2565//542
f 2566//542 2568//542 2569//542
f 2566//542 2569//542 2567//542
f 2568//542 2570//542 2571//542
f 2568//542 2571//542 2569//542
f 2570//542 2572//542 2573//542
f 2570//542 2573//542 2571//542
f 2572//542 2574//542 2575//542
f 2572//542 2575//542 2573//542
f 2574//542 2576//542 2577//542
f 2574//542 2577//542 2575//542
f 2576//542 2578//542 2579//542
f 2576//542 2579//542 2577//542
f 2578//542 2580//542 2581//542
f 2578//542 2581//542 2579//542
f 2580//542 2582//542 2583//542
f 2580//542 2583//542 2581//542
f 2582//542 2584//542 2585//542
f 2582//542 2585//542 2583//542
f 2584//542 2586//542 2587//542
f 2584//542 2587//542 2585//542
f 2586//542 2588//542 2589//542
f 2586//542 2589//542 2587//542
f 2588//542 2590//542 2591//542
f 2588//542 2591//542 2589//542
f 2590//542 2592//542 2593//542
f 2590//542 2593//542 2591//542
f 2592//542 2594//542 2595//542
f 2592//542 2595//542 2593//542
f 2594//542 2596//542 2597//542
f 2594//542 2597//542 2595//542
f 2596//542 2598//542 2599//542
f 2596//542 2599//542 2597//542
f 2598//542 2600//542 2601//542
f 2598//542 2601//542 2599//542
f 2600//542 2602//542 2603//542
f 2600//542 2603//542 2601//542
f 2602//542 2604//542 2605//542
f 2602//542 2605//542 2603//542
f 2604//542 2606//542 2607//542
f 2604//542 2607//542 2605//542
f 2606//542 2608//542 2609//542
f 2606//542 2609//542 2607//542
f 2608//542 2610//542 2611//542
f 2608//542 2611//542 2609//542
f 2610//542 2612//542 2613//542
f 2610//542 2613//542 2611//542
f 2612//542 2614//542 2615//542
f 2612//542 2615//542 2613//542
f 2614//542 2616//542 2617//542
f 2614//542 2617//542 2615//542
f 2616//542 2618//542 2619//542
f 2616//542 2619//542 2617//542
f 2618//542 2620//542 2621//542
f 2618//542 2621//542 2619//542
f 2620//542 2622//542 2623//542
f 2620//542 2623//542 2621//542
f 2622//542 2624//542 2625//542
f 2622//542 2625//542 2623//542
f 2624//542 2626//542 2627//542
f 2624//542 2627//542 2625//542
f 2626//542 2628//542 2629//542
f 2626//542 2629//542 2627//542
f 2628//542 2630//542 2631//542
f 2628//542 2631//542 2629//542
f 2630//542 2632//542 2633//542
f 2630//542 2633//542 2631//542
f 2632//542 2634//542 2635//542
f 2632//542 2635//542 2633//542
f 2634//542 2636//542 2637//542
f 2634//542 2637//542 2635//542
f 2636//542 2638//542 2639//542
f 2636//542 2639//542 2637//542
f 2638//542 2640//542 2641//542
f 2638//542 2641//542 2639//542
f 2640//542 2642//542 2643//542
f 2640//542 2643//542 2641//542
f 2642//542 2644//542 2645//542
f 2642//542 2645//542 2643//542
f 2644//542 2646//542 2647//542
f 2644//542 2647//542 2645//542
f 2646//542 2648//542 2649//542
f 2646//542 2649//542 2647//542
f 2648//542 2650//542 2651//542
f 2648//542 2651//542 2649//542
f 2650//542 2652//542 2653//542
f 2650//542 2653//542 2651//542
f 2652//542 2654//542 2655//542
f 2652//542 2655//542 2653//542
f 2654//542 2656//542 2657//542
f 2654//542 2657//542 2655//542
f 2656//542 2658//542 2659//542
f 2656//542 2659//542 2657//542
f 2658//542 2660//542 2661//542
f 2658//542 2661//542 2659//542
f 2660//542 2662//542 2663//542
f 2660//542 2663//542 2661//542
f 2662//542 2664//542 2665//542
f 2662//542 2665//542 2663//542
f 2664//542 2666//542 2667//542
f 2664//542 2667//542 2665//542
f 2666//542 2668//542 2669//542
f 2666//542 2669//542 2667//542
f 2668//542 2670//542 2671//542
f 2668//542 2671//542 2669//542
f 2670//542 2672//542 2673//542
f 2670//542 2673//542 2671//542
f 2672//542 2674//542 2675//542
f 2672//542 2675//542 2673//542
f 2674//542 2676//542 2677//542
f 2674//542 2677//542 2675//542
f 2676//542 2678//542 2679//542
f 2676//542 2679//542 2677//542
f 2678//542 2680//542 2681//542
f 2678//542 2681//542 2679//542
f 2680//542 2682//542 2683//542
f 2680//542 2683//542 2681//542
f 2682//542 2684//542 2685//542
f 2682//542 2685//542 2683//542
f 2684//542 2686//542 2687//542
f 2684//542 2687//542 2685//542
f 2686//542 2688//542 2689//542
f 2686//542 2689//542 2687//542
f 2688//542 2690//542 2691//542
f 2688//542 2691//542 2689//542
f 2690//542 2692//542 2693//542
f 2690//542 2693//542 2691//542
f 2692//542 2694//542 2695//542
f 2692//542 2695//542 2693//542
f 2694//542 2696//542 2697//542
f 2694//542 2697//542 2695//542
f 2696//542 2698//542 2699//542
f 2696//542 2699//542 2697//542
f 2698//542 2700//542 2701//542
f 2698//542 2701//542 2699//542
f 2700//542 2702//542 2703//542
f 2700//542 2703//542 2701//542
f 2702//542 2704//542 2705//542
f 2702//542 2705//542 2703//542
f 2704//542 2706//542 2707//542
f 2704//542 2707//542 2705//542
f 2706//542 2708//542 2709//542
f 2706//542 2709//542 2707//542
f 2708//542 2710//542 2711//542
f 2708//542 2711//542 2709//542
f 2710//542 2712//542 2713//542
f 2710//542 2713//542 2711//542
f 2712//542 2714//542 2715//542
f 2712//542 2715//542 2713//542
f 2714//542 2716//542 2717//542
f 2714//542 2717//542 2715//542
f 2716//542 2718//542 2719//542
f 2716//542 2719//542 2717//542
f 2718//542 2720//542 2721//542
f 2718//542 2721//542 2719//542
f 2720//542 2722//542 2723//542
f 2720//542 2723//542 2721//542
f 2722//542 2724//542 2725//542
f 2722//542 2725//542 2723//542
f 2724//542 2726//542 2727//542
f 2724//542 2727//542 2725//542
f 2726//542 2728//542 2729//542
f 2726//542 2729//542 2727//542
f 2728//542 2730//542 2731//542
f 2728//542 2731//542 2729//542
f 2730//542 2732//542 2733//542
f 2730//542 2733//542 2731//542
f 2732//542 2734//542 2735//542
f 2732//542 2735//542 2733//542
f 2734//542 2736//542 2737//542
f 2734//542 2737//542 2735//542
f 2736//542 2738//542 2739//542
f 2736//542 2739//542 2737//542
f 2738//542 2740//542 2741//542
f 2738//542 2741//542 2739//542
f 2740//542 2742//542 2743//542
f 2740//542 2743//542 2741//542
f 2742//542 2744//542 2745//542
f 2742//542 2745//542 2743//542
f 2744//542 2746//542 2747//542
f 2744//542 2747//542 2745//542
f 2746//542 2748//542 2749//542
f 2746//542 2749//542 2747//542
f 2748//542 2750//542 2751//542
f 2748//542 2751//542 2749//542
f 2750//542 2752//542 2753//542
f 2750//542 2753//542 2751//542
f 2752//542 2754//542 2755//542
f 2752//542 2755//542 2753//542
f 2754//542 2756//542 2757//542
f 2754//542 2757//542 2755//542
f 2756//542 2758//542 2759//542
f 2756//542 2759//542 2757//542
f 2758//542 2760//542 2761//542
f 2758//542 2761//542 2759//542
f 2760//542 2762//542 2763//542
f 2760//542 2763//542 2761//542
f 2762//542 2764//542 2765//542
f 2762//542 2765//542 2763//542
f 2764//542 2766//542 2767//542
f 2764//542 2767//542 2765//542
f 2766//542 2768//542 2769//542
f 2766//542 2769//542 2767//542
f 2768//542 2770//542 2771//542
f 2768//542 2771//542 2769//542
f 2770//542 2772//542 2773//542
f 2770//542 2773//542 2771//542
f 2772//542 2774//542 2775//542
f 2772//542 2775//542 2773//542
f 2774//542 2776//542 2777//542
f 2774//542 2777//542 2775//542
f 2776//542 2778//542 2779//542
f 2776//542 2779//542 2777//542
f 2778//542 2780//542 2781//542
f 2778//542 2781//542 2779//542
f 2780//542 2782//542 2783//542
f 2780//542 2783//542 2781//542
f 2782//542 2784//542 2785//542
f 2782//542 2785//542 2783//542
f 2784//542 2786//542 2787//542
f 2784//542 2787//542 2785//542
f 2786//542 2788//542 2789//542
f 2786//542 2789//542 2787//542
f 2788//542 2790//542 2791//542
f 2788//542 2791//542 2789//542
f 2790//542 2792//542 2793//542
f 2790//542 2793//542 2791//542
f 2792//542 2794//542 2795//542
f 2792//542 2795//542 2793//542
f 2794//542 2796//542 2797//542
f 2794//542 2797//542 2795//542
f 2796//542 2798//542 2799//542
f 2796//542 2799//542 2797//542
f 2798//542 2800//542 2801//542
f 2798//542 2801//542 2799//542
f 2800//542 2802//542 2803//542
f 2800//542 2803//542 2801//542
f 2802//542 2804//542 2805//542
f 2802//542 2805//542 2803//542
f 2804//542 2806//542 2807//542
f 2804//542 2807//542 2805//542
f 2806//542 2808//542 2809//542
f 2806//542 2809//542 2807//542
f 2808//542 2810//542 2811//542
f 2808//542 2811//542 2809//542
f 2810//542 2812//542 2813//542
f 2810//542 2813//542 2811//542
f 2812//542 2814//542 2815//542
f 2812//542 2815//542 2813//542
f 2814//542 2816//542 2817//542
f 2814//542 2817//542 2815//542
f 2816//542 2818//542 2819//542
f 2816//542 2819//542 2817//542
f 2818//542 2820//542 2821//542
f 2818//542 2821//542 2819//542
f 2820//542 2822//542 2823//542
f 2820//542 2823//542 2821//542
f 2822//542 2824//542 2825//542
f 2822//542 2825//542 2823//542
f 2824//542 2826//542 2827//542
f 2824//542 2827//542 2825//542
f 2826//542 2828//542 2829//542
f 2826//542 2829//542 2827//542
f 2828//542 2830//542 2831//542
f 2828//542 2831//542 2829//542
f 2830//542 2832//542 2833//542
f 2830//542 2833//542 2831//542
f 2832//542 2834//542 2835//542
f 2832//542 2835//542 2833//542
f 2834//542 2836//542 2837//542
f 2834//542 2837//542 2835//542
f 2836//542 2838//542 2839//542
f 2836//542 2839//542 2837//542
f 2838//542 2840//542 2841//542
f 2838//542 2841//542 2839//542
f 2840//542 2842//542 2843//542
f 2840//542 2843//542 2841//542
f 2842//542 2844//542 2845//542
f 2842//542 2845//542 2843//542
f 2844//542 2846//542 2847//542
f 2844//542 2847//542 2845//542
f 2846//542 2848//542 2849//542
f 2846//542 2849//542 2847//542
f 2848//542 2850//542 2851//542
f 2848//542 2851//542 2849//542
f 2850//542 2852//542 2853//542
f 2850//542 2853//542 2851//542
f 2852//542 2854//542 2855//542
f 2852//542 2855//542 2853//542
f 2854//542 2856//542 2857//542
f 2854//542 2857//542 2855//542
f 2856//542 2858//542 2859//542
f 2856//542 2859//542 2857//542
f 2858//542 2860//542 2861//542
f 2858//542 2861//542 2859//542
f 2860//542 2862//542 2863//542
f 2860//542 2863//542 2861//542
f 2862//542 2864//542 2865//542
f 2862//542 2865//542 2863//542
f 2864//542 2866//542 2867//542
f 2864//542 2867//542 2865//542
f 2866//542 2868//542 2869//542
f 2866//542 2869//542 2867//542
f 2868//542 2870//542 2871//542
f 2868//542 2871//542 2869//542
f 2870//542 2872//542 2873//542
f 2870//542 2873//542 2871//542
f 2872//542 2874//542 2875//542
f 2872//542 2875//542 2873//542
f 2874//542 2876//542 2877//542
f 2874//542 2877//542 2875//542
f 2876//542 2878//542 2879//542
f 2876//542 2879//542 2877//542
f 2878//542 2880//542 2881//542
f 2878//542 2881//542 2879//542
f 2880//542 2882//542 2883//542
f 2880//542 2883//542 2881//542
f 2882//542 2884//542 2885//542
f 2882//542 2885//542 2883//542
f 2884//542 2886//542 2887//542
f 2884//542 2887//542 2885//542
f 2886//542 2888//542 2889//542
f 2886//542 2889//542 2887//542
f 2888//542 2890//542 2891//542
f 2888//542 2891//542 2889//542
f 2890//542 2892//542 2893//542
f 2890//542 2893//542 2891//542
f 2892//542 2894//542 2895//542
f 2892//542 2895//542 2893//542
f 2894//542 2896//542 2897//542
f 2894//542 2897//542 2895//542
f 2896//542 2898//542 2899//542
f 2896//542 2899//542 2897//542
f 2898//542 2900//542 2901//542
f 2898//542 2901//542 2899//542
f 2900//542 2902//542 2903//542
f 2900//542 2903//542 2901//542
f 2902//542 2904//542 2905//542
f 2902//542 2905//542 2903//542
f 2904//542 2906//542 2907//542
f 2904//542 2907//542 2905//542
f 2906//542 2908//542 2909//542
f 2906//542 2909//542 2907//542
f 2908//542 2910//542 2911//542
f 2908//542 2911//542 2909//542
f 2910//542 2912//542 2913//542
f 2910//542 2913//542 2911//542
f 2912//542 2914//542 2915//542
f 2912//542 2915//542 2913//542
f 2914//542 2916//542 2917//542
f 2914//542 2917//542 2915//542
f 2916//542 2918//542 2919//542
f 2916//542 2919//542 2917//542
f 2918//542 2920//542 2921//542
f 2918//542 2921//542 2919//542
f 2920//542 2922//542 2923//542
f 2920//542 2923//542 2921//542
f 2922//542 2924//542 2925//542
f 2922//542 2925//542 2923//542
f 2924//542 2926//542 2927//542
f 2924//542 2927//542 2925//542
f 2926//542 2928//542 2929//542
f 2926//542 2929//542 2927//542
f 2928//542 2930//542 2931//542
f 2928//542 2931//542 2929//542
f 2930//542 2932//542 2933//542
f 2930//542 2933//542 2931//542
f 2932//542 2934//542 2935//542
f 2932//542 2935//542 2933//542
f 2934//542 2936//542 2937//542
f 2934//542 2937//542 2935//542
f 2936//542 2938//542 2939//542
f 2936//542 2939//542 2937//542
f 2938//542 2940//542 2941//542
f 2938//542 2941//542 2939//542
f 2940//542 2942//542 2943//542
f 2940//542 2943//542 2941//542
f 2942//542 2944//542 2945//542
f 2942//542 2945//542 2943//542
f 2944//542 2946//542 2947//542
f 2944//542 2947//542 2945//542
f 2946//542 2948//542 2949//542
f 2946//542 2949//542 2947//542
f 2948//542 2950//542 2951//542
f 2948//542 2951//542 2949//542
f 2950//542 2952//542 2953//542
f 2950//542 2953//542 2951//542
f 2952//542 2954//542 2955//542
f 2952//542 2955//542 2953//542
f 2954//542 2956//542 2957//542
f 2954//542 2957//542 2955//542
f 2956//542 2958//542 2959//542
f 2956//542 2959//542 2957//542
f 2958//542 2960//542 2961//542
f 2958//542 2961//542 2959//542
f 2960//542 2962//542 2963//542
f 2960//542 2963//542 2961//542
f 2962//542 2964//542 2965//542
f 2962//542 2965//542 2963//542
f 2964//542 2966//542 2967//542
f 2964//542 2967//542 2965//542
f 2966//542 2968//542 2969//542
f 2966//542 2969//542 2967//542
f 2968//542 2970//542 2971//542
f 2968//542 2971//542 2969//542
f 2970//542 2972//542 2973//542
f 2970//542 2973//542 2971//542
f 2972//542 2974//542 2975//542
f 2972//542 2975//542 2973//542
f 2974//542 2976//542 2977//542
f 2974//542 2977//542 2975//542
f 2976//542 2978//542 2979//542
f 2976//542 2979//542 2977//542
f 2978//542 2980//542 2981//542
f 2978//542 2981//542 2979//542
f 2980//542 2982//542 2983//542
f 2980//542 2983//542 2981//542
f 2982//542 2984//542 2985//542
f 2982//542 2985//542 2983//542
f 2984//542 2986//542 2987//542
f 2984//542 2987//542 2985//542
f 2986//542 2988//542 2989//542
f 2986//542 2989//542 2987//542
f 2988//542 2990//542 2991//542
f 2988//542 2991//542 2989//542
f 2990//542 2992//542 2993//542
f 2990//542 2993//542 2991//542
f 2992//542 2994//542 2995//542
f 2992//542 2995//542 2993//542
f 2994//542 2996//542 2997//542
f 2994//542 2997//542 2995//542
f 2996//542 2998//542 2999//542
f 2996//542 2999//542 2997//542
f 2998//542 3000//542 3001//542
f 2998//542 3001//542 2999//542
f 3000//542 3002//542 3003//542
f 3000//542 3003//542 3001//542
f 3002//542 3004//542 3005//542
f 3002//542 3005//542 3003//542
f 3004//542 3006//542 3007//542
f 3004//542 3007//542 3005//542
f 3006//542 3008//542 3009//542
f 3006//542 3009//542 3007//542
f 3008//542 3010//542 3011//542
f 3008//542 3011//542 3009//542
f 3010//542 3012//542 3013//542
f 3010//542 3013//542 3011//542
f 3012//542 3014//542 3015//542
f 3012//542 3015//542 3013//542
f 3014//542 3016//542 3017//542
f 3014//542 3017//542 3015//542
f 3016//542 3018//542 3019//542
f 3016//542 3019//542 3017//542
f 3018//542 3020//542 3021//542
f 3018//542 3021//542 3019//542
f 3020//542 3022//542 3023//542
f 3020//542 3023//542 3021//542
f 3022//542 3024//542 3025//542
f 3022//542 3025//542 3023//542
f 3024//542 3026//542 3027//542
f 3024//542 3027//542 3025//542
f 3026//542 3028//542 3029//542
f 3026//542 3029//542 3027//542
f 3028//542 3030//542 3031//542
f 3028//542 3031//542 3029//542
f 3030//542 3032//542 3033//542
f 3030//542 3033//542 3031//542
f 3032//542 3034//542 3035//542
f 3032//542 3035//542 3033//542
f 3034//542 3036//542 3037//542
f 3034//542 3037//542 3035//542
f 3036//542 3038//542 3039//542
f 3036//542 3039//542 3037//542
f 3038//542 3040//542 3041//542
f 3038//542 3041//542 3039//542
f 3040//542 3042//542 3043//542
f 3040//542 3043//542 3041//542
f 3042//542 3044//542 3045//542
f 3042//542 3045//542 3043//542
f 3044//542 3046//542 3047//542
f 3044//542 3047//542 3045//542
f 3046//542 3048//542 3049//542
f 3046//542 3049//542 3047//542
f 3048//542 3050//542 3051//542
f 3048//542 3051//542 3049//542
f 3050//542 3052//542 3053//542
f 3050//542 3053//542 3051//542
f 3052//542 3054//542 3055//542
f 3052//542 3055//542 3053//542
f 3054//542 3056//542 3057//542
f 3054//542 3057//542 3055//542
f 3056//542 3058//542 3059//542
f 3056//542 3059//542 3057//542
f 3058//542 3060//542 3061//542
f 3058//542 3061//542 3059//542
f 3060//542 3062//542 3063//542
f 3060//542 3063//542 3061//542
f 3062//542 3064//542 3065//542
f 3062//542 3065//542 3063//542
f 3064//542 3066//542 3067//542
f 3064//542 3067//542 3065//542
f 3066//542 3068//542 3069//542
f 3066//542 3069//542 3067//542
f 3068//542 3070//542 3071//542
f 3068//542 3071//542 3069//542
f 3070//542 3072//542 3073//542
f 3070//542 3073//542 3071//542
f 3072//542 3074//542 3075//542
f 3072//542 3075//542 3073//542
f 3074//542 3076//542 3077//542
f 3074//542 3077//542 3075//542
f 3076//542 3078//542 3079//542
f 3076//542 3079//542 3077//542
f 3078//542 3080//542 3081//542
f 3078//542 3081//542 3079//542
f 3080//542 3082//542 3083//542
f 3080//542 3083//542 3081//542
f 3082//542 3084//542 3085//542
f 3082//542 3085//542 3083//542
f 3084//542 3086//542 3087//542
f 3084//542 3087//542 3085//542
f 3086//542 3088//542 3089//542
f 3086//542 3089//542 3087//542
f 3088//542 3090//542 3091//542
f 3088//542 3091//542 3089//542
f 3090//542 3092//542 3093//542
f 3090//542 3093//542 3091//542
f 3092//542 3094//542 3095//542
f 3092//542 3095//542 3093//542
f 3094//542 3096//542 3097//542
f 3094//542 3097//542 3095//542
f 3096//542 3098//542 3099//542
f 3096//542 3099//542 3097//542
f 3098//542 3100//542 3101//542
f 3098//542 3101//542 3099//542
f 3100//542 3102//542 3103//542
f 3100//542 3103//542 3101//542
f 3102//542 3104//542 3105//542
f 3102//542 3105//542 3103//542
f 3104//542 3106//542 3107//542
f 3104//542 3107//542 3105//542
f 3106//542 3108//542 3109//542
f 3106//542 3109//542 3107//542
f 3108//542 3110//542 3111//542
f 3108//542 3111//542 3109//542
f 3110//542 3112//542 3113//542
f 3110//542 3113//542 3111//542
f 3112//542 3114//542 3115//542
f 3112//542 3115//542 3113//542
f 3114//542 3116//542 3117//542
f 3114//542 3117//542 3115//542
f 3116//542 3118//542 3119//542
f 3116//542 3119//542 3117//542
f 3118//542 3120//542 3121//542
f 3118//542 3121//542 3119//542
f 3120//542 3122//542 3123//542
f 3120//542 3123//542 3121//542
f 3122//542 3124//542 3125//542
f 3122//542 3125//542 3123//542
f 3124//542 3126//542 3127//542
f 3124//542 3127//542 3125//542
f 3126//542 3128//542 3129//542
f 3126//542 3129//542 3127//542
f 3128//542 3130//542 3131//542
f 3128//542 3131//542 3129//542
f 3130//542 3132//542 3133//542
f 3130//542 3133//542 3131//542
f 3132//542 3134//542 3135//542
f 3132//542 3135//542 3133//542
f 3134//542 3136//542 3137//542
f 3134//542 3137//542 3135//542
f 3136//542 3138//542 3139//542
f 3136//542 3139//542 3137//542
f 3138//542 3140//542 3141//542
f 3138//542 3141//542 3139//542
f 3140//542 3142//542 3143//542
f 3140//542 3143//542 3141//542
f 3142//542 3144//542 3145//542
f 3142//542 3145//542 3143//542
f 3144//542 3146//542 3147//542
f 3144//542 3147//542 3145//542
f 3146//542 3148//542 3149//542
f 3146//542 3149//542 3147//542
f 3148//542 3150//542 3151//542
f 3148//542 3151//542 3149//542
f 3150//542 3152//542 3153//542
f 3150//542 3153//542 3151//542
f 3152//542 3154//542 3155//542
f 3152//542 3155//542 3153//542
f 3154//542 3156//542 3157//542
f 3154//542 3157//542 3155//542
f 3156//542 3158//542 3159//542
f 3156//542 3159//542 3157//542
f 3158//542 3160//542 3161//542
f 3158//542 3161//542 3159//542
f 3160//542 3162//542 3163//542
f 3160//542 3163//542 3161//542
f 3162//542 3164//542 3165//542
f 3162//542 3165//542 3163//542
f 3164//542 3166//542 3167//542
f 3164//542 3167//542 3165//542
f 3166//542 3168//542 3169//542
f 3166//542 3169//542 3167//542
f 3168//542 3170//542 3171//542
f 3168//542 3171//542 3169//542
f 3170//542 3172//542 3173//542
f 3170//542 3173//542 3171//542
f 3172//542 3174//542 3175//542
f 3172//542 3175//542 3173//542
f 3174//542 3176//542 3177//542
f 3174//542 3177//542 3175//542
f 3176//542 3178//542 3179//542
f 3176//542 3179//542 3177//542
f 3178//542 3180//542 3181//542
f 3178//542 3181//542 3179//542
f 3180//542 3182//542 3183//542
f 3180//542 3183//542 3181//542
f 3182//542 3184//542 3185//542
f 3182//542 3185//542 3183//542
f 3184//542 3186//542 3187//542
f 3184//542 3187//542 3185//542
f 3186//542 3188//542 3189//542
f 3186//542 3189//542 3187//542
f 3188//542 3190//542 3191//542
f 3188//542 3191//542 3189//542
f 3190//542 3192//542 3193//542
f 3190//542 3193//542 3191//542
f 3192//542 3194//542 3195//542
f 3192//542 3195//542 3193//542
f 3194//542 3196//542 3197//542
f 3194//542 3197//542 3195//542
f 3196//542 3198//542 3199//542
f 3196//542 3199//542 3197//542
f 3198//542 3200//542 3201//542
f 3198//542 3201//542 3199//542
f 3200//542 3202//542 3203//542
f 3200//542 3203//542 3201//542
f 3202//542 3204//542 3205//542
f 3202//542 3205//542 3203//542
f 3204//542 3206//542 3207//542
f 3204//542 3207//542 3205//542
f 3206//542 3208//542 3209//542
f 3206//542 3209//542 3207//542
f 3208//542 3210//542 3211//542
f 3208//542 3211//542 3209//542
f 3210//542 3212//542 3213//542
f 3210//542 3213//542 3211//542
f 3212//542 3214//542 3215//542
f 3212//542 3215//542 3213//542
f 3214//542 3216//542 3217//542
f 3214//542 3217//542 3215//542
f 3216//542 3218//542 3219//542
f 3216//542 3219//542 3217//542
f 3218//542 3220//542 3221//542
f 3218//542 3221//542 3219//542
f 3220//542 3222//542 3223//542
f 3220//542 3223//542 3221//542
f 3222//542 3224//542 3225//542
f 3222//542 3225//542 3223//542
f 3224//542 3226//542 3227//542
f 3224//542 3227//542 3225//542
f 3226//542 3228//542 3229//542
f 3226//542 3229//542 3227//542
f 3228//542 3230//542 3231//542
f 3228//542 3231//542 3229//542
f 3230//542 3232//542 3233//542
f 3230//542 3233//542 3231//542
f 3232//542 3234//542 3233//542
f 3233//542 3234//542 3235//542
f 3233//542 3235//542 3236//542
f 3233//542 3236//542 3237//542
f 3237//542 3236//542 3238//542
f 3238//542 3236//542 3239//542
f 3239//542 3236//542 3240//542
f 3240//542 3236//542 3241//542
f 3241//542 3236//542 3242//542
f 3242//542 3236//542 3243//542
f 3243//542 3236//542 3244//542
f 3244//542 3236//542 3245//542
f 3245//542 3236//542 3246//542
f 3246//542 3236//542 3247//542
f 3247//542 3236//542 3248//542
f 3247//542 3248//542 3249//542
f 3249//542 3248//542 3250//542
f 3249//542 3250//542 3251//542
f 3251//542 3250//542 3252//542
f 3251//542 3252//542 3253//542
f 3253//542 3252//542 3254//542
f 3253//542 3254//542 3255//542
f 3255//542 3254//542 3256//542
f 3255//542 3256//542 3257//542
f 3257//542 3256//542 3258//542
f 3257//542 3258//542 3259//542
f 3259//542 3258//542 3260//542
f 3259//542 3260//542 3261//542
f 3261//542 3260//542 3262//542
f 3261//542 3262//542 3263//542
f 3263//542 3262//542 3264//542
f 3263//542 3264//542 3265//542
f 3265//542 3264//542 3266//542
f 3265//542 3266//542 3267//542
f 3267//542 3266//542 3268//542
f 3267//542 3268//542 3269//542
f 3269//542 3268//542 3270//542
f 2561//542 2558//542 2557//542
f 2394//542 2391//542 2390//542
f 2273//542 2270//542 2269//542
f 2214//542 2211//542 2210//542
f 2177//542 2174//542 2173//542
f 2146//542 2143//542 2142//542
f 2117//542 2114//542 2113//542
f 2092//542 2089//542 2088//542
f 2069//542 2066//542 2065//542
f 2048//542 2045//542 2044//542
f 2031//542 2028//542 2027//542
f 2014//542 2011//542 2010//542
f 1999//542 1996//542 1995//542
f 1986//542 1983//542 1982//542
f 1975//542 1972//542 1971//542
f 561//542 1920//542 563//542
f 422//586 3271//586 421//586
f 421//586 3271//586 3272//586
f 421//587 3272//587 420//587
f 420//587 3272//587 3273//587
f 420//588 3273//588 3274//588
f 420//588 3274//588 476//588
f 476//589 3274//589 3275//589
f 476//589 3275//589 475//589
f 475//590 3275//590 3276//590
f 475//590 3276//590 474//590
f 474//591 3276//591 3277//591
f 474//591 3277//591 473//591
f 473//592 3277//592 3278//592
f 473//592 3278//592 472//592
f 472//593 3278//593 3279//593
f 472//593 3279//593 471//593
f 471//594 3279//594 3280//594
f 471//594 3280//594 470//594
f 470//595 3280//595 3281//595
f 470//595 3281//595 469//595
f 469//596 3281//596 3282//596
f 469//596 3282//596 468//596
f 468//597 3282//597 3283//597
f 468//597 3283//597 467//597
f 467//598 3283//598 3284//598
f 467//598 3284//598 466//598
f 466//599 3284//599 3285//599
f 466//599 3285//599 465//599
f 465//600 3285//600 3286//600
f 465//600 3286//600 464//600
f 464//601 3286//601 3287//601
f 464//601 3287//601 463//601
f 463//602 3287//602 3288//602
f 463//602 3288//602 462//602
f 462//603 3288//603 3289//603
f 462//603 3289//603 461//603
f 461//604 3289//604 3290//604
f 461//604 3290//604 460//604
f 460//605 3290//605 3291//605
f 460//605 3291//605 459//605
f 459//606 3291//606 3292//606
f 459//606 3292//606 458//606
f 458//607 3292//607 3293//607
f 458//607 3293//607 457//607
f 457//608 3293//608 3294//608
f 457//608 3294//608 456//608
f 456//609 3294//609 3295//609
f 456//609 3295//609 455//609
f 455//610 3295//610 3296//610
f 455//610 3296//610 454//610
f 454//611 3296//611 3297//611
f 454//611 3297//611 453//611
f 453//612 3297//612 3298//612
f 453//612 3298//612 452//612
f 452//613 3298//613 3299//613
f 452//613 3299//613 451//613
f 451//614 3299//614 3300//614
f 451//614 3300//614 450//614
f 450//615 3300//615 3301//615
f 450//615 3301//615 449//615
f 449//616 3301//616 3302//616
f 449//616 3302//616 448//616
f 448//617 3302//617 3303//617
f 448//617 3303//617 447//617
f 447//618 3303//618 3304//618
f 447//618 3304//618 446//618
f 446//619 3304//619 3305//619
f 446//619 3305//619 445//619
f 445//620 3305//620 3306//620
f 445//620 3306//620 444//620
f 444//621 3306//621 3307//621
f 444//621 3307//621 443//621
f 443//622 3307//622 3308//622
f 443//622 3308//622 442//622
f 442//623 3308//623 3309//623
f 442//623 3309//623 441//623
f 441//624 3309//624 3310//624
f 441//624 3310//624 440//624
f 440//625 3310//625 3311//625
f 440//625 3311//625 439//625
f 439//626 3311//626 3312//626
f 439//626 3312//626 438//626
f 438//627 3312//627 3313//627
f 438//627 3313//627 437//627
f 437//628 3313//628 3314//628
f 437//628 3314//628 436//628
f 436//629 3314//629 3315//629
f 436//629 3315//629 435//629
f 435//630 3315//630 3316//630
f 435//630 3316//630 434//630
f 434//631 3316//631 3317//631
f 434//631 3317//631 433//631
f 433//632 3317//632 3318//632
f 433//632 3318//632 432//632
f 432//633 3318//633 3319//633
f 432//633 3319//633 431//633
f 431//634 3319//634 3320//634
f 431//634 3320//634 430//634
f 430//635 3320//635 3321//635
f 430//635 3321//635 429//635
f 429//636 3321//636 3322//636
f 429//636 3322//636 428//636
f 428//637 3322//637 3323//637
f 428//637 3323//637 427//637
f 427//638 3323//638 3324//638
f 427//638 3324//638 426//638
f 426//639 3324//639 3325//639
f 426//639 3325//639 425//639
f 425//640 3325//640 3326//640
f 425//640 3326//640 424//640
f 424//641 3326//641 3327//641
f 424//641 3327//641 423//641
f 423//642 3327//642 3271//642
f 423//642 3271//642 422//642
f 3273//423 3272//423 3328//423
f 3328//423 3272//423 3271//423
f 3328//423 3271//423 3327//423
f 3327//423 3326//423 3328//423
f 3328//423 3326//423 3325//423
f 3328//423 3325//423 3324//423
f 3328//423 3324//423 3329//423
f 3329//423 3324//423 3323//423
f 3329//423 3323//423 3322//423
f 3322//423 3321//423 3329//423
f 3329//423 3321//423 3320//423
f 3329//423 3320//423 3319//423
f 3319//423 3318//423 3329//423
f 3329//423 3318//423 3317//423
f 3329//423 3317//423 3316//423
f 3316//423 3315//423 3329//423
f 3329//423 3315//423 3330//423
f 3330//423 3315//423 3314//423
f 3330//423 3314//423 3313//423
f 3313//423 3312//423 3330//423
f 3330//423 3312//423 3311//423
f 3330//423 3311//423 3310//423
f 3310//423 3309//423 3330//423
f 3330//423 3309//423 3308//423
f 3330//423 3308//423 3307//423
f 3307//423 3306//423 3330//423
f 3330//423 3306//423 3305//423
f 3330//423 3305//423 3331//423
f 3331//423 3305//423 3304//423
f 3331//423 3304//423 3303//423
f 3303//423 3302//423 3331//423
f 3331//423 3302//423 3301//423
f 3331//423 3301//423 3300//423
f 3300//423 3299//423 3331//423
f 3331//423 3299//423 3298//423
f 3331//423 3298//423 3297//423
f 3297//423 3296//423 3331//423
f 3331//423 3296//423 3332//423
f 3332//423 3296//423 3295//423
f 3332//423 3295//423 3294//423
f 3294//423 3293//423 3332//423
f 3332//423 3293//423 3292//423
f 3332//423 3292//423 3291//423
f 3291//423 3290//423 3332//423
f 3332//423 3290//423 3289//423
f 3332//423 3289//423 3288//423
f 3288//423 3287//423 3332//423
f 3332//423 3287//423 3286//423
f 3332//423 3286//423 3333//423
f 3333//423 3286//423 3285//423
f 3333//423 3285//423 3284//423
f 3284//423 3283//423 3333//423
f 3333//423 3283//423 3282//423
f 3333//423 3282//423 3281//423
f 3281//423 3280//423 3333//423
f 3333//423 3280//423 3279//423
f 3333//423 3279//423 3278//423
f 3278//423 3277//423 3333//423
f 3333//423 3277//423 3328//423
f 3328//423 3277//423 3276//423
f 3328//423 3276//423 3275//423
f 3275//423 3274//423 3328//423
f 3328//423 3274//423 3273//423
f 3329//643 3330//643 3334//643
f 3329//643 3334//643 3335//643
f 3330//644 3331//644 3336//644
f 3330//644 3336//644 3334//644
f 3331//645 3332//645 3337//645
f 3331//645 3337//645 3336//645
f 3338//646 3339//646 3340//646
f 3338//647 3340//647 3341//647
f 3339//648 3342//648 3343//648
f 3339//649 3343//649 3340//649
f 3342//650 3344//650 3345//650
f 3342//651 3345//651 3343//651
f 3344//652 3346//652 3347//652
f 3344//653 3347//653 3345//653
f 3346//654 3348//654 3349//654
f 3346//655 3349//655 3347//655
f 3348//656 3350//656 3351//656
f 3348//657 3351//657 3349//657
f 3350//658 3352//658 3353//658
f 3350//659 3353//659 3351//659
f 3352//660 3354//660 3355//660
f 3352//661 3355//661 3353//661
f 3354//662 3356//662 3357//662
f 3354//663 3357//663 3355//663
f 3356//664 3358//664 3359//664
f 3356//665 3359//665 3357//665
f 3358//666 3360//666 3361//666
f 3358//667 3361//667 3359//667
f 3360//668 3362//668 3363//668
f 3360//669 3363//669 3361//669
f 3362//670 3364//670 3365//670
f 3362//671 3365//671 3363//671
f 3364//672 3366//672 3367//672
f 3364//673 3367//673 3365//673
f 3366//674 3368//674 3369//674
f 3366//675 3369//675 3367//675
f 3368//676 3370//676 3371//676
f 3368//677 3371//677 3369//677
f 3370//678 3372//678 3373//678
f 3370//679 3373//679 3371//679
f 3372//680 3374//680 3375//680
f 3372//681 3375//681 3373//681
f 3374//682 3376//682 3377//682
f 3374//683 3377//683 3375//683
f 3376//684 3378//684 3379//684
f 3376//685 3379//685 3377//685
f 3378//686 3380//686 3381//686
f 3378//687 3381//687 3379//687
f 3380//688 3382//688 3383//688
f 3380//689 3383//689 3381//689
f 3382//690 3384//690 3385//690
f 3382//691 3385//691 3383//691
f 3384//692 3386//692 3387//692
f 3384//693 3387//693 3385//693
f 3386//694 3388//694 3389//694
f 3386//695 3389//695 3387//695
f 3388//696 3390//696 3391//696
f 3388//697 3391//697 3389//697
f 3390//698 3392//698 3393//698
f 3390//699 3393//699 3391//699
f 3392//700 3394//700 3395//700
f 3392//701 3395//701 3393//701
f 3394//702 3396//702 3397//702
f 3394//703 3397//703 3395//703
f 3396//704 3398//704 3399//704
f 3396//705 3399//705 3397//705
f 3398//706 3400//706 3401//706
f 3398//707 3401//707 3399//707
f 3400//708 3402//708 3403//708
f 3400//709 3403//709 3401//709
f 3402//710 3404//710 3405//710
f 3402//711 3405//711 3403//711
f 3404//712 3406//712 3407//712
f 3404//713 3407//713 3405//713
f 3406//714 3408//714 3409//714
f 3406//715 3409//715 3407//715
f 3408//716 3410//716 3411//716
f 3408//717 3411//717 3409//717
f 3410//718 3412//718 3413//718
f 3410//719 3413//719 3411//719
f 3412//720 3414//720 3415//720
f 3412//721 3415//721 3413//721
f 3414//722 3416//722 3417//722
f 3414//723 3417//723 3415//723
f 3416//724 3418//724 3419//724
f 3416//725 3419//725 3417//725
f 3418//726 3420//726 3421//726
f 3418//727 3421//727 3419//727
f 3420//728 3422//728 3423//728
f 3420//729 3423//729 3421//729
f 3422//730 3424//730 3425//730
f 3422//731 3425//731 3423//731
f 3424//732 3426//732 3427//732
f 3424//733 3427//733 3425//733
f 3426//734 3428//734 3429//734
f 3426//735 3429//735 3427//735
f 3428//736 3430//736 3431//736
f 3428//737 3431//737 3429//737
f 3430//738 3432//738 3433//738
f 3430//739 3433//739 3431//739
f 3432//740 3434//740 3435//740
f 3432//741 3435//741 3433//741
f 3434//742 3436//742 3437//742
f 3434//743 3437//743 3435//743
f 3436//744 3438//744 3439//744
f 3436//745 3439//745 3437//745
f 3438//746 3440//746 3441//746
f 3438//747 3441//747 3439//747
f 3440//748 3442//748 3443//748
f 3440//749 3443//749 3441//749
f 3442//750 3444//750 3445//750
f 3442//751 3445//751 3443//751
f 3444//752 3446//752 3447//752
f 3444//753 3447//753 3445//753
f 3446//754 3448//754 3449//754
f 3446//755 3449//755 3447//755
f 3448//756 3450//756 3451//756
f 3448//757 3451//757 3449//757
f 3450//758 3452//758 3453//758
f 3450//759 3453//759 3451//759
f 3452//760 3454//760 3455//760
f 3452//761 3455//761 3453//761
f 3454//762 3456//762 3457//762
f 3454//763 3457//763 3455//763
f 3456//764 1958//764 1948//764
f 3456//765 1948//765 3458//765
f 3456//766 3458//766 3457//766
f 1948//767 1946//767 3459//767
f 1948//768 3459//768 3458//768
f 1946//769 1959//769 3460//769
f 1946//770 3460//770 3459//770
f 1959//771 1960//771 3461//771
f 1959//772 3461//772 3460//772
f 1960//773 1961//773 3462//773
f 1960//774 3462//774 3461//774
f 1961//775 1962//775 3463//775
f 1961//776 3463//776 3462//776
f 1962//777 1963//777 3464//777
f 1962//778 3464//778 3463//778
f 1963//779 1964//779 3465//779
f 1963//780 3465//780 3464//780
f 1964//781 1965//781 3466//781
f 1964//782 3466//782 3465//782
f 1965//783 1966//783 3467//783
f 1965//784 3467//784 3466//784
f 1966//785 1967//785 3468//785
f 1966//786 3468//786 3467//786
f 1967//787 1968//787 3469//787
f 1967//788 3469//788 3468//788
f 1968//789 1969//789 3470//789
f 1968//790 3470//790 3469//790
f 1969//791 1970//791 3471//791
f 1969//792 3471//792 3470//792
f 1970//793 477//793 3338//793
f 1970//794 3338//794 3471//794
f 3471//795 3338//795 3341//795
f 3472//423 3456//423 3473//423
f 3473//423 3456//423 3454//423
f 3473//423 3454//423 3474//423
f 3474//423 3454//423 3452//423
f 3474//423 3452//423 3475//423
f 3475//423 3452//423 3450//423
f 3475//423 3450//423 3476//423
f 3476//423 3450//423 3448//423
f 3476//423 3448//423 3477//423
f 3477//423 3448//423 3446//423
f 3477//423 3446//423 3478//423
f 3478//423 3446//423 3444//423
f 3478//423 3444//423 3479//423
f 3479//423 3444//423 3442//423
f 3479//423 3442//423 3480//423
f 3480//423 3442//423 3440//423
f 3480//423 3440//423 3481//423
f 3481//423 3440//423 3438//423
f 3481//423 3438//423 3482//423
f 3482//423 3438//423 3436//423
f 3482//423 3436//423 3483//423
f 3483//423 3436//423 3434//423
f 3483//423 3434//423 3484//423
f 3484//423 3434//423 3432//423
f 3484//423 3432//423 3485//423
f 3485//423 3432//423 3430//423
f 3485//423 3430//423 3486//423
f 3486//423 3430//423 3428//423
f 3486//423 3428//423 3487//423
f 3487//423 3428//423 3426//423
f 3487//423 3426//423 3488//423
f 3488//423 3426//423 3424//423
f 3488//423 3424//423 3489//423
f 3489//423 3424//423 3422//423
f 3489//423 3422//423 3490//423
f 3490//423 3422//423 3420//423
f 3490//423 3420//423 3491//423
f 3491//423 3420//423 3418//423
f 3491//423 3418//423 3492//423
f 3492//423 3418//423 3416//423
f 3492//423 3416//423 3493//423
f 3493//423 3416//423 3414//423
f 3493//423 3414//423 3494//423
f 3494//423 3414//423 3412//423
f 3494//423 3412//423 3495//423
f 3495//423 3412//423 3410//423
f 3495//423 3410//423 3496//423
f 3496//423 3410//423 3408//423
f 3496//423 3408//423 3497//423
f 3497//423 3408//423 3406//423
f 3497//423 3406//423 3498//423
f 3498//423 3406//423 3404//423
f 3498//423 3404//423 3499//423
f 3499//423 3404//423 3402//423
f 3499//423 3402//423 3500//423
f 3500//423 3402//423 3400//423
f 3500//423 3400//423 3501//423
f 3501//423 3400//423 3398//423
f 3501//423 3398//423 3502//423
f 3502//423 3398//423 3396//423
f 3502//423 3396//423 3503//423
f 3503//423 3396//423 3394//423
f 3503//423 3394//423 3504//423
f 3504//423 3394//423 3392//423
f 3504//423 3392//423 3505//423
f 3505//423 3392//423 3390//423
f 3505//423 3390//423 3506//423
f 3506//423 3390//423 3388//423
f 3506//423 3388//423 3507//423
f 3507//423 3388//423 3386//423
f 3507//423 3386//423 3508//423
f 3508//423 3386//423 3384//423
f 3508//423 3384//423 3509//423
f 3509//423 3384//423 3382//423
f 3509//423 3382//423 3510//423
f 3510//423 3382//423 3380//423
f 3510//423 3380//423 3511//423
f 3511//423 3380//423 3378//423
f 3511//423 3378//423 3512//423
f 3512//423 3378//423 3376//423
f 3512//423 3376//423 3513//423
f 3513//423 3376//423 3374//423
f 3513//423 3374//423 3514//423
f 3514//423 3374//423 3372//423
f 3514//423 3372//423 3515//423
f 3515//423 3372//423 3370//423
f 3515//423 3370//423 3516//423
f 3516//423 3370//423 3368//423
f 3516//423 3368//423 3517//423
f 3517//423 3368//423 3366//423
f 3517//423 3366//423 3518//423
f 3518//423 3366//423 3364//423
f 3518//423 3364//423 3519//423
f 3519//423 3364//423 3362//423
f 3519//423 3362//423 3520//423
f 3520//423 3362//423 3521//423
f 3521//423 3362//423 3360//423
f 3521//423 3360//423 3522//423
f 3522//423 3360//423 3358//423
f 3522//423 3358//423 3523//423
f 3523//423 3358//423 3356//423
f 3523//423 3356//423 3524//423
f 3524//423 3356//423 3354//423
f 3524//423 3354//423 3525//423
f 3525//423 3354//423 3352//423
f 3525//423 3352//423 3526//423
f 3526//423 3352//423 3350//423
f 3526//423 3350//423 3527//423
f 3527//423 3350//423 3348//423
f 3527//423 3348//423 3528//423
f 3528//423 3348//423 3346//423
f 3528//423 3346//423 3529//423
f 3529//423 3346//423 3344//423
f 3529//423 3344//423 3530//423
f 3530//423 3344//423 3342//423
f 3530//423 3342//423 3531//423
f 3531//423 3342//423 3339//423
f 3531//423 3339//423 3338//423
f 3472//423 3532//423 3456//423
f 3456//423 3532//423 3533//423
f 3534//542 3535//542 3405//542
f 3534//542 3405//542 3407//542
f 3535//542 3536//542 3403//542
f 3535//542 3403//542 3405//542
f 3536//542 3537//542 3399//542
f 3536//542 3399//542 3401//542
f 3537//542 3538//542 3397//542
f 3537//542 3397//542 3399//542
f 3538//542 3539//542 3395//542
f 3538//542 3395//542 3397//542
f 3539//542 3540//542 3393//542
f 3539//542 3393//542 3395//542
f 3540//542 3541//542 3391//542
f 3540//542 3391//542 3393//542
f 3541//542 3542//542 3389//542
f 3541//542 3389//542 3391//542
f 3542//542 3543//542 3385//542
f 3542//542 3385//542 3387//542
f 3543//542 3544//542 3383//542
f 3543//542 3383//542 3385//542
f 3544//542 3545//542 3379//542
f 3544//542 3379//542 3381//542
f 3545//542 3546//542 3377//542
f 3545//542 3377//542 3379//542
f 3546//542 3547//542 3373//542
f 3546//542 3373//542 3375//542
f 3547//542 3548//542 3371//542
f 3547//542 3371//542 3373//542
f 3548//542 3549//542 3369//542
f 3548//542 3369//542 3371//542
f 3549//542 3550//542 3367//542
f 3549//542 3367//542 3369//542
f 3550//542 3551//542 3365//542
f 3550//542 3365//542 3367//542
f 3551//542 3552//542 3363//542
f 3551//542 3363//542 3365//542
f 3552//542 3553//542 3359//542
f 3552//542 3359//542 3361//542
f 3553//542 3554//542 3357//542
f 3553//542 3357//542 3359//542
f 3554//542 3555//542 3353//542
f 3554//542 3353//542 3355//542
f 3555//542 3556//542 3351//542
f 3555//542 3351//542 3353//542
f 3556//542 3557//542 3347//542
f 3556//542 3347//542 3349//542
f 3557//542 3558//542 3345//542
f 3557//542 3345//542 3347//542
f 3558//542 3559//542 3343//542
f 3558//542 3343//542 3345//542
f 3559//542 3560//542 3340//542
f 3559//542 3340//542 3343//542
f 3560//542 3561//542 3341//542
f 3560//542 3341//542 3340//542
f 3561//542 3562//542 3470//542
f 3561//542 3470//542 3471//542
f 3562//542 3563//542 3469//542
f 3562//542 3469//542 3470//542
f 3563//542 3564//542 3467//542
f 3563//542 3467//542 3468//542
f 3564//542 3565//542 3466//542
f 3564//542 3466//542 3467//542
f 3565//542 3566//542 3465//542
f 3565//542 3465//542 3466//542
f 3566//542 3567//542 3464//542
f 3566//542 3464//542 3465//542
f 3567//542 3568//542 3463//542
f 3567//542 3463//542 3464//542
f 3568//542 3569//542 3462//542
f 3568//542 3462//542 3463//542
f 3569//542 3570//542 3460//542
f 3569//542 3460//542 3461//542
f 3570//542 3571//542 3459//542
f 3570//542 3459//542 3460//542
f 3571//542 3572//542 3457//542
f 3571//542 3457//542 3458//542
f 3572//542 3573//542 3455//542
f 3572//542 3455//542 3457//542
f 3573//542 3574//542 3451//542
f 3573//542 3451//542 3453//542
f 3574//542 3575//542 3449//542
f 3574//542 3449//542 3451//542
f 3575//542 3576//542 3447//542
f 3575//542 3447//542 3449//542
f 3576//542 3577//542 3445//542
f 3576//542 3445//542 3447//542
f 3577//542 3578//542 3443//542
f 3577//542 3443//542 3445//542
f 3578//542 3579//542 3441//542
f 3578//542 3441//542 3443//542
f 3579//542 3580//542 3437//542
f 3579//542 3437//542 3439//542
f 3580//542 3581//542 3435//542
f 3580//542 3435//542 3437//542
f 3581//542 3582//542 3431//542
f 3581//542 3431//542 3433//542
f 3582//542 3583//542 3429//542
f 3582//542 3429//542 3431//542
f 3583//542 3584//542 3425//542
f 3583//542 3425//542 3427//542
f 3584//542 3585//542 3423//542
f 3584//542 3423//542 3425//542
f 3585//542 3586//542 3421//542
f 3585//542 3421//542 3423//542
f 3586//542 3587//542 3419//542
f 3586//542 3419//542 3421//542
f 3587//542 3588//542 3417//542
f 3587//542 3417//542 3419//542
f 3588//542 3589//542 3415//542
f 3588//542 3415//542 3417//542
f 3589//542 3590//542 3411//542
f 3589//542 3411//542 3413//542
f 3590//542 3534//542 3409//542
f 3590//542 3409//542 3411//542
f 3453//542 3455//542 3573//542
f 3458//542 3459//542 3571//542
f 3461//542 3462//542 3569//542
f 3468//542 3469//542 3563//542
f 3471//542 3341//542 3561//542
f 3349//542 3351//542 3556//542
f 3355//542 3357//542 3554//542
f 3361//542 3363//542 3552//542
f 3375//542 3377//542 3546//542
f 3381//542 3383//542 3544//542
f 3387//542 3389//542 3542//542
f 3401//542 3403//542 3536//542
f 3407//542 3409//542 3534//542
f 3413//542 3415//542 3589//542
f 3427//542 3429//542 3583//542
f 3433//542 3435//542 3581//542
f 3439//542 3441//542 3579//542
f 3332//796 3333//796 3591//796
f 3332//796 3591//796 3337//796
f 3333//797 3328//797 3592//797
f 3333//797 3592//797 3591//797
f 3328//798 3329//798 3335//798
f 3328//798 3335//798 3592//798
f 1869//799 1867//799 3233//799
f 3233//800 1867//800 3231//800
f 3231//801 1867//801 1865//801
f 3231//802 1865//802 3229//802
f 3229//803 1865//803 1863//803
f 3229//804 1863//804 3227//804
f 3227//805 1863//805 1861//805
f 3227//806 1861//806 3225//806
f 3225//807 1861//807 1859//807
f 3225//808 1859//808 3223//808
f 3223//809 1859//809 1857//809
f 3223//810 1857//810 3221//810
f 3221//811 1857//811 1855//811
f 3221//812 1855//812 3219//812
f 3219//813 1855//813 1853//813
f 3219//814 1853//814 3217//814
f 3217//815 1853//815 1851//815
f 3217//816 1851//816 3215//816
f 3215//817 1851//817 1849//817
f 3215//818 1849//818 3213//818
f 3213//819 1849//819 1847//819
f 3213//820 1847//820 3211//820
f 3211//821 1847//821 1845//821
f 3211//822 1845//822 3209//822
f 3209//823 1845//823 1843//823
f 3209//824 1843//824 3207//824
f 3207//825 1843//825 1841//825
f 3207//826 1841//826 3205//826
f 3205//827 1841//827 1839//827
f 3205//828 1839//828 3203//828
f 3203//829 1839//829 1837//829
f 3203//830 1837//830 3201//830
f 3201//831 1837//831 1835//831
f 3201//832 1835//832 3199//832
f 3199//833 1835//833 1833//833
f 3199//834 1833//834 3197//834
f 3197//835 1833//835 1831//835
f 3197//836 1831//836 3195//836
f 3195//837 1831//837 1829//837
f 3195//838 1829//838 3193//838
f 3193//839 1829//839 1827//839
f 3193//840 1827//840 3191//840
f 3191//841 1827//841 1825//841
f 3191//842 1825//842 3189//842
f 3189//843 1825//843 1823//843
f 3189//844 1823//844 3187//844
f 3187//845 1823//845 1821//845
f 3187//846 1821//846 3185//846
f 3185//847 1821//847 1819//847
f 3185//848 1819//848 3183//848
f 3183//849 1819//849 1817//849
f 3183//850 1817//850 3181//850
f 3181//851 1817//851 1815//851
f 3181//852 1815//852 3179//852
f 3179//853 1815//853 1813//853
f 3179//854 1813//854 3177//854
f 3177//855 1813//855 1811//855
f 3177//856 1811//856 3175//856
f 3175//857 1811//857 1809//857
f 3175//858 1809//858 3173//858
f 3173//859 1809//859 1807//859
f 3173//860 1807//860 3171//860
f 3171//861 1807//861 1805//861
f 3171//862 1805//862 3169//862
f 3169//863 1805//863 1803//863
f 3169//864 1803//864 3167//864
f 3167//865 1803//865 1801//865
f 3167//866 1801//866 3165//866
f 3165//867 1801//867 1799//867
f 3165//868 1799//868 3163//868
f 3163//869 1799//869 1797//869
f 3163//870 1797//870 3161//870
f 3161//871 1797//871 1795//871
f 3161//872 1795//872 3159//872
f 3159//873 1795//873 1793//873
f 3159//874 1793//874 3157//874
f 3157//875 1793//875 1791//875
f 3157//876 1791//876 3155//876
f 3155//877 1791//877 1789//877
f 3155//878 1789//878 3153//878
f 3153//879 1789//879 1787//879
f 3153//880 1787//880 3151//880
f 3151//881 1787//881 1785//881
f 3151//882 1785//882 3149//882
f 3149//883 1785//883 1783//883
f 3149//884 1783//884 3147//884
f 3147//885 1783//885 1781//885
f 3147//886 1781//886 3145//886
f 3145//887 1781//887 1779//887
f 3145//888 1779//888 3143//888
f 3143//889 1779//889 1777//889
f 3143//890 1777//890 3141//890
f 3141//891 1777//891 1775//891
f 3141//892 1775//892 3139//892
f 3139//893 1775//893 1773//893
f 3139//894 1773//894 3137//894
f 3137//895 1773//895 1771//895
f 3137//896 1771//896 3135//896
f 3135//897 1771//897 1769//897
f 3135//898 1769//898 3133//898
f 3133//899 1769//899 1767//899
f 3133//900 1767//900 3131//900
f 3131//901 1767//901 1765//901
f 3131//902 1765//902 3129//902
f 3129//903 1765//903 1763//903
f 3129//904 1763//904 3127//904
f 3127//905 1763//905 1761//905
f 3127//906 1761//906 3125//906
f 3125//907 1761//907 1759//907
f 3125//908 1759//908 3123//908
f 3123//909 1759//909 1757//909
f 3123//910 1757//910 3121//910
f 3121//911 1757//911 1755//911
f 3121//912 1755//912 3119//912
f 3119//913 1755//913 1753//913
f 3119//914 1753//914 3117//914
f 3117//915 1753//915 1751//915
f 3117//916 1751//916 3115//916
f 3115//917 1751//917 1749//917
f 3115//918 1749//918 3113//918
f 3113//919 1749//919 1747//919
f 3113//920 1747//920 3111//920
f 3111//921 1747//921 1745//921
f 3111//922 1745//922 3109//922
f 3109//923 1745//923 1743//923
f 3109//924 1743//924 3107//924
f 3107//925 1743//925 1741//925
f 3107//926 1741//926 3105//926
f 3105//927 1741//927 1739//927
f 3105//928 1739//928 3103//928
f 3103//929 1739//929 1737//929
f 3103//930 1737//930 3101//930
f 3101//931 1737//931 1735//931
f 3101//932 1735//932 3099//932
f 3099//933 1735//933 1733//933
f 3099//934 1733//934 3097//934
f 3097//935 1733//935 1731//935
f 3097//936 1731//936 3095//936
f 3095//937 1731//937 1729//937
f 3095//938 1729//938 3093//938
f 3093//939 1729//939 1727//939
f 3093//940 1727//940 3091//940
f 3091//941 1727//941 1725//941
f 3091//942 1725//942 3089//942
f 3089//943 1725//943 1723//943
f 3089//944 1723//944 3087//944
f 3087//945 1723//945 1721//945
f 3087//946 1721//946 3085//946
f 3085//947 1721//947 1719//947
f 3085//948 1719//948 3083//948
f 3083//949 1719//949 1717//949
f 3083//950 1717//950 3081//950
f 3081//951 1717//951 1715//951
f 3081//952 1715//952 3079//952
f 3079//953 1715//953 1713//953
f 3079//954 1713//954 3077//954
f 3077//955 1713//955 1711//955
f 3077//956 1711//956 3075//956
f 3075//957 1711//957 1709//957
f 3075//958 1709//958 3073//958
f 3073//959 1709//959 1707//959
f 3073//960 1707//960 3071//960
f 3071//961 1707//961 1705//961
f 3071//962 1705//962 3069//962
f 3069//963 1705//963 1703//963
f 3069//964 1703//964 3067//964
f 3067//965 1703//965 1701//965
f 3067//966 1701//966 3065//966
f 3065//967 1701//967 1699//967
f 3065//968 1699//968 3063//968
f 3063//969 1699//969 1697//969
f 3063//970 1697//970 3061//970
f 3061//971 1697//971 1695//971
f 3061//972 1695//972 3059//972
f 3059//973 1695//973 1693//973
f 3059//974 1693//974 3057//974
f 3057//975 1693//975 1691//975
f 3057//976 1691//976 3055//976
f 3055//977 1691//977 1689//977
f 3055//978 1689//978 3053//978
f 3053//979 1689//979 1687//979
f 3053//980 1687//980 3051//980
f 3051//981 1687//981 1685//981
f 3051//982 1685//982 3049//982
f 3049//983 1685//983 1683//983
f 3049//984 1683//984 3047//984
f 3047//985 1683//985 1681//985
f 3047//986 1681//986 3045//986
f 3045//987 1681//987 1679//987
f 3045//988 1679//988 3043//988
f 3043//989 1679//989 1677//989
f 3043//990 1677//990 3041//990
f 3041//991 1677//991 1675//991
f 3041//992 1675//992 3039//992
f 3039//993 1675//993 1673//993
f 3039//994 1673//994 3037//994
f 3037//995 1673//995 1671//995
f 3037//996 1671//996 3035//996
f 3035//997 1671//997 1669//997
f 3035//998 1669//998 3033//998
f 3033//999 1669//999 1667//999
f 3033//1000 1667//1000 3031//1000
f 3031//1001 1667//1001 1665//1001
f 3031//1002 1665//1002 3029//1002
f 3029//1003 1665//1003 1663//1003
f 3029//1004 1663//1004 3027//1004
f 3027//1005 1663//1005 1661//1005
f 3027//1006 1661//1006 3025//1006
f 3025//1007 1661//1007 1659//1007
f 3025//1008 1659//1008 3023//1008
f 3023//1009 1659//1009 1657//1009
f 3023//1010 1657//1010 3021//1010
f 3021//1011 1657//1011 1655//1011
f 3021//1012 1655//1012 3019//1012
f 3019//1013 1655//1013 1653//1013
f 3019//1014 1653//1014 3017//1014
f 3017//1015 1653//1015 1651//1015
f 3017//1016 1651//1016 3015//1016
f 3015//1017 1651//1017 1649//1017
f 3015//1018 1649//1018 3013//1018
f 3013//1019 1649//1019 1647//1019
f 3013//1020 1647//1020 3011//1020
f 3011//1021 1647//1021 1645//1021
f 3011//1022 1645//1022 3009//1022
f 3009//1023 1645//1023 1643//1023
f 3009//1024 1643//1024 3007//1024
f 3007//1025 1643//1025 1641//1025
f 3007//1026 1641//1026 3005//1026
f 3005//1027 1641//1027 1639//1027
f 3005//1028 1639//1028 3003//1028
f 3003//1029 1639//1029 1637//1029
f 3003//1030 1637//1030 3001//1030
f 3001//1031 1637//1031 1635//1031
f 3001//1032 1635//1032 2999//1032
f 2999//1033 1635//1033 1633//1033
f 2999//1034 1633//1034 2997//1034
f 2997//1035 1633//1035 1631//1035
f 2997//1036 1631//1036 2995//1036
f 2995//1037 1631//1037 1629//1037
f 2995//1038 1629//1038 2993//1038
f 2993//1039 1629//1039 1627//1039
f 2993//1040 1627//1040 2991//1040
f 2991//1041 1627//1041 1625//1041
f 2991//1042 1625//1042 2989//1042
f 2989//1043 1625//1043 1623//1043
f 2989//1044 1623//1044 2987//1044
f 2987//1045 1623//1045 1621//1045
f 2987//1046 1621//1046 2985//1046
f 2985//1047 1621//1047 1619//1047
f 2985//1048 1619//1048 2983//1048
f 2983//1049 1619//1049 1617//1049
f 2983//1050 1617//1050 2981//1050
f 2981//1051 1617//1051 1615//1051
f 2981//1052 1615//1052 2979//1052
f 2979//1053 1615//1053 1613//1053
f 2979//1054 1613//1054 2977//1054
f 2977//1055 1613//1055 1611//1055
f 2977//1056 1611//1056 2975//1056
f 2975//1057 1611//1057 1609//1057
f 2975//1058 1609//1058 2973//1058
f 2973//1059 1609//1059 1607//1059
f 2973//1060 1607//1060 2971//1060
f 2971//1061 1607//1061 1605//1061
f 2971//1062 1605//1062 2969//1062
f 2969//1063 1605//1063 1603//1063
f 2969//1064 1603//1064 2967//1064
f 2967//1065 1603//1065 1601//1065
f 2967//1066 1601//1066 2965//1066
f 2965//1067 1601//1067 1599//1067
f 2965//1068 1599//1068 2963//1068
f 2963//1069 1599//1069 1597//1069
f 2963//1070 1597//1070 2961//1070
f 2961//1071 1597//1071 1595//1071
f 2961//1072 1595//1072 2959//1072
f 2959//1073 1595//1073 1593//1073
f 2959//1074 1593//1074 2957//1074
f 2957//1075 1593//1075 1591//1075
f 2957//1076 1591//1076 2955//1076
f 2955//1077 1591//1077 1589//1077
f 2955//1078 1589//1078 2953//1078
f 2953//1079 1589//1079 1587//1079
f 2953//1080 1587//1080 2951//1080
f 2951//1081 1587//1081 1585//1081
f 2951//1082 1585//1082 2949//1082
f 2949//1083 1585//1083 1583//1083
f 2949//1084 1583//1084 2947//1084
f 2947//1085 1583//1085 1581//1085
f 2947//1086 1581//1086 2945//1086
f 2945//1087 1581//1087 1579//1087
f 2945//1088 1579//1088 2943//1088
f 2943//1089 1579//1089 1577//1089
f 2943//1090 1577//1090 2941//1090
f 2941//1091 1577//1091 1575//1091
f 2941//1092 1575//1092 2939//1092
f 2939//1093 1575//1093 1573//1093
f 2939//1094 1573//1094 2937//1094
f 2937//1095 1573//1095 1571//1095
f 2937//1096 1571//1096 2935//1096
f 2935//1097 1571//1097 1569//1097
f 2935//1098 1569//1098 2933//1098
f 2933//1099 1569//1099 1567//1099
f 2933//1100 1567//1100 2931//1100
f 2931//1101 1567//1101 1565//1101
f 2931//1102 1565//1102 2929//1102
f 2929//1103 1565//1103 1563//1103
f 2929//1104 1563//1104 2927//1104
f 2927//1105 1563//1105 1561//1105
f 2927//1106 1561//1106 2925//1106
f 2925//1107 1561//1107 1559//1107
f 2925//1108 1559//1108 2923//1108
f 2923//1109 1559//1109 1557//1109
f 2923//1110 1557//1110 2921//1110
f 2921//1111 1557//1111 1555//1111
f 2921//1112 1555//1112 2919//1112
f 2919//1113 1555//1113 1553//1113
f 2919//1114 1553//1114 2917//1114
f 2917//1115 1553//1115 1551//1115
f 2917//1116 1551//1116 2915//1116
f 2915//1117 1551//1117 1549//1117
f 2915//1118 1549//1118 2913//1118
f 2913//1119 1549//1119 1547//1119
f 2913//1120 1547//1120 2911//1120
f 2911//1121 1547//1121 1545//1121
f 2911//1122 1545//1122 2909//1122
f 2909//1123 1545//1123 1543//1123
f 2909//1124 1543//1124 2907//1124
f 2907//1125 1543//1125 1541//1125
f 2907//1126 1541//1126 2905//1126
f 2905//1127 1541//1127 1539//1127
f 2905//1128 1539//1128 2903//1128
f 2903//1129 1539//1129 1537//1129
f 2903//1130 1537//1130 2901//1130
f 2901//1131 1537//1131 1535//1131
f 2901//1132 1535//1132 2899//1132
f 2899//1133 1535//1133 1533//1133
f 2899//1134 1533//1134 2897//1134
f 2897//1135 1533//1135 1531//1135
f 2897//1136 1531//1136 2895//1136
f 2895//1137 1531//1137 1529//1137
f 2895//1138 1529//1138 2893//1138
f 2893//1139 1529//1139 1527//1139
f 2893//1140 1527//1140 2891//1140
f 2891//1141 1527//1141 1525//1141
f 2891//1142 1525//1142 2889//1142
f 2889//1143 1525//1143 1523//1143
f 2889//1144 1523//1144 2887//1144
f 2887//1145 1523//1145 1521//1145
f 2887//1146 1521//1146 2885//1146
f 2885//1147 1521//1147 1519//1147
f 2885//1148 1519//1148 2883//1148
f 2883//1149 1519//1149 1517//1149
f 2883//1150 1517//1150 2881//1150
f 2881//1151 1517//1151 1515//1151
f 2881//1152 1515//1152 2879//1152
f 2879//1153 1515//1153 1513//1153
f 2879//1154 1513//1154 2877//1154
f 2877//1155 1513//1155 1511//1155
f 2877//1156 1511//1156 2875//1156
f 2875//1157 1511//1157 1509//1157
f 2875//1158 1509//1158 2873//1158
f 2873//1159 1509//1159 1507//1159
f 2873//1160 1507//1160 2871//1160
f 2871//1161 1507//1161 1505//1161
f 2871//1162 1505//1162 2869//1162
f 2869//1163 1505//1163 1503//1163
f 2869//1164 1503//1164 2867//1164
f 2867//1165 1503//1165 1501//1165
f 2867//1166 1501//1166 2865//1166
f 2865//1167 1501//1167 1499//1167
f 2865//1168 1499//1168 2863//1168
f 2863//1169 1499//1169 1497//1169
f 2863//1170 1497//1170 2861//1170
f 2861//1171 1497//1171 1495//1171
f 2861//1172 1495//1172 2859//1172
f 2859//1173 1495//1173 1493//1173
f 2859//1174 1493//1174 2857//1174
f 2857//1175 1493//1175 1491//1175
f 2857//1176 1491//1176 2855//1176
f 2855//1177 1491//1177 1489//1177
f 2855//1178 1489//1178 2853//1178
f 2853//1179 1489//1179 1487//1179
f 2853//1180 1487//1180 2851//1180
f 2851//1181 1487//1181 1485//1181
f 2851//1182 1485//1182 2849//1182
f 2849//1183 1485//1183 1483//1183
f 2849//1184 1483//1184 2847//1184
f 2847//1185 1483//1185 1481//1185
f 2847//1186 1481//1186 2845//1186
f 2845//1187 1481//1187 1479//1187
f 2845//1188 1479//1188 2843//1188
f 2843//1189 1479//1189 1477//1189
f 2843//1190 1477//1190 2841//1190
f 2841//1191 1477//1191 1475//1191
f 2841//1192 1475//1192 2839//1192
f 2839//1193 1475//1193 1473//1193
f 2839//1194 1473//1194 2837//1194
f 2837//1195 1473//1195 1471//1195
f 2837//1196 1471//1196 2835//1196
f 2835//1197 1471//1197 1469//1197
f 2835//1198 1469//1198 2833//1198
f 2833//1199 1469//1199 1467//1199
f 2833//1200 1467//1200 2831//1200
f 2831//1201 1467//1201 1465//1201
f 2831//1202 1465//1202 2829//1202
f 2829//1203 1465//1203 1463//1203
f 2829//1204 1463//1204 2827//1204
f 2827//1205 1463//1205 1461//1205
f 2827//1206 1461//1206 2825//1206
f 2825//1207 1461//1207 1459//1207
f 2825//1208 1459//1208 2823//1208
f 2823//1209 1459//1209 1457//1209
f 2823//1210 1457//1210 2821//1210
f 2821//1211 1457//1211 1455//1211
f 2821//1212 1455//1212 2819//1212
f 2819//1213 1455//1213 1453//1213
f 2819//1214 1453//1214 2817//1214
f 2817//1215 1453//1215 1451//1215
f 2817//1216 1451//1216 2815//1216
f 2815//1217 1451//1217 1449//1217
f 2815//1218 1449//1218 2813//1218
f 2813//1219 1449//1219 1447//1219
f 2813//1220 1447//1220 2811//1220
f 2811//1221 1447//1221 1445//1221
f 2811//1222 1445//1222 2809//1222
f 2809//1223 1445//1223 1443//1223
f 2809//1224 1443//1224 2807//1224
f 2807//1225 1443//1225 1441//1225
f 2807//1226 1441//1226 2805//1226
f 2805//1227 1441//1227 1439//1227
f 2805//1228 1439//1228 2803//1228
f 2803//1229 1439//1229 1437//1229
f 2803//1230 1437//1230 2801//1230
f 2801//1231 1437//1231 1435//1231
f 2801//1232 1435//1232 2799//1232
f 2799//1233 1435//1233 1433//1233
f 2799//1234 1433//1234 2797//1234
f 2797//1235 1433//1235 1431//1235
f 2797//1236 1431//1236 2795//1236
f 2795//1237 1431//1237 1429//1237
f 2795//1238 1429//1238 2793//1238
f 2793//1239 1429//1239 1427//1239
f 2793//1240 1427//1240 2791//1240
f 2791//1241 1427//1241 1425//1241
f 2791//1242 1425//1242 2789//1242
f 2789//1243 1425//1243 1423//1243
f 2789//1244 1423//1244 2787//1244
f 2787//1245 1423//1245 1421//1245
f 2787//1246 1421//1246 2785//1246
f 2785//1247 1421//1247 1419//1247
f 2785//1248 1419//1248 2783//1248
f 2783//1249 1419//1249 1417//1249
f 2783//1250 1417//1250 2781//1250
f 2781//1251 1417//1251 1415//1251
f 2781//1252 1415//1252 2779//1252
f 2779//1253 1415//1253 1413//1253
f 2779//1254 1413//1254 2777//1254
f 2777//1255 1413//1255 1411//1255
f 2777//1256 1411//1256 2775//1256
f 2775//1257 1411//1257 1409//1257
f 2775//1258 1409//1258 2773//1258
f 2773//1259 1409//1259 1407//1259
f 2773//1260 1407//1260 2771//1260
f 2771//1261 1407//1261 1405//1261
f 2771//1262 1405//1262 2769//1262
f 2769//1263 1405//1263 1403//1263
f 2769//1264 1403//1264 2767//1264
f 2767//1265 1403//1265 1401//1265
f 2767//1266 1401//1266 2765//1266
f 2765//1267 1401//1267 1399//1267
f 2765//1268 1399//1268 2763//1268
f 2763//1269 1399//1269 1397//1269
f 2763//1270 1397//1270 2761//1270
f 2761//1271 1397//1271 1395//1271
f 2761//1272 1395//1272 2759//1272
f 2759//1273 1395//1273 1393//1273
f 2759//1274 1393//1274 2757//1274
f 2757//1275 1393//1275 1391//1275
f 2757//1276 1391//1276 2755//1276
f 2755//1277 1391//1277 1389//1277
f 2755//1278 1389//1278 2753//1278
f 2753//1279 1389//1279 1387//1279
f 2753//1280 1387//1280 2751//1280
f 2751//1281 1387//1281 1385//1281
f 2751//1282 1385//1282 2749//1282
f 2749//1283 1385//1283 1383//1283
f 2749//1284 1383//1284 2747//1284
f 2747//1285 1383//1285 1381//1285
f 2747//1286 1381//1286 2745//1286
f 2745//1287 1381//1287 1379//1287
f 2745//1288 1379//1288 2743//1288
f 2743//1289 1379//1289 1377//1289
f 2743//1290 1377//1290 2741//1290
f 2741//1291 1377//1291 1375//1291
f 2741//1292 1375//1292 2739//1292
f 2739//1293 1375//1293 1373//1293
f 2739//1294 1373//1294 2737//1294
f 2737//1295 1373//1295 1371//1295
f 2737//1296 1371//1296 2735//1296
f 2735//1297 1371//1297 1369//1297
f 2735//1298 1369//1298 2733//1298
f 2733//1299 1369//1299 1367//1299
f 2733//1300 1367//1300 2731//1300
f 2731//1301 1367//1301 1365//1301
f 2731//1302 1365//1302 2729//1302
f 2729//1303 1365//1303 1363//1303
f 2729//1304 1363//1304 2727//1304
f 2727//1305 1363//1305 1361//1305
f 2727//1306 1361//1306 2725//1306
f 2725//1307 1361//1307 1359//1307
f 2725//1308 1359//1308 2723//1308
f 2723//1309 1359//1309 1357//1309
f 2723//1310 1357//1310 2721//1310
f 2721//1311 1357//1311 1355//1311
f 2721//1312 1355//1312 2719//1312
f 2719//1313 1355//1313 1353//1313
f 2719//1314 1353//1314 2717//1314
f 2717//1315 1353//1315 1351//1315
f 2717//1316 1351//1316 2715//1316
f 2715//1317 1351//1317 1349//1317
f 2715//1318 1349//1318 2713//1318
f 2713//1319 1349//1319 1347//1319
f 2713//1320 1347//1320 2711//1320
f 2711//1321 1347//1321 1345//1321
f 2711//1322 1345//1322 2709//1322
f 2709//1323 1345//1323 1343//1323
f 2709//1324 1343//1324 2707//1324
f 2707//1325 1343//1325 1341//1325
f 2707//1326 1341//1326 2705//1326
f 2705//1327 1341//1327 1339//1327
f 2705//1328 1339//1328 2703//1328
f 2703//1329 1339//1329 1337//1329
f 2703//1330 1337//1330 2701//1330
f 2701//1331 1337//1331 1335//1331
f 2701//1332 1335//1332 2699//1332
f 2699//1333 1335//1333 1333//1333
f 2699//1334 1333//1334 2697//1334
f 2697//1335 1333//1335 1331//1335
f 2697//1336 1331//1336 2695//1336
f 2695//1337 1331//1337 1329//1337
f 2695//1338 1329//1338 2693//1338
f 2693//1339 1329//1339 1327//1339
f 2693//1340 1327//1340 2691//1340
f 2691//1341 1327//1341 1325//1341
f 2691//1342 1325//1342 2689//1342
f 2689//1343 1325//1343 1323//1343
f 2689//1344 1323//1344 2687//1344
f 2687//1345 1323//1345 1321//1345
f 2687//1346 1321//1346 2685//1346
f 2685//1347 1321//1347 1319//1347
f 2685//1348 1319//1348 2683//1348
f 2683//1349 1319//1349 1317//1349
f 2683//1350 1317//1350 2681//1350
f 2681//1351 1317//1351 1315//1351
f 2681//1352 1315//1352 2679//1352
f 2679//1353 1315//1353 1313//1353
f 2679//1354 1313//1354 2677//1354
f 2677//1355 1313//1355 1311//1355
f 2677//1356 1311//1356 2675//1356
f 2675//1357 1311//1357 1309//1357
f 2675//1358 1309//1358 2673//1358
f 2673//1359 1309//1359 1307//1359
f 2673//1360 1307//1360 2671//1360
f 2671//1361 1307//1361 1305//1361
f 2671//1362 1305//1362 2669//1362
f 2669//1363 1305//1363 1303//1363
f 2669//1364 1303//1364 2667//1364
f 2667//1365 1303//1365 1301//1365
f 2667//1366 1301//1366 2665//1366
f 2665//1367 1301//1367 1299//1367
f 2665//1368 1299//1368 2663//1368
f 2663//1369 1299//1369 1297//1369
f 2663//1370 1297//1370 2661//1370
f 2661//1371 1297//1371 1295//1371
f 2661//1372 1295//1372 2659//1372
f 2659//1373 1295//1373 1293//1373
f 2659//1374 1293//1374 2657//1374
f 2657//1375 1293//1375 1291//1375
f 2657//1376 1291//1376 2655//1376
f 2655//1377 1291//1377 1289//1377
f 2655//1378 1289//1378 2653//1378
f 2653//1379 1289//1379 1287//1379
f 2653//1380 1287//1380 2651//1380
f 2651//1381 1287//1381 1285//1381
f 2651//1382 1285//1382 2649//1382
f 2649//1383 1285//1383 1283//1383
f 2649//1384 1283//1384 2647//1384
f 2647//1385 1283//1385 1281//1385
f 2647//1386 1281//1386 2645//1386
f 2645//1387 1281//1387 1279//1387
f 2645//1388 1279//1388 2643//1388
f 2643//1389 1279//1389 1277//1389
f 2643//1390 1277//1390 2641//1390
f 2641//1391 1277//1391 1275//1391
f 2641//1392 1275//1392 2639//1392
f 2639//1393 1275//1393 1273//1393
f 2639//1394 1273//1394 2637//1394
f 2637//1395 1273//1395 1271//1395
f 2637//1396 1271//1396 2635//1396
f 2635//1397 1271//1397 1269//1397
f 2635//1398 1269//1398 2633//1398
f 2633//1399 1269//1399 1267//1399
f 2633//1400 1267//1400 2631//1400
f 2631//1401 1267//1401 1265//1401
f 2631//1402 1265//1402 2629//1402
f 2629//1403 1265//1403 1263//1403
f 2629//1404 1263//1404 2627//1404
f 2627//1405 1263//1405 1261//1405
f 2627//1406 1261//1406 2625//1406
f 2625//1407 1261//1407 1259//1407
f 2625//1408 1259//1408 2623//1408
f 2623//1409 1259//1409 1257//1409
f 2623//1410 1257//1410 2621//1410
f 2621//1411 1257//1411 1255//1411
f 2621//1412 1255//1412 2619//1412
f 2619//1413 1255//1413 1253//1413
f 2619//1414 1253//1414 2617//1414
f 2617//1415 1253//1415 1251//1415
f 2617//1416 1251//1416 2615//1416
f 2615//1417 1251//1417 1249//1417
f 2615//1418 1249//1418 2613//1418
f 2613//1419 1249//1419 1247//1419
f 2613//1420 1247//1420 2611//1420
f 2611//1421 1247//1421 1245//1421
f 2611//1422 1245//1422 2609//1422
f 2609//1423 1245//1423 1243//1423
f 2609//1424 1243//1424 2607//1424
f 2607//1425 1243//1425 1241//1425
f 2607//1426 1241//1426 2605//1426
f 2605//1427 1241//1427 1239//1427
f 2605//1428 1239//1428 2603//1428
f 2603//1429 1239//1429 1237//1429
f 2603//1430 1237//1430 2601//1430
f 2601//1431 1237//1431 1235//1431
f 2601//1432 1235//1432 2599//1432
f 2599//1433 1235//1433 1233//1433
f 2599//1434 1233//1434 2597//1434
f 2597//1435 1233//1435 1231//1435
f 2597//1436 1231//1436 2595//1436
f 2595//1437 1231//1437 1229//1437
f 2595//1438 1229//1438 2593//1438
f 2593//1439 1229//1439 1227//1439
f 2593//1440 1227//1440 2591//1440
f 2591//1441 1227//1441 1225//1441
f 2591//1442 1225//1442 2589//1442
f 2589//1443 1225//1443 1223//1443
f 2589//1444 1223//1444 2587//1444
f 2587//1445 1223//1445 1221//1445
f 2587//1446 1221//1446 2585//1446
f 2585//1447 1221//1447 1219//1447
f 2585//1448 1219//1448 2583//1448
f 2583//1449 1219//1449 1217//1449
f 2583//1450 1217//1450 2581//1450
f 2581//1451 1217//1451 1215//1451
f 2581//1452 1215//1452 2579//1452
f 2579//1453 1215//1453 1213//1453
f 2579//1454 1213//1454 2577//1454
f 2577//1455 1213//1455 1212//1455
f 2577//1456 1212//1456 2575//1456
f 2575//1457 1212//1457 1210//1457
f 2575//1458 1210//1458 2573//1458
f 2573//1459 1210//1459 1208//1459
f 2573//1460 1208//1460 2571//1460
f 2571//1461 1208//1461 1206//1461
f 2571//1462 1206//1462 2569//1462
f 2569//1463 1206//1463 1204//1463
f 2569//1464 1204//1464 2567//1464
f 2567//1465 1204//1465 1202//1465
f 2567//1466 1202//1466 2565//1466
f 2565//1467 1202//1467 1200//1467
f 2565//1468 1200//1468 2563//1468
f 2563//1469 1200//1469 1198//1469
f 2563//1470 1198//1470 2560//1470
f 2560//1471 1198//1471 1196//1471
f 2560//1472 1196//1472 2561//1472
f 2561//1473 1196//1473 1194//1473
f 2561//1474 1194//1474 2558//1474
f 2558//1475 1194//1475 1192//1475
f 2558//1476 1192//1476 2556//1476
f 2556//1477 1192//1477 1190//1477
f 2556//1478 1190//1478 2554//1478
f 2554//1479 1190//1479 1188//1479
f 2554//1480 1188//1480 2552//1480
f 2552//1481 1188//1481 1186//1481
f 2552//1482 1186//1482 2550//1482
f 2550//1483 1186//1483 1184//1483
f 2550//1484 1184//1484 2548//1484
f 2548//1485 1184//1485 1182//1485
f 2548//1486 1182//1486 2546//1486
f 2546//1487 1182//1487 1180//1487
f 2546//1488 1180//1488 2544//1488
f 2544//1489 1180//1489 1178//1489
f 2544//1490 1178//1490 2542//1490
f 2542//1491 1178//1491 1176//1491
f 2542//1492 1176//1492 2540//1492
f 2540//1493 1176//1493 1174//1493
f 2540//1494 1174//1494 2538//1494
f 2538//1495 1174//1495 1172//1495
f 2538//1496 1172//1496 2536//1496
f 2536//1497 1172//1497 1170//1497
f 2536//1498 1170//1498 2534//1498
f 2534//1499 1170//1499 1168//1499
f 2534//1500 1168//1500 2532//1500
f 2532//1501 1168//1501 1166//1501
f 2532//1502 1166//1502 2530//1502
f 2530//1503 1166//1503 1164//1503
f 2530//1504 1164//1504 2528//1504
f 2528//1505 1164//1505 1162//1505
f 2528//1506 1162//1506 2526//1506
f 2526//1507 1162//1507 1160//1507
f 2526//1508 1160//1508 2524//1508
f 2524//1509 1160//1509 1158//1509
f 2524//1510 1158//1510 2522//1510
f 2522//1511 1158//1511 1156//1511
f 2522//1512 1156//1512 2520//1512
f 2520//1513 1156//1513 1154//1513
f 2520//1514 1154//1514 2518//1514
f 2518//1515 1154//1515 1152//1515
f 2518//1516 1152//1516 2516//1516
f 2516//1517 1152//1517 1150//1517
f 2516//1518 1150//1518 2514//1518
f 2514//1519 1150//1519 1148//1519
f 2514//1520 1148//1520 2512//1520
f 2512//1521 1148//1521 1146//1521
f 2512//1522 1146//1522 2510//1522
f 2510//1523 1146//1523 1144//1523
f 2510//1524 1144//1524 2508//1524
f 2508//1525 1144//1525 1142//1525
f 2508//1526 1142//1526 2506//1526
f 2506//1527 1142//1527 1140//1527
f 2506//1528 1140//1528 2504//1528
f 2504//1529 1140//1529 1138//1529
f 2504//1530 1138//1530 2502//1530
f 2502//1531 1138//1531 1136//1531
f 2502//1532 1136//1532 2500//1532
f 2500//1533 1136//1533 1134//1533
f 2500//1534 1134//1534 2498//1534
f 2498//1535 1134//1535 1132//1535
f 2498//1536 1132//1536 2496//1536
f 2496//1537 1132//1537 1130//1537
f 2496//1538 1130//1538 2494//1538
f 2494//1539 1130//1539 1128//1539
f 2494//1540 1128//1540 2492//1540
f 2492//1541 1128//1541 1126//1541
f 2492//1542 1126//1542 2490//1542
f 2490//1543 1126//1543 1124//1543
f 2490//1544 1124//1544 2488//1544
f 2488//1545 1124//1545 1122//1545
f 2488//1546 1122//1546 2486//1546
f 2486//1547 1122//1547 1120//1547
f 2486//1548 1120//1548 2484//1548
f 2484//1549 1120//1549 1118//1549
f 2484//1550 1118//1550 2482//1550
f 2482//1551 1118//1551 1116//1551
f 2482//1552 1116//1552 2480//1552
f 2480//1553 1116//1553 1114//1553
f 2480//1554 1114//1554 2478//1554
f 2478//1555 1114//1555 1112//1555
f 2478//1556 1112//1556 2476//1556
f 2476//1557 1112//1557 1110//1557
f 2476//1558 1110//1558 2474//1558
f 2474//1559 1110//1559 1108//1559
f 2474//1560 1108//1560 2472//1560
f 2472//1561 1108//1561 1106//1561
f 2472//1562 1106//1562 2470//1562
f 2470//1563 1106//1563 1104//1563
f 2470//1564 1104//1564 2468//1564
f 2468//1565 1104//1565 1102//1565
f 2468//1566 1102//1566 2466//1566
f 2466//1567 1102//1567 1100//1567
f 2466//1568 1100//1568 2464//1568
f 2464//1569 1100//1569 1098//1569
f 2464//1570 1098//1570 2462//1570
f 2462//1571 1098//1571 1096//1571
f 2462//1572 1096//1572 2460//1572
f 2460//1573 1096//1573 1094//1573
f 2460//1574 1094//1574 2458//1574
f 2458//1575 1094//1575 1092//1575
f 2458//1576 1092//1576 2456//1576
f 2456//1577 1092//1577 1090//1577
f 2456//1578 1090//1578 2454//1578
f 2454//1579 1090//1579 1088//1579
f 2454//1580 1088//1580 2452//1580
f 2452//1581 1088//1581 1086//1581
f 2452//1582 1086//1582 2450//1582
f 2450//1583 1086//1583 1084//1583
f 2450//1584 1084//1584 2448//1584
f 2448//1585 1084//1585 1082//1585
f 2448//1586 1082//1586 2446//1586
f 2446//1587 1082//1587 1080//1587
f 2446//1588 1080//1588 2444//1588
f 2444//1589 1080//1589 1078//1589
f 2444//1590 1078//1590 2442//1590
f 2442//1591 1078//1591 1076//1591
f 2442//1592 1076//1592 2440//1592
f 2440//1593 1076//1593 1074//1593
f 2440//1594 1074//1594 2438//1594
f 2438//1595 1074//1595 1072//1595
f 2438//1596 1072//1596 2436//1596
f 2436//1597 1072//1597 1070//1597
f 2436//1598 1070//1598 2434//1598
f 2434//1599 1070//1599 1068//1599
f 2434//1600 1068//1600 2432//1600
f 2432//1601 1068//1601 1066//1601
f 2432//1602 1066//1602 2430//1602
f 2430//1603 1066//1603 1064//1603
f 2430//1604 1064//1604 2428//1604
f 2428//1605 1064//1605 1062//1605
f 2428//1606 1062//1606 2426//1606
f 2426//1607 1062//1607 1060//1607
f 2426//1608 1060//1608 2424//1608
f 2424//1609 1060//1609 1058//1609
f 2424//1610 1058//1610 2422//1610
f 2422//1611 1058//1611 1056//1611
f 2422//1612 1056//1612 2420//1612
f 2420//1613 1056//1613 1054//1613
f 2420//1614 1054//1614 2418//1614
f 2418//1615 1054//1615 1052//1615
f 2418//1616 1052//1616 2416//1616
f 2416//1617 1052//1617 1050//1617
f 2416//1618 1050//1618 2414//1618
f 2414//1619 1050//1619 1048//1619
f 2414//1620 1048//1620 2412//1620
f 2412//1621 1048//1621 1046//1621
f 2412//1622 1046//1622 2410//1622
f 2410//1623 1046//1623 1044//1623
f 2410//1624 1044//1624 2408//1624
f 2408//1625 1044//1625 1042//1625
f 2408//1626 1042//1626 2406//1626
f 2406//1627 1042//1627 1040//1627
f 2406//1628 1040//1628 2404//1628
f 2404//1629 1040//1629 1039//1629
f 2404//1630 1039//1630 2402//1630
f 2402//1631 1039//1631 1037//1631
f 2402//1632 1037//1632 2400//1632
f 2400//1633 1037//1633 1035//1633
f 2400//1634 1035//1634 2398//1634
f 2398//1635 1035//1635 1033//1635
f 2398//1636 1033//1636 2396//1636
f 2396//1637 1033//1637 1031//1637
f 2396//1638 1031//1638 2393//1638
f 2393//1639 1031//1639 1029//1639
f 2393//1640 1029//1640 2394//1640
f 2394//1641 1029//1641 1027//1641
f 2394//1642 1027//1642 2391//1642
f 2391//1643 1027//1643 1025//1643
f 2391//1644 1025//1644 2389//1644
f 2389//1645 1025//1645 1023//1645
f 2389//1646 1023//1646 2387//1646
f 2387//1647 1023//1647 1021//1647
f 2387//1648 1021//1648 2385//1648
f 2385//1649 1021//1649 1019//1649
f 2385//1650 1019//1650 2383//1650
f 2383//1651 1019//1651 1017//1651
f 2383//1652 1017//1652 2381//1652
f 2381//1653 1017//1653 1015//1653
f 2381//1654 1015//1654 2379//1654
f 2379//1655 1015//1655 1013//1655
f 2379//1656 1013//1656 2377//1656
f 2377//1657 1013//1657 1011//1657
f 2377//1658 1011//1658 2375//1658
f 2375//1659 1011//1659 1009//1659
f 2375//1660 1009//1660 2373//1660
f 2373//1661 1009//1661 1007//1661
f 2373//1662 1007//1662 2371//1662
f 2371//1663 1007//1663 1005//1663
f 2371//1664 1005//1664 2369//1664
f 2369//1665 1005//1665 1003//1665
f 2369//1666 1003//1666 2367//1666
f 2367//1667 1003//1667 1001//1667
f 2367//1668 1001//1668 2365//1668
f 2365//1669 1001//1669 999//1669
f 2365//1670 999//1670 2363//1670
f 2363//1671 999//1671 997//1671
f 2363//1672 997//1672 2361//1672
f 2361//1673 997//1673 995//1673
f 2361//1674 995//1674 2359//1674
f 2359//1675 995//1675 993//1675
f 2359//1676 993//1676 2357//1676
f 2357//1677 993//1677 991//1677
f 2357//1678 991//1678 2355//1678
f 2355//1679 991//1679 989//1679
f 2355//1680 989//1680 2353//1680
f 2353//1681 989//1681 987//1681
f 2353//1682 987//1682 2351//1682
f 2351//1683 987//1683 985//1683
f 2351//1684 985//1684 2349//1684
f 2349//1685 985//1685 983//1685
f 2349//1686 983//1686 2347//1686
f 2347//1687 983//1687 981//1687
f 2347//1688 981//1688 2345//1688
f 2345//1689 981//1689 979//1689
f 2345//1690 979//1690 2343//1690
f 2343//1691 979//1691 977//1691
f 2343//1692 977//1692 2341//1692
f 2341//1693 977//1693 975//1693
f 2341//1694 975//1694 2339//1694
f 2339//1695 975//1695 973//1695
f 2339//1696 973//1696 2337//1696
f 2337//1697 973//1697 971//1697
f 2337//1698 971//1698 2335//1698
f 2335//1699 971//1699 969//1699
f 2335//1700 969//1700 2333//1700
f 2333//1701 969//1701 967//1701
f 2333//1702 967//1702 2331//1702
f 2331//1703 967//1703 965//1703
f 2331//1704 965//1704 2329//1704
f 2329//1705 965//1705 963//1705
f 2329//1706 963//1706 2327//1706
f 2327//1707 963//1707 961//1707
f 2327//1708 961//1708 2325//1708
f 2325//1709 961//1709 959//1709
f 2325//1710 959//1710 2323//1710
f 2323//1711 959//1711 957//1711
f 2323//1712 957//1712 2321//1712
f 2321//1713 957//1713 955//1713
f 2321//1714 955//1714 2319//1714
f 2319//1715 955//1715 953//1715
f 2319//1716 953//1716 2317//1716
f 2317//1717 953//1717 951//1717
f 2317//1718 951//1718 2315//1718
f 2315//1719 951//1719 949//1719
f 2315//1720 949//1720 2313//1720
f 2313//1721 949//1721 947//1721
f 2313//1722 947//1722 2311//1722
f 2311//1723 947//1723 945//1723
f 2311//1724 945//1724 2309//1724
f 2309//1725 945//1725 943//1725
f 2309//1726 943//1726 2307//1726
f 2307//1727 943//1727 941//1727
f 2307//1728 941//1728 2305//1728
f 2305//1729 941//1729 939//1729
f 2305//1730 939//1730 2303//1730
f 2303//1731 939//1731 937//1731
f 2303//1732 937//1732 2301//1732
f 2301//1733 937//1733 935//1733
f 2301//1734 935//1734 2299//1734
f 2299//1735 935//1735 933//1735
f 2299//1736 933//1736 2297//1736
f 2297//1737 933//1737 931//1737
f 2297//1738 931//1738 2295//1738
f 2295//1739 931//1739 929//1739
f 2295//1740 929//1740 2293//1740
f 2293//1741 929//1741 927//1741
f 2293//1742 927//1742 2291//1742
f 2291//1743 927//1743 925//1743
f 2291//1744 925//1744 2289//1744
f 2289//1745 925//1745 923//1745
f 2289//1746 923//1746 2287//1746
f 2287//1747 923//1747 921//1747
f 2287//1748 921//1748 2285//1748
f 2285//1749 921//1749 919//1749
f 2285//1750 919//1750 2283//1750
f 2283//1751 919//1751 917//1751
f 2283//1752 917//1752 2281//1752
f 2281//1753 917//1753 915//1753
f 2281//1754 915//1754 2279//1754
f 2279//1755 915//1755 914//1755
f 2279//1756 914//1756 2277//1756
f 2277//1757 914//1757 912//1757
f 2277//1758 912//1758 2275//1758
f 2275//1759 912//1759 910//1759
f 2275//1760 910//1760 2272//1760
f 2272//1761 910//1761 908//1761
f 2272//1762 908//1762 2273//1762
f 2273//1763 908//1763 906//1763
f 2273//1764 906//1764 2270//1764
f 2270//1765 906//1765 904//1765
f 2270//1766 904//1766 2268//1766
f 2268//1767 904//1767 902//1767
f 2268//1768 902//1768 2266//1768
f 2266//1769 902//1769 900//1769
f 2266//1770 900//1770 2264//1770
f 2264//1771 900//1771 898//1771
f 2264//1772 898//1772 2262//1772
f 2262//1773 898//1773 896//1773
f 2262//1774 896//1774 2260//1774
f 2260//1775 896//1775 894//1775
f 2260//1776 894//1776 2258//1776
f 2258//1777 894//1777 892//1777
f 2258//1778 892//1778 2256//1778
f 2256//1779 892//1779 890//1779
f 2256//1780 890//1780 2254//1780
f 2254//1781 890//1781 888//1781
f 2254//1782 888//1782 2252//1782
f 2252//1783 888//1783 886//1783
f 2252//1784 886//1784 2250//1784
f 2250//1785 886//1785 884//1785
f 2250//1786 884//1786 2248//1786
f 2248//1787 884//1787 882//1787
f 2248//1788 882//1788 2246//1788
f 2246//1789 882//1789 880//1789
f 2246//1790 880//1790 2244//1790
f 2244//1791 880//1791 878//1791
f 2244//1792 878//1792 2242//1792
f 2242//1793 878//1793 876//1793
f 2242//1794 876//1794 2240//1794
f 2240//1795 876//1795 874//1795
f 2240//1796 874//1796 2238//1796
f 2238//1797 874//1797 872//1797
f 2238//1798 872//1798 2236//1798
f 2236//1799 872//1799 870//1799
f 2236//1800 870//1800 2234//1800
f 2234//1801 870//1801 868//1801
f 2234//1802 868//1802 2232//1802
f 2232//1803 868//1803 866//1803
f 2232//1804 866//1804 2230//1804
f 2230//1805 866//1805 864//1805
f 2230//1806 864//1806 2228//1806
f 2228//1807 864//1807 862//1807
f 2228//1808 862//1808 2226//1808
f 2226//1809 862//1809 860//1809
f 2226//1810 860//1810 2224//1810
f 2224//1811 860//1811 858//1811
f 2224//1812 858//1812 2222//1812
f 2222//1813 858//1813 856//1813
f 2222//1814 856//1814 2220//1814
f 2220//1815 856//1815 854//1815
f 2220//1816 854//1816 2218//1816
f 2218//1817 854//1817 852//1817
f 2218//1818 852//1818 2216//1818
f 2216//1819 852//1819 850//1819
f 2216//1820 850//1820 2213//1820
f 2213//1821 850//1821 849//1821
f 849//1822 2214//1822 2213//1822
f 1918//1823 1917//1823 3593//1823
f 1918//1824 3593//1824 3594//1824
f 3594//1825 3593//1825 3595//1825
f 3594//1825 3595//1825 3596//1825
f 3596//1825 3595//1825 3597//1825
f 3596//1825 3597//1825 3598//1825
f 3598//1825 3597//1825 3599//1825
f 3598//1825 3599//1825 3600//1825
f 3600//1825 3599//1825 3601//1825
f 3600//1825 3601//1825 3602//1825
f 3602//1825 3601//1825 3603//1825
f 3602//1825 3603//1825 3604//1825
f 3604//1825 3603//1825 3605//1825
f 3604//1825 3605//1825 3606//1825
f 3606//1825 3605//1825 3607//1825
f 3606//1825 3607//1825 3608//1825
f 3608//1825 3607//1825 3609//1825
f 3608//1825 3609//1825 3610//1825
f 3610//1825 3609//1825 3611//1825
f 3610//1825 3611//1825 3612//1825
f 3612//1825 3611//1825 3613//1825
f 3612//1825 3613//1825 3614//1825
f 3614//1825 3613//1825 3615//1825
f 3614//1825 3615//1825 3616//1825
f 3616//1825 3615//1825 3617//1825
f 3616//1825 3617//1825 3618//1825
f 3618//1825 3617//1825 3619//1825
f 3618//1825 3619//1825 3620//1825
f 3620//1825 3619//1825 3621//1825
f 3620//1825 3621//1825 3622//1825
f 3622//1825 3621//1825 3623//1825
f 3622//1825 3623//1825 3624//1825
f 3624//1825 3623//1825 3625//1825
f 3624//1825 3625//1825 3626//1825
f 3626//1825 3625//1825 3627//1825
f 3626//1825 3627//1825 3628//1825
f 3628//1826 3627//1826 3532//1826
f 3628//1827 3532//1827 3472//1827
f 1917//1828 1916//1828 3629//1828
f 1917//1829 3629//1829 3593//1829
f 3593//1830 3629//1830 3630//1830
f 3593//1830 3630//1830 3595//1830
f 3595//1830 3630//1830 3631//1830
f 3595//1830 3631//1830 3597//1830
f 3597//1830 3631//1830 3632//1830
f 3597//1830 3632//1830 3599//1830
f 3599//1830 3632//1830 3633//1830
f 3599//1830 3633//1830 3601//1830
f 3601//1830 3633//1830 3634//1830
f 3601//1830 3634//1830 3603//1830
f 3603//1830 3634//1830 3635//1830
f 3603//1830 3635//1830 3605//1830
f 3605//1830 3635//1830 3636//1830
f 3605//1830 3636//1830 3607//1830
f 3607//1830 3636//1830 3637//1830
f 3607//1830 3637//1830 3609//1830
f 3609//1830 3637//1830 3638//1830
f 3609//1830 3638//1830 3611//1830
f 3611//1830 3638//1830 3639//1830
f 3611//1830 3639//1830 3613//1830
f 3613//1830 3639//1830 3640//1830
f 3613//1830 3640//1830 3615//1830
f 3615//1830 3640//1830 3641//1830
f 3615//1830 3641//1830 3617//1830
f 3617//1830 3641//1830 3642//1830
f 3617//1830 3642//1830 3619//1830
f 3619//1830 3642//1830 3643//1830
f 3619//1830 3643//1830 3621//1830
f 3621//1830 3643//1830 3644//1830
f 3621//1830 3644//1830 3623//1830
f 3623//1830 3644//1830 3645//1830
f 3623//1830 3645//1830 3625//1830
f 3625//1830 3645//1830 3646//1830
f 3625//1830 3646//1830 3627//1830
f 3627//1831 3646//1831 3533//1831
f 3627//1832 3533//1832 3532//1832
f 1916//1833 1915//1833 3647//1833
f 1916//1834 3647//1834 3629//1834
f 3629//1835 3647//1835 3648//1835
f 3629//1835 3648//1835 3630//1835
f 3630//1835 3648//1835 3649//1835
f 3630//1835 3649//1835 3631//1835
f 3631//1835 3649//1835 3650//1835
f 3631//1835 3650//1835 3632//1835
f 3632//1835 3650//1835 3651//1835
f 3632//1835 3651//1835 3633//1835
f 3633//1835 3651//1835 3652//1835
f 3633//1835 3652//1835 3634//1835
f 3634//1835 3652//1835 3653//1835
f 3634//1835 3653//1835 3635//1835
f 3635//1835 3653//1835 3654//1835
f 3635//1835 3654//1835 3636//1835
f 3636//1835 3654//1835 3655//1835
f 3636//1835 3655//1835 3637//1835
f 3637//1835 3655//1835 3656//1835
f 3637//1835 3656//1835 3638//1835
f 3638//1835 3656//1835 3657//1835
f 3638//1835 3657//1835 3639//1835
f 3639//1835 3657//1835 3658//1835
f 3639//1835 3658//1835 3640//1835
f 3640//1835 3658//1835 3659//1835
f 3640//1835 3659//1835 3641//1835
f 3641//1835 3659//1835 3660//1835
f 3641//1835 3660//1835 3642//1835
f 3642//1835 3660//1835 3661//1835
f 3642//1835 3661//1835 3643//1835
f 3643//1835 3661//1835 3662//1835
f 3643//1835 3662//1835 3644//1835
f 3644//1835 3662//1835 3663//1835
f 3644//1835 3663//1835 3645//1835
f 3645//1835 3663//1835 3664//1835
f 3645//1835 3664//1835 3646//1835
f 3646//1836 3664//1836 1957//1836
f 3646//1837 1957//1837 1958//1837
f 1915//1838 1914//1838 3665//1838
f 1915//1839 3665//1839 3647//1839
f 3647//1840 3665//1840 3666//1840
f 3647//1840 3666//1840 3648//1840
f 3648//1840 3666//1840 3667//1840
f 3648//1840 3667//1840 3649//1840
f 3649//1840 3667//1840 3668//1840
f 3649//1840 3668//1840 3650//1840
f 3650//1840 3668//1840 3669//1840
f 3650//1840 3669//1840 3651//1840
f 3651//1840 3669//1840 3670//1840
f 3651//1840 3670//1840 3652//1840
f 3652//1840 3670//1840 3671//1840
f 3652//1840 3671//1840 3653//1840
f 3653//1840 3671//1840 3672//1840
f 3653//1840 3672//1840 3654//1840
f 3654//1840 3672//1840 3673//1840
f 3654//1840 3673//1840 3655//1840
f 3655//1840 3673//1840 3674//1840
f 3655//1840 3674//1840 3656//1840
f 3656//1840 3674//1840 3675//1840
f 3656//1840 3675//1840 3657//1840
f 3657//1840 3675//1840 3676//1840
f 3657//1840 3676//1840 3658//1840
f 3658//1840 3676//1840 3677//1840
f 3658//1840 3677//1840 3659//1840
f 3659//1840 3677//1840 3678//1840
f 3659//1840 3678//1840 3660//1840
f 3660//1840 3678//1840 3679//1840
f 3660//1840 3679//1840 3661//1840
f 3661//1840 3679//1840 3680//1840
f 3661//1840 3680//1840 3662//1840
f 3662//1840 3680//1840 3681//1840
f 3662//1840 3681//1840 3663//1840
f 3663//1840 3681//1840 3682//1840
f 3663//1840 3682//1840 3664//1840
f 3664//1841 3682//1841 1956//1841
f 3664//1842 1956//1842 1957//1842
f 1914//1843 1913//1843 3683//1843
f 1914//1844 3683//1844 3665//1844
f 3665//1845 3683//1845 3684//1845
f 3665//1845 3684//1845 3666//1845
f 3666//1845 3684//1845 3685//1845
f 3666//1845 3685//1845 3667//1845
f 3667//1845 3685//1845 3686//1845
f 3667//1845 3686//1845 3668//1845
f 3668//1845 3686//1845 3687//1845
f 3668//1845 3687//1845 3669//1845
f 3669//1845 3687//1845 3688//1845
f 3669//1845 3688//1845 3670//1845
f 3670//1845 3688//1845 3689//1845
f 3670//1845 3689//1845 3671//1845
f 3671//1845 3689//1845 3690//1845
f 3671//1845 3690//1845 3672//1845
f 3672//1845 3690//1845 3691//1845
f 3672//1845 3691//1845 3673//1845
f 3673//1845 3691//1845 3692//1845
f 3673//1845 3692//1845 3674//1845
f 3674//1845 3692//1845 3693//1845
f 3674//1845 3693//1845 3675//1845
f 3675//1845 3693//1845 3694//1845
f 3675//1845 3694//1845 3676//1845
f 3676//1845 3694//1845 3695//1845
f 3676//1845 3695//1845 3677//1845
f 3677//1845 3695//1845 3696//1845
f 3677//1845 3696//1845 3678//1845
f 3678//1845 3696//1845 3697//1845
f 3678//1845 3697//1845 3679//1845
f 3679//1845 3697//1845 3698//1845
f 3679//1845 3698//1845 3680//1845
f 3680//1845 3698//1845 3699//1845
f 3680//1845 3699//1845 3681//1845
f 3681//1845 3699//1845 3700//1845
f 3681//1845 3700//1845 3682//1845
f 3682//1846 3700//1846 1955//1846
f 3682//1847 1955//1847 1956//1847
f 1913//1848 1912//1848 3701//1848
f 1913//1849 3701//1849 3683//1849
f 3683//1850 3701//1850 3702//1850
f 3683//1850 3702//1850 3684//1850
f 3684//1850 3702//1850 3703//1850
f 3684//1850 3703//1850 3685//1850
f 3685//1850 3703//1850 3704//1850
f 3685//1850 3704//1850 3686//1850
f 3686//1850 3704//1850 3705//1850
f 3686//1850 3705//1850 3687//1850
f 3687//1850 3705//1850 3706//1850
f 3687//1850 3706//1850 3688//1850
f 3688//1850 3706//1850 3707//1850
f 3688//1850 3707//1850 3689//1850
f 3689//1850 3707//1850 3708//1850
f 3689//1850 3708//1850 3690//1850
f 3690//1850 3708//1850 3709//1850
f 3690//1850 3709//1850 3691//1850
f 3691//1850 3709//1850 3710//1850
f 3691//1850 3710//1850 3692//1850
f 3692//1850 3710//1850 3711//1850
f 3692//1850 3711//1850 3693//1850
f 3693//1850 3711//1850 3712//1850
f 3693//1850 3712//1850 3694//1850
f 3694//1850 3712//1850 3713//1850
f 3694//1850 3713//1850 3695//1850
f 3695//1850 3713//1850 3714//1850
f 3695//1850 3714//1850 3696//1850
f 3696//1850 3714//1850 3715//1850
f 3696//1850 3715//1850 3697//1850
f 3697//1850 3715//1850 3716//1850
f 3697//1850 3716//1850 3698//1850
f 3698//1850 3716//1850 3717//1850
f 3698//1850 3717//1850 3699//1850
f 3699//1850 3717//1850 3718//1850
f 3699//1850 3718//1850 3700//1850
f 3700//1851 3718//1851 1954//1851
f 3700//1852 1954//1852 1955//1852
f 1912//1853 1911//1853 3719//1853
f 1912//1854 3719//1854 3701//1854
f 3701//1855 3719//1855 3720//1855
f 3701//1855 3720//1855 3702//1855
f 3702//1855 3720//1855 3721//1855
f 3702//1855 3721//1855 3703//1855
f 3703//1855 3721//1855 3722//1855
f 3703//1855 3722//1855 3704//1855
f 3704//1855 3722//1855 3723//1855
f 3704//1855 3723//1855 3705//1855
f 3705//1855 3723//1855 3724//1855
f 3705//1855 3724//1855 3706//1855
f 3706//1855 3724//1855 3725//1855
f 3706//1855 3725//1855 3707//1855
f 3707//1855 3725//1855 3726//1855
f 3707//1855 3726//1855 3708//1855
f 3708//1855 3726//1855 3727//1855
f 3708//1855 3727//1855 3709//1855
f 3709//1855 3727//1855 3728//1855
f 3709//1855 3728//1855 3710//1855
f 3710//1855 3728//1855 3729//1855
f 3710//1855 3729//1855 3711//1855
f 3711//1855 3729//1855 3730//1855
f 3711//1855 3730//1855 3712//1855
f 3712//1855 3730//1855 3731//1855
f 3712//1855 3731//1855 3713//1855
f 3713//1855 3731//1855 3732//1855
f 3713//1855 3732//1855 3714//1855
f 3714//1855 3732//1855 3733//1855
f 3714//1855 3733//1855 3715//1855
f 3715//1855 3733//1855 3734//1855
f 3715//1855 3734//1855 3716//1855
f 3716//1855 3734//1855 3735//1855
f 3716//1855 3735//1855 3717//1855
f 3717//1855 3735//1855 3736//1855
f 3717//1855 3736//1855 3718//1855
f 3718//1856 3736//1856 1953//1856
f 3718//1857 1953//1857 1954//1857
f 1911//1858 1910//1858 3737//1858
f 1911//1859 3737//1859 3719//1859
f 3719//1860 3737//1860 3738//1860
f 3719//1860 3738//1860 3720//1860
f 3720//1860 3738//1860 3739//1860
f 3720//1860 3739//1860 3721//1860
f 3721//1860 3739//1860 3740//1860
f 3721//1860 3740//1860 3722//1860
f 3722//1860 3740//1860 3741//1860
f 3722//1860 3741//1860 3723//1860
f 3723//1860 3741//1860 3742//1860
f 3723//1860 3742//1860 3724//1860
f 3724//1860 3742//1860 3743//1860
f 3724//1860 3743//1860 3725//1860
f 3725//1860 3743//1860 3744//1860
f 3725//1860 3744//1860 3726//1860
f 3726//1860 3744//1860 3745//1860
f 3726//1860 3745//1860 3727//1860
f 3727//1860 3745//1860 3746//1860
f 3727//1860 3746//1860 3728//1860
f 3728//1860 3746//1860 3747//1860
f 3728//1860 3747//1860 3729//1860
f 3729//1860 3747//1860 3748//1860
f 3729//1860 3748//1860 3730//1860
f 3730//1860 3748//1860 3749//1860
f 3730//1860 3749//1860 3731//1860
f 3731//1860 3749//1860 3750//1860
f 3731//1860 3750//1860 3732//1860
f 3732//1860 3750//1860 3751//1860
f 3732//1860 3751//1860 3733//1860
f 3733//1860 3751//1860 3752//1860
f 3733//1860 3752//1860 3734//1860
f 3734//1860 3752//1860 3753//1860
f 3734//1860 3753//1860 3735//1860
f 3735//1860 3753//1860 3754//1860
f 3735//1860 3754//1860 3736//1860
f 3736//1861 3754//1861 1952//1861
f 3736//1862 1952//1862 1953//1862
f 1910//1863 1908//1863 3755//1863
f 1910//1864 3755//1864 3756//1864
f 3756//1865 3755//1865 3757//1865
f 3756//1865 3757//1865 3758//1865
f 3758//1865 3757//1865 3759//1865
f 3758//1865 3759//1865 3760//1865
f 3760//1865 3759//1865 3761//1865
f 3760//1865 3761//1865 3762//1865
f 3762//1865 3761//1865 3763//1865
f 3762//1865 3763//1865 3764//1865
f 3764//1865 3763//1865 3765//1865
f 3764//1865 3765//1865 3766//1865
f 3766//1865 3765//1865 3767//1865
f 3766//1865 3767//1865 3768//1865
f 3768//1865 3767//1865 3769//1865
f 3768//1865 3769//1865 3770//1865
f 3770//1865 3769//1865 3771//1865
f 3770//1865 3771//1865 3772//1865
f 3772//1865 3771//1865 3773//1865
f 3772//1865 3773//1865 3774//1865
f 3774//1865 3773//1865 3775//1865
f 3774//1865 3775//1865 3776//1865
f 3776//1865 3775//1865 3777//1865
f 3776//1865 3777//1865 3778//1865
f 3778//1865 3777//1865 3779//1865
f 3778//1865 3779//1865 3780//1865
f 3780//1865 3779//1865 3781//1865
f 3780//1865 3781//1865 3782//1865
f 3782//1865 3781//1865 3783//1865
f 3782//1865 3783//1865 3784//1865
f 3784//1865 3783//1865 3785//1865
f 3784//1865 3785//1865 3786//1865
f 3786//1865 3785//1865 3787//1865
f 3786//1865 3787//1865 3788//1865
f 3788//1865 3787//1865 3789//1865
f 3788//1865 3789//1865 3790//1865
f 3790//1866 3789//1866 1950//1866
f 3790//1867 1950//1867 1951//1867
f 1908//1868 582//1868 3791//1868
f 1908//1869 3791//1869 3755//1869
f 3755//1870 3791//1870 3792//1870
f 3755//1870 3792//1870 3757//1870
f 3757//1870 3792//1870 3793//1870
f 3757//1870 3793//1870 3759//1870
f 3759//1870 3793//1870 3794//1870
f 3759//1870 3794//1870 3761//1870
f 3761//1870 3794//1870 3795//1870
f 3761//1870 3795//1870 3763//1870
f 3763//1870 3795//1870 3796//1870
f 3763//1870 3796//1870 3765//1870
f 3765//1870 3796//1870 3797//1870
f 3765//1870 3797//1870 3767//1870
f 3767//1870 3797//1870 3798//1870
f 3767//1870 3798//1870 3769//1870
f 3769//1870 3798//1870 3799//1870
f 3769//1870 3799//1870 3771//1870
f 3771//1870 3799//1870 3800//1870
f 3771//1870 3800//1870 3773//1870
f 3773//1870 3800//1870 3801//1870
f 3773//1870 3801//1870 3775//1870
f 3775//1870 3801//1870 3802//1870
f 3775//1870 3802//1870 3777//1870
f 3777//1870 3802//1870 3803//1870
f 3777//1870 3803//1870 3779//1870
f 3779//1870 3803//1870 3804//1870
f 3779//1870 3804//1870 3781//1870
f 3781//1870 3804//1870 3805//1870
f 3781//1870 3805//1870 3783//1870
f 3783//1870 3805//1870 3806//1870
f 3783//1870 3806//1870 3785//1870
f 3785//1870 3806//1870 3807//1870
f 3785//1870 3807//1870 3787//1870
f 3787//1870 3807//1870 3808//1870
f 3787//1870 3808//1870 3789//1870
f 3789//1871 3808//1871 1949//1871
f 3789//1872 1949//1872 1950//1872
f 582//1873 581//1873 3809//1873
f 582//1874 3809//1874 3791//1874
f 3791//1875 3809//1875 3810//1875
f 3791//1875 3810//1875 3792//1875
f 3792//1875 3810//1875 3811//1875
f 3792//1875 3811//1875 3793//1875
f 3793//1875 3811//1875 3812//1875
f 3793//1875 3812//1875 3794//1875
f 3794//1875 3812//1875 3813//1875
f 3794//1875 3813//1875 3795//1875
f 3795//1875 3813//1875 3814//1875
f 3795//1875 3814//1875 3796//1875
f 3796//1875 3814//1875 3815//1875
f 3796//1875 3815//1875 3797//1875
f 3797//1875 3815//1875 3816//1875
f 3797//1875 3816//1875 3798//1875
f 3798//1875 3816//1875 3817//1875
f 3798//1875 3817//1875 3799//1875
f 3799//1875 3817//1875 3818//1875
f 3799//1875 3818//1875 3800//1875
f 3800//1875 3818//1875 3819//1875
f 3800//1875 3819//1875 3801//1875
f 3801//1875 3819//1875 3820//1875
f 3801//1875 3820//1875 3802//1875
f 3802//1875 3820//1875 3821//1875
f 3802//1875 3821//1875 3803//1875
f 3803//1875 3821//1875 3822//1875
f 3803//1875 3822//1875 3804//1875
f 3804//1875 3822//1875 3823//1875
f 3804//1875 3823//1875 3805//1875
f 3805//1875 3823//1875 3824//1875
f 3805//1875 3824//1875 3806//1875
f 3806//1875 3824//1875 3825//1875
f 3806//1875 3825//1875 3807//1875
f 3807//1875 3825//1875 3826//1875
f 3807//1875 3826//1875 3808//1875
f 3808//1876 3826//1876 1947//1876
f 3808//1877 1947//1877 1949//1877
f 581//1878 580//1878 3827//1878
f 581//1879 3827//1879 3809//1879
f 3809//1880 3827//1880 3828//1880
f 3809//1880 3828//1880 3810//1880
f 3810//1880 3828//1880 3829//1880
f 3810//1880 3829//1880 3811//1880
f 3811//1880 3829//1880 3830//1880
f 3811//1880 3830//1880 3812//1880
f 3812//1880 3830//1880 3831//1880
f 3812//1880 3831//1880 3813//1880
f 3813//1880 3831//1880 3832//1880
f 3813//1880 3832//1880 3814//1880
f 3814//1880 3832//1880 3833//1880
f 3814//1880 3833//1880 3815//1880
f 3815//1880 3833//1880 3834//1880
f 3815//1880 3834//1880 3816//1880
f 3816//1880 3834//1880 3835//1880
f 3816//1880 3835//1880 3817//1880
f 3817//1880 3835//1880 3836//1880
f 3817//1880 3836//1880 3818//1880
f 3818//1880 3836//1880 3837//1880
f 3818//1880 3837//1880 3819//1880
f 3819//1880 3837//1880 3838//1880
f 3819//1880 3838//1880 3820//1880
f 3820//1880 3838//1880 3839//1880
f 3820//1880 3839//1880 3821//1880
f 3821//1880 3839//1880 3840//1880
f 3821//1880 3840//1880 3822//1880
f 3822//1880 3840//1880 3841//1880
f 3822//1880 3841//1880 3823//1880
f 3823//1880 3841//1880 3842//1880
f 3823//1880 3842//1880 3824//1880
f 3824//1880 3842//1880 3843//1880
f 3824//1880 3843//1880 3825//1880
f 3825//1880 3843//1880 3844//1880
f 3825//1880 3844//1880 3826//1880
f 3826//1881 3844//1881 1945//1881
f 3826//1882 1945//1882 1947//1882
f 580//1883 584//1883 3845//1883
f 580//1884 3845//1884 3827//1884
f 3827//1885 3845//1885 3846//1885
f 3827//1885 3846//1885 3828//1885
f 3828//1885 3846//1885 3847//1885
f 3828//1885 3847//1885 3829//1885
f 3829//1885 3847//1885 3848//1885
f 3829//1885 3848//1885 3830//1885
f 3830//1885 3848//1885 3849//1885
f 3830//1885 3849//1885 3831//1885
f 3831//1885 3849//1885 3850//1885
f 3831//1885 3850//1885 3832//1885
f 3832//1885 3850//1885 3851//1885
f 3832//1885 3851//1885 3833//1885
f 3833//1885 3851//1885 3852//1885
f 3833//1885 3852//1885 3834//1885
f 3834//1885 3852//1885 3853//1885
f 3834//1885 3853//1885 3835//1885
f 3835//1885 3853//1885 3854//1885
f 3835//1885 3854//1885 3836//1885
f 3836//1885 3854//1885 3855//1885
f 3836//1885 3855//1885 3837//1885
f 3837//1885 3855//1885 3856//1885
f 3837//1885 3856//1885 3838//1885
f 3838//1885 3856//1885 3857//1885
f 3838//1885 3857//1885 3839//1885
f 3839//1885 3857//1885 3858//1885
f 3839//1885 3858//1885 3840//1885
f 3840//1885 3858//1885 3859//1885
f 3840//1885 3859//1885 3841//1885
f 3841//1885 3859//1885 3860//1885
f 3841//1885 3860//1885 3842//1885
f 3842//1885 3860//1885 3861//1885
f 3842//1885 3861//1885 3843//1885
f 3843//1885 3861//1885 3862//1885
f 3843//1885 3862//1885 3844//1885
f 3844//1886 3862//1886 1944//1886
f 3844//1887 1944//1887 1945//1887
f 584//1888 583//1888 3863//1888
f 584//1889 3863//1889 3845//1889
f 3845//1890 3863//1890 3864//1890
f 3845//1890 3864//1890 3846//1890
f 3846//1890 3864//1890 3865//1890
f 3846//1890 3865//1890 3847//1890
f 3847//1890 3865//1890 3866//1890
f 3847//1890 3866//1890 3848//1890
f 3848//1890 3866//1890 3867//1890
f 3848//1890 3867//1890 3849//1890
f 3849//1890 3867//1890 3868//1890
f 3849//1890 3868//1890 3850//1890
f 3850//1890 3868//1890 3869//1890
f 3850//1890 3869//1890 3851//1890
f 3851//1890 3869//1890 3870//1890
f 3851//1890 3870//1890 3852//1890
f 3852//1890 3870//1890 3871//1890
f 3852//1890 3871//1890 3853//1890
f 3853//1890 3871//1890 3872//1890
f 3853//1890 3872//1890 3854//1890
f 3854//1890 3872//1890 3873//1890
f 3854//1890 3873//1890 3855//1890
f 3855//1890 3873//1890 3874//1890
f 3855//1890 3874//1890 3856//1890
f 3856//1890 3874//1890 3875//1890
f 3856//1890 3875//1890 3857//1890
f 3857//1890 3875//1890 3876//1890
f 3857//1890 3876//1890 3858//1890
f 3858//1890 3876//1890 3877//1890
f 3858//1890 3877//1890 3859//1890
f 3859//1890 3877//1890 3878//1890
f 3859//1890 3878//1890 3860//1890
f 3860//1890 3878//1890 3879//1890
f 3860//1890 3879//1890 3861//1890
f 3861//1890 3879//1890 3880//1890
f 3861//1890 3880//1890 3862//1890
f 3862//1891 3880//1891 1942//1891
f 3862//1892 1942//1892 1943//1892
f 583//1893 586//1893 3881//1893
f 583//1894 3881//1894 3863//1894
f 3863//1895 3881//1895 3882//1895
f 3863//1895 3882//1895 3864//1895
f 3864//1895 3882//1895 3883//1895
f 3864//1895 3883//1895 3865//1895
f 3865//1895 3883//1895 3884//1895
f 3865//1895 3884//1895 3866//1895
f 3866//1895 3884//1895 3885//1895
f 3866//1895 3885//1895 3867//1895
f 3867//1895 3885//1895 3886//1895
f 3867//1895 3886//1895 3868//1895
f 3868//1895 3886//1895 3887//1895
f 3868//1895 3887//1895 3869//1895
f 3869//1895 3887//1895 3888//1895
f 3869//1895 3888//1895 3870//1895
f 3870//1895 3888//1895 3889//1895
f 3870//1895 3889//1895 3871//1895
f 3871//1895 3889//1895 3890//1895
f 3871//1895 3890//1895 3872//1895
f 3872//1895 3890//1895 3891//1895
f 3872//1895 3891//1895 3873//1895
f 3873//1895 3891//1895 3892//1895
f 3873//1895 3892//1895 3874//1895
f 3874//1895 3892//1895 3893//1895
f 3874//1895 3893//1895 3875//1895
f 3875//1895 3893//1895 3894//1895
f 3875//1895 3894//1895 3876//1895
f 3876//1895 3894//1895 3895//1895
f 3876//1895 3895//1895 3877//1895
f 3877//1895 3895//1895 3896//1895
f 3877//1895 3896//1895 3878//1895
f 3878//1895 3896//1895 3897//1895
f 3878//1895 3897//1895 3879//1895
f 3879//1895 3897//1895 3898//1895
f 3879//1895 3898//1895 3880//1895
f 3880//1896 3898//1896 1941//1896
f 3880//1897 1941//1897 1942//1897
f 586//1898 585//1898 3899//1898
f 586//1899 3899//1899 3881//1899
f 3881//1900 3899//1900 3900//1900
f 3881//1900 3900//1900 3882//1900
f 3882//1900 3900//1900 3901//1900
f 3882//1900 3901//1900 3883//1900
f 3883//1900 3901//1900 3902//1900
f 3883//1900 3902//1900 3884//1900
f 3884//1900 3902//1900 3903//1900
f 3884//1900 3903//1900 3885//1900
f 3885//1900 3903//1900 3904//1900
f 3885//1900 3904//1900 3886//1900
f 3886//1900 3904//1900 3905//1900
f 3886//1900 3905//1900 3887//1900
f 3887//1900 3905//1900 3906//1900
f 3887//1900 3906//1900 3888//1900
f 3888//1900 3906//1900 3907//1900
f 3888//1900 3907//1900 3889//1900
f 3889//1900 3907//1900 3908//1900
f 3889//1900 3908//1900 3890//1900
f 3890//1900 3908//1900 3909//1900
f 3890//1900 3909//1900 3891//1900
f 3891//1900 3909//1900 3910//1900
f 3891//1900 3910//1900 3892//1900
f 3892//1900 3910//1900 3911//1900
f 3892//1900 3911//1900 3893//1900
f 3893//1900 3911//1900 3912//1900
f 3893//1900 3912//1900 3894//1900
f 3894//1900 3912//1900 3913//1900
f 3894//1900 3913//1900 3895//1900
f 3895//1900 3913//1900 3914//1900
f 3895//1900 3914//1900 3896//1900
f 3896//1900 3914//1900 3915//1900
f 3896//1900 3915//1900 3897//1900
f 3897//1900 3915//1900 3916//1900
f 3897//1900 3916//1900 3898//1900
f 3898//1901 3916//1901 1940//1901
f 3898//1902 1940//1902 1941//1902
f 3917//1903 3903//1903 585//1903
f 585//1903 3903//1903 3902//1903
f 585//1903 3902//1903 3901//1903
f 1940//1903 3912//1903 3917//1903
f 3917//1903 3912//1903 3911//1903
f 3917//1903 3911//1903 3910//1903
f 1943//1904 1944//1904 3862//1904
f 1951//1905 1952//1905 3918//1905
f 1951//1906 3918//1906 3790//1906
f 3790//1907 3918//1907 3919//1907
f 3790//1907 3919//1907 3788//1907
f 3788//1907 3919//1907 3920//1907
f 3788//1907 3920//1907 3786//1907
f 3786//1907 3920//1907 3921//1907
f 3786//1907 3921//1907 3784//1907
f 3784//1907 3921//1907 3922//1907
f 3784//1907 3922//1907 3782//1907
f 3782//1907 3922//1907 3923//1907
f 3782//1907 3923//1907 3780//1907
f 3780//1907 3923//1907 3924//1907
f 3780//1907 3924//1907 3778//1907
f 3778//1907 3924//1907 3925//1907
f 3778//1907 3925//1907 3776//1907
f 3776//1907 3925//1907 3926//1907
f 3776//1907 3926//1907 3774//1907
f 3774//1907 3926//1907 3927//1907
f 3774//1907 3927//1907 3772//1907
f 3772//1907 3927//1907 3928//1907
f 3772//1907 3928//1907 3770//1907
f 3770//1907 3928//1907 3929//1907
f 3770//1907 3929//1907 3768//1907
f 3768//1907 3929//1907 3930//1907
f 3768//1907 3930//1907 3766//1907
f 3766//1907 3930//1907 3931//1907
f 3766//1907 3931//1907 3764//1907
f 3764//1907 3931//1907 3932//1907
f 3764//1907 3932//1907 3762//1907
f 3762//1907 3932//1907 3933//1907
f 3762//1907 3933//1907 3760//1907
f 3760//1907 3933//1907 3934//1907
f 3760//1907 3934//1907 3758//1907
f 3758//1907 3934//1907 3935//1907
f 3758//1907 3935//1907 3756//1907
f 3756//1908 3935//1908 1910//1908
f 1910//1909 3935//1909 3737//1909
f 3456//1910 3533//1910 1958//1910
f 1958//1911 3533//1911 3646//1911
f 3472//1912 3473//1912 3628//1912
f 3628//1913 3473//1913 3626//1913
f 3936//1913 3620//1913 3473//1913
f 3473//1913 3620//1913 3622//1913
f 3473//1913 3622//1913 3624//1913
f 1918//1913 3602//1913 3936//1913
f 3936//1913 3602//1913 3604//1913
f 3936//1913 3604//1913 3606//1913
f 3594//1913 3596//1913 1918//1913
f 1918//1913 3596//1913 3598//1913
f 1918//1913 3598//1913 3600//1913
f 1918//1913 3600//1913 3602//1913
f 3606//1913 3608//1913 3936//1913
f 3936//1913 3608//1913 3610//1913
f 3936//1913 3610//1913 3612//1913
f 3899//1903 585//1903 3900//1903
f 3900//1903 585//1903 3901//1903
f 3905//1903 3904//1903 3917//1903
f 3917//1903 3904//1903 3903//1903
f 3908//1903 3907//1903 3917//1903
f 3917//1903 3907//1903 3906//1903
f 3917//1903 3906//1903 3905//1903
f 3612//1913 3614//1913 3936//1913
f 3936//1913 3614//1913 3616//1913
f 3936//1913 3616//1913 3618//1913
f 3936//1913 3618//1913 3620//1913
f 3473//1913 3624//1913 3626//1913
f 3908//1903 3917//1903 3909//1903
f 3909//1903 3917//1903 3910//1903
f 3914//1903 3913//1903 1940//1903
f 1940//1903 3913//1903 3912//1903
f 3914//1903 1940//1903 3915//1903
f 3915//1903 1940//1903 3916//1903
f 3738//1914 3737//1914 3935//1914
f 3738//1914 3935//1914 3934//1914
f 3926//1914 3746//1914 3745//1914
f 3926//1914 3745//1914 3927//1914
f 3927//1914 3745//1914 3744//1914
f 3927//1914 3744//1914 3928//1914
f 3928//1914 3744//1914 3743//1914
f 3928//1914 3743//1914 3929//1914
f 3929//1914 3743//1914 3742//1914
f 3929//1914 3742//1914 3930//1914
f 3930//1914 3742//1914 3741//1914
f 3930//1914 3741//1914 3931//1914
f 3931//1914 3741//1914 3740//1914
f 3931//1914 3740//1914 3932//1914
f 3932//1914 3740//1914 3739//1914
f 3932//1914 3739//1914 3933//1914
f 3933//1914 3739//1914 3738//1914
f 3933//1914 3738//1914 3934//1914
f 3746//1914 3926//1914 3925//1914
f 3746//1914 3925//1914 3747//1914
f 3747//1914 3925//1914 3924//1914
f 3747//1914 3924//1914 3748//1914
f 3748//1914 3924//1914 3923//1914
f 3748//1914 3923//1914 3749//1914
f 3749//1914 3923//1914 3922//1914
f 3749//1914 3922//1914 3750//1914
f 3750//1914 3922//1914 3921//1914
f 3750//1914 3921//1914 3751//1914
f 3751//1914 3921//1914 3920//1914
f 3751//1914 3920//1914 3752//1914
f 3752//1914 3920//1914 3919//1914
f 3752//1914 3919//1914 3753//1914
f 3753//1914 3919//1914 3918//1914
f 3753//1914 3918//1914 3754//1914
f 3754//1915 3918//1915 1952//1915
f 1939//1916 1940//1916 587//1916
f 587//1917 1940//1917 3917//1917
f 587//1917 3917//1917 585//1917
f 587//1918 588//1918 1938//1918
f 587//1919 1938//1919 1939//1919
f 588//1920 589//1920 1937//1920
f 588//1921 1937//1921 1938//1921
f 589//1922 591//1922 1936//1922
f 589//1923 1936//1923 1937//1923
f 591//1924 590//1924 1935//1924
f 591//1925 1935//1925 1936//1925
f 590//1926 592//1926 1934//1926
f 590//1927 1934//1927 1935//1927
f 592//1928 594//1928 1933//1928
f 592//1929 1933//1929 1934//1929
f 594//1930 593//1930 1932//1930
f 594//1931 1932//1931 1933//1931
f 593//1932 595//1932 1931//1932
f 593//1933 1931//1933 1932//1933
f 595//1934 596//1934 1930//1934
f 595//1935 1930//1935 1931//1935
f 596//1936 598//1936 1929//1936
f 596//1937 1929//1937 1930//1937
f 598//1938 597//1938 1928//1938
f 598//1939 1928//1939 1929//1939
f 597//1940 599//1940 1927//1940
f 597//1941 1927//1941 1928//1941
f 599//1942 600//1942 1926//1942
f 599//1943 1926//1943 1927//1943
f 600//1944 601//1944 1925//1944
f 600//1945 1925//1945 1926//1945
f 601//1946 602//1946 1924//1946
f 601//1947 1924//1947 1925//1947
f 602//1948 603//1948 1923//1948
f 602//1949 1923//1949 1924//1949
f 603//1950 604//1950 1922//1950
f 603//1951 1922//1951 1923//1951
f 604//1952 605//1952 1920//1952
f 604//1953 1920//1953 1922//1953
f 605//1954 607//1954 1921//1954
f 605//1955 1921//1955 1920//1955
f 607//1956 609//1956 1971//1956
f 607//1957 1971//1957 1921//1957
f 609//1958 612//1958 1973//1958
f 609//1959 1973//1959 1971//1959
f 612//1960 614//1960 1976//1960
f 612//1961 1976//1961 1973//1961
f 614//1962 616//1962 1978//1962
f 614//1963 1978//1963 1976//1963
f 616//1964 618//1964 1980//1964
f 616//1965 1980//1965 1978//1965
f 618//1966 620//1966 1982//1966
f 618//1967 1982//1967 1980//1967
f 620//1968 623//1968 1984//1968
f 620//1969 1984//1969 1982//1969
f 623//1970 625//1970 1987//1970
f 623//1971 1987//1971 1984//1971
f 625//1972 627//1972 1989//1972
f 625//1973 1989//1973 1987//1973
f 627//1974 629//1974 1991//1974
f 627//1975 1991//1975 1989//1975
f 629//1976 631//1976 1993//1976
f 629//1977 1993//1977 1991//1977
f 631//1978 633//1978 1995//1978
f 631//1979 1995//1979 1993//1979
f 633//1980 636//1980 1997//1980
f 633//1981 1997//1981 1995//1981
f 636//1982 638//1982 2000//1982
f 636//1983 2000//1983 1997//1983
f 638//1984 640//1984 2002//1984
f 638//1985 2002//1985 2000//1985
f 640//1986 642//1986 2004//1986
f 640//1987 2004//1987 2002//1987
f 642//1988 644//1988 2006//1988
f 642//1989 2006//1989 2004//1989
f 644//1990 646//1990 2008//1990
f 644//1991 2008//1991 2006//1991
f 646//1992 648//1992 2010//1992
f 646//1993 2010//1993 2008//1993
f 648//1994 651//1994 2012//1994
f 648//1995 2012//1995 2010//1995
f 651//1996 653//1996 2015//1996
f 651//1997 2015//1997 2012//1997
f 653//1998 655//1998 2017//1998
f 653//1999 2017//1999 2015//1999
f 655//2000 657//2000 2019//2000
f 655//2001 2019//2001 2017//2001
f 657//2002 659//2002 2021//2002
f 657//2003 2021//2003 2019//2003
f 659//2004 661//2004 2023//2004
f 659//2005 2023//2005 2021//2005
f 661//2006 663//2006 2025//2006
f 661//2007 2025//2007 2023//2007
f 663//2008 665//2008 2027//2008
f 663//2009 2027//2009 2025//2009
f 665//2010 668//2010 2029//2010
f 665//2011 2029//2011 2027//2011
f 668//2012 670//2012 2032//2012
f 668//2013 2032//2013 2029//2013
f 670//2014 672//2014 2034//2014
f 670//2015 2034//2015 2032//2015
f 672//2016 674//2016 2036//2016
f 672//2017 2036//2017 2034//2017
f 674//2018 676//2018 2038//2018
f 674//2019 2038//2019 2036//2019
f 676//2020 678//2020 2040//2020
f 676//2021 2040//2021 2038//2021
f 678//2022 680//2022 2042//2022
f 678//2023 2042//2023 2040//2023
f 680//2024 682//2024 2044//2024
f 680//2025 2044//2025 2042//2025
f 682//2026 684//2026 2046//2026
f 682//2027 2046//2027 2044//2027
f 684//2028 687//2028 2049//2028
f 684//2029 2049//2029 2046//2029
f 687//2030 689//2030 2051//2030
f 687//2031 2051//2031 2049//2031
f 689//2032 691//2032 2053//2032
f 689//2033 2053//2033 2051//2033
f 691//2034 693//2034 2055//2034
f 691//2035 2055//2035 2053//2035
f 693//2036 695//2036 2057//2036
f 693//2037 2057//2037 2055//2037
f 695//2038 697//2038 2059//2038
f 695//2039 2059//2039 2057//2039
f 697//2040 699//2040 2061//2040
f 697//2041 2061//2041 2059//2041
f 699//2042 701//2042 2063//2042
f 699//2043 2063//2043 2061//2043
f 701//2044 703//2044 2065//2044
f 701//2045 2065//2045 2063//2045
f 703//2046 706//2046 2067//2046
f 703//2047 2067//2047 2065//2047
f 706//2048 708//2048 2070//2048
f 706//2049 2070//2049 2067//2049
f 708//2050 710//2050 2072//2050
f 708//2051 2072//2051 2070//2051
f 710//2052 712//2052 2074//2052
f 710//2053 2074//2053 2072//2053
f 712//2054 714//2054 2076//2054
f 712//2055 2076//2055 2074//2055
f 714//2056 716//2056 2078//2056
f 714//2057 2078//2057 2076//2057
f 716//2058 718//2058 2080//2058
f 716//2059 2080//2059 2078//2059
f 718//2060 720//2060 2082//2060
f 718//2061 2082//2061 2080//2061
f 720//2062 722//2062 2084//2062
f 720//2063 2084//2063 2082//2063
f 722//2064 724//2064 2086//2064
f 722//2065 2086//2065 2084//2065
f 724//2066 726//2066 2088//2066
f 724//2067 2088//2067 2086//2067
f 726//2068 729//2068 2090//2068
f 726//2069 2090//2069 2088//2069
f 729//2070 731//2070 2093//2070
f 729//2071 2093//2071 2090//2071
f 731//2072 733//2072 2095//2072
f 731//2073 2095//2073 2093//2073
f 733//2074 735//2074 2097//2074
f 733//2075 2097//2075 2095//2075
f 735//2076 737//2076 2099//2076
f 735//2077 2099//2077 2097//2077
f 737//2078 739//2078 2101//2078
f 737//2079 2101//2079 2099//2079
f 739//2080 741//2080 2103//2080
f 739//2081 2103//2081 2101//2081
f 741//2082 743//2082 2105//2082
f 741//2083 2105//2083 2103//2083
f 743//2084 745//2084 2107//2084
f 743//2085 2107//2085 2105//2085
f 745//2086 747//2086 2109//2086
f 745//2087 2109//2087 2107//2087
f 747//2088 749//2088 2111//2088
f 747//2089 2111//2089 2109//2089
f 749//2090 751//2090 2113//2090
f 749//2091 2113//2091 2111//2091
f 751//2092 754//2092 2115//2092
f 751//2093 2115//2093 2113//2093
f 754//2094 756//2094 2118//2094
f 754//2095 2118//2095 2115//2095
f 756//2096 758//2096 2120//2096
f 756//2097 2120//2097 2118//2097
f 758//2098 760//2098 2122//2098
f 758//2099 2122//2099 2120//2099
f 760//2100 762//2100 2124//2100
f 760//2101 2124//2101 2122//2101
f 762//2102 764//2102 2126//2102
f 762//2103 2126//2103 2124//2103
f 764//2104 766//2104 2128//2104
f 764//2105 2128//2105 2126//2105
f 766//2106 768//2106 2130//2106
f 766//2107 2130//2107 2128//2107
f 768//2108 770//2108 2132//2108
f 768//2109 2132//2109 2130//2109
f 770//2110 772//2110 2134//2110
f 770//2111 2134//2111 2132//2111
f 772//2112 774//2112 2136//2112
f 772//2113 2136//2113 2134//2113
f 774//2114 776//2114 2138//2114
f 774//2115 2138//2115 2136//2115
f 776//2116 778//2116 2140//2116
f 776//2117 2140//2117 2138//2117
f 778//2118 780//2118 2142//2118
f 778//2119 2142//2119 2140//2119
f 780//2120 783//2120 2144//2120
f 780//2121 2144//2121 2142//2121
f 783//2122 785//2122 2147//2122
f 783//2123 2147//2123 2144//2123
f 785//2124 787//2124 2149//2124
f 785//2125 2149//2125 2147//2125
f 787//2126 789//2126 2151//2126
f 787//2127 2151//2127 2149//2127
f 789//2128 791//2128 2153//2128
f 789//2129 2153//2129 2151//2129
f 791//2130 793//2130 2155//2130
f 791//2131 2155//2131 2153//2131
f 793//2132 795//2132 2157//2132
f 793//2133 2157//2133 2155//2133
f 795//2134 797//2134 2159//2134
f 795//2135 2159//2135 2157//2135
f 797//2136 799//2136 2161//2136
f 797//2137 2161//2137 2159//2137
f 799//2138 801//2138 2163//2138
f 799//2139 2163//2139 2161//2139
f 801//2140 803//2140 2165//2140
f 801//2141 2165//2141 2163//2141
f 803//2142 805//2142 2167//2142
f 803//2143 2167//2143 2165//2143
f 805//2144 807//2144 2169//2144
f 805//2145 2169//2145 2167//2145
f 807//2146 809//2146 2171//2146
f 807//2147 2171//2147 2169//2147
f 809//2148 811//2148 2173//2148
f 809//2149 2173//2149 2171//2149
f 811//2150 813//2150 2175//2150
f 811//2151 2175//2151 2173//2151
f 813//2152 816//2152 2178//2152
f 813//2153 2178//2153 2175//2153
f 816//2154 818//2154 2180//2154
f 816//2155 2180//2155 2178//2155
f 818//2156 820//2156 2182//2156
f 818//2157 2182//2157 2180//2157
f 820//2158 822//2158 2184//2158
f 820//2159 2184//2159 2182//2159
f 822//2160 824//2160 2186//2160
f 822//2161 2186//2161 2184//2161
f 824//2162 826//2162 2188//2162
f 824//2163 2188//2163 2186//2163
f 826//2164 828//2164 2190//2164
f 826//2165 2190//2165 2188//2165
f 828//2166 830//2166 2192//2166
f 828//2167 2192//2167 2190//2167
f 830//2168 832//2168 2194//2168
f 830//2169 2194//2169 2192//2169
f 832//2170 834//2170 2196//2170
f 832//2171 2196//2171 2194//2171
f 834//2172 836//2172 2198//2172
f 834//2173 2198//2173 2196//2173
f 836//2174 838//2174 2200//2174
f 836//2175 2200//2175 2198//2175
f 838//2176 840//2176 2202//2176
f 838//2177 2202//2177 2200//2177
f 840//2178 842//2178 2204//2178
f 840//2179 2204//2179 2202//2179
f 842//2180 844//2180 2206//2180
f 842//2181 2206//2181 2204//2181
f 844//2182 846//2182 2208//2182
f 844//2183 2208//2183 2206//2183
f 846//2184 848//2184 2210//2184
f 846//2185 2210//2185 2208//2185
f 477//2186 480//2186 567//2186
f 477//2186 567//2186 3531//2186
f 3531//2186 3338//2186 477//2186
f 1918//2187 3936//2187 3937//2187
f 1918//2188 3937//2188 3938//2188
f 1918//2189 3938//2189 3939//2189
f 3936//2190 3473//2190 3474//2190
f 3936//2191 3474//2191 3937//2191
f 3937//2192 3474//2192 3475//2192
f 3937//2193 3475//2193 3940//2193
f 3940//2194 3475//2194 3476//2194
f 3940//2195 3476//2195 3941//2195
f 3941//2196 3476//2196 3477//2196
f 3941//2197 3477//2197 3942//2197
f 3942//2198 3477//2198 3478//2198
f 3942//2199 3478//2199 3943//2199
f 3943//2200 3478//2200 3479//2200
f 3943//2201 3479//2201 3944//2201
f 3944//2202 3479//2202 3480//2202
f 3944//2203 3480//2203 3945//2203
f 3945//2204 3480//2204 3481//2204
f 3945//2205 3481//2205 3946//2205
f 3946//2206 3481//2206 3482//2206
f 3946//2207 3482//2207 3947//2207
f 3947//2208 3482//2208 3483//2208
f 3947//2209 3483//2209 3948//2209
f 3948//2210 3483//2210 3484//2210
f 3948//2211 3484//2211 3949//2211
f 3949//2212 3484//2212 3485//2212
f 3949//2213 3485//2213 3950//2213
f 3950//2214 3485//2214 3486//2214
f 3950//2215 3486//2215 3951//2215
f 3951//2216 3486//2216 3487//2216
f 3951//2217 3487//2217 3952//2217
f 3952//2218 3487//2218 3488//2218
f 3952//2219 3488//2219 3953//2219
f 3953//2220 3488//2220 3489//2220
f 3953//2221 3489//2221 3954//2221
f 3954//2222 3489//2222 3490//2222
f 3954//2223 3490//2223 3955//2223
f 3955//2224 3490//2224 3491//2224
f 3955//2225 3491//2225 3956//2225
f 3956//2226 3491//2226 3492//2226
f 3956//2227 3492//2227 3957//2227
f 3957//2228 3492//2228 3493//2228
f 3957//2229 3493//2229 3958//2229
f 3958//2230 3493//2230 3494//2230
f 3958//2231 3494//2231 3959//2231
f 3959//2232 3494//2232 3495//2232
f 3959//2233 3495//2233 3960//2233
f 3960//2234 3495//2234 3496//2234
f 3960//2235 3496//2235 3961//2235
f 3961//2236 3496//2236 3497//2236
f 3961//2237 3497//2237 3962//2237
f 3962//2238 3497//2238 3498//2238
f 3962//2239 3498//2239 3963//2239
f 3963//2240 3498//2240 3499//2240
f 3963//2241 3499//2241 3964//2241
f 3964//2242 3499//2242 3500//2242
f 3964//2243 3500//2243 3965//2243
f 3965//2244 3500//2244 3501//2244
f 3965//2245 3501//2245 3966//2245
f 3966//2246 3501//2246 3502//2246
f 3966//2247 3502//2247 3967//2247
f 3967//2248 3502//2248 3503//2248
f 3967//2249 3503//2249 3968//2249
f 3968//2250 3503//2250 3504//2250
f 3968//2251 3504//2251 3969//2251
f 3969//2252 3504//2252 3505//2252
f 3969//2253 3505//2253 3970//2253
f 3970//2254 3505//2254 3506//2254
f 3970//2255 3506//2255 3971//2255
f 3971//2256 3506//2256 3507//2256
f 3971//2257 3507//2257 3972//2257
f 3972//2258 3507//2258 3508//2258
f 3972//2259 3508//2259 3973//2259
f 3973//2260 3508//2260 3509//2260
f 3973//2261 3509//2261 3974//2261
f 3974//2262 3509//2262 3510//2262
f 3974//2263 3510//2263 3975//2263
f 3975//2264 3510//2264 3511//2264
f 3975//2265 3511//2265 3976//2265
f 3976//2266 3511//2266 3512//2266
f 3976//2267 3512//2267 3977//2267
f 3977//2268 3512//2268 3513//2268
f 3977//2269 3513//2269 3978//2269
f 3978//2270 3513//2270 3514//2270
f 3978//2271 3514//2271 3979//2271
f 3979//2272 3514//2272 3515//2272
f 3979//2273 3515//2273 3980//2273
f 3980//2274 3515//2274 3516//2274
f 3980//2275 3516//2275 3981//2275
f 3981//2276 3516//2276 3517//2276
f 3981//2277 3517//2277 3982//2277
f 3982//2278 3517//2278 3518//2278
f 3982//2279 3518//2279 3983//2279
f 3983//2280 3518//2280 3519//2280
f 3983//2281 3519//2281 3984//2281
f 3984//2282 3519//2282 3520//2282
f 3984//2283 3520//2283 3985//2283
f 3985//2284 3520//2284 3521//2284
f 3985//2285 3521//2285 3986//2285
f 3986//2286 3521//2286 3522//2286
f 3986//2287 3522//2287 3987//2287
f 3987//2288 3522//2288 3523//2288
f 3987//2289 3523//2289 3988//2289
f 3988//2290 3523//2290 3524//2290
f 3988//2291 3524//2291 3989//2291
f 3989//2292 3524//2292 3525//2292
f 3525//2293 3526//2293 3990//2293
f 3525//2294 3990//2294 3989//2294
f 3989//2295 3990//2295 3991//2295
f 3989//2296 3991//2296 3992//2296
f 3526//2297 3527//2297 3993//2297
f 3526//2298 3993//2298 3990//2298
f 3990//2299 3993//2299 3994//2299
f 3990//2300 3994//2300 3991//2300
f 3527//2301 3528//2301 3995//2301
f 3527//2302 3995//2302 3993//2302
f 3993//2303 3995//2303 3996//2303
f 3993//2304 3996//2304 3994//2304
f 3528//2305 3529//2305 3997//2305
f 3528//2306 3997//2306 3995//2306
f 3995//2307 3997//2307 3998//2307
f 3995//2308 3998//2308 3996//2308
f 3529//2309 3530//2309 3999//2309
f 3529//2310 3999//2310 3997//2310
f 3997//2311 3999//2311 4000//2311
f 3997//2312 4000//2312 3998//2312
f 3530//2313 3531//2313 4001//2313
f 3530//2314 4001//2314 3999//2314
f 3999//2315 4001//2315 4000//2315
f 4000//2316 4001//2316 567//2316
f 4000//2317 567//2317 4002//2317
f 4002//2318 567//2318 566//2318
f 4002//2319 566//2319 4003//2319
f 4003//2320 566//2320 565//2320
f 4003//2321 565//2321 4004//2321
f 4004//2322 565//2322 568//2322
f 4004//2323 568//2323 4005//2323
f 4005//2324 568//2324 569//2324
f 4005//2325 569//2325 4006//2325
f 4006//2326 569//2326 570//2326
f 4006//2327 570//2327 4007//2327
f 4007//2328 570//2328 571//2328
f 4007//2329 571//2329 4008//2329
f 4008//2330 571//2330 572//2330
f 4008//2331 572//2331 4009//2331
f 4009//2332 572//2332 573//2332
f 4009//2333 573//2333 4010//2333
f 4010//2334 573//2334 574//2334
f 4010//2335 574//2335 4011//2335
f 4011//2336 574//2336 575//2336
f 4011//2337 575//2337 4012//2337
f 4012//2338 575//2338 576//2338
f 4012//2339 576//2339 4013//2339
f 4013//2340 576//2340 577//2340
f 4013//2341 577//2341 4014//2341
f 4014//2342 577//2342 578//2342
f 4014//2343 578//2343 4015//2343
f 4015//2344 578//2344 579//2344
f 4015//2345 579//2345 4016//2345
f 4016//2346 579//2346 1909//2346
f 4016//2347 1909//2347 4017//2347
f 4017//2348 1909//2348 1918//2348
f 4017//2349 1918//2349 3939//2349
f 3531//2350 567//2350 4001//2350
f 4018//2351 4019//2351 3961//2351
f 4018//2352 3961//2352 3962//2352
f 4019//2353 4020//2353 3960//2353
f 4019//2354 3960//2354 3961//2354
f 4020//2355 4021//2355 3959//2355
f 4020//2356 3959//2356 3960//2356
f 4021//2357 4022//2357 3958//2357
f 4021//2358 3958//2358 3959//2358
f 4022//2359 4023//2359 3957//2359
f 4022//2360 3957//2360 3958//2360
f 4023//2361 4024//2361 3956//2361
f 4023//2362 3956//2362 3957//2362
f 4024//2363 4025//2363 3955//2363
f 4024//2364 3955//2364 3956//2364
f 4025//2365 4026//2365 3954//2365
f 4025//2366 3954//2366 3955//2366
f 4026//2367 4027//2367 3953//2367
f 4026//2368 3953//2368 3954//2368
f 4027//2369 4028//2369 3952//2369
f 4027//2370 3952//2370 3953//2370
f 4028//2371 4029//2371 3951//2371
f 4028//2372 3951//2372 3952//2372
f 4029//2373 4030//2373 3950//2373
f 4029//2374 3950//2374 3951//2374
f 4030//2375 4031//2375 3949//2375
f 4030//2376 3949//2376 3950//2376
f 4031//2377 4032//2377 3948//2377
f 4031//2378 3948//2378 3949//2378
f 4032//2379 4033//2379 3947//2379
f 4032//2380 3947//2380 3948//2380
f 4033//2381 4034//2381 3946//2381
f 4033//2382 3946//2382 3947//2382
f 4034//2383 4035//2383 3945//2383
f 4034//2384 3945//2384 3946//2384
f 4035//2385 4036//2385 3944//2385
f 4035//2386 3944//2386 3945//2386
f 4036//2387 4037//2387 3943//2387
f 4036//2388 3943//2388 3944//2388
f 4037//2389 4038//2389 3942//2389
f 4037//2390 3942//2390 3943//2390
f 4038//2391 4039//2391 3941//2391
f 4038//2392 3941//2392 3942//2392
f 4039//2393 4040//2393 3940//2393
f 4039//2394 3940//2394 3941//2394
f 4040//2395 3938//2395 3937//2395
f 4040//2396 3937//2396 3940//2396
f 3992//2397 4041//2397 3989//2397
f 3989//2398 4041//2398 4042//2398
f 3989//2399 4042//2399 3988//2399
f 3988//2400 4042//2400 4043//2400
f 3988//2401 4043//2401 3987//2401
f 3987//2402 4043//2402 4044//2402
f 3987//2403 4044//2403 3986//2403
f 3986//2404 4044//2404 4045//2404
f 3986//2405 4045//2405 3985//2405
f 3985//2406 4045//2406 4046//2406
f 3985//2407 4046//2407 3984//2407
f 3984//2408 4046//2408 4047//2408
f 3984//2409 4047//2409 3983//2409
f 3983//2410 4047//2410 4048//2410
f 3983//2411 4048//2411 3982//2411
f 3982//2412 4048//2412 4049//2412
f 3982//2413 4049//2413 3981//2413
f 3981//2414 4049//2414 4050//2414
f 3981//2415 4050//2415 3980//2415
f 3980//2416 4050//2416 4051//2416
f 3980//2417 4051//2417 3979//2417
f 3979//2418 4051//2418 4052//2418
f 3979//2419 4052//2419 3978//2419
f 3978//2420 4052//2420 4053//2420
f 3978//2421 4053//2421 3977//2421
f 3977//2422 4053//2422 4054//2422
f 3977//2423 4054//2423 3976//2423
f 3976//2424 4054//2424 4055//2424
f 3976//2425 4055//2425 3975//2425
f 3975//2426 4055//2426 4056//2426
f 3975//2427 4056//2427 3974//2427
f 3974//2428 4056//2428 4057//2428
f 3974//2429 4057//2429 3973//2429
f 3973//2430 4057//2430 4058//2430
f 3973//2431 4058//2431 3972//2431
f 3972//2432 4058//2432 4059//2432
f 3972//2433 4059//2433 3971//2433
f 3971//2434 4059//2434 4060//2434
f 3971//2435 4060//2435 3970//2435
f 3970//2436 4060//2436 4061//2436
f 3970//2437 4061//2437 3969//2437
f 3969//2438 4061//2438 4062//2438
f 3969//2439 4062//2439 3968//2439
f 3968//2440 4062//2440 4063//2440
f 3968//2441 4063//2441 3967//2441
f 3967//2442 4063//2442 4064//2442
f 3967//2443 4064//2443 3966//2443
f 3966//2444 4064//2444 4065//2444
f 3966//2445 4065//2445 3965//2445
f 3965//2446 4065//2446 4066//2446
f 3965//2447 4066//2447 3964//2447
f 3964//2448 4066//2448 4067//2448
f 3964//2449 4067//2449 3963//2449
f 3963//2450 4067//2450 4018//2450
f 3963//2451 4018//2451 3962//2451
f 3236//2452 3235//2452 1874//2452
f 1874//2453 3235//2453 1872//2453
f 1872//2454 3235//2454 3234//2454
f 1872//2455 3234//2455 1871//2455
f 1871//2456 3234//2456 3232//2456
f 1871//2457 3232//2457 1870//2457
f 1870//2458 3232//2458 3230//2458
f 1870//2459 3230//2459 1868//2459
f 1868//2460 3230//2460 3228//2460
f 1868//2461 3228//2461 1866//2461
f 1866//2462 3228//2462 3226//2462
f 1866//2463 3226//2463 1864//2463
f 1864//2464 3226//2464 3224//2464
f 1864//2465 3224//2465 1862//2465
f 1862//2466 3224//2466 3222//2466
f 1862//2467 3222//2467 1860//2467
f 1860//2468 3222//2468 3220//2468
f 1860//2469 3220//2469 1858//2469
f 1858//2470 3220//2470 3218//2470
f 1858//2471 3218//2471 1856//2471
f 1856//2472 3218//2472 3216//2472
f 1856//2473 3216//2473 1854//2473
f 1854//2474 3216//2474 3214//2474
f 1854//2475 3214//2475 1852//2475
f 1852//2476 3214//2476 3212//2476
f 1852//2477 3212//2477 1850//2477
f 1850//2478 3212//2478 3210//2478
f 1850//2479 3210//2479 1848//2479
f 1848//2480 3210//2480 3208//2480
f 1848//2481 3208//2481 1846//2481
f 1846//2482 3208//2482 3206//2482
f 1846//2483 3206//2483 1844//2483
f 1844//2484 3206//2484 3204//2484
f 1844//2485 3204//2485 1842//2485
f 1842//2486 3204//2486 3202//2486
f 1842//2487 3202//2487 1840//2487
f 1840//2488 3202//2488 3200//2488
f 1840//2489 3200//2489 1838//2489
f 1838//2490 3200//2490 3198//2490
f 1838//2491 3198//2491 1836//2491
f 1836//2492 3198//2492 3196//2492
f 1836//2493 3196//2493 1834//2493
f 1834//2494 3196//2494 3194//2494
f 1834//2495 3194//2495 1832//2495
f 1832//2496 3194//2496 3192//2496
f 1832//2497 3192//2497 1830//2497
f 1830//2498 3192//2498 3190//2498
f 1830//2499 3190//2499 1828//2499
f 1828//2500 3190//2500 3188//2500
f 1828//2501 3188//2501 1826//2501
f 1826//2502 3188//2502 3186//2502
f 1826//2503 3186//2503 1824//2503
f 1824//2504 3186//2504 3184//2504
f 1824//2505 3184//2505 1822//2505
f 1822//2506 3184//2506 3182//2506
f 1822//2507 3182//2507 1820//2507
f 1820//2508 3182//2508 3180//2508
f 1820//2509 3180//2509 1818//2509
f 1818//2510 3180//2510 3178//2510
f 1818//2511 3178//2511 1816//2511
f 1816//2512 3178//2512 3176//2512
f 1816//2513 3176//2513 1814//2513
f 1814//2514 3176//2514 3174//2514
f 1814//2515 3174//2515 1812//2515
f 1812//2516 3174//2516 3172//2516
f 1812//2517 3172//2517 1810//2517
f 1810//2518 3172//2518 3170//2518
f 1810//2519 3170//2519 1808//2519
f 1808//2520 3170//2520 3168//2520
f 1808//2521 3168//2521 1806//2521
f 1806//2522 3168//2522 3166//2522
f 1806//2523 3166//2523 1804//2523
f 1804//2524 3166//2524 3164//2524
f 1804//2525 3164//2525 1802//2525
f 1802//2526 3164//2526 3162//2526
f 1802//2527 3162//2527 1800//2527
f 1800//2528 3162//2528 3160//2528
f 1800//2529 3160//2529 1798//2529
f 1798//2530 3160//2530 3158//2530
f 1798//2531 3158//2531 1796//2531
f 1796//2532 3158//2532 3156//2532
f 1796//2533 3156//2533 1794//2533
f 1794//2534 3156//2534 3154//2534
f 1794//2535 3154//2535 1792//2535
f 1792//2536 3154//2536 3152//2536
f 1792//2537 3152//2537 1790//2537
f 1790//2538 3152//2538 3150//2538
f 1790//2539 3150//2539 1788//2539
f 1788//2540 3150//2540 3148//2540
f 1788//2541 3148//2541 1786//2541
f 1786//2542 3148//2542 3146//2542
f 1786//2543 3146//2543 1784//2543
f 1784//2544 3146//2544 3144//2544
f 1784//2545 3144//2545 1782//2545
f 1782//2546 3144//2546 3142//2546
f 1782//2547 3142//2547 1780//2547
f 1780//2548 3142//2548 3140//2548
f 1780//2549 3140//2549 1778//2549
f 1778//2550 3140//2550 3138//2550
f 1778//2551 3138//2551 1776//2551
f 1776//2552 3138//2552 3136//2552
f 1776//2553 3136//2553 1774//2553
f 1774//2554 3136//2554 3134//2554
f 1774//2555 3134//2555 1772//2555
f 1772//2556 3134//2556 3132//2556
f 1772//2557 3132//2557 1770//2557
f 1770//2558 3132//2558 3130//2558
f 1770//2559 3130//2559 1768//2559
f 1768//2560 3130//2560 3128//2560
f 1768//2561 3128//2561 1766//2561
f 1766//2562 3128//2562 3126//2562
f 1766//2563 3126//2563 1764//2563
f 1764//2564 3126//2564 3124//2564
f 1764//2565 3124//2565 1762//2565
f 1762//2566 3124//2566 3122//2566
f 1762//2567 3122//2567 1760//2567
f 1760//2568 3122//2568 3120//2568
f 1760//2569 3120//2569 1758//2569
f 1758//2570 3120//2570 3118//2570
f 1758//2571 3118//2571 1756//2571
f 1756//2572 3118//2572 3116//2572
f 1756//2573 3116//2573 1754//2573
f 1754//2574 3116//2574 3114//2574
f 1754//2575 3114//2575 1752//2575
f 1752//2576 3114//2576 3112//2576
f 1752//2577 3112//2577 1750//2577
f 1750//2578 3112//2578 3110//2578
f 1750//2579 3110//2579 1748//2579
f 1748//2580 3110//2580 3108//2580
f 1748//2581 3108//2581 1746//2581
f 1746//2582 3108//2582 3106//2582
f 1746//2583 3106//2583 1744//2583
f 1744//2584 3106//2584 3104//2584
f 1744//2585 3104//2585 1742//2585
f 1742//2586 3104//2586 3102//2586
f 1742//2587 3102//2587 1740//2587
f 1740//2588 3102//2588 3100//2588
f 1740//2589 3100//2589 1738//2589
f 1738//2590 3100//2590 3098//2590
f 1738//2591 3098//2591 1736//2591
f 1736//2592 3098//2592 3096//2592
f 1736//2593 3096//2593 1734//2593
f 1734//2594 3096//2594 3094//2594
f 1734//2595 3094//2595 1732//2595
f 1732//2596 3094//2596 3092//2596
f 1732//2597 3092//2597 1730//2597
f 1730//2598 3092//2598 3090//2598
f 1730//2599 3090//2599 1728//2599
f 1728//2600 3090//2600 3088//2600
f 1728//2601 3088//2601 1726//2601
f 1726//2602 3088//2602 3086//2602
f 1726//2603 3086//2603 1724//2603
f 1724//2604 3086//2604 3084//2604
f 1724//2605 3084//2605 1722//2605
f 1722//2606 3084//2606 3082//2606
f 1722//2607 3082//2607 1720//2607
f 1720//2608 3082//2608 3080//2608
f 1720//2609 3080//2609 1718//2609
f 1718//2610 3080//2610 3078//2610
f 1718//2611 3078//2611 1716//2611
f 1716//2612 3078//2612 3076//2612
f 1716//2613 3076//2613 1714//2613
f 1714//2614 3076//2614 3074//2614
f 1714//2615 3074//2615 1712//2615
f 1712//2616 3074//2616 3072//2616
f 1712//2617 3072//2617 1710//2617
f 1710//2618 3072//2618 3070//2618
f 1710//2619 3070//2619 1708//2619
f 1708//2620 3070//2620 3068//2620
f 1708//2621 3068//2621 1706//2621
f 1706//2622 3068//2622 3066//2622
f 1706//2623 3066//2623 1704//2623
f 1704//2624 3066//2624 3064//2624
f 1704//2625 3064//2625 1702//2625
f 1702//2626 3064//2626 3062//2626
f 1702//2627 3062//2627 1700//2627
f 1700//2628 3062//2628 3060//2628
f 1700//2629 3060//2629 1698//2629
f 1698//2630 3060//2630 3058//2630
f 1698//2631 3058//2631 1696//2631
f 1696//2632 3058//2632 3056//2632
f 1696//2633 3056//2633 1694//2633
f 1694//2634 3056//2634 3054//2634
f 1694//2635 3054//2635 1692//2635
f 1692//2636 3054//2636 3052//2636
f 1692//2637 3052//2637 1690//2637
f 1690//2638 3052//2638 3050//2638
f 1690//2639 3050//2639 1688//2639
f 1688//2640 3050//2640 3048//2640
f 1688//2641 3048//2641 1686//2641
f 1686//2642 3048//2642 3046//2642
f 1686//2643 3046//2643 1684//2643
f 1684//2644 3046//2644 3044//2644
f 1684//2645 3044//2645 1682//2645
f 1682//2646 3044//2646 3042//2646
f 1682//2647 3042//2647 1680//2647
f 1680//2648 3042//2648 3040//2648
f 1680//2649 3040//2649 1678//2649
f 1678//2650 3040//2650 3038//2650
f 1678//2651 3038//2651 1676//2651
f 1676//2652 3038//2652 3036//2652
f 1676//2653 3036//2653 1674//2653
f 1674//2654 3036//2654 3034//2654
f 1674//2655 3034//2655 1672//2655
f 1672//2656 3034//2656 3032//2656
f 1672//2657 3032//2657 1670//2657
f 1670//2658 3032//2658 3030//2658
f 1670//2659 3030//2659 1668//2659
f 1668//2660 3030//2660 3028//2660
f 1668//2661 3028//2661 1666//2661
f 1666//2662 3028//2662 3026//2662
f 1666//2663 3026//2663 1664//2663
f 1664//2664 3026//2664 3024//2664
f 1664//2665 3024//2665 1662//2665
f 1662//2666 3024//2666 3022//2666
f 1662//2667 3022//2667 1660//2667
f 1660//2668 3022//2668 3020//2668
f 1660//2669 3020//2669 1658//2669
f 1658//2670 3020//2670 3018//2670
f 1658//2671 3018//2671 1656//2671
f 1656//2672 3018//2672 3016//2672
f 1656//2673 3016//2673 1654//2673
f 1654//2674 3016//2674 3014//2674
f 1654//2675 3014//2675 1652//2675
f 1652//2676 3014//2676 3012//2676
f 1652//2677 3012//2677 1650//2677
f 1650//2678 3012//2678 3010//2678
f 1650//2679 3010//2679 1648//2679
f 1648//2680 3010//2680 3008//2680
f 1648//2681 3008//2681 1646//2681
f 1646//2682 3008//2682 3006//2682
f 1646//2683 3006//2683 1644//2683
f 1644//2684 3006//2684 3004//2684
f 1644//2685 3004//2685 1642//2685
f 1642//2686 3004//2686 3002//2686
f 1642//2687 3002//2687 1640//2687
f 1640//2688 3002//2688 3000//2688
f 1640//2689 3000//2689 1638//2689
f 1638//2690 3000//2690 2998//2690
f 1638//2691 2998//2691 1636//2691
f 1636//2692 2998//2692 2996//2692
f 1636//2693 2996//2693 1634//2693
f 1634//2694 2996//2694 2994//2694
f 1634//2695 2994//2695 1632//2695
f 1632//2696 2994//2696 2992//2696
f 1632//2697 2992//2697 1630//2697
f 1630//2698 2992//2698 2990//2698
f 1630//2699 2990//2699 1628//2699
f 1628//2700 2990//2700 2988//2700
f 1628//2701 2988//2701 1626//2701
f 1626//2702 2988//2702 2986//2702
f 1626//2703 2986//2703 1624//2703
f 1624//2704 2986//2704 2984//2704
f 1624//2705 2984//2705 1622//2705
f 1622//2706 2984//2706 2982//2706
f 1622//2707 2982//2707 1620//2707
f 1620//2708 2982//2708 2980//2708
f 1620//2709 2980//2709 1618//2709
f 1618//2710 2980//2710 2978//2710
f 1618//2711 2978//2711 1616//2711
f 1616//2712 2978//2712 2976//2712
f 1616//2713 2976//2713 1614//2713
f 1614//2714 2976//2714 2974//2714
f 1614//2715 2974//2715 1612//2715
f 1612//2716 2974//2716 2972//2716
f 1612//2717 2972//2717 1610//2717
f 1610//2718 2972//2718 2970//2718
f 1610//2719 2970//2719 1608//2719
f 1608//2720 2970//2720 2968//2720
f 1608//2721 2968//2721 1606//2721
f 1606//2722 2968//2722 2966//2722
f 1606//2723 2966//2723 1604//2723
f 1604//2724 2966//2724 2964//2724
f 1604//2725 2964//2725 1602//2725
f 1602//2726 2964//2726 2962//2726
f 1602//2727 2962//2727 1600//2727
f 1600//2728 2962//2728 2960//2728
f 1600//2729 2960//2729 1598//2729
f 1598//2730 2960//2730 2958//2730
f 1598//2731 2958//2731 1596//2731
f 1596//2732 2958//2732 2956//2732
f 1596//2733 2956//2733 1594//2733
f 1594//2734 2956//2734 2954//2734
f 1594//2735 2954//2735 1592//2735
f 1592//2736 2954//2736 2952//2736
f 1592//2737 2952//2737 1590//2737
f 1590//2738 2952//2738 2950//2738
f 1590//2739 2950//2739 1588//2739
f 1588//2740 2950//2740 2948//2740
f 1588//2741 2948//2741 1586//2741
f 1586//2742 2948//2742 2946//2742
f 1586//2743 2946//2743 1584//2743
f 1584//2744 2946//2744 2944//2744
f 1584//2745 2944//2745 1582//2745
f 1582//2746 2944//2746 2942//2746
f 1582//2747 2942//2747 1580//2747
f 1580//2748 2942//2748 2940//2748
f 1580//2749 2940//2749 1578//2749
f 1578//2750 2940//2750 2938//2750
f 1578//2751 2938//2751 1576//2751
f 1576//2752 2938//2752 2936//2752
f 1576//2753 2936//2753 1574//2753
f 1574//2754 2936//2754 2934//2754
f 1574//2755 2934//2755 1572//2755
f 1572//2756 2934//2756 2932//2756
f 1572//2757 2932//2757 1570//2757
f 1570//2758 2932//2758 2930//2758
f 1570//2759 2930//2759 1568//2759
f 1568//2760 2930//2760 2928//2760
f 1568//2761 2928//2761 1566//2761
f 1566//2762 2928//2762 2926//2762
f 1566//2763 2926//2763 1564//2763
f 1564//2764 2926//2764 2924//2764
f 1564//2765 2924//2765 1562//2765
f 1562//2766 2924//2766 2922//2766
f 1562//2767 2922//2767 1560//2767
f 1560//2768 2922//2768 2920//2768
f 1560//2769 2920//2769 1558//2769
f 1558//2770 2920//2770 2918//2770
f 1558//2771 2918//2771 1556//2771
f 1556//2772 2918//2772 2916//2772
f 1556//2773 2916//2773 1554//2773
f 1554//2774 2916//2774 2914//2774
f 1554//2775 2914//2775 1552//2775
f 1552//2776 2914//2776 2912//2776
f 1552//2777 2912//2777 1550//2777
f 1550//2778 2912//2778 2910//2778
f 1550//2779 2910//2779 1548//2779
f 1548//2780 2910//2780 2908//2780
f 1548//2781 2908//2781 1546//2781
f 1546//2782 2908//2782 2906//2782
f 1546//2783 2906//2783 1544//2783
f 1544//2784 2906//2784 2904//2784
f 1544//2785 2904//2785 1542//2785
f 1542//2786 2904//2786 2902//2786
f 1542//2787 2902//2787 1540//2787
f 1540//2788 2902//2788 2900//2788
f 1540//2789 2900//2789 1538//2789
f 1538//2790 2900//2790 2898//2790
f 1538//2791 2898//2791 1536//2791
f 1536//2792 2898//2792 2896//2792
f 1536//2793 2896//2793 1534//2793
f 1534//2794 2896//2794 2894//2794
f 1534//2795 2894//2795 1532//2795
f 1532//2796 2894//2796 2892//2796
f 1532//2797 2892//2797 1530//2797
f 1530//2798 2892//2798 2890//2798
f 1530//2799 2890//2799 1528//2799
f 1528//2800 2890//2800 2888//2800
f 1528//2801 2888//2801 1526//2801
f 1526//2802 2888//2802 2886//2802
f 1526//2803 2886//2803 1524//2803
f 1524//2804 2886//2804 2884//2804
f 1524//2805 2884//2805 1522//2805
f 1522//2806 2884//2806 2882//2806
f 1522//2807 2882//2807 1520//2807
f 1520//2808 2882//2808 2880//2808
f 1520//2809 2880//2809 1518//2809
f 1518//2810 2880//2810 2878//2810
f 1518//2811 2878//2811 1516//2811
f 1516//2812 2878//2812 2876//2812
f 1516//2813 2876//2813 1514//2813
f 1514//2814 2876//2814 2874//2814
f 1514//2815 2874//2815 1512//2815
f 1512//2816 2874//2816 2872//2816
f 1512//2817 2872//2817 1510//2817
f 1510//2818 2872//2818 2870//2818
f 1510//2819 2870//2819 1508//2819
f 1508//2820 2870//2820 2868//2820
f 1508//2821 2868//2821 1506//2821
f 1506//2822 2868//2822 2866//2822
f 1506//2823 2866//2823 1504//2823
f 1504//2824 2866//2824 2864//2824
f 1504//2825 2864//2825 1502//2825
f 1502//2826 2864//2826 2862//2826
f 1502//2827 2862//2827 1500//2827
f 1500//2828 2862//2828 2860//2828
f 1500//2829 2860//2829 1498//2829
f 1498//2830 2860//2830 2858//2830
f 1498//2831 2858//2831 1496//2831
f 1496//2832 2858//2832 2856//2832
f 1496//2833 2856//2833 1494//2833
f 1494//2834 2856//2834 2854//2834
f 1494//2835 2854//2835 1492//2835
f 1492//2836 2854//2836 2852//2836
f 1492//2837 2852//2837 1490//2837
f 1490//2838 2852//2838 2850//2838
f 1490//2839 2850//2839 1488//2839
f 1488//2840 2850//2840 2848//2840
f 1488//2841 2848//2841 1486//2841
f 1486//2842 2848//2842 2846//2842
f 1486//2843 2846//2843 1484//2843
f 1484//2844 2846//2844 2844//2844
f 1484//2845 2844//2845 1482//2845
f 1482//2846 2844//2846 2842//2846
f 1482//2847 2842//2847 1480//2847
f 1480//2848 2842//2848 2840//2848
f 1480//2849 2840//2849 1478//2849
f 1478//2850 2840//2850 2838//2850
f 1478//2851 2838//2851 1476//2851
f 1476//2852 2838//2852 2836//2852
f 1476//2853 2836//2853 1474//2853
f 1474//2854 2836//2854 2834//2854
f 1474//2855 2834//2855 1472//2855
f 1472//2856 2834//2856 2832//2856
f 1472//2857 2832//2857 1470//2857
f 1470//2858 2832//2858 2830//2858
f 1470//2859 2830//2859 1468//2859
f 1468//2860 2830//2860 2828//2860
f 1468//2861 2828//2861 1466//2861
f 1466//2862 2828//2862 2826//2862
f 1466//2863 2826//2863 1464//2863
f 1464//2864 2826//2864 2824//2864
f 1464//2865 2824//2865 1462//2865
f 1462//2866 2824//2866 2822//2866
f 1462//2867 2822//2867 1460//2867
f 1460//2868 2822//2868 2820//2868
f 1460//2869 2820//2869 1458//2869
f 1458//2870 2820//2870 2818//2870
f 1458//2871 2818//2871 1456//2871
f 1456//2872 2818//2872 2816//2872
f 1456//2873 2816//2873 1454//2873
f 1454//2874 2816//2874 2814//2874
f 1454//2875 2814//2875 1452//2875
f 1452//2876 2814//2876 2812//2876
f 1452//2877 2812//2877 1450//2877
f 1450//2878 2812//2878 2810//2878
f 1450//2879 2810//2879 1448//2879
f 1448//2880 2810//2880 2808//2880
f 1448//2881 2808//2881 1446//2881
f 1446//2882 2808//2882 2806//2882
f 1446//2883 2806//2883 1444//2883
f 1444//2884 2806//2884 2804//2884
f 1444//2885 2804//2885 1442//2885
f 1442//2886 2804//2886 2802//2886
f 1442//2887 2802//2887 1440//2887
f 1440//2888 2802//2888 2800//2888
f 1440//2889 2800//2889 1438//2889
f 1438//2890 2800//2890 2798//2890
f 1438//2891 2798//2891 1436//2891
f 1436//2892 2798//2892 2796//2892
f 1436//2893 2796//2893 1434//2893
f 1434//2894 2796//2894 2794//2894
f 1434//2895 2794//2895 1432//2895
f 1432//2896 2794//2896 2792//2896
f 1432//2897 2792//2897 1430//2897
f 1430//2898 2792//2898 2790//2898
f 1430//2899 2790//2899 1428//2899
f 1428//2900 2790//2900 2788//2900
f 1428//2901 2788//2901 1426//2901
f 1426//2902 2788//2902 2786//2902
f 1426//2903 2786//2903 1424//2903
f 1424//2904 2786//2904 2784//2904
f 1424//2905 2784//2905 1422//2905
f 1422//2906 2784//2906 2782//2906
f 1422//2907 2782//2907 1420//2907
f 1420//2908 2782//2908 2780//2908
f 1420//2909 2780//2909 1418//2909
f 1418//2910 2780//2910 2778//2910
f 1418//2911 2778//2911 1416//2911
f 1416//2912 2778//2912 2776//2912
f 1416//2913 2776//2913 1414//2913
f 1414//2914 2776//2914 2774//2914
f 1414//2915 2774//2915 1412//2915
f 1412//2916 2774//2916 2772//2916
f 1412//2917 2772//2917 1410//2917
f 1410//2918 2772//2918 2770//2918
f 1410//2919 2770//2919 1408//2919
f 1408//2920 2770//2920 2768//2920
f 1408//2921 2768//2921 1406//2921
f 1406//2922 2768//2922 2766//2922
f 1406//2923 2766//2923 1404//2923
f 1404//2924 2766//2924 2764//2924
f 1404//2925 2764//2925 1402//2925
f 1402//2926 2764//2926 2762//2926
f 1402//2927 2762//2927 1400//2927
f 1400//2928 2762//2928 2760//2928
f 1400//2929 2760//2929 1398//2929
f 1398//2930 2760//2930 2758//2930
f 1398//2931 2758//2931 1396//2931
f 1396//2932 2758//2932 2756//2932
f 1396//2933 2756//2933 1394//2933
f 1394//2934 2756//2934 2754//2934
f 1394//2935 2754//2935 1392//2935
f 1392//2936 2754//2936 2752//2936
f 1392//2937 2752//2937 1390//2937
f 1390//2938 2752//2938 2750//2938
f 1390//2939 2750//2939 1388//2939
f 1388//2940 2750//2940 2748//2940
f 1388//2941 2748//2941 1386//2941
f 1386//2942 2748//2942 2746//2942
f 1386//2943 2746//2943 1384//2943
f 1384//2944 2746//2944 2744//2944
f 1384//2945 2744//2945 1382//2945
f 1382//2946 2744//2946 2742//2946
f 1382//2947 2742//2947 1380//2947
f 1380//2948 2742//2948 2740//2948
f 1380//2949 2740//2949 1378//2949
f 1378//2950 2740//2950 2738//2950
f 1378//2951 2738//2951 1376//2951
f 1376//2952 2738//2952 2736//2952
f 1376//2953 2736//2953 1374//2953
f 1374//2954 2736//2954 2734//2954
f 1374//2955 2734//2955 1372//2955
f 1372//2956 2734//2956 2732//2956
f 1372//2957 2732//2957 1370//2957
f 1370//2958 2732//2958 2730//2958
f 1370//2959 2730//2959 1368//2959
f 1368//2960 2730//2960 2728//2960
f 1368//2961 2728//2961 1366//2961
f 1366//2962 2728//2962 2726//2962
f 1366//2963 2726//2963 1364//2963
f 1364//2964 2726//2964 2724//2964
f 1364//2965 2724//2965 1362//2965
f 1362//2966 2724//2966 2722//2966
f 1362//2967 2722//2967 1360//2967
f 1360//2968 2722//2968 2720//2968
f 1360//2969 2720//2969 1358//2969
f 1358//2970 2720//2970 2718//2970
f 1358//2971 2718//2971 1356//2971
f 1356//2972 2718//2972 2716//2972
f 1356//2973 2716//2973 1354//2973
f 1354//2974 2716//2974 2714//2974
f 1354//2975 2714//2975 1352//2975
f 1352//2976 2714//2976 2712//2976
f 1352//2977 2712//2977 1350//2977
f 1350//2978 2712//2978 2710//2978
f 1350//2979 2710//2979 1348//2979
f 1348//2980 2710//2980 2708//2980
f 1348//2981 2708//2981 1346//2981
f 1346//2982 2708//2982 2706//2982
f 1346//2983 2706//2983 1344//2983
f 1344//2984 2706//2984 2704//2984
f 1344//2985 2704//2985 1342//2985
f 1342//2986 2704//2986 2702//2986
f 1342//2987 2702//2987 1340//2987
f 1340//2988 2702//2988 2700//2988
f 1340//2989 2700//2989 1338//2989
f 1338//2990 2700//2990 2698//2990
f 1338//2991 2698//2991 1336//2991
f 1336//2992 2698//2992 2696//2992
f 1336//2993 2696//2993 1334//2993
f 1334//2994 2696//2994 2694//2994
f 1334//2995 2694//2995 1332//2995
f 1332//2996 2694//2996 2692//2996
f 1332//2997 2692//2997 1330//2997
f 1330//2998 2692//2998 2690//2998
f 1330//2999 2690//2999 1328//2999
f 1328//3000 2690//3000 2688//3000
f 1328//3001 2688//3001 1326//3001
f 1326//3002 2688//3002 2686//3002
f 1326//3003 2686//3003 1324//3003
f 1324//3004 2686//3004 2684//3004
f 1324//3005 2684//3005 1322//3005
f 1322//3006 2684//3006 2682//3006
f 1322//3007 2682//3007 1320//3007
f 1320//3008 2682//3008 2680//3008
f 1320//3009 2680//3009 1318//3009
f 1318//3010 2680//3010 2678//3010
f 1318//3011 2678//3011 1316//3011
f 1316//3012 2678//3012 2676//3012
f 1316//3013 2676//3013 1314//3013
f 1314//3014 2676//3014 2674//3014
f 1314//3015 2674//3015 1312//3015
f 1312//3016 2674//3016 2672//3016
f 1312//3017 2672//3017 1310//3017
f 1310//3018 2672//3018 2670//3018
f 1310//3019 2670//3019 1308//3019
f 1308//3020 2670//3020 2668//3020
f 1308//3021 2668//3021 1306//3021
f 1306//3022 2668//3022 2666//3022
f 1306//3023 2666//3023 1304//3023
f 1304//3024 2666//3024 2664//3024
f 1304//3025 2664//3025 1302//3025
f 1302//3026 2664//3026 2662//3026
f 1302//3027 2662//3027 1300//3027
f 1300//3028 2662//3028 2660//3028
f 1300//3029 2660//3029 1298//3029
f 1298//3030 2660//3030 2658//3030
f 1298//3031 2658//3031 1296//3031
f 1296//3032 2658//3032 2656//3032
f 1296//3033 2656//3033 1294//3033
f 1294//3034 2656//3034 2654//3034
f 1294//3035 2654//3035 1292//3035
f 1292//3036 2654//3036 2652//3036
f 1292//3037 2652//3037 1290//3037
f 1290//3038 2652//3038 2650//3038
f 1290//3039 2650//3039 1288//3039
f 1288//3040 2650//3040 2648//3040
f 1288//3041 2648//3041 1286//3041
f 1286//3042 2648//3042 2646//3042
f 1286//3043 2646//3043 1284//3043
f 1284//3044 2646//3044 2644//3044
f 1284//3045 2644//3045 1282//3045
f 1282//3046 2644//3046 2642//3046
f 1282//3047 2642//3047 1280//3047
f 1280//3048 2642//3048 2640//3048
f 1280//3049 2640//3049 1278//3049
f 1278//3050 2640//3050 2638//3050
f 1278//3051 2638//3051 1276//3051
f 1276//3052 2638//3052 2636//3052
f 1276//3053 2636//3053 1274//3053
f 1274//3054 2636//3054 2634//3054
f 1274//3055 2634//3055 1272//3055
f 1272//3056 2634//3056 2632//3056
f 1272//3057 2632//3057 1270//3057
f 1270//3058 2632//3058 2630//3058
f 1270//3059 2630//3059 1268//3059
f 1268//3060 2630//3060 2628//3060
f 1268//3061 2628//3061 1266//3061
f 1266//3062 2628//3062 2626//3062
f 1266//3063 2626//3063 1264//3063
f 1264//3064 2626//3064 2624//3064
f 1264//3065 2624//3065 1262//3065
f 1262//3066 2624//3066 2622//3066
f 1262//3067 2622//3067 1260//3067
f 1260//3068 2622//3068 2620//3068
f 1260//3069 2620//3069 1258//3069
f 1258//3070 2620//3070 2618//3070
f 1258//3071 2618//3071 1256//3071
f 1256//3072 2618//3072 2616//3072
f 1256//3073 2616//3073 1254//3073
f 1254//3074 2616//3074 2614//3074
f 1254//3075 2614//3075 1252//3075
f 1252//3076 2614//3076 2612//3076
f 1252//3077 2612//3077 1250//3077
f 1250//3078 2612//3078 2610//3078
f 1250//3079 2610//3079 1248//3079
f 1248//3080 2610//3080 2608//3080
f 1248//3081 2608//3081 1246//3081
f 1246//3082 2608//3082 2606//3082
f 1246//3083 2606//3083 1244//3083
f 1244//3084 2606//3084 2604//3084
f 1244//3085 2604//3085 1242//3085
f 1242//3086 2604//3086 2602//3086
f 1242//3087 2602//3087 1240//3087
f 1240//3088 2602//3088 2600//3088
f 1240//3089 2600//3089 1238//3089
f 1238//3090 2600//3090 2598//3090
f 1238//3091 2598//3091 1236//3091
f 1236//3092 2598//3092 2596//3092
f 1236//3093 2596//3093 1234//3093
f 1234//3094 2596//3094 2594//3094
f 1234//3095 2594//3095 1232//3095
f 1232//3096 2594//3096 2592//3096
f 1232//3097 2592//3097 1230//3097
f 1230//3098 2592//3098 2590//3098
f 1230//3099 2590//3099 1228//3099
f 1228//3100 2590//3100 2588//3100
f 1228//3101 2588//3101 1226//3101
f 1226//3102 2588//3102 2586//3102
f 1226//3103 2586//3103 1224//3103
f 1224//3104 2586//3104 2584//3104
f 1224//3105 2584//3105 1222//3105
f 1222//3106 2584//3106 2582//3106
f 1222//3107 2582//3107 1220//3107
f 1220//3108 2582//3108 2580//3108
f 1220//3109 2580//3109 1218//3109
f 1218//3110 2580//3110 2578//3110
f 1218//3111 2578//3111 1216//3111
f 1216//3112 2578//3112 2576//3112
f 1216//3113 2576//3113 1214//3113
f 1214//3114 2576//3114 2574//3114
f 1214//3115 2574//3115 1211//3115
f 1211//3116 2574//3116 2572//3116
f 1211//3117 2572//3117 1209//3117
f 1209//3118 2572//3118 2570//3118
f 1209//3119 2570//3119 1207//3119
f 1207//3120 2570//3120 2568//3120
f 1207//3121 2568//3121 1205//3121
f 1205//3122 2568//3122 2566//3122
f 1205//3123 2566//3123 1203//3123
f 1203//3124 2566//3124 2564//3124
f 1203//3125 2564//3125 1201//3125
f 1201//3126 2564//3126 2562//3126
f 1201//3127 2562//3127 1199//3127
f 1199//3128 2562//3128 2559//3128
f 1199//3129 2559//3129 1197//3129
f 1197//3130 2559//3130 2557//3130
f 1197//3131 2557//3131 1195//3131
f 1195//3132 2557//3132 2555//3132
f 1195//3133 2555//3133 1193//3133
f 1193//3134 2555//3134 2553//3134
f 1193//3135 2553//3135 1191//3135
f 1191//3136 2553//3136 2551//3136
f 1191//3137 2551//3137 1189//3137
f 1189//3138 2551//3138 2549//3138
f 1189//3139 2549//3139 1187//3139
f 1187//3140 2549//3140 2547//3140
f 1187//3141 2547//3141 1185//3141
f 1185//3142 2547//3142 2545//3142
f 1185//3143 2545//3143 1183//3143
f 1183//3144 2545//3144 2543//3144
f 1183//3145 2543//3145 1181//3145
f 1181//3146 2543//3146 2541//3146
f 2541//3147 2539//3147 1177//3147
f 2541//3148 1177//3148 1179//3148
f 2539//3149 2537//3149 1175//3149
f 2539//3150 1175//3150 1177//3150
f 2537//3151 2535//3151 1175//3151
f 1175//3152 2535//3152 1173//3152
f 1173//3153 2535//3153 2533//3153
f 1173//3154 2533//3154 1171//3154
f 1171//3155 2533//3155 2531//3155
f 1171//3156 2531//3156 1169//3156
f 1169//3157 2531//3157 2529//3157
f 2529//3158 2527//3158 1165//3158
f 2529//3159 1165//3159 1167//3159
f 2527//3160 2525//3160 1163//3160
f 2527//3161 1163//3161 1165//3161
f 2525//3162 2523//3162 1163//3162
f 1163//3163 2523//3163 1161//3163
f 1161//3164 2523//3164 2521//3164
f 1161//3165 2521//3165 1159//3165
f 1159//3166 2521//3166 2519//3166
f 1159//3167 2519//3167 1157//3167
f 1157//3168 2519//3168 2517//3168
f 2517//3169 2515//3169 1153//3169
f 2517//3170 1153//3170 1155//3170
f 2515//3171 2513//3171 1151//3171
f 2515//3172 1151//3172 1153//3172
f 2513//3173 2511//3173 1151//3173
f 1151//3174 2511//3174 1149//3174
f 1149//3175 2511//3175 2509//3175
f 1149//3176 2509//3176 1147//3176
f 1147//3177 2509//3177 2507//3177
f 1147//3178 2507//3178 1145//3178
f 1145//3179 2507//3179 2505//3179
f 2505//3180 2503//3180 1141//3180
f 2505//3181 1141//3181 1143//3181
f 2503//3182 2501//3182 1139//3182
f 2503//3183 1139//3183 1141//3183
f 2501//3184 2499//3184 1139//3184
f 1139//3185 2499//3185 1137//3185
f 1137//3186 2499//3186 2497//3186
f 1137//3187 2497//3187 1135//3187
f 1135//3188 2497//3188 2495//3188
f 1135//3189 2495//3189 1133//3189
f 1133//3190 2495//3190 2493//3190
f 2493//3191 2491//3191 1129//3191
f 2493//3192 1129//3192 1131//3192
f 2491//3193 2489//3193 1127//3193
f 2491//3194 1127//3194 1129//3194
f 2489//3195 2487//3195 1127//3195
f 1127//3196 2487//3196 1125//3196
f 1125//3197 2487//3197 2485//3197
f 1125//3198 2485//3198 1123//3198
f 1123//3199 2485//3199 2483//3199
f 1123//3200 2483//3200 1121//3200
f 1121//3201 2483//3201 2481//3201
f 2481//3202 2479//3202 1117//3202
f 2481//3203 1117//3203 1119//3203
f 2479//3204 2477//3204 1115//3204
f 2479//3205 1115//3205 1117//3205
f 2477//3206 2475//3206 1115//3206
f 1115//3207 2475//3207 1113//3207
f 1113//3208 2475//3208 2473//3208
f 1113//3209 2473//3209 1111//3209
f 1111//3210 2473//3210 2471//3210
f 1111//3211 2471//3211 1109//3211
f 1109//3212 2471//3212 2469//3212
f 2469//3213 2467//3213 1105//3213
f 2469//3214 1105//3214 1107//3214
f 2467//3215 2465//3215 1103//3215
f 2467//3216 1103//3216 1105//3216
f 2465//3217 2463//3217 1103//3217
f 1103//3218 2463//3218 1101//3218
f 1101//3219 2463//3219 2461//3219
f 1101//3220 2461//3220 1099//3220
f 1099//3221 2461//3221 2459//3221
f 1099//3222 2459//3222 1097//3222
f 1097//3223 2459//3223 2457//3223
f 2457//3224 2455//3224 1093//3224
f 2457//3225 1093//3225 1095//3225
f 2455//3226 2453//3226 1091//3226
f 2455//3227 1091//3227 1093//3227
f 2453//3228 2451//3228 1091//3228
f 1091//3229 2451//3229 1089//3229
f 1089//3230 2451//3230 2449//3230
f 1089//3231 2449//3231 1087//3231
f 1087//3232 2449//3232 2447//3232
f 1087//3233 2447//3233 1085//3233
f 1085//3234 2447//3234 2445//3234
f 2445//3235 2443//3235 1081//3235
f 2445//3236 1081//3236 1083//3236
f 2443//3237 2441//3237 1079//3237
f 2443//3238 1079//3238 1081//3238
f 2441//3239 2439//3239 1079//3239
f 1079//3240 2439//3240 1077//3240
f 1077//3241 2439//3241 2437//3241
f 1077//3242 2437//3242 1075//3242
f 1075//3243 2437//3243 2435//3243
f 1075//3244 2435//3244 1073//3244
f 1073//3245 2435//3245 2433//3245
f 1073//3246 2433//3246 1071//3246
f 1071//3247 2433//3247 2431//3247
f 2431//3248 2429//3248 1067//3248
f 2431//3249 1067//3249 1069//3249
f 2429//3250 2427//3250 1065//3250
f 2429//3251 1065//3251 1067//3251
f 2427//3252 2425//3252 1065//3252
f 1065//3253 2425//3253 1063//3253
f 1063//3254 2425//3254 2423//3254
f 1063//3255 2423//3255 1061//3255
f 1061//3256 2423//3256 2421//3256
f 1061//3257 2421//3257 1059//3257
f 1059//3258 2421//3258 2419//3258
f 2419//3259 2417//3259 1055//3259
f 2419//3260 1055//3260 1057//3260
f 2417//3261 2415//3261 1053//3261
f 2417//3262 1053//3262 1055//3262
f 2415//3263 2413//3263 1053//3263
f 1053//3264 2413//3264 1051//3264
f 1051//3265 2413//3265 2411//3265
f 1051//3266 2411//3266 1049//3266
f 1049//3267 2411//3267 2409//3267
f 1049//3268 2409//3268 1047//3268
f 1047//3269 2409//3269 2407//3269
f 2407//3270 2405//3270 1043//3270
f 2407//3271 1043//3271 1045//3271
f 2405//3272 2403//3272 1041//3272
f 2405//3273 1041//3273 1043//3273
f 2403//3274 2401//3274 1041//3274
f 1041//3275 2401//3275 1038//3275
f 1038//3276 2401//3276 2399//3276
f 1038//3277 2399//3277 1036//3277
f 1036//3278 2399//3278 2397//3278
f 1036//3279 2397//3279 1034//3279
f 1034//3280 2397//3280 2395//3280
f 1034//3281 2395//3281 1032//3281
f 1032//3282 2395//3282 2392//3282
f 2392//3283 2390//3283 1028//3283
f 2392//3284 1028//3284 1030//3284
f 2390//3285 2388//3285 1026//3285
f 2390//3286 1026//3286 1028//3286
f 2388//3287 2386//3287 1026//3287
f 1026//3288 2386//3288 1024//3288
f 1024//3289 2386//3289 2384//3289
f 1024//3290 2384//3290 1022//3290
f 1022//3291 2384//3291 2382//3291
f 1022//3292 2382//3292 1020//3292
f 1020//3293 2382//3293 2380//3293
f 2380//3294 2378//3294 1016//3294
f 2380//3295 1016//3295 1018//3295
f 2378//3296 2376//3296 1014//3296
f 2378//3297 1014//3297 1016//3297
f 2376//3298 2374//3298 1014//3298
f 1014//3299 2374//3299 1012//3299
f 1012//3300 2374//3300 2372//3300
f 1012//3301 2372//3301 1010//3301
f 1010//3302 2372//3302 2370//3302
f 1010//3303 2370//3303 1008//3303
f 1008//3304 2370//3304 2368//3304
f 1008//3305 2368//3305 1006//3305
f 1006//3306 2368//3306 2366//3306
f 2366//3307 2364//3307 1002//3307
f 2366//3308 1002//3308 1004//3308
f 2364//3309 2362//3309 1000//3309
f 2364//3310 1000//3310 1002//3310
f 2362//3311 2360//3311 1000//3311
f 1000//3312 2360//3312 998//3312
f 998//3313 2360//3313 2358//3313
f 998//3314 2358//3314 996//3314
f 996//3315 2358//3315 2356//3315
f 996//3316 2356//3316 994//3316
f 994//3317 2356//3317 2354//3317
f 994//3318 2354//3318 992//3318
f 992//3319 2354//3319 2352//3319
f 992//3320 2352//3320 990//3320
f 990//3321 2352//3321 2350//3321
f 990//3322 2350//3322 988//3322
f 988//3323 2350//3323 2348//3323
f 988//3324 2348//3324 986//3324
f 986//3325 2348//3325 2346//3325
f 2346//3326 2344//3326 982//3326
f 2346//3327 982//3327 984//3327
f 2344//3328 2342//3328 980//3328
f 2344//3329 980//3329 982//3329
f 2342//3330 2340//3330 980//3330
f 980//3331 2340//3331 978//3331
f 978//3332 2340//3332 2338//3332
f 978//3333 2338//3333 976//3333
f 976//3334 2338//3334 2336//3334
f 976//3335 2336//3335 974//3335
f 974//3336 2336//3336 2334//3336
f 974//3337 2334//3337 972//3337
f 972//3338 2334//3338 2332//3338
f 972//3339 2332//3339 970//3339
f 970//3340 2332//3340 2330//3340
f 970//3341 2330//3341 968//3341
f 968//3342 2330//3342 2328//3342
f 968//3343 2328//3343 966//3343
f 966//3344 2328//3344 2326//3344
f 2326//3345 2324//3345 962//3345
f 2326//3346 962//3346 964//3346
f 2324//3347 2322//3347 960//3347
f 2324//3348 960//3348 962//3348
f 2322//3349 2320//3349 960//3349
f 960//3350 2320//3350 958//3350
f 958//3351 2320//3351 2318//3351
f 958//3352 2318//3352 956//3352
f 956//3353 2318//3353 2316//3353
f 956//3354 2316//3354 954//3354
f 954//3355 2316//3355 2314//3355
f 954//3356 2314//3356 952//3356
f 952//3357 2314//3357 2312//3357
f 2312//3358 2310//3358 948//3358
f 2312//3359 948//3359 950//3359
f 2310//3360 2308//3360 946//3360
f 2310//3361 946//3361 948//3361
f 2308//3362 2306//3362 946//3362
f 946//3363 2306//3363 944//3363
f 944//3364 2306//3364 2304//3364
f 944//3365 2304//3365 942//3365
f 942//3366 2304//3366 2302//3366
f 942//3367 2302//3367 940//3367
f 940//3368 2302//3368 2300//3368
f 940//3369 2300//3369 938//3369
f 938//3370 2300//3370 2298//3370
f 2298//3371 2296//3371 934//3371
f 2298//3372 934//3372 936//3372
f 2296//3373 2294//3373 932//3373
f 2296//3374 932//3374 934//3374
f 2294//3375 2292//3375 932//3375
f 932//3376 2292//3376 930//3376
f 930//3377 2292//3377 2290//3377
f 930//3378 2290//3378 928//3378
f 928//3379 2290//3379 2288//3379
f 928//3380 2288//3380 926//3380
f 926//3381 2288//3381 2286//3381
f 926//3382 2286//3382 924//3382
f 924//3383 2286//3383 2284//3383
f 2284//3384 2282//3384 920//3384
f 2284//3385 920//3385 922//3385
f 2282//3386 2280//3386 918//3386
f 2282//3387 918//3387 920//3387
f 2280//3388 2278//3388 918//3388
f 918//3389 2278//3389 916//3389
f 916//3390 2278//3390 2276//3390
f 916//3391 2276//3391 913//3391
f 913//3392 2276//3392 2274//3392
f 913//3393 2274//3393 911//3393
f 911//3394 2274//3394 2271//3394
f 911//3395 2271//3395 909//3395
f 909//3396 2271//3396 2269//3396
f 2269//3397 2267//3397 905//3397
f 2269//3398 905//3398 907//3398
f 2267//3399 2265//3399 903//3399
f 2267//3400 903//3400 905//3400
f 2265//3401 2263//3401 903//3401
f 903//3402 2263//3402 901//3402
f 901//3403 2263//3403 2261//3403
f 901//3404 2261//3404 899//3404
f 899//3405 2261//3405 2259//3405
f 899//3406 2259//3406 897//3406
f 897//3407 2259//3407 2257//3407
f 897//3408 2257//3408 895//3408
f 895//3409 2257//3409 2255//3409
f 2255//3410 2253//3410 891//3410
f 2255//3411 891//3411 893//3411
f 2253//3412 2251//3412 889//3412
f 2253//3413 889//3413 891//3413
f 2251//3414 2249//3414 887//3414
f 2251//3415 887//3415 889//3415
f 2249//3416 2247//3416 887//3416
f 887//3417 2247//3417 885//3417
f 885//3418 2247//3418 2245//3418
f 885//3419 2245//3419 883//3419
f 883//3420 2245//3420 2243//3420
f 883//3421 2243//3421 881//3421
f 881//3422 2243//3422 2241//3422
f 881//3423 2241//3423 879//3423
f 879//3424 2241//3424 2239//3424
f 879//3425 2239//3425 877//3425
f 877//3426 2239//3426 2237//3426
f 877//3427 2237//3427 875//3427
f 875//3428 2237//3428 2235//3428
f 875//3429 2235//3429 873//3429
f 873//3430 2235//3430 2233//3430
f 2233//3431 2231//3431 869//3431
f 2233//3432 869//3432 871//3432
f 2231//3433 2229//3433 867//3433
f 2231//3434 867//3434 869//3434
f 2229//3435 2227//3435 865//3435
f 2229//3436 865//3436 867//3436
f 2227//3437 2225//3437 865//3437
f 865//3438 2225//3438 863//3438
f 863//3439 2225//3439 2223//3439
f 863//3440 2223//3440 861//3440
f 861//3441 2223//3441 2221//3441
f 861//3442 2221//3442 859//3442
f 859//3443 2221//3443 2219//3443
f 859//3444 2219//3444 857//3444
f 857//3445 2219//3445 2217//3445
f 2217//3446 2215//3446 853//3446
f 2217//3447 853//3447 855//3447
f 2215//3448 2212//3448 851//3448
f 2215//3449 851//3449 853//3449
f 2212//3450 2210//3450 851//3450
f 851//3451 2210//3451 848//3451
f 855//3452 857//3452 2217//3452
f 871//3453 873//3453 2233//3453
f 893//3454 895//3454 2255//3454
f 907//3455 909//3455 2269//3455
f 922//3456 924//3456 2284//3456
f 936//3457 938//3457 2298//3457
f 950//3458 952//3458 2312//3458
f 964//3459 966//3459 2326//3459
f 984//3460 986//3460 2346//3460
f 1004//3461 1006//3461 2366//3461
f 1018//3462 1020//3462 2380//3462
f 1030//3463 1032//3463 2392//3463
f 1045//3464 1047//3464 2407//3464
f 1057//3465 1059//3465 2419//3465
f 1069//3466 1071//3466 2431//3466
f 1083//3467 1085//3467 2445//3467
f 1095//3468 1097//3468 2457//3468
f 1107//3469 1109//3469 2469//3469
f 1119//3470 1121//3470 2481//3470
f 1131//3471 1133//3471 2493//3471
f 1143//3472 1145//3472 2505//3472
f 1155//3473 1157//3473 2517//3473
f 1167//3474 1169//3474 2529//3474
f 1179//3475 1181//3475 2541//3475
f 564//3476 563//3476 1919//3476
f 564//3477 1919//3477 606//3477
f 606//3478 1919//3478 1972//3478
f 606//3479 1972//3479 608//3479
f 608//3480 1972//3480 1975//3480
f 1974//3481 611//3481 1975//3481
f 1975//3482 611//3482 610//3482
f 1975//3483 610//3483 608//3483
f 1974//3484 1977//3484 613//3484
f 1974//3485 613//3485 611//3485
f 613//3486 1977//3486 615//3486
f 615//3487 1977//3487 1979//3487
f 615//3488 1979//3488 1981//3488
f 1981//3489 1983//3489 619//3489
f 1981//3490 619//3490 617//3490
f 1983//3491 1986//3491 621//3491
f 1983//3492 621//3492 619//3492
f 1986//3493 1985//3493 622//3493
f 1986//3494 622//3494 621//3494
f 1985//3495 1988//3495 624//3495
f 1985//3496 624//3496 622//3496
f 1988//3497 1990//3497 626//3497
f 1988//3498 626//3498 624//3498
f 1990//3499 1992//3499 628//3499
f 1990//3500 628//3500 626//3500
f 1992//3501 1994//3501 630//3501
f 1992//3502 630//3502 628//3502
f 1994//3503 1996//3503 632//3503
f 1994//3504 632//3504 630//3504
f 1996//3505 1999//3505 634//3505
f 1996//3506 634//3506 632//3506
f 1999//3507 1998//3507 635//3507
f 1999//3508 635//3508 634//3508
f 1998//3509 2001//3509 637//3509
f 1998//3510 637//3510 635//3510
f 2001//3511 2003//3511 639//3511
f 2001//3512 639//3512 637//3512
f 2003//3513 2005//3513 641//3513
f 2003//3514 641//3514 639//3514
f 2005//3515 2007//3515 643//3515
f 2005//3516 643//3516 641//3516
f 2007//3517 2009//3517 645//3517
f 2007//3518 645//3518 643//3518
f 2009//3519 2011//3519 647//3519
f 2009//3520 647//3520 645//3520
f 2011//3521 2014//3521 649//3521
f 2011//3522 649//3522 647//3522
f 2014//3523 2013//3523 650//3523
f 2014//3524 650//3524 649//3524
f 2013//3525 2016//3525 652//3525
f 2013//3526 652//3526 650//3526
f 2016//3527 2018//3527 654//3527
f 2016//3528 654//3528 652//3528
f 2018//3529 2020//3529 656//3529
f 2018//3530 656//3530 654//3530
f 2020//3531 2022//3531 658//3531
f 2020//3532 658//3532 656//3532
f 2022//3533 2024//3533 660//3533
f 2022//3534 660//3534 658//3534
f 2024//3535 2026//3535 662//3535
f 2024//3536 662//3536 660//3536
f 2026//3537 2028//3537 664//3537
f 2026//3538 664//3538 662//3538
f 2028//3539 2031//3539 666//3539
f 2028//3540 666//3540 664//3540
f 2031//3541 2030//3541 667//3541
f 2031//3542 667//3542 666//3542
f 2030//3543 2033//3543 669//3543
f 2030//3544 669//3544 667//3544
f 2033//3545 2035//3545 671//3545
f 2033//3546 671//3546 669//3546
f 2035//3547 2037//3547 673//3547
f 2035//3548 673//3548 671//3548
f 2037//3549 2039//3549 675//3549
f 2037//3550 675//3550 673//3550
f 2039//3551 2041//3551 677//3551
f 2039//3552 677//3552 675//3552
f 2041//3553 2043//3553 679//3553
f 2041//3554 679//3554 677//3554
f 2043//3555 2045//3555 681//3555
f 2043//3556 681//3556 679//3556
f 2045//3557 2048//3557 683//3557
f 2045//3558 683//3558 681//3558
f 2048//3559 2047//3559 685//3559
f 2048//3560 685//3560 683//3560
f 2047//3561 2050//3561 686//3561
f 2047//3562 686//3562 685//3562
f 2050//3563 2052//3563 688//3563
f 2050//3564 688//3564 686//3564
f 2052//3565 2054//3565 690//3565
f 2052//3566 690//3566 688//3566
f 2054//3567 2056//3567 692//3567
f 2054//3568 692//3568 690//3568
f 2056//3569 2058//3569 694//3569
f 2056//3570 694//3570 692//3570
f 2058//3571 2060//3571 696//3571
f 2058//3572 696//3572 694//3572
f 2060//3573 2062//3573 698//3573
f 2060//3574 698//3574 696//3574
f 2062//3575 2064//3575 700//3575
f 2062//3576 700//3576 698//3576
f 2064//3577 2066//3577 702//3577
f 2064//3578 702//3578 700//3578
f 2066//3579 2069//3579 704//3579
f 2066//3580 704//3580 702//3580
f 2069//3581 2068//3581 705//3581
f 2069//3582 705//3582 704//3582
f 2068//3583 2071//3583 707//3583
f 2068//3584 707//3584 705//3584
f 2071//3585 2073//3585 709//3585
f 2071//3586 709//3586 707//3586
f 2073//3587 2075//3587 711//3587
f 2073//3588 711//3588 709//3588
f 2075//3589 2077//3589 713//3589
f 2075//3590 713//3590 711//3590
f 2077//3591 2079//3591 715//3591
f 2077//3592 715//3592 713//3592
f 2079//3593 2081//3593 717//3593
f 2079//3594 717//3594 715//3594
f 2081//3595 2083//3595 719//3595
f 2081//3596 719//3596 717//3596
f 2083//3597 2085//3597 721//3597
f 2083//3598 721//3598 719//3598
f 2085//3599 2087//3599 723//3599
f 2085//3600 723//3600 721//3600
f 2087//3601 2089//3601 725//3601
f 2087//3602 725//3602 723//3602
f 2089//3603 2092//3603 727//3603
f 2089//3604 727//3604 725//3604
f 2092//3605 2091//3605 728//3605
f 2092//3606 728//3606 727//3606
f 2091//3607 2094//3607 730//3607
f 2091//3608 730//3608 728//3608
f 2094//3609 2096//3609 732//3609
f 2094//3610 732//3610 730//3610
f 2096//3611 2098//3611 734//3611
f 2096//3612 734//3612 732//3612
f 2098//3613 2100//3613 736//3613
f 2098//3614 736//3614 734//3614
f 2100//3615 2102//3615 738//3615
f 2100//3616 738//3616 736//3616
f 2102//3617 2104//3617 740//3617
f 2102//3618 740//3618 738//3618
f 2104//3619 2106//3619 742//3619
f 2104//3620 742//3620 740//3620
f 2106//3621 2108//3621 744//3621
f 2106//3622 744//3622 742//3622
f 2108//3623 2110//3623 746//3623
f 2108//3624 746//3624 744//3624
f 2110//3625 2112//3625 748//3625
f 2110//3626 748//3626 746//3626
f 2112//3627 2114//3627 750//3627
f 2112//3628 750//3628 748//3628
f 2114//3629 2117//3629 752//3629
f 2114//3630 752//3630 750//3630
f 2117//3631 2116//3631 753//3631
f 2117//3632 753//3632 752//3632
f 2116//3633 2119//3633 755//3633
f 2116//3634 755//3634 753//3634
f 2119//3635 2121//3635 757//3635
f 2119//3636 757//3636 755//3636
f 2121//3637 2123//3637 759//3637
f 2121//3638 759//3638 757//3638
f 2123//3639 2125//3639 761//3639
f 2123//3640 761//3640 759//3640
f 2125//3641 2127//3641 763//3641
f 2125//3642 763//3642 761//3642
f 2127//3643 2129//3643 765//3643
f 2127//3644 765//3644 763//3644
f 2129//3645 2131//3645 767//3645
f 2129//3646 767//3646 765//3646
f 2131//3647 2133//3647 769//3647
f 2131//3648 769//3648 767//3648
f 2133//3649 2135//3649 771//3649
f 2133//3650 771//3650 769//3650
f 2135//3651 2137//3651 773//3651
f 2135//3652 773//3652 771//3652
f 2137//3653 2139//3653 775//3653
f 2137//3654 775//3654 773//3654
f 2139//3655 2141//3655 777//3655
f 2139//3656 777//3656 775//3656
f 2141//3657 2143//3657 779//3657
f 2141//3658 779//3658 777//3658
f 2143//3659 2146//3659 781//3659
f 2143//3660 781//3660 779//3660
f 2146//3661 2145//3661 782//3661
f 2146//3662 782//3662 781//3662
f 2145//3663 2148//3663 784//3663
f 2145//3664 784//3664 782//3664
f 2148//3665 2150//3665 786//3665
f 2148//3666 786//3666 784//3666
f 2150//3667 2152//3667 788//3667
f 2150//3668 788//3668 786//3668
f 2152//3669 2154//3669 790//3669
f 2152//3670 790//3670 788//3670
f 2154//3671 2156//3671 792//3671
f 2154//3672 792//3672 790//3672
f 2156//3673 2158//3673 794//3673
f 2156//3674 794//3674 792//3674
f 2158//3675 2160//3675 796//3675
f 2158//3676 796//3676 794//3676
f 2160//3677 2162//3677 798//3677
f 2160//3678 798//3678 796//3678
f 2162//3679 2164//3679 800//3679
f 2162//3680 800//3680 798//3680
f 2164//3681 2166//3681 802//3681
f 2164//3682 802//3682 800//3682
f 2166//3683 2168//3683 804//3683
f 2166//3684 804//3684 802//3684
f 2168//3685 2170//3685 806//3685
f 2168//3686 806//3686 804//3686
f 2170//3687 2172//3687 808//3687
f 2170//3688 808//3688 806//3688
f 2172//3689 2174//3689 810//3689
f 2172//3690 810//3690 808//3690
f 2174//3691 2177//3691 812//3691
f 2174//3692 812//3692 810//3692
f 2177//3693 2176//3693 814//3693
f 2177//3694 814//3694 812//3694
f 2176//3695 2179//3695 815//3695
f 2176//3696 815//3696 814//3696
f 2179//3697 2181//3697 817//3697
f 2179//3698 817//3698 815//3698
f 2181//3699 2183//3699 819//3699
f 2181//3700 819//3700 817//3700
f 2183//3701 2185//3701 821//3701
f 2183//3702 821//3702 819//3702
f 2185//3703 2187//3703 823//3703
f 2185//3704 823//3704 821//3704
f 2187//3705 2189//3705 825//3705
f 2187//3706 825//3706 823//3706
f 2189//3707 2191//3707 827//3707
f 2189//3708 827//3708 825//3708
f 2191//3709 2193//3709 829//3709
f 2191//3710 829//3710 827//3710
f 2193//3711 2195//3711 831//3711
f 2193//3712 831//3712 829//3712
f 2195//3713 2197//3713 833//3713
f 2195//3714 833//3714 831//3714
f 2197//3715 2199//3715 835//3715
f 2197//3716 835//3716 833//3716
f 2199//3717 2201//3717 837//3717
f 2199//3718 837//3718 835//3718
f 2201//3719 2203//3719 839//3719
f 2201//3720 839//3720 837//3720
f 2203//3721 2205//3721 841//3721
f 2203//3722 841//3722 839//3722
f 2205//3723 2207//3723 841//3723
f 841//3724 2207//3724 843//3724
f 843//3725 2207//3725 845//3725
f 845//3726 2207//3726 2209//3726
f 845//3727 2209//3727 2211//3727
f 845//3728 2211//3728 847//3728
f 847//3729 2211//3729 2214//3729
f 847//3730 2214//3730 849//3730
f 617//3731 615//3731 1981//3731
f 307//3732 3535//3732 306//3732
f 306//3732 3535//3732 3534//3732
f 306//3733 3534//3733 305//3733
f 305//3733 3534//3733 3590//3733
f 305//3734 3590//3734 3589//3734
f 305//3734 3589//3734 349//3734
f 349//3735 3589//3735 3588//3735
f 349//3735 3588//3735 350//3735
f 350//3736 3588//3736 3587//3736
f 350//3736 3587//3736 351//3736
f 351//3737 3587//3737 3586//3737
f 351//3737 3586//3737 352//3737
f 352//3738 3586//3738 3585//3738
f 352//3738 3585//3738 353//3738
f 353//3739 3585//3739 3584//3739
f 353//3739 3584//3739 354//3739
f 354//3740 3584//3740 3583//3740
f 354//3740 3583//3740 355//3740
f 355//3741 3583//3741 3582//3741
f 355//3741 3582//3741 356//3741
f 356//3742 3582//3742 3581//3742
f 356//3742 3581//3742 357//3742
f 357//3743 3581//3743 3580//3743
f 357//3743 3580//3743 358//3743
f 358//3744 3580//3744 3579//3744
f 358//3744 3579//3744 359//3744
f 359//3745 3579//3745 3578//3745
f 359//3745 3578//3745 360//3745
f 360//3746 3578//3746 3577//3746
f 360//3746 3577//3746 361//3746
f 361//3747 3577//3747 3576//3747
f 361//3747 3576//3747 348//3747
f 348//3748 3576//3748 3575//3748
f 348//3748 3575//3748 347//3748
f 347//3749 3575//3749 3574//3749
f 347//3749 3574//3749 346//3749
f 346//3750 3574//3750 3573//3750
f 346//3750 3573//3750 345//3750
f 345//3751 3573//3751 3572//3751
f 345//3751 3572//3751 344//3751
f 344//3752 3572//3752 3571//3752
f 344//3752 3571//3752 343//3752
f 343//3753 3571//3753 3570//3753
f 343//3753 3570//3753 342//3753
f 342//3754 3570//3754 3569//3754
f 342//3754 3569//3754 341//3754
f 341//3755 3569//3755 3568//3755
f 341//3755 3568//3755 340//3755
f 340//3756 3568//3756 3567//3756
f 340//3756 3567//3756 339//3756
f 339//3757 3567//3757 3566//3757
f 339//3757 3566//3757 338//3757
f 338//3758 3566//3758 3565//3758
f 338//3758 3565//3758 337//3758
f 337//3759 3565//3759 3564//3759
f 337//3759 3564//3759 336//3759
f 336//3760 3564//3760 3563//3760
f 336//3760 3563//3760 335//3760
f 335//3761 3563//3761 3562//3761
f 335//3761 3562//3761 334//3761
f 334//3762 3562//3762 3561//3762
f 334//3762 3561//3762 333//3762
f 333//3763 3561//3763 3560//3763
f 333//3763 3560//3763 332//3763
f 332//3764 3560//3764 3559//3764
f 332//3764 3559//3764 331//3764
f 331//3765 3559//3765 3558//3765
f 331//3765 3558//3765 330//3765
f 330//3766 3558//3766 3557//3766
f 330//3766 3557//3766 329//3766
f 329//3767 3557//3767 3556//3767
f 329//3767 3556//3767 328//3767
f 328//3768 3556//3768 3555//3768
f 328//3768 3555//3768 327//3768
f 327//3769 3555//3769 3554//3769
f 327//3769 3554//3769 326//3769
f 326//3770 3554//3770 3553//3770
f 326//3770 3553//3770 325//3770
f 325//3771 3553//3771 3552//3771
f 325//3771 3552//3771 324//3771
f 324//3772 3552//3772 3551//3772
f 324//3772 3551//3772 323//3772
f 323//3773 3551//3773 3550//3773
f 323//3773 3550//3773 322//3773
f 322//3774 3550//3774 3549//3774
f 322//3774 3549//3774 321//3774
f 321//3775 3549//3775 3548//3775
f 321//3775 3548//3775 320//3775
f 320//3776 3548//3776 3547//3776
f 320//3776 3547//3776 319//3776
f 319//3777 3547//3777 3546//3777
f 319//3777 3546//3777 318//3777
f 318//3778 3546//3778 3545//3778
f 318//3778 3545//3778 317//3778
f 317//3779 3545//3779 3544//3779
f 317//3779 3544//3779 316//3779
f 316//3780 3544//3780 3543//3780
f 316//3780 3543//3780 315//3780
f 315//3781 3543//3781 3542//3781
f 315//3781 3542//3781 314//3781
f 314//3782 3542//3782 3541//3782
f 314//3782 3541//3782 313//3782
f 313//3783 3541//3783 3540//3783
f 313//3783 3540//3783 312//3783
f 312//3784 3540//3784 3539//3784
f 312//3784 3539//3784 311//3784
f 311//3785 3539//3785 3538//3785
f 311//3785 3538//3785 310//3785
f 310//3786 3538//3786 3537//3786
f 310//3786 3537//3786 309//3786
f 309//3787 3537//3787 3536//3787
f 309//3787 3536//3787 308//3787
f 308//3788 3536//3788 3535//3788
f 308//3788 3535//3788 307//3788
f 3591//423 4005//423 3337//423
f 3337//423 4005//423 4006//423
f 3337//423 4006//423 4007//423
f 3592//423 4043//423 3591//423
f 3591//423 4043//423 4042//423
f 3591//423 4042//423 4041//423
f 3335//423 4056//423 3592//423
f 3592//423 4056//423 4055//423
f 3592//423 4055//423 4054//423
f 3334//423 4018//423 3335//423
f 3335//423 4018//423 4067//423
f 3335//423 4067//423 4066//423
f 3336//423 4030//423 3334//423
f 3334//423 4030//423 4029//423
f 3334//423 4029//423 4028//423
f 3337//423 4017//423 3336//423
f 3336//423 4017//423 3939//423
f 3336//423 3939//423 3938//423
f 4066//423 4065//423 3335//423
f 3335//423 4065//423 4064//423
f 3335//423 4064//423 4063//423
f 4063//423 4062//423 3335//423
f 3335//423 4062//423 4061//423
f 3335//423 4061//423 4060//423
f 4060//423 4059//423 3335//423
f 3335//423 4059//423 4058//423
f 3335//423 4058//423 4057//423
f 4057//423 4056//423 3335//423
f 4054//423 4053//423 3592//423
f 3592//423 4053//423 4052//423
f 3592//423 4052//423 4051//423
f 4051//423 4050//423 3592//423
f 3592//423 4050//423 4049//423
f 3592//423 4049//423 4048//423
f 4048//423 4047//423 3592//423
f 3592//423 4047//423 4046//423
f 3592//423 4046//423 4045//423
f 4045//423 4044//423 3592//423
f 3592//423 4044//423 4043//423
f 4041//423 3992//423 3591//423
f 3591//423 3992//423 3991//423
f 3591//423 3991//423 3994//423
f 3994//423 3996//423 3591//423
f 3591//423 3996//423 3998//423
f 3591//423 3998//423 4000//423
f 4000//423 4002//423 3591//423
f 3591//423 4002//423 4003//423
f 3591//423 4003//423 4004//423
f 4004//423 4005//423 3591//423
f 4007//423 4008//423 3337//423
f 3337//423 4008//423 4009//423
f 3337//423 4009//423 4010//423
f 4010//423 4011//423 3337//423
f 3337//423 4011//423 4012//423
f 3337//423 4012//423 4013//423
f 4013//423 4014//423 3337//423
f 3337//423 4014//423 4015//423
f 3337//423 4015//423 4016//423
f 4016//423 4017//423 3337//423
f 3938//423 4040//423 3336//423
f 3336//423 4040//423 4039//423
f 3336//423 4039//423 4038//423
f 4038//423 4037//423 3336//423
f 3336//423 4037//423 4036//423
f 3336//423 4036//423 4035//423
f 4035//423 4034//423 3336//423
f 3336//423 4034//423 4033//423
f 3336//423 4033//423 4032//423
f 4032//423 4031//423 3336//423
f 3336//423 4031//423 4030//423
f 4028//423 4027//423 3334//423
f 3334//423 4027//423 4026//423
f 3334//423 4026//423 4025//423
f 4025//423 4024//423 3334//423
f 3334//423 4024//423 4023//423
f 3334//423 4023//423 4022//423
f 4022//423 4021//423 3334//423
f 3334//423 4021//423 4020//423
f 3334//423 4020//423 4019//423
f 4019//423 4018//423 3334//423
f 1873//3789 1869//3789 4068//3789
f 4068//3789 1869//3789 3233//3789
f 4068//3789 3233//3789 3237//3789
f 3237//3790 3238//3790 4069//3790
f 3237//3790 4069//3790 4068//3790
f 4068//3790 4069//3790 1875//3790
f 4068//3790 1875//3790 1873//3790
f 3238//3791 3239//3791 4070//3791
f 3238//3791 4070//3791 4069//3791
f 4069//3791 4070//3791 1876//3791
f 4069//3791 1876//3791 1875//3791
f 3239//3792 3240//3792 4071//3792
f 3239//3792 4071//3792 4070//3792
f 4070//3792 4071//3792 1877//3792
f 4070//3792 1877//3792 1876//3792
f 3240//3793 3241//3793 4072//3793
f 3240//3793 4072//3793 4071//3793
f 4071//3793 4072//3793 1878//3793
f 4071//3793 1878//3793 1877//3793
f 3241//3794 3242//3794 4073//3794
f 3241//3794 4073//3794 4072//3794
f 4072//3794 4073//3794 1879//3794
f 4072//3794 1879//3794 1878//3794
f 3242//3795 3243//3795 4074//3795
f 3242//3795 4074//3795 4073//3795
f 4073//3795 4074//3795 1880//3795
f 4073//3795 1880//3795 1879//3795
f 3243//3796 3244//3796 4075//3796
f 3243//3796 4075//3796 4074//3796
f 4074//3796 4075//3796 1881//3796
f 4074//3796 1881//3796 1880//3796
f 3244//3797 3245//3797 4076//3797
f 3244//3797 4076//3797 4075//3797
f 4075//3797 4076//3797 1882//3797
f 4075//3797 1882//3797 1881//3797
f 3245//3798 3246//3798 4077//3798
f 3245//3798 4077//3798 4076//3798
f 4076//3798 4077//3798 1883//3798
f 4076//3798 1883//3798 1882//3798
f 3246//3799 3247//3799 4078//3799
f 3246//3799 4078//3799 4077//3799
f 4077//3799 4078//3799 1884//3799
f 4077//3799 1884//3799 1883//3799
f 3247//3800 3249//3800 4079//3800
f 3247//3800 4079//3800 4078//3800
f 4078//3800 4079//3800 1885//3800
f 4078//3800 1885//3800 1884//3800
f 3249//3801 3251//3801 4080//3801
f 3249//3801 4080//3801 4079//3801
f 4079//3801 4080//3801 1887//3801
f 4079//3801 1887//3801 1885//3801
f 3251//3802 3253//3802 4081//3802
f 3251//3802 4081//3802 4080//3802
f 4080//3802 4081//3802 1889//3802
f 4080//3802 1889//3802 1887//3802
f 3253//3803 3255//3803 4082//3803
f 3253//3803 4082//3803 4081//3803
f 4081//3803 4082//3803 1891//3803
f 4081//3803 1891//3803 1889//3803
f 3255//3804 3257//3804 4083//3804
f 3255//3804 4083//3804 4082//3804
f 4082//3804 4083//3804 1893//3804
f 4082//3804 1893//3804 1891//3804
f 3257//3805 3259//3805 4084//3805
f 3257//3805 4084//3805 4083//3805
f 4083//3805 4084//3805 1895//3805
f 4083//3805 1895//3805 1893//3805
f 3259//3806 3261//3806 4085//3806
f 3259//3806 4085//3806 4084//3806
f 4084//3806 4085//3806 1897//3806
f 4084//3806 1897//3806 1895//3806
f 3261//3807 3263//3807 4086//3807
f 3261//3807 4086//3807 4085//3807
f 4085//3807 4086//3807 1899//3807
f 4085//3807 1899//3807 1897//3807
f 3263//3808 3265//3808 4087//3808
f 3263//3808 4087//3808 4086//3808
f 4086//3808 4087//3808 1902//3808
f 4086//3808 1902//3808 1899//3808
f 3265//3809 3267//3809 4088//3809
f 3265//3809 4088//3809 4087//3809
f 4087//3809 4088//3809 1904//3809
f 4087//3809 1904//3809 1902//3809
f 3267//3810 3269//3810 4089//3810
f 3267//3810 4089//3810 4088//3810
f 4088//3810 4089//3810 1906//3810
f 4088//3810 1906//3810 1904//3810
f 3269//3811 3270//3811 4090//3811
f 3269//3811 4090//3811 4089//3811
f 4089//3811 4090//3811 1907//3811
f 4089//3811 1907//3811 1906//3811
f 3270//3812 3268//3812 4091//3812
f 3270//3812 4091//3812 4090//3812
f 4090//3812 4091//3812 1905//3812
f 4090//3812 1905//3812 1907//3812
f 3268//3813 3266//3813 4092//3813
f 3268//3813 4092//3813 4091//3813
f 4091//3813 4092//3813 1903//3813
f 4091//3813 1903//3813 1905//3813
f 3266//3814 3264//3814 4093//3814
f 3266//3814 4093//3814 4092//3814
f 4092//3814 4093//3814 1901//3814
f 4092//3814 1901//3814 1903//3814
f 3264//3815 3262//3815 4094//3815
f 3264//3815 4094//3815 4093//3815
f 4093//3815 4094//3815 1900//3815
f 4093//3815 1900//3815 1901//3815
f 3262//3816 3260//3816 4095//3816
f 3262//3816 4095//3816 4094//3816
f 4094//3816 4095//3816 1898//3816
f 4094//3816 1898//3816 1900//3816
f 3260//3817 3258//3817 4096//3817
f 3260//3817 4096//3817 4095//3817
f 4095//3817 4096//3817 1896//3817
f 4095//3817 1896//3817 1898//3817
f 3258//3818 3256//3818 4097//3818
f 3258//3818 4097//3818 4096//3818
f 4096//3818 4097//3818 1894//3818
f 4096//3818 1894//3818 1896//3818
f 3256//3819 3254//3819 4098//3819
f 3256//3819 4098//3819 4097//3819
f 4097//3819 4098//3819 1892//3819
f 4097//3819 1892//3819 1894//3819
f 3254//3820 3252//3820 4099//3820
f 3254//3820 4099//3820 4098//3820
f 4098//3820 4099//3820 1890//3820
f 4098//3820 1890//3820 1892//3820
f 3252//3821 3250//3821 4100//3821
f 3252//3821 4100//3821 4099//3821
f 4099//3821 4100//3821 1888//3821
f 4099//3821 1888//3821 1890//3821
f 3250//3822 3248//3822 4101//3822
f 3250//3822 4101//3822 4100//3822
f 4100//3822 4101//3822 1886//3822
f 4100//3822 1886//3822 1888//3822
f 3248//3823 3236//3823 4101//3823
f 4101//3823 3236//3823 1874//3823
f 4101//3823 1874//3823 1886//3823
usemtl mat1
f 1//1 2//1 3//1
# Vertices: 4101, normals: 3823, texture coordinates: 0, faces: 8202

